abertura,open,high,low,close,volume
2026-09-24 07:56:00,776.5,776.51,776.07,776.13,33.275
2026-09-24 07:57:00,776.13,776.19,775.89,775.89,55.355
2026-09-24 07:58:00,775.9,776.01,775.78,775.79,64.193
2026-09-24 07:59:00,775.79,775.85,775.65,775.8,57.455
2026-09-24 08:00:00,775.8,776.13,775.73,775.78,39.82
2026-09-24 08:01:00,775.77,776.42,775.58,776.15,114.822
2026-09-24 08:02:00,776.15,776.16,775.86,775.99,68.25
2026-09-24 08:03:00,776.0,776.12,775.75,775.76,74.839
2026-09-24 08:04:00,775.75,775.81,775.52,775.7,51.372
2026-09-24 08:05:00,775.7,775.71,775.36,775.43,27.326
2026-09-24 08:06:00,775.43,775.45,775.0,775.0,88.383
2026-09-24 08:07:00,775.01,775.01,774.37,774.56,263.151
2026-09-24 08:08:00,774.56,775.18,774.03,774.23,148.668
2026-09-24 08:09:00,774.24,774.44,773.72,774.26,149.854
2026-09-24 08:10:00,774.26,774.46,774.15,774.29,78.514
2026-09-24 08:11:00,774.28,774.29,773.91,773.94,43.712
2026-09-24 08:12:00,773.93,774.02,773.75,773.76,29.553
2026-09-24 08:13:00,773.76,773.95,773.68,773.72,37.48
2026-09-24 08:14:00,773.71,773.96,773.71,773.84,95.749
2026-09-24 08:15:00,773.84,773.84,773.61,773.61,56.429
2026-09-24 08:16:00,773.61,774.18,773.46,774.0,33.691
2026-09-24 08:17:00,774.0,774.55,774.0,774.43,123.433
2026-09-24 08:18:00,774.42,774.43,773.79,774.14,145.264
2026-09-24 08:19:00,774.14,774.34,774.04,774.22,27.412
2026-09-24 08:20:00,774.21,774.21,773.59,773.59,83.547
2026-09-24 08:21:00,773.6,773.6,772.89,772.92,63.457
2026-09-24 08:22:00,772.92,773.46,772.92,773.26,49.786
2026-09-24 08:23:00,773.27,773.62,773.18,773.19,43.036
2026-09-24 08:24:00,773.19,773.41,772.89,773.14,35.982
2026-09-24 08:25:00,773.13,773.29,772.89,772.9,74.113
2026-09-24 08:26:00,772.9,772.9,771.75,771.75,103.907
2026-09-24 08:27:00,771.75,771.86,771.11,771.81,110.522
2026-09-24 08:28:00,771.81,771.81,771.09,771.09,88.862
2026-09-24 08:29:00,771.1,771.1,770.31,770.31,110.755
2026-09-24 08:30:00,770.32,771.04,769.92,770.56,192.65
2026-09-24 08:31:00,770.56,771.14,770.48,770.93,57.67
2026-09-24 08:32:00,770.94,771.24,770.54,771.24,64.147
2026-09-24 08:33:00,771.23,771.35,770.62,771.03,40.553
2026-09-24 08:34:00,771.04,771.14,770.0,770.0,63.712
2026-09-24 08:35:00,770.01,770.28,768.85,770.15,151.643
2026-09-24 08:36:00,770.16,770.52,769.81,770.36,76.767
2026-09-24 08:37:00,770.37,771.33,770.37,770.98,196.607
2026-09-24 08:38:00,770.97,771.06,770.38,770.77,162.748
2026-09-24 08:39:00,770.77,770.97,770.47,770.77,105.525
2026-09-24 08:40:00,770.78,770.97,770.66,770.68,39.2
2026-09-24 08:41:00,770.67,770.68,770.19,770.21,67.936
2026-09-24 08:42:00,770.22,770.32,769.76,769.99,34.088
2026-09-24 08:43:00,769.94,770.11,769.73,769.88,52.583
2026-09-24 08:44:00,769.89,770.0,769.7,769.86,69.55
2026-09-24 08:45:00,769.86,770.28,769.64,769.64,27.889
2026-09-24 08:46:00,769.64,769.84,769.45,769.52,60.963
2026-09-24 08:47:00,769.52,769.52,768.8,769.04,97.429
2026-09-24 08:48:00,769.05,769.12,768.81,769.05,32.628
2026-09-24 08:49:00,769.04,769.04,767.05,767.06,357.63
2026-09-24 08:50:00,767.06,768.0,767.06,767.44,148.994
2026-09-24 08:51:00,767.44,768.75,767.44,768.68,93.99
2026-09-24 08:52:00,768.69,769.13,768.64,768.96,53.354
2026-09-24 08:53:00,768.96,768.96,767.79,768.5,241.214
2026-09-24 08:54:00,768.51,769.29,768.16,769.26,186.344
2026-09-24 08:55:00,769.26,769.26,768.78,769.07,26.99
2026-09-24 08:56:00,769.08,769.33,769.03,769.05,51.974
2026-09-24 08:57:00,769.04,769.16,769.04,769.08,12.795
2026-09-24 08:58:00,769.07,769.52,769.07,769.47,25.107
2026-09-24 08:59:00,769.46,769.92,769.46,769.92,46.576
2026-09-24 09:00:00,769.92,770.77,769.91,770.58,166.408
2026-09-24 09:01:00,770.58,771.15,770.52,770.92,66.168
2026-09-24 09:02:00,770.91,770.91,769.47,769.47,176.983
2026-09-24 09:03:00,769.47,769.66,769.29,769.37,67.811
2026-09-24 09:04:00,769.37,769.58,768.76,768.78,95.879
2026-09-24 09:05:00,768.79,769.67,768.79,769.31,73.648
2026-09-24 09:06:00,769.3,769.3,768.74,769.0,47.837
2026-09-24 09:07:00,769.0,769.9,769.0,769.77,91.263
2026-09-24 09:08:00,769.76,770.19,769.4,770.05,39.826
2026-09-24 09:09:00,770.06,770.34,770.06,770.24,102.298
2026-09-24 09:10:00,770.23,770.33,769.72,769.72,66.215
2026-09-24 09:11:00,769.72,769.72,768.59,768.6,54.538
2026-09-24 09:12:00,768.59,768.59,768.0,768.01,113.398
2026-09-24 09:13:00,767.99,768.46,767.89,768.15,77.458
2026-09-24 09:14:00,768.18,768.27,767.51,767.67,64.217
2026-09-24 09:15:00,767.67,768.08,767.01,767.85,292.738
2026-09-24 09:16:00,767.85,767.85,766.98,767.19,432.316
2026-09-24 09:17:00,767.19,767.78,766.99,767.56,57.328
2026-09-24 09:18:00,767.55,767.71,766.99,767.17,770.671
2026-09-24 09:19:00,767.17,767.48,766.28,767.48,294.312
2026-09-24 09:20:00,767.49,767.73,767.49,767.57,25.878
2026-09-24 09:21:00,767.58,767.58,767.17,767.33,77.627
2026-09-24 09:22:00,767.34,767.45,766.63,766.71,43.597
2026-09-24 09:23:00,766.71,767.17,766.7,766.95,302.145
2026-09-24 09:24:00,766.94,767.17,766.82,766.99,63.33
2026-09-24 09:25:00,767.0,767.28,766.71,767.16,94.011
2026-09-24 09:26:00,767.17,767.17,766.42,767.04,64.295
2026-09-24 09:27:00,767.04,767.51,766.83,767.45,51.475
2026-09-24 09:28:00,767.44,767.52,766.55,766.94,147.093
2026-09-24 09:29:00,766.95,767.05,766.81,766.98,32.478
2026-09-24 09:30:00,766.98,766.99,765.04,765.6,272.508
2026-09-24 09:31:00,765.61,766.03,765.0,765.2,100.269
2026-09-24 09:32:00,765.21,765.21,764.14,764.62,299.257
2026-09-24 09:33:00,764.62,764.84,763.55,764.08,261.104
2026-09-24 09:34:00,764.08,764.45,763.5,763.71,222.666
2026-09-24 09:35:00,763.71,765.4,763.04,765.19,340.42
2026-09-24 09:36:00,765.19,766.7,765.19,766.65,377.281
2026-09-24 09:37:00,766.61,767.32,766.47,767.15,207.498
2026-09-24 09:38:00,767.15,767.15,766.03,766.5,166.578
2026-09-24 09:39:00,766.5,766.59,766.02,766.02,134.279
2026-09-24 09:40:00,766.02,766.75,766.0,766.65,68.992
2026-09-24 09:41:00,766.64,766.77,766.1,766.67,92.758
2026-09-24 09:42:00,766.68,767.36,766.67,767.01,243.458
2026-09-24 09:43:00,767.02,767.02,765.73,765.91,190.941
2026-09-24 09:44:00,765.91,766.11,765.62,766.06,17.19
2026-09-24 09:45:00,766.05,766.52,765.56,765.61,111.939
2026-09-24 09:46:00,765.61,766.29,765.1,766.27,169.906
2026-09-24 09:47:00,766.27,766.39,765.61,766.16,97.985
2026-09-24 09:48:00,766.15,766.39,765.79,766.19,37.662
2026-09-24 09:49:00,766.18,766.53,766.04,766.52,16.358
2026-09-24 09:50:00,766.52,767.31,766.44,767.29,106.329
2026-09-24 09:51:00,767.29,767.54,766.62,766.99,164.933
2026-09-24 09:52:00,767.0,767.54,766.99,767.54,213.762
2026-09-24 09:53:00,767.53,767.89,766.94,767.02,124.93
2026-09-24 09:54:00,767.01,767.01,766.56,766.82,103.915
2026-09-24 09:55:00,766.83,767.07,766.78,767.06,55.727
2026-09-24 09:56:00,767.05,767.05,766.19,766.33,234.284
2026-09-24 09:57:00,766.33,766.33,765.89,765.89,51.338
2026-09-24 09:58:00,765.89,766.45,765.83,766.34,62.669
2026-09-24 09:59:00,766.35,766.52,766.18,766.52,71.295
2026-09-24 10:00:00,766.52,767.16,766.35,767.16,59.667
2026-09-24 10:01:00,767.16,767.44,767.04,767.44,53.27
2026-09-24 10:02:00,767.43,767.44,767.01,767.06,66.647
2026-09-24 10:03:00,767.05,767.32,766.9,767.17,60.578
2026-09-24 10:04:00,767.18,767.28,766.78,766.79,47.042
2026-09-24 10:05:00,766.79,766.85,766.57,766.73,45.909
2026-09-24 10:06:00,766.73,766.73,766.26,766.26,33.976
2026-09-24 10:07:00,766.26,766.55,765.69,766.55,101.098
2026-09-24 10:08:00,766.55,766.56,766.19,766.55,91.663
2026-09-24 10:09:00,766.55,767.09,766.47,766.86,100.059
2026-09-24 10:10:00,766.86,767.3,766.4,767.19,89.021
2026-09-24 10:11:00,767.18,767.7,767.17,767.3,60.647
2026-09-24 10:12:00,767.31,767.31,766.57,766.6,47.268
2026-09-24 10:13:00,766.61,766.69,765.81,766.03,136.334
2026-09-24 10:14:00,766.04,766.96,766.03,766.96,110.063
2026-09-24 10:15:00,766.97,767.12,766.73,767.0,39.233
2026-09-24 10:16:00,766.99,767.41,766.96,767.23,123.066
2026-09-24 10:17:00,767.23,767.28,766.6,766.61,113.879
2026-09-24 10:18:00,766.61,766.69,766.33,766.44,39.666
2026-09-24 10:19:00,766.45,766.55,766.28,766.29,55.794
2026-09-24 10:20:00,766.29,766.59,766.13,766.13,53.782
2026-09-24 10:21:00,766.13,766.14,765.65,765.87,57.8
2026-09-24 10:22:00,765.86,766.11,765.71,766.0,62.736
2026-09-24 10:23:00,765.99,766.75,765.87,766.15,173.422
2026-09-24 10:24:00,766.15,766.55,765.9,765.98,106.451
2026-09-24 10:25:00,765.98,766.21,765.89,766.16,53.806
2026-09-24 10:26:00,766.16,766.57,766.05,766.4,41.915
2026-09-24 10:27:00,766.41,766.41,765.61,765.77,141.412
2026-09-24 10:28:00,765.78,766.14,765.5,765.84,89.016
2026-09-24 10:29:00,765.83,766.57,765.83,766.14,170.076
2026-09-24 10:30:00,766.14,766.14,765.51,765.65,108.151
2026-09-24 10:31:00,765.64,765.72,765.33,765.66,75.655
2026-09-24 10:32:00,765.66,765.78,765.54,765.54,74.133
2026-09-24 10:33:00,765.54,766.08,765.54,765.63,42.442
2026-09-24 10:34:00,765.63,765.87,765.63,765.78,73.059
2026-09-24 10:35:00,765.78,765.85,765.48,765.68,76.929
2026-09-24 10:36:00,765.68,765.68,765.31,765.36,131.248
2026-09-24 10:37:00,765.38,765.85,765.37,765.77,107.518
2026-09-24 10:38:00,765.76,766.31,765.76,766.17,79.586
2026-09-24 10:39:00,766.17,766.57,766.16,766.56,34.72
2026-09-24 10:40:00,766.57,767.28,766.56,767.28,85.089
2026-09-24 10:41:00,767.28,767.7,767.25,767.55,141.225
2026-09-24 10:42:00,767.55,767.7,767.46,767.7,43.833
2026-09-24 10:43:00,767.71,767.84,767.52,767.52,47.232
2026-09-24 10:44:00,767.53,767.53,767.5,767.5,23.55
2026-09-24 10:45:00,767.49,767.49,767.21,767.32,50.417
2026-09-24 10:46:00,767.31,767.36,767.21,767.23,29.879
2026-09-24 10:47:00,767.23,767.48,767.16,767.48,38.615
2026-09-24 10:48:00,767.47,767.79,767.26,767.67,28.851
2026-09-24 10:49:00,767.67,769.04,767.67,768.95,205.276
2026-09-24 10:50:00,768.95,769.56,768.82,768.94,93.209
2026-09-24 10:51:00,768.93,769.13,768.6,768.61,70.389
2026-09-24 10:52:00,768.61,768.61,768.3,768.5,48.738
2026-09-24 10:53:00,768.51,768.73,768.4,768.45,140.671
2026-09-24 10:54:00,768.45,768.5,768.19,768.19,39.637
2026-09-24 10:55:00,768.18,768.18,767.77,768.02,63.276
2026-09-24 10:56:00,768.02,768.06,767.89,767.95,32.87
2026-09-24 10:57:00,767.95,768.36,767.94,768.31,30.11
2026-09-24 10:58:00,768.31,768.63,768.3,768.5,24.258
2026-09-24 10:59:00,768.5,768.5,768.33,768.44,28.748
2026-09-24 11:00:00,768.45,769.17,768.44,769.16,26.214
2026-09-24 11:01:00,769.15,769.3,769.0,769.27,48.413
2026-09-24 11:02:00,769.26,769.26,769.01,769.01,57.103
2026-09-24 11:03:00,769.01,769.38,769.01,769.38,44.833
2026-09-24 11:04:00,769.38,769.57,769.37,769.55,113.333
2026-09-24 11:05:00,769.55,769.55,769.21,769.31,37.079
2026-09-24 11:06:00,769.31,769.43,769.26,769.28,25.015
2026-09-24 11:07:00,769.28,769.54,769.27,769.28,39.195
2026-09-24 11:08:00,769.29,769.43,769.19,769.2,43.083
2026-09-24 11:09:00,769.23,769.99,769.23,769.99,258.609
2026-09-24 11:10:00,769.99,770.46,769.98,770.08,103.257
2026-09-24 11:11:00,770.08,770.43,770.08,770.43,90.984
2026-09-24 11:12:00,770.43,770.46,770.37,770.37,26.762
2026-09-24 11:13:00,770.37,770.42,770.16,770.17,53.293
2026-09-24 11:14:00,770.17,770.45,770.17,770.31,76.107
2026-09-24 11:15:00,770.31,770.83,770.09,770.74,140.01
2026-09-24 11:16:00,770.74,770.93,770.42,770.81,206.212
2026-09-24 11:17:00,770.82,770.9,770.67,770.78,55.245
2026-09-24 11:18:00,770.79,770.85,770.53,770.64,35.891
2026-09-24 11:19:00,770.63,770.91,770.63,770.83,31.713
2026-09-24 11:20:00,770.82,770.89,770.59,770.69,47.408
2026-09-24 11:21:00,770.68,770.69,770.29,770.29,54.924
2026-09-24 11:22:00,770.3,770.6,770.29,770.55,84.555
2026-09-24 11:23:00,770.55,770.56,770.4,770.53,27.494
2026-09-24 11:24:00,770.54,770.68,770.41,770.68,27.583
2026-09-24 11:25:00,770.67,770.68,769.74,769.74,183.613
2026-09-24 11:26:00,769.74,769.98,769.73,769.83,28.834
2026-09-24 11:27:00,769.83,769.83,769.28,769.48,62.667
2026-09-24 11:28:00,769.49,769.49,769.06,769.15,26.385
2026-09-24 11:29:00,769.14,769.15,768.92,768.93,38.911
2026-09-24 11:30:00,768.93,769.6,768.93,769.53,38.291
2026-09-24 11:31:00,769.53,770.01,769.39,769.69,31.742
2026-09-24 11:32:00,769.69,769.94,769.51,769.79,54.295
2026-09-24 11:33:00,769.79,769.97,769.54,769.55,10.492
2026-09-24 11:34:00,769.54,769.82,769.36,769.43,31.99
2026-09-24 11:35:00,769.43,769.53,769.2,769.52,10.798
2026-09-24 11:36:00,769.53,769.53,769.33,769.43,32.866
2026-09-24 11:37:00,769.44,769.73,768.86,768.87,17.616
2026-09-24 11:38:00,768.87,769.08,768.86,769.08,123.491
2026-09-24 11:39:00,769.07,769.07,768.86,769.04,20.902
2026-09-24 11:40:00,769.05,769.3,769.04,769.28,19.901
2026-09-24 11:41:00,769.27,769.28,769.08,769.13,91.05
2026-09-24 11:42:00,769.12,769.13,768.98,768.98,15.896
2026-09-24 11:43:00,768.99,769.31,768.88,769.25,80.392
2026-09-24 11:44:00,769.24,769.31,769.23,769.24,13.148
2026-09-24 11:45:00,769.24,769.24,768.73,768.73,43.377
2026-09-24 11:46:00,768.74,769.21,768.59,769.21,53.226
2026-09-24 11:47:00,769.2,769.24,769.08,769.09,12.542
2026-09-24 11:48:00,769.1,769.22,769.09,769.17,11.116
2026-09-24 11:49:00,769.16,769.21,769.12,769.13,4.411
2026-09-24 11:50:00,769.12,769.55,769.12,769.47,60.95
2026-09-24 11:51:00,769.48,769.57,769.29,769.41,13.024
2026-09-24 11:52:00,769.4,769.54,768.55,768.63,139.917
2026-09-24 11:53:00,768.63,768.79,768.62,768.75,11.238
2026-09-24 11:54:00,768.76,768.95,768.75,768.87,24.9
2026-09-24 11:55:00,768.86,769.15,768.86,769.08,29.693
2026-09-24 11:56:00,769.07,769.08,768.77,768.93,115.353
2026-09-24 11:57:00,768.92,769.21,768.92,769.2,14.609
2026-09-24 11:58:00,769.21,769.72,769.2,769.72,25.835
2026-09-24 11:59:00,769.72,770.28,769.57,769.98,224.667
2026-09-24 12:00:00,769.97,770.15,769.73,769.75,44.736
2026-09-24 12:01:00,769.75,769.75,769.01,769.01,78.766
2026-09-24 12:02:00,769.02,769.66,768.85,769.46,39.918
2026-09-24 12:03:00,769.46,769.75,769.45,769.47,31.863
2026-09-24 12:04:00,769.46,769.7,769.29,769.37,27.172
2026-09-24 12:05:00,769.37,769.63,769.32,769.63,11.972
2026-09-24 12:06:00,769.63,769.63,769.44,769.61,117.895
2026-09-24 12:07:00,769.61,769.84,769.5,769.83,30.047
2026-09-24 12:08:00,769.83,770.91,769.67,770.91,58.982
2026-09-24 12:09:00,770.9,770.91,770.56,770.82,32.191
2026-09-24 12:10:00,770.83,771.2,770.45,771.03,360.055
2026-09-24 12:11:00,771.04,771.21,770.96,770.97,17.886
2026-09-24 12:12:00,770.96,771.2,770.82,770.82,28.415
2026-09-24 12:13:00,770.82,770.83,770.42,770.42,25.412
2026-09-24 12:14:00,770.43,770.65,770.42,770.53,17.647
2026-09-24 12:15:00,770.52,770.87,770.36,770.71,59.413
2026-09-24 12:16:00,770.77,770.81,770.52,770.73,35.591
2026-09-24 12:17:00,770.75,770.87,770.44,770.58,32.524
2026-09-24 12:18:00,770.57,770.6,770.11,770.14,31.205
2026-09-24 12:19:00,770.14,770.2,770.0,770.17,48.631
2026-09-24 12:20:00,770.17,770.75,770.16,770.75,22.433
2026-09-24 12:21:00,770.76,770.89,770.75,770.81,51.993
2026-09-24 12:22:00,770.81,770.99,770.8,770.97,19.911
2026-09-24 12:23:00,770.98,770.99,770.9,770.91,60.012
2026-09-24 12:24:00,770.9,771.28,770.73,771.28,206.8
2026-09-24 12:25:00,771.27,771.28,770.61,771.08,80.407
2026-09-24 12:26:00,771.08,771.08,770.67,770.67,31.077
2026-09-24 12:27:00,770.66,771.0,770.66,771.0,13.259
2026-09-24 12:28:00,770.99,771.0,770.73,770.94,23.189
2026-09-24 12:29:00,770.93,770.94,770.93,770.93,12.358
2026-09-24 12:30:00,770.94,771.78,770.94,771.63,184.141
2026-09-24 12:31:00,771.63,771.63,771.12,771.12,58.082
2026-09-24 12:32:00,771.13,771.13,770.73,770.75,203.574
2026-09-24 12:33:00,770.75,770.75,770.34,770.55,53.573
2026-09-24 12:34:00,770.54,770.84,770.45,770.76,37.088
2026-09-24 12:35:00,770.76,770.82,769.88,769.94,54.483
2026-09-24 12:36:00,769.93,770.04,769.57,769.95,52.2
2026-09-24 12:37:00,769.96,770.64,769.95,770.64,44.024
2026-09-24 12:38:00,770.63,770.81,770.46,770.46,48.961
2026-09-24 12:39:00,770.42,770.44,769.86,770.2,65.811
2026-09-24 12:40:00,770.2,770.74,770.2,770.46,387.21
2026-09-24 12:41:00,770.47,770.57,770.14,770.43,59.83
2026-09-24 12:42:00,770.44,770.81,770.44,770.62,17.24
2026-09-24 12:43:00,770.6,770.64,770.19,770.19,14.973
2026-09-24 12:44:00,770.21,770.68,770.14,770.68,91.411
2026-09-24 12:45:00,770.68,770.75,770.48,770.48,24.243
2026-09-24 12:46:00,770.48,770.51,770.26,770.47,18.329
2026-09-24 12:47:00,770.47,770.49,770.15,770.23,13.607
2026-09-24 12:48:00,770.22,770.69,770.21,770.52,24.324
2026-09-24 12:49:00,770.52,770.52,770.12,770.13,31.83
2026-09-24 12:50:00,770.13,770.13,769.67,769.73,39.866
2026-09-24 12:51:00,769.73,770.29,769.73,770.19,81.556
2026-09-24 12:52:00,770.19,770.28,770.11,770.28,36.124
2026-09-24 12:53:00,770.27,770.31,770.08,770.1,129.318
2026-09-24 12:54:00,770.09,770.53,770.09,770.53,19.235
2026-09-24 12:55:00,770.53,770.63,770.48,770.63,45.979
2026-09-24 12:56:00,770.62,770.83,770.53,770.82,43.023
2026-09-24 12:57:00,770.82,771.45,770.82,771.36,21.315
2026-09-24 12:58:00,771.35,771.35,771.16,771.31,16.874
2026-09-24 12:59:00,771.31,771.31,771.12,771.22,154.097
2026-09-24 13:00:00,771.22,772.0,771.22,772.0,28.032
2026-09-24 13:01:00,772.0,772.37,771.65,771.65,107.59
2026-09-24 13:02:00,771.65,772.08,771.65,772.06,66.874
2026-09-24 13:03:00,772.07,772.47,772.06,772.37,38.522
2026-09-24 13:04:00,772.38,772.57,772.35,772.35,50.757
2026-09-24 13:05:00,772.34,772.35,772.29,772.34,148.619
2026-09-24 13:06:00,772.34,772.51,772.34,772.34,28.563
2026-09-24 13:07:00,772.35,772.52,772.29,772.52,254.757
2026-09-24 13:08:00,772.52,772.61,772.3,772.61,12.626
2026-09-24 13:09:00,772.62,772.99,772.62,772.99,50.207
2026-09-24 13:10:00,773.0,773.22,772.99,773.18,106.383
2026-09-24 13:11:00,773.18,773.72,773.18,773.51,166.95
2026-09-24 13:12:00,773.53,773.7,773.51,773.53,80.105
2026-09-24 13:13:00,773.52,774.09,773.42,774.08,70.098
2026-09-24 13:14:00,774.09,774.53,774.09,774.52,121.25
2026-09-24 13:15:00,774.52,774.53,774.23,774.33,87.21
2026-09-24 13:16:00,774.33,774.53,774.23,774.3,54.483
2026-09-24 13:17:00,774.31,774.46,774.26,774.31,34.907
2026-09-24 13:18:00,774.32,774.78,774.32,774.77,156.071
2026-09-24 13:19:00,774.77,775.46,774.71,775.45,149.953
2026-09-24 13:20:00,775.45,775.55,775.19,775.51,146.355
2026-09-24 13:21:00,775.51,775.51,774.53,774.69,86.981
2026-09-24 13:22:00,774.69,774.96,774.42,774.68,76.184
2026-09-24 13:23:00,774.68,774.8,774.4,774.79,92.53
2026-09-24 13:24:00,774.79,774.91,774.68,774.82,62.119
2026-09-24 13:25:00,774.81,775.01,774.53,774.96,93.825
2026-09-24 13:26:00,774.96,775.09,774.95,774.99,75.987
2026-09-24 13:27:00,774.99,775.18,774.79,774.92,91.352
2026-09-24 13:28:00,774.91,775.1,774.91,774.99,49.891
2026-09-24 13:29:00,775.0,775.01,774.58,774.58,64.851
2026-09-24 13:30:00,774.58,774.97,774.11,774.97,279.388
2026-09-24 13:31:00,774.97,776.49,774.84,776.25,384.645
2026-09-24 13:32:00,776.25,778.0,776.25,776.71,269.116
2026-09-24 13:33:00,776.72,777.56,776.64,776.66,121.889
2026-09-24 13:34:00,776.65,776.94,776.28,776.55,104.355
2026-09-24 13:35:00,776.54,776.6,775.29,775.57,103.715
2026-09-24 13:36:00,775.58,775.76,775.36,775.61,44.418
2026-09-24 13:37:00,775.61,776.06,775.33,776.06,292.684
2026-09-24 13:38:00,776.05,777.05,776.0,776.55,162.009
2026-09-24 13:39:00,776.54,777.34,776.28,777.01,92.887
2026-09-24 13:40:00,777.0,777.08,775.91,775.91,38.326
2026-09-24 13:41:00,775.89,775.89,775.0,775.01,110.401
2026-09-24 13:42:00,775.01,775.31,774.71,775.22,103.217
2026-09-24 13:43:00,775.22,775.79,775.21,775.52,100.86
2026-09-24 13:44:00,775.52,775.53,775.22,775.32,50.871
2026-09-24 13:45:00,775.32,775.62,775.22,775.31,76.54
2026-09-24 13:46:00,775.32,775.61,775.11,775.32,45.407
2026-09-24 13:47:00,775.36,775.85,775.24,775.79,76.838
2026-09-24 13:48:00,775.74,775.79,775.18,775.36,96.186
2026-09-24 13:49:00,775.37,775.37,775.0,775.11,62.819
2026-09-24 13:50:00,775.11,775.44,774.91,775.36,66.818
2026-09-24 13:51:00,775.35,775.37,775.12,775.12,47.477
2026-09-24 13:52:00,775.2,775.48,775.13,775.29,26.455
2026-09-24 13:53:00,775.28,775.28,774.91,774.91,18.577
2026-09-24 13:54:00,774.92,775.83,774.92,775.83,83.586
2026-09-24 13:55:00,775.82,776.84,775.79,776.62,223.117
2026-09-24 13:56:00,776.61,776.84,776.54,776.72,61.26
2026-09-24 13:57:00,776.72,776.74,776.62,776.65,70.394
2026-09-24 13:58:00,776.66,776.88,776.57,776.87,119.516
2026-09-24 13:59:00,776.87,777.24,776.87,777.24,260.75
2026-09-24 14:00:00,777.25,777.82,776.88,777.51,539.13
2026-09-24 14:01:00,777.51,777.81,777.12,777.27,120.951
2026-09-24 14:02:00,777.28,778.14,777.13,777.62,129.317
2026-09-24 14:03:00,777.62,777.69,777.2,777.69,120.486
2026-09-24 14:04:00,777.69,778.19,777.68,778.19,148.062
2026-09-24 14:05:00,778.19,778.28,778.0,778.27,425.365
2026-09-24 14:06:00,778.27,779.31,778.27,779.15,280.786
2026-09-24 14:07:00,779.14,779.68,779.13,779.46,184.345
2026-09-24 14:08:00,779.46,779.66,779.0,779.37,77.29
2026-09-24 14:09:00,779.37,779.37,778.76,778.76,70.09
2026-09-24 14:10:00,778.77,779.56,778.4,779.37,102.785
2026-09-24 14:11:00,779.37,779.43,778.63,778.64,119.402
2026-09-24 14:12:00,778.63,778.88,777.8,777.81,274.913
2026-09-24 14:13:00,777.8,778.0,777.31,777.78,583.773
2026-09-24 14:14:00,777.78,777.78,777.52,777.53,42.358
2026-09-24 14:15:00,777.54,777.54,776.9,776.91,66.976
2026-09-24 14:16:00,776.9,777.73,776.9,777.73,87.22
2026-09-24 14:17:00,777.72,778.26,777.4,777.79,444.202
2026-09-24 14:18:00,777.8,777.85,777.36,777.37,157.08
2026-09-24 14:19:00,777.37,777.89,777.37,777.57,48.209
2026-09-24 14:20:00,777.6,777.88,777.15,777.54,64.952
2026-09-24 14:21:00,777.53,778.58,777.44,778.31,362.553
2026-09-24 14:22:00,778.32,778.71,778.3,778.7,121.775
2026-09-24 14:23:00,778.7,779.15,778.43,779.15,87.662
2026-09-24 14:24:00,779.16,779.64,779.16,779.45,71.724
2026-09-24 14:25:00,779.45,780.12,779.41,780.12,173.051
2026-09-24 14:26:00,780.12,780.78,780.12,780.4,180.56
2026-09-24 14:27:00,780.41,781.5,780.26,781.49,425.946
2026-09-24 14:28:00,781.48,782.74,781.33,782.54,358.924
2026-09-24 14:29:00,782.54,783.0,782.12,782.49,188.86
2026-09-24 14:30:00,782.48,782.54,780.81,782.16,410.834
2026-09-24 14:31:00,782.17,783.38,781.83,783.25,1110.932
2026-09-24 14:32:00,783.25,783.76,782.91,783.13,254.216
2026-09-24 14:33:00,783.04,783.21,782.74,782.74,194.835
2026-09-24 14:34:00,782.74,783.0,782.31,782.97,150.475
2026-09-24 14:35:00,782.97,782.99,782.59,782.75,268.05
2026-09-24 14:36:00,782.74,782.74,781.8,781.86,486.666
2026-09-24 14:37:00,781.86,782.31,781.29,781.31,188.636
2026-09-24 14:38:00,781.3,781.67,781.3,781.3,99.204
2026-09-24 14:39:00,781.3,781.31,780.48,781.05,194.069
2026-09-24 14:40:00,781.03,781.33,780.98,781.24,83.984
2026-09-24 14:41:00,781.24,781.25,780.69,780.7,186.86
2026-09-24 14:42:00,780.7,781.5,780.66,781.29,154.432
2026-09-24 14:43:00,781.29,781.3,781.1,781.11,93.555
2026-09-24 14:44:00,781.1,781.24,780.94,780.95,538.526
2026-09-24 14:45:00,780.95,780.95,779.77,780.28,185.834
2026-09-24 14:46:00,780.27,780.73,780.11,780.31,135.064
2026-09-24 14:47:00,780.3,780.44,780.09,780.29,574.093
2026-09-24 14:48:00,780.28,780.29,778.2,778.2,413.854
2026-09-24 14:49:00,778.21,778.79,776.83,776.83,364.377
2026-09-24 14:50:00,776.82,778.36,776.14,776.43,410.271
2026-09-24 14:51:00,776.43,778.18,776.06,777.55,256.742
2026-09-24 14:52:00,777.54,777.64,775.93,775.96,608.499
2026-09-24 14:53:00,775.95,777.51,774.5,777.17,356.145
2026-09-24 14:54:00,777.17,778.14,777.17,777.85,249.135
2026-09-24 14:55:00,777.85,778.17,777.32,777.94,74.222
2026-09-24 14:56:00,777.94,778.64,777.82,777.92,187.976
2026-09-24 14:57:00,777.9,777.9,776.83,776.87,143.304
2026-09-24 14:58:00,776.87,777.79,776.85,777.54,58.816
2026-09-24 14:59:00,777.54,777.63,777.06,777.46,82.139
2026-09-24 15:00:00,777.47,777.75,776.3,777.75,203.113
2026-09-24 15:01:00,777.75,778.48,777.75,777.91,140.453
2026-09-24 15:02:00,777.9,777.9,776.23,776.23,96.816
2026-09-24 15:03:00,776.23,777.44,776.06,777.42,88.269
2026-09-24 15:04:00,777.41,778.16,777.28,777.8,79.155
2026-09-24 15:05:00,777.8,778.49,777.63,777.85,66.561
2026-09-24 15:06:00,777.85,778.57,777.85,778.56,79.716
2026-09-24 15:07:00,778.56,778.56,777.88,777.98,87.501
2026-09-24 15:08:00,777.98,778.41,777.92,778.4,90.565
2026-09-24 15:09:00,778.39,778.49,777.66,777.79,31.442
2026-09-24 15:10:00,777.79,777.96,777.17,777.18,66.17
2026-09-24 15:11:00,777.18,777.79,776.75,777.78,198.409
2026-09-24 15:12:00,777.78,777.83,777.31,777.31,77.622
2026-09-24 15:13:00,777.31,777.59,776.74,777.32,41.624
2026-09-24 15:14:00,777.31,777.45,776.82,777.32,69.675
2026-09-24 15:15:00,777.32,778.0,777.15,777.67,77.267
2026-09-24 15:16:00,777.67,778.31,777.53,777.99,66.778
2026-09-24 15:17:00,777.99,778.75,777.99,778.32,103.042
2026-09-24 15:18:00,778.31,778.31,777.52,777.68,35.887
2026-09-24 15:19:00,777.69,778.72,777.69,778.72,44.797
2026-09-24 15:20:00,778.72,779.08,778.53,779.0,62.564
2026-09-24 15:21:00,779.0,779.46,779.0,779.33,59.166
2026-09-24 15:22:00,779.33,779.42,778.81,779.03,105.625
2026-09-24 15:23:00,779.04,779.54,779.03,779.54,63.325
2026-09-24 15:24:00,779.53,780.3,779.53,780.2,73.51
2026-09-24 15:25:00,780.19,780.33,779.21,779.34,55.688
2026-09-24 15:26:00,779.34,779.72,779.12,779.44,97.575
2026-09-24 15:27:00,779.44,780.11,779.43,779.97,104.78
2026-09-24 15:28:00,779.97,780.12,779.75,779.76,46.62
2026-09-24 15:29:00,779.76,779.98,779.7,779.86,92.108
2026-09-24 15:30:00,779.85,780.24,779.71,779.71,55.572
2026-09-24 15:31:00,779.71,780.24,779.7,780.23,70.956
2026-09-24 15:32:00,780.23,780.69,779.88,780.64,266.516
2026-09-24 15:33:00,780.65,780.88,780.31,780.32,84.506
2026-09-24 15:34:00,780.31,781.0,780.12,780.85,321.976
2026-09-24 15:35:00,780.85,781.96,780.85,781.48,332.822
2026-09-24 15:36:00,781.48,781.84,781.44,781.84,690.622
2026-09-24 15:37:00,781.84,782.72,781.71,782.35,149.765
2026-09-24 15:38:00,782.34,782.48,781.76,781.77,120.621
2026-09-24 15:39:00,781.76,781.87,781.34,781.39,91.325
2026-09-24 15:40:00,781.39,781.52,781.11,781.28,80.036
2026-09-24 15:41:00,781.28,781.61,780.83,781.01,311.296
2026-09-24 15:42:00,781.01,781.01,780.34,780.57,82.076
2026-09-24 15:43:00,780.56,780.7,780.44,780.6,90.295
2026-09-24 15:44:00,780.6,781.41,780.51,781.25,83.649
2026-09-24 15:45:00,781.25,781.49,780.79,780.88,85.744
2026-09-24 15:46:00,780.88,780.93,780.64,780.64,173.194
2026-09-24 15:47:00,780.63,780.74,780.34,780.59,75.194
2026-09-24 15:48:00,780.58,780.9,780.21,780.21,66.965
2026-09-24 15:49:00,780.21,780.48,779.99,780.37,68.606
2026-09-24 15:50:00,780.37,780.47,780.03,780.04,107.159
2026-09-24 15:51:00,780.04,780.14,779.91,780.07,107.316
2026-09-24 15:52:00,780.07,780.66,779.91,780.05,140.977
2026-09-24 15:53:00,780.05,780.71,780.05,780.38,63.783
2026-09-24 15:54:00,780.38,780.66,780.17,780.65,77.595
2026-09-24 15:55:00,780.66,780.7,780.37,780.5,79.424
2026-09-24 15:56:00,780.5,780.8,780.4,780.48,88.583
2026-09-24 15:57:00,780.49,780.61,780.29,780.48,102.328
2026-09-24 15:58:00,780.48,780.61,780.37,780.47,73.007
2026-09-24 15:59:00,780.48,780.69,780.18,780.54,200.689
2026-09-24 16:00:00,780.55,780.76,778.82,778.87,153.943
2026-09-24 16:01:00,778.88,780.14,778.87,779.95,126.851
2026-09-24 16:02:00,779.95,780.06,779.69,779.74,56.906
2026-09-24 16:03:00,779.73,779.74,779.31,779.5,69.815
2026-09-24 16:04:00,779.5,779.57,778.87,779.5,131.489
2026-09-24 16:05:00,779.49,779.87,779.35,779.85,46.199
2026-09-24 16:06:00,779.84,780.09,779.46,779.47,42.885
2026-09-24 16:07:00,779.46,779.47,778.92,778.93,104.56
2026-09-24 16:08:00,778.93,779.7,778.82,779.69,131.383
2026-09-24 16:09:00,779.69,779.89,779.55,779.89,110.492
2026-09-24 16:10:00,779.89,780.04,779.64,779.64,38.781
2026-09-24 16:11:00,779.64,779.64,778.39,779.01,109.408
2026-09-24 16:12:00,779.01,779.18,778.39,778.46,98.558
2026-09-24 16:13:00,778.45,778.92,778.39,778.92,64.518
2026-09-24 16:14:00,778.91,780.35,778.8,780.35,110.264
2026-09-24 16:15:00,780.35,781.74,780.13,781.31,408.398
2026-09-24 16:16:00,781.32,783.43,781.09,783.24,552.774
2026-09-24 16:17:00,783.22,783.97,783.02,783.67,178.953
2026-09-24 16:18:00,783.67,784.11,782.08,782.41,766.602
2026-09-24 16:19:00,782.4,782.93,782.25,782.81,629.62
2026-09-24 16:20:00,782.81,783.99,782.71,783.61,160.636
2026-09-24 16:21:00,783.61,784.44,783.55,783.95,216.875
2026-09-24 16:22:00,783.96,784.41,783.39,784.0,416.745
2026-09-24 16:23:00,784.0,784.62,784.0,784.38,439.86
2026-09-24 16:24:00,784.38,784.38,783.68,783.83,434.497
2026-09-24 16:25:00,783.83,784.0,783.02,783.24,610.417
2026-09-24 16:26:00,783.25,784.62,783.25,784.51,296.848
2026-09-24 16:27:00,784.5,785.07,784.18,784.98,643.85
2026-09-24 16:28:00,784.97,785.7,784.72,785.6,316.053
2026-09-24 16:29:00,785.6,785.71,784.89,784.93,566.161
2026-09-24 16:30:00,784.95,784.96,783.97,783.98,139.228
2026-09-24 16:31:00,783.98,784.02,782.92,782.97,328.173
2026-09-24 16:32:00,782.96,783.18,782.76,782.81,156.054
2026-09-24 16:33:00,782.81,782.89,782.61,782.87,129.745
2026-09-24 16:34:00,782.87,782.94,782.69,782.69,112.002
2026-09-24 16:35:00,782.68,783.28,782.43,783.23,605.414
2026-09-24 16:36:00,783.23,783.87,783.22,783.35,106.81
2026-09-24 16:37:00,783.34,783.35,782.7,782.87,55.537
2026-09-24 16:38:00,782.87,783.46,782.86,783.24,103.52
2026-09-24 16:39:00,783.24,784.35,783.24,784.26,633.291
2026-09-24 16:40:00,784.27,785.27,784.13,784.93,195.812
2026-09-24 16:41:00,784.94,785.99,784.93,785.92,279.156
2026-09-24 16:42:00,785.92,786.29,785.47,785.74,430.553
2026-09-24 16:43:00,785.75,785.75,784.59,784.73,146.422
2026-09-24 16:44:00,784.74,784.82,783.13,783.14,298.033
2026-09-24 16:45:00,783.15,783.23,782.6,782.98,108.578
2026-09-24 16:46:00,782.99,783.37,782.81,783.26,78.702
2026-09-24 16:47:00,783.27,783.39,782.89,783.39,222.178
2026-09-24 16:48:00,783.4,783.6,782.92,782.93,142.401
2026-09-24 16:49:00,782.92,782.93,782.44,782.75,473.568
2026-09-24 16:50:00,782.75,782.83,781.79,781.98,190.31
2026-09-24 16:51:00,781.97,782.0,781.86,781.9,66.532
2026-09-24 16:52:00,781.91,781.91,781.33,781.33,90.997
2026-09-24 16:53:00,781.34,781.59,781.08,781.17,41.621
2026-09-24 16:54:00,781.17,781.5,780.96,781.24,123.063
2026-09-24 16:55:00,781.25,781.34,780.64,780.64,86.021
2026-09-24 16:56:00,780.63,781.06,780.45,781.05,52.897
2026-09-24 16:57:00,781.04,781.38,781.02,781.12,45.137
2026-09-24 16:58:00,781.12,781.53,781.11,781.41,170.499
2026-09-24 16:59:00,781.41,781.41,781.19,781.24,32.682
2026-09-24 17:00:00,781.24,781.24,780.19,780.26,118.227
2026-09-24 17:01:00,780.26,781.19,780.13,781.08,123.728
2026-09-24 17:02:00,781.07,781.07,780.0,781.03,152.779
2026-09-24 17:03:00,781.04,781.33,780.9,780.9,43.705
2026-09-24 17:04:00,780.89,780.89,780.15,780.41,96.975
2026-09-24 17:05:00,780.41,780.78,780.08,780.08,66.581
2026-09-24 17:06:00,780.09,780.14,779.64,779.77,86.089
2026-09-24 17:07:00,779.77,780.12,779.66,780.07,51.01
2026-09-24 17:08:00,780.06,780.28,779.76,780.27,74.282
2026-09-24 17:09:00,780.28,780.33,779.88,780.1,49.242
2026-09-24 17:10:00,780.1,780.23,779.39,780.08,71.824
2026-09-24 17:11:00,780.07,780.14,779.51,780.14,66.383
2026-09-24 17:12:00,780.14,780.14,779.78,779.94,20.199
2026-09-24 17:13:00,779.93,780.13,779.79,780.13,41.518
2026-09-24 17:14:00,780.13,780.56,780.13,780.22,67.817
2026-09-24 17:15:00,780.2,780.2,779.59,779.92,98.015
2026-09-24 17:16:00,779.93,780.77,779.93,780.41,104.412
2026-09-24 17:17:00,780.42,780.67,779.82,779.82,30.564
2026-09-24 17:18:00,779.8,780.51,779.59,780.11,41.778
2026-09-24 17:19:00,780.1,780.13,779.56,779.59,60.497
2026-09-24 17:20:00,779.58,779.85,779.28,779.73,48.131
2026-09-24 17:21:00,779.73,780.28,779.72,779.93,24.476
2026-09-24 17:22:00,779.94,780.14,779.62,779.62,50.595
2026-09-24 17:23:00,779.63,779.63,779.0,779.32,408.407
2026-09-24 17:24:00,779.31,779.49,779.17,779.33,18.047
2026-09-24 17:25:00,779.32,779.49,779.24,779.38,37.511
2026-09-24 17:26:00,779.37,779.7,779.26,779.39,34.244
2026-09-24 17:27:00,779.4,779.69,779.4,779.68,18.524
2026-09-24 17:28:00,779.68,779.85,779.61,779.77,23.942
2026-09-24 17:29:00,779.77,780.3,779.77,780.16,33.455
2026-09-24 17:30:00,780.17,780.35,780.11,780.35,29.612
2026-09-24 17:31:00,780.34,780.57,780.23,780.23,34.423
2026-09-24 17:32:00,780.23,780.23,779.73,780.15,26.962
2026-09-24 17:33:00,780.16,780.16,779.6,779.85,35.046
2026-09-24 17:34:00,779.85,779.89,779.36,779.36,29.692
2026-09-24 17:35:00,779.37,779.95,779.11,779.53,19.541
2026-09-24 17:36:00,779.53,779.88,779.51,779.8,23.248
2026-09-24 17:37:00,779.78,779.78,779.05,779.05,52.692
2026-09-24 17:38:00,779.05,779.1,778.44,778.71,102.559
2026-09-24 17:39:00,778.71,779.51,778.71,779.33,27.374
2026-09-24 17:40:00,779.32,779.33,778.88,779.1,78.711
2026-09-24 17:41:00,779.1,779.29,778.81,779.05,37.878
2026-09-24 17:42:00,779.04,779.45,779.02,779.23,46.875
2026-09-24 17:43:00,779.23,779.23,778.01,778.26,63.305
2026-09-24 17:44:00,778.25,778.64,778.17,778.63,44.606
2026-09-24 17:45:00,778.64,778.84,778.22,778.84,45.969
2026-09-24 17:46:00,778.84,779.04,778.76,779.0,8.506
2026-09-24 17:47:00,779.0,779.39,778.76,779.39,11.885
2026-09-24 17:48:00,779.4,779.45,779.28,779.33,20.629
2026-09-24 17:49:00,779.33,779.42,779.04,779.04,44.48
2026-09-24 17:50:00,779.05,779.45,779.04,779.43,21.978
2026-09-24 17:51:00,779.42,779.43,778.78,778.98,39.486
2026-09-24 17:52:00,778.99,779.13,778.7,778.7,20.897
2026-09-24 17:53:00,778.71,778.77,778.34,778.34,13.634
2026-09-24 17:54:00,778.34,778.34,777.89,777.96,34.351
2026-09-24 17:55:00,777.96,778.22,777.92,778.17,46.258
2026-09-24 17:56:00,778.17,778.57,778.09,778.47,29.035
2026-09-24 17:57:00,778.47,778.92,778.46,778.62,57.619
2026-09-24 17:58:00,778.63,778.77,778.62,778.77,16.569
2026-09-24 17:59:00,778.78,778.9,778.46,778.6,111.517
2026-09-24 18:00:00,778.6,778.6,778.13,778.5,26.254
2026-09-24 18:01:00,778.49,778.5,778.02,778.13,14.142
2026-09-24 18:02:00,778.13,778.13,777.21,777.35,72.939
2026-09-24 18:03:00,777.35,777.35,776.68,776.77,85.115
2026-09-24 18:04:00,776.76,776.94,776.2,776.47,188.431
2026-09-24 18:05:00,776.48,776.89,776.41,776.75,53.378
2026-09-24 18:06:00,776.75,777.69,776.6,777.48,33.171
2026-09-24 18:07:00,777.51,777.64,777.25,777.61,29.919
2026-09-24 18:08:00,777.61,778.8,777.6,778.79,127.492
2026-09-24 18:09:00,778.78,779.15,778.7,779.06,62.258
2026-09-24 18:10:00,779.06,779.54,778.88,779.54,47.617
2026-09-24 18:11:00,779.53,779.7,779.07,779.19,104.971
2026-09-24 18:12:00,779.19,779.19,778.96,778.97,14.286
2026-09-24 18:13:00,778.97,779.05,778.6,778.71,29.454
2026-09-24 18:14:00,778.7,779.26,778.7,779.26,29.261
2026-09-24 18:15:00,779.26,779.55,779.12,779.46,44.1
2026-09-24 18:16:00,779.47,779.95,779.46,779.76,35.868
2026-09-24 18:17:00,779.75,780.1,779.75,779.81,57.351
2026-09-24 18:18:00,779.81,780.09,779.76,779.94,39.207
2026-09-24 18:19:00,779.94,779.98,779.86,779.96,19.788
2026-09-24 18:20:00,779.96,780.05,779.61,780.05,35.55
2026-09-24 18:21:00,780.05,780.35,780.04,780.08,43.697
2026-09-24 18:22:00,780.09,780.24,780.02,780.13,27.168
2026-09-24 18:23:00,780.13,780.21,780.09,780.21,24.608
2026-09-24 18:24:00,780.21,780.21,780.0,780.1,20.814
2026-09-24 18:25:00,780.1,780.74,780.09,780.17,85.65
2026-09-24 18:26:00,780.17,780.72,780.17,780.33,67.411
2026-09-24 18:27:00,780.32,780.63,780.32,780.47,112.86
2026-09-24 18:28:00,780.48,780.73,780.48,780.64,31.052
2026-09-24 18:29:00,780.64,780.64,780.22,780.22,84.578
2026-09-24 18:30:00,780.24,780.8,780.23,780.66,35.672
2026-09-24 18:31:00,780.66,780.66,780.18,780.28,24.946
2026-09-24 18:32:00,780.28,780.63,779.94,779.95,120.703
2026-09-24 18:33:00,779.95,780.09,779.86,780.0,33.936
2026-09-24 18:34:00,780.0,780.21,779.96,779.96,35.021
2026-09-24 18:35:00,779.96,779.96,779.36,779.37,36.463
2026-09-24 18:36:00,779.37,780.07,779.37,779.4,28.235
2026-09-24 18:37:00,779.4,780.06,779.39,779.49,105.345
2026-09-24 18:38:00,779.48,781.04,779.48,780.82,108.787
2026-09-24 18:39:00,780.82,781.37,780.31,780.39,102.528
2026-09-24 18:40:00,780.39,780.39,780.16,780.27,25.628
2026-09-24 18:41:00,780.26,780.26,780.01,780.06,74.029
2026-09-24 18:42:00,780.05,780.1,779.87,780.05,28.694
2026-09-24 18:43:00,780.06,780.19,779.85,779.97,39.809
2026-09-24 18:44:00,779.97,780.2,779.97,779.98,32.502
2026-09-24 18:45:00,779.97,780.23,779.97,779.99,36.193
2026-09-24 18:46:00,779.99,780.13,779.98,780.05,27.062
2026-09-24 18:47:00,780.06,780.25,780.05,780.06,28.288
2026-09-24 18:48:00,780.06,780.45,780.06,780.45,25.934
2026-09-24 18:49:00,780.45,780.96,780.37,780.94,52.893
2026-09-24 18:50:00,780.93,781.76,780.93,781.61,48.326
2026-09-24 18:51:00,781.61,781.67,781.1,781.37,42.87
2026-09-24 18:52:00,781.37,781.37,781.23,781.26,25.254
2026-09-24 18:53:00,781.26,781.54,781.26,781.36,35.18
2026-09-24 18:54:00,781.37,781.64,781.22,781.64,74.252
2026-09-24 18:55:00,781.65,781.96,781.65,781.96,35.056
2026-09-24 18:56:00,781.96,782.0,781.95,781.99,13.403
2026-09-24 18:57:00,782.0,782.1,781.92,782.1,61.089
2026-09-24 18:58:00,782.12,782.14,781.92,782.05,49.54
2026-09-24 18:59:00,782.07,782.07,781.7,781.71,45.1
2026-09-24 19:00:00,781.71,781.91,781.45,781.49,78.647
2026-09-24 19:01:00,781.5,781.5,780.83,780.91,97.035
2026-09-24 19:02:00,780.92,781.24,780.67,780.69,32.911
2026-09-24 19:03:00,780.72,780.78,780.6,780.64,27.957
2026-09-24 19:04:00,780.64,780.64,779.99,780.1,59.653
2026-09-24 19:05:00,780.09,780.29,779.85,780.13,33.565
2026-09-24 19:06:00,780.12,780.21,779.95,780.05,32.439
2026-09-24 19:07:00,780.05,780.7,779.98,780.53,131.643
2026-09-24 19:08:00,780.54,780.7,780.35,780.61,58.931
2026-09-24 19:09:00,780.61,780.83,780.58,780.82,20.07
2026-09-24 19:10:00,780.81,780.88,780.65,780.72,38.056
2026-09-24 19:11:00,780.72,780.72,780.63,780.72,11.647
2026-09-24 19:12:00,780.72,780.82,780.72,780.81,55.322
2026-09-24 19:13:00,780.82,781.35,780.77,781.31,50.128
2026-09-24 19:14:00,781.32,781.46,781.08,781.08,31.559
2026-09-24 19:15:00,781.09,781.16,780.92,780.92,17.831
2026-09-24 19:16:00,780.92,781.1,780.91,781.06,43.664
2026-09-24 19:17:00,781.06,781.46,781.05,781.06,45.155
2026-09-24 19:18:00,781.06,781.11,780.94,781.1,19.747
2026-09-24 19:19:00,781.1,781.29,780.85,781.21,89.672
2026-09-24 19:20:00,781.21,781.26,780.83,780.83,49.61
2026-09-24 19:21:00,780.83,780.9,780.69,780.75,26.661
2026-09-24 19:22:00,780.75,780.95,780.71,780.86,29.894
2026-09-24 19:23:00,780.87,780.95,780.86,780.95,17.354
2026-09-24 19:24:00,780.95,781.02,780.9,780.9,11.969
2026-09-24 19:25:00,780.89,781.13,780.89,781.13,42.665
2026-09-24 19:26:00,781.13,781.17,780.88,780.89,26.457
2026-09-24 19:27:00,780.89,781.18,780.89,781.07,39.591
2026-09-24 19:28:00,781.06,781.5,781.0,781.5,103.208
2026-09-24 19:29:00,781.49,781.5,781.11,781.24,48.668
2026-09-24 19:30:00,781.25,781.29,780.77,780.82,28.839
2026-09-24 19:31:00,780.82,781.08,780.76,780.88,41.99
2026-09-24 19:32:00,780.89,780.97,780.57,780.58,37.612
2026-09-24 19:33:00,780.58,781.1,780.57,781.1,160.525
2026-09-24 19:34:00,781.11,781.39,781.0,781.3,39.156
2026-09-24 19:35:00,781.3,781.3,780.53,780.62,142.397
2026-09-24 19:36:00,780.62,780.68,780.39,780.4,24.324
2026-09-24 19:37:00,780.4,780.42,780.07,780.07,82.796
2026-09-24 19:38:00,780.08,780.16,780.0,780.08,22.764
2026-09-24 19:39:00,780.08,780.09,779.76,779.87,54.155
2026-09-24 19:40:00,779.83,780.07,779.75,780.02,142.799
2026-09-24 19:41:00,780.01,780.04,779.83,780.04,29.302
2026-09-24 19:42:00,780.04,780.17,779.87,779.87,41.496
2026-09-24 19:43:00,779.87,779.98,779.67,779.88,96.738
2026-09-24 19:44:00,779.88,780.12,779.87,779.94,20.093
2026-09-24 19:45:00,779.95,780.55,779.94,780.06,119.564
2026-09-24 19:46:00,780.13,780.14,779.08,779.09,139.676
2026-09-24 19:47:00,779.09,779.44,779.0,779.31,65.008
2026-09-24 19:48:00,779.31,779.56,778.98,779.56,65.34
2026-09-24 19:49:00,779.56,779.88,779.56,779.81,36.947
2026-09-24 19:50:00,779.81,780.08,779.81,779.93,45.946
2026-09-24 19:51:00,779.94,780.42,779.93,780.42,43.208
2026-09-24 19:52:00,780.42,780.66,780.32,780.4,104.239
2026-09-24 19:53:00,780.4,780.4,780.01,780.31,40.719
2026-09-24 19:54:00,780.31,780.41,780.08,780.09,49.969
2026-09-24 19:55:00,780.08,780.08,779.92,780.08,29.791
2026-09-24 19:56:00,780.08,780.08,779.26,779.53,69.472
2026-09-24 19:57:00,779.54,779.67,779.42,779.46,19.253
2026-09-24 19:58:00,779.47,779.53,779.11,779.2,17.078
2026-09-24 19:59:00,779.2,779.77,779.2,779.72,70.679
2026-09-24 20:00:00,779.72,779.72,779.33,779.6,32.404
2026-09-24 20:01:00,779.6,779.6,778.88,778.89,25.328
2026-09-24 20:02:00,778.88,779.32,778.83,779.14,75.947
2026-09-24 20:03:00,779.14,779.68,778.96,779.68,106.204
2026-09-24 20:04:00,779.68,780.33,779.62,779.69,205.463
2026-09-24 20:05:00,779.69,779.69,779.32,779.32,33.993
2026-09-24 20:06:00,779.32,779.75,778.95,779.68,43.205
2026-09-24 20:07:00,779.68,779.94,779.65,779.81,10.58
2026-09-24 20:08:00,779.81,780.35,779.55,780.35,79.928
2026-09-24 20:09:00,780.34,780.34,779.8,779.8,13.821
2026-09-24 20:10:00,779.81,779.81,779.61,779.69,15.275
2026-09-24 20:11:00,779.7,779.91,779.63,779.76,23.798
2026-09-24 20:12:00,779.76,779.77,779.29,779.73,86.841
2026-09-24 20:13:00,779.73,779.73,779.14,779.14,21.505
2026-09-24 20:14:00,779.13,779.17,778.66,778.74,35.197
2026-09-24 20:15:00,778.75,778.99,778.74,778.89,14.818
2026-09-24 20:16:00,778.89,779.05,778.74,779.04,106.339
2026-09-24 20:17:00,779.04,779.29,778.98,779.29,24.375
2026-09-24 20:18:00,779.29,779.39,779.21,779.27,1.394
2026-09-24 20:19:00,779.27,779.76,779.24,779.24,54.408
2026-09-24 20:20:00,779.23,779.23,778.34,778.48,86.959
2026-09-24 20:21:00,778.48,778.59,778.39,778.4,66.915
2026-09-24 20:22:00,778.4,778.83,778.34,778.73,45.313
2026-09-24 20:23:00,778.74,778.9,778.25,778.26,80.508
2026-09-24 20:24:00,778.26,778.26,778.0,778.01,59.0
2026-09-24 20:25:00,778.0,778.23,777.7,778.23,46.749
2026-09-24 20:26:00,778.22,778.35,778.22,778.35,35.366
2026-09-24 20:27:00,778.36,778.74,778.3,778.3,59.483
2026-09-24 20:28:00,778.31,778.82,778.3,778.66,105.137
2026-09-24 20:29:00,778.65,778.65,778.27,778.28,27.538
2026-09-24 20:30:00,778.28,778.28,777.48,777.58,59.65
2026-09-24 20:31:00,777.57,777.57,777.4,777.57,84.985
2026-09-24 20:32:00,777.57,777.57,777.24,777.25,14.361
2026-09-24 20:33:00,777.25,777.25,777.17,777.17,16.864
2026-09-24 20:34:00,777.18,777.55,777.18,777.53,68.136
2026-09-24 20:35:00,777.53,777.68,777.44,777.68,112.936
2026-09-24 20:36:00,777.68,777.69,777.46,777.56,33.903
2026-09-24 20:37:00,777.56,777.83,777.4,777.49,64.412
2026-09-24 20:38:00,777.48,777.94,777.33,777.94,566.716
2026-09-24 20:39:00,777.94,778.05,777.84,778.05,37.856
2026-09-24 20:40:00,778.05,778.41,778.04,778.23,38.167
2026-09-24 20:41:00,778.23,778.49,778.19,778.27,42.085
2026-09-24 20:42:00,778.28,778.5,778.28,778.32,31.001
2026-09-24 20:43:00,778.33,778.33,778.32,778.33,4.256
2026-09-24 20:44:00,778.33,778.43,778.15,778.25,45.012
2026-09-24 20:45:00,778.25,778.36,778.21,778.31,10.189
2026-09-24 20:46:00,778.31,778.71,778.31,778.71,19.41
2026-09-24 20:47:00,778.7,778.73,778.23,778.23,17.678
2026-09-24 20:48:00,778.24,778.57,778.24,778.57,24.282
2026-09-24 20:49:00,778.57,779.38,778.57,779.33,41.748
2026-09-24 20:50:00,779.34,779.54,779.32,779.53,7.234
2026-09-24 20:51:00,779.53,779.54,779.52,779.54,2.254
2026-09-24 20:52:00,779.53,779.93,779.4,779.78,266.962
2026-09-24 20:53:00,779.77,780.25,779.77,779.94,178.121
2026-09-24 20:54:00,779.93,779.93,779.65,779.65,21.196
2026-09-24 20:55:00,779.65,779.73,779.09,779.09,40.597
2026-09-24 20:56:00,779.09,779.09,778.69,779.04,92.66
2026-09-24 20:57:00,779.04,779.04,778.92,778.93,3.635
2026-09-24 20:58:00,778.93,779.33,778.93,779.31,55.76
2026-09-24 20:59:00,779.32,779.58,779.25,779.45,18.807
2026-09-24 21:00:00,779.45,780.01,779.45,779.81,87.924
2026-09-24 21:01:00,779.81,779.94,779.65,779.94,9.185
2026-09-24 21:02:00,779.94,780.24,779.61,779.66,144.756
2026-09-24 21:03:00,779.65,779.87,779.62,779.87,13.773
2026-09-24 21:04:00,779.88,779.88,779.53,779.66,22.75
2026-09-24 21:05:00,779.65,779.72,779.6,779.61,122.564
2026-09-24 21:06:00,779.61,779.61,778.9,779.28,24.643
2026-09-24 21:07:00,779.28,779.4,779.16,779.17,20.009
2026-09-24 21:08:00,779.17,779.76,779.17,779.53,53.528
2026-09-24 21:09:00,779.53,779.72,779.45,779.63,37.529
2026-09-24 21:10:00,779.63,780.21,779.63,780.21,46.569
2026-09-24 21:11:00,780.21,780.21,779.78,779.88,56.285
2026-09-24 21:12:00,779.88,780.08,779.87,780.08,10.627
2026-09-24 21:13:00,780.08,780.14,779.81,779.82,22.65
2026-09-24 21:14:00,779.82,779.82,779.47,779.47,33.248
2026-09-24 21:15:00,779.46,779.65,779.33,779.65,24.675
2026-09-24 21:16:00,779.65,779.82,779.64,779.82,12.984
2026-09-24 21:17:00,779.81,780.09,779.81,780.0,21.023
2026-09-24 21:18:00,779.99,780.14,779.99,780.13,14.988
2026-09-24 21:19:00,780.13,780.14,779.83,779.89,19.986
2026-09-24 21:20:00,779.89,780.24,779.89,780.23,47.987
2026-09-24 21:21:00,780.24,780.24,780.04,780.17,37.612
2026-09-24 21:22:00,780.17,780.17,779.84,779.84,45.194
2026-09-24 21:23:00,779.84,779.85,779.84,779.85,4.442
2026-09-24 21:24:00,779.85,780.09,779.84,780.08,17.046
2026-09-24 21:25:00,780.08,780.09,780.02,780.02,17.131
2026-09-24 21:26:00,780.03,780.03,780.02,780.02,11.99
2026-09-24 21:27:00,780.03,780.03,779.87,779.87,36.206
2026-09-24 21:28:00,779.88,779.88,779.85,779.86,8.092
2026-09-24 21:29:00,779.86,779.86,779.85,779.86,3.144
2026-09-24 21:30:00,779.86,780.05,779.85,780.05,76.118
2026-09-24 21:31:00,780.05,780.06,780.04,780.05,12.211
2026-09-24 21:32:00,780.06,780.3,780.05,780.26,23.171
2026-09-24 21:33:00,780.27,780.85,780.26,780.84,87.931
2026-09-24 21:34:00,780.85,780.85,780.61,780.62,38.866
2026-09-24 21:35:00,780.61,780.61,780.57,780.58,27.508
2026-09-24 21:36:00,780.57,780.6,780.34,780.54,110.376
2026-09-24 21:37:00,780.55,780.55,780.32,780.34,19.573
2026-09-24 21:38:00,780.34,780.34,780.2,780.21,11.765
2026-09-24 21:39:00,780.21,780.53,780.2,780.41,87.627
2026-09-24 21:40:00,780.41,780.82,780.4,780.59,86.794
2026-09-24 21:41:00,780.6,780.96,780.6,780.7,51.366
2026-09-24 21:42:00,780.7,780.78,780.54,780.54,42.692
2026-09-24 21:43:00,780.54,780.54,780.13,780.2,42.674
2026-09-24 21:44:00,780.2,780.46,780.14,780.45,18.051
2026-09-24 21:45:00,780.46,780.52,780.25,780.25,15.66
2026-09-24 21:46:00,780.24,780.3,780.13,780.14,85.386
2026-09-24 21:47:00,780.14,780.15,780.13,780.14,33.654
2026-09-24 21:48:00,780.14,780.14,780.13,780.13,11.075
2026-09-24 21:49:00,780.13,780.14,780.13,780.14,28.692
2026-09-24 21:50:00,780.14,780.14,779.62,779.92,14.903
2026-09-24 21:51:00,779.91,780.11,779.91,780.11,10.782
2026-09-24 21:52:00,780.1,780.1,779.66,779.66,11.11
2026-09-24 21:53:00,779.65,779.65,779.55,779.58,14.049
2026-09-24 21:54:00,779.57,779.6,779.42,779.42,14.408
2026-09-24 21:55:00,779.42,779.42,778.83,779.03,110.198
2026-09-24 21:56:00,779.03,779.19,779.03,779.19,44.12
2026-09-24 21:57:00,779.18,779.18,779.03,779.03,2.694
2026-09-24 21:58:00,779.03,779.03,778.6,778.65,92.522
2026-09-24 21:59:00,778.65,778.95,778.65,778.65,53.317
2026-09-24 22:00:00,778.64,778.64,777.84,777.98,114.715
2026-09-24 22:01:00,777.97,778.01,777.41,777.98,58.619
2026-09-24 22:02:00,777.98,778.2,777.82,778.2,45.895
2026-09-24 22:03:00,778.19,778.53,778.17,778.53,7.362
2026-09-24 22:04:00,778.52,778.52,778.25,778.35,12.768
2026-09-24 22:05:00,778.34,778.34,777.42,777.54,21.492
2026-09-24 22:06:00,777.55,777.9,777.45,777.75,21.934
2026-09-24 22:07:00,777.75,777.87,777.5,777.65,32.516
2026-09-24 22:08:00,777.65,777.65,777.41,777.42,20.416
2026-09-24 22:09:00,777.42,777.68,777.42,777.65,24.177
2026-09-24 22:10:00,777.65,777.65,777.31,777.31,23.074
2026-09-24 22:11:00,777.3,777.44,777.15,777.44,114.0
2026-09-24 22:12:00,777.43,777.61,777.41,777.61,6.401
2026-09-24 22:13:00,777.6,777.66,777.28,777.34,8.65
2026-09-24 22:14:00,777.34,777.61,777.11,777.18,131.691
2026-09-24 22:15:00,777.17,777.24,776.98,777.24,19.993
2026-09-24 22:16:00,777.24,777.24,776.71,776.71,36.223
2026-09-24 22:17:00,776.72,776.87,776.48,776.5,25.797
2026-09-24 22:18:00,776.5,776.5,776.34,776.35,118.701
2026-09-24 22:19:00,776.36,776.71,775.35,775.72,193.685
2026-09-24 22:20:00,775.71,776.1,775.66,775.99,127.985
2026-09-24 22:21:00,775.99,775.99,775.66,775.86,17.352
2026-09-24 22:22:00,775.86,776.14,775.86,776.14,8.129
2026-09-24 22:23:00,776.15,776.42,776.12,776.33,20.328
2026-09-24 22:24:00,776.33,776.94,776.31,776.84,103.657
2026-09-24 22:25:00,776.82,777.0,776.81,776.99,9.259
2026-09-24 22:26:00,776.99,776.99,776.71,776.93,12.47
2026-09-24 22:27:00,776.94,777.01,776.86,776.94,6.711
2026-09-24 22:28:00,776.96,777.03,776.83,776.83,20.228
2026-09-24 22:29:00,776.82,776.82,776.63,776.64,9.792
2026-09-24 22:30:00,776.69,776.69,776.42,776.53,35.006
2026-09-24 22:31:00,776.53,776.97,776.53,776.96,60.854
2026-09-24 22:32:00,776.96,776.96,776.57,776.74,10.143
2026-09-24 22:33:00,776.74,777.08,776.73,777.08,10.336
2026-09-24 22:34:00,777.08,777.17,777.08,777.17,27.14
2026-09-24 22:35:00,777.17,777.32,777.09,777.09,21.156
2026-09-24 22:36:00,777.1,777.25,776.92,777.08,425.647
2026-09-24 22:37:00,777.08,777.19,776.93,776.94,7.257
2026-09-24 22:38:00,776.93,776.93,776.62,776.62,4.37
2026-09-24 22:39:00,776.63,776.63,776.36,776.36,23.467
2026-09-24 22:40:00,776.36,776.36,775.78,775.92,21.601
2026-09-24 22:41:00,775.94,775.94,775.7,775.89,37.343
2026-09-24 22:42:00,775.88,775.94,775.77,775.94,22.691
2026-09-24 22:43:00,775.94,776.15,775.93,775.94,63.128
2026-09-24 22:44:00,775.94,775.94,775.6,775.69,44.609
2026-09-24 22:45:00,775.7,775.89,775.69,775.89,6.748
2026-09-24 22:46:00,775.89,775.89,775.68,775.8,16.302
2026-09-24 22:47:00,775.79,776.2,775.79,776.19,74.481
2026-09-24 22:48:00,776.2,776.2,776.05,776.07,5.129
2026-09-24 22:49:00,776.07,776.23,776.06,776.23,42.377
2026-09-24 22:50:00,776.22,776.32,776.22,776.25,4.739
2026-09-24 22:51:00,776.25,776.26,776.22,776.26,21.981
2026-09-24 22:52:00,776.26,776.26,776.23,776.23,19.191
2026-09-24 22:53:00,776.23,776.26,776.23,776.25,5.871
2026-09-24 22:54:00,776.25,776.4,776.25,776.4,118.957
2026-09-24 22:55:00,776.4,776.53,776.26,776.42,120.804
2026-09-24 22:56:00,776.42,776.42,776.36,776.37,6.415
2026-09-24 22:57:00,776.37,776.42,776.36,776.4,29.062
2026-09-24 22:58:00,776.41,776.41,776.21,776.21,11.641
2026-09-24 22:59:00,776.2,776.58,776.15,776.58,104.533
2026-09-24 23:00:00,776.58,776.73,776.52,776.72,15.281
2026-09-24 23:01:00,776.73,777.11,776.73,777.11,34.217
2026-09-24 23:02:00,777.11,777.3,776.91,776.91,72.359
2026-09-24 23:03:00,776.91,777.19,776.85,776.96,26.023
2026-09-24 23:04:00,776.97,777.11,776.96,777.1,47.522
2026-09-24 23:05:00,777.1,777.19,777.1,777.18,18.049
2026-09-24 23:06:00,777.19,777.33,777.19,777.21,15.155
2026-09-24 23:07:00,777.21,777.32,777.04,777.32,12.719
2026-09-24 23:08:00,777.31,777.32,776.92,777.12,100.328
2026-09-24 23:09:00,777.12,777.12,777.05,777.12,10.11
2026-09-24 23:10:00,777.12,777.24,777.11,777.24,6.686
2026-09-24 23:11:00,777.24,777.24,777.19,777.2,7.869
2026-09-24 23:12:00,777.2,777.26,776.27,776.35,169.371
2026-09-24 23:13:00,776.35,776.6,776.34,776.6,15.936
2026-09-24 23:14:00,776.59,776.6,776.43,776.44,7.452
2026-09-24 23:15:00,776.44,776.44,776.17,776.28,12.342
2026-09-24 23:16:00,776.28,776.69,776.28,776.69,14.219
2026-09-24 23:17:00,776.69,776.69,776.43,776.53,9.404
2026-09-24 23:18:00,776.53,776.91,776.53,776.77,13.868
2026-09-24 23:19:00,776.77,776.9,776.63,776.66,5.348
2026-09-24 23:20:00,776.66,776.79,776.62,776.79,9.314
2026-09-24 23:21:00,776.78,777.12,776.77,777.12,19.271
2026-09-24 23:22:00,777.11,777.28,777.03,777.25,16.523
2026-09-24 23:23:00,777.25,777.29,777.21,777.21,1.778
2026-09-24 23:24:00,777.2,777.27,777.16,777.2,8.94
2026-09-24 23:25:00,777.2,777.35,777.2,777.21,20.643
2026-09-24 23:26:00,777.21,777.47,777.21,777.4,11.898
2026-09-24 23:27:00,777.41,777.63,777.41,777.63,25.505
2026-09-24 23:28:00,777.62,777.7,777.62,777.65,11.817
2026-09-24 23:29:00,777.65,777.68,777.64,777.68,6.749
2026-09-24 23:30:00,777.68,777.98,777.67,777.98,24.003
2026-09-24 23:31:00,777.98,777.98,777.55,777.58,54.002
2026-09-24 23:32:00,777.59,777.59,777.21,777.28,102.604
2026-09-24 23:33:00,777.28,777.46,777.27,777.3,18.778
2026-09-24 23:34:00,777.31,777.31,777.13,777.13,14.747
2026-09-24 23:35:00,777.13,777.38,777.13,777.38,31.363
2026-09-24 23:36:00,777.38,777.57,777.38,777.57,32.587
2026-09-24 23:37:00,777.57,777.57,777.27,777.28,29.782
2026-09-24 23:38:00,777.27,777.63,777.25,777.63,78.925
2026-09-24 23:39:00,777.62,777.63,777.31,777.31,96.085
2026-09-24 23:40:00,777.32,777.39,777.31,777.38,18.432
2026-09-24 23:41:00,777.38,777.4,777.28,777.4,19.994
2026-09-24 23:42:00,777.4,777.4,777.17,777.17,214.092
2026-09-24 23:43:00,777.17,777.17,776.92,776.96,65.221
2026-09-24 23:44:00,776.96,776.99,776.74,776.83,131.516
2026-09-24 23:45:00,776.84,776.92,776.65,776.72,31.6
2026-09-24 23:46:00,776.73,776.81,776.66,776.8,28.881
2026-09-24 23:47:00,776.81,776.99,776.81,776.98,21.404
2026-09-24 23:48:00,776.99,777.06,776.99,777.05,24.671
2026-09-24 23:49:00,777.06,777.06,776.73,776.91,41.733
2026-09-24 23:50:00,776.91,777.0,776.78,777.0,57.305
2026-09-24 23:51:00,776.99,776.99,776.52,776.69,33.439
2026-09-24 23:52:00,776.7,776.9,776.69,776.9,10.383
2026-09-24 23:53:00,776.9,776.91,776.79,776.87,12.93
2026-09-24 23:54:00,776.87,776.87,776.61,776.66,25.436
2026-09-24 23:55:00,776.66,776.81,776.65,776.81,11.221
2026-09-24 23:56:00,776.81,776.89,776.66,776.66,40.89
2026-09-24 23:57:00,776.65,776.71,776.61,776.7,38.675
2026-09-24 23:58:00,776.69,776.7,776.69,776.7,10.08
2026-09-24 23:59:00,776.69,776.7,776.69,776.69,6.302
2026-09-25 00:00:00,776.7,777.13,776.69,777.13,98.074
2026-09-25 00:01:00,777.13,777.15,777.09,777.15,33.243
2026-09-25 00:02:00,777.15,777.51,777.15,777.51,31.142
2026-09-25 00:03:00,777.51,778.27,777.5,778.15,167.648
2026-09-25 00:04:00,778.15,778.53,778.14,778.41,113.13
2026-09-25 00:05:00,778.41,778.53,778.31,778.53,42.013
2026-09-25 00:06:00,778.53,778.53,778.15,778.26,30.336
2026-09-25 00:07:00,778.25,778.6,778.25,778.6,46.583
2026-09-25 00:08:00,778.6,779.19,778.49,779.19,100.278
2026-09-25 00:09:00,779.18,779.9,779.18,779.62,271.653
2026-09-25 00:10:00,779.62,779.66,779.01,779.01,109.044
2026-09-25 00:11:00,779.0,779.17,778.9,778.9,108.744
2026-09-25 00:12:00,778.91,779.23,778.9,779.0,37.088
2026-09-25 00:13:00,779.0,779.25,778.99,779.25,39.164
2026-09-25 00:14:00,779.25,779.28,779.25,779.27,7.054
2026-09-25 00:15:00,779.26,779.26,778.91,778.91,51.139
2026-09-25 00:16:00,778.92,778.92,778.55,778.69,44.884
2026-09-25 00:17:00,778.69,778.7,778.19,778.21,54.794
2026-09-25 00:18:00,778.22,778.22,777.69,777.7,65.503
2026-09-25 00:19:00,777.69,777.74,777.45,777.73,63.855
2026-09-25 00:20:00,777.74,778.12,777.74,778.12,71.972
2026-09-25 00:21:00,778.13,778.13,777.65,777.66,30.467
2026-09-25 00:22:00,777.66,777.87,777.56,777.76,19.127
2026-09-25 00:23:00,777.77,778.17,777.77,778.17,44.645
2026-09-25 00:24:00,778.17,778.17,777.7,777.85,98.395
2026-09-25 00:25:00,777.85,777.85,777.31,777.78,92.41
2026-09-25 00:26:00,777.78,777.98,777.47,777.68,28.198
2026-09-25 00:27:00,777.68,777.79,777.53,777.79,34.99
2026-09-25 00:28:00,777.79,778.0,777.61,777.96,64.961
2026-09-25 00:29:00,777.98,778.06,777.84,777.85,12.032
2026-09-25 00:30:00,777.86,777.86,777.28,777.28,52.22
2026-09-25 00:31:00,777.28,777.42,777.26,777.36,11.265
2026-09-25 00:32:00,777.35,777.94,777.35,777.86,214.486
2026-09-25 00:33:00,777.87,778.05,777.79,777.94,9.723
2026-09-25 00:34:00,777.95,778.14,777.7,777.73,5.995
2026-09-25 00:35:00,777.73,778.36,777.73,778.0,102.45
2026-09-25 00:36:00,778.0,778.39,777.88,778.07,181.713
2026-09-25 00:37:00,778.07,778.23,777.77,777.77,18.936
2026-09-25 00:38:00,777.77,778.01,777.77,777.98,23.528
2026-09-25 00:39:00,777.98,778.0,777.82,778.0,10.785
2026-09-25 00:40:00,777.99,778.54,777.95,778.53,23.181
2026-09-25 00:41:00,778.53,778.61,778.4,778.53,30.052
2026-09-25 00:42:00,778.53,778.53,777.85,777.85,85.362
2026-09-25 00:43:00,777.85,777.92,777.77,777.92,7.826
2026-09-25 00:44:00,777.92,777.92,777.62,777.62,5.75
2026-09-25 00:45:00,777.62,777.62,777.41,777.42,17.827
2026-09-25 00:46:00,777.42,777.7,777.42,777.5,40.218
2026-09-25 00:47:00,777.49,777.6,777.32,777.32,16.34
2026-09-25 00:48:00,777.33,777.59,777.3,777.55,41.154
2026-09-25 00:49:00,777.56,777.97,777.55,777.91,17.669
2026-09-25 00:50:00,777.9,777.96,777.51,777.51,48.697
2026-09-25 00:51:00,777.51,777.82,777.49,777.82,24.886
2026-09-25 00:52:00,777.83,777.83,777.78,777.78,9.799
2026-09-25 00:53:00,777.77,777.77,777.46,777.54,12.519
2026-09-25 00:54:00,777.55,777.91,777.55,777.85,11.494
2026-09-25 00:55:00,777.86,777.96,777.85,777.86,8.386
2026-09-25 00:56:00,777.85,777.85,777.61,777.61,36.993
2026-09-25 00:57:00,777.62,777.62,777.44,777.44,111.954
2026-09-25 00:58:00,777.45,777.5,777.44,777.45,13.683
2026-09-25 00:59:00,777.45,777.5,776.97,777.28,160.372
2026-09-25 01:00:00,777.29,777.42,777.24,777.41,52.726
2026-09-25 01:01:00,777.42,777.99,777.42,777.99,25.651
2026-09-25 01:02:00,778.0,778.57,777.99,778.47,59.772
2026-09-25 01:03:00,778.48,778.48,778.27,778.47,17.402
2026-09-25 01:04:00,778.47,778.75,778.47,778.57,43.245
2026-09-25 01:05:00,778.57,778.61,778.45,778.48,11.992
2026-09-25 01:06:00,778.48,778.48,778.07,778.07,48.695
2026-09-25 01:07:00,778.06,778.27,778.05,778.08,32.602
2026-09-25 01:08:00,778.08,778.52,778.07,778.28,47.915
2026-09-25 01:09:00,778.28,778.42,778.28,778.35,48.694
2026-09-25 01:10:00,778.35,778.73,778.35,778.61,75.364
2026-09-25 01:11:00,778.61,779.03,778.52,778.99,69.131
2026-09-25 01:12:00,778.99,778.99,778.39,778.39,19.383
2026-09-25 01:13:00,778.4,778.6,778.39,778.6,16.701
2026-09-25 01:14:00,778.6,778.72,778.49,778.5,17.424
2026-09-25 01:15:00,778.51,778.68,778.5,778.57,13.921
2026-09-25 01:16:00,778.57,778.57,778.3,778.38,28.77
2026-09-25 01:17:00,778.38,779.02,778.38,778.73,22.048
2026-09-25 01:18:00,778.72,778.74,778.44,778.63,88.317
2026-09-25 01:19:00,778.62,778.63,778.13,778.13,15.679
2026-09-25 01:20:00,778.13,778.2,777.97,777.97,28.72
2026-09-25 01:21:00,777.97,777.97,777.88,777.96,9.672
2026-09-25 01:22:00,777.97,777.97,777.41,777.41,27.231
2026-09-25 01:23:00,777.41,777.41,777.0,777.0,8.864
2026-09-25 01:24:00,777.01,777.31,777.01,777.09,34.294
2026-09-25 01:25:00,777.11,777.19,776.69,776.99,40.345
2026-09-25 01:26:00,776.99,777.29,776.99,777.25,27.31
2026-09-25 01:27:00,777.24,777.43,777.12,777.43,17.463
2026-09-25 01:28:00,777.42,777.42,777.13,777.14,12.018
2026-09-25 01:29:00,777.14,777.14,777.0,777.13,15.243
2026-09-25 01:30:00,777.14,777.14,776.79,776.86,296.955
2026-09-25 01:31:00,776.86,776.87,776.14,776.14,537.979
2026-09-25 01:32:00,776.14,776.68,776.13,776.47,60.527
2026-09-25 01:33:00,776.47,776.6,776.25,776.25,27.541
2026-09-25 01:34:00,776.27,776.31,776.13,776.26,21.564
2026-09-25 01:35:00,776.26,776.27,776.03,776.23,29.559
2026-09-25 01:36:00,776.23,776.23,776.06,776.08,17.959
2026-09-25 01:37:00,776.08,776.45,776.03,776.34,29.959
2026-09-25 01:38:00,776.34,776.41,776.24,776.4,10.482
2026-09-25 01:39:00,776.41,777.02,776.41,776.86,19.13
2026-09-25 01:40:00,776.86,776.86,776.33,776.45,31.265
2026-09-25 01:41:00,776.45,777.32,776.45,777.32,72.499
2026-09-25 01:42:00,777.32,777.62,777.32,777.62,25.974
2026-09-25 01:43:00,777.61,777.69,777.61,777.69,31.545
2026-09-25 01:44:00,777.68,777.78,777.45,777.45,32.802
2026-09-25 01:45:00,777.46,777.6,777.44,777.47,11.005
2026-09-25 01:46:00,777.47,777.6,777.46,777.6,21.082
2026-09-25 01:47:00,777.59,777.78,777.39,777.52,27.827
2026-09-25 01:48:00,777.53,777.7,777.51,777.69,10.06
2026-09-25 01:49:00,777.7,777.94,777.62,777.87,38.316
2026-09-25 01:50:00,777.87,778.25,777.67,778.25,30.962
2026-09-25 01:51:00,778.25,778.48,778.01,778.48,58.679
2026-09-25 01:52:00,778.47,778.55,778.43,778.43,45.18
2026-09-25 01:53:00,778.42,778.42,777.88,777.88,26.082
2026-09-25 01:54:00,777.88,778.04,777.83,777.94,15.054
2026-09-25 01:55:00,777.94,777.94,777.67,777.67,64.622
2026-09-25 01:56:00,777.67,777.9,777.66,777.9,36.671
2026-09-25 01:57:00,777.89,778.21,777.83,777.88,74.271
2026-09-25 01:58:00,777.89,778.12,777.85,778.12,15.223
2026-09-25 01:59:00,778.12,778.31,778.12,778.22,22.475
2026-09-25 02:00:00,778.22,778.46,778.11,778.21,7.17
2026-09-25 02:01:00,778.21,778.42,778.19,778.42,9.549
2026-09-25 02:02:00,778.42,779.19,778.42,779.17,34.655
2026-09-25 02:03:00,779.16,779.5,779.13,779.46,12.721
2026-09-25 02:04:00,779.47,779.92,779.41,779.85,55.888
2026-09-25 02:05:00,779.84,780.0,779.74,779.74,30.045
2026-09-25 02:06:00,779.73,779.85,779.41,779.85,21.672
2026-09-25 02:07:00,779.85,779.88,779.78,779.79,38.591
2026-09-25 02:08:00,779.79,779.95,779.64,779.69,53.196
2026-09-25 02:09:00,779.68,779.83,779.58,779.77,20.636
2026-09-25 02:10:00,779.76,779.88,779.59,779.88,109.201
2026-09-25 02:11:00,779.88,779.88,779.86,779.87,3.982
2026-09-25 02:12:00,779.87,779.98,779.86,779.98,33.498
2026-09-25 02:13:00,779.98,779.98,779.7,779.81,22.619
2026-09-25 02:14:00,779.81,779.89,779.69,779.74,51.216
2026-09-25 02:15:00,779.75,780.08,779.4,779.41,166.166
2026-09-25 02:16:00,779.41,779.63,779.25,779.4,59.812
2026-09-25 02:17:00,779.4,779.64,779.4,779.64,58.074
2026-09-25 02:18:00,779.64,779.8,779.5,779.5,62.538
2026-09-25 02:19:00,779.51,779.58,779.35,779.43,46.143
2026-09-25 02:20:00,779.44,779.49,779.06,779.13,75.284
2026-09-25 02:21:00,779.16,779.43,779.12,779.39,57.876
2026-09-25 02:22:00,779.4,779.4,779.07,779.08,12.776
2026-09-25 02:23:00,779.07,779.11,778.95,779.0,33.22
2026-09-25 02:24:00,778.99,779.0,778.89,778.89,11.555
2026-09-25 02:25:00,778.88,778.88,778.57,778.8,24.66
2026-09-25 02:26:00,778.8,778.8,778.59,778.68,36.76
2026-09-25 02:27:00,778.68,778.77,778.55,778.56,13.181
2026-09-25 02:28:00,778.55,778.55,777.85,777.85,44.848
2026-09-25 02:29:00,777.86,777.86,777.26,777.7,160.886
2026-09-25 02:30:00,777.7,777.84,777.64,777.84,63.112
2026-09-25 02:31:00,777.84,777.98,777.84,777.97,13.666
2026-09-25 02:32:00,777.98,778.12,777.77,778.07,25.724
2026-09-25 02:33:00,778.07,778.13,778.0,778.01,6.659
2026-09-25 02:34:00,778.0,778.0,777.32,777.33,18.839
2026-09-25 02:35:00,777.32,777.32,777.05,777.07,19.249
2026-09-25 02:36:00,777.07,777.08,776.24,776.24,95.651
2026-09-25 02:37:00,776.24,776.24,776.04,776.05,29.526
2026-09-25 02:38:00,776.05,776.06,775.66,775.97,141.97
2026-09-25 02:39:00,775.96,776.02,774.73,775.17,488.585
2026-09-25 02:40:00,775.16,775.33,774.76,774.9,105.826
2026-09-25 02:41:00,774.91,775.36,774.91,775.36,27.634
2026-09-25 02:42:00,775.36,775.75,775.36,775.75,27.992
2026-09-25 02:43:00,775.75,776.49,775.75,776.18,64.938
2026-09-25 02:44:00,776.18,776.32,776.16,776.29,108.94
2026-09-25 02:45:00,776.3,776.3,776.1,776.12,66.515
2026-09-25 02:46:00,776.11,776.11,775.21,775.33,72.971
2026-09-25 02:47:00,775.3,775.3,774.92,775.05,21.49
2026-09-25 02:48:00,775.06,775.39,774.95,775.39,19.95
2026-09-25 02:49:00,775.4,775.68,775.32,775.32,79.996
2026-09-25 02:50:00,775.32,775.33,774.7,774.7,26.176
2026-09-25 02:51:00,774.7,774.85,774.65,774.66,26.112
2026-09-25 02:52:00,774.66,775.01,774.53,774.78,58.437
2026-09-25 02:53:00,774.78,775.1,774.63,774.63,190.417
2026-09-25 02:54:00,774.62,774.62,774.23,774.62,64.173
2026-09-25 02:55:00,774.59,774.84,774.34,774.4,50.257
2026-09-25 02:56:00,774.39,774.4,774.0,774.01,66.92
2026-09-25 02:57:00,774.01,774.44,773.85,773.86,349.408
2026-09-25 02:58:00,773.85,773.93,773.6,773.93,127.117
2026-09-25 02:59:00,773.93,773.93,773.9,773.93,41.699
2026-09-25 03:00:00,773.93,773.93,773.5,773.82,127.072
2026-09-25 03:01:00,773.82,773.93,773.65,773.9,42.924
2026-09-25 03:02:00,773.89,773.93,773.65,773.76,11.867
2026-09-25 03:03:00,773.76,774.26,773.64,774.26,62.234
2026-09-25 03:04:00,774.26,774.51,774.26,774.5,23.223
2026-09-25 03:05:00,774.51,774.51,774.37,774.49,125.194
2026-09-25 03:06:00,774.49,774.8,774.49,774.56,112.102
2026-09-25 03:07:00,774.56,774.6,774.45,774.57,28.99
2026-09-25 03:08:00,774.57,774.8,774.57,774.76,18.562
2026-09-25 03:09:00,774.76,774.77,774.46,774.51,41.964
2026-09-25 03:10:00,774.51,774.52,774.33,774.33,31.228
2026-09-25 03:11:00,774.33,774.58,774.32,774.43,35.813
2026-09-25 03:12:00,774.44,774.48,773.84,774.07,113.377
2026-09-25 03:13:00,774.07,774.07,773.66,773.66,41.988
2026-09-25 03:14:00,773.66,773.66,773.43,773.65,57.759
2026-09-25 03:15:00,773.65,774.49,773.65,774.33,28.497
2026-09-25 03:16:00,774.34,774.34,772.53,772.78,590.115
2026-09-25 03:17:00,772.77,773.14,772.74,773.14,34.656
2026-09-25 03:18:00,773.14,773.15,771.45,771.86,409.769
2026-09-25 03:19:00,771.85,772.09,771.26,771.53,137.993
2026-09-25 03:20:00,771.54,771.74,771.52,771.74,52.401
2026-09-25 03:21:00,771.74,772.03,771.73,771.74,82.682
2026-09-25 03:22:00,771.74,772.12,771.74,772.1,58.546
2026-09-25 03:23:00,772.1,772.3,772.1,772.29,32.282
2026-09-25 03:24:00,772.29,772.3,772.15,772.29,69.896
2026-09-25 03:25:00,772.3,772.57,772.11,772.11,43.31
2026-09-25 03:26:00,772.12,772.2,772.04,772.11,16.631
2026-09-25 03:27:00,772.11,772.11,771.82,771.82,61.066
2026-09-25 03:28:00,771.82,771.91,771.73,771.8,58.029
2026-09-25 03:29:00,771.8,771.81,771.41,771.48,132.826
2026-09-25 03:30:00,771.48,771.55,771.14,771.15,48.805
2026-09-25 03:31:00,771.15,771.46,771.0,771.36,29.998
2026-09-25 03:32:00,771.37,773.28,771.31,773.28,886.87
2026-09-25 03:33:00,773.28,773.56,773.02,773.39,60.595
2026-09-25 03:34:00,773.38,773.56,773.25,773.56,24.265
2026-09-25 03:35:00,773.55,773.72,773.52,773.71,28.505
2026-09-25 03:36:00,773.71,773.72,773.42,773.61,19.628
2026-09-25 03:37:00,773.61,774.0,773.54,773.93,63.648
2026-09-25 03:38:00,773.93,774.0,773.88,774.0,7.569
2026-09-25 03:39:00,773.99,774.0,773.99,774.0,29.459
2026-09-25 03:40:00,774.0,774.31,773.92,773.92,70.6
2026-09-25 03:41:00,773.92,774.12,773.8,774.03,33.939
2026-09-25 03:42:00,774.03,774.03,773.61,773.79,37.346
2026-09-25 03:43:00,773.8,773.83,773.4,773.4,39.844
2026-09-25 03:44:00,773.41,773.41,773.1,773.1,20.678
2026-09-25 03:45:00,773.09,773.22,773.0,773.06,22.921
2026-09-25 03:46:00,773.06,773.23,772.9,773.23,13.065
2026-09-25 03:47:00,773.23,773.42,773.01,773.12,53.993
2026-09-25 03:48:00,773.11,773.53,773.06,773.52,26.16
2026-09-25 03:49:00,773.52,773.71,773.01,773.09,37.437
2026-09-25 03:50:00,773.09,773.39,773.03,773.35,33.414
2026-09-25 03:51:00,773.34,773.39,773.18,773.31,14.585
2026-09-25 03:52:00,773.3,773.38,773.0,773.23,54.593
2026-09-25 03:53:00,773.23,773.32,773.22,773.25,8.86
2026-09-25 03:54:00,773.25,773.25,773.23,773.24,7.394
2026-09-25 03:55:00,773.24,773.51,773.24,773.49,80.099
2026-09-25 03:56:00,773.49,773.65,773.49,773.55,139.122
2026-09-25 03:57:00,773.56,773.62,773.55,773.62,8.599
2026-09-25 03:58:00,773.62,773.62,773.29,773.3,36.769
2026-09-25 03:59:00,773.29,773.3,773.06,773.07,237.249
2026-09-25 04:00:00,773.07,773.07,772.91,773.01,191.74
2026-09-25 04:01:00,773.01,773.08,772.6,772.6,161.622
2026-09-25 04:02:00,772.61,772.73,772.48,772.62,212.002
2026-09-25 04:03:00,772.62,772.62,772.18,772.27,95.448
2026-09-25 04:04:00,772.28,772.28,772.13,772.21,35.329
2026-09-25 04:05:00,772.2,772.22,772.0,772.13,249.046
2026-09-25 04:06:00,772.13,772.13,771.93,772.07,370.162
2026-09-25 04:07:00,772.07,772.73,772.06,772.64,514.992
2026-09-25 04:08:00,772.64,772.64,772.3,772.3,80.952
2026-09-25 04:09:00,772.3,772.53,772.3,772.53,417.892
2026-09-25 04:10:00,772.52,772.53,772.07,772.07,102.631
2026-09-25 04:11:00,772.07,772.07,771.65,771.65,140.053
2026-09-25 04:12:00,771.66,771.76,771.51,771.52,24.791
2026-09-25 04:13:00,771.52,771.52,771.51,771.51,25.117
2026-09-25 04:14:00,771.52,771.76,771.27,771.27,207.85
2026-09-25 04:15:00,771.28,771.28,771.05,771.22,174.214
2026-09-25 04:16:00,771.22,771.61,771.22,771.61,307.176
2026-09-25 04:17:00,771.61,771.61,771.39,771.41,48.685
2026-09-25 04:18:00,771.42,771.56,771.42,771.52,122.999
2026-09-25 04:19:00,771.53,771.74,771.43,771.74,152.598
2026-09-25 04:20:00,771.73,771.74,771.6,771.63,41.364
2026-09-25 04:21:00,771.63,772.17,771.54,772.17,240.074
2026-09-25 04:22:00,772.17,772.4,772.04,772.12,129.063
2026-09-25 04:23:00,772.12,772.13,771.89,771.89,539.917
2026-09-25 04:24:00,771.89,772.11,771.89,772.11,56.622
2026-09-25 04:25:00,772.11,772.35,771.96,772.35,88.2
2026-09-25 04:26:00,772.35,772.37,772.25,772.26,20.255
2026-09-25 04:27:00,772.27,772.46,772.26,772.46,80.75
2026-09-25 04:28:00,772.46,772.46,772.45,772.46,9.789
2026-09-25 04:29:00,772.46,772.96,772.46,772.95,180.197
2026-09-25 04:30:00,772.96,772.96,772.67,772.67,36.185
2026-09-25 04:31:00,772.68,772.75,772.52,772.53,164.788
2026-09-25 04:32:00,772.53,772.53,772.35,772.35,22.879
2026-09-25 04:33:00,772.36,772.49,772.36,772.49,38.858
2026-09-25 04:34:00,772.49,772.95,772.49,772.95,223.619
2026-09-25 04:35:00,772.95,773.32,772.94,773.14,216.461
2026-09-25 04:36:00,773.14,773.54,773.14,773.47,63.539
2026-09-25 04:37:00,773.46,773.48,773.31,773.32,29.422
2026-09-25 04:38:00,773.32,773.73,773.32,773.6,138.756
2026-09-25 04:39:00,773.59,773.72,773.48,773.72,209.335
2026-09-25 04:40:00,773.72,773.78,773.71,773.78,46.89
2026-09-25 04:41:00,773.78,773.9,773.78,773.9,193.893
2026-09-25 04:42:00,773.89,774.04,773.89,774.04,100.402
2026-09-25 04:43:00,774.03,774.04,773.9,773.91,38.704
2026-09-25 04:44:00,773.9,773.9,773.65,773.65,155.075
2026-09-25 04:45:00,773.65,773.71,773.65,773.71,87.992
2026-09-25 04:46:00,773.7,773.71,773.46,773.68,159.066
2026-09-25 04:47:00,773.69,774.06,773.66,773.76,192.412
2026-09-25 04:48:00,773.77,773.9,773.17,773.18,166.816
2026-09-25 04:49:00,773.18,773.18,773.11,773.11,29.28
2026-09-25 04:50:00,773.11,773.23,773.07,773.19,65.049
2026-09-25 04:51:00,773.2,773.27,773.15,773.16,94.33
2026-09-25 04:52:00,773.16,773.26,773.15,773.24,25.949
2026-09-25 04:53:00,773.24,773.3,773.23,773.29,26.246
2026-09-25 04:54:00,773.3,773.37,773.29,773.36,27.36
2026-09-25 04:55:00,773.37,773.44,773.37,773.44,18.797
2026-09-25 04:56:00,773.44,773.44,773.3,773.31,24.471
2026-09-25 04:57:00,773.31,773.52,773.3,773.35,76.958
2026-09-25 04:58:00,773.35,773.35,773.17,773.25,31.447
2026-09-25 04:59:00,773.25,773.34,773.25,773.34,5.864
2026-09-25 05:00:00,773.34,773.36,773.31,773.35,10.175
2026-09-25 05:01:00,773.35,774.04,773.35,773.99,306.545
2026-09-25 05:02:00,774.0,774.25,773.99,774.19,110.001
2026-09-25 05:03:00,774.19,774.2,773.65,773.66,25.274
2026-09-25 05:04:00,773.65,773.66,773.37,773.37,28.119
2026-09-25 05:05:00,773.37,773.37,773.13,773.14,26.59
2026-09-25 05:06:00,773.14,773.28,773.13,773.28,104.368
2026-09-25 05:07:00,773.28,773.28,772.86,772.87,72.532
2026-09-25 05:08:00,772.87,773.08,772.83,773.08,87.628
2026-09-25 05:09:00,773.08,773.73,773.07,773.72,218.36
2026-09-25 05:10:00,773.72,773.81,773.72,773.81,5.406
2026-09-25 05:11:00,773.81,773.81,773.26,773.27,21.132
2026-09-25 05:12:00,773.26,773.31,773.2,773.21,27.066
2026-09-25 05:13:00,773.2,773.21,773.02,773.03,12.229
2026-09-25 05:14:00,773.03,773.07,772.68,772.68,155.331
2026-09-25 05:15:00,772.69,773.1,772.68,773.1,113.995
2026-09-25 05:16:00,773.1,773.49,773.1,773.49,153.18
2026-09-25 05:17:00,773.49,773.65,773.3,773.3,193.443
2026-09-25 05:18:00,773.29,773.3,773.01,773.02,24.238
2026-09-25 05:19:00,773.01,773.14,773.0,773.01,36.44
2026-09-25 05:20:00,773.01,773.09,773.0,773.09,38.898
2026-09-25 05:21:00,773.08,773.09,773.08,773.08,22.308
2026-09-25 05:22:00,773.09,773.09,772.69,772.78,49.046
2026-09-25 05:23:00,772.79,772.79,772.52,772.52,68.413
2026-09-25 05:24:00,772.53,772.84,772.49,772.8,159.193
2026-09-25 05:25:00,772.8,773.37,772.79,773.37,122.086
2026-09-25 05:26:00,773.37,773.62,773.36,773.62,68.448
2026-09-25 05:27:00,773.62,773.88,773.31,773.42,354.044
2026-09-25 05:28:00,773.42,773.55,773.4,773.51,24.411
2026-09-25 05:29:00,773.52,773.55,773.49,773.55,24.454
2026-09-25 05:30:00,773.55,773.67,773.15,773.27,186.731
2026-09-25 05:31:00,773.27,773.35,773.16,773.17,27.138
2026-09-25 05:32:00,773.16,773.27,772.87,772.87,60.219
2026-09-25 05:33:00,772.87,773.33,772.74,773.33,188.384
2026-09-25 05:34:00,773.32,773.35,772.96,773.12,56.285
2026-09-25 05:35:00,773.13,773.72,773.13,773.72,49.076
2026-09-25 05:36:00,773.72,774.0,773.42,773.88,64.389
2026-09-25 05:37:00,773.91,774.07,773.88,774.0,18.972
2026-09-25 05:38:00,774.02,774.22,773.93,774.0,23.532
2026-09-25 05:39:00,773.99,774.64,773.82,774.64,154.342
2026-09-25 05:40:00,774.64,774.69,774.63,774.63,23.575
2026-09-25 05:41:00,774.63,774.88,774.55,774.81,111.319
2026-09-25 05:42:00,774.81,774.81,774.7,774.7,216.574
2026-09-25 05:43:00,774.71,774.71,774.7,774.71,59.568
2026-09-25 05:44:00,774.71,774.76,774.54,774.55,238.756
2026-09-25 05:45:00,774.54,774.92,774.54,774.92,16.294
2026-09-25 05:46:00,774.92,774.92,774.79,774.9,13.634
2026-09-25 05:47:00,774.9,775.13,774.84,775.12,67.438
2026-09-25 05:48:00,775.12,775.12,774.9,774.9,25.179
2026-09-25 05:49:00,774.91,775.07,774.9,774.98,15.72
2026-09-25 05:50:00,774.99,775.09,774.98,775.05,21.966
2026-09-25 05:51:00,775.04,775.04,774.83,774.95,47.019
2026-09-25 05:52:00,774.95,774.95,774.84,774.92,31.4
2026-09-25 05:53:00,774.91,774.91,774.71,774.72,18.962
2026-09-25 05:54:00,774.71,774.92,774.71,774.92,18.591
2026-09-25 05:55:00,774.92,775.04,774.66,774.73,31.809
2026-09-25 05:56:00,774.72,774.91,774.72,774.75,13.528
2026-09-25 05:57:00,774.75,774.88,774.75,774.8,27.623
2026-09-25 05:58:00,774.8,774.81,774.79,774.81,7.204
2026-09-25 05:59:00,774.8,774.82,774.8,774.82,5.441
2026-09-25 06:00:00,774.82,774.86,774.75,774.76,67.595
2026-09-25 06:01:00,774.76,774.86,774.58,774.76,23.814
2026-09-25 06:02:00,774.76,774.9,774.7,774.85,25.868
2026-09-25 06:03:00,774.84,775.01,774.78,774.85,12.32
2026-09-25 06:04:00,774.85,775.21,774.85,774.99,49.978
2026-09-25 06:05:00,774.99,775.58,774.99,775.44,80.069
2026-09-25 06:06:00,775.45,775.47,775.33,775.37,57.506
2026-09-25 06:07:00,775.37,775.58,775.33,775.33,66.365
2026-09-25 06:08:00,775.33,775.33,775.32,775.33,7.269
2026-09-25 06:09:00,775.33,775.56,774.83,774.83,68.527
2026-09-25 06:10:00,774.82,774.82,774.54,774.55,54.511
2026-09-25 06:11:00,774.55,774.69,774.51,774.53,41.212
2026-09-25 06:12:00,774.53,774.53,774.23,774.31,81.72
2026-09-25 06:13:00,774.3,774.37,773.96,774.32,35.744
2026-09-25 06:14:00,774.32,774.47,774.19,774.47,16.336
2026-09-25 06:15:00,774.48,774.56,774.01,774.02,32.395
2026-09-25 06:16:00,774.01,774.58,774.01,774.32,95.081
2026-09-25 06:17:00,774.31,774.58,774.26,774.48,27.775
2026-09-25 06:18:00,774.48,774.57,774.41,774.57,13.652
2026-09-25 06:19:00,774.57,775.15,774.57,775.15,21.222
2026-09-25 06:20:00,775.15,775.94,775.15,775.78,48.201
2026-09-25 06:21:00,775.78,775.8,775.68,775.78,35.449
2026-09-25 06:22:00,775.78,776.0,775.54,775.55,36.51
2026-09-25 06:23:00,775.54,775.72,775.54,775.54,36.761
2026-09-25 06:24:00,775.54,775.55,775.21,775.21,28.62
2026-09-25 06:25:00,775.21,775.21,775.0,775.01,11.955
2026-09-25 06:26:00,775.01,775.05,774.81,774.85,17.223
2026-09-25 06:27:00,774.85,774.85,774.41,774.41,128.494
2026-09-25 06:28:00,774.42,774.42,774.17,774.18,31.547
2026-09-25 06:29:00,774.18,774.67,774.17,774.45,94.765
2026-09-25 06:30:00,774.45,774.6,774.28,774.45,33.195
2026-09-25 06:31:00,774.45,774.62,774.3,774.31,46.434
2026-09-25 06:32:00,774.31,774.43,774.18,774.33,16.084
2026-09-25 06:33:00,774.33,774.33,773.39,773.4,44.215
2026-09-25 06:34:00,773.41,773.76,773.41,773.61,22.591
2026-09-25 06:35:00,773.61,773.62,773.4,773.41,28.617
2026-09-25 06:36:00,773.4,773.41,773.05,773.06,17.172
2026-09-25 06:37:00,773.05,773.25,773.05,773.24,13.538
2026-09-25 06:38:00,773.24,773.24,773.0,773.08,35.162
2026-09-25 06:39:00,773.07,773.07,772.78,773.05,21.115
2026-09-25 06:40:00,773.05,773.43,773.04,773.33,39.959
2026-09-25 06:41:00,773.32,773.46,773.19,773.35,38.961
2026-09-25 06:42:00,773.34,773.34,773.12,773.27,36.263
2026-09-25 06:43:00,773.28,773.36,773.2,773.31,39.822
2026-09-25 06:44:00,773.32,773.56,773.26,773.5,37.231
2026-09-25 06:45:00,773.49,773.49,773.21,773.4,62.944
2026-09-25 06:46:00,773.4,773.57,773.37,773.57,17.311
2026-09-25 06:47:00,773.57,773.57,773.11,773.14,32.392
2026-09-25 06:48:00,773.13,773.37,773.13,773.32,11.386
2026-09-25 06:49:00,773.32,773.42,773.32,773.33,36.455
2026-09-25 06:50:00,773.33,773.44,773.26,773.32,19.602
2026-09-25 06:51:00,773.32,773.57,773.27,773.37,42.485
2026-09-25 06:52:00,773.37,773.62,773.37,773.5,31.399
2026-09-25 06:53:00,773.5,773.52,773.3,773.39,4.736
2026-09-25 06:54:00,773.38,773.51,773.35,773.51,17.494
2026-09-25 06:55:00,773.5,773.59,773.3,773.44,19.185
2026-09-25 06:56:00,773.43,773.44,773.18,773.33,9.771
2026-09-25 06:57:00,773.33,773.33,773.08,773.21,14.114
2026-09-25 06:58:00,773.2,773.24,773.13,773.22,6.831
2026-09-25 06:59:00,773.21,773.21,773.09,773.1,34.043
2026-09-25 07:00:00,773.1,773.37,773.03,773.36,24.777
2026-09-25 07:01:00,773.37,773.38,773.06,773.14,31.269
2026-09-25 07:02:00,773.14,773.22,773.01,773.02,18.7
2026-09-25 07:03:00,773.01,773.1,772.94,773.1,38.612
2026-09-25 07:04:00,773.11,773.11,772.73,772.74,17.888
2026-09-25 07:05:00,772.73,772.94,772.73,772.93,13.88
2026-09-25 07:06:00,772.94,773.1,772.79,773.1,25.301
2026-09-25 07:07:00,773.1,773.31,772.91,772.92,48.819
2026-09-25 07:08:00,772.92,772.93,771.96,771.96,76.91
2026-09-25 07:09:00,771.97,772.4,771.47,772.26,299.118
2026-09-25 07:10:00,772.25,772.28,772.02,772.24,33.587
2026-09-25 07:11:00,772.24,772.51,772.03,772.38,45.111
2026-09-25 07:12:00,772.37,772.37,772.02,772.13,122.354
2026-09-25 07:13:00,772.13,772.46,772.11,772.3,30.918
2026-09-25 07:14:00,772.31,772.99,772.3,772.31,49.211
2026-09-25 07:15:00,772.31,772.6,772.31,772.59,19.767
2026-09-25 07:16:00,772.6,772.9,772.59,772.84,35.954
2026-09-25 07:17:00,772.85,773.52,772.85,773.52,22.325
2026-09-25 07:18:00,773.53,773.83,773.53,773.82,53.838
2026-09-25 07:19:00,773.83,773.93,773.82,773.85,13.231
2026-09-25 07:20:00,773.85,774.15,773.85,774.15,38.638
2026-09-25 07:21:00,774.15,774.15,773.92,774.1,13.779
2026-09-25 07:22:00,774.1,774.26,774.06,774.11,93.164
2026-09-25 07:23:00,774.11,774.29,773.96,774.02,101.639
2026-09-25 07:24:00,774.02,774.25,774.01,774.24,26.701
2026-09-25 07:25:00,774.24,774.24,774.0,774.06,24.123
2026-09-25 07:26:00,774.06,774.07,773.82,773.86,45.618
2026-09-25 07:27:00,773.86,773.86,773.49,773.78,100.889
2026-09-25 07:28:00,773.79,773.88,773.76,773.79,58.632
2026-09-25 07:29:00,773.78,773.89,773.78,773.84,23.509
2026-09-25 07:30:00,773.83,773.89,773.66,773.89,48.763
2026-09-25 07:31:00,773.89,773.89,773.44,773.44,67.151
2026-09-25 07:32:00,773.45,773.45,773.23,773.31,279.793
2026-09-25 07:33:00,773.3,773.4,773.0,773.0,395.425
2026-09-25 07:34:00,773.01,773.01,772.51,772.52,33.695
2026-09-25 07:35:00,772.52,772.53,772.16,772.24,51.683
2026-09-25 07:36:00,772.24,772.45,772.19,772.2,63.45
2026-09-25 07:37:00,772.2,772.44,772.15,772.39,44.503
2026-09-25 07:38:00,772.39,772.39,771.95,771.96,43.088
2026-09-25 07:39:00,771.96,772.08,771.45,771.53,356.17
2026-09-25 07:40:00,771.54,771.54,771.45,771.46,150.155
2026-09-25 07:41:00,771.46,771.46,770.77,771.44,257.176
2026-09-25 07:42:00,771.45,772.0,771.15,771.37,448.375
2026-09-25 07:43:00,771.36,771.37,770.85,770.98,100.939
2026-09-25 07:44:00,770.98,771.03,770.76,770.9,102.276
2026-09-25 07:45:00,770.91,771.89,770.9,771.86,131.962
2026-09-25 07:46:00,771.86,772.5,771.85,772.5,109.131
2026-09-25 07:47:00,772.5,772.91,772.49,772.84,57.764
2026-09-25 07:48:00,772.84,773.2,772.7,772.82,165.45
2026-09-25 07:49:00,772.82,773.13,772.82,773.1,67.656
2026-09-25 07:50:00,773.1,773.85,773.1,773.59,84.501
2026-09-25 07:51:00,773.59,773.69,773.58,773.58,80.654
2026-09-25 07:52:00,773.58,773.58,773.32,773.46,38.051
2026-09-25 07:53:00,773.47,773.54,773.46,773.53,29.528
2026-09-25 07:54:00,773.53,773.61,773.52,773.52,39.091
2026-09-25 07:55:00,773.53,773.76,773.52,773.76,48.919
2026-09-25 07:56:00,773.75,773.76,773.61,773.62,38.91
2026-09-25 07:57:00,773.61,774.0,773.58,773.66,148.267
2026-09-25 07:58:00,773.65,773.76,773.65,773.76,71.33
2026-09-25 07:59:00,773.76,773.8,773.31,773.38,41.599
2026-09-25 08:00:00,773.38,774.11,773.38,774.1,95.733
2026-09-25 08:01:00,774.11,774.16,773.83,774.04,74.543
2026-09-25 08:02:00,774.03,774.65,774.03,774.5,199.479
2026-09-25 08:03:00,774.5,774.63,774.23,774.54,35.479
2026-09-25 08:04:00,774.55,774.58,774.24,774.34,71.484
2026-09-25 08:05:00,774.34,774.58,774.29,774.49,12.983
2026-09-25 08:06:00,774.49,774.54,774.46,774.49,23.391
2026-09-25 08:07:00,774.5,774.54,773.97,774.09,215.738
2026-09-25 08:08:00,774.08,774.66,774.08,774.46,76.366
2026-09-25 08:09:00,774.46,774.55,774.31,774.32,48.212
2026-09-25 08:10:00,774.31,774.4,774.09,774.2,23.797
2026-09-25 08:11:00,774.21,774.4,774.12,774.33,27.323
2026-09-25 08:12:00,774.32,774.53,774.2,774.53,36.831
2026-09-25 08:13:00,774.53,774.66,774.14,774.16,109.167
2026-09-25 08:14:00,774.17,774.32,774.16,774.22,34.211
2026-09-25 08:15:00,774.22,774.71,774.22,774.71,9.019
2026-09-25 08:16:00,774.72,775.0,774.72,774.87,67.241
2026-09-25 08:17:00,774.88,775.83,774.88,775.17,309.322
2026-09-25 08:18:00,775.17,775.41,775.16,775.26,28.138
2026-09-25 08:19:00,775.25,775.36,775.14,775.36,39.498
2026-09-25 08:20:00,775.37,775.62,775.37,775.51,47.054
2026-09-25 08:21:00,775.51,776.12,775.49,776.12,50.018
2026-09-25 08:22:00,776.11,776.28,775.98,776.07,27.137
2026-09-25 08:23:00,776.06,776.06,775.93,775.96,27.17
2026-09-25 08:24:00,775.96,776.47,775.94,776.32,104.055
2026-09-25 08:25:00,776.33,776.61,776.25,776.61,37.607
2026-09-25 08:26:00,776.6,776.62,776.41,776.6,59.643
2026-09-25 08:27:00,776.59,776.81,776.58,776.68,48.067
2026-09-25 08:28:00,776.68,776.92,776.31,776.44,52.321
2026-09-25 08:29:00,776.44,776.72,776.28,776.28,36.754
2026-09-25 08:30:00,776.29,776.5,776.01,776.01,99.739
2026-09-25 08:31:00,776.01,776.11,775.76,776.0,240.596
2026-09-25 08:32:00,776.0,776.0,775.55,775.83,41.125
2026-09-25 08:33:00,775.83,776.04,775.72,775.84,88.226
2026-09-25 08:34:00,775.83,775.87,775.55,775.61,147.526
2026-09-25 08:35:00,775.61,775.73,775.61,775.66,10.312
2026-09-25 08:36:00,775.65,775.7,775.4,775.59,87.786
2026-09-25 08:37:00,775.58,775.72,775.43,775.55,38.412
2026-09-25 08:38:00,775.55,775.82,775.43,775.81,43.165
2026-09-25 08:39:00,775.81,775.81,775.44,775.52,261.596
2026-09-25 08:40:00,775.52,775.8,775.52,775.79,36.114
2026-09-25 08:41:00,775.79,775.79,775.47,775.55,81.853
2026-09-25 08:42:00,775.55,775.68,775.46,775.53,126.635
2026-09-25 08:43:00,775.52,775.55,775.52,775.55,25.899
2026-09-25 08:44:00,775.55,775.78,775.55,775.59,48.485
2026-09-25 08:45:00,775.6,775.67,775.59,775.64,57.938
2026-09-25 08:46:00,775.64,775.77,775.59,775.59,36.396
2026-09-25 08:47:00,775.6,775.61,775.38,775.38,45.017
2026-09-25 08:48:00,775.39,775.4,775.2,775.21,47.074
2026-09-25 08:49:00,775.2,775.21,775.01,775.01,22.828
2026-09-25 08:50:00,775.01,775.11,775.0,775.11,10.934
2026-09-25 08:51:00,775.1,775.59,775.1,775.36,43.605
2026-09-25 08:52:00,775.36,775.56,775.35,775.4,13.607
2026-09-25 08:53:00,775.41,775.49,775.06,775.06,98.784
2026-09-25 08:54:00,775.05,775.23,775.0,775.21,19.899
2026-09-25 08:55:00,775.22,775.41,775.22,775.4,47.885
2026-09-25 08:56:00,775.4,775.53,775.35,775.53,13.339
2026-09-25 08:57:00,775.53,775.68,775.3,775.46,266.189
2026-09-25 08:58:00,775.45,775.46,775.41,775.42,16.358
2026-09-25 08:59:00,775.42,775.45,775.15,775.2,49.409
2026-09-25 09:00:00,775.21,775.21,775.09,775.1,59.419
2026-09-25 09:01:00,775.1,775.48,775.1,775.45,120.129
2026-09-25 09:02:00,775.45,775.53,775.39,775.45,49.953
2026-09-25 09:03:00,775.45,775.55,775.44,775.55,11.644
2026-09-25 09:04:00,775.55,775.93,775.44,775.93,51.311
2026-09-25 09:05:00,775.92,776.2,775.92,776.19,106.115
2026-09-25 09:06:00,776.2,776.52,775.96,776.52,49.907
2026-09-25 09:07:00,776.53,776.57,776.53,776.55,28.588
2026-09-25 09:08:00,776.55,776.64,776.15,776.15,171.014
2026-09-25 09:09:00,776.15,776.33,775.93,776.32,133.01
2026-09-25 09:10:00,776.32,776.32,776.08,776.15,35.176
2026-09-25 09:11:00,776.14,776.21,776.14,776.18,25.595
2026-09-25 09:12:00,776.19,776.19,775.93,775.94,44.415
2026-09-25 09:13:00,775.94,776.04,775.93,776.04,61.734
2026-09-25 09:14:00,776.04,776.04,775.93,775.94,14.593
2026-09-25 09:15:00,775.94,776.01,775.65,775.7,512.086
2026-09-25 09:16:00,775.7,775.81,775.66,775.67,85.897
2026-09-25 09:17:00,775.68,775.73,775.53,775.6,34.676
2026-09-25 09:18:00,775.6,776.27,775.5,776.27,87.602
2026-09-25 09:19:00,776.27,776.27,775.81,775.84,56.933
2026-09-25 09:20:00,775.84,775.84,775.5,775.5,42.069
2026-09-25 09:21:00,775.5,775.51,775.32,775.33,21.382
2026-09-25 09:22:00,775.32,776.24,775.32,775.82,351.96
2026-09-25 09:23:00,775.82,776.06,775.82,775.98,71.326
2026-09-25 09:24:00,775.99,776.32,775.99,776.31,55.336
2026-09-25 09:25:00,776.31,776.46,776.14,776.32,19.839
2026-09-25 09:26:00,776.32,776.95,776.32,776.95,13.308
2026-09-25 09:27:00,776.95,777.82,776.94,777.66,175.718
2026-09-25 09:28:00,777.66,778.71,777.66,778.68,317.718
2026-09-25 09:29:00,778.69,778.69,778.45,778.56,61.993
2026-09-25 09:30:00,778.56,780.14,778.31,779.44,294.546
2026-09-25 09:31:00,779.43,779.81,778.72,778.73,834.415
2026-09-25 09:32:00,778.73,778.74,777.89,777.92,121.326
2026-09-25 09:33:00,777.93,777.93,777.74,777.74,39.692
2026-09-25 09:34:00,777.75,778.18,777.75,778.0,82.353
2026-09-25 09:35:00,778.0,778.01,777.77,777.79,120.035
2026-09-25 09:36:00,777.79,777.89,777.59,777.59,35.802
2026-09-25 09:37:00,777.6,777.61,777.49,777.49,65.195
2026-09-25 09:38:00,777.5,777.74,777.49,777.68,84.388
2026-09-25 09:39:00,777.69,777.69,777.5,777.65,94.934
2026-09-25 09:40:00,777.66,777.73,777.28,777.32,107.618
2026-09-25 09:41:00,777.32,777.32,777.0,777.08,215.191
2026-09-25 09:42:00,777.09,777.1,776.79,776.88,114.806
2026-09-25 09:43:00,776.88,776.88,776.71,776.8,28.981
2026-09-25 09:44:00,776.8,776.96,776.67,776.68,55.589
2026-09-25 09:45:00,776.68,776.71,776.23,776.23,79.471
2026-09-25 09:46:00,776.24,776.52,776.06,776.52,147.366
2026-09-25 09:47:00,776.53,776.53,776.07,776.08,103.909
2026-09-25 09:48:00,776.08,776.08,775.75,775.85,95.94
2026-09-25 09:49:00,775.85,776.11,775.84,775.96,49.182
2026-09-25 09:50:00,775.96,776.14,775.85,776.1,101.536
2026-09-25 09:51:00,776.1,776.29,775.93,776.29,103.065
2026-09-25 09:52:00,776.29,776.53,776.29,776.29,59.703
2026-09-25 09:53:00,776.3,776.62,776.29,776.62,31.975
2026-09-25 09:54:00,776.62,776.62,776.38,776.39,30.251
2026-09-25 09:55:00,776.38,776.68,776.23,776.6,152.397
2026-09-25 09:56:00,776.6,776.83,776.41,776.8,75.654
2026-09-25 09:57:00,776.79,776.79,776.65,776.66,25.577
2026-09-25 09:58:00,776.66,777.06,776.65,777.06,95.845
2026-09-25 09:59:00,777.05,777.18,776.92,776.92,154.901
2026-09-25 10:00:00,776.92,776.92,776.71,776.78,36.6
2026-09-25 10:01:00,776.77,776.77,775.68,775.69,313.122
2026-09-25 10:02:00,775.68,775.68,775.01,775.02,48.443
2026-09-25 10:03:00,775.01,775.19,774.67,774.98,190.875
2026-09-25 10:04:00,774.99,774.99,774.73,774.77,43.873
2026-09-25 10:05:00,774.76,774.76,774.44,774.7,22.681
2026-09-25 10:06:00,774.7,774.91,774.64,774.91,35.514
2026-09-25 10:07:00,774.91,774.91,774.71,774.73,58.751
2026-09-25 10:08:00,774.73,774.79,774.72,774.79,18.241
2026-09-25 10:09:00,774.79,775.42,774.79,775.36,39.935
2026-09-25 10:10:00,775.37,775.57,775.22,775.56,51.34
2026-09-25 10:11:00,775.56,775.58,775.44,775.58,47.916
2026-09-25 10:12:00,775.58,775.6,775.57,775.6,28.823
2026-09-25 10:13:00,775.6,775.76,775.58,775.73,91.775
2026-09-25 10:14:00,775.73,775.73,775.55,775.59,116.827
2026-09-25 10:15:00,775.59,775.61,775.58,775.59,51.247
2026-09-25 10:16:00,775.6,775.62,775.27,775.61,133.043
2026-09-25 10:17:00,775.61,775.9,775.61,775.65,89.235
2026-09-25 10:18:00,775.64,775.65,775.33,775.43,57.555
2026-09-25 10:19:00,775.43,775.44,775.25,775.25,34.601
2026-09-25 10:20:00,775.25,775.51,775.23,775.51,84.295
2026-09-25 10:21:00,775.5,775.51,775.26,775.45,43.178
2026-09-25 10:22:00,775.44,775.44,774.64,775.04,412.934
2026-09-25 10:23:00,775.04,775.42,774.94,775.4,81.583
2026-09-25 10:24:00,775.4,775.53,775.38,775.46,93.446
2026-09-25 10:25:00,775.45,775.7,775.45,775.59,55.181
2026-09-25 10:26:00,775.59,775.77,775.56,775.77,34.135
2026-09-25 10:27:00,775.77,776.31,775.77,776.31,27.518
2026-09-25 10:28:00,776.3,776.81,776.3,776.81,96.75
2026-09-25 10:29:00,776.81,777.08,776.76,776.99,107.215
2026-09-25 10:30:00,776.99,777.34,776.56,777.34,271.082
2026-09-25 10:31:00,777.33,777.33,776.33,776.55,65.94
2026-09-25 10:32:00,776.55,776.64,776.42,776.47,168.807
2026-09-25 10:33:00,776.47,776.76,776.3,776.7,71.48
2026-09-25 10:34:00,776.69,777.0,776.59,776.73,67.29
2026-09-25 10:35:00,776.73,776.73,776.43,776.44,29.048
2026-09-25 10:36:00,776.44,776.51,776.4,776.44,31.732
2026-09-25 10:37:00,776.43,776.81,776.43,776.58,37.17
2026-09-25 10:38:00,776.58,776.8,776.49,776.61,100.85
2026-09-25 10:39:00,776.62,776.72,776.53,776.57,37.576
2026-09-25 10:40:00,776.56,776.77,776.43,776.47,135.801
2026-09-25 10:41:00,776.47,776.51,776.46,776.51,43.464
2026-09-25 10:42:00,776.5,776.96,776.5,776.96,168.925
2026-09-25 10:43:00,776.97,777.22,776.72,776.74,79.864
2026-09-25 10:44:00,776.74,777.0,776.74,776.97,20.668
2026-09-25 10:45:00,776.97,776.97,776.72,776.79,28.306
2026-09-25 10:46:00,776.79,776.96,776.78,776.96,23.766
2026-09-25 10:47:00,776.96,776.96,776.8,776.92,50.578
2026-09-25 10:48:00,776.92,777.03,776.85,777.02,102.271
2026-09-25 10:49:00,777.02,777.03,776.81,776.94,89.173
2026-09-25 10:50:00,776.93,777.01,776.9,776.99,35.817
2026-09-25 10:51:00,776.98,777.33,776.81,777.33,64.294
2026-09-25 10:52:00,777.34,777.37,777.09,777.1,39.136
2026-09-25 10:53:00,777.1,777.41,777.0,777.36,118.271
2026-09-25 10:54:00,777.36,777.5,777.29,777.4,54.22
2026-09-25 10:55:00,777.4,777.41,776.92,776.93,191.317
2026-09-25 10:56:00,776.93,777.09,776.91,777.08,40.703
2026-09-25 10:57:00,777.08,777.11,776.94,776.95,61.966
2026-09-25 10:58:00,776.95,777.17,776.81,776.86,327.412
2026-09-25 10:59:00,776.85,776.86,776.81,776.84,72.525
2026-09-25 11:00:00,776.85,776.87,776.64,776.65,145.509
2026-09-25 11:01:00,776.64,777.25,776.64,777.18,73.327
2026-09-25 11:02:00,777.19,777.19,776.94,777.04,32.721
2026-09-25 11:03:00,777.04,777.19,777.03,777.19,26.6
2026-09-25 11:04:00,777.19,777.52,777.12,777.52,50.391
2026-09-25 11:05:00,777.52,777.82,777.48,777.82,52.376
2026-09-25 11:06:00,777.82,779.44,777.82,779.28,404.325
2026-09-25 11:07:00,779.27,780.04,779.09,779.84,350.594
2026-09-25 11:08:00,779.84,780.85,779.84,780.84,237.474
2026-09-25 11:09:00,780.84,781.18,780.8,781.17,463.208
2026-09-25 11:10:00,781.18,781.39,780.97,781.3,373.316
2026-09-25 11:11:00,781.3,781.62,781.05,781.48,719.321
2026-09-25 11:12:00,781.49,781.96,781.35,781.95,270.547
2026-09-25 11:13:00,781.96,781.96,781.44,781.44,302.867
2026-09-25 11:14:00,781.44,790.29,781.44,784.28,6396.217
2026-09-25 11:15:00,784.28,784.82,783.54,783.54,727.843
2026-09-25 11:16:00,783.55,783.56,783.0,783.02,927.177
2026-09-25 11:17:00,783.01,783.02,782.0,782.0,1234.605
2026-09-25 11:18:00,782.01,782.01,780.88,780.96,495.495
2026-09-25 11:19:00,780.97,781.59,780.97,781.21,524.868
2026-09-25 11:20:00,781.22,781.4,781.09,781.19,182.893
2026-09-25 11:21:00,781.19,781.2,780.9,780.96,167.215
2026-09-25 11:22:00,780.96,781.7,780.89,781.3,235.986
2026-09-25 11:23:00,781.3,781.48,780.44,780.44,282.135
2026-09-25 11:24:00,780.44,780.97,780.04,780.97,322.137
2026-09-25 11:25:00,780.96,780.97,780.61,780.85,144.975
2026-09-25 11:26:00,780.84,781.5,777.24,780.06,5677.611
2026-09-25 11:27:00,779.95,780.4,779.9,780.08,382.053
2026-09-25 11:28:00,780.09,780.3,779.59,780.17,284.578
2026-09-25 11:29:00,780.16,780.24,779.55,779.76,221.322
2026-09-25 11:30:00,779.77,780.09,779.4,779.75,337.377
2026-09-25 11:31:00,779.74,780.12,779.74,780.02,204.202
2026-09-25 11:32:00,780.01,780.14,779.93,780.12,168.119
2026-09-25 11:33:00,780.12,780.19,779.96,780.0,158.595
2026-09-25 11:34:00,780.01,780.51,780.0,780.44,182.439
2026-09-25 11:35:00,780.45,781.11,780.45,780.7,197.163
2026-09-25 11:36:00,780.7,780.7,780.2,780.21,201.955
2026-09-25 11:37:00,780.21,780.27,779.84,780.13,405.59
2026-09-25 11:38:00,780.13,780.29,780.02,780.14,145.158
2026-09-25 11:39:00,780.14,780.14,779.79,779.99,201.755
2026-09-25 11:40:00,780.0,780.28,779.99,780.15,173.84
2026-09-25 11:41:00,780.15,780.16,779.74,779.79,237.855
2026-09-25 11:42:00,779.79,779.88,779.66,779.8,128.799
2026-09-25 11:43:00,779.8,779.97,779.68,779.94,108.108
2026-09-25 11:44:00,779.94,779.94,779.79,779.88,109.767
2026-09-25 11:45:00,779.87,780.17,779.6,779.61,116.953
2026-09-25 11:46:00,779.61,779.96,779.54,779.95,114.757
2026-09-25 11:47:00,779.96,780.17,779.9,779.97,130.213
2026-09-25 11:48:00,779.97,779.97,779.11,779.25,95.042
2026-09-25 11:49:00,779.26,780.12,779.26,779.57,251.834
2026-09-25 11:50:00,779.57,779.75,779.29,779.53,163.613
2026-09-25 11:51:00,779.53,779.89,779.48,779.81,68.101
2026-09-25 11:52:00,779.81,779.81,779.23,779.24,221.833
2026-09-25 11:53:00,779.24,779.32,779.0,779.01,105.488
2026-09-25 11:54:00,779.0,779.01,778.67,778.81,103.328
2026-09-25 11:55:00,778.8,779.0,778.75,778.76,66.5
2026-09-25 11:56:00,778.76,778.76,778.46,778.69,76.254
2026-09-25 11:57:00,778.69,779.36,778.68,779.34,176.677
2026-09-25 11:58:00,779.34,779.61,779.33,779.6,53.844
2026-09-25 11:59:00,779.61,779.85,779.27,779.27,79.369
2026-09-25 12:00:00,779.28,779.98,779.28,779.92,173.767
2026-09-25 12:01:00,779.91,780.01,779.81,779.87,60.824
2026-09-25 12:02:00,779.86,780.29,779.86,779.94,126.825
2026-09-25 12:03:00,779.94,780.59,779.94,780.29,134.445
2026-09-25 12:04:00,780.3,780.33,779.94,779.99,73.803
2026-09-25 12:05:00,780.0,780.0,779.53,779.53,133.464
2026-09-25 12:06:00,779.54,779.54,779.49,779.53,40.562
2026-09-25 12:07:00,779.53,780.08,779.44,780.05,118.524
2026-09-25 12:08:00,780.06,780.06,779.65,779.86,92.284
2026-09-25 12:09:00,779.86,780.02,779.64,779.82,108.952
2026-09-25 12:10:00,779.82,780.54,779.75,780.18,386.135
2026-09-25 12:11:00,780.19,780.19,779.66,779.81,61.002
2026-09-25 12:12:00,779.82,780.0,779.68,779.68,53.609
2026-09-25 12:13:00,779.68,779.69,778.0,778.0,243.011
2026-09-25 12:14:00,778.0,778.0,776.69,777.76,468.816
2026-09-25 12:15:00,777.77,777.77,776.24,776.25,156.369
2026-09-25 12:16:00,776.25,776.83,775.15,775.47,214.526
2026-09-25 12:17:00,775.46,776.3,775.0,775.0,1009.892
2026-09-25 12:18:00,775.01,775.97,775.0,775.4,330.393
2026-09-25 12:19:00,775.4,775.7,774.85,775.7,4031.824
2026-09-25 12:20:00,775.7,776.82,775.5,776.77,227.111
2026-09-25 12:21:00,776.78,777.28,776.77,776.9,147.198
2026-09-25 12:22:00,776.9,777.4,776.9,777.32,174.034
2026-09-25 12:23:00,777.32,777.89,777.08,777.23,254.79
2026-09-25 12:24:00,777.23,778.11,777.23,777.91,133.29
2026-09-25 12:25:00,777.91,778.47,777.36,778.24,219.629
2026-09-25 12:26:00,778.24,778.43,778.02,778.28,168.783
2026-09-25 12:27:00,778.27,778.69,778.07,778.11,110.308
2026-09-25 12:28:00,778.11,778.64,778.11,778.63,197.557
2026-09-25 12:29:00,778.63,778.78,778.58,778.65,123.888
2026-09-25 12:30:00,778.65,779.72,778.65,779.08,233.462
2026-09-25 12:31:00,779.08,779.66,778.66,778.89,122.768
2026-09-25 12:32:00,778.89,779.07,778.14,778.97,137.582
2026-09-25 12:33:00,778.96,779.18,778.66,779.01,73.994
2026-09-25 12:34:00,779.01,779.1,778.63,778.87,75.259
2026-09-25 12:35:00,778.87,779.48,778.63,779.12,107.384
2026-09-25 12:36:00,779.12,779.13,778.9,778.9,92.807
2026-09-25 12:37:00,778.9,779.1,778.69,778.93,89.181
2026-09-25 12:38:00,778.92,779.36,778.87,779.15,92.906
2026-09-25 12:39:00,779.16,779.5,779.01,779.36,92.064
2026-09-25 12:40:00,779.36,779.36,778.95,779.14,125.967
2026-09-25 12:41:00,779.13,779.77,778.74,778.77,487.262
2026-09-25 12:42:00,778.78,778.99,778.51,778.58,60.102
2026-09-25 12:43:00,778.58,778.58,777.86,777.86,129.456
2026-09-25 12:44:00,777.86,778.72,777.81,778.08,196.234
2026-09-25 12:45:00,778.09,778.26,777.1,777.74,130.744
2026-09-25 12:46:00,777.75,778.41,777.08,777.64,309.18
2026-09-25 12:47:00,777.63,778.5,777.28,778.5,142.414
2026-09-25 12:48:00,778.5,778.67,777.7,777.7,179.753
2026-09-25 12:49:00,777.69,777.78,777.2,777.35,184.943
2026-09-25 12:50:00,777.36,777.65,777.33,777.64,65.533
2026-09-25 12:51:00,777.64,777.81,777.22,777.52,74.904
2026-09-25 12:52:00,777.53,777.53,776.85,777.03,100.62
2026-09-25 12:53:00,777.04,777.45,776.85,777.36,127.803
2026-09-25 12:54:00,777.37,777.72,777.36,777.56,51.632
2026-09-25 12:55:00,777.55,778.04,777.37,777.97,63.348
2026-09-25 12:56:00,777.97,778.12,777.71,778.11,130.603
2026-09-25 12:57:00,778.11,778.13,777.64,777.98,107.193
2026-09-25 12:58:00,777.98,778.21,777.86,778.2,53.029
2026-09-25 12:59:00,778.2,778.21,777.61,777.67,88.51
2026-09-25 13:00:00,777.68,777.68,776.39,776.47,309.85
2026-09-25 13:01:00,776.47,777.27,776.39,777.27,64.14
2026-09-25 13:02:00,777.27,777.52,777.01,777.13,99.084
2026-09-25 13:03:00,777.13,777.79,777.13,777.61,155.939
2026-09-25 13:04:00,777.61,777.84,777.5,777.77,73.812
2026-09-25 13:05:00,777.76,778.34,777.76,778.33,92.162
2026-09-25 13:06:00,778.32,778.65,778.08,778.08,97.683
2026-09-25 13:07:00,778.09,778.1,777.71,777.87,65.802
2026-09-25 13:08:00,777.86,778.11,777.5,777.64,306.161
2026-09-25 13:09:00,777.63,777.96,777.31,777.61,152.192
2026-09-25 13:10:00,777.61,777.61,777.15,777.18,61.276
2026-09-25 13:11:00,777.17,777.22,777.0,777.06,76.354
2026-09-25 13:12:00,777.05,777.1,777.0,777.05,62.129
2026-09-25 13:13:00,777.05,777.17,777.0,777.01,194.549
2026-09-25 13:14:00,777.0,777.17,776.83,777.09,72.219
2026-09-25 13:15:00,777.1,777.87,776.98,777.86,202.311
2026-09-25 13:16:00,777.86,777.93,777.21,777.41,70.155
2026-09-25 13:17:00,777.4,777.4,776.95,776.97,53.989
2026-09-25 13:18:00,776.97,777.29,776.45,776.53,162.393
2026-09-25 13:19:00,776.54,776.69,775.9,775.95,79.198
2026-09-25 13:20:00,775.94,776.27,775.75,775.76,54.375
2026-09-25 13:21:00,775.76,775.99,775.43,775.86,61.711
2026-09-25 13:22:00,775.85,776.13,775.77,776.12,23.951
2026-09-25 13:23:00,776.13,776.48,776.03,776.03,48.837
2026-09-25 13:24:00,776.03,776.23,775.85,775.85,61.246
2026-09-25 13:25:00,775.85,775.86,775.0,775.03,98.441
2026-09-25 13:26:00,775.03,775.19,774.84,775.19,95.985
2026-09-25 13:27:00,775.19,775.24,774.37,774.7,114.401
2026-09-25 13:28:00,774.71,775.92,774.5,775.56,208.556
2026-09-25 13:29:00,775.56,775.56,774.87,774.87,53.26
2026-09-25 13:30:00,774.87,774.87,773.8,774.37,134.515
2026-09-25 13:31:00,774.36,774.37,772.8,773.58,327.798
2026-09-25 13:32:00,773.57,773.64,772.86,773.49,52.648
2026-09-25 13:33:00,773.5,774.5,773.38,774.5,99.041
2026-09-25 13:34:00,774.5,775.0,774.45,775.0,109.058
2026-09-25 13:35:00,775.0,776.58,774.77,776.58,230.318
2026-09-25 13:36:00,776.57,777.04,775.48,775.58,179.66
2026-09-25 13:37:00,775.57,775.88,775.0,775.38,99.416
2026-09-25 13:38:00,775.37,775.49,775.2,775.39,20.114
2026-09-25 13:39:00,775.39,775.42,774.69,775.2,51.947
2026-09-25 13:40:00,775.19,775.37,774.93,775.11,53.032
2026-09-25 13:41:00,775.13,775.18,774.6,774.72,79.53
2026-09-25 13:42:00,774.72,774.8,774.23,774.66,51.177
2026-09-25 13:43:00,774.66,774.73,773.84,773.85,59.002
2026-09-25 13:44:00,773.84,774.48,773.18,774.29,114.458
2026-09-25 13:45:00,774.29,774.83,773.86,774.14,115.534
2026-09-25 13:46:00,774.13,774.14,772.24,772.25,253.74
2026-09-25 13:47:00,772.24,772.24,771.07,772.07,375.733
2026-09-25 13:48:00,772.06,772.47,771.44,772.14,145.257
2026-09-25 13:49:00,772.15,772.91,772.15,772.57,116.693
2026-09-25 13:50:00,772.56,773.68,772.4,773.48,81.182
2026-09-25 13:51:00,773.48,773.68,772.94,773.29,122.293
2026-09-25 13:52:00,773.28,774.41,773.28,774.34,157.279
2026-09-25 13:53:00,774.33,774.93,774.01,774.92,59.43
2026-09-25 13:54:00,774.91,775.81,774.65,775.62,129.98
2026-09-25 13:55:00,775.64,775.82,775.13,775.46,332.333
2026-09-25 13:56:00,775.47,775.47,774.57,774.67,60.776
2026-09-25 13:57:00,774.67,774.67,774.08,774.32,28.276
2026-09-25 13:58:00,774.32,774.47,774.01,774.14,56.945
2026-09-25 13:59:00,774.13,774.32,773.61,774.09,110.564
2026-09-25 14:00:00,774.09,774.68,773.5,774.17,27.998
2026-09-25 14:01:00,774.18,774.2,773.7,773.82,45.987
2026-09-25 14:02:00,773.79,773.79,772.2,772.21,140.675
2026-09-25 14:03:00,772.2,772.2,770.22,771.09,316.302
2026-09-25 14:04:00,771.08,771.23,769.02,769.17,922.652
2026-09-25 14:05:00,769.18,769.83,768.58,769.18,485.681
2026-09-25 14:06:00,769.16,770.93,769.1,770.18,443.146
2026-09-25 14:07:00,770.18,771.03,770.05,770.76,150.805
2026-09-25 14:08:00,770.76,771.83,770.5,771.83,64.67
2026-09-25 14:09:00,771.86,772.13,771.34,771.53,92.127
2026-09-25 14:10:00,771.53,772.17,771.44,771.52,132.842
2026-09-25 14:11:00,771.52,773.0,771.52,772.87,252.657
2026-09-25 14:12:00,772.83,773.36,772.74,772.96,63.626
2026-09-25 14:13:00,772.96,773.48,772.85,773.14,32.354
2026-09-25 14:14:00,773.11,773.14,772.0,772.47,325.639
2026-09-25 14:15:00,772.47,773.8,771.78,773.79,351.723
2026-09-25 14:16:00,773.79,774.15,772.85,772.86,81.693
2026-09-25 14:17:00,772.85,772.9,772.23,772.24,100.985
2026-09-25 14:18:00,772.23,773.27,772.22,773.04,49.597
2026-09-25 14:19:00,773.04,773.36,772.32,773.22,121.035
2026-09-25 14:20:00,773.21,773.35,772.78,773.34,73.665
2026-09-25 14:21:00,773.35,774.17,773.35,774.15,84.065
2026-09-25 14:22:00,774.16,774.64,774.08,774.12,76.625
2026-09-25 14:23:00,774.12,774.48,773.83,773.84,63.156
2026-09-25 14:24:00,773.84,774.1,773.12,773.56,96.958
2026-09-25 14:25:00,773.6,774.08,773.26,773.49,58.856
2026-09-25 14:26:00,773.5,774.18,773.43,773.86,281.376
2026-09-25 14:27:00,773.87,773.87,773.03,773.03,139.263
2026-09-25 14:28:00,773.03,773.51,773.02,773.48,48.547
2026-09-25 14:29:00,773.49,773.97,773.19,773.26,35.232
2026-09-25 14:30:00,773.31,774.1,773.2,773.99,45.931
2026-09-25 14:31:00,774.0,774.64,773.97,774.63,36.321
2026-09-25 14:32:00,774.64,774.69,774.13,774.67,79.204
2026-09-25 14:33:00,774.67,774.69,774.34,774.51,42.187
2026-09-25 14:34:00,774.52,775.23,774.51,775.11,146.145
2026-09-25 14:35:00,775.12,775.5,775.01,775.22,139.704
2026-09-25 14:36:00,775.22,776.03,775.21,776.02,199.787
2026-09-25 14:37:00,775.95,776.03,775.7,775.71,91.441
2026-09-25 14:38:00,775.71,776.03,775.7,775.92,44.728
2026-09-25 14:39:00,775.91,775.99,775.5,775.51,55.396
2026-09-25 14:40:00,775.5,775.51,774.3,774.3,122.502
2026-09-25 14:41:00,774.31,775.07,774.3,774.51,76.163
2026-09-25 14:42:00,774.52,775.07,774.32,774.85,14.309
2026-09-25 14:43:00,774.86,775.1,773.66,773.73,99.918
2026-09-25 14:44:00,773.65,774.03,773.61,773.64,55.456
2026-09-25 14:45:00,773.65,774.11,772.62,774.11,244.662
2026-09-25 14:46:00,774.11,774.77,773.76,774.34,173.487
2026-09-25 14:47:00,774.33,774.77,774.08,774.54,49.609
2026-09-25 14:48:00,774.59,774.91,774.26,774.74,126.194
2026-09-25 14:49:00,774.75,774.96,774.55,774.56,49.913
2026-09-25 14:50:00,774.56,774.56,773.78,773.99,106.663
2026-09-25 14:51:00,773.99,774.38,773.57,773.57,51.492
2026-09-25 14:52:00,773.57,773.57,772.8,773.23,102.615
2026-09-25 14:53:00,773.21,774.24,773.11,774.19,41.207
2026-09-25 14:54:00,774.16,774.62,774.15,774.58,27.606
2026-09-25 14:55:00,774.58,775.19,774.57,775.18,47.144
2026-09-25 14:56:00,775.18,775.64,775.08,775.32,98.094
2026-09-25 14:57:00,775.3,775.59,775.26,775.34,26.495
2026-09-25 14:58:00,775.35,775.55,774.92,775.33,228.574
2026-09-25 14:59:00,775.33,775.94,775.33,775.94,29.558
2026-09-25 15:00:00,775.94,776.01,775.56,776.01,73.122
2026-09-25 15:01:00,776.01,776.4,775.9,776.31,72.712
2026-09-25 15:02:00,776.3,776.82,775.7,775.74,133.309
2026-09-25 15:03:00,775.73,775.86,775.16,775.44,45.198
2026-09-25 15:04:00,775.43,775.74,774.78,774.83,42.498
2026-09-25 15:05:00,774.83,775.62,774.83,774.94,92.513
2026-09-25 15:06:00,774.95,775.37,774.84,774.93,27.298
2026-09-25 15:07:00,774.95,775.44,774.9,775.44,36.997
2026-09-25 15:08:00,775.44,776.1,775.43,776.09,19.008
2026-09-25 15:09:00,776.1,776.34,775.92,775.98,130.36
2026-09-25 15:10:00,775.98,776.04,775.56,775.74,19.495
2026-09-25 15:11:00,775.75,776.02,775.0,775.51,576.781
2026-09-25 15:12:00,775.51,776.34,775.32,775.8,606.296
2026-09-25 15:13:00,775.81,776.15,775.8,776.02,32.781
2026-09-25 15:14:00,776.02,776.31,775.91,776.31,25.124
2026-09-25 15:15:00,776.31,776.57,775.7,776.14,109.276
2026-09-25 15:16:00,776.14,776.47,775.99,776.34,69.778
2026-09-25 15:17:00,776.34,776.34,775.8,776.07,49.397
2026-09-25 15:18:00,776.07,776.25,775.78,775.78,42.508
2026-09-25 15:19:00,775.79,775.79,775.23,775.23,55.35
2026-09-25 15:20:00,775.23,775.26,774.81,775.25,84.657
2026-09-25 15:21:00,775.26,776.04,774.96,776.04,150.089
2026-09-25 15:22:00,776.04,776.16,775.82,775.82,85.506
2026-09-25 15:23:00,775.83,776.06,775.68,775.8,36.12
2026-09-25 15:24:00,775.79,775.79,775.33,775.47,34.92
2026-09-25 15:25:00,775.46,775.46,774.68,774.86,59.296
2026-09-25 15:26:00,774.86,774.97,774.61,774.96,58.952
2026-09-25 15:27:00,774.96,775.05,774.46,774.68,44.371
2026-09-25 15:28:00,774.68,774.68,774.2,774.43,67.549
2026-09-25 15:29:00,774.44,774.67,774.23,774.64,60.329
2026-09-25 15:30:00,774.63,775.46,774.3,774.45,92.608
2026-09-25 15:31:00,774.45,774.81,774.27,774.59,57.38
2026-09-25 15:32:00,774.59,775.6,774.59,774.95,60.005
2026-09-25 15:33:00,774.9,775.2,774.55,774.55,64.677
2026-09-25 15:34:00,774.56,774.58,773.91,774.11,102.595
2026-09-25 15:35:00,774.11,774.27,773.73,774.02,63.746
2026-09-25 15:36:00,774.03,774.28,773.91,774.01,29.109
2026-09-25 15:37:00,774.02,774.26,773.58,773.78,35.874
2026-09-25 15:38:00,773.79,774.0,773.05,773.05,66.789
2026-09-25 15:39:00,773.06,773.28,772.48,772.48,76.468
2026-09-25 15:40:00,772.49,773.37,772.17,773.37,155.954
2026-09-25 15:41:00,773.37,773.6,773.15,773.15,51.846
2026-09-25 15:42:00,773.16,773.16,772.46,772.8,64.361
2026-09-25 15:43:00,772.8,772.95,772.2,772.21,67.531
2026-09-25 15:44:00,772.21,772.48,772.1,772.1,40.091
2026-09-25 15:45:00,772.1,772.53,772.05,772.11,56.002
2026-09-25 15:46:00,772.11,772.92,771.84,772.74,89.049
2026-09-25 15:47:00,772.74,773.28,772.26,772.4,83.333
2026-09-25 15:48:00,772.4,772.55,772.16,772.25,28.285
2026-09-25 15:49:00,772.25,772.32,771.95,772.03,34.431
2026-09-25 15:50:00,772.04,772.24,771.32,771.64,210.465
2026-09-25 15:51:00,771.64,771.64,771.16,771.16,54.907
2026-09-25 15:52:00,771.16,771.84,771.09,771.55,62.671
2026-09-25 15:53:00,771.6,771.7,771.35,771.69,42.043
2026-09-25 15:54:00,771.7,772.29,771.37,771.81,131.625
2026-09-25 15:55:00,771.86,772.46,771.86,772.3,51.037
2026-09-25 15:56:00,772.3,773.29,772.21,773.28,90.834
2026-09-25 15:57:00,773.23,773.68,773.22,773.58,100.011
2026-09-25 15:58:00,773.58,774.2,773.58,774.09,126.465
2026-09-25 15:59:00,774.09,774.57,773.87,774.45,120.611
2026-09-25 16:00:00,774.45,775.29,774.43,775.28,122.699
2026-09-25 16:01:00,775.29,775.41,774.96,775.38,178.903
2026-09-25 16:02:00,775.38,775.89,775.38,775.68,101.89
2026-09-25 16:03:00,775.68,775.88,775.48,775.87,32.865
2026-09-25 16:04:00,775.87,775.87,775.34,775.82,28.245
2026-09-25 16:05:00,775.83,776.23,775.59,776.23,129.428
2026-09-25 16:06:00,776.23,776.93,776.02,776.78,181.548
2026-09-25 16:07:00,776.79,776.79,775.74,776.22,135.273
2026-09-25 16:08:00,776.23,776.45,776.0,776.1,45.158
2026-09-25 16:09:00,776.09,776.16,775.72,776.14,84.8
2026-09-25 16:10:00,776.13,776.35,775.82,775.82,104.219
2026-09-25 16:11:00,775.81,776.17,775.72,776.17,29.756
2026-09-25 16:12:00,776.16,776.51,774.4,774.49,355.889
2026-09-25 16:13:00,774.48,774.84,773.4,774.06,413.806
2026-09-25 16:14:00,774.06,774.22,773.9,774.22,40.024
2026-09-25 16:15:00,774.21,774.78,774.21,774.76,48.319
2026-09-25 16:16:00,774.76,775.14,774.74,775.11,23.335
2026-09-25 16:17:00,775.1,775.23,774.4,774.4,61.692
2026-09-25 16:18:00,774.39,774.75,774.23,774.23,34.745
2026-09-25 16:19:00,774.24,774.7,774.08,774.66,30.159
2026-09-25 16:20:00,774.66,774.77,774.08,774.09,33.237
2026-09-25 16:21:00,774.09,774.15,773.67,773.68,49.241
2026-09-25 16:22:00,773.68,773.95,773.58,773.79,49.624
2026-09-25 16:23:00,773.79,773.83,773.41,773.66,67.985
2026-09-25 16:24:00,773.65,773.84,773.41,773.75,138.116
2026-09-25 16:25:00,773.75,773.96,773.67,773.73,28.521
2026-09-25 16:26:00,773.74,774.4,773.71,774.4,34.997
2026-09-25 16:27:00,774.42,774.46,774.29,774.38,31.052
2026-09-25 16:28:00,774.38,774.44,774.29,774.29,20.472
2026-09-25 16:29:00,774.3,774.54,774.29,774.46,34.046
2026-09-25 16:30:00,774.47,774.49,774.3,774.48,74.652
2026-09-25 16:31:00,774.48,774.6,774.31,774.59,38.273
2026-09-25 16:32:00,774.59,774.73,774.47,774.55,30.025
2026-09-25 16:33:00,774.56,775.01,774.48,774.49,225.765
2026-09-25 16:34:00,774.48,774.48,773.12,773.32,172.324
2026-09-25 16:35:00,773.32,773.96,773.16,773.96,92.336
2026-09-25 16:36:00,773.96,774.16,773.87,774.16,28.944
2026-09-25 16:37:00,774.17,774.65,773.92,773.92,146.826
2026-09-25 16:38:00,773.92,773.92,773.49,773.85,48.972
2026-09-25 16:39:00,773.87,774.1,773.87,774.1,37.971
2026-09-25 16:40:00,774.1,774.24,773.78,773.86,124.268
2026-09-25 16:41:00,773.87,774.41,773.87,774.34,32.304
2026-09-25 16:42:00,774.35,774.58,774.27,774.28,92.647
2026-09-25 16:43:00,774.29,774.77,774.29,774.61,19.234
2026-09-25 16:44:00,774.61,775.0,774.37,774.38,50.055
2026-09-25 16:45:00,774.37,774.58,774.09,774.31,38.168
2026-09-25 16:46:00,774.32,774.49,774.24,774.28,38.998
2026-09-25 16:47:00,774.28,774.28,773.5,773.51,120.555
2026-09-25 16:48:00,773.5,773.5,772.97,772.98,39.565
2026-09-25 16:49:00,772.98,773.37,772.65,773.36,174.674
2026-09-25 16:50:00,773.37,773.45,773.13,773.14,34.436
2026-09-25 16:51:00,773.14,773.45,773.08,773.43,38.492
2026-09-25 16:52:00,773.44,773.75,773.44,773.74,40.308
2026-09-25 16:53:00,773.75,773.84,773.16,773.16,79.884
2026-09-25 16:54:00,773.2,773.42,773.17,773.33,20.618
2026-09-25 16:55:00,773.34,773.5,773.15,773.43,46.936
2026-09-25 16:56:00,773.43,773.43,773.22,773.22,23.829
2026-09-25 16:57:00,773.23,773.23,772.97,772.98,22.701
2026-09-25 16:58:00,772.98,772.98,772.67,772.67,27.558
2026-09-25 16:59:00,772.67,772.67,772.26,772.41,58.521
2026-09-25 17:00:00,772.42,772.75,772.15,772.23,94.758
2026-09-25 17:01:00,772.22,773.17,772.22,773.17,73.004
2026-09-25 17:02:00,773.16,773.34,773.03,773.26,43.803
2026-09-25 17:03:00,773.27,773.43,773.14,773.14,15.847
2026-09-25 17:04:00,773.15,773.7,773.15,773.7,17.957
2026-09-25 17:05:00,773.7,773.75,773.28,773.36,74.493
2026-09-25 17:06:00,773.36,773.7,773.36,773.49,20.67
2026-09-25 17:07:00,773.48,773.73,773.48,773.73,40.017
2026-09-25 17:08:00,773.73,774.04,773.36,774.04,15.842
2026-09-25 17:09:00,774.05,774.44,774.05,774.43,16.154
2026-09-25 17:10:00,774.43,774.43,773.83,773.85,23.953
2026-09-25 17:11:00,773.84,774.09,773.58,773.63,106.822
2026-09-25 17:12:00,773.63,773.83,773.5,773.82,29.62
2026-09-25 17:13:00,773.83,774.19,773.83,774.11,31.204
2026-09-25 17:14:00,774.12,774.12,773.88,774.04,5.892
2026-09-25 17:15:00,774.05,774.34,774.05,774.34,56.532
2026-09-25 17:16:00,774.35,774.36,774.3,774.3,21.44
2026-09-25 17:17:00,774.31,774.38,774.09,774.21,121.01
2026-09-25 17:18:00,774.21,774.21,774.0,774.04,17.352
2026-09-25 17:19:00,774.05,774.1,773.31,773.36,198.613
2026-09-25 17:20:00,773.37,773.59,773.37,773.59,19.389
2026-09-25 17:21:00,773.58,773.59,773.42,773.49,14.862
2026-09-25 17:22:00,773.49,773.76,772.74,773.17,319.279
2026-09-25 17:23:00,773.16,773.55,773.1,773.51,35.295
2026-09-25 17:24:00,773.5,773.57,773.2,773.42,28.69
2026-09-25 17:25:00,773.42,773.42,772.96,773.09,7.146
2026-09-25 17:26:00,773.09,773.25,772.91,772.92,9.67
2026-09-25 17:27:00,772.92,773.0,772.65,772.99,18.878
2026-09-25 17:28:00,772.99,773.04,772.48,772.48,85.096
2026-09-25 17:29:00,772.46,772.46,771.73,771.75,57.438
2026-09-25 17:30:00,771.75,771.75,771.29,771.55,77.052
2026-09-25 17:31:00,771.59,771.65,771.21,771.23,129.324
2026-09-25 17:32:00,771.23,772.58,771.23,772.43,77.566
2026-09-25 17:33:00,772.43,772.64,772.0,772.0,15.942
2026-09-25 17:34:00,772.01,772.34,771.91,772.23,64.558
2026-09-25 17:35:00,772.22,772.3,772.12,772.23,15.783
2026-09-25 17:36:00,772.23,772.49,772.05,772.06,17.217
2026-09-25 17:37:00,772.11,772.2,771.95,772.03,20.428
2026-09-25 17:38:00,772.04,772.37,772.04,772.35,10.63
2026-09-25 17:39:00,772.36,772.75,771.9,772.41,100.51
2026-09-25 17:40:00,772.46,772.96,772.46,772.82,158.087
2026-09-25 17:41:00,772.82,773.76,772.8,773.75,105.631
2026-09-25 17:42:00,773.71,773.76,773.56,773.69,4.969
2026-09-25 17:43:00,773.69,773.76,773.62,773.76,39.441
2026-09-25 17:44:00,773.75,773.76,773.5,773.5,14.696
2026-09-25 17:45:00,773.51,773.51,773.08,773.09,14.745
2026-09-25 17:46:00,773.09,773.31,772.9,772.9,34.823
2026-09-25 17:47:00,772.91,772.91,772.54,772.74,29.141
2026-09-25 17:48:00,772.75,772.8,772.59,772.8,21.019
2026-09-25 17:49:00,772.8,773.24,772.8,773.24,29.046
2026-09-25 17:50:00,773.25,773.29,773.0,773.01,19.887
2026-09-25 17:51:00,773.0,773.01,772.84,772.85,17.949
2026-09-25 17:52:00,772.84,772.86,772.8,772.81,130.907
2026-09-25 17:53:00,772.81,772.82,772.48,772.53,654.623
2026-09-25 17:54:00,772.53,772.65,772.31,772.63,40.26
2026-09-25 17:55:00,772.62,772.78,772.52,772.78,26.606
2026-09-25 17:56:00,772.78,772.91,772.78,772.91,7.906
2026-09-25 17:57:00,772.92,772.92,772.7,772.71,13.985
2026-09-25 17:58:00,772.71,773.11,772.71,773.1,10.388
2026-09-25 17:59:00,773.1,773.62,773.1,773.43,111.547
2026-09-25 18:00:00,773.43,773.83,773.43,773.83,29.894
2026-09-25 18:01:00,773.83,774.25,773.82,774.16,93.975
2026-09-25 18:02:00,774.15,774.61,773.91,773.92,223.198
2026-09-25 18:03:00,773.91,774.37,773.91,774.37,17.21
2026-09-25 18:04:00,774.37,774.39,773.91,773.91,17.693
2026-09-25 18:05:00,773.92,773.97,773.67,773.73,16.273
2026-09-25 18:06:00,773.72,774.36,773.72,774.35,23.427
2026-09-25 18:07:00,774.38,774.49,774.29,774.48,13.826
2026-09-25 18:08:00,774.49,774.49,774.07,774.15,15.087
2026-09-25 18:09:00,774.15,774.63,774.05,774.63,88.873
2026-09-25 18:10:00,774.63,775.0,774.63,774.77,21.421
2026-09-25 18:11:00,774.76,775.19,774.6,775.19,64.325
2026-09-25 18:12:00,775.18,775.69,775.18,775.61,53.416
2026-09-25 18:13:00,775.61,775.61,775.31,775.32,15.538
2026-09-25 18:14:00,775.31,775.31,775.12,775.13,19.216
2026-09-25 18:15:00,775.12,775.6,775.09,775.46,9.471
2026-09-25 18:16:00,775.46,775.58,775.4,775.44,10.149
2026-09-25 18:17:00,775.44,775.89,775.43,775.86,118.924
2026-09-25 18:18:00,775.87,776.0,775.75,776.0,63.276
2026-09-25 18:19:00,775.99,776.23,775.95,776.22,34.998
2026-09-25 18:20:00,776.22,776.4,776.22,776.26,17.099
2026-09-25 18:21:00,776.26,776.28,776.0,776.0,19.449
2026-09-25 18:22:00,776.0,776.01,775.5,775.5,97.017
2026-09-25 18:23:00,775.47,775.55,775.43,775.55,28.439
2026-09-25 18:24:00,775.55,775.85,775.46,775.85,8.492
2026-09-25 18:25:00,775.85,776.1,775.85,775.97,92.482
2026-09-25 18:26:00,775.97,776.05,775.0,775.06,87.906
2026-09-25 18:27:00,775.05,775.34,774.72,774.8,15.717
2026-09-25 18:28:00,774.81,775.47,774.81,775.45,88.07
2026-09-25 18:29:00,775.44,775.44,775.08,775.34,8.25
2026-09-25 18:30:00,775.34,775.55,775.34,775.49,13.995
2026-09-25 18:31:00,775.49,775.7,775.32,775.35,23.443
2026-09-25 18:32:00,775.35,775.6,775.35,775.43,30.343
2026-09-25 18:33:00,775.42,775.59,775.41,775.53,14.174
2026-09-25 18:34:00,775.49,775.9,775.46,775.81,16.653
2026-09-25 18:35:00,775.81,776.1,775.4,776.09,133.693
2026-09-25 18:36:00,776.09,776.1,775.74,775.74,37.827
2026-09-25 18:37:00,775.74,775.89,775.41,775.46,17.09
2026-09-25 18:38:00,775.47,775.56,775.33,775.56,11.964
2026-09-25 18:39:00,775.56,775.6,775.25,775.25,11.597
2026-09-25 18:40:00,775.26,775.26,775.06,775.09,19.416
2026-09-25 18:41:00,775.09,775.37,775.09,775.37,32.273
2026-09-25 18:42:00,775.37,775.38,775.29,775.32,8.115
2026-09-25 18:43:00,775.31,775.41,775.31,775.4,4.169
2026-09-25 18:44:00,775.41,775.85,775.4,775.84,14.289
2026-09-25 18:45:00,775.85,776.0,775.77,775.78,57.47
2026-09-25 18:46:00,775.78,775.84,775.77,775.83,23.449
2026-09-25 18:47:00,775.83,775.84,775.49,775.5,8.051
2026-09-25 18:48:00,775.49,775.59,775.29,775.33,100.124
2026-09-25 18:49:00,775.33,775.6,775.33,775.44,42.588
2026-09-25 18:50:00,775.44,775.47,775.28,775.31,48.662
2026-09-25 18:51:00,775.31,775.53,775.12,775.15,70.057
2026-09-25 18:52:00,775.16,775.16,775.07,775.15,30.63
2026-09-25 18:53:00,775.15,775.15,775.03,775.04,17.734
2026-09-25 18:54:00,775.04,775.23,774.96,775.23,35.008
2026-09-25 18:55:00,775.24,775.39,775.03,775.03,102.947
2026-09-25 18:56:00,775.04,775.05,775.03,775.05,20.825
2026-09-25 18:57:00,775.04,775.12,774.92,775.12,68.919
2026-09-25 18:58:00,775.13,775.13,775.12,775.12,11.545
2026-09-25 18:59:00,775.13,775.13,775.03,775.04,2.299
2026-09-25 19:00:00,775.04,775.15,774.85,774.86,31.248
2026-09-25 19:01:00,774.86,775.1,774.72,774.97,116.511
2026-09-25 19:02:00,774.96,774.97,774.65,774.65,48.626
2026-09-25 19:03:00,774.65,774.65,774.5,774.53,7.948
2026-09-25 19:04:00,774.53,774.53,774.44,774.44,11.037
2026-09-25 19:05:00,774.45,774.7,774.44,774.69,47.815
2026-09-25 19:06:00,774.7,774.72,774.61,774.61,12.121
2026-09-25 19:07:00,774.62,774.91,774.54,774.8,66.228
2026-09-25 19:08:00,774.8,775.32,774.72,775.32,26.235
2026-09-25 19:09:00,775.32,775.38,774.61,774.83,240.549
2026-09-25 19:10:00,774.82,774.99,774.73,774.99,42.532
2026-09-25 19:11:00,774.99,775.4,774.99,775.18,15.599
2026-09-25 19:12:00,775.18,775.18,775.11,775.14,10.571
2026-09-25 19:13:00,775.15,775.59,775.15,775.59,62.747
2026-09-25 19:14:00,775.6,775.61,775.56,775.57,25.544
2026-09-25 19:15:00,775.57,775.57,775.24,775.25,27.783
2026-09-25 19:16:00,775.25,775.25,774.87,774.88,11.837
2026-09-25 19:17:00,774.87,775.23,774.87,774.94,38.605
2026-09-25 19:18:00,774.93,775.18,774.93,775.11,24.039
2026-09-25 19:19:00,775.11,775.17,774.88,775.12,32.717
2026-09-25 19:20:00,775.12,775.41,775.05,775.33,11.131
2026-09-25 19:21:00,775.32,775.41,775.2,775.23,14.191
2026-09-25 19:22:00,775.23,775.41,775.21,775.26,14.156
2026-09-25 19:23:00,775.26,775.26,775.2,775.2,3.165
2026-09-25 19:24:00,775.21,775.27,774.81,774.81,51.481
2026-09-25 19:25:00,774.8,774.89,774.67,774.78,59.625
2026-09-25 19:26:00,774.79,774.83,774.76,774.76,3.113
2026-09-25 19:27:00,774.77,775.12,774.77,774.87,18.132
2026-09-25 19:28:00,774.88,774.88,774.87,774.88,3.973
2026-09-25 19:29:00,774.88,775.23,774.88,775.21,19.734
2026-09-25 19:30:00,775.21,775.26,775.08,775.11,4.74
2026-09-25 19:31:00,775.1,775.15,774.88,775.0,17.091
2026-09-25 19:32:00,774.99,775.14,774.91,775.02,5.221
2026-09-25 19:33:00,775.03,775.11,774.96,775.08,5.753
2026-09-25 19:34:00,775.07,775.07,774.94,774.94,4.786
2026-09-25 19:35:00,774.94,774.96,774.88,774.96,3.554
2026-09-25 19:36:00,774.96,775.35,774.95,775.34,23.523
2026-09-25 19:37:00,775.35,775.62,775.25,775.61,30.082
2026-09-25 19:38:00,775.61,775.74,775.52,775.52,17.284
2026-09-25 19:39:00,775.52,775.52,774.97,774.97,85.426
2026-09-25 19:40:00,774.97,774.98,774.87,774.88,12.263
2026-09-25 19:41:00,774.88,774.88,774.56,774.57,24.958
2026-09-25 19:42:00,774.57,774.62,774.56,774.61,23.966
2026-09-25 19:43:00,774.6,774.99,774.6,774.99,5.238
2026-09-25 19:44:00,775.0,775.08,775.0,775.08,8.054
2026-09-25 19:45:00,775.08,775.33,775.07,775.33,13.349
2026-09-25 19:46:00,775.33,776.0,775.33,775.99,25.065
2026-09-25 19:47:00,776.0,776.05,775.89,775.9,12.191
2026-09-25 19:48:00,775.89,776.17,775.89,775.95,34.114
2026-09-25 19:49:00,775.94,775.94,775.49,775.59,26.107
2026-09-25 19:50:00,775.6,775.81,775.6,775.76,13.974
2026-09-25 19:51:00,775.76,775.81,775.57,775.62,5.768
2026-09-25 19:52:00,775.63,775.63,775.56,775.61,10.154
2026-09-25 19:53:00,775.6,775.61,775.31,775.47,20.967
2026-09-25 19:54:00,775.47,775.53,775.41,775.41,7.699
2026-09-25 19:55:00,775.41,775.52,775.36,775.39,6.923
2026-09-25 19:56:00,775.38,775.4,775.18,775.33,6.184
2026-09-25 19:57:00,775.33,775.47,775.33,775.42,5.939
2026-09-25 19:58:00,775.42,775.42,775.28,775.37,4.619
2026-09-25 19:59:00,775.37,775.61,775.13,775.13,53.492
2026-09-25 20:00:00,775.13,775.39,775.05,775.07,39.148
2026-09-25 20:01:00,775.07,775.25,775.06,775.16,52.677
2026-09-25 20:02:00,775.15,775.3,775.06,775.25,131.95
2026-09-25 20:03:00,775.25,775.25,775.06,775.06,12.498
2026-09-25 20:04:00,775.07,775.23,774.71,775.04,63.376
2026-09-25 20:05:00,775.04,775.04,774.91,774.94,9.263
2026-09-25 20:06:00,774.93,775.02,774.92,775.02,9.555
2026-09-25 20:07:00,775.02,775.02,775.0,775.01,8.924
2026-09-25 20:08:00,775.01,775.02,774.96,774.96,58.268
2026-09-25 20:09:00,774.96,775.16,774.96,775.13,132.386
2026-09-25 20:10:00,775.14,775.14,774.64,774.64,63.183
2026-09-25 20:11:00,774.64,774.67,774.63,774.67,14.271
2026-09-25 20:12:00,774.67,774.67,774.61,774.64,22.439
2026-09-25 20:13:00,774.64,774.64,774.63,774.64,1.672
2026-09-25 20:14:00,774.64,774.64,774.63,774.63,5.889
2026-09-25 20:15:00,774.64,774.64,774.62,774.62,3.287
2026-09-25 20:16:00,774.62,774.82,774.62,774.82,66.802
2026-09-25 20:17:00,774.81,774.96,774.81,774.84,43.04
2026-09-25 20:18:00,774.84,775.12,774.84,775.12,48.396
2026-09-25 20:19:00,775.12,775.26,775.11,775.17,40.397
2026-09-25 20:20:00,775.18,775.18,775.17,775.18,15.002
2026-09-25 20:21:00,775.18,775.18,774.65,774.65,17.955
2026-09-25 20:22:00,774.64,775.02,774.64,775.02,106.78
2026-09-25 20:23:00,775.03,775.27,775.02,775.27,61.934
2026-09-25 20:24:00,775.27,775.64,775.26,775.59,65.715
2026-09-25 20:25:00,775.6,775.6,775.39,775.4,18.326
2026-09-25 20:26:00,775.4,775.6,775.4,775.6,38.854
2026-09-25 20:27:00,775.6,775.6,775.5,775.5,4.33
2026-09-25 20:28:00,775.51,775.51,775.45,775.46,39.533
2026-09-25 20:29:00,775.46,775.46,775.4,775.41,3.682
2026-09-25 20:30:00,775.41,775.43,775.35,775.35,30.998
2026-09-25 20:31:00,775.36,775.36,775.35,775.35,7.183
2026-09-25 20:32:00,775.36,775.59,775.35,775.59,46.917
2026-09-25 20:33:00,775.6,775.75,775.6,775.75,44.449
2026-09-25 20:34:00,775.75,775.75,775.74,775.75,4.066
2026-09-25 20:35:00,775.75,775.75,775.4,775.4,23.545
2026-09-25 20:36:00,775.39,775.42,775.39,775.42,25.937
2026-09-25 20:37:00,775.42,775.64,775.41,775.64,34.695
2026-09-25 20:38:00,775.63,776.15,775.41,776.15,93.754
2026-09-25 20:39:00,776.16,776.16,775.85,775.99,70.221
2026-09-25 20:40:00,775.99,776.1,775.7,775.71,14.505
2026-09-25 20:41:00,775.71,775.71,775.15,775.15,49.157
2026-09-25 20:42:00,775.16,775.34,775.16,775.34,33.057
2026-09-25 20:43:00,775.33,775.69,775.33,775.67,69.365
2026-09-25 20:44:00,775.68,775.68,775.46,775.67,52.45
2026-09-25 20:45:00,775.68,775.68,775.33,775.34,5.484
2026-09-25 20:46:00,775.34,775.34,774.88,775.05,173.925
2026-09-25 20:47:00,775.05,775.05,774.89,775.0,25.539
2026-09-25 20:48:00,775.0,775.03,775.0,775.03,20.906
2026-09-25 20:49:00,775.02,775.03,774.84,774.85,5.789
2026-09-25 20:50:00,774.85,774.85,774.27,774.28,16.1
2026-09-25 20:51:00,774.28,774.54,774.22,774.45,175.791
2026-09-25 20:52:00,774.44,774.6,774.21,774.46,79.793
2026-09-25 20:53:00,774.45,774.45,774.21,774.21,19.791
2026-09-25 20:54:00,774.21,774.21,773.67,773.7,60.659
2026-09-25 20:55:00,773.7,773.78,773.2,773.21,103.696
2026-09-25 20:56:00,773.21,773.24,772.88,773.1,62.446
2026-09-25 20:57:00,773.1,773.28,773.01,773.01,46.155
2026-09-25 20:58:00,773.01,773.07,773.01,773.07,35.123
2026-09-25 20:59:00,773.07,773.14,773.06,773.14,67.732
2026-09-25 21:00:00,773.14,773.37,773.01,773.37,88.393
2026-09-25 21:01:00,773.37,773.38,773.13,773.13,22.338
2026-09-25 21:02:00,773.13,773.13,772.88,773.04,100.577
2026-09-25 21:03:00,773.04,773.04,772.76,772.76,28.617
2026-09-25 21:04:00,772.76,772.76,772.31,772.64,79.735
2026-09-25 21:05:00,772.64,772.66,772.01,772.01,75.137
2026-09-25 21:06:00,772.01,772.27,771.76,772.0,127.97
2026-09-25 21:07:00,771.99,772.13,771.67,771.69,33.559
2026-09-25 21:08:00,771.69,772.0,771.69,772.0,70.45
2026-09-25 21:09:00,772.0,772.24,772.0,772.11,41.73
2026-09-25 21:10:00,772.12,772.16,771.94,772.16,39.943
2026-09-25 21:11:00,772.16,772.16,772.13,772.16,45.621
2026-09-25 21:12:00,772.15,772.15,772.12,772.15,14.914
2026-09-25 21:13:00,772.14,772.15,772.0,772.0,14.17
2026-09-25 21:14:00,772.01,772.01,771.83,771.84,29.964
2026-09-25 21:15:00,771.83,771.84,771.79,771.79,7.018
2026-09-25 21:16:00,771.78,771.79,771.29,771.55,145.622
2026-09-25 21:17:00,771.54,771.72,771.42,771.72,83.153
2026-09-25 21:18:00,771.71,771.72,771.44,771.46,54.679
2026-09-25 21:19:00,771.46,771.55,771.46,771.48,8.452
2026-09-25 21:20:00,771.48,771.74,771.47,771.74,133.289
2026-09-25 21:21:00,771.73,772.29,771.73,772.29,54.793
2026-09-25 21:22:00,772.28,772.29,772.1,772.1,15.108
2026-09-25 21:23:00,772.1,772.27,771.83,772.26,35.988
2026-09-25 21:24:00,772.27,772.56,772.26,772.53,60.209
2026-09-25 21:25:00,772.52,772.52,772.13,772.13,28.214
2026-09-25 21:26:00,772.13,772.32,772.13,772.24,16.583
2026-09-25 21:27:00,772.24,772.62,772.24,772.62,16.204
2026-09-25 21:28:00,772.63,772.94,772.63,772.94,27.444
2026-09-25 21:29:00,772.94,772.94,772.92,772.92,9.933
2026-09-25 21:30:00,772.93,773.0,772.92,773.0,9.358
2026-09-25 21:31:00,773.0,773.04,772.99,773.03,9.358
2026-09-25 21:32:00,773.04,773.34,772.92,772.92,96.77
2026-09-25 21:33:00,772.91,772.92,772.42,772.43,12.655
2026-09-25 21:34:00,772.43,772.44,772.15,772.44,26.422
2026-09-25 21:35:00,772.44,772.59,772.43,772.59,22.086
2026-09-25 21:36:00,772.59,772.73,772.59,772.7,7.015
2026-09-25 21:37:00,772.7,772.7,771.93,772.13,93.282
2026-09-25 21:38:00,772.12,772.48,772.09,772.48,5.993
2026-09-25 21:39:00,772.47,772.48,772.47,772.48,2.082
2026-09-25 21:40:00,772.48,772.72,772.48,772.65,46.09
2026-09-25 21:41:00,772.66,772.71,772.65,772.71,44.03
2026-09-25 21:42:00,772.71,772.71,772.7,772.7,0.81
2026-09-25 21:43:00,772.71,773.09,772.71,772.89,87.042
2026-09-25 21:44:00,772.89,772.89,772.56,772.8,13.343
2026-09-25 21:45:00,772.81,772.81,772.55,772.56,8.141
2026-09-25 21:46:00,772.56,772.81,772.56,772.81,9.306
2026-09-25 21:47:00,772.81,772.81,772.63,772.69,19.377
2026-09-25 21:48:00,772.69,772.73,772.67,772.73,15.342
2026-09-25 21:49:00,772.73,772.94,772.73,772.94,11.525
2026-09-25 21:50:00,772.94,773.06,772.94,773.06,2.397
2026-09-25 21:51:00,773.05,773.06,773.05,773.06,5.366
2026-09-25 21:52:00,773.05,773.19,773.05,773.12,8.69
2026-09-25 21:53:00,773.11,773.11,772.78,772.78,14.036
2026-09-25 21:54:00,772.78,772.87,772.66,772.87,18.496
2026-09-25 21:55:00,772.88,772.94,772.87,772.94,3.171
2026-09-25 21:56:00,772.94,773.02,772.79,773.02,19.876
2026-09-25 21:57:00,773.02,773.02,772.62,772.74,4.794
2026-09-25 21:58:00,772.75,773.07,772.75,772.83,21.048
2026-09-25 21:59:00,772.83,773.05,772.58,772.88,25.834
2026-09-25 22:00:00,772.88,773.06,772.78,772.79,26.752
2026-09-25 22:01:00,772.77,772.89,772.61,772.89,11.842
2026-09-25 22:02:00,772.89,773.1,772.89,773.09,6.805
2026-09-25 22:03:00,773.09,773.37,773.09,773.34,10.887
2026-09-25 22:04:00,773.34,773.53,773.33,773.52,8.297
2026-09-25 22:05:00,773.53,773.98,773.53,773.98,14.714
2026-09-25 22:06:00,773.99,774.0,773.98,774.0,8.431
2026-09-25 22:07:00,774.0,774.05,773.85,773.86,29.793
2026-09-25 22:08:00,773.86,773.99,773.85,773.99,9.822
2026-09-25 22:09:00,773.99,774.07,773.98,774.07,3.755
2026-09-25 22:10:00,774.07,774.2,774.06,774.2,9.208
2026-09-25 22:11:00,774.2,774.26,774.12,774.13,13.42
2026-09-25 22:12:00,774.13,774.31,774.12,774.3,15.744
2026-09-25 22:13:00,774.3,774.31,774.19,774.31,6.952
2026-09-25 22:14:00,774.3,774.31,774.17,774.17,6.852
2026-09-25 22:15:00,774.16,774.27,774.12,774.13,11.424
2026-09-25 22:16:00,774.13,774.25,774.13,774.25,21.057
2026-09-25 22:17:00,774.25,774.41,774.25,774.41,16.342
2026-09-25 22:18:00,774.4,774.4,774.24,774.31,26.23
2026-09-25 22:19:00,774.3,774.69,774.3,774.69,52.613
2026-09-25 22:20:00,774.68,774.72,774.32,774.33,10.553
2026-09-25 22:21:00,774.33,774.35,774.25,774.35,15.133
2026-09-25 22:22:00,774.36,774.61,774.36,774.57,20.469
2026-09-25 22:23:00,774.56,774.7,774.52,774.62,18.841
2026-09-25 22:24:00,774.62,774.7,774.62,774.69,7.955
2026-09-25 22:25:00,774.69,774.74,774.69,774.7,83.542
2026-09-25 22:26:00,774.69,774.7,774.63,774.64,20.631
2026-09-25 22:27:00,774.64,774.64,774.63,774.64,5.363
2026-09-25 22:28:00,774.63,774.63,774.24,774.33,33.908
2026-09-25 22:29:00,774.34,774.59,774.34,774.59,16.269
2026-09-25 22:30:00,774.59,774.81,774.59,774.81,27.125
2026-09-25 22:31:00,774.8,775.19,774.8,775.19,22.597
2026-09-25 22:32:00,775.2,775.2,775.1,775.12,22.704
2026-09-25 22:33:00,775.12,775.41,775.12,775.41,38.417
2026-09-25 22:34:00,775.41,775.68,775.4,775.6,45.205
2026-09-25 22:35:00,775.6,775.7,775.59,775.7,5.891
2026-09-25 22:36:00,775.7,775.97,775.69,775.97,123.969
2026-09-25 22:37:00,775.97,776.0,775.74,775.74,30.951
2026-09-25 22:38:00,775.74,775.92,775.7,775.8,37.099
2026-09-25 22:39:00,775.8,775.97,775.8,775.97,17.71
2026-09-25 22:40:00,775.96,776.17,775.96,776.17,39.297
2026-09-25 22:41:00,776.16,776.23,776.0,776.13,29.68
2026-09-25 22:42:00,776.13,776.23,776.04,776.16,58.28
2026-09-25 22:43:00,776.16,776.4,776.04,776.4,26.982
2026-09-25 22:44:00,776.4,776.42,776.24,776.42,30.932
2026-09-25 22:45:00,776.42,776.49,776.42,776.49,5.712
2026-09-25 22:46:00,776.49,776.65,776.48,776.64,23.6
2026-09-25 22:47:00,776.65,776.71,776.64,776.71,16.69
2026-09-25 22:48:00,776.71,777.0,776.7,776.87,135.997
2026-09-25 22:49:00,776.87,776.88,776.7,776.88,30.548
2026-09-25 22:50:00,776.88,777.0,776.71,776.71,33.875
2026-09-25 22:51:00,776.72,776.91,776.66,776.66,32.407
2026-09-25 22:52:00,776.67,776.83,776.53,776.83,25.891
2026-09-25 22:53:00,776.83,776.93,776.72,776.73,28.095
2026-09-25 22:54:00,776.73,776.73,776.72,776.73,6.203
2026-09-25 22:55:00,776.73,776.94,776.72,776.93,12.498
2026-09-25 22:56:00,776.93,776.97,776.9,776.91,11.819
2026-09-25 22:57:00,776.91,776.96,776.63,776.63,32.526
2026-09-25 22:58:00,776.64,776.64,776.22,776.38,118.315
2026-09-25 22:59:00,776.38,776.44,776.34,776.38,94.354
2026-09-25 23:00:00,776.38,776.55,776.38,776.52,5.535
2026-09-25 23:01:00,776.52,776.52,776.24,776.33,17.113
2026-09-25 23:02:00,776.34,776.34,776.21,776.21,13.87
2026-09-25 23:03:00,776.22,776.56,776.22,776.56,19.217
2026-09-25 23:04:00,776.56,776.74,776.56,776.73,24.936
2026-09-25 23:05:00,776.74,776.74,776.64,776.65,10.935
2026-09-25 23:06:00,776.65,776.69,776.55,776.55,18.411
2026-09-25 23:07:00,776.56,776.56,776.33,776.33,16.444
2026-09-25 23:08:00,776.33,776.51,776.14,776.51,35.789
2026-09-25 23:09:00,776.5,776.51,776.5,776.5,9.055
2026-09-25 23:10:00,776.5,776.65,776.32,776.5,93.478
2026-09-25 23:11:00,776.5,776.57,776.49,776.57,6.642
2026-09-25 23:12:00,776.57,776.65,776.56,776.65,20.558
2026-09-25 23:13:00,776.65,776.65,776.53,776.54,18.305
2026-09-25 23:14:00,776.54,776.56,776.49,776.55,11.653
2026-09-25 23:15:00,776.56,776.64,776.56,776.6,35.563
2026-09-25 23:16:00,776.6,776.87,776.6,776.87,37.225
2026-09-25 23:17:00,776.86,776.87,776.75,776.76,10.215
2026-09-25 23:18:00,776.75,777.07,776.75,777.07,134.519
2026-09-25 23:19:00,777.06,777.99,777.06,777.75,454.386
2026-09-25 23:20:00,777.73,777.74,777.48,777.48,107.533
2026-09-25 23:21:00,777.47,777.47,777.29,777.35,25.265
2026-09-25 23:22:00,777.35,777.36,777.29,777.29,11.373
2026-09-25 23:23:00,777.3,777.36,777.29,777.35,30.898
2026-09-25 23:24:00,777.35,777.36,777.29,777.32,17.348
2026-09-25 23:25:00,777.32,777.33,777.25,777.28,11.924
2026-09-25 23:26:00,777.28,777.48,777.27,777.48,74.412
2026-09-25 23:27:00,777.47,777.49,777.35,777.36,31.283
2026-09-25 23:28:00,777.36,777.36,777.24,777.24,35.71
2026-09-25 23:29:00,777.24,777.53,777.24,777.52,32.036
2026-09-25 23:30:00,777.52,777.52,777.31,777.32,51.6
2026-09-25 23:31:00,777.32,777.35,777.31,777.31,21.366
2026-09-25 23:32:00,777.31,777.38,777.31,777.37,31.975
2026-09-25 23:33:00,777.38,777.38,777.31,777.31,33.679
2026-09-25 23:34:00,777.31,777.32,777.06,777.07,14.189
2026-09-25 23:35:00,777.07,777.07,777.0,777.01,19.609
2026-09-25 23:36:00,777.01,777.16,777.0,777.01,23.894
2026-09-25 23:37:00,777.0,777.07,776.87,777.06,22.284
2026-09-25 23:38:00,777.07,777.11,777.06,777.11,12.693
2026-09-25 23:39:00,777.11,777.19,777.11,777.19,28.145
2026-09-25 23:40:00,777.19,777.27,777.18,777.27,18.65
2026-09-25 23:41:00,777.27,777.44,777.26,777.44,24.806
2026-09-25 23:42:00,777.44,777.44,777.43,777.44,15.62
2026-09-25 23:43:00,777.44,777.44,777.19,777.2,55.835
2026-09-25 23:44:00,777.2,777.32,777.19,777.32,21.977
2026-09-25 23:45:00,777.33,777.33,777.2,777.2,23.306
2026-09-25 23:46:00,777.21,777.41,777.21,777.4,76.211
2026-09-25 23:47:00,777.41,777.45,777.4,777.45,119.158
2026-09-25 23:48:00,777.45,777.53,777.43,777.44,37.873
2026-09-25 23:49:00,777.44,777.44,777.38,777.38,28.032
2026-09-25 23:50:00,777.38,777.39,776.99,776.99,77.681
2026-09-25 23:51:00,776.99,776.99,776.77,776.77,29.946
2026-09-25 23:52:00,776.77,776.98,776.76,776.98,29.895
2026-09-25 23:53:00,776.98,777.16,776.93,777.01,37.852
2026-09-25 23:54:00,777.0,777.0,776.96,777.0,10.251
2026-09-25 23:55:00,777.0,777.04,776.97,776.98,26.29
2026-09-25 23:56:00,776.98,777.0,776.97,777.0,3.396
2026-09-25 23:57:00,776.99,777.0,776.99,776.99,26.069
2026-09-25 23:58:00,777.0,777.0,776.99,777.0,10.64
2026-09-25 23:59:00,777.0,777.23,777.0,777.13,40.631
2026-09-26 00:00:00,777.14,777.23,777.14,777.14,42.858
2026-09-26 00:01:00,777.14,777.14,777.12,777.12,13.879
2026-09-26 00:02:00,777.13,777.13,776.68,776.73,95.152
2026-09-26 00:03:00,776.73,776.96,776.73,776.95,27.786
2026-09-26 00:04:00,776.95,776.96,776.75,776.76,47.673
2026-09-26 00:05:00,776.76,777.09,776.76,777.06,141.602
2026-09-26 00:06:00,777.07,777.57,777.07,777.27,290.473
2026-09-26 00:07:00,777.28,777.73,777.17,777.62,96.101
2026-09-26 00:08:00,777.63,778.08,777.63,778.03,581.708
2026-09-26 00:09:00,778.02,778.02,777.47,777.47,69.217
2026-09-26 00:10:00,777.48,777.49,777.31,777.48,120.011
2026-09-26 00:11:00,777.49,777.73,777.43,777.72,69.162
2026-09-26 00:12:00,777.73,777.73,777.37,777.38,37.927
2026-09-26 00:13:00,777.38,777.74,777.25,777.64,40.915
2026-09-26 00:14:00,777.65,777.65,777.36,777.37,15.905
2026-09-26 00:15:00,777.37,777.59,777.36,777.54,19.38
2026-09-26 00:16:00,777.54,777.54,777.11,777.11,39.891
2026-09-26 00:17:00,777.12,777.4,777.12,777.37,35.279
2026-09-26 00:18:00,777.37,777.49,777.37,777.46,26.035
2026-09-26 00:19:00,777.46,777.47,777.25,777.26,22.963
2026-09-26 00:20:00,777.25,777.54,777.25,777.54,25.841
2026-09-26 00:21:00,777.54,777.71,777.53,777.7,15.955
2026-09-26 00:22:00,777.71,777.71,777.3,777.48,18.868
2026-09-26 00:23:00,777.49,777.49,777.26,777.28,22.645
2026-09-26 00:24:00,777.27,777.32,777.27,777.32,16.725
2026-09-26 00:25:00,777.32,777.42,777.19,777.3,131.026
2026-09-26 00:26:00,777.3,777.33,777.04,777.13,60.271
2026-09-26 00:27:00,777.13,777.21,776.79,777.0,129.893
2026-09-26 00:28:00,776.99,777.0,776.84,776.96,111.032
2026-09-26 00:29:00,776.96,777.05,776.96,777.0,25.227
2026-09-26 00:30:00,776.99,777.04,776.96,777.03,45.728
2026-09-26 00:31:00,777.04,777.04,775.99,775.99,296.138
2026-09-26 00:32:00,775.99,775.99,775.7,775.71,80.242
2026-09-26 00:33:00,775.71,775.76,775.43,775.43,45.523
2026-09-26 00:34:00,775.42,775.57,775.21,775.42,16.79
2026-09-26 00:35:00,775.42,775.5,775.14,775.14,19.107
2026-09-26 00:36:00,775.15,775.34,775.0,775.01,15.441
2026-09-26 00:37:00,775.0,775.22,774.9,774.9,30.468
2026-09-26 00:38:00,774.91,775.16,774.9,775.16,11.055
2026-09-26 00:39:00,775.15,775.27,774.9,775.27,115.463
2026-09-26 00:40:00,775.27,775.69,775.24,775.69,27.035
2026-09-26 00:41:00,775.69,775.75,775.65,775.71,33.494
2026-09-26 00:42:00,775.72,776.01,775.71,776.01,52.461
2026-09-26 00:43:00,776.01,776.06,775.93,776.0,41.87
2026-09-26 00:44:00,776.0,776.0,775.58,775.6,80.942
2026-09-26 00:45:00,775.61,775.76,775.61,775.76,40.896
2026-09-26 00:46:00,775.76,776.36,775.76,776.36,41.255
2026-09-26 00:47:00,776.36,776.46,776.18,776.34,118.914
2026-09-26 00:48:00,776.35,776.35,776.02,776.02,42.291
2026-09-26 00:49:00,776.01,776.34,776.0,776.34,28.474
2026-09-26 00:50:00,776.35,776.64,776.35,776.64,7.762
2026-09-26 00:51:00,776.63,776.65,776.54,776.64,17.353
2026-09-26 00:52:00,776.64,776.65,776.05,776.05,12.71
2026-09-26 00:53:00,776.05,776.15,776.04,776.1,6.104
2026-09-26 00:54:00,776.09,776.37,776.05,776.14,22.353
2026-09-26 00:55:00,776.14,776.63,776.13,776.63,24.577
2026-09-26 00:56:00,776.63,776.63,776.19,776.2,25.132
2026-09-26 00:57:00,776.2,776.25,776.06,776.06,22.745
2026-09-26 00:58:00,776.07,776.07,775.95,775.95,3.342
2026-09-26 00:59:00,775.95,776.11,775.82,776.11,30.278
2026-09-26 01:00:00,776.1,776.33,775.9,776.21,80.036
2026-09-26 01:01:00,776.21,776.53,776.21,776.52,7.268
2026-09-26 01:02:00,776.53,776.71,776.45,776.45,18.308
2026-09-26 01:03:00,776.46,776.78,776.45,776.78,26.343
2026-09-26 01:04:00,776.78,776.78,776.15,776.15,46.491
2026-09-26 01:05:00,776.14,776.41,776.07,776.41,29.761
2026-09-26 01:06:00,776.41,776.56,776.26,776.52,8.717
2026-09-26 01:07:00,776.52,776.52,776.11,776.18,12.021
2026-09-26 01:08:00,776.18,776.19,776.06,776.19,5.296
2026-09-26 01:09:00,776.19,776.19,775.8,775.81,24.74
2026-09-26 01:10:00,775.81,776.16,775.8,776.04,85.07
2026-09-26 01:11:00,776.04,776.04,775.92,775.96,8.936
2026-09-26 01:12:00,775.97,776.01,775.44,775.68,68.022
2026-09-26 01:13:00,775.68,775.72,775.67,775.72,11.217
2026-09-26 01:14:00,775.73,775.82,775.73,775.82,5.362
2026-09-26 01:15:00,775.81,775.93,775.77,775.9,7.369
2026-09-26 01:16:00,775.9,776.38,775.89,776.38,20.879
2026-09-26 01:17:00,776.38,776.39,776.28,776.29,10.629
2026-09-26 01:18:00,776.28,776.28,775.8,775.85,9.828
2026-09-26 01:19:00,775.86,776.23,775.86,775.86,20.212
2026-09-26 01:20:00,775.87,776.08,775.87,776.08,37.577
2026-09-26 01:21:00,776.08,776.22,776.08,776.17,53.861
2026-09-26 01:22:00,776.17,776.28,776.16,776.16,17.228
2026-09-26 01:23:00,776.17,776.17,775.66,775.93,18.7
2026-09-26 01:24:00,775.92,775.97,775.82,775.85,6.513
2026-09-26 01:25:00,775.84,776.01,775.73,775.73,42.438
2026-09-26 01:26:00,775.73,775.87,775.61,775.86,5.777
2026-09-26 01:27:00,775.85,775.85,775.66,775.73,11.339
2026-09-26 01:28:00,775.74,775.74,775.59,775.73,16.94
2026-09-26 01:29:00,775.73,775.73,775.28,775.49,96.395
2026-09-26 01:30:00,775.49,775.49,775.48,775.48,4.557
2026-09-26 01:31:00,775.49,775.79,775.49,775.75,4.554
2026-09-26 01:32:00,775.75,775.8,775.7,775.71,10.29
2026-09-26 01:33:00,775.7,775.71,775.7,775.71,4.091
2026-09-26 01:34:00,775.7,775.8,775.7,775.8,2.772
2026-09-26 01:35:00,775.81,775.92,775.78,775.8,17.903
2026-09-26 01:36:00,775.8,776.12,775.8,776.12,32.293
2026-09-26 01:37:00,776.11,776.23,776.11,776.23,3.356
2026-09-26 01:38:00,776.23,776.5,776.23,776.49,70.757
2026-09-26 01:39:00,776.48,776.66,776.48,776.66,8.391
2026-09-26 01:40:00,776.65,777.0,776.65,776.85,82.146
2026-09-26 01:41:00,776.85,777.0,776.76,776.99,78.285
2026-09-26 01:42:00,776.99,777.0,776.68,776.68,18.044
2026-09-26 01:43:00,776.65,776.65,776.64,776.65,2.701
2026-09-26 01:44:00,776.64,776.64,776.48,776.49,7.659
2026-09-26 01:45:00,776.49,776.52,776.48,776.52,10.031
2026-09-26 01:46:00,776.54,776.93,776.54,776.93,18.872
2026-09-26 01:47:00,776.93,777.0,776.8,776.95,48.922
2026-09-26 01:48:00,776.94,776.94,776.51,776.51,20.973
2026-09-26 01:49:00,776.5,776.5,776.35,776.36,23.158
2026-09-26 01:50:00,776.36,776.47,776.36,776.47,11.021
2026-09-26 01:51:00,776.46,776.46,776.12,776.13,55.678
2026-09-26 01:52:00,776.12,776.36,776.12,776.36,13.451
2026-09-26 01:53:00,776.35,776.47,776.35,776.39,13.176
2026-09-26 01:54:00,776.39,776.4,776.31,776.4,18.423
2026-09-26 01:55:00,776.4,776.54,776.17,776.17,66.161
2026-09-26 01:56:00,776.17,776.18,776.0,776.0,13.729
2026-09-26 01:57:00,776.0,776.01,775.9,775.9,81.623
2026-09-26 01:58:00,775.89,776.0,775.85,776.0,10.283
2026-09-26 01:59:00,776.01,776.06,776.0,776.06,16.504
2026-09-26 02:00:00,776.06,776.06,775.53,775.54,47.353
2026-09-26 02:01:00,775.54,775.54,775.0,775.01,27.088
2026-09-26 02:02:00,775.01,775.13,774.81,774.92,28.379
2026-09-26 02:03:00,774.92,775.51,774.91,775.51,92.877
2026-09-26 02:04:00,775.51,775.51,775.3,775.35,9.42
2026-09-26 02:05:00,775.37,775.8,775.37,775.45,9.754
2026-09-26 02:06:00,775.45,775.86,775.44,775.86,6.776
2026-09-26 02:07:00,775.86,775.87,775.65,775.87,30.703
2026-09-26 02:08:00,775.87,775.87,775.6,775.6,27.793
2026-09-26 02:09:00,775.61,775.71,775.6,775.71,8.336
2026-09-26 02:10:00,775.72,775.95,775.72,775.73,15.678
2026-09-26 02:11:00,775.74,775.97,775.73,775.86,37.2
2026-09-26 02:12:00,775.87,776.19,775.87,776.13,19.366
2026-09-26 02:13:00,776.14,776.21,776.14,776.21,8.02
2026-09-26 02:14:00,776.2,776.59,776.2,776.59,28.663
2026-09-26 02:15:00,776.59,776.65,776.56,776.57,11.078
2026-09-26 02:16:00,776.57,776.8,776.57,776.8,17.405
2026-09-26 02:17:00,776.8,776.81,776.45,776.49,15.068
2026-09-26 02:18:00,776.48,776.94,776.48,776.93,16.464
2026-09-26 02:19:00,776.94,776.94,776.78,776.78,25.529
2026-09-26 02:20:00,776.77,776.77,776.36,776.36,58.952
2026-09-26 02:21:00,776.37,776.37,776.21,776.21,17.912
2026-09-26 02:22:00,776.21,776.3,776.12,776.3,22.196
2026-09-26 02:23:00,776.3,776.31,776.01,776.01,12.828
2026-09-26 02:24:00,776.01,776.01,775.7,775.7,35.36
2026-09-26 02:25:00,775.71,776.25,775.7,776.1,9.395
2026-09-26 02:26:00,776.1,776.1,776.0,776.0,10.655
2026-09-26 02:27:00,776.01,776.01,776.0,776.0,3.69
2026-09-26 02:28:00,776.01,776.1,775.82,775.83,70.33
2026-09-26 02:29:00,775.83,775.83,775.7,775.7,4.893
2026-09-26 02:30:00,775.71,775.71,775.43,775.44,17.948
2026-09-26 02:31:00,775.44,775.68,775.37,775.37,20.847
2026-09-26 02:32:00,775.37,775.49,775.37,775.39,3.616
2026-09-26 02:33:00,775.39,775.39,775.32,775.33,26.176
2026-09-26 02:34:00,775.33,775.65,775.32,775.65,9.431
2026-09-26 02:35:00,775.65,775.7,775.39,775.39,7.609
2026-09-26 02:36:00,775.4,775.4,775.33,775.34,2.3
2026-09-26 02:37:00,775.34,775.54,775.27,775.49,34.183
2026-09-26 02:38:00,775.5,775.5,775.36,775.4,32.327
2026-09-26 02:39:00,775.39,775.39,774.93,775.1,63.435
2026-09-26 02:40:00,775.1,775.39,775.1,775.2,23.967
2026-09-26 02:41:00,775.19,775.22,775.09,775.12,20.703
2026-09-26 02:42:00,775.12,775.34,775.02,775.34,146.053
2026-09-26 02:43:00,775.34,775.41,775.29,775.36,13.89
2026-09-26 02:44:00,775.35,775.45,775.2,775.34,46.637
2026-09-26 02:45:00,775.33,775.33,775.04,775.18,62.885
2026-09-26 02:46:00,775.19,775.38,775.19,775.24,52.179
2026-09-26 02:47:00,775.25,775.45,775.25,775.39,11.281
2026-09-26 02:48:00,775.38,775.38,775.24,775.25,19.16
2026-09-26 02:49:00,775.25,775.49,775.25,775.27,48.382
2026-09-26 02:50:00,775.26,775.3,775.26,775.29,7.561
2026-09-26 02:51:00,775.3,775.3,775.21,775.21,10.481
2026-09-26 02:52:00,775.22,775.22,775.09,775.09,9.302
2026-09-26 02:53:00,775.1,775.1,774.74,774.9,82.017
2026-09-26 02:54:00,774.9,774.93,774.89,774.93,4.504
2026-09-26 02:55:00,774.93,774.93,774.92,774.93,14.038
2026-09-26 02:56:00,774.93,775.29,774.92,775.29,16.362
2026-09-26 02:57:00,775.29,775.34,775.28,775.34,8.179
2026-09-26 02:58:00,775.34,775.34,775.19,775.2,31.003
2026-09-26 02:59:00,775.2,775.27,775.1,775.16,20.344
2026-09-26 03:00:00,775.16,775.16,775.05,775.08,19.27
2026-09-26 03:01:00,775.09,775.09,774.93,774.94,10.164
2026-09-26 03:02:00,774.94,774.94,774.89,774.89,11.704
2026-09-26 03:03:00,774.9,774.98,774.89,774.98,11.961
2026-09-26 03:04:00,774.99,775.21,774.99,775.0,53.746
2026-09-26 03:05:00,775.01,775.07,775.0,775.07,12.794
2026-09-26 03:06:00,775.07,775.31,775.0,775.31,12.63
2026-09-26 03:07:00,775.31,775.31,775.28,775.28,27.482
2026-09-26 03:08:00,775.29,775.33,775.28,775.33,14.908
2026-09-26 03:09:00,775.33,775.34,775.32,775.34,5.369
2026-09-26 03:10:00,775.34,775.34,774.81,774.85,48.923
2026-09-26 03:11:00,774.85,774.86,774.55,774.66,36.745
2026-09-26 03:12:00,774.65,774.75,774.65,774.74,11.532
2026-09-26 03:13:00,774.74,774.75,774.56,774.56,20.929
2026-09-26 03:14:00,774.56,774.81,774.55,774.8,13.649
2026-09-26 03:15:00,774.8,774.83,774.65,774.65,40.964
2026-09-26 03:16:00,774.65,774.75,774.54,774.71,90.597
2026-09-26 03:17:00,774.71,774.72,774.55,774.55,36.102
2026-09-26 03:18:00,774.54,774.54,774.45,774.53,29.507
2026-09-26 03:19:00,774.53,774.66,774.53,774.66,6.041
2026-09-26 03:20:00,774.65,774.82,774.65,774.81,9.477
2026-09-26 03:21:00,774.82,774.9,774.81,774.9,28.821
2026-09-26 03:22:00,774.9,775.0,774.89,775.0,4.556
2026-09-26 03:23:00,774.99,775.0,774.46,774.75,218.186
2026-09-26 03:24:00,774.75,774.9,774.75,774.9,10.408
2026-09-26 03:25:00,774.9,775.06,774.89,774.97,18.232
2026-09-26 03:26:00,774.97,775.19,774.96,775.06,94.331
2026-09-26 03:27:00,775.06,775.08,774.88,775.01,37.359
2026-09-26 03:28:00,775.0,775.25,775.0,775.25,34.352
2026-09-26 03:29:00,775.25,775.3,775.25,775.3,7.578
2026-09-26 03:30:00,775.29,775.76,775.29,775.75,307.032
2026-09-26 03:31:00,775.76,775.82,775.75,775.81,5.658
2026-09-26 03:32:00,775.82,775.88,775.79,775.88,43.504
2026-09-26 03:33:00,775.87,775.88,775.63,775.64,22.788
2026-09-26 03:34:00,775.64,775.64,775.36,775.39,56.782
2026-09-26 03:35:00,775.39,775.4,775.38,775.4,15.592
2026-09-26 03:36:00,775.39,775.56,775.39,775.41,22.635
2026-09-26 03:37:00,775.4,775.41,775.3,775.33,14.189
2026-09-26 03:38:00,775.34,775.48,775.33,775.48,7.552
2026-09-26 03:39:00,775.48,775.56,775.25,775.25,100.158
2026-09-26 03:40:00,775.25,775.25,775.2,775.2,10.194
2026-09-26 03:41:00,775.2,775.21,775.13,775.14,27.381
2026-09-26 03:42:00,775.13,775.13,774.86,774.86,9.325
2026-09-26 03:43:00,774.87,774.87,774.79,774.83,8.569
2026-09-26 03:44:00,774.83,774.84,774.69,774.7,15.871
2026-09-26 03:45:00,774.69,774.77,774.56,774.63,103.232
2026-09-26 03:46:00,774.63,774.64,774.62,774.62,45.287
2026-09-26 03:47:00,774.63,774.82,774.62,774.82,3.091
2026-09-26 03:48:00,774.81,774.82,774.65,774.66,9.775
2026-09-26 03:49:00,774.65,774.66,774.4,774.41,40.06
2026-09-26 03:50:00,774.41,774.42,774.41,774.42,18.099
2026-09-26 03:51:00,774.42,774.46,774.42,774.46,7.275
2026-09-26 03:52:00,774.46,774.46,774.12,774.28,37.235
2026-09-26 03:53:00,774.27,774.4,774.27,774.4,18.13
2026-09-26 03:54:00,774.4,774.44,774.4,774.44,3.743
2026-09-26 03:55:00,774.44,774.44,774.43,774.44,3.846
2026-09-26 03:56:00,774.43,774.47,774.43,774.46,20.69
2026-09-26 03:57:00,774.47,774.49,774.47,774.49,9.579
2026-09-26 03:58:00,774.5,774.5,774.43,774.43,14.726
2026-09-26 03:59:00,774.43,774.44,774.15,774.27,37.862
2026-09-26 04:00:00,774.27,774.34,774.27,774.34,8.841
2026-09-26 04:01:00,774.34,774.77,774.33,774.63,52.174
2026-09-26 04:02:00,774.62,774.63,774.34,774.58,51.154
2026-09-26 04:03:00,774.59,774.71,774.59,774.7,34.091
2026-09-26 04:04:00,774.71,774.71,774.34,774.35,31.004
2026-09-26 04:05:00,774.34,774.53,774.3,774.5,26.241
2026-09-26 04:06:00,774.5,775.0,774.49,774.8,174.616
2026-09-26 04:07:00,774.8,774.8,774.68,774.69,34.326
2026-09-26 04:08:00,774.69,774.94,774.68,774.71,105.653
2026-09-26 04:09:00,774.72,774.72,774.71,774.71,3.243
2026-09-26 04:10:00,774.72,774.72,774.55,774.57,24.275
2026-09-26 04:11:00,774.58,774.61,774.57,774.61,14.612
2026-09-26 04:12:00,774.62,774.63,774.4,774.46,69.697
2026-09-26 04:13:00,774.46,774.62,774.27,774.42,139.81
2026-09-26 04:14:00,774.42,774.42,774.41,774.41,3.341
2026-09-26 04:15:00,774.42,774.75,774.42,774.75,79.737
2026-09-26 04:16:00,774.74,774.77,774.74,774.77,16.857
2026-09-26 04:17:00,774.76,774.76,774.6,774.61,46.902
2026-09-26 04:18:00,774.61,774.85,774.61,774.85,39.754
2026-09-26 04:19:00,774.85,774.99,774.85,774.99,31.797
2026-09-26 04:20:00,775.0,775.31,774.99,775.31,45.77
2026-09-26 04:21:00,775.31,775.31,774.91,774.91,88.772
2026-09-26 04:22:00,774.91,774.92,774.39,774.39,35.712
2026-09-26 04:23:00,774.38,774.62,774.3,774.43,65.262
2026-09-26 04:24:00,774.41,774.41,774.17,774.18,14.173
2026-09-26 04:25:00,774.17,774.29,774.09,774.12,136.975
2026-09-26 04:26:00,774.11,774.12,773.81,773.81,73.602
2026-09-26 04:27:00,773.81,773.83,773.81,773.82,20.234
2026-09-26 04:28:00,773.82,773.83,773.66,773.71,40.97
2026-09-26 04:29:00,773.71,773.81,773.57,773.57,19.089
2026-09-26 04:30:00,773.57,773.57,773.06,773.39,97.838
2026-09-26 04:31:00,773.4,773.61,773.38,773.61,116.014
2026-09-26 04:32:00,773.61,773.61,773.6,773.61,12.797
2026-09-26 04:33:00,773.61,773.74,773.6,773.73,19.006
2026-09-26 04:34:00,773.74,773.92,773.57,773.59,95.697
2026-09-26 04:35:00,773.59,773.62,773.58,773.62,18.905
2026-09-26 04:36:00,773.61,773.82,773.61,773.82,39.755
2026-09-26 04:37:00,773.81,773.82,773.22,773.22,49.776
2026-09-26 04:38:00,773.22,773.38,773.22,773.37,19.794
2026-09-26 04:39:00,773.38,773.58,773.38,773.57,24.126
2026-09-26 04:40:00,773.57,773.63,773.57,773.63,17.108
2026-09-26 04:41:00,773.64,773.68,773.63,773.67,15.634
2026-09-26 04:42:00,773.67,773.84,773.67,773.77,114.424
2026-09-26 04:43:00,773.76,773.87,773.76,773.87,18.727
2026-09-26 04:44:00,773.86,774.07,773.86,774.07,39.008
2026-09-26 04:45:00,774.06,774.07,773.9,773.9,36.289
2026-09-26 04:46:00,773.9,773.91,773.89,773.91,49.564
2026-09-26 04:47:00,773.91,774.02,773.9,774.01,21.757
2026-09-26 04:48:00,774.01,774.04,774.01,774.04,42.74
2026-09-26 04:49:00,774.03,774.04,773.99,774.03,46.938
2026-09-26 04:50:00,774.03,774.05,774.03,774.05,11.776
2026-09-26 04:51:00,774.04,774.47,774.04,774.2,79.15
2026-09-26 04:52:00,774.2,774.21,774.14,774.18,14.479
2026-09-26 04:53:00,774.17,774.18,774.08,774.08,4.652
2026-09-26 04:54:00,774.07,774.09,774.07,774.09,33.906
2026-09-26 04:55:00,774.09,774.11,774.08,774.11,15.913
2026-09-26 04:56:00,774.11,774.11,774.1,774.1,15.122
2026-09-26 04:57:00,774.1,774.11,774.09,774.11,40.433
2026-09-26 04:58:00,774.11,774.28,774.1,774.28,21.534
2026-09-26 04:59:00,774.29,774.34,774.29,774.34,4.922
2026-09-26 05:00:00,774.35,774.35,774.34,774.35,11.015
2026-09-26 05:01:00,774.35,774.35,774.27,774.28,24.984
2026-09-26 05:02:00,774.28,774.28,774.22,774.22,9.208
2026-09-26 05:03:00,774.22,774.23,774.21,774.21,29.426
2026-09-26 05:04:00,774.22,774.22,774.17,774.18,3.728
2026-09-26 05:05:00,774.17,774.18,774.1,774.1,76.123
2026-09-26 05:06:00,774.1,774.1,774.04,774.05,21.221
2026-09-26 05:07:00,774.05,774.05,773.92,773.92,28.369
2026-09-26 05:08:00,773.92,774.05,773.91,773.94,23.694
2026-09-26 05:09:00,773.95,773.95,773.94,773.95,7.552
2026-09-26 05:10:00,773.95,773.95,773.92,773.93,14.262
2026-09-26 05:11:00,773.92,773.93,773.79,773.84,66.822
2026-09-26 05:12:00,773.85,773.85,773.7,773.71,42.023
2026-09-26 05:13:00,773.72,773.78,773.67,773.77,80.57
2026-09-26 05:14:00,773.78,773.79,773.77,773.79,9.102
2026-09-26 05:15:00,773.78,773.78,773.62,773.65,19.94
2026-09-26 05:16:00,773.66,773.66,773.54,773.61,25.311
2026-09-26 05:17:00,773.61,773.61,773.6,773.6,3.167
2026-09-26 05:18:00,773.6,773.63,773.48,773.48,21.87
2026-09-26 05:19:00,773.47,773.57,773.32,773.57,42.365
2026-09-26 05:20:00,773.57,773.63,773.52,773.63,29.482
2026-09-26 05:21:00,773.63,773.74,773.62,773.74,24.984
2026-09-26 05:22:00,773.74,773.75,773.73,773.75,7.082
2026-09-26 05:23:00,773.75,773.77,773.74,773.77,11.961
2026-09-26 05:24:00,773.77,773.97,773.77,773.97,28.055
2026-09-26 05:25:00,773.96,773.97,773.89,773.9,19.391
2026-09-26 05:26:00,773.9,773.93,773.89,773.93,15.019
2026-09-26 05:27:00,773.94,773.94,773.41,773.42,93.747
2026-09-26 05:28:00,773.42,773.42,773.41,773.42,11.372
2026-09-26 05:29:00,773.41,773.41,773.24,773.24,26.242
2026-09-26 05:30:00,773.24,773.25,773.14,773.15,13.928
2026-09-26 05:31:00,773.15,773.16,773.14,773.15,4.965
2026-09-26 05:32:00,773.15,773.15,773.0,773.0,37.245
2026-09-26 05:33:00,773.0,773.01,773.0,773.0,11.499
2026-09-26 05:34:00,773.01,773.01,773.0,773.0,7.277
2026-09-26 05:35:00,773.01,773.01,773.0,773.0,120.488
2026-09-26 05:36:00,773.01,773.01,772.88,772.93,255.864
2026-09-26 05:37:00,772.94,773.26,772.89,773.26,103.141
2026-09-26 05:38:00,773.25,773.5,773.25,773.36,158.212
2026-09-26 05:39:00,773.36,773.57,773.35,773.56,25.51
2026-09-26 05:40:00,773.57,773.57,773.4,773.5,23.953
2026-09-26 05:41:00,773.52,773.67,773.52,773.67,27.904
2026-09-26 05:42:00,773.67,773.67,773.55,773.55,10.0
2026-09-26 05:43:00,773.56,773.56,773.52,773.53,7.208
2026-09-26 05:44:00,773.52,773.53,773.51,773.51,20.442
2026-09-26 05:45:00,773.51,773.54,773.5,773.53,16.996
2026-09-26 05:46:00,773.53,773.66,773.53,773.63,53.368
2026-09-26 05:47:00,773.63,773.64,773.37,773.38,15.805
2026-09-26 05:48:00,773.37,773.38,773.33,773.33,20.639
2026-09-26 05:49:00,773.33,773.43,773.33,773.43,23.013
2026-09-26 05:50:00,773.43,773.43,773.41,773.42,21.889
2026-09-26 05:51:00,773.42,773.42,773.0,773.0,56.135
2026-09-26 05:52:00,773.0,773.01,772.93,772.93,14.497
2026-09-26 05:53:00,772.94,772.94,772.91,772.93,9.662
2026-09-26 05:54:00,772.92,772.92,772.82,772.82,25.151
2026-09-26 05:55:00,772.83,772.96,772.82,772.96,28.607
2026-09-26 05:56:00,772.96,772.98,772.96,772.98,6.272
2026-09-26 05:57:00,772.98,773.05,772.98,773.05,31.417
2026-09-26 05:58:00,773.05,773.05,773.0,773.03,20.39
2026-09-26 05:59:00,773.02,773.03,772.88,772.89,31.476
2026-09-26 06:00:00,772.89,773.05,772.88,773.03,51.38
2026-09-26 06:01:00,773.03,773.03,772.72,772.72,12.861
2026-09-26 06:02:00,772.72,772.72,772.4,772.4,152.254
2026-09-26 06:03:00,772.4,772.4,772.22,772.36,48.903
2026-09-26 06:04:00,772.36,772.78,772.27,772.78,116.44
2026-09-26 06:05:00,772.78,772.78,772.74,772.77,45.206
2026-09-26 06:06:00,772.77,772.8,772.75,772.76,37.597
2026-09-26 06:07:00,772.76,772.76,772.68,772.69,21.174
2026-09-26 06:08:00,772.69,772.69,772.46,772.46,15.18
2026-09-26 06:09:00,772.47,772.58,772.44,772.57,43.228
2026-09-26 06:10:00,772.58,772.71,772.58,772.7,33.494
2026-09-26 06:11:00,772.7,772.71,772.68,772.69,13.174
2026-09-26 06:12:00,772.69,772.69,772.59,772.6,21.073
2026-09-26 06:13:00,772.6,772.6,772.54,772.54,16.767
2026-09-26 06:14:00,772.55,772.55,772.33,772.33,28.602
2026-09-26 06:15:00,772.34,772.34,772.33,772.33,8.576
2026-09-26 06:16:00,772.34,772.34,772.24,772.24,15.499
2026-09-26 06:17:00,772.23,772.24,772.03,772.1,50.652
2026-09-26 06:18:00,772.09,772.13,772.09,772.13,109.888
2026-09-26 06:19:00,772.14,772.31,772.14,772.31,59.017
2026-09-26 06:20:00,772.31,772.31,772.2,772.22,30.572
2026-09-26 06:21:00,772.22,772.31,772.21,772.3,28.864
2026-09-26 06:22:00,772.31,772.53,772.31,772.53,58.251
2026-09-26 06:23:00,772.53,772.53,772.45,772.45,52.655
2026-09-26 06:24:00,772.45,772.45,772.36,772.45,54.062
2026-09-26 06:25:00,772.44,772.45,772.4,772.41,9.206
2026-09-26 06:26:00,772.41,772.41,772.16,772.16,66.624
2026-09-26 06:27:00,772.17,772.17,772.16,772.17,10.046
2026-09-26 06:28:00,772.17,772.27,772.06,772.27,92.461
2026-09-26 06:29:00,772.27,772.27,772.26,772.26,18.005
2026-09-26 06:30:00,772.27,772.57,772.27,772.45,73.507
2026-09-26 06:31:00,772.44,772.44,772.38,772.4,10.515
2026-09-26 06:32:00,772.4,772.88,772.39,772.87,43.637
2026-09-26 06:33:00,772.87,772.88,772.8,772.88,87.73
2026-09-26 06:34:00,772.88,772.88,772.44,772.45,28.636
2026-09-26 06:35:00,772.44,772.44,772.14,772.25,59.037
2026-09-26 06:36:00,772.25,772.35,772.24,772.35,15.813
2026-09-26 06:37:00,772.35,772.39,772.32,772.32,38.913
2026-09-26 06:38:00,772.31,772.43,772.31,772.43,15.449
2026-09-26 06:39:00,772.43,772.48,772.41,772.47,33.227
2026-09-26 06:40:00,772.47,772.6,772.45,772.52,22.782
2026-09-26 06:41:00,772.52,772.52,772.2,772.24,126.882
2026-09-26 06:42:00,772.25,772.48,772.24,772.47,25.131
2026-09-26 06:43:00,772.48,772.48,772.4,772.48,34.957
2026-09-26 06:44:00,772.47,772.61,772.47,772.6,14.046
2026-09-26 06:45:00,772.6,772.64,772.6,772.61,7.663
2026-09-26 06:46:00,772.61,772.61,772.6,772.61,14.014
2026-09-26 06:47:00,772.61,772.61,772.44,772.5,20.43
2026-09-26 06:48:00,772.51,772.81,772.51,772.66,81.884
2026-09-26 06:49:00,772.67,772.84,772.67,772.75,19.456
2026-09-26 06:50:00,772.75,772.83,772.74,772.77,40.426
2026-09-26 06:51:00,772.78,772.78,772.67,772.68,4.929
2026-09-26 06:52:00,772.68,772.68,772.67,772.67,9.394
2026-09-26 06:53:00,772.68,772.68,772.39,772.4,67.969
2026-09-26 06:54:00,772.4,772.4,772.39,772.39,5.895
2026-09-26 06:55:00,772.39,772.45,772.39,772.44,35.24
2026-09-26 06:56:00,772.45,772.45,772.44,772.44,5.715
2026-09-26 06:57:00,772.45,772.45,772.11,772.39,169.632
2026-09-26 06:58:00,772.4,772.46,772.21,772.21,27.372
2026-09-26 06:59:00,772.21,772.27,772.02,772.23,61.531
2026-09-26 07:00:00,772.24,772.26,772.2,772.25,14.075
2026-09-26 07:01:00,772.25,772.59,772.24,772.59,23.48
2026-09-26 07:02:00,772.59,772.59,772.42,772.42,11.316
2026-09-26 07:03:00,772.43,772.83,772.42,772.83,92.395
2026-09-26 07:04:00,772.83,772.94,772.82,772.94,25.221
2026-09-26 07:05:00,772.94,773.09,772.94,773.09,15.636
2026-09-26 07:06:00,773.08,773.24,773.08,773.17,55.365
2026-09-26 07:07:00,773.17,773.31,773.16,773.22,44.722
2026-09-26 07:08:00,773.22,773.3,773.22,773.26,31.782
2026-09-26 07:09:00,773.27,773.27,772.97,773.08,122.257
2026-09-26 07:10:00,773.08,773.12,773.0,773.0,34.546
2026-09-26 07:11:00,773.0,773.4,773.0,773.29,81.638
2026-09-26 07:12:00,773.3,773.41,773.3,773.41,21.268
2026-09-26 07:13:00,773.4,773.41,773.34,773.34,19.817
2026-09-26 07:14:00,773.35,773.42,773.34,773.41,14.534
2026-09-26 07:15:00,773.42,773.49,773.25,773.31,33.315
2026-09-26 07:16:00,773.3,773.6,773.27,773.53,60.477
2026-09-26 07:17:00,773.52,773.53,773.41,773.48,26.403
2026-09-26 07:18:00,773.48,773.54,773.46,773.54,50.795
2026-09-26 07:19:00,773.53,773.62,773.53,773.61,10.307
2026-09-26 07:20:00,773.62,773.62,773.58,773.59,12.276
2026-09-26 07:21:00,773.59,773.59,773.58,773.59,18.391
2026-09-26 07:22:00,773.58,773.59,773.46,773.46,72.129
2026-09-26 07:23:00,773.46,773.58,773.46,773.58,30.989
2026-09-26 07:24:00,773.58,773.58,773.46,773.47,23.025
2026-09-26 07:25:00,773.46,773.47,773.33,773.34,186.766
2026-09-26 07:26:00,773.33,773.34,773.2,773.23,50.8
2026-09-26 07:27:00,773.24,773.24,773.23,773.23,26.296
2026-09-26 07:28:00,773.23,773.24,773.23,773.23,17.783
2026-09-26 07:29:00,773.23,773.32,773.23,773.32,33.871
2026-09-26 07:30:00,773.31,773.4,773.31,773.4,32.806
2026-09-26 07:31:00,773.39,773.4,773.27,773.27,22.846
2026-09-26 07:32:00,773.27,773.31,773.27,773.31,17.519
2026-09-26 07:33:00,773.3,773.31,773.15,773.15,14.237
2026-09-26 07:34:00,773.15,773.16,773.15,773.15,12.408
2026-09-26 07:35:00,773.16,773.25,773.15,773.24,23.865
2026-09-26 07:36:00,773.25,773.39,773.24,773.25,99.241
2026-09-26 07:37:00,773.25,773.28,773.24,773.27,15.934
2026-09-26 07:38:00,773.28,773.49,773.26,773.48,31.225
2026-09-26 07:39:00,773.48,773.52,773.48,773.51,26.464
2026-09-26 07:40:00,773.51,773.52,773.51,773.52,7.607
2026-09-26 07:41:00,773.52,773.71,773.51,773.56,178.288
2026-09-26 07:42:00,773.57,773.57,773.56,773.57,8.934
2026-09-26 07:43:00,773.57,773.57,773.51,773.51,38.68
2026-09-26 07:44:00,773.52,773.52,773.51,773.51,24.064
2026-09-26 07:45:00,773.52,773.52,773.45,773.47,36.558
2026-09-26 07:46:00,773.47,773.49,773.46,773.47,26.139
2026-09-26 07:47:00,773.47,773.75,773.46,773.65,85.332
2026-09-26 07:48:00,773.65,773.66,773.56,773.56,11.002
2026-09-26 07:49:00,773.57,773.57,773.56,773.56,33.793
2026-09-26 07:50:00,773.57,773.57,773.56,773.57,16.957
2026-09-26 07:51:00,773.57,773.57,773.38,773.39,43.113
2026-09-26 07:52:00,773.38,773.39,773.38,773.38,8.988
2026-09-26 07:53:00,773.39,773.4,773.3,773.39,38.572
2026-09-26 07:54:00,773.4,773.4,773.39,773.39,11.698
2026-09-26 07:55:00,773.4,773.72,773.4,773.6,91.912
2026-09-26 07:56:00,773.61,773.62,773.54,773.61,30.291
2026-09-26 07:57:00,773.62,773.69,773.61,773.68,42.469
2026-09-26 07:58:00,773.69,773.69,773.68,773.69,6.266
2026-09-26 07:59:00,773.68,773.72,773.68,773.72,36.038
2026-09-26 08:00:00,773.72,773.72,773.56,773.64,78.589
2026-09-26 08:01:00,773.63,773.96,773.45,773.45,147.201
2026-09-26 08:02:00,773.44,773.44,773.14,773.14,60.731
2026-09-26 08:03:00,773.15,773.17,773.14,773.17,19.645
2026-09-26 08:04:00,773.16,773.17,773.08,773.09,12.47
2026-09-26 08:05:00,773.08,773.08,773.0,773.01,19.893
2026-09-26 08:06:00,773.0,773.01,772.92,772.92,36.02
2026-09-26 08:07:00,772.92,772.93,772.75,772.75,35.628
2026-09-26 08:08:00,772.75,772.84,772.74,772.84,38.744
2026-09-26 08:09:00,772.83,773.01,772.83,773.0,25.628
2026-09-26 08:10:00,773.01,773.01,773.0,773.01,10.631
2026-09-26 08:11:00,773.0,773.02,773.0,773.01,7.382
2026-09-26 08:12:00,773.01,773.02,773.01,773.02,10.021
2026-09-26 08:13:00,773.02,773.03,773.02,773.03,17.246
2026-09-26 08:14:00,773.03,773.37,773.02,773.37,66.355
2026-09-26 08:15:00,773.37,773.65,773.37,773.49,97.311
2026-09-26 08:16:00,773.49,773.49,773.47,773.48,49.869
2026-09-26 08:17:00,773.48,773.48,773.45,773.46,9.097
2026-09-26 08:18:00,773.46,773.46,773.43,773.44,8.264
2026-09-26 08:19:00,773.43,773.44,773.43,773.44,4.431
2026-09-26 08:20:00,773.44,773.44,773.43,773.43,8.384
2026-09-26 08:21:00,773.44,773.44,773.43,773.44,5.774
2026-09-26 08:22:00,773.44,773.44,773.37,773.37,17.216
2026-09-26 08:23:00,773.38,773.38,773.22,773.22,20.639
2026-09-26 08:24:00,773.23,773.32,773.22,773.32,40.482
2026-09-26 08:25:00,773.32,773.33,773.22,773.23,16.067
2026-09-26 08:26:00,773.23,773.35,773.04,773.35,98.784
2026-09-26 08:27:00,773.35,773.42,773.34,773.42,33.928
2026-09-26 08:28:00,773.42,773.42,773.41,773.42,10.652
2026-09-26 08:29:00,773.42,773.42,773.41,773.42,6.159
2026-09-26 08:30:00,773.42,773.52,773.41,773.51,53.678
2026-09-26 08:31:00,773.52,773.98,773.51,773.98,52.142
2026-09-26 08:32:00,773.98,774.28,773.98,774.28,18.692
2026-09-26 08:33:00,774.27,774.35,774.08,774.34,147.75
2026-09-26 08:34:00,774.34,774.43,774.22,774.43,27.615
2026-09-26 08:35:00,774.43,774.43,774.3,774.3,45.716
2026-09-26 08:36:00,774.31,774.5,774.3,774.49,121.058
2026-09-26 08:37:00,774.5,774.7,774.5,774.53,46.816
2026-09-26 08:38:00,774.54,774.7,774.53,774.7,31.806
2026-09-26 08:39:00,774.7,774.7,774.48,774.48,16.293
2026-09-26 08:40:00,774.49,774.58,774.11,774.12,82.503
2026-09-26 08:41:00,774.12,774.2,774.12,774.19,35.563
2026-09-26 08:42:00,774.2,774.3,774.19,774.3,26.332
2026-09-26 08:43:00,774.3,774.3,774.24,774.25,33.448
2026-09-26 08:44:00,774.25,774.25,774.24,774.24,24.205
2026-09-26 08:45:00,774.25,774.25,774.22,774.22,12.413
2026-09-26 08:46:00,774.23,774.23,774.09,774.09,37.714
2026-09-26 08:47:00,774.1,774.1,773.95,773.95,15.32
2026-09-26 08:48:00,773.96,773.96,773.79,773.79,42.044
2026-09-26 08:49:00,773.79,773.79,773.54,773.55,120.812
2026-09-26 08:50:00,773.55,773.56,773.55,773.55,14.469
2026-09-26 08:51:00,773.55,773.56,773.41,773.41,6.333
2026-09-26 08:52:00,773.41,773.42,773.41,773.42,8.68
2026-09-26 08:53:00,773.42,773.49,773.41,773.49,33.45
2026-09-26 08:54:00,773.49,773.49,773.48,773.48,10.858
2026-09-26 08:55:00,773.48,773.63,773.48,773.63,82.615
2026-09-26 08:56:00,773.63,773.63,773.62,773.63,7.799
2026-09-26 08:57:00,773.63,773.63,773.62,773.62,8.831
2026-09-26 08:58:00,773.63,773.64,773.58,773.59,83.132
2026-09-26 08:59:00,773.59,773.59,773.4,773.41,19.652
2026-09-26 09:00:00,773.41,773.43,773.4,773.43,9.201
2026-09-26 09:01:00,773.43,773.43,773.42,773.43,18.21
2026-09-26 09:02:00,773.43,773.44,773.42,773.43,10.971
2026-09-26 09:03:00,773.43,773.43,773.18,773.19,63.687
2026-09-26 09:04:00,773.19,773.32,773.18,773.32,82.111
2026-09-26 09:05:00,773.31,773.4,773.31,773.4,15.672
2026-09-26 09:06:00,773.4,773.52,773.39,773.39,14.794
2026-09-26 09:07:00,773.4,773.48,773.39,773.47,20.375
2026-09-26 09:08:00,773.47,773.49,773.47,773.48,12.652
2026-09-26 09:09:00,773.49,773.49,773.39,773.4,35.74
2026-09-26 09:10:00,773.39,773.4,772.65,772.9,208.66
2026-09-26 09:11:00,772.9,772.9,772.47,772.53,20.858
2026-09-26 09:12:00,772.52,772.53,772.11,772.11,47.785
2026-09-26 09:13:00,772.1,772.25,771.56,771.56,183.209
2026-09-26 09:14:00,771.55,771.81,771.15,771.65,165.809
2026-09-26 09:15:00,771.65,771.65,771.1,771.15,247.871
2026-09-26 09:16:00,771.16,771.42,771.05,771.05,55.906
2026-09-26 09:17:00,771.05,771.1,770.96,771.1,53.847
2026-09-26 09:18:00,771.11,771.18,771.05,771.1,123.006
2026-09-26 09:19:00,771.1,771.23,771.1,771.12,97.363
2026-09-26 09:20:00,771.12,771.12,770.87,770.88,53.314
2026-09-26 09:21:00,770.88,771.03,770.84,770.84,121.749
2026-09-26 09:22:00,770.85,771.03,770.84,771.03,49.713
2026-09-26 09:23:00,771.03,771.1,770.98,771.0,16.269
2026-09-26 09:24:00,771.0,771.12,770.74,770.74,59.448
2026-09-26 09:25:00,770.75,770.8,770.66,770.8,58.105
2026-09-26 09:26:00,770.8,770.8,770.63,770.71,111.894
2026-09-26 09:27:00,770.71,770.98,770.71,770.98,22.286
2026-09-26 09:28:00,770.98,771.02,770.84,770.84,24.941
2026-09-26 09:29:00,770.85,770.85,770.68,770.69,50.785
2026-09-26 09:30:00,770.68,770.75,770.61,770.62,26.964
2026-09-26 09:31:00,770.61,770.62,770.39,770.59,64.02
2026-09-26 09:32:00,770.59,770.59,770.4,770.52,46.081
2026-09-26 09:33:00,770.52,770.52,770.39,770.43,75.49
2026-09-26 09:34:00,770.42,770.71,770.42,770.71,132.608
2026-09-26 09:35:00,770.7,770.72,770.4,770.56,123.933
2026-09-26 09:36:00,770.56,770.56,770.34,770.47,62.438
2026-09-26 09:37:00,770.48,770.52,770.47,770.52,31.691
2026-09-26 09:38:00,770.51,770.52,770.36,770.39,41.51
2026-09-26 09:39:00,770.39,770.72,770.38,770.72,100.029
2026-09-26 09:40:00,770.73,770.97,770.58,770.68,174.155
2026-09-26 09:41:00,770.68,770.84,770.67,770.84,37.766
2026-09-26 09:42:00,770.84,771.02,770.83,770.86,58.953
2026-09-26 09:43:00,770.85,771.03,770.85,771.03,30.119
2026-09-26 09:44:00,771.03,771.08,770.97,771.08,50.07
2026-09-26 09:45:00,771.07,771.47,771.07,771.45,48.65
2026-09-26 09:46:00,771.45,771.45,771.31,771.32,10.66
2026-09-26 09:47:00,771.32,771.54,771.31,771.49,16.981
2026-09-26 09:48:00,771.49,771.49,771.2,771.25,24.269
2026-09-26 09:49:00,771.26,771.43,771.25,771.27,11.925
2026-09-26 09:50:00,771.27,771.35,771.27,771.31,16.148
2026-09-26 09:51:00,771.32,771.32,771.04,771.09,92.459
2026-09-26 09:52:00,771.08,771.32,771.08,771.32,31.642
2026-09-26 09:53:00,771.32,771.41,771.32,771.41,12.577
2026-09-26 09:54:00,771.41,771.41,771.26,771.26,51.687
2026-09-26 09:55:00,771.26,771.33,771.25,771.33,33.63
2026-09-26 09:56:00,771.33,771.4,771.32,771.4,20.708
2026-09-26 09:57:00,771.4,771.53,771.39,771.4,30.759
2026-09-26 09:58:00,771.4,771.4,771.3,771.31,15.21
2026-09-26 09:59:00,771.31,771.42,771.3,771.42,20.107
2026-09-26 10:00:00,771.43,771.57,771.42,771.54,6.561
2026-09-26 10:01:00,771.53,771.56,771.53,771.55,11.736
2026-09-26 10:02:00,771.56,771.86,771.56,771.81,36.02
2026-09-26 10:03:00,771.81,772.0,771.8,771.91,20.595
2026-09-26 10:04:00,771.91,772.14,771.91,772.13,10.078
2026-09-26 10:05:00,772.14,772.14,772.02,772.03,14.3
2026-09-26 10:06:00,772.03,772.15,772.02,772.08,42.106
2026-09-26 10:07:00,772.09,772.12,772.08,772.12,19.244
2026-09-26 10:08:00,772.12,772.12,772.11,772.11,6.448
2026-09-26 10:09:00,772.12,772.53,772.11,772.48,71.416
2026-09-26 10:10:00,772.49,772.49,772.48,772.49,18.959
2026-09-26 10:11:00,772.48,772.51,772.48,772.51,12.737
2026-09-26 10:12:00,772.51,772.61,772.5,772.6,13.256
2026-09-26 10:13:00,772.6,772.63,772.6,772.63,5.805
2026-09-26 10:14:00,772.63,772.63,772.49,772.56,90.218
2026-09-26 10:15:00,772.55,772.56,772.55,772.55,2.791
2026-09-26 10:16:00,772.56,772.71,772.55,772.7,18.665
2026-09-26 10:17:00,772.71,772.81,772.7,772.81,16.228
2026-09-26 10:18:00,772.8,773.0,772.8,773.0,14.918
2026-09-26 10:19:00,772.99,773.21,772.99,773.21,22.22
2026-09-26 10:20:00,773.21,773.25,773.2,773.24,21.356
2026-09-26 10:21:00,773.24,773.51,773.24,773.5,22.081
2026-09-26 10:22:00,773.5,773.51,773.24,773.26,40.111
2026-09-26 10:23:00,773.26,773.26,773.18,773.24,9.793
2026-09-26 10:24:00,773.25,773.42,773.25,773.42,24.014
2026-09-26 10:25:00,773.41,773.42,773.29,773.3,23.073
2026-09-26 10:26:00,773.3,773.3,773.29,773.3,30.479
2026-09-26 10:27:00,773.3,773.32,773.29,773.32,15.009
2026-09-26 10:28:00,773.32,773.32,773.31,773.32,8.495
2026-09-26 10:29:00,773.31,773.38,773.31,773.37,8.533
2026-09-26 10:30:00,773.37,773.38,773.24,773.25,28.106
2026-09-26 10:31:00,773.25,773.26,773.21,773.26,37.942
2026-09-26 10:32:00,773.26,773.33,773.25,773.28,12.035
2026-09-26 10:33:00,773.28,773.29,773.28,773.29,3.198
2026-09-26 10:34:00,773.28,773.35,773.18,773.18,15.178
2026-09-26 10:35:00,773.18,773.29,773.18,773.28,42.718
2026-09-26 10:36:00,773.29,773.29,773.19,773.19,12.083
2026-09-26 10:37:00,773.2,773.2,773.19,773.19,8.899
2026-09-26 10:38:00,773.2,773.2,773.06,773.07,26.956
2026-09-26 10:39:00,773.07,773.39,773.06,773.38,79.502
2026-09-26 10:40:00,773.38,773.39,773.38,773.39,10.823
2026-09-26 10:41:00,773.39,773.45,773.38,773.44,42.244
2026-09-26 10:42:00,773.45,773.45,773.23,773.37,81.538
2026-09-26 10:43:00,773.37,773.41,772.93,773.22,134.002
2026-09-26 10:44:00,773.22,773.49,773.22,773.49,43.234
2026-09-26 10:45:00,773.5,773.66,773.49,773.66,200.103
2026-09-26 10:46:00,773.66,773.66,773.57,773.66,50.232
2026-09-26 10:47:00,773.65,773.69,773.65,773.69,18.163
2026-09-26 10:48:00,773.68,773.71,773.65,773.66,14.729
2026-09-26 10:49:00,773.65,773.7,773.6,773.6,18.761
2026-09-26 10:50:00,773.61,773.99,773.6,773.89,34.532
2026-09-26 10:51:00,773.88,773.89,773.84,773.85,6.623
2026-09-26 10:52:00,773.84,773.85,773.84,773.85,4.553
2026-09-26 10:53:00,773.84,773.85,773.8,773.8,9.037
2026-09-26 10:54:00,773.81,773.81,773.68,773.69,11.227
2026-09-26 10:55:00,773.68,773.82,773.68,773.82,42.503
2026-09-26 10:56:00,773.81,774.0,773.81,773.99,14.066
2026-09-26 10:57:00,774.0,774.03,773.99,774.03,7.975
2026-09-26 10:58:00,774.03,774.03,773.99,773.99,8.073
2026-09-26 10:59:00,773.98,774.03,773.96,774.03,34.699
2026-09-26 11:00:00,774.04,774.27,774.04,774.26,11.709
2026-09-26 11:01:00,774.27,774.37,773.87,773.98,65.035
2026-09-26 11:02:00,773.97,774.12,773.97,774.11,17.23
2026-09-26 11:03:00,774.12,774.33,774.11,774.21,29.619
2026-09-26 11:04:00,774.2,774.28,774.15,774.27,41.829
2026-09-26 11:05:00,774.28,774.33,774.13,774.2,9.715
2026-09-26 11:06:00,774.21,774.28,774.2,774.28,13.926
2026-09-26 11:07:00,774.27,774.29,774.27,774.29,9.34
2026-09-26 11:08:00,774.29,774.53,774.28,774.4,102.211
2026-09-26 11:09:00,774.39,774.65,774.39,774.65,43.078
2026-09-26 11:10:00,774.64,774.65,774.38,774.39,74.965
2026-09-26 11:11:00,774.38,774.49,774.38,774.49,8.842
2026-09-26 11:12:00,774.48,774.53,774.48,774.52,27.582
2026-09-26 11:13:00,774.53,774.54,774.5,774.53,26.072
2026-09-26 11:14:00,774.54,774.59,774.53,774.59,10.334
2026-09-26 11:15:00,774.58,774.59,774.58,774.59,15.198
2026-09-26 11:16:00,774.58,774.69,774.52,774.69,17.676
2026-09-26 11:17:00,774.68,774.71,774.68,774.7,12.676
2026-09-26 11:18:00,774.71,774.84,774.7,774.84,12.076
2026-09-26 11:19:00,774.83,774.84,774.78,774.78,10.485
2026-09-26 11:20:00,774.79,774.79,774.71,774.71,11.825
2026-09-26 11:21:00,774.72,774.72,774.71,774.71,15.652
2026-09-26 11:22:00,774.72,774.72,774.56,774.56,18.908
2026-09-26 11:23:00,774.57,774.7,774.56,774.7,17.65
2026-09-26 11:24:00,774.7,774.7,774.69,774.7,7.289
2026-09-26 11:25:00,774.69,774.76,774.69,774.75,34.036
2026-09-26 11:26:00,774.76,774.76,774.72,774.73,23.299
2026-09-26 11:27:00,774.73,774.73,774.6,774.61,43.757
2026-09-26 11:28:00,774.6,774.63,774.54,774.55,47.491
2026-09-26 11:29:00,774.54,774.58,774.45,774.5,23.284
2026-09-26 11:30:00,774.5,774.54,774.49,774.54,20.511
2026-09-26 11:31:00,774.54,774.55,774.53,774.55,50.663
2026-09-26 11:32:00,774.55,775.13,774.55,775.13,212.733
2026-09-26 11:33:00,775.13,775.31,775.13,775.31,21.898
2026-09-26 11:34:00,775.31,775.4,775.3,775.39,14.729
2026-09-26 11:35:00,775.39,775.79,775.39,775.68,99.948
2026-09-26 11:36:00,775.68,775.68,775.67,775.68,21.653
2026-09-26 11:37:00,775.67,775.88,775.67,775.88,6.781
2026-09-26 11:38:00,775.88,776.0,775.87,775.99,9.283
2026-09-26 11:39:00,775.99,776.0,775.99,776.0,5.833
2026-09-26 11:40:00,775.99,776.0,775.75,775.98,18.928
2026-09-26 11:41:00,775.98,775.99,775.8,775.82,53.141
2026-09-26 11:42:00,775.82,775.93,775.82,775.93,15.107
2026-09-26 11:43:00,775.94,776.0,775.93,775.96,25.569
2026-09-26 11:44:00,775.97,775.97,775.75,775.83,15.571
2026-09-26 11:45:00,775.84,775.93,775.84,775.9,19.862
2026-09-26 11:46:00,775.9,775.95,775.9,775.95,5.453
2026-09-26 11:47:00,775.95,775.95,775.9,775.9,10.021
2026-09-26 11:48:00,775.89,775.89,775.55,775.57,57.57
2026-09-26 11:49:00,775.57,775.57,775.56,775.57,7.122
2026-09-26 11:50:00,775.57,775.57,775.55,775.56,4.929
2026-09-26 11:51:00,775.56,775.56,775.55,775.56,14.471
2026-09-26 11:52:00,775.56,775.56,775.45,775.46,23.109
2026-09-26 11:53:00,775.45,775.46,775.39,775.46,49.831
2026-09-26 11:54:00,775.46,775.46,775.43,775.43,6.874
2026-09-26 11:55:00,775.41,775.42,775.34,775.35,37.556
2026-09-26 11:56:00,775.35,775.44,775.35,775.44,18.062
2026-09-26 11:57:00,775.44,775.44,775.28,775.29,59.618
2026-09-26 11:58:00,775.29,775.34,775.15,775.23,14.112
2026-09-26 11:59:00,775.24,775.39,775.23,775.39,16.624
2026-09-26 12:00:00,775.39,775.39,775.38,775.39,12.821
2026-09-26 12:01:00,775.39,775.39,775.3,775.31,10.698
2026-09-26 12:02:00,775.3,775.31,775.1,775.1,14.781
2026-09-26 12:03:00,775.11,775.11,774.82,774.83,20.28
2026-09-26 12:04:00,774.82,774.82,774.72,774.73,11.47
2026-09-26 12:05:00,774.73,775.14,774.72,775.14,61.541
2026-09-26 12:06:00,775.14,775.23,775.1,775.23,65.448
2026-09-26 12:07:00,775.23,775.46,775.16,775.17,84.0
2026-09-26 12:08:00,775.17,775.3,775.17,775.3,38.282
2026-09-26 12:09:00,775.3,775.45,775.22,775.22,72.986
2026-09-26 12:10:00,775.2,775.24,775.16,775.19,74.27
2026-09-26 12:11:00,775.19,775.22,775.0,775.01,28.102
2026-09-26 12:12:00,775.0,775.01,774.93,774.93,14.926
2026-09-26 12:13:00,774.91,774.92,774.85,774.9,12.127
2026-09-26 12:14:00,774.9,775.07,774.9,775.07,286.655
2026-09-26 12:15:00,775.07,775.37,775.06,775.36,27.426
2026-09-26 12:16:00,775.37,775.4,775.36,775.4,28.005
2026-09-26 12:17:00,775.4,775.57,775.39,775.56,41.527
2026-09-26 12:18:00,775.56,776.19,775.51,775.76,384.202
2026-09-26 12:19:00,775.76,775.76,775.25,775.25,148.569
2026-09-26 12:20:00,775.26,775.35,775.03,775.04,21.052
2026-09-26 12:21:00,775.03,775.16,775.0,775.01,17.703
2026-09-26 12:22:00,775.01,775.04,775.0,775.04,3.732
2026-09-26 12:23:00,775.04,775.04,774.9,774.91,19.758
2026-09-26 12:24:00,774.91,774.91,774.83,774.86,49.492
2026-09-26 12:25:00,774.86,775.08,774.86,774.96,14.659
2026-09-26 12:26:00,774.95,774.95,774.49,774.64,134.711
2026-09-26 12:27:00,774.63,774.68,774.58,774.67,7.866
2026-09-26 12:28:00,774.68,774.77,774.68,774.76,5.209
2026-09-26 12:29:00,774.76,774.77,774.76,774.77,13.847
2026-09-26 12:30:00,774.76,774.77,774.75,774.76,20.328
2026-09-26 12:31:00,774.76,774.76,774.75,774.76,7.54
2026-09-26 12:32:00,774.76,774.76,774.75,774.76,8.777
2026-09-26 12:33:00,774.75,774.98,774.75,774.98,14.53
2026-09-26 12:34:00,774.98,774.99,774.92,774.93,61.143
2026-09-26 12:35:00,774.93,775.06,774.92,775.01,28.727
2026-09-26 12:36:00,775.01,775.01,774.97,774.98,5.085
2026-09-26 12:37:00,774.98,774.98,774.66,774.67,33.092
2026-09-26 12:38:00,774.66,774.66,774.39,774.4,14.375
2026-09-26 12:39:00,774.39,774.45,774.39,774.42,82.166
2026-09-26 12:40:00,774.42,774.5,774.39,774.4,11.145
2026-09-26 12:41:00,774.4,774.4,774.12,774.12,63.393
2026-09-26 12:42:00,774.13,774.13,774.12,774.13,14.407
2026-09-26 12:43:00,774.12,774.12,774.03,774.03,30.923
2026-09-26 12:44:00,774.04,774.04,774.03,774.03,8.245
2026-09-26 12:45:00,774.03,774.08,774.03,774.08,24.171
2026-09-26 12:46:00,774.08,774.11,774.05,774.06,16.277
2026-09-26 12:47:00,774.06,774.27,774.05,774.26,15.713
2026-09-26 12:48:00,774.27,774.27,774.26,774.27,7.091
2026-09-26 12:49:00,774.26,774.27,774.2,774.21,19.432
2026-09-26 12:50:00,774.2,774.21,774.11,774.11,92.643
2026-09-26 12:51:00,774.12,774.2,774.1,774.2,41.247
2026-09-26 12:52:00,774.2,774.2,774.19,774.2,33.998
2026-09-26 12:53:00,774.2,774.2,774.15,774.15,10.487
2026-09-26 12:54:00,774.14,774.14,774.01,774.06,23.279
2026-09-26 12:55:00,774.06,774.15,774.06,774.15,24.752
2026-09-26 12:56:00,774.15,774.15,774.14,774.14,6.204
2026-09-26 12:57:00,774.15,774.19,774.09,774.1,11.498
2026-09-26 12:58:00,774.09,774.46,774.09,774.36,71.994
2026-09-26 12:59:00,774.36,774.36,774.24,774.24,9.017
2026-09-26 13:00:00,774.24,774.24,774.1,774.21,15.536
2026-09-26 13:01:00,774.21,774.43,774.21,774.31,84.16
2026-09-26 13:02:00,774.3,774.57,774.3,774.57,80.452
2026-09-26 13:03:00,774.57,774.7,774.25,774.29,52.311
2026-09-26 13:04:00,774.28,774.33,774.28,774.32,10.888
2026-09-26 13:05:00,774.32,774.47,774.31,774.47,28.346
2026-09-26 13:06:00,774.5,774.65,774.46,774.65,14.089
2026-09-26 13:07:00,774.65,774.7,774.28,774.33,52.445
2026-09-26 13:08:00,774.32,774.42,774.12,774.13,51.038
2026-09-26 13:09:00,774.13,774.19,774.12,774.19,10.536
2026-09-26 13:10:00,774.19,774.22,773.7,773.7,81.903
2026-09-26 13:11:00,773.7,773.76,773.49,773.5,82.106
2026-09-26 13:12:00,773.51,773.79,773.18,773.79,153.949
2026-09-26 13:13:00,773.78,773.79,773.35,773.52,23.482
2026-09-26 13:14:00,773.52,773.63,773.49,773.5,19.526
2026-09-26 13:15:00,773.49,773.64,773.3,773.31,94.944
2026-09-26 13:16:00,773.3,773.4,773.3,773.39,9.474
2026-09-26 13:17:00,773.4,773.56,773.39,773.56,17.324
2026-09-26 13:18:00,773.55,773.56,772.46,772.85,578.208
2026-09-26 13:19:00,772.86,773.08,772.85,773.08,127.37
2026-09-26 13:20:00,773.07,773.44,773.07,773.2,218.262
2026-09-26 13:21:00,773.2,773.27,772.99,773.0,94.932
2026-09-26 13:22:00,772.99,773.0,772.56,772.57,65.175
2026-09-26 13:23:00,772.56,772.57,772.47,772.48,36.734
2026-09-26 13:24:00,772.49,772.49,772.38,772.39,43.591
2026-09-26 13:25:00,772.39,772.42,772.06,772.25,146.511
2026-09-26 13:26:00,772.26,772.32,772.07,772.31,41.022
2026-09-26 13:27:00,772.32,772.34,772.01,772.07,75.315
2026-09-26 13:28:00,772.07,772.1,771.8,771.89,54.081
2026-09-26 13:29:00,771.88,772.72,771.88,772.72,90.632
2026-09-26 13:30:00,772.71,772.72,772.38,772.39,12.698
2026-09-26 13:31:00,772.38,772.6,772.35,772.48,20.266
2026-09-26 13:32:00,772.49,772.49,772.24,772.28,7.457
2026-09-26 13:33:00,772.27,772.43,772.25,772.25,4.782
2026-09-26 13:34:00,772.25,772.32,771.66,771.73,427.73
2026-09-26 13:35:00,771.72,771.9,771.72,771.79,56.131
2026-09-26 13:36:00,771.79,772.0,771.76,771.95,18.753
2026-09-26 13:37:00,771.94,772.0,771.94,771.99,428.318
2026-09-26 13:38:00,772.0,772.0,771.99,771.99,19.997
2026-09-26 13:39:00,772.0,772.0,771.95,771.99,47.474
2026-09-26 13:40:00,772.0,772.0,771.98,771.99,410.676
2026-09-26 13:41:00,771.99,772.39,771.95,772.17,636.666
2026-09-26 13:42:00,772.16,772.3,772.16,772.28,38.358
2026-09-26 13:43:00,772.27,772.28,772.19,772.19,12.916
2026-09-26 13:44:00,772.2,772.2,772.11,772.15,43.683
2026-09-26 13:45:00,772.16,772.29,772.12,772.29,20.176
2026-09-26 13:46:00,772.29,772.4,772.25,772.39,16.059
2026-09-26 13:47:00,772.38,772.64,772.38,772.39,12.304
2026-09-26 13:48:00,772.39,772.62,772.3,772.61,37.892
2026-09-26 13:49:00,772.62,772.68,772.37,772.38,20.446
2026-09-26 13:50:00,772.37,772.76,772.37,772.58,83.744
2026-09-26 13:51:00,772.58,772.63,772.34,772.35,148.669
2026-09-26 13:52:00,772.35,772.36,772.31,772.36,27.872
2026-09-26 13:53:00,772.36,772.41,772.35,772.36,4.487
2026-09-26 13:54:00,772.36,772.4,772.28,772.4,29.649
2026-09-26 13:55:00,772.41,772.5,772.41,772.5,7.518
2026-09-26 13:56:00,772.5,772.64,772.49,772.6,15.737
2026-09-26 13:57:00,772.61,772.61,772.47,772.51,10.43
2026-09-26 13:58:00,772.52,772.55,772.31,772.45,64.636
2026-09-26 13:59:00,772.46,772.69,772.34,772.48,56.257
2026-09-26 14:00:00,772.49,772.49,772.06,772.07,80.629
2026-09-26 14:01:00,772.07,772.22,772.06,772.21,8.057
2026-09-26 14:02:00,772.2,772.22,772.2,772.21,6.779
2026-09-26 14:03:00,772.22,772.32,772.21,772.32,8.796
2026-09-26 14:04:00,772.31,772.63,772.31,772.55,73.315
2026-09-26 14:05:00,772.55,772.55,772.29,772.3,19.645
2026-09-26 14:06:00,772.3,772.42,772.29,772.42,72.927
2026-09-26 14:07:00,772.42,772.42,772.41,772.42,12.843
2026-09-26 14:08:00,772.42,772.42,772.41,772.42,7.14
2026-09-26 14:09:00,772.41,772.42,772.41,772.41,12.32
2026-09-26 14:10:00,772.42,772.61,772.41,772.61,16.435
2026-09-26 14:11:00,772.6,772.65,772.6,772.65,8.064
2026-09-26 14:12:00,772.65,772.68,772.58,772.68,19.58
2026-09-26 14:13:00,772.67,772.79,772.67,772.78,7.005
2026-09-26 14:14:00,772.79,773.16,772.78,773.16,47.778
2026-09-26 14:15:00,773.16,773.5,773.15,773.25,120.473
2026-09-26 14:16:00,773.24,773.25,772.98,773.02,16.427
2026-09-26 14:17:00,773.02,773.03,772.83,772.84,10.253
2026-09-26 14:18:00,772.84,772.84,772.68,772.68,14.764
2026-09-26 14:19:00,772.68,772.87,772.67,772.8,41.568
2026-09-26 14:20:00,772.8,772.8,772.59,772.62,49.45
2026-09-26 14:21:00,772.62,773.06,772.61,773.06,31.772
2026-09-26 14:22:00,773.06,773.23,773.05,773.23,18.778
2026-09-26 14:23:00,773.23,773.26,773.23,773.25,13.405
2026-09-26 14:24:00,773.26,773.26,773.09,773.1,21.644
2026-09-26 14:25:00,773.1,773.1,773.06,773.06,14.03
2026-09-26 14:26:00,773.07,773.07,773.06,773.06,4.112
2026-09-26 14:27:00,773.06,773.06,772.93,772.93,15.915
2026-09-26 14:28:00,772.94,772.94,772.9,772.9,7.106
2026-09-26 14:29:00,772.9,772.91,772.9,772.91,9.245
2026-09-26 14:30:00,772.91,773.11,772.84,772.84,133.03
2026-09-26 14:31:00,772.85,773.11,772.84,773.11,31.47
2026-09-26 14:32:00,773.11,773.63,773.1,773.49,170.445
2026-09-26 14:33:00,773.48,773.49,773.48,773.48,5.669
2026-09-26 14:34:00,773.48,773.48,773.4,773.4,14.834
2026-09-26 14:35:00,773.41,773.41,773.24,773.25,35.852
2026-09-26 14:36:00,773.25,773.32,773.2,773.21,54.457
2026-09-26 14:37:00,773.2,773.6,773.2,773.51,79.204
2026-09-26 14:38:00,773.51,773.57,773.5,773.5,4.9
2026-09-26 14:39:00,773.51,773.56,773.48,773.51,26.135
2026-09-26 14:40:00,773.5,773.64,773.5,773.57,39.75
2026-09-26 14:41:00,773.57,773.63,773.55,773.61,29.033
2026-09-26 14:42:00,773.61,773.64,773.58,773.64,26.733
2026-09-26 14:43:00,773.63,773.64,773.63,773.64,10.284
2026-09-26 14:44:00,773.63,773.64,773.45,773.6,105.477
2026-09-26 14:45:00,773.6,773.6,773.54,773.54,20.31
2026-09-26 14:46:00,773.55,773.69,773.49,773.68,22.621
2026-09-26 14:47:00,773.69,773.69,773.61,773.62,15.297
2026-09-26 14:48:00,773.61,773.62,773.61,773.61,4.172
2026-09-26 14:49:00,773.61,773.61,773.6,773.61,5.455
2026-09-26 14:50:00,773.61,773.88,773.6,773.88,26.539
2026-09-26 14:51:00,773.88,773.91,773.87,773.91,17.288
2026-09-26 14:52:00,773.91,774.0,773.9,773.99,23.722
2026-09-26 14:53:00,774.0,774.0,773.91,773.92,19.984
2026-09-26 14:54:00,773.92,773.92,773.91,773.92,11.639
2026-09-26 14:55:00,773.91,773.92,773.91,773.92,14.684
2026-09-26 14:56:00,773.91,773.99,773.91,773.92,31.318
2026-09-26 14:57:00,773.92,773.92,773.86,773.86,16.997
2026-09-26 14:58:00,773.87,773.87,773.8,773.8,12.942
2026-09-26 14:59:00,773.81,773.81,773.79,773.81,41.817
2026-09-26 15:00:00,773.81,774.09,773.8,774.09,76.815
2026-09-26 15:01:00,774.08,774.11,773.87,773.99,55.153
2026-09-26 15:02:00,773.99,773.99,773.86,773.95,10.808
2026-09-26 15:03:00,773.96,774.0,773.91,774.0,91.362
2026-09-26 15:04:00,774.0,774.15,773.99,774.15,37.149
2026-09-26 15:05:00,774.15,774.16,774.15,774.16,8.606
2026-09-26 15:06:00,774.16,774.16,774.15,774.16,29.139
2026-09-26 15:07:00,774.16,774.16,774.15,774.15,24.404
2026-09-26 15:08:00,774.16,774.2,774.12,774.2,97.318
2026-09-26 15:09:00,774.2,774.2,774.19,774.2,6.416
2026-09-26 15:10:00,774.19,774.2,774.12,774.19,11.521
2026-09-26 15:11:00,774.19,774.2,774.18,774.19,110.364
2026-09-26 15:12:00,774.2,774.2,774.18,774.19,42.959
2026-09-26 15:13:00,774.18,774.2,774.12,774.13,45.142
2026-09-26 15:14:00,774.12,774.17,774.12,774.16,16.572
2026-09-26 15:15:00,774.16,774.19,774.16,774.17,29.244
2026-09-26 15:16:00,774.18,774.2,774.14,774.2,28.846
2026-09-26 15:17:00,774.19,774.2,774.19,774.2,24.531
2026-09-26 15:18:00,774.2,774.2,774.19,774.2,26.139
2026-09-26 15:19:00,774.19,774.2,774.19,774.19,31.362
2026-09-26 15:20:00,774.19,774.2,774.19,774.2,15.088
2026-09-26 15:21:00,774.2,774.2,774.08,774.17,73.157
2026-09-26 15:22:00,774.18,774.18,774.12,774.12,26.884
2026-09-26 15:23:00,774.13,774.13,774.09,774.11,46.794
2026-09-26 15:24:00,774.11,774.21,774.11,774.12,41.338
2026-09-26 15:25:00,774.11,774.2,774.08,774.19,61.622
2026-09-26 15:26:00,774.2,774.2,774.19,774.2,15.258
2026-09-26 15:27:00,774.2,774.29,774.19,774.29,13.184
2026-09-26 15:28:00,774.29,774.29,774.28,774.28,14.725
2026-09-26 15:29:00,774.29,774.29,774.28,774.29,8.955
2026-09-26 15:30:00,774.29,774.39,774.28,774.39,51.45
2026-09-26 15:31:00,774.39,774.45,774.38,774.44,32.013
2026-09-26 15:32:00,774.44,774.52,774.43,774.51,27.305
2026-09-26 15:33:00,774.52,774.62,774.35,774.57,137.996
2026-09-26 15:34:00,774.57,774.57,774.51,774.56,16.065
2026-09-26 15:35:00,774.57,774.57,774.36,774.43,174.687
2026-09-26 15:36:00,774.43,774.5,774.42,774.49,37.282
2026-09-26 15:37:00,774.49,774.5,774.48,774.5,7.929
2026-09-26 15:38:00,774.49,774.69,774.49,774.54,101.239
2026-09-26 15:39:00,774.53,774.54,774.49,774.49,14.064
2026-09-26 15:40:00,774.5,774.55,774.25,774.25,190.978
2026-09-26 15:41:00,774.26,774.46,774.25,774.46,43.35
2026-09-26 15:42:00,774.46,774.66,774.46,774.56,26.493
2026-09-26 15:43:00,774.56,774.56,774.32,774.33,19.681
2026-09-26 15:44:00,774.33,774.68,774.32,774.58,116.374
2026-09-26 15:45:00,774.58,774.58,774.2,774.21,26.895
2026-09-26 15:46:00,774.21,774.29,773.58,773.91,243.169
2026-09-26 15:47:00,773.92,773.92,773.83,773.9,17.118
2026-09-26 15:48:00,773.89,773.91,773.89,773.9,43.074
2026-09-26 15:49:00,773.91,773.91,773.63,773.72,37.106
2026-09-26 15:50:00,773.72,773.88,773.71,773.88,82.738
2026-09-26 15:51:00,773.87,774.04,773.87,774.03,44.219
2026-09-26 15:52:00,774.04,774.56,774.03,774.56,97.117
2026-09-26 15:53:00,774.56,774.56,774.18,774.32,83.123
2026-09-26 15:54:00,774.32,774.46,774.32,774.46,14.393
2026-09-26 15:55:00,774.46,774.55,774.3,774.38,35.747
2026-09-26 15:56:00,774.37,774.38,774.37,774.38,8.749
2026-09-26 15:57:00,774.38,774.38,774.37,774.38,6.491
2026-09-26 15:58:00,774.38,774.38,774.37,774.37,6.176
2026-09-26 15:59:00,774.37,774.38,774.37,774.38,8.182
2026-09-26 16:00:00,774.38,774.43,774.13,774.17,23.182
2026-09-26 16:01:00,774.16,774.17,774.08,774.09,17.175
2026-09-26 16:02:00,774.08,774.09,773.9,773.96,24.991
2026-09-26 16:03:00,773.96,774.16,773.84,774.16,30.763
2026-09-26 16:04:00,774.15,774.16,774.01,774.04,23.072
2026-09-26 16:05:00,774.05,774.05,774.04,774.04,29.231
2026-09-26 16:06:00,774.05,774.19,774.04,774.19,24.275
2026-09-26 16:07:00,774.19,774.39,774.18,774.38,62.678
2026-09-26 16:08:00,774.39,774.43,774.38,774.43,20.213
2026-09-26 16:09:00,774.43,774.48,774.42,774.47,14.058
2026-09-26 16:10:00,774.48,774.48,774.42,774.42,13.946
2026-09-26 16:11:00,774.41,774.41,774.33,774.33,20.36
2026-09-26 16:12:00,774.34,774.34,774.33,774.34,9.926
2026-09-26 16:13:00,774.33,774.46,774.33,774.36,31.846
2026-09-26 16:14:00,774.36,774.39,774.36,774.36,47.022
2026-09-26 16:15:00,774.37,774.52,774.36,774.43,41.023
2026-09-26 16:16:00,774.44,774.44,774.39,774.39,12.275
2026-09-26 16:17:00,774.39,774.4,774.39,774.39,22.551
2026-09-26 16:18:00,774.4,774.52,774.39,774.51,15.028
2026-09-26 16:19:00,774.52,774.52,774.51,774.52,7.539
2026-09-26 16:20:00,774.51,774.52,774.26,774.27,26.865
2026-09-26 16:21:00,774.26,774.27,774.14,774.24,44.917
2026-09-26 16:22:00,774.25,774.3,774.24,774.3,18.24
2026-09-26 16:23:00,774.3,774.3,774.18,774.18,18.605
2026-09-26 16:24:00,774.19,774.19,774.04,774.05,19.894
2026-09-26 16:25:00,774.04,774.05,773.92,773.92,19.975
2026-09-26 16:26:00,773.93,773.93,773.92,773.92,17.354
2026-09-26 16:27:00,773.93,773.93,773.75,773.76,11.959
2026-09-26 16:28:00,773.75,773.86,773.72,773.85,29.315
2026-09-26 16:29:00,773.85,773.9,773.85,773.9,27.208
2026-09-26 16:30:00,773.9,773.9,773.89,773.9,13.604
2026-09-26 16:31:00,773.9,774.09,773.89,774.08,24.239
2026-09-26 16:32:00,774.08,774.18,774.08,774.18,28.517
2026-09-26 16:33:00,774.18,774.21,774.17,774.19,33.161
2026-09-26 16:34:00,774.19,774.2,774.17,774.17,21.659
2026-09-26 16:35:00,774.18,774.18,774.17,774.17,20.01
2026-09-26 16:36:00,774.18,774.18,774.14,774.18,18.324
2026-09-26 16:37:00,774.18,774.21,774.17,774.2,59.738
2026-09-26 16:38:00,774.2,774.34,774.2,774.34,21.231
2026-09-26 16:39:00,774.34,774.34,774.31,774.31,25.438
2026-09-26 16:40:00,774.31,774.32,774.21,774.21,33.705
2026-09-26 16:41:00,774.21,774.22,774.16,774.17,35.765
2026-09-26 16:42:00,774.17,774.17,774.16,774.16,27.587
2026-09-26 16:43:00,774.17,774.17,774.16,774.16,21.177
2026-09-26 16:44:00,774.17,774.17,774.12,774.12,10.042
2026-09-26 16:45:00,774.13,774.13,774.02,774.03,15.622
2026-09-26 16:46:00,774.03,774.03,773.99,774.0,27.9
2026-09-26 16:47:00,774.0,774.13,773.99,774.02,60.705
2026-09-26 16:48:00,774.03,774.03,773.75,773.86,136.727
2026-09-26 16:49:00,773.87,774.07,773.86,774.0,56.97
2026-09-26 16:50:00,774.0,774.04,773.89,773.9,61.89
2026-09-26 16:51:00,773.9,773.9,773.89,773.89,21.243
2026-09-26 16:52:00,773.89,773.91,773.89,773.9,37.199
2026-09-26 16:53:00,773.9,773.91,773.9,773.9,31.658
2026-09-26 16:54:00,773.9,774.35,773.9,774.22,34.25
2026-09-26 16:55:00,774.22,774.23,774.16,774.17,12.526
2026-09-26 16:56:00,774.17,774.17,774.0,774.12,30.312
2026-09-26 16:57:00,774.12,774.45,774.11,774.32,48.25
2026-09-26 16:58:00,774.32,774.33,774.27,774.27,13.958
2026-09-26 16:59:00,774.27,774.46,774.27,774.46,91.018
2026-09-26 17:00:00,774.45,774.47,774.34,774.38,66.721
2026-09-26 17:01:00,774.38,774.4,774.37,774.4,67.399
2026-09-26 17:02:00,774.4,774.4,774.22,774.23,14.506
2026-09-26 17:03:00,774.23,774.23,773.92,773.98,55.416
2026-09-26 17:04:00,773.98,773.98,773.89,773.91,16.022
2026-09-26 17:05:00,773.91,774.04,773.9,773.97,55.284
2026-09-26 17:06:00,773.97,773.97,773.78,773.79,37.236
2026-09-26 17:07:00,773.79,773.83,773.68,773.68,21.481
2026-09-26 17:08:00,773.69,773.77,773.59,773.76,25.937
2026-09-26 17:09:00,773.77,773.78,773.76,773.78,13.119
2026-09-26 17:10:00,773.78,773.78,773.58,773.58,25.689
2026-09-26 17:11:00,773.58,773.59,773.38,773.38,33.34
2026-09-26 17:12:00,773.39,773.5,773.39,773.45,36.074
2026-09-26 17:13:00,773.44,773.6,773.44,773.6,6.962
2026-09-26 17:14:00,773.6,773.6,773.59,773.59,22.281
2026-09-26 17:15:00,773.59,773.59,773.32,773.32,19.394
2026-09-26 17:16:00,773.32,773.33,773.24,773.24,33.172
2026-09-26 17:17:00,773.24,773.35,773.24,773.31,49.541
2026-09-26 17:18:00,773.31,773.31,773.26,773.27,8.737
2026-09-26 17:19:00,773.27,773.27,773.07,773.1,45.282
2026-09-26 17:20:00,773.1,773.24,773.09,773.21,74.301
2026-09-26 17:21:00,773.2,773.21,773.05,773.06,19.836
2026-09-26 17:22:00,773.05,773.06,773.04,773.06,16.406
2026-09-26 17:23:00,773.06,773.14,773.06,773.13,26.588
2026-09-26 17:24:00,773.14,773.19,773.13,773.19,16.497
2026-09-26 17:25:00,773.19,773.3,773.18,773.3,38.792
2026-09-26 17:26:00,773.3,773.45,773.2,773.21,52.133
2026-09-26 17:27:00,773.21,773.21,773.2,773.2,10.971
2026-09-26 17:28:00,773.2,773.21,773.2,773.2,12.92
2026-09-26 17:29:00,773.2,773.21,773.13,773.14,14.604
2026-09-26 17:30:00,773.14,773.24,773.12,773.12,55.839
2026-09-26 17:31:00,773.13,773.13,773.0,773.0,13.21
2026-09-26 17:32:00,773.01,773.01,773.0,773.0,19.265
2026-09-26 17:33:00,773.01,773.01,772.83,772.84,24.138
2026-09-26 17:34:00,772.84,772.84,772.53,772.53,44.845
2026-09-26 17:35:00,772.54,772.62,772.53,772.62,96.499
2026-09-26 17:36:00,772.62,772.63,772.61,772.63,38.383
2026-09-26 17:37:00,772.63,772.82,772.63,772.72,57.876
2026-09-26 17:38:00,772.72,772.72,772.6,772.6,16.045
2026-09-26 17:39:00,772.61,772.66,772.6,772.66,27.967
2026-09-26 17:40:00,772.66,772.74,772.46,772.53,127.401
2026-09-26 17:41:00,772.52,772.54,772.47,772.48,28.723
2026-09-26 17:42:00,772.47,772.55,772.47,772.55,53.355
2026-09-26 17:43:00,772.55,772.61,772.55,772.6,11.288
2026-09-26 17:44:00,772.6,772.84,772.6,772.82,49.087
2026-09-26 17:45:00,772.83,772.83,772.73,772.74,11.683
2026-09-26 17:46:00,772.74,772.74,772.73,772.73,23.543
2026-09-26 17:47:00,772.73,772.75,772.73,772.75,28.409
2026-09-26 17:48:00,772.74,772.77,772.74,772.77,29.958
2026-09-26 17:49:00,772.77,772.77,772.46,772.46,84.996
2026-09-26 17:50:00,772.47,772.47,772.38,772.4,42.363
2026-09-26 17:51:00,772.4,772.45,772.39,772.45,35.119
2026-09-26 17:52:00,772.45,772.65,772.44,772.56,60.706
2026-09-26 17:53:00,772.56,772.91,772.49,772.7,301.819
2026-09-26 17:54:00,772.7,772.7,772.58,772.59,22.451
2026-09-26 17:55:00,772.59,772.59,772.57,772.58,19.153
2026-09-26 17:56:00,772.58,772.77,772.57,772.77,116.991
2026-09-26 17:57:00,772.77,772.77,772.62,772.63,38.608
2026-09-26 17:58:00,772.63,772.63,772.62,772.63,6.173
2026-09-26 17:59:00,772.63,772.63,772.62,772.63,12.336
2026-09-26 18:00:00,772.63,772.64,772.4,772.63,51.21
2026-09-26 18:01:00,772.64,772.66,772.63,772.66,17.515
2026-09-26 18:02:00,772.67,772.83,772.66,772.82,35.005
2026-09-26 18:03:00,772.82,773.13,772.82,773.08,86.652
2026-09-26 18:04:00,773.09,773.09,772.99,773.02,54.772
2026-09-26 18:05:00,773.02,773.04,773.0,773.03,30.139
2026-09-26 18:06:00,773.03,773.16,773.0,773.0,22.978
2026-09-26 18:07:00,773.01,773.01,772.66,772.66,96.682
2026-09-26 18:08:00,772.67,772.67,772.66,772.67,13.774
2026-09-26 18:09:00,772.66,772.72,772.66,772.72,17.778
2026-09-26 18:10:00,772.72,772.72,772.66,772.68,51.322
2026-09-26 18:11:00,772.67,772.7,772.67,772.69,15.928
2026-09-26 18:12:00,772.7,772.7,772.69,772.69,13.314
2026-09-26 18:13:00,772.7,772.7,772.69,772.69,13.355
2026-09-26 18:14:00,772.69,772.7,772.63,772.63,11.41
2026-09-26 18:15:00,772.63,772.64,772.4,772.44,35.663
2026-09-26 18:16:00,772.44,772.44,772.43,772.44,16.466
2026-09-26 18:17:00,772.43,772.44,772.43,772.43,11.251
2026-09-26 18:18:00,772.44,772.44,772.43,772.43,8.263
2026-09-26 18:19:00,772.43,772.43,772.31,772.32,21.26
2026-09-26 18:20:00,772.31,772.32,772.22,772.23,43.24
2026-09-26 18:21:00,772.23,772.38,772.23,772.38,59.791
2026-09-26 18:22:00,772.38,772.4,772.38,772.4,18.873
2026-09-26 18:23:00,772.4,772.4,772.29,772.29,13.722
2026-09-26 18:24:00,772.3,772.3,772.22,772.22,9.997
2026-09-26 18:25:00,772.21,772.22,772.14,772.15,11.41
2026-09-26 18:26:00,772.15,772.16,772.14,772.15,22.825
2026-09-26 18:27:00,772.16,772.33,772.15,772.33,40.378
2026-09-26 18:28:00,772.33,772.33,772.14,772.15,16.909
2026-09-26 18:29:00,772.15,772.15,772.13,772.14,12.906
2026-09-26 18:30:00,772.13,772.13,772.09,772.11,23.096
2026-09-26 18:31:00,772.12,772.15,772.11,772.14,23.215
2026-09-26 18:32:00,772.14,772.22,772.14,772.22,49.839
2026-09-26 18:33:00,772.21,772.37,772.17,772.31,104.377
2026-09-26 18:34:00,772.3,772.3,771.92,772.03,86.352
2026-09-26 18:35:00,772.02,772.03,772.02,772.03,7.343
2026-09-26 18:36:00,772.03,772.13,771.98,771.98,91.382
2026-09-26 18:37:00,771.99,771.99,771.71,771.71,40.628
2026-09-26 18:38:00,771.71,771.71,771.64,771.65,27.179
2026-09-26 18:39:00,771.65,771.65,771.59,771.61,17.276
2026-09-26 18:40:00,771.61,771.63,771.08,771.09,229.715
2026-09-26 18:41:00,771.08,771.12,771.02,771.03,165.612
2026-09-26 18:42:00,771.03,771.04,771.02,771.03,13.038
2026-09-26 18:43:00,771.04,771.04,771.02,771.02,15.389
2026-09-26 18:44:00,771.03,771.03,770.81,770.81,105.001
2026-09-26 18:45:00,770.82,770.85,770.76,770.76,128.435
2026-09-26 18:46:00,770.77,770.78,770.76,770.76,44.806
2026-09-26 18:47:00,770.77,770.77,770.76,770.77,20.0
2026-09-26 18:48:00,770.76,770.77,770.76,770.77,6.433
2026-09-26 18:49:00,770.77,771.04,770.77,771.02,98.249
2026-09-26 18:50:00,771.02,771.02,770.86,770.87,22.711
2026-09-26 18:51:00,770.86,771.07,770.72,770.85,177.238
2026-09-26 18:52:00,770.85,770.85,770.82,770.85,25.438
2026-09-26 18:53:00,770.85,770.85,770.69,770.8,183.689
2026-09-26 18:54:00,770.8,771.18,770.79,771.17,164.42
2026-09-26 18:55:00,771.18,771.2,771.11,771.12,29.802
2026-09-26 18:56:00,771.12,771.13,771.1,771.12,26.445
2026-09-26 18:57:00,771.13,771.15,771.13,771.15,14.837
2026-09-26 18:58:00,771.15,771.17,771.14,771.16,8.169
2026-09-26 18:59:00,771.17,771.18,771.16,771.17,27.989
2026-09-26 19:00:00,771.18,771.22,771.18,771.22,258.994
2026-09-26 19:01:00,771.22,771.46,771.21,771.46,175.85
2026-09-26 19:02:00,771.46,771.51,771.45,771.5,24.928
2026-09-26 19:03:00,771.5,771.5,771.05,771.18,200.205
2026-09-26 19:04:00,771.19,771.27,771.19,771.27,52.334
2026-09-26 19:05:00,771.28,771.42,771.27,771.41,26.943
2026-09-26 19:06:00,771.42,771.42,771.36,771.36,12.181
2026-09-26 19:07:00,771.36,771.36,771.33,771.36,36.407
2026-09-26 19:08:00,771.36,771.55,771.36,771.55,53.695
2026-09-26 19:09:00,771.55,771.57,771.5,771.51,19.695
2026-09-26 19:10:00,771.51,771.51,771.37,771.38,21.101
2026-09-26 19:11:00,771.38,771.38,771.28,771.28,18.443
2026-09-26 19:12:00,771.29,771.29,771.18,771.19,28.323
2026-09-26 19:13:00,771.19,771.32,771.01,771.02,100.418
2026-09-26 19:14:00,771.02,771.02,771.0,771.0,81.199
2026-09-26 19:15:00,771.01,771.01,771.0,771.01,11.445
2026-09-26 19:16:00,771.01,771.09,771.0,771.09,60.886
2026-09-26 19:17:00,771.08,771.09,770.96,770.97,85.995
2026-09-26 19:18:00,770.97,771.09,770.86,771.09,69.156
2026-09-26 19:19:00,771.1,771.11,770.91,770.92,49.616
2026-09-26 19:20:00,770.92,770.94,770.8,770.81,8.623
2026-09-26 19:21:00,770.8,770.85,770.79,770.85,79.956
2026-09-26 19:22:00,770.86,770.86,770.75,770.8,63.602
2026-09-26 19:23:00,770.8,770.81,770.79,770.8,29.244
2026-09-26 19:24:00,770.8,770.83,770.79,770.82,34.501
2026-09-26 19:25:00,770.82,770.83,770.82,770.83,8.082
2026-09-26 19:26:00,770.83,770.96,770.74,770.95,56.99
2026-09-26 19:27:00,770.96,770.96,770.93,770.94,54.939
2026-09-26 19:28:00,770.94,770.96,770.93,770.96,37.343
2026-09-26 19:29:00,770.96,771.4,770.95,771.17,128.834
2026-09-26 19:30:00,771.16,771.16,771.0,771.0,24.996
2026-09-26 19:31:00,771.01,771.01,771.0,771.01,7.76
2026-09-26 19:32:00,771.01,771.04,771.0,771.04,35.165
2026-09-26 19:33:00,771.04,771.17,771.04,771.17,93.151
2026-09-26 19:34:00,771.17,771.18,771.15,771.18,25.782
2026-09-26 19:35:00,771.18,771.19,771.18,771.19,12.523
2026-09-26 19:36:00,771.18,771.18,771.05,771.06,14.525
2026-09-26 19:37:00,771.07,771.07,770.96,770.96,37.769
2026-09-26 19:38:00,770.96,770.97,770.83,770.83,35.437
2026-09-26 19:39:00,770.83,770.84,770.83,770.84,11.438
2026-09-26 19:40:00,770.84,770.84,770.83,770.83,10.028
2026-09-26 19:41:00,770.84,770.97,770.83,770.97,45.108
2026-09-26 19:42:00,770.97,771.2,770.97,771.18,86.773
2026-09-26 19:43:00,771.18,771.18,771.1,771.1,13.935
2026-09-26 19:44:00,771.11,771.11,771.02,771.02,8.212
2026-09-26 19:45:00,771.02,771.02,771.0,771.02,27.54
2026-09-26 19:46:00,771.02,771.02,771.01,771.02,20.236
2026-09-26 19:47:00,771.01,771.02,770.99,770.99,10.525
2026-09-26 19:48:00,771.0,771.03,770.99,771.03,17.927
2026-09-26 19:49:00,771.03,771.08,771.03,771.08,55.808
2026-09-26 19:50:00,771.08,771.09,770.9,770.91,25.985
2026-09-26 19:51:00,770.91,770.91,770.89,770.89,8.864
2026-09-26 19:52:00,770.9,770.9,770.8,770.89,13.603
2026-09-26 19:53:00,770.88,770.89,770.88,770.89,19.2
2026-09-26 19:54:00,770.89,770.89,770.88,770.88,23.084
2026-09-26 19:55:00,770.89,770.89,770.83,770.83,15.651
2026-09-26 19:56:00,770.84,770.84,770.83,770.84,15.938
2026-09-26 19:57:00,770.84,770.86,770.83,770.85,30.201
2026-09-26 19:58:00,770.86,770.86,770.85,770.86,16.255
2026-09-26 19:59:00,770.85,770.87,770.85,770.87,39.526
2026-09-26 20:00:00,770.87,770.89,770.86,770.87,36.229
2026-09-26 20:01:00,770.86,770.87,770.78,770.79,24.327
2026-09-26 20:02:00,770.79,770.81,770.78,770.81,23.51
2026-09-26 20:03:00,770.81,770.84,770.81,770.84,12.767
2026-09-26 20:04:00,770.83,770.84,770.66,770.67,21.633
2026-09-26 20:05:00,770.66,770.71,770.66,770.71,53.684
2026-09-26 20:06:00,770.71,770.93,770.71,770.83,76.746
2026-09-26 20:07:00,770.83,770.83,770.71,770.79,90.007
2026-09-26 20:08:00,770.79,770.79,770.73,770.74,28.444
2026-09-26 20:09:00,770.74,770.74,769.9,769.98,605.73
2026-09-26 20:10:00,769.99,770.2,769.99,770.19,104.685
2026-09-26 20:11:00,770.19,770.43,770.18,770.42,79.149
2026-09-26 20:12:00,770.43,770.43,770.32,770.32,3.627
2026-09-26 20:13:00,770.32,770.65,770.32,770.54,95.675
2026-09-26 20:14:00,770.54,770.55,770.48,770.55,2.327
2026-09-26 20:15:00,770.55,770.56,770.51,770.56,9.602
2026-09-26 20:16:00,770.56,770.59,770.56,770.59,8.065
2026-09-26 20:17:00,770.58,770.59,770.58,770.59,5.21
2026-09-26 20:18:00,770.59,770.85,770.58,770.64,89.684
2026-09-26 20:19:00,770.64,770.64,770.49,770.49,9.01
2026-09-26 20:20:00,770.5,770.5,770.35,770.35,17.3
2026-09-26 20:21:00,770.34,770.35,770.23,770.24,18.017
2026-09-26 20:22:00,770.23,770.36,770.23,770.25,64.507
2026-09-26 20:23:00,770.24,770.25,770.23,770.24,14.959
2026-09-26 20:24:00,770.24,770.24,770.21,770.22,7.134
2026-09-26 20:25:00,770.22,770.44,770.21,770.41,92.502
2026-09-26 20:26:00,770.41,770.41,770.32,770.35,13.573
2026-09-26 20:27:00,770.36,770.4,770.36,770.4,31.617
2026-09-26 20:28:00,770.4,770.69,770.39,770.48,65.576
2026-09-26 20:29:00,770.49,770.54,770.49,770.54,16.301
2026-09-26 20:30:00,770.54,770.55,770.52,770.53,48.113
2026-09-26 20:31:00,770.54,770.54,770.39,770.42,47.238
2026-09-26 20:32:00,770.42,770.42,770.36,770.38,4.679
2026-09-26 20:33:00,770.39,770.43,770.39,770.43,21.1
2026-09-26 20:34:00,770.43,770.43,770.42,770.43,10.612
2026-09-26 20:35:00,770.43,770.43,770.38,770.39,8.147
2026-09-26 20:36:00,770.39,770.44,770.38,770.44,4.555
2026-09-26 20:37:00,770.43,770.45,770.43,770.45,8.889
2026-09-26 20:38:00,770.45,770.45,770.2,770.21,11.951
2026-09-26 20:39:00,770.21,770.21,769.16,769.17,210.685
2026-09-26 20:40:00,769.16,769.16,768.03,768.08,417.036
2026-09-26 20:41:00,768.08,768.23,767.56,768.22,337.379
2026-09-26 20:42:00,768.22,768.23,767.65,767.84,73.281
2026-09-26 20:43:00,767.84,767.88,767.58,767.59,219.993
2026-09-26 20:44:00,767.58,767.79,767.42,767.79,85.292
2026-09-26 20:45:00,767.79,768.37,767.77,767.9,200.302
2026-09-26 20:46:00,767.9,768.18,767.81,767.94,60.158
2026-09-26 20:47:00,767.93,767.93,766.82,767.16,333.164
2026-09-26 20:48:00,767.15,767.49,767.04,767.4,55.199
2026-09-26 20:49:00,767.4,767.4,766.94,766.95,51.148
2026-09-26 20:50:00,766.95,767.75,766.94,767.75,52.457
2026-09-26 20:51:00,767.75,768.43,767.7,768.42,51.635
2026-09-26 20:52:00,768.43,768.51,768.26,768.42,37.071
2026-09-26 20:53:00,768.42,768.76,768.42,768.76,45.945
2026-09-26 20:54:00,768.75,768.93,768.75,768.93,36.45
2026-09-26 20:55:00,768.93,769.25,768.93,769.25,96.429
2026-09-26 20:56:00,769.25,769.33,769.19,769.33,27.42
2026-09-26 20:57:00,769.33,769.4,769.19,769.39,19.537
2026-09-26 20:58:00,769.4,769.4,769.39,769.4,2.54
2026-09-26 20:59:00,769.39,769.39,769.2,769.36,110.316
2026-09-26 21:00:00,769.37,769.5,769.36,769.5,43.205
2026-09-26 21:01:00,769.5,769.77,769.45,769.77,68.648
2026-09-26 21:02:00,769.77,770.06,769.76,770.06,75.014
2026-09-26 21:03:00,770.05,770.07,770.05,770.06,32.576
2026-09-26 21:04:00,770.07,770.39,770.06,770.35,80.641
2026-09-26 21:05:00,770.35,770.39,770.35,770.39,7.635
2026-09-26 21:06:00,770.38,770.51,770.38,770.5,64.639
2026-09-26 21:07:00,770.51,770.54,770.45,770.5,15.299
2026-09-26 21:08:00,770.5,770.56,770.45,770.46,42.681
2026-09-26 21:09:00,770.45,770.48,770.45,770.48,40.191
2026-09-26 21:10:00,770.48,770.48,770.39,770.46,47.683
2026-09-26 21:11:00,770.46,770.64,770.43,770.53,68.321
2026-09-26 21:12:00,770.53,770.82,770.52,770.82,24.925
2026-09-26 21:13:00,770.82,771.01,770.82,771.0,82.783
2026-09-26 21:14:00,771.0,771.01,770.99,771.01,17.706
2026-09-26 21:15:00,771.0,771.01,771.0,771.01,11.169
2026-09-26 21:16:00,771.01,771.01,771.0,771.01,4.29
2026-09-26 21:17:00,771.01,771.12,771.0,771.11,19.872
2026-09-26 21:18:00,771.11,771.35,771.1,771.35,10.401
2026-09-26 21:19:00,771.34,771.48,771.34,771.48,40.193
2026-09-26 21:20:00,771.47,771.48,771.21,771.22,26.308
2026-09-26 21:21:00,771.22,771.22,771.1,771.1,9.369
2026-09-26 21:22:00,771.11,771.19,771.1,771.19,16.644
2026-09-26 21:23:00,771.19,771.45,771.19,771.37,10.206
2026-09-26 21:24:00,771.37,771.55,771.36,771.55,11.898
2026-09-26 21:25:00,771.55,771.64,771.54,771.64,41.042
2026-09-26 21:26:00,771.64,771.77,771.63,771.77,18.959
2026-09-26 21:27:00,771.77,771.98,771.77,771.97,18.04
2026-09-26 21:28:00,771.96,771.97,771.91,771.97,14.577
2026-09-26 21:29:00,771.97,772.06,771.96,772.05,29.722
2026-09-26 21:30:00,772.06,772.4,772.06,772.4,16.483
2026-09-26 21:31:00,772.39,772.44,772.39,772.44,8.407
2026-09-26 21:32:00,772.44,772.53,772.44,772.53,14.66
2026-09-26 21:33:00,772.53,772.53,772.52,772.53,16.408
2026-09-26 21:34:00,772.53,773.28,772.53,773.2,73.024
2026-09-26 21:35:00,773.19,773.19,772.86,772.86,28.367
2026-09-26 21:36:00,772.87,772.87,772.72,772.72,18.083
2026-09-26 21:37:00,772.73,772.73,772.72,772.73,4.787
2026-09-26 21:38:00,772.72,772.73,772.54,772.54,41.353
2026-09-26 21:39:00,772.54,772.54,772.35,772.4,22.294
2026-09-26 21:40:00,772.4,772.4,772.01,772.11,44.658
2026-09-26 21:41:00,772.11,772.11,772.08,772.09,22.509
2026-09-26 21:42:00,772.09,772.09,772.05,772.05,12.917
2026-09-26 21:43:00,772.05,772.17,772.03,772.05,27.346
2026-09-26 21:44:00,772.05,772.09,772.03,772.09,10.665
2026-09-26 21:45:00,772.09,772.09,772.01,772.01,5.321
2026-09-26 21:46:00,772.01,772.02,771.88,771.89,7.768
2026-09-26 21:47:00,771.88,771.89,771.83,771.83,3.265
2026-09-26 21:48:00,771.83,771.83,771.79,771.8,4.836
2026-09-26 21:49:00,771.8,771.83,771.79,771.83,8.177
2026-09-26 21:50:00,771.83,771.84,771.24,771.55,144.46
2026-09-26 21:51:00,771.55,771.55,771.46,771.46,22.682
2026-09-26 21:52:00,771.46,771.84,771.45,771.84,29.819
2026-09-26 21:53:00,771.84,771.84,771.67,771.82,45.22
2026-09-26 21:54:00,771.82,771.85,771.73,771.74,17.707
2026-09-26 21:55:00,771.74,771.74,771.55,771.55,19.802
2026-09-26 21:56:00,771.56,771.95,771.55,771.95,23.128
2026-09-26 21:57:00,771.94,772.16,771.86,772.16,24.579
2026-09-26 21:58:00,772.16,772.29,772.15,772.22,5.311
2026-09-26 21:59:00,772.21,772.29,772.08,772.08,5.047
2026-09-26 22:00:00,772.09,772.46,772.08,772.46,7.767
2026-09-26 22:01:00,772.46,772.69,772.46,772.56,7.131
2026-09-26 22:02:00,772.56,772.57,772.34,772.35,28.191
2026-09-26 22:03:00,772.35,772.38,772.05,772.37,17.235
2026-09-26 22:04:00,772.38,772.62,772.38,772.62,58.563
2026-09-26 22:05:00,772.62,773.14,772.61,773.05,48.466
2026-09-26 22:06:00,773.04,773.53,772.99,773.32,527.468
2026-09-26 22:07:00,773.32,773.32,773.21,773.22,7.738
2026-09-26 22:08:00,773.21,773.22,773.06,773.06,38.517
2026-09-26 22:09:00,773.07,773.07,772.91,773.06,14.323
2026-09-26 22:10:00,773.06,773.13,773.02,773.08,17.355
2026-09-26 22:11:00,773.09,773.31,773.08,773.31,11.179
2026-09-26 22:12:00,773.3,773.58,773.3,773.52,11.646
2026-09-26 22:13:00,773.53,773.57,773.52,773.57,26.286
2026-09-26 22:14:00,773.56,773.63,773.56,773.63,60.044
2026-09-26 22:15:00,773.64,773.64,773.63,773.64,14.851
2026-09-26 22:16:00,773.64,773.74,773.56,773.57,50.534
2026-09-26 22:17:00,773.56,773.57,773.05,773.06,61.349
2026-09-26 22:18:00,773.06,773.28,773.06,773.11,62.744
2026-09-26 22:19:00,773.11,773.21,773.11,773.14,37.674
2026-09-26 22:20:00,773.15,773.15,773.0,773.01,73.04
2026-09-26 22:21:00,773.01,773.01,772.95,772.95,5.039
2026-09-26 22:22:00,772.96,772.96,772.88,772.89,4.55
2026-09-26 22:23:00,772.88,772.96,772.79,772.96,11.253
2026-09-26 22:24:00,772.95,773.09,772.94,773.04,63.339
2026-09-26 22:25:00,773.04,773.05,772.88,773.0,30.442
2026-09-26 22:26:00,772.99,773.09,772.99,773.04,16.872
2026-09-26 22:27:00,773.04,773.09,773.03,773.03,27.018
2026-09-26 22:28:00,773.03,773.43,773.03,773.39,59.565
2026-09-26 22:29:00,773.39,773.46,773.38,773.38,11.551
2026-09-26 22:30:00,773.38,773.38,773.22,773.38,55.245
2026-09-26 22:31:00,773.38,773.46,773.26,773.27,13.318
2026-09-26 22:32:00,773.27,773.35,773.26,773.32,6.131
2026-09-26 22:33:00,773.31,773.31,773.03,773.05,4.697
2026-09-26 22:34:00,773.05,773.15,773.05,773.1,13.058
2026-09-26 22:35:00,773.09,773.18,773.09,773.18,6.406
2026-09-26 22:36:00,773.17,773.18,773.08,773.09,43.576
2026-09-26 22:37:00,773.08,773.09,773.08,773.09,24.408
2026-09-26 22:38:00,773.08,773.08,773.04,773.04,10.513
2026-09-26 22:39:00,773.04,773.05,773.04,773.04,4.831
2026-09-26 22:40:00,773.04,773.05,772.77,772.77,105.843
2026-09-26 22:41:00,772.78,772.78,772.57,772.58,23.855
2026-09-26 22:42:00,772.57,772.57,772.48,772.56,35.305
2026-09-26 22:43:00,772.56,772.56,772.55,772.56,1.165
2026-09-26 22:44:00,772.56,772.56,772.34,772.34,5.645
2026-09-26 22:45:00,772.34,772.45,772.34,772.45,21.988
2026-09-26 22:46:00,772.45,772.49,772.44,772.48,8.292
2026-09-26 22:47:00,772.49,772.69,772.48,772.69,32.447
2026-09-26 22:48:00,772.69,772.75,772.69,772.75,19.686
2026-09-26 22:49:00,772.74,772.78,772.74,772.78,29.541
2026-09-26 22:50:00,772.78,772.93,772.77,772.89,56.076
2026-09-26 22:51:00,772.89,773.15,772.85,773.14,187.554
2026-09-26 22:52:00,773.15,773.25,773.14,773.25,24.046
2026-09-26 22:53:00,773.25,773.31,773.25,773.31,22.078
2026-09-26 22:54:00,773.31,773.31,773.14,773.23,55.876
2026-09-26 22:55:00,773.23,773.23,773.03,773.17,70.915
2026-09-26 22:56:00,773.17,773.17,773.14,773.14,3.241
2026-09-26 22:57:00,773.14,773.14,772.95,772.95,8.849
2026-09-26 22:58:00,772.95,772.95,772.94,772.94,8.59
2026-09-26 22:59:00,772.94,772.95,772.94,772.95,11.994
2026-09-26 23:00:00,772.95,773.14,772.94,773.14,28.931
2026-09-26 23:01:00,773.14,773.54,773.14,773.54,86.179
2026-09-26 23:02:00,773.54,773.58,773.54,773.58,8.725
2026-09-26 23:03:00,773.57,773.68,773.57,773.58,18.824
2026-09-26 23:04:00,773.58,773.58,773.33,773.58,40.453
2026-09-26 23:05:00,773.58,773.63,773.45,773.63,33.761
2026-09-26 23:06:00,773.62,773.62,773.58,773.59,12.733
2026-09-26 23:07:00,773.59,773.65,773.58,773.6,32.033
2026-09-26 23:08:00,773.61,773.61,773.6,773.61,5.094
2026-09-26 23:09:00,773.61,773.65,773.61,773.65,10.259
2026-09-26 23:10:00,773.65,773.65,773.64,773.65,4.852
2026-09-26 23:11:00,773.65,773.65,771.63,773.23,1447.701
2026-09-26 23:12:00,773.22,773.22,773.09,773.1,56.631
2026-09-26 23:13:00,773.11,773.36,773.11,773.36,47.396
2026-09-26 23:14:00,773.36,773.36,773.35,773.36,19.406
2026-09-26 23:15:00,773.35,773.45,773.35,773.37,22.113
2026-09-26 23:16:00,773.37,773.37,773.13,773.18,58.776
2026-09-26 23:17:00,773.19,773.4,773.19,773.38,6.413
2026-09-26 23:18:00,773.38,773.43,773.38,773.39,12.587
2026-09-26 23:19:00,773.38,773.39,773.32,773.39,6.528
2026-09-26 23:20:00,773.38,773.48,773.38,773.48,8.207
2026-09-26 23:21:00,773.48,773.64,773.47,773.64,16.136
2026-09-26 23:22:00,773.63,773.63,773.42,773.43,40.329
2026-09-26 23:23:00,773.43,773.43,773.3,773.31,12.357
2026-09-26 23:24:00,773.31,773.31,773.21,773.21,17.132
2026-09-26 23:25:00,773.2,773.25,773.18,773.19,16.196
2026-09-26 23:26:00,773.19,773.19,773.02,773.03,40.525
2026-09-26 23:27:00,773.02,773.03,773.02,773.03,1.508
2026-09-26 23:28:00,773.03,773.03,772.89,772.89,10.288
2026-09-26 23:29:00,772.89,773.15,772.83,773.06,157.916
2026-09-26 23:30:00,773.06,773.1,773.05,773.1,4.07
2026-09-26 23:31:00,773.1,773.23,773.09,773.11,8.571
2026-09-26 23:32:00,773.11,773.2,773.1,773.2,8.641
2026-09-26 23:33:00,773.19,773.31,773.19,773.31,11.79
2026-09-26 23:34:00,773.32,773.44,773.04,773.05,183.089
2026-09-26 23:35:00,773.05,773.49,773.04,773.41,188.044
2026-09-26 23:36:00,773.41,773.41,773.34,773.36,2.489
2026-09-26 23:37:00,773.36,773.39,773.22,773.27,8.223
2026-09-26 23:38:00,773.28,773.38,773.27,773.38,6.746
2026-09-26 23:39:00,773.38,773.46,773.03,773.03,218.553
2026-09-26 23:40:00,773.03,773.41,773.03,773.41,50.591
2026-09-26 23:41:00,773.41,773.41,773.11,773.11,85.734
2026-09-26 23:42:00,773.12,773.12,772.99,772.99,38.162
2026-09-26 23:43:00,772.99,772.99,772.86,772.87,5.349
2026-09-26 23:44:00,772.87,773.1,772.86,773.1,103.847
2026-09-26 23:45:00,773.1,773.2,773.0,773.12,90.416
2026-09-26 23:46:00,773.13,773.4,773.12,773.36,11.141
2026-09-26 23:47:00,773.36,773.39,773.31,773.39,9.155
2026-09-26 23:48:00,773.38,773.48,773.31,773.48,11.744
2026-09-26 23:49:00,773.48,773.57,773.47,773.56,36.831
2026-09-26 23:50:00,773.56,773.56,773.47,773.56,10.398
2026-09-26 23:51:00,773.55,773.58,773.26,773.49,85.032
2026-09-26 23:52:00,773.5,773.5,773.39,773.4,23.733
2026-09-26 23:53:00,773.39,773.41,773.39,773.41,15.385
2026-09-26 23:54:00,773.41,773.41,773.4,773.4,14.179
2026-09-26 23:55:00,773.4,773.41,773.4,773.41,13.369
2026-09-26 23:56:00,773.4,773.42,773.4,773.42,18.483
2026-09-26 23:57:00,773.42,773.59,773.42,773.59,16.283
2026-09-26 23:58:00,773.59,773.59,773.58,773.59,7.746
2026-09-26 23:59:00,773.59,773.7,773.58,773.59,34.29
2026-09-27 00:00:00,773.59,774.04,773.4,773.96,278.766
2026-09-27 00:01:00,773.97,774.05,773.64,773.72,208.921
2026-09-27 00:02:00,773.72,773.75,773.47,773.56,176.186
2026-09-27 00:03:00,773.56,773.62,773.22,773.22,43.57
2026-09-27 00:04:00,773.23,773.24,773.12,773.13,38.669
2026-09-27 00:05:00,773.12,773.13,773.03,773.04,5.314
2026-09-27 00:06:00,773.04,773.09,773.03,773.09,3.9
2026-09-27 00:07:00,773.09,773.1,773.08,773.1,12.589
2026-09-27 00:08:00,773.1,773.1,772.87,772.89,17.292
2026-09-27 00:09:00,772.9,773.17,772.9,773.17,30.205
2026-09-27 00:10:00,773.17,773.17,772.86,772.86,14.042
2026-09-27 00:11:00,772.86,772.87,772.79,772.87,34.02
2026-09-27 00:12:00,772.86,772.87,772.72,772.72,15.725
2026-09-27 00:13:00,772.73,772.73,772.62,772.71,8.61
2026-09-27 00:14:00,772.71,772.72,772.6,772.61,40.302
2026-09-27 00:15:00,772.61,772.63,772.5,772.51,14.441
2026-09-27 00:16:00,772.51,772.51,772.31,772.32,16.143
2026-09-27 00:17:00,772.32,772.41,772.31,772.4,10.069
2026-09-27 00:18:00,772.41,772.41,772.4,772.41,18.328
2026-09-27 00:19:00,772.4,772.41,772.17,772.18,31.587
2026-09-27 00:20:00,772.17,772.34,772.08,772.34,48.688
2026-09-27 00:21:00,772.33,772.4,772.25,772.4,146.83
2026-09-27 00:22:00,772.4,772.58,772.35,772.57,26.334
2026-09-27 00:23:00,772.58,772.64,772.57,772.63,20.865
2026-09-27 00:24:00,772.63,772.73,772.63,772.64,17.656
2026-09-27 00:25:00,772.65,772.74,772.64,772.73,19.461
2026-09-27 00:26:00,772.74,772.79,772.73,772.78,22.96
2026-09-27 00:27:00,772.79,772.79,772.65,772.65,5.756
2026-09-27 00:28:00,772.65,772.7,772.64,772.7,9.849
2026-09-27 00:29:00,772.69,772.7,772.69,772.69,19.436
2026-09-27 00:30:00,772.69,772.75,772.69,772.74,16.191
2026-09-27 00:31:00,772.75,772.93,772.74,772.92,59.858
2026-09-27 00:32:00,772.93,773.09,772.92,773.09,19.52
2026-09-27 00:33:00,773.08,773.4,773.07,773.4,19.67
2026-09-27 00:34:00,773.39,773.4,773.33,773.33,11.059
2026-09-27 00:35:00,773.32,773.35,773.27,773.34,6.806
2026-09-27 00:36:00,773.35,773.36,773.33,773.33,9.871
2026-09-27 00:37:00,773.33,773.33,773.09,773.16,11.54
2026-09-27 00:38:00,773.17,773.48,773.16,773.47,9.756
2026-09-27 00:39:00,773.47,773.48,773.32,773.33,6.289
2026-09-27 00:40:00,773.32,773.33,773.32,773.33,2.743
2026-09-27 00:41:00,773.33,773.33,773.23,773.24,18.792
2026-09-27 00:42:00,773.24,773.3,773.24,773.3,3.396
2026-09-27 00:43:00,773.3,773.33,773.3,773.33,2.973
2026-09-27 00:44:00,773.33,773.33,773.32,773.33,4.015
2026-09-27 00:45:00,773.32,773.38,773.32,773.37,29.328
2026-09-27 00:46:00,773.38,773.38,773.11,773.13,73.943
2026-09-27 00:47:00,773.12,773.12,773.0,773.01,58.48
2026-09-27 00:48:00,773.01,773.01,773.0,773.01,14.98
2026-09-27 00:49:00,773.01,773.05,772.84,772.85,27.327
2026-09-27 00:50:00,772.85,772.85,772.74,772.75,12.008
2026-09-27 00:51:00,772.75,772.89,772.74,772.84,40.476
2026-09-27 00:52:00,772.83,772.83,772.66,772.67,6.259
2026-09-27 00:53:00,772.67,772.67,772.63,772.64,6.402
2026-09-27 00:54:00,772.64,772.74,772.63,772.74,8.418
2026-09-27 00:55:00,772.73,772.74,772.73,772.74,23.64
2026-09-27 00:56:00,772.74,772.77,772.73,772.77,7.046
2026-09-27 00:57:00,772.76,772.77,772.7,772.7,11.662
2026-09-27 00:58:00,772.7,772.77,772.7,772.77,12.204
2026-09-27 00:59:00,772.77,772.77,772.69,772.74,9.54
2026-09-27 01:00:00,772.74,772.83,772.73,772.74,13.791
2026-09-27 01:01:00,772.74,772.74,772.47,772.54,15.162
2026-09-27 01:02:00,772.53,772.54,772.53,772.53,13.726
2026-09-27 01:03:00,772.53,772.54,772.53,772.54,23.51
2026-09-27 01:04:00,772.54,772.6,772.53,772.53,14.144
2026-09-27 01:05:00,772.53,772.54,772.31,772.34,18.207
2026-09-27 01:06:00,772.34,772.4,772.27,772.28,24.942
2026-09-27 01:07:00,772.28,772.53,772.27,772.53,39.468
2026-09-27 01:08:00,772.52,772.53,772.52,772.52,10.421
2026-09-27 01:09:00,772.53,772.94,772.52,772.71,80.187
2026-09-27 01:10:00,772.72,773.04,772.71,773.04,82.17
2026-09-27 01:11:00,773.04,773.24,773.03,773.24,12.83
2026-09-27 01:12:00,773.24,773.24,773.15,773.18,15.365
2026-09-27 01:13:00,773.18,773.4,773.17,773.28,80.414
2026-09-27 01:14:00,773.27,773.3,773.27,773.29,10.073
2026-09-27 01:15:00,773.3,773.43,773.29,773.43,13.64
2026-09-27 01:16:00,773.43,773.7,773.33,773.33,61.027
2026-09-27 01:17:00,773.32,773.48,773.27,773.47,8.175
2026-09-27 01:18:00,773.48,773.48,773.21,773.22,26.649
2026-09-27 01:19:00,773.22,773.22,773.16,773.22,10.238
2026-09-27 01:20:00,773.22,773.22,773.21,773.22,3.811
2026-09-27 01:21:00,773.22,773.22,772.94,772.95,104.176
2026-09-27 01:22:00,772.94,772.94,772.81,772.9,5.524
2026-09-27 01:23:00,772.9,772.91,772.74,772.74,8.963
2026-09-27 01:24:00,772.74,772.74,772.57,772.57,9.932
2026-09-27 01:25:00,772.57,772.81,772.57,772.75,10.266
2026-09-27 01:26:00,772.74,772.77,772.63,772.77,53.665
2026-09-27 01:27:00,772.77,772.84,772.57,772.58,30.881
2026-09-27 01:28:00,772.57,772.57,772.53,772.54,9.139
2026-09-27 01:29:00,772.53,772.54,772.49,772.5,8.232
2026-09-27 01:30:00,772.5,772.55,772.48,772.55,7.263
2026-09-27 01:31:00,772.55,772.72,772.54,772.63,85.074
2026-09-27 01:32:00,772.63,772.64,772.36,772.37,38.736
2026-09-27 01:33:00,772.38,772.51,772.11,772.18,47.542
2026-09-27 01:34:00,772.18,772.18,772.13,772.14,48.165
2026-09-27 01:35:00,772.13,772.19,772.05,772.06,11.95
2026-09-27 01:36:00,772.06,772.18,772.05,772.18,7.058
2026-09-27 01:37:00,772.18,772.28,772.17,772.28,10.621
2026-09-27 01:38:00,772.29,772.31,772.21,772.22,14.551
2026-09-27 01:39:00,772.22,772.27,772.19,772.22,18.142
2026-09-27 01:40:00,772.22,772.45,772.21,772.38,9.0
2026-09-27 01:41:00,772.39,772.86,772.38,772.86,69.446
2026-09-27 01:42:00,772.86,773.08,772.86,773.07,31.772
2026-09-27 01:43:00,773.08,773.23,773.07,773.23,39.231
2026-09-27 01:44:00,773.23,773.23,773.12,773.14,18.083
2026-09-27 01:45:00,773.14,773.44,773.13,773.42,22.826
2026-09-27 01:46:00,773.42,773.76,773.42,773.45,90.95
2026-09-27 01:47:00,773.45,773.45,773.29,773.37,12.469
2026-09-27 01:48:00,773.37,773.57,773.37,773.57,15.161
2026-09-27 01:49:00,773.57,773.72,773.57,773.58,15.26
2026-09-27 01:50:00,773.58,773.91,773.57,773.89,39.173
2026-09-27 01:51:00,773.89,774.45,773.76,774.41,128.405
2026-09-27 01:52:00,774.42,774.59,773.6,773.84,170.129
2026-09-27 01:53:00,773.83,774.14,773.75,773.85,37.026
2026-09-27 01:54:00,773.84,773.98,773.79,773.98,9.747
2026-09-27 01:55:00,773.98,774.07,773.89,773.92,14.563
2026-09-27 01:56:00,773.93,773.93,773.69,773.69,4.292
2026-09-27 01:57:00,773.7,773.84,773.69,773.84,39.123
2026-09-27 01:58:00,773.84,773.84,773.72,773.73,90.125
2026-09-27 01:59:00,773.72,773.81,773.55,773.78,104.048
2026-09-27 02:00:00,773.78,773.99,773.77,773.89,55.993
2026-09-27 02:01:00,773.86,774.2,773.78,774.2,127.164
2026-09-27 02:02:00,774.2,774.31,773.93,774.0,87.713
2026-09-27 02:03:00,774.0,774.01,773.8,773.85,11.564
2026-09-27 02:04:00,773.84,774.01,773.83,773.96,53.033
2026-09-27 02:05:00,773.97,773.97,773.85,773.86,11.415
2026-09-27 02:06:00,773.85,773.86,773.68,773.76,16.242
2026-09-27 02:07:00,773.77,773.92,773.76,773.9,97.054
2026-09-27 02:08:00,773.89,774.14,773.89,774.14,15.515
2026-09-27 02:09:00,774.15,774.54,774.14,774.32,13.086
2026-09-27 02:10:00,774.32,774.37,774.3,774.35,8.348
2026-09-27 02:11:00,774.35,774.44,774.14,774.15,73.403
2026-09-27 02:12:00,774.15,774.47,774.14,774.18,98.17
2026-09-27 02:13:00,774.18,774.18,773.97,773.97,10.107
2026-09-27 02:14:00,773.97,774.2,773.89,774.06,64.841
2026-09-27 02:15:00,774.06,774.14,774.01,774.01,6.549
2026-09-27 02:16:00,774.02,774.2,774.02,774.02,22.324
2026-09-27 02:17:00,774.03,774.03,773.96,774.0,22.754
2026-09-27 02:18:00,774.0,774.0,773.89,773.9,18.796
2026-09-27 02:19:00,773.89,774.1,773.82,774.1,63.082
2026-09-27 02:20:00,774.09,774.1,773.89,773.89,35.642
2026-09-27 02:21:00,773.89,773.89,773.72,773.79,41.732
2026-09-27 02:22:00,773.79,774.01,773.58,773.64,107.034
2026-09-27 02:23:00,773.64,773.65,773.53,773.53,38.576
2026-09-27 02:24:00,773.53,773.53,773.42,773.42,25.45
2026-09-27 02:25:00,773.41,773.41,773.17,773.37,85.084
2026-09-27 02:26:00,773.36,773.37,773.21,773.21,29.741
2026-09-27 02:27:00,773.21,773.33,773.17,773.17,85.961
2026-09-27 02:28:00,773.18,773.27,773.17,773.18,63.647
2026-09-27 02:29:00,773.18,773.18,773.1,773.1,35.654
2026-09-27 02:30:00,773.1,773.12,773.02,773.12,70.101
2026-09-27 02:31:00,773.12,773.35,773.11,773.35,53.626
2026-09-27 02:32:00,773.35,773.35,773.27,773.27,12.039
2026-09-27 02:33:00,773.26,773.31,773.2,773.3,23.574
2026-09-27 02:34:00,773.3,773.31,773.13,773.14,70.644
2026-09-27 02:35:00,773.13,773.14,773.13,773.13,26.311
2026-09-27 02:36:00,773.14,773.14,773.0,773.0,54.671
2026-09-27 02:37:00,773.01,773.01,772.85,772.86,23.845
2026-09-27 02:38:00,772.85,772.85,772.56,772.56,41.19
2026-09-27 02:39:00,772.57,772.57,772.48,772.55,28.577
2026-09-27 02:40:00,772.55,772.55,772.43,772.43,119.751
2026-09-27 02:41:00,772.43,772.45,772.42,772.44,62.456
2026-09-27 02:42:00,772.44,772.47,772.35,772.36,88.876
2026-09-27 02:43:00,772.36,772.36,772.33,772.33,27.778
2026-09-27 02:44:00,772.34,772.34,772.33,772.34,34.598
2026-09-27 02:45:00,772.34,772.35,772.33,772.35,63.88
2026-09-27 02:46:00,772.34,772.35,772.34,772.34,56.952
2026-09-27 02:47:00,772.34,772.35,772.09,772.2,124.75
2026-09-27 02:48:00,772.21,772.21,772.0,772.0,45.259
2026-09-27 02:49:00,772.01,772.13,772.0,772.13,44.387
2026-09-27 02:50:00,772.13,772.3,772.12,772.3,57.988
2026-09-27 02:51:00,772.3,772.63,772.29,772.63,29.311
2026-09-27 02:52:00,772.63,772.63,772.35,772.44,74.996
2026-09-27 02:53:00,772.43,772.46,772.35,772.46,49.521
2026-09-27 02:54:00,772.46,772.67,772.45,772.67,9.617
2026-09-27 02:55:00,772.67,772.67,772.52,772.52,15.149
2026-09-27 02:56:00,772.52,772.53,772.39,772.4,7.957
2026-09-27 02:57:00,772.4,772.4,772.39,772.39,16.731
2026-09-27 02:58:00,772.4,772.4,772.35,772.4,18.391
2026-09-27 02:59:00,772.39,772.51,772.39,772.51,22.356
2026-09-27 03:00:00,772.51,772.62,772.5,772.62,26.354
2026-09-27 03:01:00,772.62,772.73,772.62,772.7,27.156
2026-09-27 03:02:00,772.7,772.7,772.56,772.56,2.987
2026-09-27 03:03:00,772.56,772.68,772.56,772.67,15.487
2026-09-27 03:04:00,772.68,772.68,772.6,772.6,13.784
2026-09-27 03:05:00,772.61,772.67,772.6,772.67,15.304
2026-09-27 03:06:00,772.67,772.95,772.67,772.94,53.553
2026-09-27 03:07:00,772.95,773.0,772.95,773.0,20.983
2026-09-27 03:08:00,773.0,773.04,773.0,773.04,21.534
2026-09-27 03:09:00,773.04,773.04,772.72,772.74,55.02
2026-09-27 03:10:00,772.73,772.73,772.56,772.58,27.98
2026-09-27 03:11:00,772.58,772.58,772.42,772.51,9.533
2026-09-27 03:12:00,772.52,772.52,772.51,772.52,8.495
2026-09-27 03:13:00,772.52,772.55,772.52,772.53,28.624
2026-09-27 03:14:00,772.54,772.6,772.53,772.6,28.391
2026-09-27 03:15:00,772.59,772.6,772.43,772.44,12.237
2026-09-27 03:16:00,772.44,772.44,772.35,772.36,16.64
2026-09-27 03:17:00,772.36,772.36,772.35,772.35,13.53
2026-09-27 03:18:00,772.36,772.47,772.35,772.47,30.421
2026-09-27 03:19:00,772.47,772.47,772.35,772.36,7.5
2026-09-27 03:20:00,772.36,772.36,771.91,771.92,156.187
2026-09-27 03:21:00,771.92,771.95,771.77,771.95,44.654
2026-09-27 03:22:00,771.94,772.04,771.94,772.04,15.105
2026-09-27 03:23:00,772.04,772.04,771.92,771.92,20.188
2026-09-27 03:24:00,771.93,772.04,771.83,771.85,87.786
2026-09-27 03:25:00,771.84,771.92,771.81,771.81,25.517
2026-09-27 03:26:00,771.82,771.88,771.74,771.74,24.341
2026-09-27 03:27:00,771.75,771.75,771.57,771.57,18.652
2026-09-27 03:28:00,771.58,771.74,771.57,771.74,24.461
2026-09-27 03:29:00,771.74,771.76,771.73,771.76,10.907
2026-09-27 03:30:00,771.75,771.76,771.74,771.75,19.805
2026-09-27 03:31:00,771.75,771.86,771.75,771.86,9.342
2026-09-27 03:32:00,771.85,771.95,771.85,771.95,26.813
2026-09-27 03:33:00,771.94,772.07,771.94,772.06,42.751
2026-09-27 03:34:00,772.07,772.15,772.06,772.07,54.595
2026-09-27 03:35:00,772.08,772.08,771.92,771.93,13.775
2026-09-27 03:36:00,771.93,772.0,771.86,771.91,29.876
2026-09-27 03:37:00,771.92,772.08,771.91,772.07,38.734
2026-09-27 03:38:00,772.07,772.07,771.93,771.97,11.407
2026-09-27 03:39:00,771.98,772.12,771.93,771.97,27.293
2026-09-27 03:40:00,771.98,772.11,771.97,772.09,16.654
2026-09-27 03:41:00,772.09,772.32,772.09,772.32,37.583
2026-09-27 03:42:00,772.32,772.32,771.99,772.01,77.904
2026-09-27 03:43:00,772.0,772.04,771.96,772.03,13.862
2026-09-27 03:44:00,772.03,772.04,771.96,772.03,7.797
2026-09-27 03:45:00,772.03,772.03,771.92,771.92,10.04
2026-09-27 03:46:00,771.93,771.93,771.91,771.91,10.06
2026-09-27 03:47:00,771.91,771.92,771.83,771.89,33.853
2026-09-27 03:48:00,771.9,771.9,771.81,771.81,29.894
2026-09-27 03:49:00,771.82,771.82,771.8,771.81,17.042
2026-09-27 03:50:00,771.8,771.81,771.76,771.77,16.571
2026-09-27 03:51:00,771.76,771.77,771.76,771.77,12.949
2026-09-27 03:52:00,771.76,771.98,771.76,771.85,19.526
2026-09-27 03:53:00,771.84,771.85,771.8,771.8,22.038
2026-09-27 03:54:00,771.8,771.85,771.72,771.84,21.953
2026-09-27 03:55:00,771.85,771.89,771.84,771.89,26.792
2026-09-27 03:56:00,771.88,771.89,771.79,771.81,32.245
2026-09-27 03:57:00,771.82,771.87,771.81,771.86,22.287
2026-09-27 03:58:00,771.87,771.87,771.86,771.87,9.765
2026-09-27 03:59:00,771.87,771.87,771.8,771.8,14.379
2026-09-27 04:00:00,771.8,771.81,771.67,771.68,36.439
2026-09-27 04:01:00,771.67,771.68,771.62,771.62,6.271
2026-09-27 04:02:00,771.62,771.63,771.42,771.47,72.03
2026-09-27 04:03:00,771.47,771.48,771.37,771.45,26.126
2026-09-27 04:04:00,771.45,771.63,771.45,771.62,33.219
2026-09-27 04:05:00,771.62,771.63,771.62,771.62,15.442
2026-09-27 04:06:00,771.63,771.82,771.62,771.82,16.369
2026-09-27 04:07:00,771.81,772.16,771.81,772.16,38.918
2026-09-27 04:08:00,772.15,772.16,771.89,771.93,30.789
2026-09-27 04:09:00,771.92,772.08,771.91,772.08,33.538
2026-09-27 04:10:00,772.07,772.08,772.07,772.08,4.2
2026-09-27 04:11:00,772.07,772.6,772.07,772.59,35.849
2026-09-27 04:12:00,772.59,772.84,772.59,772.83,41.509
2026-09-27 04:13:00,772.84,772.85,772.76,772.76,42.814
2026-09-27 04:14:00,772.77,772.77,772.55,772.56,134.1
2026-09-27 04:15:00,772.55,772.86,772.55,772.86,17.624
2026-09-27 04:16:00,772.85,772.86,772.79,772.8,5.913
2026-09-27 04:17:00,772.79,772.8,772.55,772.55,22.451
2026-09-27 04:18:00,772.56,772.56,772.25,772.26,15.888
2026-09-27 04:19:00,772.25,772.34,772.25,772.34,20.341
2026-09-27 04:20:00,772.34,772.44,772.33,772.36,10.09
2026-09-27 04:21:00,772.36,772.58,772.28,772.42,153.693
2026-09-27 04:22:00,772.41,772.42,772.13,772.14,24.281
2026-09-27 04:23:00,772.13,772.14,771.93,771.94,8.411
2026-09-27 04:24:00,771.93,772.08,771.93,772.07,26.917
2026-09-27 04:25:00,772.08,772.08,771.95,771.96,10.368
2026-09-27 04:26:00,771.96,772.01,771.95,772.0,12.595
2026-09-27 04:27:00,772.01,772.01,771.97,771.98,7.685
2026-09-27 04:28:00,771.98,771.98,771.88,771.89,11.249
2026-09-27 04:29:00,771.89,771.89,771.6,771.61,21.269
2026-09-27 04:30:00,771.61,771.61,771.45,771.45,19.224
2026-09-27 04:31:00,771.45,771.46,771.25,771.25,21.014
2026-09-27 04:32:00,771.25,771.36,771.25,771.36,18.773
2026-09-27 04:33:00,771.36,771.36,771.19,771.28,78.784
2026-09-27 04:34:00,771.29,771.35,771.28,771.29,39.978
2026-09-27 04:35:00,771.3,771.52,771.19,771.51,26.504
2026-09-27 04:36:00,771.52,771.52,771.47,771.48,13.001
2026-09-27 04:37:00,771.47,771.51,771.39,771.43,34.923
2026-09-27 04:38:00,771.43,771.52,771.43,771.52,6.651
2026-09-27 04:39:00,771.52,771.79,771.45,771.46,73.684
2026-09-27 04:40:00,771.46,771.46,771.43,771.44,20.796
2026-09-27 04:41:00,771.44,771.44,771.27,771.28,19.285
2026-09-27 04:42:00,771.28,771.28,771.2,771.28,46.18
2026-09-27 04:43:00,771.28,771.33,771.2,771.21,39.853
2026-09-27 04:44:00,771.21,771.21,771.06,771.07,10.589
2026-09-27 04:45:00,771.06,771.15,771.06,771.14,18.906
2026-09-27 04:46:00,771.14,771.14,770.93,770.94,54.451
2026-09-27 04:47:00,770.93,771.35,770.93,771.27,68.305
2026-09-27 04:48:00,771.27,771.27,771.19,771.24,24.3
2026-09-27 04:49:00,771.24,771.24,771.16,771.17,11.022
2026-09-27 04:50:00,771.17,771.17,770.93,770.94,16.439
2026-09-27 04:51:00,770.94,770.94,770.85,770.91,20.755
2026-09-27 04:52:00,770.91,770.92,770.91,770.91,11.322
2026-09-27 04:53:00,770.91,771.03,770.91,771.03,11.372
2026-09-27 04:54:00,771.02,771.06,770.86,770.9,17.85
2026-09-27 04:55:00,770.91,770.98,770.91,770.95,15.105
2026-09-27 04:56:00,770.95,770.96,770.88,770.88,9.677
2026-09-27 04:57:00,770.89,770.96,770.89,770.96,10.527
2026-09-27 04:58:00,770.96,770.97,770.95,770.97,17.431
2026-09-27 04:59:00,770.97,770.97,770.93,770.95,6.336
2026-09-27 05:00:00,770.96,770.96,770.9,770.9,20.339
2026-09-27 05:01:00,770.91,771.08,770.9,771.04,89.491
2026-09-27 05:02:00,771.05,771.53,771.05,771.53,15.265
2026-09-27 05:03:00,771.53,771.63,771.53,771.62,14.64
2026-09-27 05:04:00,771.63,771.73,771.63,771.73,10.697
2026-09-27 05:05:00,771.73,771.96,771.72,771.96,15.756
2026-09-27 05:06:00,771.96,771.96,771.95,771.96,22.652
2026-09-27 05:07:00,771.97,772.23,771.96,772.23,36.012
2026-09-27 05:08:00,772.23,772.26,772.23,772.26,11.845
2026-09-27 05:09:00,772.26,772.35,772.25,772.25,21.422
2026-09-27 05:10:00,772.26,772.34,772.25,772.33,32.313
2026-09-27 05:11:00,772.33,772.33,772.2,772.21,8.156
2026-09-27 05:12:00,772.2,772.21,772.13,772.13,6.414
2026-09-27 05:13:00,772.13,772.45,772.13,772.34,31.519
2026-09-27 05:14:00,772.35,772.35,772.27,772.27,14.706
2026-09-27 05:15:00,772.27,772.28,772.22,772.23,7.571
2026-09-27 05:16:00,772.23,772.23,772.22,772.22,19.457
2026-09-27 05:17:00,772.23,772.23,772.09,772.1,20.466
2026-09-27 05:18:00,772.1,772.32,771.86,771.9,141.837
2026-09-27 05:19:00,771.9,771.93,771.69,771.93,54.318
2026-09-27 05:20:00,771.92,771.99,771.92,771.99,27.201
2026-09-27 05:21:00,771.99,772.12,771.99,772.11,23.704
2026-09-27 05:22:00,772.12,772.24,772.12,772.24,22.136
2026-09-27 05:23:00,772.23,772.38,772.23,772.38,19.615
2026-09-27 05:24:00,772.38,772.38,772.26,772.26,21.14
2026-09-27 05:25:00,772.26,772.27,772.2,772.23,17.021
2026-09-27 05:26:00,772.23,772.28,772.2,772.21,19.275
2026-09-27 05:27:00,772.21,772.62,772.16,772.43,116.33
2026-09-27 05:28:00,772.43,772.43,772.42,772.42,10.95
2026-09-27 05:29:00,772.42,772.67,772.42,772.55,28.33
2026-09-27 05:30:00,772.54,772.6,772.45,772.6,78.203
2026-09-27 05:31:00,772.6,772.67,772.6,772.61,11.334
2026-09-27 05:32:00,772.61,772.84,772.61,772.76,53.4
2026-09-27 05:33:00,772.76,773.06,772.76,773.06,46.794
2026-09-27 05:34:00,773.06,773.24,773.05,773.23,11.903
2026-09-27 05:35:00,773.23,773.54,773.23,773.54,18.918
2026-09-27 05:36:00,773.53,774.19,773.44,774.17,130.524
2026-09-27 05:37:00,774.17,774.8,774.15,774.44,391.584
2026-09-27 05:38:00,774.44,774.78,774.44,774.78,64.321
2026-09-27 05:39:00,774.78,774.78,773.93,774.12,177.373
2026-09-27 05:40:00,774.11,774.2,773.8,773.81,50.88
2026-09-27 05:41:00,773.81,773.89,773.8,773.89,16.037
2026-09-27 05:42:00,773.88,773.88,773.79,773.85,8.704
2026-09-27 05:43:00,773.85,773.86,773.69,773.7,18.198
2026-09-27 05:44:00,773.7,773.79,773.49,773.79,77.125
2026-09-27 05:45:00,773.79,773.99,773.78,773.9,17.394
2026-09-27 05:46:00,773.91,774.18,773.87,774.15,67.898
2026-09-27 05:47:00,774.15,774.25,773.8,773.81,19.803
2026-09-27 05:48:00,773.81,773.92,773.76,773.89,8.158
2026-09-27 05:49:00,773.89,773.93,773.64,773.72,41.499
2026-09-27 05:50:00,773.72,773.79,773.71,773.76,16.932
2026-09-27 05:51:00,773.75,773.75,773.7,773.7,10.913
2026-09-27 05:52:00,773.7,773.7,773.58,773.58,13.314
2026-09-27 05:53:00,773.59,773.59,773.5,773.51,25.56
2026-09-27 05:54:00,773.5,773.51,773.4,773.45,33.769
2026-09-27 05:55:00,773.46,773.46,773.38,773.39,7.786
2026-09-27 05:56:00,773.38,773.39,773.28,773.29,17.054
2026-09-27 05:57:00,773.29,773.51,773.26,773.47,56.586
2026-09-27 05:58:00,773.46,773.47,773.4,773.41,16.077
2026-09-27 05:59:00,773.41,773.41,773.28,773.29,25.544
2026-09-27 06:00:00,773.29,773.4,773.28,773.4,7.69
2026-09-27 06:01:00,773.4,773.51,773.28,773.36,75.578
2026-09-27 06:02:00,773.36,773.7,773.36,773.69,50.751
2026-09-27 06:03:00,773.7,773.86,773.67,773.67,21.791
2026-09-27 06:04:00,773.67,773.88,773.66,773.88,34.34
2026-09-27 06:05:00,773.88,773.98,773.88,773.93,19.152
2026-09-27 06:06:00,773.92,774.0,773.84,773.99,32.932
2026-09-27 06:07:00,774.0,774.15,773.99,774.14,45.499
2026-09-27 06:08:00,774.15,774.22,774.14,774.15,15.127
2026-09-27 06:09:00,774.15,774.31,774.15,774.28,16.755
2026-09-27 06:10:00,774.28,774.56,774.27,774.56,30.548
2026-09-27 06:11:00,774.56,774.65,774.47,774.52,18.595
2026-09-27 06:12:00,774.52,774.59,774.51,774.58,10.399
2026-09-27 06:13:00,774.59,774.7,774.58,774.69,12.522
2026-09-27 06:14:00,774.7,774.7,774.59,774.59,19.425
2026-09-27 06:15:00,774.6,774.6,774.39,774.39,71.543
2026-09-27 06:16:00,774.38,774.48,774.32,774.33,17.633
2026-09-27 06:17:00,774.32,774.48,774.24,774.46,68.387
2026-09-27 06:18:00,774.46,774.59,774.38,774.39,55.458
2026-09-27 06:19:00,774.38,774.38,774.3,774.37,25.584
2026-09-27 06:20:00,774.37,774.6,774.37,774.6,12.743
2026-09-27 06:21:00,774.59,774.64,774.38,774.51,128.89
2026-09-27 06:22:00,774.51,774.59,774.51,774.55,29.827
2026-09-27 06:23:00,774.55,774.64,774.55,774.64,12.585
2026-09-27 06:24:00,774.64,774.72,774.52,774.54,19.885
2026-09-27 06:25:00,774.54,774.6,774.53,774.53,33.829
2026-09-27 06:26:00,774.53,774.6,774.5,774.59,10.895
2026-09-27 06:27:00,774.59,774.75,774.59,774.72,28.044
2026-09-27 06:28:00,774.72,774.72,774.7,774.71,15.175
2026-09-27 06:29:00,774.71,774.71,774.51,774.52,36.467
2026-09-27 06:30:00,774.51,774.7,774.51,774.7,71.875
2026-09-27 06:31:00,774.7,774.7,774.3,774.33,26.025
2026-09-27 06:32:00,774.34,774.34,774.15,774.23,20.481
2026-09-27 06:33:00,774.24,774.24,774.16,774.2,11.373
2026-09-27 06:34:00,774.21,774.21,774.2,774.21,15.232
2026-09-27 06:35:00,774.21,774.42,774.2,774.37,131.064
2026-09-27 06:36:00,774.36,774.44,774.36,774.44,17.58
2026-09-27 06:37:00,774.44,774.63,774.43,774.62,60.144
2026-09-27 06:38:00,774.63,774.63,774.56,774.57,5.931
2026-09-27 06:39:00,774.57,774.57,774.42,774.48,38.209
2026-09-27 06:40:00,774.48,774.63,774.47,774.62,7.236
2026-09-27 06:41:00,774.63,774.64,774.43,774.47,41.428
2026-09-27 06:42:00,774.48,774.62,774.41,774.62,16.888
2026-09-27 06:43:00,774.61,774.62,774.57,774.57,38.887
2026-09-27 06:44:00,774.58,774.58,774.56,774.58,40.75
2026-09-27 06:45:00,774.58,774.72,774.58,774.71,10.697
2026-09-27 06:46:00,774.72,774.77,774.71,774.72,15.945
2026-09-27 06:47:00,774.71,774.77,774.71,774.77,19.195
2026-09-27 06:48:00,774.77,774.77,774.76,774.77,9.741
2026-09-27 06:49:00,774.76,774.98,774.76,774.98,45.404
2026-09-27 06:50:00,774.98,775.0,774.84,774.84,151.629
2026-09-27 06:51:00,774.84,775.0,774.84,775.0,447.975
2026-09-27 06:52:00,775.0,775.0,774.99,775.0,6.054
2026-09-27 06:53:00,775.0,775.0,774.84,774.85,17.97
2026-09-27 06:54:00,774.84,774.84,774.72,774.82,49.092
2026-09-27 06:55:00,774.81,774.82,774.71,774.72,19.026
2026-09-27 06:56:00,774.72,774.72,774.71,774.71,21.46
2026-09-27 06:57:00,774.71,774.72,774.57,774.64,34.514
2026-09-27 06:58:00,774.63,774.93,774.57,774.8,171.705
2026-09-27 06:59:00,774.79,774.85,774.79,774.85,26.819
2026-09-27 07:00:00,774.85,774.92,774.73,774.92,19.197
2026-09-27 07:01:00,774.92,775.0,774.91,775.0,15.79
2026-09-27 07:02:00,774.99,775.16,774.99,775.15,86.138
2026-09-27 07:03:00,775.16,775.21,775.15,775.2,11.163
2026-09-27 07:04:00,775.2,775.33,775.2,775.33,14.015
2026-09-27 07:05:00,775.33,775.33,775.19,775.29,21.818
2026-09-27 07:06:00,775.29,775.35,775.18,775.19,116.517
2026-09-27 07:07:00,775.18,775.19,775.18,775.19,7.606
2026-09-27 07:08:00,775.18,775.33,775.18,775.33,15.402
2026-09-27 07:09:00,775.33,775.5,775.32,775.35,107.503
2026-09-27 07:10:00,775.35,775.5,775.34,775.5,32.503
2026-09-27 07:11:00,775.49,775.57,775.49,775.57,87.774
2026-09-27 07:12:00,775.56,775.56,775.26,775.52,64.294
2026-09-27 07:13:00,775.52,775.52,775.48,775.49,7.109
2026-09-27 07:14:00,775.48,775.5,775.37,775.44,80.361
2026-09-27 07:15:00,775.45,775.49,775.42,775.45,8.582
2026-09-27 07:16:00,775.46,775.46,775.42,775.45,22.11
2026-09-27 07:17:00,775.45,775.46,775.23,775.28,254.903
2026-09-27 07:18:00,775.29,775.29,775.22,775.23,9.738
2026-09-27 07:19:00,775.23,775.23,775.04,775.2,25.77
2026-09-27 07:20:00,775.21,775.32,775.2,775.32,45.481
2026-09-27 07:21:00,775.31,775.35,775.24,775.33,72.101
2026-09-27 07:22:00,775.34,775.34,775.33,775.34,6.384
2026-09-27 07:23:00,775.34,775.65,775.34,775.64,88.885
2026-09-27 07:24:00,775.65,775.7,775.64,775.65,46.453
2026-09-27 07:25:00,775.65,775.67,775.64,775.66,39.079
2026-09-27 07:26:00,775.67,775.79,775.67,775.7,131.618
2026-09-27 07:27:00,775.7,775.99,775.69,775.9,263.555
2026-09-27 07:28:00,775.9,776.18,775.9,776.18,133.38
2026-09-27 07:29:00,776.17,776.49,776.17,776.38,192.107
2026-09-27 07:30:00,776.37,776.49,776.37,776.49,31.236
2026-09-27 07:31:00,776.48,776.72,776.48,776.72,41.719
2026-09-27 07:32:00,776.73,776.89,776.73,776.89,57.012
2026-09-27 07:33:00,776.89,777.42,776.89,777.42,410.819
2026-09-27 07:34:00,777.42,777.45,777.22,777.44,49.768
2026-09-27 07:35:00,777.44,777.45,776.82,776.95,127.54
2026-09-27 07:36:00,776.96,777.24,776.89,777.12,38.544
2026-09-27 07:37:00,777.12,777.14,777.0,777.01,48.33
2026-09-27 07:38:00,777.01,777.1,777.0,777.08,54.784
2026-09-27 07:39:00,777.08,777.2,777.07,777.2,19.108
2026-09-27 07:40:00,777.2,777.3,777.16,777.29,48.804
2026-09-27 07:41:00,777.3,777.44,777.09,777.11,115.248
2026-09-27 07:42:00,777.12,777.18,776.88,777.0,91.269
2026-09-27 07:43:00,777.01,777.01,776.86,776.87,48.246
2026-09-27 07:44:00,776.87,777.02,776.86,777.01,23.948
2026-09-27 07:45:00,777.0,777.01,776.91,776.93,32.76
2026-09-27 07:46:00,776.93,777.1,776.93,777.09,51.591
2026-09-27 07:47:00,777.1,777.35,777.09,777.34,63.018
2026-09-27 07:48:00,777.34,777.44,777.34,777.43,46.096
2026-09-27 07:49:00,777.43,777.44,777.27,777.43,132.748
2026-09-27 07:50:00,777.44,777.68,777.43,777.68,179.803
2026-09-27 07:51:00,777.68,777.72,777.61,777.69,82.435
2026-09-27 07:52:00,777.69,777.77,777.49,777.54,79.635
2026-09-27 07:53:00,777.53,777.69,777.43,777.44,30.01
2026-09-27 07:54:00,777.44,777.56,777.33,777.33,42.492
2026-09-27 07:55:00,777.32,777.57,777.28,777.52,62.737
2026-09-27 07:56:00,777.51,777.85,777.51,777.78,99.817
2026-09-27 07:57:00,777.78,778.47,777.56,778.46,362.293
2026-09-27 07:58:00,778.46,778.77,778.37,778.61,207.403
2026-09-27 07:59:00,778.62,778.65,778.5,778.55,77.087
2026-09-27 08:00:00,778.56,778.8,778.15,778.15,146.197
2026-09-27 08:01:00,778.15,778.28,778.0,778.28,106.997
2026-09-27 08:02:00,778.28,778.91,778.27,778.75,332.752
2026-09-27 08:03:00,778.74,779.0,778.69,778.79,167.525
2026-09-27 08:04:00,778.79,778.79,778.56,778.58,91.112
2026-09-27 08:05:00,778.58,778.68,778.46,778.55,76.85
2026-09-27 08:06:00,778.55,778.56,778.49,778.56,118.106
2026-09-27 08:07:00,778.56,778.6,778.55,778.6,47.883
2026-09-27 08:08:00,778.6,778.74,778.59,778.59,89.838
2026-09-27 08:09:00,778.6,778.72,778.59,778.64,36.006
2026-09-27 08:10:00,778.65,778.66,778.52,778.52,40.273
2026-09-27 08:11:00,778.53,778.54,778.32,778.46,124.03
2026-09-27 08:12:00,778.47,778.64,777.8,777.81,95.547
2026-09-27 08:13:00,777.81,778.4,777.81,778.24,121.028
2026-09-27 08:14:00,778.24,778.31,778.23,778.31,76.819
2026-09-27 08:15:00,778.31,778.87,778.3,778.82,123.06
2026-09-27 08:16:00,778.82,779.0,778.81,778.99,113.844
2026-09-27 08:17:00,778.99,779.09,778.84,779.09,185.856
2026-09-27 08:18:00,779.08,779.09,778.66,778.77,119.393
2026-09-27 08:19:00,778.76,778.77,778.45,778.45,50.566
2026-09-27 08:20:00,778.46,778.96,778.35,778.69,204.746
2026-09-27 08:21:00,778.69,778.91,778.69,778.7,101.687
2026-09-27 08:22:00,778.71,778.72,778.49,778.5,71.413
2026-09-27 08:23:00,778.5,778.5,778.23,778.29,42.615
2026-09-27 08:24:00,778.29,778.29,778.09,778.1,68.466
2026-09-27 08:25:00,778.1,778.48,777.82,778.48,148.824
2026-09-27 08:26:00,778.49,778.83,778.49,778.79,64.172
2026-09-27 08:27:00,778.79,778.79,778.53,778.53,20.508
2026-09-27 08:28:00,778.53,778.75,778.52,778.75,44.628
2026-09-27 08:29:00,778.75,779.15,778.74,778.98,117.11
2026-09-27 08:30:00,778.98,779.07,778.97,778.98,40.138
2026-09-27 08:31:00,778.98,779.29,778.98,779.29,54.179
2026-09-27 08:32:00,779.29,779.89,779.29,779.77,150.954
2026-09-27 08:33:00,779.76,780.07,779.76,780.06,182.706
2026-09-27 08:34:00,780.05,780.21,779.71,779.92,155.062
2026-09-27 08:35:00,779.93,779.93,779.43,779.51,101.422
2026-09-27 08:36:00,779.5,779.5,779.36,779.39,35.953
2026-09-27 08:37:00,779.39,779.71,779.38,779.63,99.683
2026-09-27 08:38:00,779.64,779.64,779.2,779.2,134.126
2026-09-27 08:39:00,779.21,779.51,779.21,779.26,33.738
2026-09-27 08:40:00,779.26,779.26,778.81,778.81,49.916
2026-09-27 08:41:00,778.82,778.82,778.73,778.75,37.649
2026-09-27 08:42:00,778.75,778.75,778.59,778.59,29.914
2026-09-27 08:43:00,778.59,778.6,778.53,778.54,25.645
2026-09-27 08:44:00,778.54,778.59,778.44,778.59,98.92
2026-09-27 08:45:00,778.59,778.65,778.54,778.56,36.394
2026-09-27 08:46:00,778.57,778.57,778.42,778.42,35.625
2026-09-27 08:47:00,778.43,778.51,778.32,778.51,107.613
2026-09-27 08:48:00,778.5,778.82,778.5,778.81,42.01
2026-09-27 08:49:00,778.82,778.82,778.66,778.8,28.205
2026-09-27 08:50:00,778.8,778.92,778.8,778.82,21.904
2026-09-27 08:51:00,778.82,778.82,778.7,778.77,49.897
2026-09-27 08:52:00,778.76,779.01,778.76,778.9,34.186
2026-09-27 08:53:00,778.9,778.94,778.72,778.8,112.759
2026-09-27 08:54:00,778.8,778.88,778.75,778.83,21.004
2026-09-27 08:55:00,778.82,778.83,778.75,778.81,24.117
2026-09-27 08:56:00,778.81,778.81,778.43,778.48,133.487
2026-09-27 08:57:00,778.48,778.49,778.41,778.48,24.083
2026-09-27 08:58:00,778.48,778.7,778.48,778.62,33.64
2026-09-27 08:59:00,778.63,778.63,778.44,778.44,30.126
2026-09-27 09:00:00,778.45,778.7,778.4,778.63,51.821
2026-09-27 09:01:00,778.63,778.63,778.33,778.33,36.092
2026-09-27 09:02:00,778.34,778.34,778.25,778.26,22.909
2026-09-27 09:03:00,778.26,778.4,778.24,778.4,75.167
2026-09-27 09:04:00,778.4,778.4,778.26,778.27,6.952
2026-09-27 09:05:00,778.26,778.26,777.81,777.81,37.275
2026-09-27 09:06:00,777.82,777.82,777.37,777.6,123.348
2026-09-27 09:07:00,777.6,777.76,777.43,777.44,105.768
2026-09-27 09:08:00,777.43,777.44,777.29,777.29,12.297
2026-09-27 09:09:00,777.3,777.3,777.03,777.03,123.475
2026-09-27 09:10:00,777.04,777.07,776.77,776.97,77.623
2026-09-27 09:11:00,776.97,777.3,776.92,777.3,29.458
2026-09-27 09:12:00,777.3,777.68,777.24,777.59,82.587
2026-09-27 09:13:00,777.6,777.6,777.33,777.37,41.229
2026-09-27 09:14:00,777.37,777.38,777.31,777.32,29.344
2026-09-27 09:15:00,777.32,777.34,777.16,777.34,137.89
2026-09-27 09:16:00,777.34,777.34,777.24,777.24,50.362
2026-09-27 09:17:00,777.24,777.36,777.21,777.35,196.282
2026-09-27 09:18:00,777.35,777.57,777.28,777.51,55.551
2026-09-27 09:19:00,777.5,777.51,777.36,777.48,14.401
2026-09-27 09:20:00,777.48,777.98,777.48,777.98,100.417
2026-09-27 09:21:00,777.97,778.25,777.97,778.21,85.798
2026-09-27 09:22:00,778.2,778.34,778.1,778.27,100.658
2026-09-27 09:23:00,778.28,778.37,778.27,778.27,30.285
2026-09-27 09:24:00,778.27,778.4,778.12,778.13,61.57
2026-09-27 09:25:00,778.13,778.3,778.12,778.3,23.65
2026-09-27 09:26:00,778.29,778.3,778.22,778.22,13.511
2026-09-27 09:27:00,778.22,778.23,777.76,777.76,50.241
2026-09-27 09:28:00,777.75,778.16,777.75,778.16,10.035
2026-09-27 09:29:00,778.16,778.16,777.89,777.9,18.534
2026-09-27 09:30:00,777.89,778.07,777.89,778.07,28.118
2026-09-27 09:31:00,778.07,778.15,778.06,778.13,21.692
2026-09-27 09:32:00,778.12,778.38,778.07,778.37,27.349
2026-09-27 09:33:00,778.37,778.66,778.37,778.66,14.295
2026-09-27 09:34:00,778.66,778.66,778.32,778.38,52.98
2026-09-27 09:35:00,778.38,778.38,778.2,778.2,14.541
2026-09-27 09:36:00,778.21,778.34,778.2,778.34,13.856
2026-09-27 09:37:00,778.35,778.41,778.35,778.39,9.953
2026-09-27 09:38:00,778.38,779.95,778.35,779.55,1067.866
2026-09-27 09:39:00,779.54,779.7,779.54,779.69,48.164
2026-09-27 09:40:00,779.7,779.7,779.64,779.7,56.839
2026-09-27 09:41:00,779.7,779.7,779.18,779.43,79.558
2026-09-27 09:42:00,779.43,779.61,779.32,779.4,165.406
2026-09-27 09:43:00,779.4,779.4,779.38,779.38,28.028
2026-09-27 09:44:00,779.39,779.52,779.33,779.51,10.104
2026-09-27 09:45:00,779.51,779.95,779.51,779.95,21.796
2026-09-27 09:46:00,779.94,780.2,779.78,780.19,149.029
2026-09-27 09:47:00,780.19,780.24,779.96,780.24,61.842
2026-09-27 09:48:00,780.24,780.44,780.03,780.18,272.26
2026-09-27 09:49:00,780.18,780.25,779.87,780.1,44.169
2026-09-27 09:50:00,780.12,780.2,779.96,780.05,48.732
2026-09-27 09:51:00,780.04,780.25,780.0,780.01,68.145
2026-09-27 09:52:00,780.01,780.2,780.0,780.01,24.104
2026-09-27 09:53:00,780.01,780.01,779.81,779.95,35.37
2026-09-27 09:54:00,779.96,780.05,779.95,780.03,50.449
2026-09-27 09:55:00,780.03,780.03,779.93,779.99,42.544
2026-09-27 09:56:00,779.99,780.41,779.99,780.24,99.008
2026-09-27 09:57:00,780.24,780.3,780.23,780.25,33.069
2026-09-27 09:58:00,780.25,780.25,779.85,780.0,62.454
2026-09-27 09:59:00,780.0,780.05,779.99,780.05,58.862
2026-09-27 10:00:00,780.05,780.09,779.92,779.93,89.033
2026-09-27 10:01:00,779.92,780.18,779.67,780.18,36.943
2026-09-27 10:02:00,780.19,780.19,779.86,779.86,54.561
2026-09-27 10:03:00,779.85,779.91,779.6,779.61,97.729
2026-09-27 10:04:00,779.61,779.61,779.49,779.61,15.285
2026-09-27 10:05:00,779.6,779.72,779.6,779.61,14.403
2026-09-27 10:06:00,779.61,779.64,779.55,779.59,35.727
2026-09-27 10:07:00,779.6,780.17,779.6,780.17,64.749
2026-09-27 10:08:00,780.17,780.5,780.16,780.49,38.307
2026-09-27 10:09:00,780.49,780.5,780.15,780.33,64.739
2026-09-27 10:10:00,780.33,780.5,780.32,780.46,41.082
2026-09-27 10:11:00,780.46,780.46,780.38,780.41,34.545
2026-09-27 10:12:00,780.4,780.41,780.01,780.09,253.423
2026-09-27 10:13:00,780.1,780.31,780.1,780.19,65.693
2026-09-27 10:14:00,780.19,780.29,780.17,780.28,27.907
2026-09-27 10:15:00,780.29,780.67,780.28,780.4,146.578
2026-09-27 10:16:00,780.39,780.66,780.39,780.47,25.657
2026-09-27 10:17:00,780.47,780.62,780.47,780.62,48.519
2026-09-27 10:18:00,780.61,780.65,780.42,780.49,80.846
2026-09-27 10:19:00,780.49,780.49,780.2,780.24,43.262
2026-09-27 10:20:00,780.25,780.31,780.24,780.25,64.369
2026-09-27 10:21:00,780.26,780.28,780.15,780.28,49.093
2026-09-27 10:22:00,780.27,780.28,780.19,780.2,27.305
2026-09-27 10:23:00,780.19,780.5,780.19,780.5,157.261
2026-09-27 10:24:00,780.5,780.59,780.3,780.36,62.91
2026-09-27 10:25:00,780.36,780.36,780.15,780.16,34.653
2026-09-27 10:26:00,780.17,780.17,779.77,779.84,94.843
2026-09-27 10:27:00,779.84,780.07,779.73,779.87,84.865
2026-09-27 10:28:00,779.87,779.87,779.55,779.68,20.38
2026-09-27 10:29:00,779.68,779.86,779.68,779.72,12.343
2026-09-27 10:30:00,779.71,779.72,779.67,779.68,4.557
2026-09-27 10:31:00,779.67,779.68,779.52,779.52,24.991
2026-09-27 10:32:00,779.53,779.68,779.52,779.68,5.445
2026-09-27 10:33:00,779.68,779.68,779.63,779.64,9.814
2026-09-27 10:34:00,779.64,779.64,779.55,779.63,7.789
2026-09-27 10:35:00,779.64,779.67,779.63,779.64,26.731
2026-09-27 10:36:00,779.64,779.66,779.38,779.39,59.888
2026-09-27 10:37:00,779.38,779.64,779.32,779.6,19.231
2026-09-27 10:38:00,779.6,779.64,779.45,779.53,46.85
2026-09-27 10:39:00,779.52,779.6,779.42,779.42,16.898
2026-09-27 10:40:00,779.42,779.47,779.42,779.47,22.89
2026-09-27 10:41:00,779.48,779.6,779.48,779.53,47.966
2026-09-27 10:42:00,779.54,779.6,779.53,779.59,44.172
2026-09-27 10:43:00,779.6,779.79,779.59,779.78,24.225
2026-09-27 10:44:00,779.79,779.81,779.56,779.56,55.7
2026-09-27 10:45:00,779.56,779.62,779.55,779.62,22.38
2026-09-27 10:46:00,779.61,779.62,779.61,779.62,12.299
2026-09-27 10:47:00,779.61,779.62,779.61,779.62,8.67
2026-09-27 10:48:00,779.61,779.63,779.61,779.63,24.255
2026-09-27 10:49:00,779.64,779.95,779.63,779.89,15.967
2026-09-27 10:50:00,779.9,779.9,779.62,779.63,22.833
2026-09-27 10:51:00,779.63,779.63,779.62,779.63,14.369
2026-09-27 10:52:00,779.63,779.63,779.09,779.09,56.019
2026-09-27 10:53:00,779.08,779.08,778.89,779.0,54.244
2026-09-27 10:54:00,779.0,779.0,778.63,778.63,57.82
2026-09-27 10:55:00,778.62,778.68,778.25,778.66,97.653
2026-09-27 10:56:00,778.67,778.93,778.66,778.79,34.335
2026-09-27 10:57:00,778.78,778.79,778.64,778.65,9.598
2026-09-27 10:58:00,778.64,778.83,778.64,778.73,12.561
2026-09-27 10:59:00,778.73,778.85,778.73,778.85,13.219
2026-09-27 11:00:00,778.85,778.98,778.81,778.84,55.128
2026-09-27 11:01:00,778.84,778.95,778.83,778.94,20.994
2026-09-27 11:02:00,778.95,778.97,778.7,778.76,19.061
2026-09-27 11:03:00,778.75,778.75,778.53,778.54,17.507
2026-09-27 11:04:00,778.53,778.61,778.41,778.61,22.137
2026-09-27 11:05:00,778.61,779.14,778.61,779.13,33.576
2026-09-27 11:06:00,779.14,779.34,779.0,779.33,26.498
2026-09-27 11:07:00,779.34,779.34,779.27,779.28,25.564
2026-09-27 11:08:00,779.28,779.54,779.28,779.54,15.954
2026-09-27 11:09:00,779.53,779.72,779.53,779.71,30.846
2026-09-27 11:10:00,779.72,779.97,779.71,779.82,34.261
2026-09-27 11:11:00,779.82,779.87,779.76,779.85,23.575
2026-09-27 11:12:00,779.85,779.99,779.8,779.99,46.973
2026-09-27 11:13:00,779.98,779.99,779.75,779.75,18.052
2026-09-27 11:14:00,779.75,779.76,779.75,779.76,7.999
2026-09-27 11:15:00,779.75,779.76,779.58,779.64,74.948
2026-09-27 11:16:00,779.63,779.64,779.28,779.29,35.838
2026-09-27 11:17:00,779.29,779.29,778.93,778.93,28.159
2026-09-27 11:18:00,778.94,779.01,778.9,778.9,6.623
2026-09-27 11:19:00,778.91,779.06,778.84,778.96,32.938
2026-09-27 11:20:00,778.95,778.96,778.9,778.9,21.124
2026-09-27 11:21:00,778.91,779.12,778.84,778.84,29.121
2026-09-27 11:22:00,778.85,779.15,778.82,779.14,11.813
2026-09-27 11:23:00,779.14,779.25,779.14,779.2,42.136
2026-09-27 11:24:00,779.21,779.21,779.18,779.19,6.712
2026-09-27 11:25:00,779.18,779.25,779.18,779.24,13.284
2026-09-27 11:26:00,779.24,779.47,779.24,779.47,16.8
2026-09-27 11:27:00,779.47,779.56,779.46,779.47,8.426
2026-09-27 11:28:00,779.47,779.47,779.28,779.38,58.423
2026-09-27 11:29:00,779.37,779.38,779.25,779.25,24.35
2026-09-27 11:30:00,779.26,779.26,779.14,779.15,20.086
2026-09-27 11:31:00,779.14,779.24,779.14,779.23,8.217
2026-09-27 11:32:00,779.24,779.24,779.19,779.19,21.939
2026-09-27 11:33:00,779.19,779.2,778.85,779.03,33.678
2026-09-27 11:34:00,779.03,779.04,778.98,779.0,20.785
2026-09-27 11:35:00,779.01,779.36,779.01,779.32,193.956
2026-09-27 11:36:00,779.33,779.4,779.32,779.39,18.978
2026-09-27 11:37:00,779.4,779.5,779.39,779.5,19.015
2026-09-27 11:38:00,779.49,779.5,779.22,779.23,18.667
2026-09-27 11:39:00,779.22,779.7,779.05,779.7,58.926
2026-09-27 11:40:00,779.7,779.78,779.69,779.74,48.8
2026-09-27 11:41:00,779.75,780.0,779.74,779.99,67.965
2026-09-27 11:42:00,780.0,780.0,779.73,779.86,22.14
2026-09-27 11:43:00,779.86,779.87,779.42,779.49,74.19
2026-09-27 11:44:00,779.49,779.86,779.49,779.86,31.428
2026-09-27 11:45:00,779.86,779.87,779.6,779.66,87.669
2026-09-27 11:46:00,779.65,779.8,779.65,779.8,18.133
2026-09-27 11:47:00,779.8,779.84,779.62,779.84,18.031
2026-09-27 11:48:00,779.83,779.89,779.78,779.82,18.29
2026-09-27 11:49:00,779.83,779.93,779.82,779.92,21.428
2026-09-27 11:50:00,779.93,780.0,779.81,779.96,79.892
2026-09-27 11:51:00,779.95,779.99,779.95,779.98,14.401
2026-09-27 11:52:00,779.99,780.22,779.98,780.19,51.597
2026-09-27 11:53:00,780.19,780.35,780.19,780.34,29.241
2026-09-27 11:54:00,780.33,780.41,780.3,780.33,22.545
2026-09-27 11:55:00,780.32,780.47,780.32,780.41,57.101
2026-09-27 11:56:00,780.41,780.41,780.25,780.25,52.678
2026-09-27 11:57:00,780.25,780.25,779.99,780.0,21.971
2026-09-27 11:58:00,779.99,780.0,779.72,779.84,86.244
2026-09-27 11:59:00,779.85,780.0,779.84,780.0,97.678
2026-09-27 12:00:00,780.0,780.39,779.99,780.39,80.973
2026-09-27 12:01:00,780.39,780.54,780.38,780.47,36.913
2026-09-27 12:02:00,780.47,780.52,780.46,780.46,19.636
2026-09-27 12:03:00,780.46,780.46,780.39,780.4,22.592
2026-09-27 12:04:00,780.39,780.52,780.39,780.52,30.532
2026-09-27 12:05:00,780.52,780.52,780.41,780.47,18.042
2026-09-27 12:06:00,780.47,781.09,780.47,780.97,138.699
2026-09-27 12:07:00,780.97,781.0,780.83,780.87,28.168
2026-09-27 12:08:00,780.87,781.0,780.87,781.0,30.266
2026-09-27 12:09:00,780.99,781.48,780.99,781.48,71.239
2026-09-27 12:10:00,781.47,781.53,781.26,781.26,69.215
2026-09-27 12:11:00,781.26,781.29,781.18,781.29,33.357
2026-09-27 12:12:00,781.28,781.61,781.28,781.61,67.849
2026-09-27 12:13:00,781.61,781.65,781.53,781.65,22.724
2026-09-27 12:14:00,781.65,782.15,781.64,782.15,266.265
2026-09-27 12:15:00,782.15,782.94,782.14,782.8,212.965
2026-09-27 12:16:00,782.8,783.23,782.43,782.73,231.53
2026-09-27 12:17:00,782.74,782.9,782.74,782.87,47.643
2026-09-27 12:18:00,782.87,782.87,782.09,782.24,147.86
2026-09-27 12:19:00,782.24,782.7,782.23,782.59,133.025
2026-09-27 12:20:00,782.6,783.21,782.59,782.89,520.731
2026-09-27 12:21:00,782.88,783.14,782.59,782.6,68.541
2026-09-27 12:22:00,782.59,782.72,782.35,782.53,97.084
2026-09-27 12:23:00,782.53,782.63,782.16,782.17,66.475
2026-09-27 12:24:00,782.17,782.17,781.76,781.98,34.5
2026-09-27 12:25:00,781.99,782.02,781.36,781.46,48.103
2026-09-27 12:26:00,781.47,781.67,781.47,781.66,19.094
2026-09-27 12:27:00,781.67,781.67,781.32,781.42,43.854
2026-09-27 12:28:00,781.42,781.46,781.41,781.42,26.095
2026-09-27 12:29:00,781.41,781.42,781.41,781.41,12.258
2026-09-27 12:30:00,781.42,781.42,781.31,781.32,26.185
2026-09-27 12:31:00,781.32,781.99,781.31,781.99,293.034
2026-09-27 12:32:00,782.0,782.04,781.71,781.95,36.565
2026-09-27 12:33:00,781.94,781.95,781.94,781.94,19.377
2026-09-27 12:34:00,781.95,781.95,781.92,781.93,20.702
2026-09-27 12:35:00,781.93,782.03,781.92,782.02,23.744
2026-09-27 12:36:00,782.03,782.24,782.02,782.23,41.859
2026-09-27 12:37:00,782.24,782.6,782.14,782.29,144.695
2026-09-27 12:38:00,782.3,782.3,782.14,782.15,33.776
2026-09-27 12:39:00,782.15,782.29,782.14,782.29,48.846
2026-09-27 12:40:00,782.29,782.37,782.15,782.36,30.98
2026-09-27 12:41:00,782.37,782.74,782.37,782.74,67.383
2026-09-27 12:42:00,782.74,782.74,782.64,782.74,38.53
2026-09-27 12:43:00,782.74,782.74,782.61,782.63,25.23
2026-09-27 12:44:00,782.63,782.63,782.41,782.56,39.843
2026-09-27 12:45:00,782.56,782.74,782.5,782.55,24.216
2026-09-27 12:46:00,782.55,782.72,782.4,782.4,27.635
2026-09-27 12:47:00,782.4,782.42,782.33,782.36,55.368
2026-09-27 12:48:00,782.36,782.36,782.12,782.3,69.476
2026-09-27 12:49:00,782.3,782.3,782.05,782.11,18.825
2026-09-27 12:50:00,782.12,782.4,782.11,782.33,88.224
2026-09-27 12:51:00,782.33,782.34,782.2,782.2,71.268
2026-09-27 12:52:00,782.2,782.21,782.05,782.06,23.154
2026-09-27 12:53:00,782.05,782.06,782.0,782.05,36.832
2026-09-27 12:54:00,782.04,782.2,782.04,782.06,80.128
2026-09-27 12:55:00,782.05,782.05,781.62,781.63,71.784
2026-09-27 12:56:00,781.64,781.64,781.21,781.22,62.102
2026-09-27 12:57:00,781.22,781.29,781.01,781.28,98.672
2026-09-27 12:58:00,781.29,781.29,780.6,780.77,66.008
2026-09-27 12:59:00,780.77,780.78,780.49,780.5,74.108
2026-09-27 13:00:00,780.49,780.49,779.01,779.09,169.224
2026-09-27 13:01:00,779.08,779.15,777.73,779.03,239.308
2026-09-27 13:02:00,779.04,779.38,778.21,779.29,188.937
2026-09-27 13:03:00,779.29,779.48,778.67,778.67,94.727
2026-09-27 13:04:00,778.66,779.05,778.22,778.79,165.79
2026-09-27 13:05:00,778.77,778.87,778.07,778.21,72.356
2026-09-27 13:06:00,778.2,778.47,777.83,778.47,60.003
2026-09-27 13:07:00,778.47,779.0,778.4,778.8,34.049
2026-09-27 13:08:00,778.81,779.08,778.66,778.9,27.318
2026-09-27 13:09:00,778.91,778.91,778.67,778.74,20.054
2026-09-27 13:10:00,778.73,778.74,778.5,778.51,50.895
2026-09-27 13:11:00,778.51,778.63,778.24,778.48,44.739
2026-09-27 13:12:00,778.48,778.48,777.8,778.01,44.055
2026-09-27 13:13:00,778.02,778.27,777.9,778.19,28.376
2026-09-27 13:14:00,778.2,778.4,777.48,777.64,313.098
2026-09-27 13:15:00,777.63,777.92,776.62,777.29,321.934
2026-09-27 13:16:00,777.3,777.84,777.22,777.79,22.99
2026-09-27 13:17:00,777.78,777.83,777.4,777.83,147.47
2026-09-27 13:18:00,777.83,778.18,777.61,778.15,64.948
2026-09-27 13:19:00,778.16,778.25,778.1,778.24,22.228
2026-09-27 13:20:00,778.25,778.25,777.97,778.22,12.6
2026-09-27 13:21:00,778.22,778.55,778.21,778.55,18.154
2026-09-27 13:22:00,778.55,778.9,778.55,778.76,35.893
2026-09-27 13:23:00,778.76,778.86,778.75,778.86,10.279
2026-09-27 13:24:00,778.86,778.98,778.86,778.98,16.46
2026-09-27 13:25:00,778.99,779.32,778.93,779.22,32.146
2026-09-27 13:26:00,779.22,779.53,779.22,779.52,50.895
2026-09-27 13:27:00,779.51,779.61,779.51,779.53,55.562
2026-09-27 13:28:00,779.53,780.1,779.52,779.95,99.632
2026-09-27 13:29:00,779.94,780.33,779.94,780.11,52.328
2026-09-27 13:30:00,780.12,780.58,780.12,780.56,25.265
2026-09-27 13:31:00,780.56,780.59,780.13,780.58,32.884
2026-09-27 13:32:00,780.59,780.95,780.59,780.7,53.865
2026-09-27 13:33:00,780.7,780.77,780.33,780.76,41.898
2026-09-27 13:34:00,780.76,781.06,780.24,780.32,53.552
2026-09-27 13:35:00,780.31,780.36,780.01,780.16,26.116
2026-09-27 13:36:00,780.15,780.33,779.77,779.82,36.052
2026-09-27 13:37:00,779.83,779.85,779.4,779.64,24.894
2026-09-27 13:38:00,779.65,780.0,779.08,779.09,40.172
2026-09-27 13:39:00,779.09,779.55,779.09,779.35,17.674
2026-09-27 13:40:00,779.35,779.46,779.13,779.3,24.372
2026-09-27 13:41:00,779.31,779.39,779.04,779.2,42.74
2026-09-27 13:42:00,779.19,779.2,779.18,779.19,21.742
2026-09-27 13:43:00,779.19,779.24,779.05,779.05,39.945
2026-09-27 13:44:00,779.05,779.05,778.44,778.51,44.724
2026-09-27 13:45:00,778.5,778.91,778.29,778.91,48.64
2026-09-27 13:46:00,778.92,779.1,778.79,778.86,47.668
2026-09-27 13:47:00,778.87,779.2,778.86,779.19,49.62
2026-09-27 13:48:00,779.18,779.61,779.1,779.51,22.494
2026-09-27 13:49:00,779.51,779.87,779.46,779.87,17.389
2026-09-27 13:50:00,779.88,779.99,779.88,779.91,44.291
2026-09-27 13:51:00,779.91,779.92,779.71,779.82,17.977
2026-09-27 13:52:00,779.82,779.96,779.82,779.95,19.619
2026-09-27 13:53:00,779.95,780.14,779.95,780.14,47.827
2026-09-27 13:54:00,780.13,780.2,780.11,780.13,35.107
2026-09-27 13:55:00,780.13,780.22,780.11,780.22,42.649
2026-09-27 13:56:00,780.21,780.22,780.0,780.0,42.968
2026-09-27 13:57:00,780.01,780.4,780.0,780.33,54.951
2026-09-27 13:58:00,780.33,780.89,780.32,780.89,100.013
2026-09-27 13:59:00,780.89,780.93,780.88,780.89,33.79
2026-09-27 14:00:00,780.89,781.34,780.89,781.34,33.17
2026-09-27 14:01:00,781.35,781.61,780.85,780.86,100.539
2026-09-27 14:02:00,780.86,780.92,780.35,780.73,99.814
2026-09-27 14:03:00,780.73,781.09,780.67,780.67,92.866
2026-09-27 14:04:00,780.67,780.67,780.17,780.31,30.981
2026-09-27 14:05:00,780.31,780.76,780.31,780.69,65.418
2026-09-27 14:06:00,780.69,781.06,780.69,780.81,46.284
2026-09-27 14:07:00,780.81,780.94,780.8,780.87,23.112
2026-09-27 14:08:00,780.88,780.99,780.64,780.86,23.19
2026-09-27 14:09:00,780.87,780.97,780.81,780.94,15.447
2026-09-27 14:10:00,780.95,780.95,780.3,780.34,69.113
2026-09-27 14:11:00,780.34,780.52,780.13,780.37,56.918
2026-09-27 14:12:00,780.37,780.5,780.34,780.35,24.479
2026-09-27 14:13:00,780.35,780.5,780.32,780.33,31.705
2026-09-27 14:14:00,780.33,780.37,780.3,780.37,27.701
2026-09-27 14:15:00,780.36,780.55,780.31,780.46,32.052
2026-09-27 14:16:00,780.47,780.55,780.3,780.51,39.909
2026-09-27 14:17:00,780.51,780.55,780.3,780.34,29.98
2026-09-27 14:18:00,780.34,780.48,780.3,780.31,27.35
2026-09-27 14:19:00,780.3,780.3,779.67,779.68,51.977
2026-09-27 14:20:00,779.67,779.68,779.24,779.4,60.378
2026-09-27 14:21:00,779.4,779.6,779.39,779.57,36.312
2026-09-27 14:22:00,779.58,779.73,779.55,779.56,30.175
2026-09-27 14:23:00,779.56,779.57,778.73,778.83,59.405
2026-09-27 14:24:00,778.83,779.12,778.74,778.75,35.096
2026-09-27 14:25:00,778.75,779.35,778.59,779.24,32.305
2026-09-27 14:26:00,779.23,779.39,778.7,778.71,50.91
2026-09-27 14:27:00,778.71,778.71,777.65,777.87,150.253
2026-09-27 14:28:00,777.87,778.1,777.63,777.63,24.801
2026-09-27 14:29:00,777.63,777.63,776.74,777.28,169.519
2026-09-27 14:30:00,777.29,778.17,777.09,777.81,78.536
2026-09-27 14:31:00,777.82,778.18,777.69,778.17,26.225
2026-09-27 14:32:00,778.18,778.51,778.18,778.34,13.584
2026-09-27 14:33:00,778.33,778.51,777.93,778.29,68.858
2026-09-27 14:34:00,778.3,778.5,778.29,778.45,25.018
2026-09-27 14:35:00,778.46,778.61,777.97,778.55,37.877
2026-09-27 14:36:00,778.55,779.01,778.54,778.86,34.829
2026-09-27 14:37:00,778.86,778.86,777.93,777.97,83.257
2026-09-27 14:38:00,777.93,778.3,777.76,778.05,72.835
2026-09-27 14:39:00,778.05,778.48,778.0,778.16,53.064
2026-09-27 14:40:00,778.15,778.16,777.78,777.8,18.535
2026-09-27 14:41:00,777.79,778.38,777.52,778.24,94.027
2026-09-27 14:42:00,778.23,778.56,778.23,778.55,12.726
2026-09-27 14:43:00,778.56,778.8,778.55,778.7,55.158
2026-09-27 14:44:00,778.7,778.76,778.59,778.59,23.994
2026-09-27 14:45:00,778.59,778.79,778.5,778.66,43.984
2026-09-27 14:46:00,778.65,778.66,777.82,777.83,49.609
2026-09-27 14:47:00,777.83,777.9,777.61,777.61,40.959
2026-09-27 14:48:00,777.6,777.6,776.3,777.29,206.623
2026-09-27 14:49:00,777.3,777.6,776.87,777.4,81.575
2026-09-27 14:50:00,777.39,777.78,777.39,777.78,32.821
2026-09-27 14:51:00,777.8,778.14,777.43,777.58,76.605
2026-09-27 14:52:00,777.58,778.3,777.5,777.99,138.201
2026-09-27 14:53:00,777.99,777.99,777.67,777.75,23.828
2026-09-27 14:54:00,777.75,777.9,777.4,777.9,11.72
2026-09-27 14:55:00,777.89,777.93,777.3,777.31,30.665
2026-09-27 14:56:00,777.31,777.6,777.29,777.32,24.149
2026-09-27 14:57:00,777.33,777.6,777.29,777.36,61.827
2026-09-27 14:58:00,777.37,777.37,776.87,776.92,68.422
2026-09-27 14:59:00,776.91,777.05,776.76,776.94,28.601
2026-09-27 15:00:00,776.94,777.15,776.35,776.36,50.187
2026-09-27 15:01:00,776.36,776.43,775.19,775.2,179.613
2026-09-27 15:02:00,775.22,775.98,775.01,775.98,247.55
2026-09-27 15:03:00,775.98,776.2,775.02,775.59,53.002
2026-09-27 15:04:00,775.61,775.64,774.81,774.82,155.725
2026-09-27 15:05:00,774.82,774.99,774.34,774.63,92.283
2026-09-27 15:06:00,774.62,775.43,774.33,775.43,91.767
2026-09-27 15:07:00,775.44,775.64,775.0,775.48,42.501
2026-09-27 15:08:00,775.49,775.49,775.12,775.18,27.146
2026-09-27 15:09:00,775.18,775.64,775.18,775.49,61.898
2026-09-27 15:10:00,775.49,775.99,775.4,775.69,54.288
2026-09-27 15:11:00,775.68,775.77,775.33,775.44,41.336
2026-09-27 15:12:00,775.44,775.54,775.27,775.53,28.263
2026-09-27 15:13:00,775.54,775.57,775.1,775.11,16.638
2026-09-27 15:14:00,775.11,775.59,775.11,775.58,19.934
2026-09-27 15:15:00,775.58,775.93,775.46,775.93,12.469
2026-09-27 15:16:00,775.93,776.83,775.93,776.83,48.839
2026-09-27 15:17:00,776.83,777.0,776.09,776.09,33.164
2026-09-27 15:18:00,776.1,776.47,776.1,776.18,25.226
2026-09-27 15:19:00,776.19,776.29,776.0,776.14,17.061
2026-09-27 15:20:00,776.14,776.42,775.84,775.84,29.491
2026-09-27 15:21:00,775.85,776.2,775.57,776.16,54.172
2026-09-27 15:22:00,776.16,776.16,775.84,776.06,20.873
2026-09-27 15:23:00,776.05,776.16,775.99,776.03,20.86
2026-09-27 15:24:00,776.04,776.07,775.33,775.7,151.412
2026-09-27 15:25:00,775.7,775.91,775.56,775.56,20.191
2026-09-27 15:26:00,775.56,775.64,774.84,774.85,47.332
2026-09-27 15:27:00,774.85,775.02,774.23,774.99,187.967
2026-09-27 15:28:00,774.99,775.13,774.86,775.07,67.451
2026-09-27 15:29:00,775.07,775.5,775.07,775.49,33.748
2026-09-27 15:30:00,775.49,775.64,775.23,775.64,30.048
2026-09-27 15:31:00,775.64,776.0,774.73,774.74,100.499
2026-09-27 15:32:00,774.74,775.35,774.65,775.35,16.703
2026-09-27 15:33:00,775.35,775.42,774.98,775.05,26.169
2026-09-27 15:34:00,775.04,775.22,774.76,774.77,55.283
2026-09-27 15:35:00,774.77,774.78,774.52,774.52,23.431
2026-09-27 15:36:00,774.52,775.13,774.52,774.96,33.881
2026-09-27 15:37:00,774.96,775.07,774.51,774.51,51.41
2026-09-27 15:38:00,774.52,774.65,774.39,774.64,32.752
2026-09-27 15:39:00,774.64,774.64,774.39,774.47,27.676
2026-09-27 15:40:00,774.48,774.67,774.4,774.58,28.71
2026-09-27 15:41:00,774.58,774.66,774.28,774.32,91.467
2026-09-27 15:42:00,774.32,774.52,774.26,774.29,14.838
2026-09-27 15:43:00,774.29,774.52,774.22,774.22,26.478
2026-09-27 15:44:00,774.23,774.44,773.82,773.82,91.926
2026-09-27 15:45:00,773.83,774.34,773.83,774.11,25.954
2026-09-27 15:46:00,774.11,774.66,774.11,774.65,95.281
2026-09-27 15:47:00,774.66,774.67,774.46,774.66,125.218
2026-09-27 15:48:00,774.65,774.71,774.65,774.71,9.076
2026-09-27 15:49:00,774.71,774.81,774.59,774.59,17.853
2026-09-27 15:50:00,774.6,774.67,774.5,774.51,25.201
2026-09-27 15:51:00,774.51,774.79,774.48,774.48,31.634
2026-09-27 15:52:00,774.47,774.63,774.35,774.54,33.183
2026-09-27 15:53:00,774.55,774.8,774.46,774.47,36.858
2026-09-27 15:54:00,774.46,774.64,774.23,774.56,89.938
2026-09-27 15:55:00,774.57,774.69,774.51,774.51,12.941
2026-09-27 15:56:00,774.51,774.6,774.51,774.6,15.264
2026-09-27 15:57:00,774.59,774.76,774.57,774.75,37.758
2026-09-27 15:58:00,774.76,774.87,774.71,774.71,30.864
2026-09-27 15:59:00,774.72,775.0,774.57,774.62,197.724
2026-09-27 16:00:00,774.63,774.96,774.51,774.95,32.722
2026-09-27 16:01:00,774.96,775.52,774.96,775.1,377.12
2026-09-27 16:02:00,775.11,775.11,774.59,774.6,49.531
2026-09-27 16:03:00,774.6,774.87,774.59,774.75,18.148
2026-09-27 16:04:00,774.75,775.08,774.75,775.07,28.078
2026-09-27 16:05:00,775.07,775.38,775.06,775.38,36.046
2026-09-27 16:06:00,775.38,775.69,775.3,775.69,20.049
2026-09-27 16:07:00,775.69,775.77,775.51,775.63,108.776
2026-09-27 16:08:00,775.63,775.74,775.62,775.69,16.383
2026-09-27 16:09:00,775.69,775.83,775.65,775.79,12.63
2026-09-27 16:10:00,775.8,775.8,775.36,775.37,64.975
2026-09-27 16:11:00,775.36,775.46,775.24,775.27,38.077
2026-09-27 16:12:00,775.27,775.27,775.04,775.19,29.178
2026-09-27 16:13:00,775.19,775.26,775.16,775.2,14.413
2026-09-27 16:14:00,775.2,775.56,775.19,775.53,49.549
2026-09-27 16:15:00,775.54,775.54,775.28,775.46,12.319
2026-09-27 16:16:00,775.46,775.46,774.94,774.95,38.717
2026-09-27 16:17:00,774.94,774.95,774.51,774.64,21.23
2026-09-27 16:18:00,774.63,775.21,774.63,775.19,49.95
2026-09-27 16:19:00,775.2,775.32,775.06,775.16,14.086
2026-09-27 16:20:00,775.15,775.58,775.15,775.5,50.288
2026-09-27 16:21:00,775.5,776.01,775.48,775.49,84.06
2026-09-27 16:22:00,775.49,775.59,774.89,774.9,50.511
2026-09-27 16:23:00,774.9,774.93,774.62,774.84,42.15
2026-09-27 16:24:00,774.84,774.95,774.6,774.61,19.717
2026-09-27 16:25:00,774.6,774.78,774.51,774.61,93.929
2026-09-27 16:26:00,774.6,774.71,774.51,774.55,22.481
2026-09-27 16:27:00,774.55,774.6,774.29,774.52,122.407
2026-09-27 16:28:00,774.51,774.61,774.37,774.54,44.992
2026-09-27 16:29:00,774.55,774.57,774.39,774.47,33.633
2026-09-27 16:30:00,774.48,774.48,773.83,773.83,37.329
2026-09-27 16:31:00,773.84,774.24,773.72,773.99,100.947
2026-09-27 16:32:00,773.99,774.3,773.78,774.3,51.303
2026-09-27 16:33:00,774.3,774.5,774.06,774.06,14.839
2026-09-27 16:34:00,774.06,774.16,773.92,774.12,22.203
2026-09-27 16:35:00,774.11,774.31,773.55,773.55,80.048
2026-09-27 16:36:00,773.56,775.02,773.54,775.02,682.308
2026-09-27 16:37:00,775.02,775.68,774.97,775.02,80.407
2026-09-27 16:38:00,775.03,775.57,774.99,775.02,46.583
2026-09-27 16:39:00,775.02,775.3,775.01,775.22,15.154
2026-09-27 16:40:00,775.22,775.22,775.02,775.22,19.145
2026-09-27 16:41:00,775.22,775.56,775.17,775.36,49.298
2026-09-27 16:42:00,775.35,775.66,775.23,775.34,100.603
2026-09-27 16:43:00,775.34,775.41,774.83,774.88,59.74
2026-09-27 16:44:00,774.89,775.02,774.88,775.02,22.441
2026-09-27 16:45:00,775.02,775.2,775.01,775.03,28.235
2026-09-27 16:46:00,775.03,775.2,775.03,775.19,27.339
2026-09-27 16:47:00,775.2,775.32,775.19,775.31,32.038
2026-09-27 16:48:00,775.3,775.36,775.15,775.15,22.473
2026-09-27 16:49:00,775.14,775.14,774.89,775.07,67.304
2026-09-27 16:50:00,775.08,775.08,774.8,774.8,19.666
2026-09-27 16:51:00,774.8,775.13,774.7,775.13,72.781
2026-09-27 16:52:00,775.13,775.79,775.12,775.79,24.148
2026-09-27 16:53:00,775.79,775.88,775.55,775.56,12.904
2026-09-27 16:54:00,775.56,775.68,775.51,775.51,13.569
2026-09-27 16:55:00,775.51,775.66,775.43,775.47,18.556
2026-09-27 16:56:00,775.46,775.68,775.46,775.68,19.706
2026-09-27 16:57:00,775.67,775.82,775.67,775.82,13.016
2026-09-27 16:58:00,775.82,775.97,775.82,775.96,25.89
2026-09-27 16:59:00,775.96,776.0,775.77,775.81,24.519
2026-09-27 17:00:00,775.81,775.94,775.79,775.93,23.212
2026-09-27 17:01:00,775.94,776.16,775.94,775.98,36.874
2026-09-27 17:02:00,775.98,776.25,775.97,776.25,42.377
2026-09-27 17:03:00,776.25,776.34,776.25,776.33,6.729
2026-09-27 17:04:00,776.34,776.34,776.25,776.34,10.428
2026-09-27 17:05:00,776.34,776.34,776.2,776.21,6.21
2026-09-27 17:06:00,776.21,776.29,775.83,775.83,92.124
2026-09-27 17:07:00,775.82,776.05,775.3,776.05,24.669
2026-09-27 17:08:00,776.05,776.05,775.75,775.89,14.365
2026-09-27 17:09:00,775.88,775.89,775.73,775.87,12.018
2026-09-27 17:10:00,775.87,776.21,775.86,776.01,85.072
2026-09-27 17:11:00,776.01,776.01,775.89,775.89,5.883
2026-09-27 17:12:00,775.9,775.98,775.89,775.97,4.084
2026-09-27 17:13:00,775.98,776.1,775.97,775.98,12.428
2026-09-27 17:14:00,775.99,776.06,775.99,776.05,7.611
2026-09-27 17:15:00,776.06,776.14,776.05,776.14,6.201
2026-09-27 17:16:00,776.13,776.21,776.13,776.14,8.515
2026-09-27 17:17:00,776.13,776.29,776.13,776.29,26.397
2026-09-27 17:18:00,776.28,776.29,776.28,776.28,6.544
2026-09-27 17:19:00,776.29,776.61,776.2,776.29,87.201
2026-09-27 17:20:00,776.29,776.51,776.28,776.29,29.236
2026-09-27 17:21:00,776.28,776.29,775.98,776.03,37.851
2026-09-27 17:22:00,776.03,776.11,776.03,776.11,7.554
2026-09-27 17:23:00,776.11,776.27,776.11,776.27,9.55
2026-09-27 17:24:00,776.27,776.27,776.03,776.26,17.795
2026-09-27 17:25:00,776.27,776.32,776.21,776.32,9.743
2026-09-27 17:26:00,776.32,776.32,776.28,776.28,8.36
2026-09-27 17:27:00,776.27,776.27,776.11,776.12,10.867
2026-09-27 17:28:00,776.11,776.11,776.04,776.05,6.218
2026-09-27 17:29:00,776.05,776.05,775.68,775.69,37.356
2026-09-27 17:30:00,775.68,775.9,775.68,775.9,10.295
2026-09-27 17:31:00,775.9,776.19,775.8,776.18,54.859
2026-09-27 17:32:00,776.18,776.19,775.98,775.99,6.383
2026-09-27 17:33:00,775.98,775.98,775.82,775.95,25.662
2026-09-27 17:34:00,775.94,776.05,775.94,776.05,13.604
2026-09-27 17:35:00,776.05,776.28,776.05,776.28,10.963
2026-09-27 17:36:00,776.29,776.79,776.29,776.46,125.924
2026-09-27 17:37:00,776.46,776.75,776.45,776.47,29.642
2026-09-27 17:38:00,776.47,776.65,776.44,776.61,11.295
2026-09-27 17:39:00,776.6,776.83,776.6,776.82,7.026
2026-09-27 17:40:00,776.82,776.82,776.53,776.65,18.771
2026-09-27 17:41:00,776.66,776.77,776.65,776.74,43.403
2026-09-27 17:42:00,776.74,776.83,776.69,776.83,24.101
2026-09-27 17:43:00,776.82,777.0,776.59,776.63,43.32
2026-09-27 17:44:00,776.63,777.0,776.62,776.99,30.008
2026-09-27 17:45:00,776.99,777.44,776.99,777.43,47.204
2026-09-27 17:46:00,777.44,777.48,777.4,777.41,19.114
2026-09-27 17:47:00,777.41,777.41,777.28,777.36,13.853
2026-09-27 17:48:00,777.37,777.4,777.29,777.4,6.173
2026-09-27 17:49:00,777.39,777.88,777.39,777.78,70.521
2026-09-27 17:50:00,777.77,777.77,777.48,777.48,16.334
2026-09-27 17:51:00,777.48,777.51,777.39,777.4,5.386
2026-09-27 17:52:00,777.4,777.41,777.39,777.41,11.582
2026-09-27 17:53:00,777.41,777.41,777.4,777.41,4.354
2026-09-27 17:54:00,777.41,777.41,777.4,777.4,4.644
2026-09-27 17:55:00,777.41,777.5,777.31,777.31,16.56
2026-09-27 17:56:00,777.32,777.49,777.32,777.36,11.945
2026-09-27 17:57:00,777.36,777.5,777.35,777.5,21.382
2026-09-27 17:58:00,777.49,777.69,777.49,777.68,11.088
2026-09-27 17:59:00,777.68,777.76,777.62,777.62,20.238
2026-09-27 18:00:00,777.63,777.74,777.61,777.74,11.783
2026-09-27 18:01:00,777.74,777.8,777.74,777.8,5.515
2026-09-27 18:02:00,777.79,777.86,777.72,777.72,21.715
2026-09-27 18:03:00,777.72,777.73,777.62,777.72,22.439
2026-09-27 18:04:00,777.71,777.72,777.71,777.72,11.404
2026-09-27 18:05:00,777.71,778.0,777.71,777.75,29.22
2026-09-27 18:06:00,777.75,777.9,777.64,777.64,15.51
2026-09-27 18:07:00,777.64,777.7,777.5,777.5,10.713
2026-09-27 18:08:00,777.5,777.51,777.5,777.5,6.361
2026-09-27 18:09:00,777.51,777.6,777.43,777.59,7.417
2026-09-27 18:10:00,777.6,777.92,777.57,777.92,13.675
2026-09-27 18:11:00,777.91,778.0,777.87,777.99,67.591
2026-09-27 18:12:00,778.0,778.0,777.7,777.7,7.644
2026-09-27 18:13:00,777.71,777.76,777.7,777.76,6.682
2026-09-27 18:14:00,777.76,777.85,777.76,777.8,16.054
2026-09-27 18:15:00,777.8,778.23,777.8,778.15,66.218
2026-09-27 18:16:00,778.15,778.42,778.15,778.41,14.71
2026-09-27 18:17:00,778.42,778.53,778.42,778.53,9.643
2026-09-27 18:18:00,778.54,778.54,778.25,778.28,61.773
2026-09-27 18:19:00,778.28,778.42,778.27,778.41,5.697
2026-09-27 18:20:00,778.42,778.5,778.15,778.15,87.655
2026-09-27 18:21:00,778.16,778.53,778.16,778.52,18.984
2026-09-27 18:22:00,778.53,778.54,778.24,778.48,24.762
2026-09-27 18:23:00,778.48,778.8,778.26,778.36,101.784
2026-09-27 18:24:00,778.37,778.52,778.37,778.52,4.254
2026-09-27 18:25:00,778.52,778.53,778.34,778.46,16.037
2026-09-27 18:26:00,778.46,778.54,778.45,778.53,25.679
2026-09-27 18:27:00,778.53,778.69,778.53,778.57,6.098
2026-09-27 18:28:00,778.57,778.74,778.35,778.74,8.034
2026-09-27 18:29:00,778.74,778.97,778.74,778.97,7.067
2026-09-27 18:30:00,778.96,778.97,778.58,778.65,20.04
2026-09-27 18:31:00,778.65,778.96,778.61,778.68,10.763
2026-09-27 18:32:00,778.68,778.83,778.58,778.58,7.833
2026-09-27 18:33:00,778.59,778.59,778.58,778.59,6.129
2026-09-27 18:34:00,778.58,778.68,778.58,778.58,5.488
2026-09-27 18:35:00,778.59,779.0,778.58,779.0,27.355
2026-09-27 18:36:00,778.99,779.13,778.77,778.85,22.028
2026-09-27 18:37:00,778.86,778.99,778.67,778.71,28.14
2026-09-27 18:38:00,778.72,778.99,778.69,778.7,21.839
2026-09-27 18:39:00,778.7,778.88,778.69,778.88,7.738
2026-09-27 18:40:00,778.88,779.04,778.87,778.94,20.698
2026-09-27 18:41:00,778.94,778.95,778.58,778.81,24.874
2026-09-27 18:42:00,778.81,779.09,778.8,778.88,56.907
2026-09-27 18:43:00,778.88,779.07,778.88,779.07,31.675
2026-09-27 18:44:00,779.1,779.31,779.01,779.25,48.066
2026-09-27 18:45:00,779.25,779.3,779.05,779.14,15.931
2026-09-27 18:46:00,779.13,779.4,779.13,779.4,16.377
2026-09-27 18:47:00,779.4,779.45,779.22,779.22,12.133
2026-09-27 18:48:00,779.22,779.31,779.13,779.27,9.536
2026-09-27 18:49:00,779.26,779.27,779.06,779.15,4.544
2026-09-27 18:50:00,779.14,779.15,779.07,779.14,2.722
2026-09-27 18:51:00,779.15,779.15,778.5,778.56,60.666
2026-09-27 18:52:00,778.56,778.73,778.51,778.53,17.59
2026-09-27 18:53:00,778.52,778.53,778.51,778.51,12.355
2026-09-27 18:54:00,778.52,778.67,778.52,778.57,14.473
2026-09-27 18:55:00,778.57,778.72,778.57,778.66,4.825
2026-09-27 18:56:00,778.66,778.87,778.66,778.8,20.337
2026-09-27 18:57:00,778.8,778.86,778.66,778.86,9.334
2026-09-27 18:58:00,778.86,779.0,778.85,778.91,10.36
2026-09-27 18:59:00,778.91,779.14,778.9,779.12,24.448
2026-09-27 19:00:00,779.13,779.2,778.71,778.81,66.005
2026-09-27 19:01:00,778.86,779.17,778.76,778.76,26.645
2026-09-27 19:02:00,778.75,778.75,778.5,778.51,5.478
2026-09-27 19:03:00,778.51,778.63,778.51,778.57,6.03
2026-09-27 19:04:00,778.58,778.58,778.57,778.58,9.06
2026-09-27 19:05:00,778.57,778.57,778.53,778.53,14.982
2026-09-27 19:06:00,778.54,778.7,778.53,778.69,27.567
2026-09-27 19:07:00,778.7,778.7,778.64,778.65,8.103
2026-09-27 19:08:00,778.65,778.69,778.65,778.69,8.342
2026-09-27 19:09:00,778.69,779.05,778.68,779.05,43.619
2026-09-27 19:10:00,779.06,779.12,778.64,778.75,142.94
2026-09-27 19:11:00,778.76,778.82,778.68,778.71,68.119
2026-09-27 19:12:00,778.71,779.14,778.52,779.05,210.94
2026-09-27 19:13:00,779.04,779.2,779.04,779.19,30.836
2026-09-27 19:14:00,779.2,779.38,779.09,779.09,28.966
2026-09-27 19:15:00,779.1,779.5,779.1,779.5,23.012
2026-09-27 19:16:00,779.5,779.5,779.49,779.5,22.561
2026-09-27 19:17:00,779.5,779.6,779.31,779.31,40.582
2026-09-27 19:18:00,779.31,779.83,779.31,779.63,103.576
2026-09-27 19:19:00,779.64,779.75,779.63,779.75,11.018
2026-09-27 19:20:00,779.74,779.75,779.06,779.11,75.465
2026-09-27 19:21:00,779.11,779.27,778.92,778.93,25.203
2026-09-27 19:22:00,778.93,778.93,778.87,778.91,4.081
2026-09-27 19:23:00,778.91,779.03,778.91,778.94,97.01
2026-09-27 19:24:00,778.94,779.11,778.82,779.11,8.56
2026-09-27 19:25:00,779.1,779.11,778.93,778.94,11.578
2026-09-27 19:26:00,778.94,778.94,778.65,778.66,7.006
2026-09-27 19:27:00,778.65,778.65,778.35,778.4,17.367
2026-09-27 19:28:00,778.39,778.4,778.3,778.3,5.746
2026-09-27 19:29:00,778.3,778.45,778.3,778.45,3.751
2026-09-27 19:30:00,778.45,778.55,778.27,778.29,5.005
2026-09-27 19:31:00,778.3,778.56,778.22,778.32,19.334
2026-09-27 19:32:00,778.32,778.38,778.15,778.15,120.108
2026-09-27 19:33:00,778.15,778.16,778.01,778.12,152.735
2026-09-27 19:34:00,778.13,778.35,778.13,778.35,4.64
2026-09-27 19:35:00,778.34,778.35,778.12,778.13,8.204
2026-09-27 19:36:00,778.12,778.35,778.12,778.35,7.402
2026-09-27 19:37:00,778.35,778.85,778.35,778.66,115.453
2026-09-27 19:38:00,778.67,778.81,778.63,778.78,25.974
2026-09-27 19:39:00,778.76,778.83,778.56,778.82,29.199
2026-09-27 19:40:00,778.83,778.87,778.57,778.57,10.626
2026-09-27 19:41:00,778.57,778.95,778.57,778.95,39.876
2026-09-27 19:42:00,778.94,778.95,778.6,778.61,13.547
2026-09-27 19:43:00,778.6,778.61,778.56,778.61,2.656
2026-09-27 19:44:00,778.61,778.61,778.6,778.6,1.953
2026-09-27 19:45:00,778.61,778.71,778.6,778.71,2.668
2026-09-27 19:46:00,778.71,779.0,778.71,778.99,14.145
2026-09-27 19:47:00,779.0,779.02,778.91,778.91,11.347
2026-09-27 19:48:00,778.91,778.96,778.83,778.85,4.226
2026-09-27 19:49:00,778.85,778.85,778.71,778.83,1.738
2026-09-27 19:50:00,778.83,778.83,778.68,778.69,3.272
2026-09-27 19:51:00,778.69,778.69,778.55,778.56,16.589
2026-09-27 19:52:00,778.55,778.55,778.2,778.32,100.54
2026-09-27 19:53:00,778.32,778.38,778.31,778.32,4.022
2026-09-27 19:54:00,778.32,778.38,778.31,778.32,3.213
2026-09-27 19:55:00,778.32,778.46,778.23,778.46,5.749
2026-09-27 19:56:00,778.46,778.46,778.38,778.43,5.655
2026-09-27 19:57:00,778.44,778.52,778.4,778.42,11.532
2026-09-27 19:58:00,778.41,778.74,778.37,778.55,15.342
2026-09-27 19:59:00,778.56,778.56,778.52,778.52,4.499
2026-09-27 20:00:00,778.53,778.88,778.52,778.71,48.541
2026-09-27 20:01:00,778.71,778.95,778.71,778.87,114.343
2026-09-27 20:02:00,778.88,778.88,778.81,778.82,12.169
2026-09-27 20:03:00,778.81,779.02,778.81,779.02,5.737
2026-09-27 20:04:00,779.02,779.07,779.02,779.07,11.435
2026-09-27 20:05:00,779.07,779.07,778.91,778.92,23.821
2026-09-27 20:06:00,778.92,778.92,778.61,778.61,14.971
2026-09-27 20:07:00,778.62,778.72,778.61,778.71,6.822
2026-09-27 20:08:00,778.71,778.9,778.6,778.89,73.88
2026-09-27 20:09:00,778.89,778.92,778.74,778.8,12.788
2026-09-27 20:10:00,778.81,778.89,778.81,778.89,18.803
2026-09-27 20:11:00,778.91,779.0,778.78,778.9,60.439
2026-09-27 20:12:00,778.91,779.05,778.91,779.04,13.428
2026-09-27 20:13:00,779.05,779.11,779.04,779.1,7.676
2026-09-27 20:14:00,779.11,779.23,779.1,779.22,5.78
2026-09-27 20:15:00,779.23,779.3,779.22,779.29,10.385
2026-09-27 20:16:00,779.28,779.29,779.0,779.0,11.358
2026-09-27 20:17:00,779.0,779.01,778.75,778.76,56.328
2026-09-27 20:18:00,778.75,778.76,778.58,778.64,2.59
2026-09-27 20:19:00,778.64,778.66,778.64,778.66,3.611
2026-09-27 20:20:00,778.66,778.66,778.44,778.44,10.964
2026-09-27 20:21:00,778.44,778.45,778.0,778.08,108.291
2026-09-27 20:22:00,778.08,778.2,778.07,778.2,3.059
2026-09-27 20:23:00,778.19,778.19,777.98,778.0,12.498
2026-09-27 20:24:00,778.0,778.0,777.49,777.65,75.681
2026-09-27 20:25:00,777.65,777.69,777.61,777.67,4.285
2026-09-27 20:26:00,777.67,777.67,777.49,777.5,10.711
2026-09-27 20:27:00,777.5,777.58,777.5,777.58,3.974
2026-09-27 20:28:00,777.57,777.58,777.53,777.57,9.069
2026-09-27 20:29:00,777.57,777.57,777.56,777.56,5.447
2026-09-27 20:30:00,777.56,777.88,777.56,777.88,85.919
2026-09-27 20:31:00,777.88,778.0,777.88,778.0,2.18
2026-09-27 20:32:00,778.0,778.0,777.8,777.8,7.594
2026-09-27 20:33:00,777.8,777.8,777.79,777.79,4.711
2026-09-27 20:34:00,777.8,778.16,777.8,778.08,27.601
2026-09-27 20:35:00,778.08,778.1,778.01,778.1,14.005
2026-09-27 20:36:00,778.1,778.38,778.1,778.38,5.057
2026-09-27 20:37:00,778.37,778.44,778.08,778.09,33.654
2026-09-27 20:38:00,778.09,778.22,778.05,778.22,7.065
2026-09-27 20:39:00,778.22,778.38,778.22,778.23,23.505
2026-09-27 20:40:00,778.23,778.34,778.19,778.34,19.105
2026-09-27 20:41:00,778.34,778.52,778.26,778.42,79.509
2026-09-27 20:42:00,778.42,778.47,778.39,778.4,5.205
2026-09-27 20:43:00,778.4,778.4,778.39,778.4,5.107
2026-09-27 20:44:00,778.4,778.4,778.39,778.4,5.087
2026-09-27 20:45:00,778.4,778.6,778.4,778.56,59.706
2026-09-27 20:46:00,778.56,778.56,778.32,778.34,23.714
2026-09-27 20:47:00,778.34,778.34,777.66,777.66,45.742
2026-09-27 20:48:00,777.66,777.66,777.58,777.63,12.455
2026-09-27 20:49:00,777.63,777.86,777.42,777.42,77.885
2026-09-27 20:50:00,777.43,777.5,777.32,777.32,9.508
2026-09-27 20:51:00,777.32,777.35,777.31,777.34,5.841
2026-09-27 20:52:00,777.34,777.42,777.26,777.42,8.133
2026-09-27 20:53:00,777.41,777.42,777.41,777.42,4.731
2026-09-27 20:54:00,777.42,777.42,777.15,777.22,71.679
2026-09-27 20:55:00,777.21,777.22,777.21,777.22,30.171
2026-09-27 20:56:00,777.21,777.52,777.21,777.51,17.076
2026-09-27 20:57:00,777.52,777.54,777.31,777.52,80.988
2026-09-27 20:58:00,777.53,777.63,777.52,777.62,5.102
2026-09-27 20:59:00,777.63,777.65,777.56,777.56,9.317
2026-09-27 21:00:00,777.57,777.75,777.56,777.75,8.311
2026-09-27 21:01:00,777.75,777.8,777.75,777.8,2.649
2026-09-27 21:02:00,777.8,777.8,777.49,777.5,11.443
2026-09-27 21:03:00,777.49,778.04,777.49,778.04,79.069
2026-09-27 21:04:00,778.03,778.04,778.03,778.04,3.353
2026-09-27 21:05:00,778.03,778.05,777.81,777.92,22.688
2026-09-27 21:06:00,777.91,778.0,777.91,778.0,10.451
2026-09-27 21:07:00,778.0,778.06,778.0,778.06,3.939
2026-09-27 21:08:00,778.06,778.06,778.05,778.06,3.626
2026-09-27 21:09:00,778.06,778.06,778.05,778.06,6.046
2026-09-27 21:10:00,778.05,778.13,778.05,778.13,4.821
2026-09-27 21:11:00,778.13,778.13,778.12,778.12,3.536
2026-09-27 21:12:00,778.12,778.13,778.12,778.13,9.157
2026-09-27 21:13:00,778.12,778.49,778.06,778.49,28.411
2026-09-27 21:14:00,778.48,778.53,778.48,778.53,8.025
2026-09-27 21:15:00,778.52,778.84,778.52,778.68,50.609
2026-09-27 21:16:00,778.68,778.82,778.48,778.58,39.347
2026-09-27 21:17:00,778.58,778.58,778.57,778.58,7.112
2026-09-27 21:18:00,778.57,778.65,778.48,778.65,9.306
2026-09-27 21:19:00,778.65,778.65,778.36,778.37,27.459
2026-09-27 21:20:00,778.37,778.43,778.37,778.43,3.864
2026-09-27 21:21:00,778.42,778.42,778.22,778.23,15.738
2026-09-27 21:22:00,778.23,778.23,778.19,778.2,17.837
2026-09-27 21:23:00,778.2,778.2,778.19,778.2,0.853
2026-09-27 21:24:00,778.2,778.42,778.2,778.42,45.291
2026-09-27 21:25:00,778.42,778.54,778.41,778.42,16.243
2026-09-27 21:26:00,778.42,778.42,778.34,778.34,24.081
2026-09-27 21:27:00,778.34,778.34,778.19,778.26,11.047
2026-09-27 21:28:00,778.26,778.26,778.11,778.11,15.227
2026-09-27 21:29:00,778.12,778.12,778.09,778.1,4.525
2026-09-27 21:30:00,778.09,778.1,777.97,777.98,13.823
2026-09-27 21:31:00,777.98,777.98,777.88,777.94,21.766
2026-09-27 21:32:00,777.94,777.95,777.82,777.87,18.87
2026-09-27 21:33:00,777.87,777.87,777.81,777.82,16.694
2026-09-27 21:34:00,777.82,778.02,777.81,778.02,20.158
2026-09-27 21:35:00,778.02,778.17,777.86,777.86,84.529
2026-09-27 21:36:00,777.87,778.09,777.07,777.17,91.862
2026-09-27 21:37:00,777.17,777.2,776.45,777.0,78.336
2026-09-27 21:38:00,777.03,777.58,777.03,777.58,9.135
2026-09-27 21:39:00,777.58,777.78,777.58,777.78,15.398
2026-09-27 21:40:00,777.77,777.87,777.74,777.74,18.522
2026-09-27 21:41:00,777.74,777.76,777.74,777.76,11.146
2026-09-27 21:42:00,777.76,777.85,777.75,777.85,5.411
2026-09-27 21:43:00,777.86,777.86,777.73,777.85,7.084
2026-09-27 21:44:00,777.85,777.85,777.77,777.77,13.457
2026-09-27 21:45:00,777.78,778.08,777.78,778.08,22.547
2026-09-27 21:46:00,778.08,778.31,778.07,778.31,17.948
2026-09-27 21:47:00,778.3,778.34,778.3,778.32,16.023
2026-09-27 21:48:00,778.32,778.49,778.31,778.49,15.358
2026-09-27 21:49:00,778.49,778.5,778.32,778.41,47.184
2026-09-27 21:50:00,778.41,778.51,778.4,778.51,16.757
2026-09-27 21:51:00,778.51,778.88,778.51,778.88,5.699
2026-09-27 21:52:00,778.89,778.95,778.88,778.95,9.368
2026-09-27 21:53:00,778.95,778.96,778.94,778.96,4.82
2026-09-27 21:54:00,778.95,778.96,778.8,778.81,16.962
2026-09-27 21:55:00,778.81,778.83,778.8,778.82,8.461
2026-09-27 21:56:00,778.83,779.15,778.63,779.15,85.412
2026-09-27 21:57:00,779.15,779.88,779.09,779.66,242.596
2026-09-27 21:58:00,779.67,779.79,779.65,779.67,27.174
2026-09-27 21:59:00,779.66,779.83,779.53,779.6,92.957
2026-09-27 22:00:00,779.61,780.19,779.14,779.34,200.348
2026-09-27 22:01:00,779.34,779.34,777.59,778.03,175.038
2026-09-27 22:02:00,778.03,778.03,776.92,777.47,144.452
2026-09-27 22:03:00,777.48,777.6,776.96,777.45,30.873
2026-09-27 22:04:00,777.46,777.76,777.24,777.71,7.886
2026-09-27 22:05:00,777.7,778.13,777.53,777.96,31.394
2026-09-27 22:06:00,777.96,778.56,777.96,778.13,102.948
2026-09-27 22:07:00,778.13,778.13,777.24,777.53,112.923
2026-09-27 22:08:00,777.52,777.52,776.77,776.9,18.904
2026-09-27 22:09:00,776.9,777.25,776.86,777.22,26.018
2026-09-27 22:10:00,777.22,777.36,776.98,777.36,11.996
2026-09-27 22:11:00,777.36,777.54,777.0,777.0,9.638
2026-09-27 22:12:00,777.0,777.1,776.83,776.98,34.827
2026-09-27 22:13:00,776.98,777.06,776.1,776.11,63.628
2026-09-27 22:14:00,776.11,776.11,775.71,775.71,61.882
2026-09-27 22:15:00,775.72,775.72,775.38,775.49,26.273
2026-09-27 22:16:00,775.53,775.56,775.34,775.47,18.713
2026-09-27 22:17:00,775.48,776.2,775.48,776.2,27.124
2026-09-27 22:18:00,776.2,776.35,776.04,776.35,57.981
2026-09-27 22:19:00,776.35,776.75,776.28,776.74,15.276
2026-09-27 22:20:00,776.76,776.97,776.43,776.43,33.891
2026-09-27 22:21:00,776.41,776.9,776.25,776.79,30.5
2026-09-27 22:22:00,776.75,777.42,776.75,777.42,22.598
2026-09-27 22:23:00,777.44,777.88,777.44,777.69,44.667
2026-09-27 22:24:00,777.7,777.78,777.65,777.7,11.272
2026-09-27 22:25:00,777.7,777.93,777.68,777.86,5.792
2026-09-27 22:26:00,777.87,777.9,777.61,777.62,9.163
2026-09-27 22:27:00,777.62,777.96,777.61,777.95,13.042
2026-09-27 22:28:00,777.96,777.96,777.82,777.9,3.626
2026-09-27 22:29:00,777.86,777.86,777.55,777.56,5.611
2026-09-27 22:30:00,777.56,777.57,776.52,776.52,7.699
2026-09-27 22:31:00,776.5,776.5,775.88,775.88,17.648
2026-09-27 22:32:00,775.87,775.87,775.45,775.45,22.627
2026-09-27 22:33:00,775.45,775.53,775.09,775.1,38.328
2026-09-27 22:34:00,775.1,775.18,774.44,774.44,72.482
2026-09-27 22:35:00,774.45,774.8,774.17,774.8,112.102
2026-09-27 22:36:00,774.77,775.13,774.42,774.42,19.513
2026-09-27 22:37:00,774.39,774.65,774.26,774.58,48.67
2026-09-27 22:38:00,774.58,774.84,774.55,774.75,9.917
2026-09-27 22:39:00,774.75,775.13,774.75,774.89,105.879
2026-09-27 22:40:00,774.88,775.0,774.78,774.91,5.119
2026-09-27 22:41:00,774.91,774.91,774.69,774.69,6.536
2026-09-27 22:42:00,774.7,774.77,774.69,774.69,14.799
2026-09-27 22:43:00,774.69,774.69,774.61,774.62,26.916
2026-09-27 22:44:00,774.61,774.82,774.52,774.61,42.088
2026-09-27 22:45:00,774.6,774.6,774.34,774.35,17.697
2026-09-27 22:46:00,774.35,774.35,774.08,774.18,11.012
2026-09-27 22:47:00,774.19,774.56,774.08,774.56,41.025
2026-09-27 22:48:00,774.56,774.6,774.08,774.09,10.469
2026-09-27 22:49:00,774.08,774.22,774.08,774.13,7.471
2026-09-27 22:50:00,774.13,774.69,774.13,774.6,33.285
2026-09-27 22:51:00,774.59,774.8,774.49,774.64,24.138
2026-09-27 22:52:00,774.65,775.09,774.65,774.98,17.506
2026-09-27 22:53:00,774.98,775.01,774.81,774.98,13.349
2026-09-27 22:54:00,774.98,774.98,774.84,774.88,4.148
2026-09-27 22:55:00,774.89,775.28,774.89,775.21,9.704
2026-09-27 22:56:00,775.21,775.21,774.88,775.1,25.248
2026-09-27 22:57:00,775.11,775.24,775.0,775.24,90.987
2026-09-27 22:58:00,775.24,775.32,775.13,775.13,58.601
2026-09-27 22:59:00,775.12,775.2,775.01,775.05,3.726
2026-09-27 23:00:00,775.03,775.82,774.8,775.82,63.634
2026-09-27 23:01:00,775.82,776.14,775.57,776.13,17.77
2026-09-27 23:02:00,776.14,776.39,775.87,775.87,14.6
2026-09-27 23:03:00,775.87,776.13,775.86,776.13,14.962
2026-09-27 23:04:00,776.14,776.46,776.14,776.24,18.247
2026-09-27 23:05:00,776.24,776.52,776.14,776.14,11.254
2026-09-27 23:06:00,776.12,776.12,775.44,775.65,14.433
2026-09-27 23:07:00,775.65,775.82,775.5,775.57,17.523
2026-09-27 23:08:00,775.57,775.65,775.35,775.36,30.608
2026-09-27 23:09:00,775.36,775.36,775.0,775.01,45.176
2026-09-27 23:10:00,775.0,775.54,774.88,775.33,41.21
2026-09-27 23:11:00,775.33,775.73,775.17,775.47,27.535
2026-09-27 23:12:00,775.47,775.67,775.46,775.54,10.837
2026-09-27 23:13:00,775.58,776.44,775.58,776.44,30.381
2026-09-27 23:14:00,776.41,776.41,775.62,775.62,19.611
2026-09-27 23:15:00,775.62,775.91,775.47,775.54,18.2
2026-09-27 23:16:00,775.53,776.34,775.49,776.34,17.041
2026-09-27 23:17:00,776.37,776.68,776.21,776.21,74.84
2026-09-27 23:18:00,776.22,776.62,776.21,776.35,30.384
2026-09-27 23:19:00,776.35,776.62,776.26,776.51,34.208
2026-09-27 23:20:00,776.42,776.92,776.39,776.82,15.396
2026-09-27 23:21:00,776.81,777.0,776.73,776.98,11.13
2026-09-27 23:22:00,776.98,777.0,776.75,777.0,35.148
2026-09-27 23:23:00,777.0,777.08,776.89,776.89,25.9
2026-09-27 23:24:00,776.9,777.23,776.89,777.18,38.48
2026-09-27 23:25:00,777.15,777.41,777.07,777.31,12.028
2026-09-27 23:26:00,777.31,777.65,777.31,777.64,34.631
2026-09-27 23:27:00,777.65,777.86,777.47,777.85,89.648
2026-09-27 23:28:00,777.87,778.0,777.49,777.75,48.778
2026-09-27 23:29:00,777.76,777.97,777.76,777.77,15.322
2026-09-27 23:30:00,777.77,778.3,777.76,778.3,83.932
2026-09-27 23:31:00,778.3,778.43,778.3,778.32,8.256
2026-09-27 23:32:00,778.33,778.53,778.25,778.44,32.677
2026-09-27 23:33:00,778.45,778.53,778.14,778.25,20.169
2026-09-27 23:34:00,778.26,778.26,777.58,777.96,13.499
2026-09-27 23:35:00,777.96,777.99,777.23,777.71,134.475
2026-09-27 23:36:00,777.7,777.75,777.61,777.71,5.16
2026-09-27 23:37:00,777.72,778.04,777.71,777.98,17.324
2026-09-27 23:38:00,777.97,778.04,777.59,777.59,21.84
2026-09-27 23:39:00,777.59,777.81,777.59,777.81,9.105
2026-09-27 23:40:00,777.8,777.94,777.8,777.94,8.845
2026-09-27 23:41:00,777.94,777.94,777.63,777.74,15.121
2026-09-27 23:42:00,777.75,777.75,777.51,777.63,25.029
2026-09-27 23:43:00,777.63,777.63,777.3,777.4,54.007
2026-09-27 23:44:00,777.4,777.45,777.11,777.27,140.63
2026-09-27 23:45:00,777.28,777.42,777.19,777.26,6.006
2026-09-27 23:46:00,777.25,777.73,777.17,777.72,20.108
2026-09-27 23:47:00,777.72,777.99,777.55,777.98,134.847
2026-09-27 23:48:00,777.98,778.46,777.98,778.46,125.715
2026-09-27 23:49:00,778.46,778.66,778.45,778.61,37.01
2026-09-27 23:50:00,778.61,779.0,778.51,779.0,11.465
2026-09-27 23:51:00,779.0,779.22,778.86,779.22,83.613
2026-09-27 23:52:00,779.23,779.4,779.23,779.37,9.596
2026-09-27 23:53:00,779.36,779.42,779.26,779.26,20.211
2026-09-27 23:54:00,779.25,779.26,779.07,779.07,56.246
2026-09-27 23:55:00,779.07,779.07,778.9,778.99,54.944
2026-09-27 23:56:00,778.99,779.36,778.99,779.28,49.228
2026-09-27 23:57:00,779.28,779.36,779.27,779.29,21.184
2026-09-27 23:58:00,779.29,779.3,778.6,778.78,114.821
2026-09-27 23:59:00,778.78,778.9,778.64,778.9,43.654
2026-09-28 00:00:00,778.9,779.1,778.6,778.93,92.406
2026-09-28 00:01:00,778.94,779.43,778.83,779.38,56.024
2026-09-28 00:02:00,779.37,779.9,779.26,779.49,138.929
2026-09-28 00:03:00,779.49,779.59,779.11,779.56,58.635
2026-09-28 00:04:00,779.53,779.54,779.27,779.46,74.005
2026-09-28 00:05:00,779.46,779.61,779.3,779.32,24.923
2026-09-28 00:06:00,779.32,779.45,779.3,779.45,41.071
2026-09-28 00:07:00,779.44,779.45,778.84,779.14,31.968
2026-09-28 00:08:00,779.14,779.26,778.6,778.8,446.822
2026-09-28 00:09:00,778.8,778.8,778.37,778.47,38.904
2026-09-28 00:10:00,778.48,778.7,778.06,778.06,62.926
2026-09-28 00:11:00,778.06,778.25,778.0,778.0,7.876
2026-09-28 00:12:00,778.01,778.04,777.74,778.04,4.437
2026-09-28 00:13:00,778.05,778.23,777.88,778.12,81.633
2026-09-28 00:14:00,778.12,778.58,778.12,778.36,13.38
2026-09-28 00:15:00,778.36,778.5,778.23,778.5,8.061
2026-09-28 00:16:00,778.5,779.68,778.5,779.54,118.85
2026-09-28 00:17:00,779.54,779.67,779.46,779.63,74.633
2026-09-28 00:18:00,779.64,780.08,779.48,780.08,80.039
2026-09-28 00:19:00,780.08,783.68,780.04,783.59,3735.813
2026-09-28 00:20:00,783.59,784.48,782.76,783.81,835.774
2026-09-28 00:21:00,783.82,784.5,783.81,784.5,302.725
2026-09-28 00:22:00,784.5,784.55,783.6,783.61,169.423
2026-09-28 00:23:00,783.6,784.15,783.23,783.67,182.283
2026-09-28 00:24:00,783.66,784.0,783.36,783.44,80.22
2026-09-28 00:25:00,783.43,783.54,783.14,783.33,133.413
2026-09-28 00:26:00,783.33,783.84,783.21,783.21,72.162
2026-09-28 00:27:00,783.22,783.45,782.87,782.87,156.009
2026-09-28 00:28:00,782.88,783.1,782.42,782.95,96.843
2026-09-28 00:29:00,782.96,783.54,782.96,783.43,98.515
2026-09-28 00:30:00,783.44,783.57,782.64,782.96,264.521
2026-09-28 00:31:00,782.96,782.96,781.12,781.5,411.741
2026-09-28 00:32:00,781.49,781.54,780.0,780.12,203.757
2026-09-28 00:33:00,780.11,780.58,779.27,779.28,135.181
2026-09-28 00:34:00,779.29,780.11,779.09,779.52,134.754
2026-09-28 00:35:00,779.51,779.76,778.7,778.84,37.132
2026-09-28 00:36:00,778.85,779.43,778.77,778.78,29.595
2026-09-28 00:37:00,778.78,779.2,778.69,779.04,29.965
2026-09-28 00:38:00,779.04,779.38,778.8,779.14,78.171
2026-09-28 00:39:00,779.15,779.34,778.42,778.42,72.982
2026-09-28 00:40:00,778.41,778.43,778.16,778.42,36.968
2026-09-28 00:41:00,778.42,778.64,778.14,778.64,39.951
2026-09-28 00:42:00,778.65,778.86,778.47,778.49,37.874
2026-09-28 00:43:00,778.49,778.8,778.49,778.62,7.05
2026-09-28 00:44:00,778.63,779.19,778.63,779.02,18.048
2026-09-28 00:45:00,779.02,780.2,779.02,780.0,155.109
2026-09-28 00:46:00,780.01,780.79,780.01,780.5,166.675
2026-09-28 00:47:00,780.51,781.18,780.51,781.18,76.831
2026-09-28 00:48:00,781.18,781.37,781.05,781.37,67.304
2026-09-28 00:49:00,781.37,781.77,781.36,781.66,42.454
2026-09-28 00:50:00,781.66,782.21,781.66,782.21,70.159
2026-09-28 00:51:00,782.2,782.73,782.11,782.48,121.341
2026-09-28 00:52:00,782.48,782.48,781.62,781.62,54.238
2026-09-28 00:53:00,781.63,781.8,781.47,781.48,65.661
2026-09-28 00:54:00,781.49,781.49,780.59,780.59,105.133
2026-09-28 00:55:00,780.6,780.89,780.03,780.03,82.004
2026-09-28 00:56:00,780.01,780.16,779.47,779.47,50.383
2026-09-28 00:57:00,779.47,779.47,778.93,778.93,192.921
2026-09-28 00:58:00,778.92,779.56,778.91,778.99,11.531
2026-09-28 00:59:00,778.99,778.99,778.49,778.49,44.49
2026-09-28 01:00:00,778.49,778.7,778.15,778.29,88.464
2026-09-28 01:01:00,778.37,778.6,777.51,777.88,120.36
2026-09-28 01:02:00,777.95,778.68,777.63,778.51,53.65
2026-09-28 01:03:00,778.52,778.77,777.54,777.76,71.677
2026-09-28 01:04:00,777.78,778.5,777.32,778.5,97.354
2026-09-28 01:05:00,778.51,778.56,777.29,777.31,36.386
2026-09-28 01:06:00,777.31,777.8,776.62,777.72,92.729
2026-09-28 01:07:00,777.73,779.8,777.73,779.8,67.623
2026-09-28 01:08:00,779.8,780.07,779.61,780.07,28.802
2026-09-28 01:09:00,780.07,780.15,778.55,778.81,73.131
2026-09-28 01:10:00,778.82,779.1,778.39,778.43,33.58
2026-09-28 01:11:00,778.45,778.59,778.09,778.59,47.746
2026-09-28 01:12:00,778.59,779.12,777.61,777.65,194.927
2026-09-28 01:13:00,777.64,777.64,776.83,777.0,88.362
2026-09-28 01:14:00,777.05,777.64,777.0,777.0,12.258
2026-09-28 01:15:00,777.0,777.49,776.73,777.15,76.764
2026-09-28 01:16:00,777.14,777.57,776.92,777.36,49.27
2026-09-28 01:17:00,777.36,778.34,777.12,777.13,109.885
2026-09-28 01:18:00,777.23,777.95,777.0,777.64,174.084
2026-09-28 01:19:00,777.63,777.93,776.94,777.83,72.907
2026-09-28 01:20:00,777.81,778.25,777.81,778.0,68.555
2026-09-28 01:21:00,778.0,779.9,778.0,779.7,198.46
2026-09-28 01:22:00,779.69,779.69,778.51,778.51,56.168
2026-09-28 01:23:00,778.5,779.28,778.04,778.4,85.388
2026-09-28 01:24:00,778.38,778.39,777.94,778.26,23.206
2026-09-28 01:25:00,778.29,778.74,778.03,778.74,18.469
2026-09-28 01:26:00,778.74,779.68,778.74,779.68,16.262
2026-09-28 01:27:00,779.69,779.96,779.33,779.41,28.756
2026-09-28 01:28:00,779.4,779.4,778.88,779.15,22.345
2026-09-28 01:29:00,779.15,779.4,778.85,778.96,9.456
2026-09-28 01:30:00,778.96,779.85,778.86,778.98,37.674
2026-09-28 01:31:00,778.96,779.47,778.88,778.92,29.293
2026-09-28 01:32:00,778.94,779.13,778.43,779.11,16.537
2026-09-28 01:33:00,779.16,779.4,779.08,779.09,34.088
2026-09-28 01:34:00,779.08,779.4,778.83,778.83,136.453
2026-09-28 01:35:00,778.82,778.86,777.95,778.52,37.388
2026-09-28 01:36:00,778.52,778.68,778.09,778.09,11.245
2026-09-28 01:37:00,778.08,778.27,777.89,777.89,26.801
2026-09-28 01:38:00,777.89,778.11,777.45,777.45,45.286
2026-09-28 01:39:00,777.46,778.01,777.21,777.79,29.639
2026-09-28 01:40:00,777.79,777.86,776.89,776.89,189.802
2026-09-28 01:41:00,776.89,777.72,776.78,777.63,69.05
2026-09-28 01:42:00,777.66,777.93,777.23,777.23,25.941
2026-09-28 01:43:00,777.22,777.22,776.75,776.79,30.31
2026-09-28 01:44:00,776.79,776.79,775.85,775.85,235.316
2026-09-28 01:45:00,775.84,776.51,775.72,776.09,50.26
2026-09-28 01:46:00,776.09,776.09,775.66,775.66,21.99
2026-09-28 01:47:00,775.67,776.09,775.52,776.09,52.394
2026-09-28 01:48:00,776.1,776.19,775.15,775.18,47.677
2026-09-28 01:49:00,775.18,775.37,773.47,773.66,290.554
2026-09-28 01:50:00,773.71,775.13,772.67,774.78,337.731
2026-09-28 01:51:00,774.78,775.66,774.56,775.33,106.741
2026-09-28 01:52:00,775.33,775.67,774.6,775.0,56.712
2026-09-28 01:53:00,775.0,775.19,774.66,775.12,48.876
2026-09-28 01:54:00,775.12,775.8,774.93,774.93,76.209
2026-09-28 01:55:00,774.94,775.26,774.56,774.93,35.227
2026-09-28 01:56:00,774.83,775.68,774.61,775.68,119.394
2026-09-28 01:57:00,775.74,775.98,774.17,774.17,70.176
2026-09-28 01:58:00,774.16,774.33,773.93,774.14,40.656
2026-09-28 01:59:00,774.14,774.25,773.95,773.96,29.605
2026-09-28 02:00:00,773.96,773.96,772.8,772.81,122.58
2026-09-28 02:01:00,772.81,774.1,772.5,774.04,186.025
2026-09-28 02:02:00,774.03,774.04,772.81,773.17,125.67
2026-09-28 02:03:00,773.17,773.53,772.37,773.53,127.812
2026-09-28 02:04:00,773.56,774.04,773.27,773.73,74.465
2026-09-28 02:05:00,773.76,774.31,773.61,773.79,41.423
2026-09-28 02:06:00,773.78,773.93,773.3,773.44,165.169
2026-09-28 02:07:00,773.5,773.58,772.84,772.89,106.754
2026-09-28 02:08:00,772.89,774.47,772.81,774.43,90.061
2026-09-28 02:09:00,774.43,774.83,774.36,774.36,115.182
2026-09-28 02:10:00,774.36,775.04,774.36,774.77,77.16
2026-09-28 02:11:00,774.8,775.67,774.8,775.67,86.196
2026-09-28 02:12:00,775.67,776.09,775.6,776.05,93.416
2026-09-28 02:13:00,776.06,776.23,776.05,776.11,93.78
2026-09-28 02:14:00,776.1,776.37,775.65,775.79,78.141
2026-09-28 02:15:00,775.8,775.97,775.19,775.49,33.644
2026-09-28 02:16:00,775.48,775.48,775.22,775.4,19.702
2026-09-28 02:17:00,775.39,775.81,775.22,775.4,21.439
2026-09-28 02:18:00,775.39,775.39,774.67,774.67,24.26
2026-09-28 02:19:00,774.68,775.05,774.35,774.97,24.954
2026-09-28 02:20:00,774.97,775.22,774.7,775.06,41.705
2026-09-28 02:21:00,775.05,775.35,774.27,774.27,133.829
2026-09-28 02:22:00,774.26,774.26,773.89,774.06,70.559
2026-09-28 02:23:00,774.05,774.35,774.01,774.16,36.153
2026-09-28 02:24:00,774.16,775.04,774.12,774.87,70.952
2026-09-28 02:25:00,774.87,774.87,774.24,774.29,54.593
2026-09-28 02:26:00,774.29,775.52,774.29,775.51,33.031
2026-09-28 02:27:00,775.5,775.9,775.04,775.04,48.023
2026-09-28 02:28:00,775.03,775.05,774.6,774.77,15.286
2026-09-28 02:29:00,774.77,774.77,774.22,774.23,19.891
2026-09-28 02:30:00,774.23,774.23,773.63,773.63,78.137
2026-09-28 02:31:00,773.62,773.9,773.32,773.51,61.033
2026-09-28 02:32:00,773.52,773.55,773.0,773.0,38.449
2026-09-28 02:33:00,773.01,773.12,772.61,772.63,104.109
2026-09-28 02:34:00,772.63,772.97,772.62,772.97,41.124
2026-09-28 02:35:00,772.96,773.79,772.78,773.79,56.291
2026-09-28 02:36:00,773.8,774.08,773.46,773.64,71.674
2026-09-28 02:37:00,773.64,773.65,773.16,773.24,43.556
2026-09-28 02:38:00,773.23,773.73,773.05,773.05,50.285
2026-09-28 02:39:00,773.03,773.34,772.72,773.17,64.167
2026-09-28 02:40:00,773.17,773.85,773.13,773.76,64.467
2026-09-28 02:41:00,773.74,774.27,773.35,773.35,299.466
2026-09-28 02:42:00,773.31,773.67,773.04,773.23,104.21
2026-09-28 02:43:00,773.23,773.33,772.95,773.18,26.144
2026-09-28 02:44:00,773.16,773.51,773.16,773.2,49.196
2026-09-28 02:45:00,773.2,773.64,773.16,773.5,47.324
2026-09-28 02:46:00,773.5,773.69,772.8,772.87,81.707
2026-09-28 02:47:00,772.84,772.84,772.03,772.05,75.924
2026-09-28 02:48:00,772.06,772.2,771.96,772.18,172.314
2026-09-28 02:49:00,772.17,772.34,771.95,772.21,96.56
2026-09-28 02:50:00,772.19,772.65,772.08,772.13,57.112
2026-09-28 02:51:00,772.12,772.34,771.86,771.87,29.063
2026-09-28 02:52:00,771.86,772.21,771.76,772.2,89.704
2026-09-28 02:53:00,772.2,772.42,772.02,772.32,37.783
2026-09-28 02:54:00,772.3,772.41,772.14,772.24,28.601
2026-09-28 02:55:00,772.22,772.29,771.95,772.07,59.081
2026-09-28 02:56:00,772.06,772.06,771.65,771.65,48.066
2026-09-28 02:57:00,771.64,771.85,771.5,771.68,126.246
2026-09-28 02:58:00,771.69,772.0,771.69,771.8,31.411
2026-09-28 02:59:00,771.8,771.8,771.5,771.72,29.544
2026-09-28 03:00:00,771.73,773.0,771.73,772.71,84.487
2026-09-28 03:01:00,772.72,772.98,772.41,772.41,39.83
2026-09-28 03:02:00,772.41,772.47,771.88,771.88,21.76
2026-09-28 03:03:00,771.88,772.18,771.71,771.91,32.561
2026-09-28 03:04:00,771.91,772.33,771.91,772.33,16.495
2026-09-28 03:05:00,772.32,772.62,772.05,772.06,54.037
2026-09-28 03:06:00,772.05,772.4,771.88,772.05,12.697
2026-09-28 03:07:00,772.04,772.51,772.02,772.38,24.53
2026-09-28 03:08:00,772.38,772.38,772.08,772.14,34.614
2026-09-28 03:09:00,772.16,772.46,772.0,772.4,80.649
2026-09-28 03:10:00,772.4,772.62,772.26,772.44,46.313
2026-09-28 03:11:00,772.43,772.43,771.51,771.53,29.486
2026-09-28 03:12:00,771.5,771.65,771.2,771.27,67.847
2026-09-28 03:13:00,771.27,772.07,771.27,771.92,68.0
2026-09-28 03:14:00,771.92,771.92,771.52,771.52,50.839
2026-09-28 03:15:00,771.52,771.81,771.21,771.21,40.977
2026-09-28 03:16:00,771.21,771.87,771.2,771.87,146.359
2026-09-28 03:17:00,771.87,772.26,771.78,772.26,57.894
2026-09-28 03:18:00,772.26,772.31,771.68,771.7,68.005
2026-09-28 03:19:00,771.7,772.48,771.7,771.9,31.544
2026-09-28 03:20:00,771.9,772.51,771.9,772.51,23.777
2026-09-28 03:21:00,772.5,772.51,772.0,772.0,43.979
2026-09-28 03:22:00,772.0,772.0,771.42,771.43,51.601
2026-09-28 03:23:00,771.43,771.71,771.21,771.42,78.572
2026-09-28 03:24:00,771.41,771.85,771.33,771.44,40.323
2026-09-28 03:25:00,771.43,771.43,771.0,771.21,85.995
2026-09-28 03:26:00,771.21,771.55,770.0,770.1,896.607
2026-09-28 03:27:00,770.09,770.43,769.65,769.89,543.15
2026-09-28 03:28:00,769.89,770.64,769.89,770.22,121.674
2026-09-28 03:29:00,770.21,770.21,769.24,769.81,214.462
2026-09-28 03:30:00,769.81,769.9,769.44,769.56,78.709
2026-09-28 03:31:00,769.55,769.67,768.91,769.21,98.229
2026-09-28 03:32:00,769.22,769.44,768.1,768.11,211.103
2026-09-28 03:33:00,768.11,768.38,767.9,768.15,181.58
2026-09-28 03:34:00,768.14,768.85,768.14,768.43,188.109
2026-09-28 03:35:00,768.42,769.0,768.01,769.0,52.715
2026-09-28 03:36:00,768.99,769.79,768.97,769.65,82.538
2026-09-28 03:37:00,769.66,770.94,769.66,770.65,94.95
2026-09-28 03:38:00,770.67,771.37,770.67,771.37,36.514
2026-09-28 03:39:00,771.37,771.38,770.79,771.27,74.076
2026-09-28 03:40:00,771.27,771.27,770.84,770.95,41.904
2026-09-28 03:41:00,770.95,771.49,770.82,771.49,76.623
2026-09-28 03:42:00,771.49,772.12,771.49,772.1,79.015
2026-09-28 03:43:00,772.09,772.48,772.02,772.47,92.16
2026-09-28 03:44:00,772.46,772.47,772.11,772.11,10.291
2026-09-28 03:45:00,772.11,772.23,771.8,771.8,17.087
2026-09-28 03:46:00,771.79,771.91,771.35,771.48,55.783
2026-09-28 03:47:00,771.49,772.02,771.49,771.9,48.337
2026-09-28 03:48:00,771.89,771.89,771.62,771.89,11.114
2026-09-28 03:49:00,771.89,772.69,771.88,772.22,84.394
2026-09-28 03:50:00,772.2,772.2,771.79,772.17,46.057
2026-09-28 03:51:00,772.16,772.51,771.83,772.06,25.245
2026-09-28 03:52:00,772.06,772.06,771.64,771.64,15.988
2026-09-28 03:53:00,771.65,771.86,771.65,771.66,28.812
2026-09-28 03:54:00,771.65,771.8,771.46,771.52,39.379
2026-09-28 03:55:00,771.53,771.53,771.29,771.29,13.497
2026-09-28 03:56:00,771.28,771.36,771.2,771.2,15.443
2026-09-28 03:57:00,771.2,771.2,771.0,771.0,20.568
2026-09-28 03:58:00,771.0,771.0,770.68,770.73,33.602
2026-09-28 03:59:00,770.72,770.73,770.68,770.68,5.635
2026-09-28 04:00:00,770.69,770.85,769.65,769.66,109.61
2026-09-28 04:01:00,769.66,769.85,769.3,769.43,65.756
2026-09-28 04:02:00,769.43,769.48,769.23,769.29,58.029
2026-09-28 04:03:00,769.28,769.47,768.85,769.14,67.265
2026-09-28 04:04:00,769.14,769.38,768.37,768.68,82.443
2026-09-28 04:05:00,768.69,769.33,768.47,769.33,71.57
2026-09-28 04:06:00,769.34,770.18,769.34,770.18,37.684
2026-09-28 04:07:00,770.18,770.42,770.03,770.3,45.538
2026-09-28 04:08:00,770.31,770.89,769.56,769.6,88.906
2026-09-28 04:09:00,769.59,770.2,769.59,769.92,30.875
2026-09-28 04:10:00,769.91,770.69,769.81,770.5,43.116
2026-09-28 04:11:00,770.49,770.49,770.32,770.38,16.975
2026-09-28 04:12:00,770.38,770.78,770.23,770.78,50.752
2026-09-28 04:13:00,770.79,771.16,770.79,770.96,28.725
2026-09-28 04:14:00,770.96,771.16,770.96,770.99,63.086
2026-09-28 04:15:00,770.99,771.2,770.63,770.82,66.863
2026-09-28 04:16:00,770.82,770.95,770.38,770.56,222.991
2026-09-28 04:17:00,770.57,771.95,770.57,771.95,55.455
2026-09-28 04:18:00,771.95,772.76,771.95,772.76,89.578
2026-09-28 04:19:00,772.76,772.89,772.71,772.83,45.219
2026-09-28 04:20:00,772.84,773.05,772.78,773.04,118.889
2026-09-28 04:21:00,773.04,773.04,772.76,772.9,61.927
2026-09-28 04:22:00,772.9,773.16,772.66,773.16,54.535
2026-09-28 04:23:00,773.07,773.26,772.96,773.11,63.469
2026-09-28 04:24:00,773.1,773.29,773.03,773.24,58.52
2026-09-28 04:25:00,773.24,773.25,772.85,773.11,42.473
2026-09-28 04:26:00,773.12,773.13,772.89,772.89,20.477
2026-09-28 04:27:00,772.88,772.91,772.67,772.74,21.47
2026-09-28 04:28:00,772.73,772.81,772.5,772.57,38.32
2026-09-28 04:29:00,772.56,772.64,772.46,772.52,18.787
2026-09-28 04:30:00,772.51,772.72,772.37,772.72,77.717
2026-09-28 04:31:00,772.72,772.72,772.25,772.37,24.792
2026-09-28 04:32:00,772.37,772.49,772.27,772.35,49.326
2026-09-28 04:33:00,772.35,772.37,772.03,772.15,60.212
2026-09-28 04:34:00,772.15,772.26,772.04,772.26,35.403
2026-09-28 04:35:00,772.27,772.41,772.16,772.26,24.049
2026-09-28 04:36:00,772.26,772.26,772.1,772.15,8.439
2026-09-28 04:37:00,772.14,772.22,771.87,772.16,23.928
2026-09-28 04:38:00,772.16,772.34,772.01,772.34,28.009
2026-09-28 04:39:00,772.33,772.56,772.32,772.4,67.484
2026-09-28 04:40:00,772.39,772.39,771.88,771.89,58.604
2026-09-28 04:41:00,771.88,771.94,771.82,771.85,14.045
2026-09-28 04:42:00,771.85,772.21,771.85,772.18,32.975
2026-09-28 04:43:00,772.19,772.31,772.18,772.18,26.001
2026-09-28 04:44:00,772.18,772.18,772.0,772.0,5.628
2026-09-28 04:45:00,771.99,771.99,771.67,771.75,12.102
2026-09-28 04:46:00,771.75,771.87,771.39,771.39,39.531
2026-09-28 04:47:00,771.39,771.39,771.01,771.01,13.585
2026-09-28 04:48:00,771.0,771.12,771.0,771.12,17.916
2026-09-28 04:49:00,771.13,771.13,770.85,770.87,71.344
2026-09-28 04:50:00,770.87,771.32,770.87,771.31,321.448
2026-09-28 04:51:00,771.32,771.41,771.22,771.41,15.713
2026-09-28 04:52:00,771.41,771.8,771.3,771.66,12.395
2026-09-28 04:53:00,771.66,771.73,771.62,771.72,9.496
2026-09-28 04:54:00,771.71,771.72,771.32,771.33,22.019
2026-09-28 04:55:00,771.33,771.33,771.07,771.2,31.36
2026-09-28 04:56:00,771.2,771.71,771.19,771.28,13.057
2026-09-28 04:57:00,771.29,771.66,771.22,771.66,42.488
2026-09-28 04:58:00,771.67,771.73,771.61,771.61,15.957
2026-09-28 04:59:00,771.62,771.62,771.39,771.41,22.556
2026-09-28 05:00:00,771.41,772.49,771.4,772.45,66.027
2026-09-28 05:01:00,772.45,772.88,772.36,772.44,162.245
2026-09-28 05:02:00,772.44,772.44,771.4,771.49,25.959
2026-09-28 05:03:00,771.5,771.53,770.95,771.18,30.04
2026-09-28 05:04:00,771.17,771.17,770.86,771.06,43.83
2026-09-28 05:05:00,771.07,771.79,770.96,771.55,116.034
2026-09-28 05:06:00,771.56,771.64,771.21,771.26,30.416
2026-09-28 05:07:00,771.25,771.25,770.87,770.87,27.782
2026-09-28 05:08:00,770.86,770.87,770.53,770.54,42.044
2026-09-28 05:09:00,770.53,770.57,770.46,770.56,30.984
2026-09-28 05:10:00,770.55,770.55,770.25,770.26,32.217
2026-09-28 05:11:00,770.26,770.33,769.95,769.96,239.928
2026-09-28 05:12:00,769.96,770.0,769.44,769.44,88.99
2026-09-28 05:13:00,769.44,769.44,768.56,768.6,252.016
2026-09-28 05:14:00,768.6,768.91,768.05,768.88,410.721
2026-09-28 05:15:00,768.88,769.33,768.83,769.08,145.119
2026-09-28 05:16:00,769.08,769.08,767.97,768.36,138.891
2026-09-28 05:17:00,768.36,768.91,768.36,768.91,45.62
2026-09-28 05:18:00,768.92,768.93,768.25,768.73,113.032
2026-09-28 05:19:00,768.72,768.98,768.66,768.75,108.379
2026-09-28 05:20:00,768.75,768.93,768.38,768.57,152.544
2026-09-28 05:21:00,768.57,768.64,768.3,768.31,68.957
2026-09-28 05:22:00,768.3,768.3,767.21,767.29,239.455
2026-09-28 05:23:00,767.3,767.46,766.36,766.53,383.98
2026-09-28 05:24:00,766.53,766.53,765.57,765.64,370.709
2026-09-28 05:25:00,765.64,765.88,765.37,765.37,589.175
2026-09-28 05:26:00,765.38,765.96,765.32,765.7,127.727
2026-09-28 05:27:00,765.7,765.96,765.7,765.96,289.164
2026-09-28 05:28:00,765.96,766.53,765.95,766.11,376.907
2026-09-28 05:29:00,766.1,766.1,765.48,765.48,50.18
2026-09-28 05:30:00,765.48,765.56,765.0,765.35,320.688
2026-09-28 05:31:00,765.35,766.06,765.35,765.61,43.082
2026-09-28 05:32:00,765.61,766.24,764.86,765.73,732.08
2026-09-28 05:33:00,765.75,765.91,764.22,764.31,378.784
2026-09-28 05:34:00,764.31,764.35,763.61,763.62,194.831
2026-09-28 05:35:00,763.62,764.29,763.62,764.0,113.717
2026-09-28 05:36:00,763.99,764.08,762.58,762.65,539.8
2026-09-28 05:37:00,762.66,763.11,762.5,762.83,130.828
2026-09-28 05:38:00,762.84,762.84,761.54,761.77,265.862
2026-09-28 05:39:00,761.77,762.66,761.77,762.02,267.175
2026-09-28 05:40:00,762.02,762.9,761.8,762.89,112.681
2026-09-28 05:41:00,762.9,763.9,762.89,763.88,83.687
2026-09-28 05:42:00,763.89,764.92,763.78,764.86,350.413
2026-09-28 05:43:00,764.86,764.87,763.97,764.85,71.862
2026-09-28 05:44:00,764.85,765.65,764.85,765.65,161.738
2026-09-28 05:45:00,765.66,766.12,765.21,765.21,174.64
2026-09-28 05:46:00,765.21,765.46,764.61,765.32,64.795
2026-09-28 05:47:00,765.33,765.92,765.33,765.87,42.872
2026-09-28 05:48:00,765.85,765.85,764.89,764.92,51.281
2026-09-28 05:49:00,764.91,764.91,764.46,764.6,46.08
2026-09-28 05:50:00,764.6,764.61,764.27,764.39,170.077
2026-09-28 05:51:00,764.39,764.64,764.07,764.63,57.59
2026-09-28 05:52:00,764.64,764.85,764.58,764.85,44.193
2026-09-28 05:53:00,764.84,764.84,764.28,764.28,47.837
2026-09-28 05:54:00,764.29,765.12,764.29,764.89,59.093
2026-09-28 05:55:00,764.89,765.01,764.4,764.95,66.05
2026-09-28 05:56:00,764.94,765.81,764.84,765.81,91.064
2026-09-28 05:57:00,765.81,765.99,765.61,765.7,31.768
2026-09-28 05:58:00,765.7,766.33,765.7,766.28,114.805
2026-09-28 05:59:00,766.28,766.31,766.02,766.09,28.262
2026-09-28 06:00:00,766.1,766.22,765.77,765.77,155.608
2026-09-28 06:01:00,765.78,765.8,765.51,765.68,96.667
2026-09-28 06:02:00,765.69,765.96,765.42,765.42,24.267
2026-09-28 06:03:00,765.43,765.7,764.88,764.98,133.75
2026-09-28 06:04:00,764.98,765.46,764.51,764.53,285.778
2026-09-28 06:05:00,764.54,765.36,764.53,765.32,125.393
2026-09-28 06:06:00,765.32,766.01,765.31,765.94,39.53
2026-09-28 06:07:00,765.94,766.35,765.75,765.93,77.617
2026-09-28 06:08:00,765.93,766.19,765.52,766.03,49.444
2026-09-28 06:09:00,766.03,766.56,766.02,766.55,27.482
2026-09-28 06:10:00,766.56,766.56,766.5,766.55,17.886
2026-09-28 06:11:00,766.55,766.94,766.54,766.7,83.536
2026-09-28 06:12:00,766.7,766.74,766.51,766.62,9.712
2026-09-28 06:13:00,766.61,766.74,766.38,766.48,23.592
2026-09-28 06:14:00,766.49,766.54,765.9,765.9,65.801
2026-09-28 06:15:00,765.9,765.92,765.57,765.69,119.367
2026-09-28 06:16:00,765.68,765.74,765.28,765.63,62.018
2026-09-28 06:17:00,765.64,765.64,764.81,764.89,55.238
2026-09-28 06:18:00,764.88,765.0,764.66,764.67,56.354
2026-09-28 06:19:00,764.67,764.67,764.5,764.56,106.778
2026-09-28 06:20:00,764.55,765.05,764.2,764.36,141.277
2026-09-28 06:21:00,764.35,764.66,764.21,764.44,38.537
2026-09-28 06:22:00,764.44,764.6,764.02,764.16,79.567
2026-09-28 06:23:00,764.16,764.16,763.68,763.93,91.985
2026-09-28 06:24:00,763.94,764.0,762.84,762.9,326.293
2026-09-28 06:25:00,762.89,763.0,762.84,762.85,59.866
2026-09-28 06:26:00,762.85,763.26,762.69,763.12,66.249
2026-09-28 06:27:00,763.11,763.11,762.5,762.51,85.881
2026-09-28 06:28:00,762.51,762.63,762.47,762.61,89.913
2026-09-28 06:29:00,762.6,762.6,762.21,762.31,139.172
2026-09-28 06:30:00,762.31,762.91,762.04,762.76,113.9
2026-09-28 06:31:00,762.76,763.18,762.63,763.09,102.381
2026-09-28 06:32:00,763.09,763.65,763.02,763.55,218.965
2026-09-28 06:33:00,763.55,763.69,763.19,763.49,75.105
2026-09-28 06:34:00,763.49,764.16,763.35,763.85,64.856
2026-09-28 06:35:00,763.86,764.26,763.67,764.24,82.571
2026-09-28 06:36:00,764.22,764.32,764.08,764.09,16.392
2026-09-28 06:37:00,764.09,764.09,763.53,763.54,73.195
2026-09-28 06:38:00,763.54,763.72,763.43,763.44,78.082
2026-09-28 06:39:00,763.43,763.43,763.07,763.16,32.907
2026-09-28 06:40:00,763.16,763.75,763.16,763.41,36.175
2026-09-28 06:41:00,763.41,764.08,763.41,764.08,148.14
2026-09-28 06:42:00,764.08,764.76,764.08,764.76,133.141
2026-09-28 06:43:00,764.76,765.0,764.69,764.69,51.651
2026-09-28 06:44:00,764.69,764.69,764.26,764.26,16.779
2026-09-28 06:45:00,764.26,764.54,764.03,764.54,46.302
2026-09-28 06:46:00,764.54,764.79,764.45,764.45,31.447
2026-09-28 06:47:00,764.44,764.44,763.88,763.91,32.026
2026-09-28 06:48:00,763.92,763.92,763.65,763.86,41.38
2026-09-28 06:49:00,763.85,763.92,763.79,763.91,51.861
2026-09-28 06:50:00,763.91,763.95,763.82,763.86,19.154
2026-09-28 06:51:00,763.85,764.04,763.62,763.62,49.332
2026-09-28 06:52:00,763.63,763.88,763.62,763.88,32.039
2026-09-28 06:53:00,763.88,764.28,763.84,764.28,63.773
2026-09-28 06:54:00,764.28,764.28,763.55,763.55,95.574
2026-09-28 06:55:00,763.56,763.64,763.21,763.21,48.316
2026-09-28 06:56:00,763.21,763.38,763.12,763.3,127.901
2026-09-28 06:57:00,763.31,763.39,763.09,763.39,52.705
2026-09-28 06:58:00,763.39,763.59,763.34,763.42,128.216
2026-09-28 06:59:00,763.42,763.72,763.4,763.72,27.942
2026-09-28 07:00:00,763.72,764.6,763.71,764.6,76.311
2026-09-28 07:01:00,764.6,765.31,764.31,765.31,149.181
2026-09-28 07:02:00,765.31,765.49,765.17,765.49,25.683
2026-09-28 07:03:00,765.48,765.66,765.03,765.21,97.226
2026-09-28 07:04:00,765.23,765.26,764.67,765.18,42.113
2026-09-28 07:05:00,765.17,765.17,764.25,764.25,36.992
2026-09-28 07:06:00,764.25,764.33,764.04,764.05,23.93
2026-09-28 07:07:00,764.05,764.28,763.81,763.82,71.261
2026-09-28 07:08:00,763.82,763.82,763.47,763.68,80.03
2026-09-28 07:09:00,763.68,763.91,763.64,763.82,18.106
2026-09-28 07:10:00,763.8,764.15,763.7,763.7,31.614
2026-09-28 07:11:00,763.7,763.83,763.65,763.79,62.203
2026-09-28 07:12:00,763.79,763.79,763.17,763.18,73.883
2026-09-28 07:13:00,763.18,763.18,762.94,762.94,57.952
2026-09-28 07:14:00,762.95,763.27,762.79,763.27,86.739
2026-09-28 07:15:00,763.28,763.61,763.19,763.6,29.284
2026-09-28 07:16:00,763.61,763.87,763.01,763.41,331.195
2026-09-28 07:17:00,763.41,763.69,763.13,763.13,155.381
2026-09-28 07:18:00,763.13,763.51,763.08,763.34,27.378
2026-09-28 07:19:00,763.35,763.74,763.35,763.55,40.544
2026-09-28 07:20:00,763.56,763.79,763.38,763.39,150.444
2026-09-28 07:21:00,763.39,763.39,762.85,763.02,414.494
2026-09-28 07:22:00,763.01,763.02,762.16,762.17,67.013
2026-09-28 07:23:00,762.16,762.16,761.54,761.55,172.137
2026-09-28 07:24:00,761.54,761.65,761.13,761.14,97.162
2026-09-28 07:25:00,761.14,762.05,761.1,761.66,134.097
2026-09-28 07:26:00,761.65,761.66,761.17,761.18,50.557
2026-09-28 07:27:00,761.18,761.41,761.01,761.02,125.094
2026-09-28 07:28:00,761.02,761.25,760.96,761.2,321.445
2026-09-28 07:29:00,761.21,761.36,761.2,761.33,98.337
2026-09-28 07:30:00,761.34,761.78,761.33,761.5,135.577
2026-09-28 07:31:00,761.5,761.66,761.13,761.14,49.298
2026-09-28 07:32:00,761.14,761.67,760.96,761.05,61.731
2026-09-28 07:33:00,761.05,761.05,760.54,760.88,155.185
2026-09-28 07:34:00,760.89,760.89,759.33,760.69,1385.371
2026-09-28 07:35:00,760.7,761.46,760.69,761.14,162.777
2026-09-28 07:36:00,761.14,761.78,761.14,761.49,62.323
2026-09-28 07:37:00,761.48,761.67,761.27,761.66,53.934
2026-09-28 07:38:00,761.67,761.67,760.95,761.01,57.988
2026-09-28 07:39:00,761.01,761.22,760.89,760.96,48.826
2026-09-28 07:40:00,760.97,761.81,760.97,761.8,75.545
2026-09-28 07:41:00,761.79,761.95,761.46,761.48,53.605
2026-09-28 07:42:00,761.48,761.48,760.99,761.05,48.926
2026-09-28 07:43:00,761.05,761.05,760.48,760.48,69.878
2026-09-28 07:44:00,760.49,760.66,760.38,760.59,68.033
2026-09-28 07:45:00,760.59,760.93,760.56,760.6,236.994
2026-09-28 07:46:00,760.59,760.87,760.47,760.6,55.621
2026-09-28 07:47:00,760.6,760.85,760.51,760.81,140.04
2026-09-28 07:48:00,760.81,761.43,760.75,761.33,73.193
2026-09-28 07:49:00,761.33,761.33,760.44,760.65,136.707
2026-09-28 07:50:00,760.65,760.8,760.4,760.8,65.699
2026-09-28 07:51:00,760.8,760.82,760.66,760.76,26.023
2026-09-28 07:52:00,760.76,760.76,760.19,760.2,49.27
2026-09-28 07:53:00,760.21,760.21,759.62,759.96,247.018
2026-09-28 07:54:00,759.96,760.25,759.92,760.25,180.038
2026-09-28 07:55:00,760.25,761.62,760.25,761.61,99.414
2026-09-28 07:56:00,761.62,761.98,761.44,761.52,197.203
2026-09-28 07:57:00,761.52,761.55,760.74,760.74,60.195
2026-09-28 07:58:00,760.74,760.95,760.49,760.85,98.203
2026-09-28 07:59:00,760.84,760.85,760.41,760.41,66.929
2026-09-28 08:00:00,760.41,761.13,759.86,761.12,78.915
2026-09-28 08:01:00,761.13,761.99,761.13,761.99,98.06
2026-09-28 08:02:00,761.99,763.03,761.99,763.03,268.825
2026-09-28 08:03:00,763.02,763.54,762.22,762.23,145.607
2026-09-28 08:04:00,762.22,762.92,762.2,762.66,118.984
2026-09-28 08:05:00,762.67,762.67,761.99,761.99,37.373
2026-09-28 08:06:00,761.99,762.28,761.92,762.02,22.959
2026-09-28 08:07:00,762.01,762.4,761.66,761.67,43.691
2026-09-28 08:08:00,761.67,762.6,761.67,762.39,46.973
2026-09-28 08:09:00,762.38,762.65,762.13,762.48,117.346
2026-09-28 08:10:00,762.48,762.68,762.17,762.61,26.672
2026-09-28 08:11:00,762.62,763.0,762.59,762.82,41.102
2026-09-28 08:12:00,762.81,762.89,762.63,762.89,75.53
2026-09-28 08:13:00,762.88,763.14,762.78,763.14,39.468
2026-09-28 08:14:00,763.14,763.5,763.13,763.5,41.808
2026-09-28 08:15:00,763.5,763.69,763.22,763.45,110.871
2026-09-28 08:16:00,763.45,763.96,763.43,763.96,52.713
2026-09-28 08:17:00,763.97,764.0,763.53,763.62,19.71
2026-09-28 08:18:00,763.62,763.75,763.2,763.23,86.855
2026-09-28 08:19:00,763.22,763.5,763.13,763.36,14.433
2026-09-28 08:20:00,763.37,763.51,763.2,763.22,52.75
2026-09-28 08:21:00,763.21,763.38,763.12,763.12,69.566
2026-09-28 08:22:00,763.12,763.13,762.81,762.97,41.921
2026-09-28 08:23:00,762.97,763.09,762.46,762.59,40.685
2026-09-28 08:24:00,762.59,762.6,762.0,762.07,41.207
2026-09-28 08:25:00,762.06,762.5,762.06,762.39,61.869
2026-09-28 08:26:00,762.38,763.11,762.34,763.07,204.702
2026-09-28 08:27:00,763.07,763.24,762.35,762.35,81.395
2026-09-28 08:28:00,762.34,762.72,762.34,762.56,12.739
2026-09-28 08:29:00,762.57,762.69,762.48,762.61,82.785
2026-09-28 08:30:00,762.62,763.07,762.62,762.74,25.818
2026-09-28 08:31:00,762.73,762.93,762.73,762.93,18.96
2026-09-28 08:32:00,762.93,763.19,762.92,763.14,34.103
2026-09-28 08:33:00,763.13,763.4,763.05,763.18,62.433
2026-09-28 08:34:00,763.18,763.2,762.7,762.97,41.388
2026-09-28 08:35:00,762.98,763.22,762.98,763.03,21.66
2026-09-28 08:36:00,763.04,763.04,762.02,762.23,90.939
2026-09-28 08:37:00,762.24,762.24,761.63,761.64,57.242
2026-09-28 08:38:00,761.64,762.01,761.11,761.98,120.357
2026-09-28 08:39:00,761.98,761.98,761.33,761.75,27.829
2026-09-28 08:40:00,761.75,762.11,761.61,761.61,94.519
2026-09-28 08:41:00,761.6,761.6,761.08,761.59,28.38
2026-09-28 08:42:00,761.59,761.6,761.02,761.4,44.181
2026-09-28 08:43:00,761.4,761.49,761.22,761.28,38.166
2026-09-28 08:44:00,761.28,761.94,761.27,761.77,110.204
2026-09-28 08:45:00,761.76,761.83,761.55,761.71,33.055
2026-09-28 08:46:00,761.72,761.94,761.5,761.73,65.879
2026-09-28 08:47:00,761.79,762.07,761.79,762.04,22.86
2026-09-28 08:48:00,762.05,762.05,761.75,761.8,40.451
2026-09-28 08:49:00,761.81,761.88,761.69,761.69,32.756
2026-09-28 08:50:00,761.69,762.13,761.69,762.13,41.395
2026-09-28 08:51:00,762.13,762.85,762.12,762.85,21.797
2026-09-28 08:52:00,762.85,762.85,762.33,762.75,48.128
2026-09-28 08:53:00,762.76,763.11,762.76,762.88,40.335
2026-09-28 08:54:00,762.88,762.97,762.46,762.46,97.377
2026-09-28 08:55:00,762.46,762.56,762.17,762.39,46.033
2026-09-28 08:56:00,762.38,762.7,762.28,762.55,100.598
2026-09-28 08:57:00,762.54,762.66,762.47,762.66,56.502
2026-09-28 08:58:00,762.66,762.76,762.27,762.28,51.305
2026-09-28 08:59:00,762.28,762.39,762.27,762.29,16.52
2026-09-28 09:00:00,762.29,762.87,762.28,762.7,65.761
2026-09-28 09:01:00,762.7,762.7,761.95,761.95,87.691
2026-09-28 09:02:00,761.95,761.95,760.1,760.1,126.931
2026-09-28 09:03:00,760.1,760.11,759.13,759.46,314.543
2026-09-28 09:04:00,759.46,759.6,759.13,759.47,187.034
2026-09-28 09:05:00,759.46,759.76,759.28,759.55,127.021
2026-09-28 09:06:00,759.56,759.56,758.86,758.99,367.355
2026-09-28 09:07:00,759.0,759.95,758.8,759.28,189.9
2026-09-28 09:08:00,759.29,759.56,758.81,759.03,163.296
2026-09-28 09:09:00,759.03,759.36,758.51,758.52,119.223
2026-09-28 09:10:00,758.52,758.98,758.51,758.97,47.369
2026-09-28 09:11:00,758.97,759.87,758.96,759.52,140.841
2026-09-28 09:12:00,759.52,760.0,759.52,759.79,81.304
2026-09-28 09:13:00,759.78,760.55,759.73,760.55,83.557
2026-09-28 09:14:00,760.55,761.25,760.55,761.23,77.114
2026-09-28 09:15:00,761.23,762.37,761.01,762.33,147.223
2026-09-28 09:16:00,762.33,762.58,761.32,761.42,78.076
2026-09-28 09:17:00,761.41,761.82,760.9,761.46,113.612
2026-09-28 09:18:00,761.46,761.84,761.44,761.74,51.807
2026-09-28 09:19:00,761.73,762.6,761.73,762.51,68.211
2026-09-28 09:20:00,762.52,762.83,762.14,762.18,181.264
2026-09-28 09:21:00,762.19,763.05,762.18,762.75,100.719
2026-09-28 09:22:00,762.75,762.78,762.28,762.34,33.563
2026-09-28 09:23:00,762.34,762.49,762.05,762.17,72.672
2026-09-28 09:24:00,762.18,762.18,761.52,761.68,28.334
2026-09-28 09:25:00,761.68,761.72,761.5,761.52,22.472
2026-09-28 09:26:00,761.52,761.52,760.81,760.82,73.777
2026-09-28 09:27:00,760.81,760.82,760.29,760.38,66.33
2026-09-28 09:28:00,760.38,760.7,760.37,760.68,40.875
2026-09-28 09:29:00,760.68,760.95,760.36,760.82,59.293
2026-09-28 09:30:00,760.83,761.19,760.74,761.19,35.991
2026-09-28 09:31:00,761.18,761.19,760.85,760.86,36.315
2026-09-28 09:32:00,760.86,761.15,760.8,761.02,49.379
2026-09-28 09:33:00,761.01,761.01,760.62,760.64,54.071
2026-09-28 09:34:00,760.63,760.64,760.03,760.08,151.027
2026-09-28 09:35:00,760.07,760.17,760.0,760.11,33.604
2026-09-28 09:36:00,760.12,760.12,759.63,759.67,65.091
2026-09-28 09:37:00,759.67,759.86,759.55,759.55,63.198
2026-09-28 09:38:00,759.55,759.72,759.0,759.15,37.155
2026-09-28 09:39:00,759.16,759.71,759.16,759.38,45.707
2026-09-28 09:40:00,759.38,759.55,759.21,759.55,75.945
2026-09-28 09:41:00,759.56,759.75,759.44,759.75,49.616
2026-09-28 09:42:00,759.74,759.74,759.2,759.65,88.764
2026-09-28 09:43:00,759.66,759.9,759.48,759.49,57.932
2026-09-28 09:44:00,759.5,759.5,758.82,758.83,231.51
2026-09-28 09:45:00,758.82,759.24,758.38,758.45,382.558
2026-09-28 09:46:00,758.45,758.65,758.15,758.3,219.153
2026-09-28 09:47:00,758.3,758.53,758.3,758.52,47.368
2026-09-28 09:48:00,758.53,758.7,758.49,758.69,152.961
2026-09-28 09:49:00,758.69,759.3,758.63,759.09,1304.227
2026-09-28 09:50:00,759.1,760.0,759.1,759.93,206.291
2026-09-28 09:51:00,759.93,759.93,759.53,759.56,86.007
2026-09-28 09:52:00,759.56,759.68,759.22,759.22,17.984
2026-09-28 09:53:00,759.22,759.25,759.08,759.1,117.454
2026-09-28 09:54:00,759.11,759.38,759.08,759.1,170.762
2026-09-28 09:55:00,759.11,759.37,759.11,759.37,48.899
2026-09-28 09:56:00,759.37,759.37,758.97,759.33,264.428
2026-09-28 09:57:00,759.32,759.66,759.32,759.59,131.454
2026-09-28 09:58:00,759.59,759.76,759.58,759.74,114.668
2026-09-28 09:59:00,759.74,759.75,759.52,759.64,40.636
2026-09-28 10:00:00,759.64,760.83,759.64,760.75,101.737
2026-09-28 10:01:00,760.75,760.75,760.27,760.59,79.215
2026-09-28 10:02:00,760.6,761.02,760.53,760.91,84.943
2026-09-28 10:03:00,760.91,761.58,760.9,761.45,85.013
2026-09-28 10:04:00,761.45,761.72,761.35,761.36,62.365
2026-09-28 10:05:00,761.35,761.35,760.62,760.74,36.404
2026-09-28 10:06:00,760.74,761.36,760.43,761.29,140.004
2026-09-28 10:07:00,761.28,761.28,760.69,760.69,46.103
2026-09-28 10:08:00,760.67,760.67,760.23,760.31,40.079
2026-09-28 10:09:00,760.3,760.52,760.28,760.47,32.877
2026-09-28 10:10:00,760.48,760.48,760.04,760.05,53.136
2026-09-28 10:11:00,760.04,760.24,759.81,759.99,84.763
2026-09-28 10:12:00,759.99,760.54,759.79,760.0,106.523
2026-09-28 10:13:00,760.0,760.27,759.89,760.0,33.244
2026-09-28 10:14:00,760.0,760.27,759.89,760.27,67.984
2026-09-28 10:15:00,760.28,760.83,760.27,760.83,39.235
2026-09-28 10:16:00,760.83,760.95,760.66,760.89,97.817
2026-09-28 10:17:00,760.89,761.06,760.56,760.56,144.045
2026-09-28 10:18:00,760.56,760.9,760.26,760.55,109.26
2026-09-28 10:19:00,760.56,760.77,760.28,760.28,37.781
2026-09-28 10:20:00,760.28,760.39,760.05,760.18,50.045
2026-09-28 10:21:00,760.18,760.42,760.12,760.27,43.296
2026-09-28 10:22:00,760.28,760.49,760.16,760.22,25.998
2026-09-28 10:23:00,760.22,760.33,760.04,760.33,27.982
2026-09-28 10:24:00,760.33,760.94,760.31,760.94,71.993
2026-09-28 10:25:00,760.93,761.36,760.93,761.29,39.507
2026-09-28 10:26:00,761.29,761.5,761.2,761.35,119.77
2026-09-28 10:27:00,761.35,761.36,760.41,760.47,221.808
2026-09-28 10:28:00,760.48,760.91,760.47,760.83,63.6
2026-09-28 10:29:00,760.84,760.84,760.36,760.83,113.741
2026-09-28 10:30:00,760.84,760.94,760.5,760.61,81.918
2026-09-28 10:31:00,760.6,761.14,760.6,761.13,89.688
2026-09-28 10:32:00,761.14,761.21,760.74,761.16,57.612
2026-09-28 10:33:00,761.16,761.5,761.02,761.5,34.268
2026-09-28 10:34:00,761.49,761.85,761.49,761.72,54.64
2026-09-28 10:35:00,761.71,762.0,761.71,761.99,40.665
2026-09-28 10:36:00,762.0,762.0,761.91,762.0,45.898
2026-09-28 10:37:00,762.0,762.31,761.99,762.22,181.415
2026-09-28 10:38:00,762.22,762.3,762.04,762.28,98.914
2026-09-28 10:39:00,762.28,762.5,762.28,762.34,85.993
2026-09-28 10:40:00,762.34,762.48,762.04,762.07,115.471
2026-09-28 10:41:00,762.07,762.27,762.0,762.16,56.753
2026-09-28 10:42:00,762.17,762.37,762.03,762.17,71.641
2026-09-28 10:43:00,762.17,762.29,762.15,762.29,51.457
2026-09-28 10:44:00,762.29,762.29,762.16,762.26,62.126
2026-09-28 10:45:00,762.26,762.26,761.88,762.03,35.153
2026-09-28 10:46:00,762.03,762.25,761.8,761.88,33.809
2026-09-28 10:47:00,761.87,762.08,761.62,761.71,36.151
2026-09-28 10:48:00,761.71,761.71,761.25,761.4,81.092
2026-09-28 10:49:00,761.41,761.83,761.33,761.48,56.659
2026-09-28 10:50:00,761.49,761.61,761.37,761.46,66.822
2026-09-28 10:51:00,761.47,761.61,761.42,761.43,49.542
2026-09-28 10:52:00,761.42,762.38,761.42,762.24,119.763
2026-09-28 10:53:00,762.23,762.24,761.75,761.76,37.895
2026-09-28 10:54:00,761.75,761.85,761.56,761.56,81.129
2026-09-28 10:55:00,761.56,761.57,761.25,761.5,59.411
2026-09-28 10:56:00,761.5,761.67,761.35,761.54,106.443
2026-09-28 10:57:00,761.54,761.67,761.43,761.43,37.628
2026-09-28 10:58:00,761.44,761.49,761.43,761.49,42.565
2026-09-28 10:59:00,761.48,761.49,761.44,761.45,74.608
2026-09-28 11:00:00,761.45,762.55,761.44,762.33,161.698
2026-09-28 11:01:00,762.32,763.08,762.18,762.54,118.99
2026-09-28 11:02:00,762.54,762.83,762.4,762.83,28.56
2026-09-28 11:03:00,762.82,763.18,762.69,762.9,49.971
2026-09-28 11:04:00,762.89,762.97,762.41,762.82,141.199
2026-09-28 11:05:00,762.83,763.18,762.74,763.01,26.386
2026-09-28 11:06:00,763.01,763.43,763.0,763.35,55.953
2026-09-28 11:07:00,763.34,763.5,763.15,763.24,58.571
2026-09-28 11:08:00,763.24,763.43,763.13,763.14,44.641
2026-09-28 11:09:00,763.13,763.22,763.0,763.0,46.349
2026-09-28 11:10:00,763.0,763.01,762.84,762.97,51.362
2026-09-28 11:11:00,762.96,762.97,762.7,762.7,23.162
2026-09-28 11:12:00,762.71,762.84,762.58,762.83,29.161
2026-09-28 11:13:00,762.83,763.19,762.7,763.01,126.861
2026-09-28 11:14:00,763.02,763.18,762.87,763.18,28.167
2026-09-28 11:15:00,763.17,763.38,763.07,763.25,44.122
2026-09-28 11:16:00,763.26,763.5,762.71,763.2,192.818
2026-09-28 11:17:00,763.19,763.64,763.19,763.64,99.391
2026-09-28 11:18:00,763.64,763.68,763.23,763.23,43.923
2026-09-28 11:19:00,763.24,763.24,762.91,763.15,28.227
2026-09-28 11:20:00,763.15,763.16,762.58,762.81,100.103
2026-09-28 11:21:00,762.82,762.82,762.58,762.66,48.865
2026-09-28 11:22:00,762.67,762.86,762.66,762.83,43.253
2026-09-28 11:23:00,762.83,763.4,762.83,763.4,91.481
2026-09-28 11:24:00,763.39,763.4,763.0,763.11,24.191
2026-09-28 11:25:00,763.12,763.24,762.93,762.93,24.608
2026-09-28 11:26:00,762.94,763.1,762.92,763.07,20.434
2026-09-28 11:27:00,763.06,763.06,762.9,762.95,20.902
2026-09-28 11:28:00,762.96,762.96,762.86,762.91,23.282
2026-09-28 11:29:00,762.91,763.02,762.91,763.01,29.187
2026-09-28 11:30:00,763.02,763.15,762.87,762.88,45.078
2026-09-28 11:31:00,762.87,763.02,762.87,762.95,49.327
2026-09-28 11:32:00,762.95,762.99,762.87,762.88,13.95
2026-09-28 11:33:00,762.88,762.88,762.66,762.87,46.101
2026-09-28 11:34:00,762.86,763.04,762.66,763.03,32.144
2026-09-28 11:35:00,763.03,763.17,763.03,763.17,33.982
2026-09-28 11:36:00,763.16,763.31,763.14,763.27,24.801
2026-09-28 11:37:00,763.27,763.5,763.26,763.43,19.317
2026-09-28 11:38:00,763.42,763.57,763.42,763.57,21.482
2026-09-28 11:39:00,763.57,763.71,763.53,763.7,36.924
2026-09-28 11:40:00,763.71,763.78,763.38,763.63,147.943
2026-09-28 11:41:00,763.63,763.79,763.62,763.78,46.201
2026-09-28 11:42:00,763.78,763.79,763.46,763.57,40.785
2026-09-28 11:43:00,763.56,763.92,763.53,763.7,77.815
2026-09-28 11:44:00,763.7,763.71,763.57,763.57,29.926
2026-09-28 11:45:00,763.58,763.58,763.38,763.39,38.369
2026-09-28 11:46:00,763.39,763.39,763.1,763.1,18.448
2026-09-28 11:47:00,763.1,763.27,763.1,763.17,57.644
2026-09-28 11:48:00,763.17,763.38,763.15,763.23,31.519
2026-09-28 11:49:00,763.23,763.23,763.15,763.16,22.536
2026-09-28 11:50:00,763.15,763.16,762.87,762.98,166.476
2026-09-28 11:51:00,762.98,763.1,762.97,763.07,44.452
2026-09-28 11:52:00,763.07,763.19,762.92,763.02,54.066
2026-09-28 11:53:00,763.01,763.02,762.7,762.71,34.494
2026-09-28 11:54:00,762.71,762.71,762.67,762.7,18.831
2026-09-28 11:55:00,762.7,762.99,762.7,762.99,70.569
2026-09-28 11:56:00,763.0,763.61,762.99,763.53,55.724
2026-09-28 11:57:00,763.53,763.69,763.52,763.69,70.809
2026-09-28 11:58:00,763.69,763.76,763.68,763.76,29.583
2026-09-28 11:59:00,763.76,763.9,763.7,763.85,62.522
2026-09-28 12:00:00,763.85,763.86,763.6,763.86,60.979
2026-09-28 12:01:00,763.86,764.02,763.6,763.85,44.171
2026-09-28 12:02:00,763.86,763.86,763.38,763.65,117.34
2026-09-28 12:03:00,763.65,763.65,763.5,763.62,13.283
2026-09-28 12:04:00,763.61,765.09,763.61,765.04,266.022
2026-09-28 12:05:00,765.01,766.0,764.91,765.99,218.981
2026-09-28 12:06:00,765.98,767.52,765.85,767.01,298.588
2026-09-28 12:07:00,767.0,767.69,766.66,767.55,105.475
2026-09-28 12:08:00,767.55,767.7,766.62,767.17,67.977
2026-09-28 12:09:00,767.17,768.0,767.16,768.0,79.927
2026-09-28 12:10:00,768.0,768.44,767.69,767.69,131.799
2026-09-28 12:11:00,767.69,768.49,767.54,767.98,182.424
2026-09-28 12:12:00,767.97,767.97,767.41,767.7,55.177
2026-09-28 12:13:00,767.69,767.81,767.38,767.64,74.59
2026-09-28 12:14:00,767.66,768.19,767.66,768.18,112.231
2026-09-28 12:15:00,768.18,768.18,767.67,767.76,50.632
2026-09-28 12:16:00,767.75,768.31,767.49,768.31,79.559
2026-09-28 12:17:00,768.31,770.73,768.25,769.01,1391.579
2026-09-28 12:18:00,769.0,769.9,768.59,768.6,299.287
2026-09-28 12:19:00,768.6,769.34,767.46,768.63,1221.206
2026-09-28 12:20:00,768.62,769.11,768.48,768.94,79.876
2026-09-28 12:21:00,768.93,768.95,768.37,768.38,104.507
2026-09-28 12:22:00,768.37,768.48,767.98,767.98,103.943
2026-09-28 12:23:00,767.99,768.18,767.85,768.17,53.716
2026-09-28 12:24:00,768.17,768.35,767.98,768.04,18.568
2026-09-28 12:25:00,768.05,768.05,767.49,767.5,29.633
2026-09-28 12:26:00,767.5,768.64,767.49,768.24,150.319
2026-09-28 12:27:00,768.24,768.57,768.24,768.52,19.492
2026-09-28 12:28:00,768.52,768.68,768.26,768.27,69.003
2026-09-28 12:29:00,768.26,768.6,768.22,768.39,21.484
2026-09-28 12:30:00,768.4,768.49,768.08,768.21,89.846
2026-09-28 12:31:00,768.22,768.4,768.01,768.01,22.096
2026-09-28 12:32:00,768.02,768.16,767.91,768.15,62.409
2026-09-28 12:33:00,768.16,768.6,768.15,768.6,26.939
2026-09-28 12:34:00,768.59,769.12,768.56,769.11,155.814
2026-09-28 12:35:00,769.12,769.19,768.87,769.13,59.37
2026-09-28 12:36:00,769.12,769.12,768.59,768.88,39.328
2026-09-28 12:37:00,768.88,768.88,768.47,768.49,36.623
2026-09-28 12:38:00,768.49,768.49,768.04,768.04,11.949
2026-09-28 12:39:00,768.04,768.14,767.92,767.93,17.855
2026-09-28 12:40:00,767.94,767.97,767.25,767.34,82.989
2026-09-28 12:41:00,767.35,767.7,767.35,767.54,31.852
2026-09-28 12:42:00,767.55,767.62,767.46,767.54,42.026
2026-09-28 12:43:00,767.54,767.69,767.38,767.38,76.564
2026-09-28 12:44:00,767.38,767.91,767.38,767.91,36.684
2026-09-28 12:45:00,767.91,769.0,767.91,769.0,69.276
2026-09-28 12:46:00,769.01,769.59,769.01,769.36,67.538
2026-09-28 12:47:00,769.35,769.35,768.73,768.87,44.531
2026-09-28 12:48:00,768.86,769.3,768.67,769.09,21.677
2026-09-28 12:49:00,769.1,769.25,768.92,769.0,31.25
2026-09-28 12:50:00,769.0,769.18,768.85,768.86,28.726
2026-09-28 12:51:00,768.85,769.02,768.72,768.85,34.1
2026-09-28 12:52:00,768.84,769.69,768.79,769.63,23.888
2026-09-28 12:53:00,769.61,769.85,769.26,769.85,36.098
2026-09-28 12:54:00,769.84,769.99,769.53,769.84,111.899
2026-09-28 12:55:00,769.86,770.36,769.44,769.61,171.737
2026-09-28 12:56:00,769.62,769.63,769.5,769.62,35.342
2026-09-28 12:57:00,769.63,770.27,769.38,770.15,68.111
2026-09-28 12:58:00,770.14,770.14,769.86,769.94,34.332
2026-09-28 12:59:00,769.95,769.95,769.6,769.62,48.229
2026-09-28 13:00:00,769.62,769.62,768.24,768.25,70.753
2026-09-28 13:01:00,768.25,768.31,767.96,768.04,193.283
2026-09-28 13:02:00,768.06,768.06,767.56,767.57,90.585
2026-09-28 13:03:00,767.56,767.57,767.1,767.2,139.609
2026-09-28 13:04:00,767.19,767.2,767.07,767.07,90.749
2026-09-28 13:05:00,767.06,767.11,766.47,766.48,265.689
2026-09-28 13:06:00,766.48,766.8,766.45,766.48,185.464
2026-09-28 13:07:00,766.48,766.81,766.47,766.74,150.981
2026-09-28 13:08:00,766.74,767.06,766.5,766.54,44.647
2026-09-28 13:09:00,766.55,766.55,766.24,766.24,93.494
2026-09-28 13:10:00,766.24,766.25,765.71,765.83,143.204
2026-09-28 13:11:00,765.83,766.15,765.81,766.0,151.027
2026-09-28 13:12:00,766.01,766.12,765.63,765.64,181.323
2026-09-28 13:13:00,765.63,765.72,765.22,765.23,347.923
2026-09-28 13:14:00,765.22,765.72,765.22,765.57,169.16
2026-09-28 13:15:00,765.57,765.74,765.5,765.62,189.762
2026-09-28 13:16:00,765.61,765.74,765.39,765.46,267.603
2026-09-28 13:17:00,765.45,766.13,765.45,765.74,285.838
2026-09-28 13:18:00,765.73,765.73,765.19,765.24,151.132
2026-09-28 13:19:00,765.24,765.24,764.88,765.12,265.292
2026-09-28 13:20:00,765.12,765.18,764.85,765.04,102.067
2026-09-28 13:21:00,765.04,765.27,764.89,765.01,227.519
2026-09-28 13:22:00,765.0,765.15,764.9,764.92,107.542
2026-09-28 13:23:00,764.91,764.91,764.76,764.77,188.127
2026-09-28 13:24:00,764.77,765.15,764.76,765.0,255.249
2026-09-28 13:25:00,764.99,765.79,764.99,765.7,193.426
2026-09-28 13:26:00,765.7,765.85,765.38,765.38,152.608
2026-09-28 13:27:00,765.37,765.83,765.33,765.83,97.633
2026-09-28 13:28:00,765.82,765.82,765.5,765.69,176.885
2026-09-28 13:29:00,765.68,765.94,765.6,765.78,77.145
2026-09-28 13:30:00,765.79,767.34,765.74,765.74,283.321
2026-09-28 13:31:00,765.73,766.48,765.11,765.72,141.201
2026-09-28 13:32:00,765.72,765.94,765.28,765.4,197.559
2026-09-28 13:33:00,765.39,765.93,765.06,765.73,139.512
2026-09-28 13:34:00,765.72,766.44,765.49,766.2,107.945
2026-09-28 13:35:00,766.21,766.74,765.3,765.3,78.349
2026-09-28 13:36:00,765.28,765.65,764.71,765.36,135.591
2026-09-28 13:37:00,765.36,766.7,765.36,766.28,127.05
2026-09-28 13:38:00,766.28,767.48,766.28,767.43,101.525
2026-09-28 13:39:00,767.43,768.13,767.43,767.51,186.693
2026-09-28 13:40:00,767.51,767.6,766.91,767.6,30.067
2026-09-28 13:41:00,767.59,768.0,767.17,767.26,128.249
2026-09-28 13:42:00,767.26,767.88,767.26,767.7,46.971
2026-09-28 13:43:00,767.7,767.83,767.57,767.66,27.049
2026-09-28 13:44:00,767.66,767.73,767.13,767.67,147.347
2026-09-28 13:45:00,767.68,767.83,767.6,767.63,56.155
2026-09-28 13:46:00,767.62,767.91,767.07,767.91,108.264
2026-09-28 13:47:00,767.92,768.23,767.69,767.86,67.698
2026-09-28 13:48:00,767.86,768.21,767.81,767.94,129.42
2026-09-28 13:49:00,767.94,767.94,766.94,766.94,38.46
2026-09-28 13:50:00,766.93,766.93,765.86,766.37,81.361
2026-09-28 13:51:00,766.37,766.59,765.98,766.2,33.488
2026-09-28 13:52:00,766.2,766.96,766.1,766.71,54.397
2026-09-28 13:53:00,766.72,767.46,766.72,767.31,35.474
2026-09-28 13:54:00,767.39,768.18,767.32,768.15,56.829
2026-09-28 13:55:00,768.16,768.53,767.66,767.66,95.682
2026-09-28 13:56:00,767.65,767.65,767.03,767.4,58.807
2026-09-28 13:57:00,767.41,767.55,767.26,767.27,41.672
2026-09-28 13:58:00,767.27,767.27,766.68,766.69,45.096
2026-09-28 13:59:00,766.69,766.98,766.63,766.65,33.937
2026-09-28 14:00:00,766.65,766.65,765.57,765.57,69.931
2026-09-28 14:01:00,765.58,765.58,764.9,764.9,97.812
2026-09-28 14:02:00,764.9,765.68,764.89,765.55,51.856
2026-09-28 14:03:00,765.54,765.54,764.72,764.73,69.893
2026-09-28 14:04:00,764.73,764.73,764.2,764.21,76.723
2026-09-28 14:05:00,764.21,764.81,764.21,764.21,58.18
2026-09-28 14:06:00,764.2,764.88,763.82,764.88,73.992
2026-09-28 14:07:00,764.88,765.44,764.72,765.32,61.73
2026-09-28 14:08:00,765.32,765.58,765.05,765.06,42.89
2026-09-28 14:09:00,765.06,765.15,764.6,764.68,41.36
2026-09-28 14:10:00,764.68,764.86,764.48,764.53,39.566
2026-09-28 14:11:00,764.52,765.29,764.32,765.29,60.24
2026-09-28 14:12:00,765.29,765.29,764.8,765.02,65.938
2026-09-28 14:13:00,765.05,765.05,764.4,764.51,43.153
2026-09-28 14:14:00,764.5,764.5,763.54,763.68,67.863
2026-09-28 14:15:00,763.68,763.78,762.93,762.93,223.891
2026-09-28 14:16:00,762.93,763.12,762.58,763.03,171.456
2026-09-28 14:17:00,763.04,763.99,762.99,763.21,80.871
2026-09-28 14:18:00,763.2,763.23,762.04,762.36,615.855
2026-09-28 14:19:00,762.35,763.32,762.29,763.17,99.765
2026-09-28 14:20:00,763.17,763.67,762.74,763.67,55.837
2026-09-28 14:21:00,763.67,764.02,763.67,763.97,53.788
2026-09-28 14:22:00,763.97,765.07,763.96,765.07,86.005
2026-09-28 14:23:00,765.07,765.21,764.54,764.78,131.201
2026-09-28 14:24:00,764.78,765.05,764.55,765.05,30.56
2026-09-28 14:25:00,765.05,765.25,764.62,764.72,41.636
2026-09-28 14:26:00,764.72,764.73,763.69,763.74,45.738
2026-09-28 14:27:00,763.74,763.78,762.4,762.41,137.329
2026-09-28 14:28:00,762.4,762.41,761.08,761.1,288.351
2026-09-28 14:29:00,761.09,761.09,759.1,760.44,503.883
2026-09-28 14:30:00,760.43,761.47,760.29,761.35,267.581
2026-09-28 14:31:00,761.35,761.39,759.62,759.66,105.447
2026-09-28 14:32:00,759.65,761.37,759.62,760.75,154.235
2026-09-28 14:33:00,760.76,761.84,760.52,761.28,154.415
2026-09-28 14:34:00,761.26,761.87,761.18,761.72,69.265
2026-09-28 14:35:00,761.73,762.27,761.19,762.27,150.687
2026-09-28 14:36:00,762.28,762.87,762.28,762.29,78.401
2026-09-28 14:37:00,762.31,762.97,762.13,762.18,56.383
2026-09-28 14:38:00,762.18,762.18,761.15,761.38,103.148
2026-09-28 14:39:00,761.38,762.81,761.3,762.29,96.267
2026-09-28 14:40:00,762.29,762.42,761.73,761.85,98.206
2026-09-28 14:41:00,761.86,761.86,760.76,760.88,109.13
2026-09-28 14:42:00,760.87,760.87,759.2,759.46,216.963
2026-09-28 14:43:00,759.48,759.94,758.7,758.71,553.534
2026-09-28 14:44:00,758.71,759.42,758.63,759.23,320.045
2026-09-28 14:45:00,759.23,759.72,758.82,759.47,126.824
2026-09-28 14:46:00,759.48,760.09,759.29,759.94,104.842
2026-09-28 14:47:00,759.95,759.95,758.6,758.67,225.098
2026-09-28 14:48:00,758.67,759.9,758.25,759.78,147.004
2026-09-28 14:49:00,759.78,760.11,759.65,759.84,72.543
2026-09-28 14:50:00,759.85,760.25,759.76,760.06,72.591
2026-09-28 14:51:00,760.08,760.27,757.21,757.26,546.824
2026-09-28 14:52:00,757.26,757.83,756.26,757.54,474.985
2026-09-28 14:53:00,757.54,758.51,756.2,758.36,800.478
2026-09-28 14:54:00,758.36,758.89,758.31,758.32,149.49
2026-09-28 14:55:00,758.31,758.32,757.1,757.91,190.914
2026-09-28 14:56:00,757.9,758.77,757.47,758.71,197.337
2026-09-28 14:57:00,758.7,759.29,758.47,758.98,164.837
2026-09-28 14:58:00,758.98,759.18,758.04,758.35,224.334
2026-09-28 14:59:00,758.36,759.03,758.29,759.02,59.947
2026-09-28 15:00:00,759.03,759.54,758.46,759.09,183.911
2026-09-28 15:01:00,759.09,759.56,758.95,759.13,114.448
2026-09-28 15:02:00,759.13,759.45,758.88,759.44,78.015
2026-09-28 15:03:00,759.44,759.72,759.44,759.48,44.033
2026-09-28 15:04:00,759.48,759.48,758.67,758.81,72.785
2026-09-28 15:05:00,758.81,759.73,758.31,759.72,87.119
2026-09-28 15:06:00,759.72,759.72,759.2,759.59,73.423
2026-09-28 15:07:00,759.6,759.6,758.8,758.91,48.142
2026-09-28 15:08:00,758.91,759.39,758.9,758.93,37.519
2026-09-28 15:09:00,758.94,761.02,758.94,761.01,239.621
2026-09-28 15:10:00,761.02,761.06,760.14,760.21,86.962
2026-09-28 15:11:00,760.15,760.15,758.36,758.37,179.258
2026-09-28 15:12:00,758.37,759.48,758.19,759.19,80.601
2026-09-28 15:13:00,759.19,759.45,758.48,758.78,52.262
2026-09-28 15:14:00,758.77,759.14,758.41,758.73,54.331
2026-09-28 15:15:00,758.72,759.16,758.05,758.85,159.469
2026-09-28 15:16:00,758.85,758.85,758.19,758.31,87.579
2026-09-28 15:17:00,758.32,758.44,757.37,757.39,164.253
2026-09-28 15:18:00,757.39,757.6,757.16,757.59,547.982
2026-09-28 15:19:00,757.6,758.16,757.51,757.56,135.065
2026-09-28 15:20:00,757.59,758.14,757.47,757.88,207.105
2026-09-28 15:21:00,757.89,758.2,757.32,758.2,336.362
2026-09-28 15:22:00,758.2,758.74,757.8,757.8,347.153
2026-09-28 15:23:00,757.81,758.74,757.19,758.67,92.657
2026-09-28 15:24:00,758.61,759.84,758.53,759.11,100.402
2026-09-28 15:25:00,759.07,760.81,758.85,759.81,762.927
2026-09-28 15:26:00,759.8,760.84,759.72,760.84,165.989
2026-09-28 15:27:00,760.85,760.85,760.27,760.42,118.822
2026-09-28 15:28:00,760.43,760.81,760.32,760.8,79.936
2026-09-28 15:29:00,760.81,761.03,760.4,760.53,41.333
2026-09-28 15:30:00,760.54,760.71,760.09,760.42,160.09
2026-09-28 15:31:00,760.43,760.46,759.72,759.83,367.741
2026-09-28 15:32:00,759.84,761.03,759.83,760.9,108.615
2026-09-28 15:33:00,760.9,760.98,760.3,760.3,139.808
2026-09-28 15:34:00,760.3,760.63,760.18,760.63,44.202
2026-09-28 15:35:00,760.64,761.0,760.49,761.0,34.1
2026-09-28 15:36:00,760.99,761.78,760.99,761.77,213.002
2026-09-28 15:37:00,761.76,761.97,761.22,761.96,145.012
2026-09-28 15:38:00,761.97,762.5,761.8,762.32,66.233
2026-09-28 15:39:00,762.32,762.5,761.71,762.49,209.551
2026-09-28 15:40:00,762.5,762.71,761.79,761.89,71.248
2026-09-28 15:41:00,761.89,763.16,761.83,762.9,79.806
2026-09-28 15:42:00,762.9,763.09,762.39,762.48,66.476
2026-09-28 15:43:00,762.48,762.56,762.1,762.1,33.866
2026-09-28 15:44:00,762.11,762.11,761.67,761.9,106.61
2026-09-28 15:45:00,761.9,762.35,761.51,762.29,84.685
2026-09-28 15:46:00,762.3,763.14,762.0,762.46,59.75
2026-09-28 15:47:00,762.47,762.47,762.1,762.41,38.327
2026-09-28 15:48:00,762.4,762.55,762.12,762.21,39.454
2026-09-28 15:49:00,762.21,762.55,762.12,762.55,20.253
2026-09-28 15:50:00,762.55,763.16,762.55,762.97,38.742
2026-09-28 15:51:00,762.97,762.97,762.2,762.24,31.56
2026-09-28 15:52:00,762.24,762.53,761.88,762.29,74.636
2026-09-28 15:53:00,762.32,762.76,762.19,762.56,49.604
2026-09-28 15:54:00,762.56,763.5,762.48,763.5,92.248
2026-09-28 15:55:00,763.49,763.64,763.24,763.24,104.325
2026-09-28 15:56:00,763.25,763.36,763.07,763.31,23.901
2026-09-28 15:57:00,763.31,763.53,763.21,763.21,46.896
2026-09-28 15:58:00,763.22,763.36,763.08,763.08,29.917
2026-09-28 15:59:00,763.08,763.18,762.78,762.78,41.379
2026-09-28 16:00:00,762.78,762.84,762.41,762.72,89.547
2026-09-28 16:01:00,762.72,763.32,762.72,763.05,115.73
2026-09-28 16:02:00,763.05,763.15,762.31,762.38,47.368
2026-09-28 16:03:00,762.37,762.38,761.86,761.94,39.426
2026-09-28 16:04:00,761.94,762.63,761.93,762.5,45.706
2026-09-28 16:05:00,762.5,762.84,762.37,762.38,34.9
2026-09-28 16:06:00,762.38,762.93,762.38,762.92,51.203
2026-09-28 16:07:00,762.91,764.15,762.91,763.77,93.761
2026-09-28 16:08:00,763.77,764.45,763.77,764.28,102.088
2026-09-28 16:09:00,764.28,764.35,763.82,764.35,75.431
2026-09-28 16:10:00,764.34,764.64,764.32,764.44,76.406
2026-09-28 16:11:00,764.43,764.43,764.19,764.21,23.856
2026-09-28 16:12:00,764.21,764.24,763.76,764.15,80.203
2026-09-28 16:13:00,764.16,764.17,764.05,764.17,17.894
2026-09-28 16:14:00,764.17,764.44,764.05,764.21,59.666
2026-09-28 16:15:00,764.22,764.33,763.79,763.92,46.395
2026-09-28 16:16:00,763.92,765.25,763.88,765.24,191.637
2026-09-28 16:17:00,765.25,766.35,765.08,766.32,322.321
2026-09-28 16:18:00,766.32,766.55,765.58,765.58,156.492
2026-09-28 16:19:00,765.58,766.85,765.58,766.85,216.603
2026-09-28 16:20:00,766.86,767.73,766.58,767.41,144.936
2026-09-28 16:21:00,767.4,768.0,767.4,767.67,85.945
2026-09-28 16:22:00,767.68,768.2,767.68,768.06,213.044
2026-09-28 16:23:00,768.05,768.85,767.66,768.72,138.833
2026-09-28 16:24:00,768.72,769.0,768.39,768.8,139.881
2026-09-28 16:25:00,768.8,769.0,768.56,768.83,115.552
2026-09-28 16:26:00,768.83,770.0,768.79,769.94,482.762
2026-09-28 16:27:00,769.94,770.5,769.86,770.42,213.429
2026-09-28 16:28:00,770.43,770.58,770.2,770.41,265.579
2026-09-28 16:29:00,770.41,770.65,769.69,769.94,152.632
2026-09-28 16:30:00,769.95,770.53,769.89,769.97,138.993
2026-09-28 16:31:00,769.96,769.96,769.21,769.5,133.638
2026-09-28 16:32:00,769.5,769.8,768.98,769.11,78.302
2026-09-28 16:33:00,769.11,769.43,769.04,769.21,20.123
2026-09-28 16:34:00,769.21,769.7,769.06,769.07,61.173
2026-09-28 16:35:00,769.08,769.46,768.84,768.88,116.828
2026-09-28 16:36:00,768.87,768.96,768.33,768.68,163.996
2026-09-28 16:37:00,768.67,768.68,768.42,768.5,113.706
2026-09-28 16:38:00,768.51,768.51,768.1,768.1,78.803
2026-09-28 16:39:00,768.1,768.1,767.53,767.7,174.625
2026-09-28 16:40:00,767.71,767.94,767.57,767.59,24.568
2026-09-28 16:41:00,767.59,767.61,766.95,766.95,219.267
2026-09-28 16:42:00,766.95,767.19,766.66,766.99,31.012
2026-09-28 16:43:00,766.98,767.13,766.79,767.01,26.577
2026-09-28 16:44:00,767.02,767.36,767.01,767.24,15.898
2026-09-28 16:45:00,767.23,767.79,767.23,767.47,69.133
2026-09-28 16:46:00,767.47,767.5,767.08,767.21,36.367
2026-09-28 16:47:00,767.22,767.22,766.8,767.03,19.756
2026-09-28 16:48:00,767.02,767.02,766.41,766.42,50.634
2026-09-28 16:49:00,766.42,766.59,766.42,766.53,14.562
2026-09-28 16:50:00,766.53,766.95,766.41,766.81,53.36
2026-09-28 16:51:00,766.8,766.9,766.53,766.87,39.061
2026-09-28 16:52:00,766.85,767.11,766.65,767.11,17.663
2026-09-28 16:53:00,767.1,767.27,766.97,767.27,59.736
2026-09-28 16:54:00,767.26,767.4,767.15,767.36,32.449
2026-09-28 16:55:00,767.36,767.42,767.26,767.32,7.595
2026-09-28 16:56:00,767.31,767.44,766.81,766.82,72.694
2026-09-28 16:57:00,766.82,766.9,766.42,766.75,71.795
2026-09-28 16:58:00,766.76,767.1,766.76,767.04,22.536
2026-09-28 16:59:00,767.04,767.18,766.78,766.99,80.588
2026-09-28 17:00:00,766.99,766.99,766.27,766.28,43.439
2026-09-28 17:01:00,766.28,766.49,766.03,766.03,33.602
2026-09-28 17:02:00,766.04,767.27,766.04,767.27,73.641
2026-09-28 17:03:00,767.26,767.34,765.89,766.31,237.482
2026-09-28 17:04:00,766.3,766.35,766.11,766.23,24.126
2026-09-28 17:05:00,766.23,766.23,766.12,766.2,11.105
2026-09-28 17:06:00,766.2,766.37,765.9,766.35,37.266
2026-09-28 17:07:00,766.35,766.35,765.9,765.9,8.896
2026-09-28 17:08:00,765.89,765.9,765.33,765.43,175.668
2026-09-28 17:09:00,765.43,765.7,765.42,765.61,39.967
2026-09-28 17:10:00,765.61,765.72,765.6,765.72,17.166
2026-09-28 17:11:00,765.72,768.72,765.62,768.61,353.552
2026-09-28 17:12:00,768.63,770.65,768.61,770.45,928.748
2026-09-28 17:13:00,770.45,773.0,770.17,772.68,3268.699
2026-09-28 17:14:00,772.7,773.35,772.32,773.24,266.081
2026-09-28 17:15:00,773.24,773.45,771.7,772.45,189.514
2026-09-28 17:16:00,772.45,773.44,772.34,772.69,500.963
2026-09-28 17:17:00,772.69,772.91,772.04,772.21,118.203
2026-09-28 17:18:00,772.21,772.24,771.46,771.46,50.83
2026-09-28 17:19:00,771.46,771.65,771.18,771.39,40.944
2026-09-28 17:20:00,771.38,771.5,769.78,769.88,2104.511
2026-09-28 17:21:00,769.87,770.56,768.0,769.41,1808.847
2026-09-28 17:22:00,769.41,769.88,769.41,769.75,55.115
2026-09-28 17:23:00,769.75,770.37,769.7,769.74,56.193
2026-09-28 17:24:00,769.75,770.37,769.75,770.14,47.924
2026-09-28 17:25:00,770.14,770.23,770.0,770.23,43.616
2026-09-28 17:26:00,770.23,770.23,769.6,769.6,89.095
2026-09-28 17:27:00,769.61,769.61,768.85,769.18,134.829
2026-09-28 17:28:00,769.18,769.38,769.06,769.22,42.071
2026-09-28 17:29:00,769.21,769.45,769.0,769.09,55.207
2026-09-28 17:30:00,769.09,770.33,769.08,770.19,35.448
2026-09-28 17:31:00,770.2,770.36,769.9,770.36,49.516
2026-09-28 17:32:00,770.36,770.39,770.0,770.36,15.114
2026-09-28 17:33:00,770.35,770.62,770.01,770.01,43.758
2026-09-28 17:34:00,770.01,770.02,769.45,769.53,25.34
2026-09-28 17:35:00,769.52,770.16,769.39,770.15,78.522
2026-09-28 17:36:00,770.15,770.43,770.15,770.35,46.581
2026-09-28 17:37:00,770.35,770.55,769.53,769.54,32.102
2026-09-28 17:38:00,769.54,770.39,769.54,770.37,12.695
2026-09-28 17:39:00,770.35,770.35,770.01,770.09,10.478
2026-09-28 17:40:00,770.09,770.24,769.9,769.97,25.704
2026-09-28 17:41:00,769.96,770.42,769.55,770.41,132.802
2026-09-28 17:42:00,770.42,770.42,769.47,770.1,22.429
2026-09-28 17:43:00,770.1,770.4,770.09,770.13,37.617
2026-09-28 17:44:00,770.13,770.13,769.84,769.97,17.14
2026-09-28 17:45:00,769.97,770.35,769.94,770.03,15.813
2026-09-28 17:46:00,770.03,770.12,769.73,769.73,13.845
2026-09-28 17:47:00,769.74,769.9,769.4,769.4,62.241
2026-09-28 17:48:00,769.41,769.8,769.4,769.8,7.367
2026-09-28 17:49:00,769.8,769.81,769.43,769.52,15.723
2026-09-28 17:50:00,769.52,769.52,769.02,769.02,52.669
2026-09-28 17:51:00,769.01,769.29,768.92,769.29,18.57
2026-09-28 17:52:00,769.29,769.95,769.29,769.95,12.149
2026-09-28 17:53:00,769.93,769.93,769.49,769.49,22.507
2026-09-28 17:54:00,769.49,769.71,769.36,769.36,20.873
2026-09-28 17:55:00,769.37,769.56,769.1,769.56,39.616
2026-09-28 17:56:00,769.57,769.95,769.57,769.71,21.501
2026-09-28 17:57:00,769.72,770.02,769.71,769.88,45.557
2026-09-28 17:58:00,769.86,769.92,769.75,769.77,24.3
2026-09-28 17:59:00,769.77,769.78,769.52,769.52,13.115
2026-09-28 18:00:00,769.53,769.69,769.25,769.34,15.961
2026-09-28 18:01:00,769.35,769.58,769.22,769.58,45.434
2026-09-28 18:02:00,769.57,770.35,769.49,770.35,23.535
2026-09-28 18:03:00,770.36,770.5,770.12,770.19,21.885
2026-09-28 18:04:00,770.18,770.55,770.18,770.54,29.15
2026-09-28 18:05:00,770.55,770.63,770.22,770.23,22.754
2026-09-28 18:06:00,770.24,770.45,770.0,770.05,28.9
2026-09-28 18:07:00,770.04,770.05,769.84,769.88,13.315
2026-09-28 18:08:00,769.89,770.16,769.88,770.1,10.853
2026-09-28 18:09:00,770.1,770.1,769.77,769.77,6.909
2026-09-28 18:10:00,769.77,770.02,769.68,769.88,21.74
2026-09-28 18:11:00,769.89,770.19,769.77,770.19,19.785
2026-09-28 18:12:00,770.2,770.57,770.2,770.47,7.724
2026-09-28 18:13:00,770.47,770.64,770.47,770.64,13.941
2026-09-28 18:14:00,770.66,770.88,770.65,770.77,76.909
2026-09-28 18:15:00,770.76,770.9,770.58,770.58,13.669
2026-09-28 18:16:00,770.57,771.0,770.4,771.0,226.69
2026-09-28 18:17:00,771.0,771.01,770.34,770.35,35.9
2026-09-28 18:18:00,770.34,770.5,770.14,770.36,34.142
2026-09-28 18:19:00,770.37,770.37,770.09,770.09,20.482
2026-09-28 18:20:00,770.09,770.24,769.94,770.1,16.771
2026-09-28 18:21:00,770.1,770.1,769.83,769.84,57.342
2026-09-28 18:22:00,769.84,770.39,769.83,770.38,15.77
2026-09-28 18:23:00,770.38,770.4,770.0,770.0,14.763
2026-09-28 18:24:00,770.01,770.13,769.88,770.11,17.404
2026-09-28 18:25:00,770.11,770.38,770.01,770.01,35.345
2026-09-28 18:26:00,770.02,770.35,770.01,770.35,7.825
2026-09-28 18:27:00,770.35,770.55,770.21,770.35,60.041
2026-09-28 18:28:00,770.34,770.35,769.9,769.91,37.032
2026-09-28 18:29:00,769.9,769.97,769.89,769.91,26.895
2026-09-28 18:30:00,769.92,770.16,769.38,769.78,103.443
2026-09-28 18:31:00,769.78,769.78,769.06,769.2,21.387
2026-09-28 18:32:00,769.2,769.2,768.65,768.65,35.032
2026-09-28 18:33:00,768.64,769.1,768.61,768.85,41.27
2026-09-28 18:34:00,768.84,769.41,768.84,769.41,18.851
2026-09-28 18:35:00,769.4,769.41,768.87,769.0,42.057
2026-09-28 18:36:00,768.99,769.25,768.87,769.25,16.174
2026-09-28 18:37:00,769.25,769.54,769.04,769.07,9.457
2026-09-28 18:38:00,769.07,769.16,768.79,768.92,60.949
2026-09-28 18:39:00,768.96,769.05,768.73,768.73,86.88
2026-09-28 18:40:00,768.72,768.75,768.5,768.68,9.335
2026-09-28 18:41:00,768.69,768.9,768.55,768.9,58.841
2026-09-28 18:42:00,768.9,769.28,768.88,768.89,16.43
2026-09-28 18:43:00,768.89,768.89,768.54,768.89,45.602
2026-09-28 18:44:00,768.88,769.19,768.88,769.18,11.94
2026-09-28 18:45:00,769.18,769.18,768.08,768.52,297.921
2026-09-28 18:46:00,768.53,768.6,768.42,768.53,29.56
2026-09-28 18:47:00,768.54,768.91,768.33,768.91,27.019
2026-09-28 18:48:00,768.93,769.57,768.78,769.26,41.259
2026-09-28 18:49:00,769.25,769.56,769.15,769.27,115.95
2026-09-28 18:50:00,769.27,769.61,769.21,769.48,21.719
2026-09-28 18:51:00,769.48,769.84,769.42,769.82,48.257
2026-09-28 18:52:00,769.82,770.48,769.82,770.48,41.021
2026-09-28 18:53:00,770.49,770.83,770.34,770.34,36.431
2026-09-28 18:54:00,770.34,770.35,770.01,770.25,20.243
2026-09-28 18:55:00,770.25,770.27,770.01,770.09,8.194
2026-09-28 18:56:00,770.09,770.3,770.0,770.08,15.894
2026-09-28 18:57:00,770.09,770.32,770.09,770.23,24.917
2026-09-28 18:58:00,770.23,770.34,770.22,770.28,6.324
2026-09-28 18:59:00,770.28,770.38,770.27,770.34,21.94
2026-09-28 19:00:00,770.34,770.47,770.04,770.05,22.136
2026-09-28 19:01:00,770.05,770.05,769.15,769.18,117.067
2026-09-28 19:02:00,769.17,769.18,768.54,768.55,36.906
2026-09-28 19:03:00,768.55,768.55,768.14,768.14,32.899
2026-09-28 19:04:00,768.14,768.19,768.0,768.11,26.126
2026-09-28 19:05:00,768.1,768.19,767.94,768.19,35.333
2026-09-28 19:06:00,768.2,768.2,767.61,767.61,35.899
2026-09-28 19:07:00,767.6,767.75,767.33,767.38,64.059
2026-09-28 19:08:00,767.38,767.48,767.27,767.27,27.79
2026-09-28 19:09:00,767.26,767.26,766.8,766.81,44.747
2026-09-28 19:10:00,766.81,766.81,766.61,766.7,11.917
2026-09-28 19:11:00,766.71,766.81,766.47,766.47,25.79
2026-09-28 19:12:00,766.48,767.12,766.47,767.01,32.17
2026-09-28 19:13:00,767.0,767.4,767.0,767.3,19.654
2026-09-28 19:14:00,767.31,767.31,766.93,767.0,11.818
2026-09-28 19:15:00,766.99,766.99,766.51,766.98,17.162
2026-09-28 19:16:00,766.97,767.2,766.61,766.61,15.311
2026-09-28 19:17:00,766.61,766.96,766.58,766.75,37.5
2026-09-28 19:18:00,766.73,766.98,766.65,766.97,15.062
2026-09-28 19:19:00,766.98,767.03,766.7,767.0,36.87
2026-09-28 19:20:00,767.0,767.01,766.7,766.71,11.823
2026-09-28 19:21:00,766.71,766.79,766.48,766.62,35.096
2026-09-28 19:22:00,766.62,766.63,766.2,766.29,56.184
2026-09-28 19:23:00,766.3,766.37,766.26,766.27,19.578
2026-09-28 19:24:00,766.27,766.27,766.25,766.25,8.335
2026-09-28 19:25:00,766.26,766.26,766.18,766.26,6.819
2026-09-28 19:26:00,766.25,766.34,766.23,766.34,56.81
2026-09-28 19:27:00,766.33,766.48,766.33,766.36,18.79
2026-09-28 19:28:00,766.36,766.48,766.33,766.4,42.956
2026-09-28 19:29:00,766.39,766.39,766.06,766.17,102.355
2026-09-28 19:30:00,766.17,766.17,766.07,766.08,25.058
2026-09-28 19:31:00,766.07,766.15,765.88,765.93,29.707
2026-09-28 19:32:00,765.93,765.93,765.38,765.46,41.254
2026-09-28 19:33:00,765.5,765.54,764.74,764.74,95.717
2026-09-28 19:34:00,764.74,764.86,764.56,764.71,16.426
2026-09-28 19:35:00,764.71,764.71,764.23,764.24,45.2
2026-09-28 19:36:00,764.24,764.24,763.66,763.66,82.715
2026-09-28 19:37:00,763.66,763.66,763.08,763.09,57.91
2026-09-28 19:38:00,763.08,763.08,762.6,762.61,146.538
2026-09-28 19:39:00,762.61,763.15,762.57,762.89,82.951
2026-09-28 19:40:00,762.89,762.89,762.0,762.01,58.347
2026-09-28 19:41:00,762.0,762.72,761.75,762.63,194.006
2026-09-28 19:42:00,762.64,762.85,762.36,762.81,43.882
2026-09-28 19:43:00,762.81,763.15,762.66,762.71,45.314
2026-09-28 19:44:00,762.7,763.15,762.6,763.1,32.656
2026-09-28 19:45:00,763.11,763.39,763.0,763.38,34.641
2026-09-28 19:46:00,763.39,763.39,763.17,763.18,8.352
2026-09-28 19:47:00,763.17,763.17,762.91,762.92,25.869
2026-09-28 19:48:00,762.92,762.92,762.45,762.58,45.232
2026-09-28 19:49:00,762.57,762.72,762.46,762.52,106.178
2026-09-28 19:50:00,762.52,762.9,762.52,762.71,15.724
2026-09-28 19:51:00,762.7,763.38,762.66,763.38,48.883
2026-09-28 19:52:00,763.37,763.37,763.31,763.33,234.744
2026-09-28 19:53:00,763.34,763.38,763.07,763.07,62.277
2026-09-28 19:54:00,763.08,763.08,762.87,762.88,156.317
2026-09-28 19:55:00,762.88,763.04,762.6,762.61,66.888
2026-09-28 19:56:00,762.61,762.72,762.47,762.7,132.214
2026-09-28 19:57:00,762.7,762.7,762.56,762.56,13.222
2026-09-28 19:58:00,762.57,762.9,762.57,762.9,12.968
2026-09-28 19:59:00,762.9,762.9,762.61,762.61,23.809
2026-09-28 20:00:00,762.62,763.25,762.56,762.85,141.887
2026-09-28 20:01:00,762.85,762.85,761.64,761.76,99.467
2026-09-28 20:02:00,761.75,762.75,761.42,762.74,48.48
2026-09-28 20:03:00,762.75,763.28,762.75,763.12,51.022
2026-09-28 20:04:00,763.13,764.1,762.86,763.99,58.654
2026-09-28 20:05:00,763.98,764.29,763.96,764.22,28.258
2026-09-28 20:06:00,764.21,764.53,764.0,764.53,43.693
2026-09-28 20:07:00,764.53,764.81,764.49,764.81,30.234
2026-09-28 20:08:00,764.82,764.9,764.62,764.77,13.569
2026-09-28 20:09:00,764.78,764.95,764.74,764.94,19.258
2026-09-28 20:10:00,764.95,765.0,764.79,764.96,18.606
2026-09-28 20:11:00,764.96,765.0,764.83,764.85,15.145
2026-09-28 20:12:00,764.85,764.85,764.52,764.57,38.519
2026-09-28 20:13:00,764.57,764.88,764.53,764.87,24.992
2026-09-28 20:14:00,764.87,764.87,764.72,764.76,61.811
2026-09-28 20:15:00,764.75,764.75,764.47,764.47,7.619
2026-09-28 20:16:00,764.46,764.46,763.75,763.81,27.52
2026-09-28 20:17:00,763.82,764.01,763.8,763.9,53.299
2026-09-28 20:18:00,763.89,764.16,763.81,764.16,8.306
2026-09-28 20:19:00,764.15,764.66,764.15,764.66,4.874
2026-09-28 20:20:00,764.66,764.99,764.66,764.79,25.448
2026-09-28 20:21:00,764.78,764.94,764.69,764.86,31.424
2026-09-28 20:22:00,764.86,765.15,764.85,764.99,72.403
2026-09-28 20:23:00,764.99,765.14,764.53,764.53,33.147
2026-09-28 20:24:00,764.53,765.44,764.31,765.43,47.255
2026-09-28 20:25:00,765.44,765.45,765.21,765.33,29.456
2026-09-28 20:26:00,765.33,765.44,765.26,765.41,24.695
2026-09-28 20:27:00,765.41,765.41,764.89,764.95,19.359
2026-09-28 20:28:00,764.94,765.1,764.84,765.1,14.558
2026-09-28 20:29:00,765.11,765.47,764.9,764.97,79.104
2026-09-28 20:30:00,764.99,765.0,764.63,764.64,45.101
2026-09-28 20:31:00,764.63,764.97,764.44,764.96,39.621
2026-09-28 20:32:00,764.97,765.13,764.84,764.89,6.161
2026-09-28 20:33:00,764.89,765.29,764.89,765.12,10.838
2026-09-28 20:34:00,765.12,765.21,764.99,765.17,12.386
2026-09-28 20:35:00,765.17,765.24,765.13,765.16,7.348
2026-09-28 20:36:00,765.15,765.27,765.03,765.14,26.326
2026-09-28 20:37:00,765.14,765.14,764.89,765.0,16.595
2026-09-28 20:38:00,765.01,765.22,765.01,765.21,7.305
2026-09-28 20:39:00,765.21,765.46,765.21,765.46,11.26
2026-09-28 20:40:00,765.46,765.5,765.23,765.23,18.491
2026-09-28 20:41:00,765.24,765.68,765.24,765.68,100.599
2026-09-28 20:42:00,765.68,765.68,765.19,765.19,7.067
2026-09-28 20:43:00,765.18,765.18,764.66,765.04,15.808
2026-09-28 20:44:00,765.04,765.04,764.83,764.83,10.982
2026-09-28 20:45:00,764.83,764.84,764.04,764.3,366.525
2026-09-28 20:46:00,764.31,764.62,764.3,764.62,36.144
2026-09-28 20:47:00,764.63,764.82,764.46,764.46,13.509
2026-09-28 20:48:00,764.46,764.55,764.32,764.42,14.064
2026-09-28 20:49:00,764.42,764.42,764.33,764.42,4.825
2026-09-28 20:50:00,764.42,764.42,764.03,764.06,15.862
2026-09-28 20:51:00,764.06,764.1,763.98,764.08,6.671
2026-09-28 20:52:00,764.07,764.07,763.73,763.74,15.937
2026-09-28 20:53:00,763.74,763.94,763.74,763.92,3.895
2026-09-28 20:54:00,763.91,764.37,763.91,764.19,14.482
2026-09-28 20:55:00,764.19,764.66,764.1,764.62,10.864
2026-09-28 20:56:00,764.62,764.71,764.61,764.68,17.699
2026-09-28 20:57:00,764.68,765.25,764.68,765.12,44.123
2026-09-28 20:58:00,765.12,765.17,764.81,764.83,53.91
2026-09-28 20:59:00,764.83,765.16,764.83,765.16,9.223
2026-09-28 21:00:00,765.16,766.01,765.16,766.01,18.239
2026-09-28 21:01:00,766.01,766.31,766.0,766.09,32.529
2026-09-28 21:02:00,766.09,766.32,765.89,766.05,66.547
2026-09-28 21:03:00,766.06,766.19,766.0,766.01,21.355
2026-09-28 21:04:00,766.01,766.22,766.01,766.06,80.042
2026-09-28 21:05:00,766.07,766.09,765.72,765.73,26.919
2026-09-28 21:06:00,765.72,766.0,765.61,765.88,35.649
2026-09-28 21:07:00,765.88,765.88,765.15,765.15,49.908
2026-09-28 21:08:00,765.15,765.56,765.13,765.54,68.119
2026-09-28 21:09:00,765.54,765.54,765.42,765.54,20.688
2026-09-28 21:10:00,765.54,765.72,765.5,765.51,29.166
2026-09-28 21:11:00,765.51,765.51,765.27,765.44,48.095
2026-09-28 21:12:00,765.43,765.43,765.23,765.23,8.451
2026-09-28 21:13:00,765.24,765.45,764.93,764.93,49.098
2026-09-28 21:14:00,764.94,764.94,764.89,764.9,10.168
2026-09-28 21:15:00,764.9,764.9,764.52,764.53,14.149
2026-09-28 21:16:00,764.53,764.59,764.33,764.33,66.903
2026-09-28 21:17:00,764.33,764.34,764.06,764.07,21.035
2026-09-28 21:18:00,764.07,764.07,763.23,763.45,198.829
2026-09-28 21:19:00,763.45,764.2,763.45,764.19,59.267
2026-09-28 21:20:00,764.2,764.2,763.87,763.87,11.224
2026-09-28 21:21:00,763.87,764.0,763.61,763.61,88.592
2026-09-28 21:22:00,763.62,763.72,763.05,763.31,173.035
2026-09-28 21:23:00,763.31,763.5,763.25,763.26,32.811
2026-09-28 21:24:00,763.25,763.28,763.25,763.28,5.341
2026-09-28 21:25:00,763.27,763.31,763.19,763.3,26.952
2026-09-28 21:26:00,763.3,763.3,762.92,762.93,7.999
2026-09-28 21:27:00,762.93,762.93,762.56,762.62,42.251
2026-09-28 21:28:00,762.62,762.93,762.62,762.93,51.509
2026-09-28 21:29:00,762.94,762.94,762.81,762.82,7.25
2026-09-28 21:30:00,762.81,763.22,762.81,763.21,50.734
2026-09-28 21:31:00,763.22,763.22,762.6,762.6,20.447
2026-09-28 21:32:00,762.61,762.61,762.36,762.57,59.86
2026-09-28 21:33:00,762.57,762.72,762.56,762.72,28.951
2026-09-28 21:34:00,762.72,762.97,762.71,762.97,28.691
2026-09-28 21:35:00,762.97,762.97,762.74,762.74,6.738
2026-09-28 21:36:00,762.74,763.05,762.73,763.05,62.459
2026-09-28 21:37:00,763.05,763.24,762.73,762.75,65.117
2026-09-28 21:38:00,762.74,762.74,762.37,762.38,54.887
2026-09-28 21:39:00,762.38,762.38,762.18,762.18,12.075
2026-09-28 21:40:00,762.18,762.18,761.97,762.06,49.861
2026-09-28 21:41:00,762.05,762.05,761.86,762.01,70.329
2026-09-28 21:42:00,762.0,762.04,762.0,762.04,32.516
2026-09-28 21:43:00,762.04,762.24,761.91,762.23,55.746
2026-09-28 21:44:00,762.24,762.57,762.23,762.54,12.028
2026-09-28 21:45:00,762.54,762.54,762.49,762.5,9.739
2026-09-28 21:46:00,762.5,762.5,761.98,761.98,19.241
2026-09-28 21:47:00,761.98,761.98,761.81,761.81,14.962
2026-09-28 21:48:00,761.81,761.82,761.79,761.8,28.185
2026-09-28 21:49:00,761.8,762.12,761.79,762.11,10.913
2026-09-28 21:50:00,762.11,762.11,761.98,761.99,2.25
2026-09-28 21:51:00,761.98,761.98,761.67,761.93,15.05
2026-09-28 21:52:00,761.93,762.07,761.92,762.06,6.377
2026-09-28 21:53:00,762.06,762.07,761.62,761.64,4.424
2026-09-28 21:54:00,761.64,761.64,761.22,761.25,62.428
2026-09-28 21:55:00,761.24,761.37,761.24,761.36,28.483
2026-09-28 21:56:00,761.36,761.36,761.34,761.35,6.267
2026-09-28 21:57:00,761.35,761.48,761.31,761.32,8.183
2026-09-28 21:58:00,761.32,761.76,761.32,761.76,6.032
2026-09-28 21:59:00,761.75,761.79,761.48,761.79,53.141
2026-09-28 22:00:00,761.79,761.84,761.24,761.25,31.02
2026-09-28 22:01:00,761.25,761.33,761.15,761.17,18.04
2026-09-28 22:02:00,761.16,761.16,760.19,761.14,145.754
2026-09-28 22:03:00,761.14,761.87,761.05,761.21,19.582
2026-09-28 22:04:00,761.21,761.53,761.04,761.15,26.822
2026-09-28 22:05:00,761.15,761.15,760.3,760.3,10.225
2026-09-28 22:06:00,760.28,760.28,759.59,759.66,214.599
2026-09-28 22:07:00,759.67,760.09,759.66,759.67,63.261
2026-09-28 22:08:00,759.67,760.44,759.67,760.44,90.844
2026-09-28 22:09:00,760.43,760.43,759.78,759.98,89.125
2026-09-28 22:10:00,759.97,760.03,759.64,759.91,67.087
2026-09-28 22:11:00,759.91,759.91,759.59,759.75,26.846
2026-09-28 22:12:00,759.75,759.98,759.74,759.88,57.77
2026-09-28 22:13:00,759.88,759.98,759.84,759.98,42.015
2026-09-28 22:14:00,759.98,760.08,759.97,760.04,218.748
2026-09-28 22:15:00,760.03,760.04,759.87,759.88,55.384
2026-09-28 22:16:00,759.88,759.88,759.87,759.87,20.87
2026-09-28 22:17:00,759.87,760.2,759.87,760.13,83.653
2026-09-28 22:18:00,760.13,760.32,760.11,760.11,65.68
2026-09-28 22:19:00,760.1,760.29,759.97,760.27,82.518
2026-09-28 22:20:00,760.26,760.26,759.7,759.74,57.238
2026-09-28 22:21:00,759.74,759.93,759.74,759.93,67.913
2026-09-28 22:22:00,759.93,759.97,759.79,759.79,60.592
2026-09-28 22:23:00,759.79,759.79,759.52,759.68,78.181
2026-09-28 22:24:00,759.67,759.84,759.62,759.68,50.278
2026-09-28 22:25:00,759.67,759.67,759.51,759.54,41.533
2026-09-28 22:26:00,759.54,759.92,759.53,759.92,111.986
2026-09-28 22:27:00,759.92,759.94,759.8,759.8,12.661
2026-09-28 22:28:00,759.8,759.8,759.28,759.54,145.873
2026-09-28 22:29:00,759.54,759.57,759.46,759.57,31.686
2026-09-28 22:30:00,759.57,759.91,759.56,759.7,58.373
2026-09-28 22:31:00,759.7,759.7,759.47,759.48,33.27
2026-09-28 22:32:00,759.48,760.53,759.45,760.53,148.264
2026-09-28 22:33:00,760.53,760.76,760.44,760.56,67.173
2026-09-28 22:34:00,760.56,760.56,760.2,760.33,97.678
2026-09-28 22:35:00,760.32,760.87,760.32,760.87,74.042
2026-09-28 22:36:00,760.87,761.4,760.87,761.22,160.756
2026-09-28 22:37:00,761.22,761.73,761.22,761.72,76.348
2026-09-28 22:38:00,761.73,761.8,761.73,761.75,12.816
2026-09-28 22:39:00,761.75,761.75,761.74,761.75,2.381
2026-09-28 22:40:00,761.75,761.82,761.74,761.82,27.74
2026-09-28 22:41:00,761.82,761.82,761.74,761.74,14.037
2026-09-28 22:42:00,761.75,761.75,761.71,761.71,6.909
2026-09-28 22:43:00,761.71,761.87,761.71,761.86,31.405
2026-09-28 22:44:00,761.87,762.01,761.87,761.95,30.673
2026-09-28 22:45:00,761.95,762.5,761.95,762.5,148.815
2026-09-28 22:46:00,762.49,762.5,762.27,762.47,65.206
2026-09-28 22:47:00,762.46,762.46,762.0,762.02,12.43
2026-09-28 22:48:00,762.02,762.15,762.01,762.14,18.602
2026-09-28 22:49:00,762.14,762.25,762.14,762.17,49.477
2026-09-28 22:50:00,762.17,762.17,762.01,762.02,21.758
2026-09-28 22:51:00,762.02,762.03,762.0,762.02,21.675
2026-09-28 22:52:00,762.03,762.05,762.03,762.04,23.563
2026-09-28 22:53:00,762.04,762.05,761.85,761.87,17.999
2026-09-28 22:54:00,761.87,762.14,761.86,762.13,54.542
2026-09-28 22:55:00,762.14,762.5,762.14,762.34,60.265
2026-09-28 22:56:00,762.33,762.47,762.24,762.41,43.881
2026-09-28 22:57:00,762.41,762.41,762.25,762.26,9.794
2026-09-28 22:58:00,762.26,762.26,762.25,762.26,10.898
2026-09-28 22:59:00,762.26,762.36,762.25,762.36,49.613
2026-09-28 23:00:00,762.36,762.37,762.25,762.26,10.112
2026-09-28 23:01:00,762.26,762.41,762.26,762.39,29.328
2026-09-28 23:02:00,762.39,762.8,762.34,762.8,163.622
2026-09-28 23:03:00,762.79,763.0,762.76,762.89,80.656
2026-09-28 23:04:00,762.89,763.12,762.89,762.94,102.464
2026-09-28 23:05:00,762.93,762.93,762.52,762.53,65.545
2026-09-28 23:06:00,762.52,762.53,761.91,762.0,50.852
2026-09-28 23:07:00,762.0,762.0,761.74,761.92,56.948
2026-09-28 23:08:00,761.92,762.04,761.75,761.9,96.656
2026-09-28 23:09:00,761.9,762.02,761.76,761.76,69.246
2026-09-28 23:10:00,761.76,761.76,761.39,761.4,44.962
2026-09-28 23:11:00,761.39,761.4,761.23,761.27,68.965
2026-09-28 23:12:00,761.28,761.3,760.98,760.98,84.816
2026-09-28 23:13:00,760.99,760.99,760.55,760.55,123.458
2026-09-28 23:14:00,760.55,760.7,760.53,760.69,57.655
2026-09-28 23:15:00,760.7,761.25,760.69,761.25,115.564
2026-09-28 23:16:00,761.25,761.42,761.12,761.3,96.035
2026-09-28 23:17:00,761.31,761.88,761.31,761.77,86.111
2026-09-28 23:18:00,761.78,761.91,761.73,761.91,54.49
2026-09-28 23:19:00,761.93,761.94,761.77,761.88,25.773
2026-09-28 23:20:00,761.88,761.89,761.87,761.89,22.65
2026-09-28 23:21:00,761.88,761.88,761.51,761.51,22.799
2026-09-28 23:22:00,761.51,761.8,761.51,761.63,46.463
2026-09-28 23:23:00,761.63,761.89,761.42,761.88,124.254
2026-09-28 23:24:00,761.88,762.09,761.83,762.09,50.374
2026-09-28 23:25:00,762.08,762.2,761.89,762.2,43.863
2026-09-28 23:26:00,762.19,762.4,762.19,762.38,39.453
2026-09-28 23:27:00,762.39,762.71,762.38,762.7,95.33
2026-09-28 23:28:00,762.71,762.71,762.7,762.7,5.446
2026-09-28 23:29:00,762.71,762.71,762.68,762.71,26.656
2026-09-28 23:30:00,762.7,762.84,762.7,762.84,71.282
2026-09-28 23:31:00,762.85,763.2,762.85,763.19,130.108
2026-09-28 23:32:00,763.2,763.2,763.1,763.11,11.059
2026-09-28 23:33:00,763.11,763.11,762.98,762.98,17.014
2026-09-28 23:34:00,762.98,763.17,762.98,763.17,7.998
2026-09-28 23:35:00,763.16,763.34,763.16,763.34,14.561
2026-09-28 23:36:00,763.34,763.78,763.34,763.72,80.023
2026-09-28 23:37:00,763.71,764.04,763.71,764.0,98.409
2026-09-28 23:38:00,764.0,764.0,763.77,763.78,5.483
2026-09-28 23:39:00,763.78,763.88,763.65,763.87,14.112
2026-09-28 23:40:00,763.88,764.16,763.87,764.16,40.799
2026-09-28 23:41:00,764.16,764.16,764.08,764.09,31.323
2026-09-28 23:42:00,764.08,764.09,763.87,764.07,11.606
2026-09-28 23:43:00,764.07,764.36,764.07,764.25,70.143
2026-09-28 23:44:00,764.26,764.26,764.17,764.18,2.764
2026-09-28 23:45:00,764.18,764.18,763.96,763.97,6.73
2026-09-28 23:46:00,763.96,763.96,763.53,763.76,82.241
2026-09-28 23:47:00,763.77,763.99,763.76,763.98,4.894
2026-09-28 23:48:00,763.99,764.04,763.98,763.99,4.631
2026-09-28 23:49:00,763.99,764.0,763.98,763.99,3.511
2026-09-28 23:50:00,764.0,764.12,763.71,763.78,40.937
2026-09-28 23:51:00,763.78,763.99,763.77,763.99,15.834
2026-09-28 23:52:00,763.99,763.99,763.91,763.94,6.623
2026-09-28 23:53:00,763.94,764.0,763.91,764.0,12.565
2026-09-28 23:54:00,763.99,764.2,763.81,764.2,45.082
2026-09-28 23:55:00,764.2,764.31,764.19,764.31,15.736
2026-09-28 23:56:00,764.31,764.32,764.3,764.32,24.814
2026-09-28 23:57:00,764.31,764.41,764.21,764.21,10.11
2026-09-28 23:58:00,764.2,764.24,764.2,764.24,20.087
2026-09-28 23:59:00,764.24,764.24,763.95,763.96,28.069
2026-09-29 00:00:00,763.96,763.99,763.56,763.59,86.187
2026-09-29 00:01:00,763.59,763.87,763.55,763.55,13.211
2026-09-29 00:02:00,763.54,763.73,763.52,763.65,9.393
2026-09-29 00:03:00,763.65,763.88,763.24,763.88,23.88
2026-09-29 00:04:00,763.88,764.16,763.88,764.15,21.594
2026-09-29 00:05:00,764.15,764.15,763.86,763.86,29.33
2026-09-29 00:06:00,763.86,764.16,763.55,764.16,22.825
2026-09-29 00:07:00,764.16,764.57,764.15,764.39,59.899
2026-09-29 00:08:00,764.39,764.4,764.04,764.17,80.538
2026-09-29 00:09:00,764.17,764.41,764.17,764.17,20.775
2026-09-29 00:10:00,764.17,764.17,763.88,764.0,21.563
2026-09-29 00:11:00,764.0,764.01,763.78,764.01,33.681
2026-09-29 00:12:00,764.01,764.01,763.68,764.0,17.212
2026-09-29 00:13:00,764.01,764.13,763.82,764.02,121.797
2026-09-29 00:14:00,764.02,764.05,764.01,764.05,3.412
2026-09-29 00:15:00,764.05,764.05,763.42,763.43,67.131
2026-09-29 00:16:00,763.42,763.42,763.2,763.28,10.996
2026-09-29 00:17:00,763.29,763.29,762.98,762.99,15.686
2026-09-29 00:18:00,762.99,763.08,762.98,763.08,70.234
2026-09-29 00:19:00,763.08,763.39,763.06,763.26,13.044
2026-09-29 00:20:00,763.26,763.26,763.01,763.15,10.914
2026-09-29 00:21:00,763.15,763.2,763.05,763.07,26.732
2026-09-29 00:22:00,763.06,763.15,763.0,763.15,64.807
2026-09-29 00:23:00,763.15,763.19,763.01,763.03,61.739
2026-09-29 00:24:00,763.03,763.12,762.92,763.1,54.837
2026-09-29 00:25:00,763.09,764.06,763.09,764.06,27.346
2026-09-29 00:26:00,764.06,764.14,763.99,764.14,54.287
2026-09-29 00:27:00,764.14,764.24,763.75,763.83,106.785
2026-09-29 00:28:00,763.84,764.64,763.84,764.64,40.671
2026-09-29 00:29:00,764.64,764.74,764.37,764.46,46.757
2026-09-29 00:30:00,764.45,764.69,764.45,764.56,50.031
2026-09-29 00:31:00,764.55,764.55,763.88,763.92,24.491
2026-09-29 00:32:00,763.92,764.26,763.82,764.11,160.829
2026-09-29 00:33:00,764.12,764.85,764.12,764.85,29.89
2026-09-29 00:34:00,764.85,765.09,764.74,764.8,75.992
2026-09-29 00:35:00,764.81,765.28,764.8,765.27,23.808
2026-09-29 00:36:00,765.28,765.33,765.21,765.27,19.388
2026-09-29 00:37:00,765.26,765.26,764.73,765.03,43.115
2026-09-29 00:38:00,765.04,765.04,764.75,764.75,14.616
2026-09-29 00:39:00,764.75,764.96,764.65,764.8,10.877
2026-09-29 00:40:00,764.8,764.88,764.67,764.67,7.131
2026-09-29 00:41:00,764.67,764.69,764.53,764.55,10.093
2026-09-29 00:42:00,764.54,764.85,764.54,764.55,14.146
2026-09-29 00:43:00,764.55,764.64,764.38,764.52,23.921
2026-09-29 00:44:00,764.52,764.68,764.52,764.63,5.972
2026-09-29 00:45:00,764.64,764.64,763.61,763.74,25.787
2026-09-29 00:46:00,763.74,763.74,763.25,763.28,38.735
2026-09-29 00:47:00,763.29,763.69,763.21,763.39,41.023
2026-09-29 00:48:00,763.39,763.39,763.16,763.16,14.584
2026-09-29 00:49:00,763.16,763.23,762.59,762.59,116.94
2026-09-29 00:50:00,762.6,762.66,762.4,762.42,34.973
2026-09-29 00:51:00,762.41,762.41,762.12,762.12,35.955
2026-09-29 00:52:00,762.13,762.13,761.97,762.0,19.853
2026-09-29 00:53:00,762.02,762.08,761.67,761.9,43.096
2026-09-29 00:54:00,761.9,761.96,761.31,761.7,94.196
2026-09-29 00:55:00,761.71,762.0,761.55,761.66,26.394
2026-09-29 00:56:00,761.64,761.64,761.31,761.55,53.08
2026-09-29 00:57:00,761.56,761.56,760.7,760.7,48.485
2026-09-29 00:58:00,760.7,761.22,760.7,761.12,18.974
2026-09-29 00:59:00,761.11,761.17,760.54,760.54,58.967
2026-09-29 01:00:00,760.53,760.85,760.17,760.38,72.679
2026-09-29 01:01:00,760.37,760.8,760.0,760.62,60.052
2026-09-29 01:02:00,760.69,761.6,760.57,761.36,64.296
2026-09-29 01:03:00,761.36,761.46,760.98,760.98,112.672
2026-09-29 01:04:00,760.97,760.97,760.28,760.28,25.959
2026-09-29 01:05:00,760.27,760.53,759.85,760.32,188.19
2026-09-29 01:06:00,760.32,760.5,759.57,759.96,83.369
2026-09-29 01:07:00,759.96,760.14,759.58,759.59,82.716
2026-09-29 01:08:00,759.59,759.75,759.24,759.24,169.342
2026-09-29 01:09:00,759.25,759.41,759.0,759.3,168.116
2026-09-29 01:10:00,759.32,759.38,759.03,759.16,265.638
2026-09-29 01:11:00,759.15,759.2,759.1,759.16,145.193
2026-09-29 01:12:00,759.16,759.45,759.0,759.32,94.769
2026-09-29 01:13:00,759.31,759.32,759.11,759.16,50.965
2026-09-29 01:14:00,759.16,759.49,759.16,759.34,112.458
2026-09-29 01:15:00,759.32,759.46,759.08,759.29,131.726
2026-09-29 01:16:00,759.29,759.36,759.01,759.18,748.435
2026-09-29 01:17:00,759.19,759.24,759.0,759.15,1254.302
2026-09-29 01:18:00,759.14,759.24,758.02,758.3,1131.13
2026-09-29 01:19:00,758.3,758.3,756.55,756.72,526.309
2026-09-29 01:20:00,756.72,758.21,756.62,757.94,133.169
2026-09-29 01:21:00,757.95,758.86,757.82,758.62,67.497
2026-09-29 01:22:00,758.62,759.29,758.53,759.29,19.54
2026-09-29 01:23:00,759.3,759.5,758.71,758.81,684.582
2026-09-29 01:24:00,758.81,758.91,758.33,758.68,104.122
2026-09-29 01:25:00,758.68,758.77,758.0,758.11,30.343
2026-09-29 01:26:00,758.12,758.32,757.66,757.67,72.468
2026-09-29 01:27:00,757.66,757.66,757.0,757.0,193.721
2026-09-29 01:28:00,757.01,757.01,756.35,756.45,106.811
2026-09-29 01:29:00,756.45,756.45,755.95,756.15,265.954
2026-09-29 01:30:00,756.15,756.58,755.3,756.29,337.469
2026-09-29 01:31:00,756.3,756.92,755.98,755.98,128.617
2026-09-29 01:32:00,755.96,755.96,754.32,755.62,999.703
2026-09-29 01:33:00,755.61,755.89,755.51,755.58,248.358
2026-09-29 01:34:00,755.58,756.0,755.11,755.59,78.485
2026-09-29 01:35:00,755.59,755.75,754.45,754.88,141.422
2026-09-29 01:36:00,754.88,755.09,753.9,754.66,302.227
2026-09-29 01:37:00,754.66,755.76,754.64,755.4,98.32
2026-09-29 01:38:00,755.41,755.99,755.35,755.47,126.041
2026-09-29 01:39:00,755.47,755.72,755.13,755.13,36.074
2026-09-29 01:40:00,755.13,755.49,755.13,755.37,15.22
2026-09-29 01:41:00,755.36,756.0,754.95,756.0,211.218
2026-09-29 01:42:00,756.0,757.04,756.0,757.01,118.755
2026-09-29 01:43:00,757.01,757.34,756.06,756.1,181.607
2026-09-29 01:44:00,756.1,757.05,756.1,756.99,44.385
2026-09-29 01:45:00,757.0,758.2,756.73,758.2,189.809
2026-09-29 01:46:00,758.21,758.48,757.49,757.51,73.553
2026-09-29 01:47:00,757.5,757.78,757.09,757.66,81.525
2026-09-29 01:48:00,757.65,757.71,757.24,757.33,37.731
2026-09-29 01:49:00,757.32,757.59,757.04,757.04,26.358
2026-09-29 01:50:00,757.04,757.05,756.42,756.42,69.656
2026-09-29 01:51:00,756.41,756.58,756.21,756.37,78.102
2026-09-29 01:52:00,756.37,757.16,756.28,757.16,50.857
2026-09-29 01:53:00,757.17,758.0,757.17,757.77,56.43
2026-09-29 01:54:00,757.74,757.74,757.21,757.49,68.967
2026-09-29 01:55:00,757.5,757.86,757.44,757.6,40.847
2026-09-29 01:56:00,757.6,757.8,757.47,757.8,37.732
2026-09-29 01:57:00,757.8,757.8,757.27,757.27,64.21
2026-09-29 01:58:00,757.26,757.77,757.07,757.21,124.247
2026-09-29 01:59:00,757.21,757.73,757.2,757.52,41.376
2026-09-29 02:00:00,757.52,758.43,757.52,758.37,51.568
2026-09-29 02:01:00,758.37,758.38,757.28,757.33,62.48
2026-09-29 02:02:00,757.33,757.53,756.96,757.48,45.887
2026-09-29 02:03:00,757.47,757.47,756.84,756.85,31.763
2026-09-29 02:04:00,756.84,757.68,756.81,757.49,26.903
2026-09-29 02:05:00,757.5,757.5,756.7,756.85,36.1
2026-09-29 02:06:00,756.85,756.99,756.41,756.99,75.087
2026-09-29 02:07:00,757.0,757.31,756.65,756.95,45.228
2026-09-29 02:08:00,756.95,757.11,756.32,756.32,33.485
2026-09-29 02:09:00,756.3,756.38,756.01,756.1,48.387
2026-09-29 02:10:00,756.11,756.4,755.5,755.5,65.424
2026-09-29 02:11:00,755.5,755.81,755.31,755.32,102.534
2026-09-29 02:12:00,755.32,756.64,755.16,756.61,210.2
2026-09-29 02:13:00,756.6,757.38,756.25,757.29,60.217
2026-09-29 02:14:00,757.29,757.29,756.38,756.48,61.971
2026-09-29 02:15:00,756.47,757.11,756.36,757.02,97.813
2026-09-29 02:16:00,757.02,757.52,756.75,757.14,41.664
2026-09-29 02:17:00,757.14,757.14,756.51,756.51,87.767
2026-09-29 02:18:00,756.51,757.04,756.29,756.79,26.146
2026-09-29 02:19:00,756.84,757.3,756.72,757.29,37.889
2026-09-29 02:20:00,757.29,758.22,757.29,757.87,116.976
2026-09-29 02:21:00,757.86,757.86,756.25,756.27,79.821
2026-09-29 02:22:00,756.27,756.27,755.0,755.49,212.002
2026-09-29 02:23:00,755.5,756.24,755.5,755.94,116.672
2026-09-29 02:24:00,756.03,756.29,755.38,755.41,72.05
2026-09-29 02:25:00,755.4,755.45,754.88,755.16,252.036
2026-09-29 02:26:00,755.16,755.29,754.71,754.71,178.077
2026-09-29 02:27:00,754.71,755.5,754.66,755.09,26.413
2026-09-29 02:28:00,755.08,755.08,754.63,754.93,67.02
2026-09-29 02:29:00,754.93,755.26,754.87,755.26,31.882
2026-09-29 02:30:00,755.25,755.85,755.06,755.06,55.516
2026-09-29 02:31:00,755.05,755.3,754.79,755.2,53.6
2026-09-29 02:32:00,755.19,755.19,754.78,754.79,28.72
2026-09-29 02:33:00,754.79,754.95,754.36,754.42,71.85
2026-09-29 02:34:00,754.42,754.72,753.81,753.84,316.238
2026-09-29 02:35:00,753.83,754.4,753.83,754.33,446.921
2026-09-29 02:36:00,754.33,754.55,753.91,754.22,95.252
2026-09-29 02:37:00,754.23,754.89,754.23,754.89,137.248
2026-09-29 02:38:00,754.88,755.55,754.78,755.55,61.372
2026-09-29 02:39:00,755.55,756.04,755.41,755.63,36.986
2026-09-29 02:40:00,755.61,755.97,755.48,755.72,21.311
2026-09-29 02:41:00,755.71,756.0,755.51,756.0,122.06
2026-09-29 02:42:00,756.0,756.31,755.42,755.42,138.52
2026-09-29 02:43:00,755.42,755.73,755.26,755.69,48.668
2026-09-29 02:44:00,755.69,756.14,755.69,756.14,37.248
2026-09-29 02:45:00,756.14,756.63,756.13,756.54,33.663
2026-09-29 02:46:00,756.54,756.8,756.45,756.71,39.453
2026-09-29 02:47:00,756.71,756.71,756.21,756.22,31.7
2026-09-29 02:48:00,756.22,756.64,755.94,756.64,163.768
2026-09-29 02:49:00,756.64,756.64,755.9,755.93,33.474
2026-09-29 02:50:00,755.9,755.97,755.56,755.87,46.085
2026-09-29 02:51:00,755.88,756.2,754.95,754.95,64.619
2026-09-29 02:52:00,754.95,755.38,754.95,755.07,51.788
2026-09-29 02:53:00,755.05,755.57,754.92,755.45,53.221
2026-09-29 02:54:00,755.44,755.52,755.31,755.52,22.378
2026-09-29 02:55:00,755.51,755.7,755.4,755.7,47.707
2026-09-29 02:56:00,755.7,755.8,755.61,755.7,22.33
2026-09-29 02:57:00,755.69,755.94,755.52,755.8,13.215
2026-09-29 02:58:00,755.81,756.12,755.81,756.05,12.834
2026-09-29 02:59:00,756.04,756.43,756.02,756.43,40.658
2026-09-29 03:00:00,756.43,757.0,756.15,756.99,115.651
2026-09-29 03:01:00,757.0,757.24,756.56,756.9,69.501
2026-09-29 03:02:00,756.89,757.16,756.8,757.11,32.378
2026-09-29 03:03:00,757.12,757.91,757.12,757.39,98.24
2026-09-29 03:04:00,757.39,757.47,756.52,756.54,123.231
2026-09-29 03:05:00,756.54,756.73,756.47,756.51,35.552
2026-09-29 03:06:00,756.51,756.84,756.51,756.84,13.61
2026-09-29 03:07:00,756.84,757.33,756.84,757.14,18.708
2026-09-29 03:08:00,757.14,757.3,756.76,756.85,15.837
2026-09-29 03:09:00,756.85,756.93,756.71,756.93,19.217
2026-09-29 03:10:00,756.92,757.0,756.63,756.9,15.735
2026-09-29 03:11:00,756.89,756.89,756.48,756.49,17.337
2026-09-29 03:12:00,756.47,756.67,756.44,756.46,23.247
2026-09-29 03:13:00,756.46,756.7,756.32,756.44,44.052
2026-09-29 03:14:00,756.48,756.54,756.2,756.21,22.991
2026-09-29 03:15:00,756.21,756.55,755.86,756.55,18.526
2026-09-29 03:16:00,756.55,756.93,756.17,756.29,146.918
2026-09-29 03:17:00,756.29,756.53,756.06,756.48,48.505
2026-09-29 03:18:00,756.47,756.47,755.54,756.06,158.387
2026-09-29 03:19:00,756.07,757.44,756.07,757.34,53.544
2026-09-29 03:20:00,757.34,758.13,757.34,758.12,48.806
2026-09-29 03:21:00,758.13,758.75,758.13,758.38,70.797
2026-09-29 03:22:00,758.37,758.43,757.86,758.0,81.994
2026-09-29 03:23:00,758.01,758.63,758.01,758.61,54.123
2026-09-29 03:24:00,758.61,759.0,758.61,758.99,26.56
2026-09-29 03:25:00,759.0,759.2,758.71,759.06,113.036
2026-09-29 03:26:00,759.05,759.51,759.05,759.51,30.48
2026-09-29 03:27:00,759.51,759.51,759.2,759.51,25.063
2026-09-29 03:28:00,759.51,759.65,759.51,759.64,21.807
2026-09-29 03:29:00,759.65,759.84,759.65,759.81,27.37
2026-09-29 03:30:00,759.81,759.81,758.93,759.17,56.123
2026-09-29 03:31:00,759.18,759.36,759.03,759.36,23.273
2026-09-29 03:32:00,759.36,759.67,759.09,759.6,17.771
2026-09-29 03:33:00,759.59,759.8,759.38,759.56,19.314
2026-09-29 03:34:00,759.55,759.68,759.55,759.56,10.784
2026-09-29 03:35:00,759.56,759.73,759.35,759.62,16.916
2026-09-29 03:36:00,759.63,759.7,759.56,759.7,30.466
2026-09-29 03:37:00,759.7,759.81,759.41,759.43,40.327
2026-09-29 03:38:00,759.42,759.49,759.25,759.3,17.676
2026-09-29 03:39:00,759.3,759.3,758.85,759.12,31.138
2026-09-29 03:40:00,759.12,759.29,759.11,759.13,15.1
2026-09-29 03:41:00,759.13,759.61,759.13,759.61,25.021
2026-09-29 03:42:00,759.61,759.8,759.51,759.8,26.769
2026-09-29 03:43:00,759.8,759.8,759.45,759.46,14.026
2026-09-29 03:44:00,759.45,759.59,759.31,759.32,14.875
2026-09-29 03:45:00,759.32,759.36,759.14,759.36,45.294
2026-09-29 03:46:00,759.36,759.53,759.26,759.51,19.507
2026-09-29 03:47:00,759.51,759.51,759.25,759.3,9.195
2026-09-29 03:48:00,759.3,759.54,759.21,759.21,135.887
2026-09-29 03:49:00,759.2,759.27,759.12,759.27,12.01
2026-09-29 03:50:00,759.27,759.39,759.13,759.19,28.662
2026-09-29 03:51:00,759.19,759.23,759.0,759.03,179.483
2026-09-29 03:52:00,759.03,759.09,758.91,758.98,9.343
2026-09-29 03:53:00,758.98,759.72,758.98,759.27,67.411
2026-09-29 03:54:00,759.27,759.29,758.92,758.99,22.299
2026-09-29 03:55:00,758.98,759.17,758.92,759.17,27.193
2026-09-29 03:56:00,759.13,759.13,758.85,758.85,24.358
2026-09-29 03:57:00,758.85,758.85,758.74,758.74,6.944
2026-09-29 03:58:00,758.73,758.73,758.43,758.57,19.8
2026-09-29 03:59:00,758.56,758.8,758.55,758.79,15.411
2026-09-29 04:00:00,758.8,758.8,758.23,758.28,42.298
2026-09-29 04:01:00,758.28,758.89,758.27,758.88,22.043
2026-09-29 04:02:00,758.89,759.05,758.76,758.87,31.487
2026-09-29 04:03:00,758.87,758.87,757.71,757.98,33.5
2026-09-29 04:04:00,757.97,758.21,757.89,757.97,35.409
2026-09-29 04:05:00,757.97,757.98,757.81,757.83,29.394
2026-09-29 04:06:00,757.83,757.96,757.82,757.95,18.973
2026-09-29 04:07:00,757.98,758.28,757.82,757.83,18.782
2026-09-29 04:08:00,757.83,757.83,757.42,757.43,37.886
2026-09-29 04:09:00,757.43,758.18,757.42,758.17,15.493
2026-09-29 04:10:00,758.17,758.4,758.01,758.39,31.851
2026-09-29 04:11:00,758.4,758.8,758.39,758.61,66.759
2026-09-29 04:12:00,758.62,758.74,758.39,758.56,21.31
2026-09-29 04:13:00,758.56,758.87,758.42,758.85,56.675
2026-09-29 04:14:00,758.84,758.85,758.47,758.58,17.152
2026-09-29 04:15:00,758.58,758.87,758.58,758.87,24.919
2026-09-29 04:16:00,758.87,758.87,758.65,758.79,37.734
2026-09-29 04:17:00,758.79,759.78,758.76,759.66,55.732
2026-09-29 04:18:00,759.61,759.61,759.01,759.32,29.347
2026-09-29 04:19:00,759.36,759.8,759.36,759.8,51.693
2026-09-29 04:20:00,759.8,759.95,759.6,759.6,52.701
2026-09-29 04:21:00,759.6,759.84,759.44,759.84,31.577
2026-09-29 04:22:00,759.84,760.14,759.84,760.07,108.498
2026-09-29 04:23:00,760.07,760.27,759.84,759.84,141.193
2026-09-29 04:24:00,759.83,759.83,759.41,759.41,62.605
2026-09-29 04:25:00,759.41,759.57,759.33,759.34,48.828
2026-09-29 04:26:00,759.33,759.34,759.22,759.22,15.385
2026-09-29 04:27:00,759.22,759.34,759.11,759.34,80.438
2026-09-29 04:28:00,759.34,759.34,759.17,759.19,76.841
2026-09-29 04:29:00,759.19,759.2,759.0,759.01,16.037
2026-09-29 04:30:00,759.0,759.0,758.69,758.73,100.049
2026-09-29 04:31:00,758.73,758.73,758.44,758.58,65.954
2026-09-29 04:32:00,758.58,758.58,758.26,758.27,76.22
2026-09-29 04:33:00,758.27,758.27,757.97,758.25,137.116
2026-09-29 04:34:00,758.24,758.25,757.89,757.89,47.34
2026-09-29 04:35:00,757.9,757.9,757.5,757.6,96.664
2026-09-29 04:36:00,757.6,757.66,757.52,757.65,17.745
2026-09-29 04:37:00,757.65,758.26,757.63,758.26,30.463
2026-09-29 04:38:00,758.26,758.47,758.13,758.39,33.343
2026-09-29 04:39:00,758.4,758.43,758.3,758.31,11.153
2026-09-29 04:40:00,758.31,758.45,758.24,758.24,17.8
2026-09-29 04:41:00,758.24,758.65,758.23,758.47,59.356
2026-09-29 04:42:00,758.48,758.48,757.83,758.1,162.643
2026-09-29 04:43:00,758.1,758.22,758.09,758.21,26.243
2026-09-29 04:44:00,758.21,758.28,758.14,758.28,18.864
2026-09-29 04:45:00,758.28,758.33,758.15,758.15,12.386
2026-09-29 04:46:00,758.15,758.15,757.62,757.64,101.163
2026-09-29 04:47:00,757.64,757.64,756.94,756.95,74.96
2026-09-29 04:48:00,756.94,756.95,756.55,756.87,105.158
2026-09-29 04:49:00,756.87,756.87,756.48,756.48,134.073
2026-09-29 04:50:00,756.49,756.72,756.48,756.7,64.055
2026-09-29 04:51:00,756.7,757.49,756.7,757.48,208.736
2026-09-29 04:52:00,757.49,757.6,757.46,757.6,160.088
2026-09-29 04:53:00,757.59,757.62,757.25,757.52,248.213
2026-09-29 04:54:00,757.52,757.52,757.2,757.2,38.912
2026-09-29 04:55:00,757.2,757.2,756.65,757.2,188.672
2026-09-29 04:56:00,757.2,757.38,757.13,757.13,58.145
2026-09-29 04:57:00,757.13,757.19,756.65,756.9,253.727
2026-09-29 04:58:00,756.91,756.98,756.81,756.98,91.873
2026-09-29 04:59:00,756.98,757.1,756.94,757.1,101.597
2026-09-29 05:00:00,757.1,757.21,756.69,757.19,232.245
2026-09-29 05:01:00,757.2,757.38,757.0,757.09,162.977
2026-09-29 05:02:00,757.09,757.32,756.84,756.88,251.159
2026-09-29 05:03:00,756.88,757.6,756.76,756.77,122.52
2026-09-29 05:04:00,756.76,757.29,756.52,756.93,65.605
2026-09-29 05:05:00,756.99,757.21,756.81,756.92,34.266
2026-09-29 05:06:00,756.91,757.05,756.49,756.53,48.963
2026-09-29 05:07:00,756.53,756.53,756.17,756.18,81.341
2026-09-29 05:08:00,756.18,756.22,756.08,756.21,37.839
2026-09-29 05:09:00,756.2,756.59,756.14,756.58,42.825
2026-09-29 05:10:00,756.58,756.59,756.25,756.58,34.894
2026-09-29 05:11:00,756.57,757.1,756.56,757.1,51.752
2026-09-29 05:12:00,757.1,757.46,757.1,757.31,45.902
2026-09-29 05:13:00,757.32,757.5,757.31,757.46,26.874
2026-09-29 05:14:00,757.45,757.46,757.22,757.37,36.521
2026-09-29 05:15:00,757.37,757.57,757.36,757.36,17.499
2026-09-29 05:16:00,757.36,757.73,757.35,757.36,57.273
2026-09-29 05:17:00,757.36,757.54,756.82,757.54,129.439
2026-09-29 05:18:00,757.56,758.35,757.56,758.25,54.524
2026-09-29 05:19:00,758.26,758.77,758.25,758.58,124.497
2026-09-29 05:20:00,758.61,758.82,758.61,758.81,152.945
2026-09-29 05:21:00,758.82,758.89,758.32,758.32,170.658
2026-09-29 05:22:00,758.33,758.39,758.18,758.29,33.439
2026-09-29 05:23:00,758.29,758.55,758.28,758.28,48.544
2026-09-29 05:24:00,758.28,758.92,758.28,758.91,105.735
2026-09-29 05:25:00,758.92,759.01,758.77,758.81,22.68
2026-09-29 05:26:00,758.8,758.87,758.45,758.45,15.55
2026-09-29 05:27:00,758.44,758.54,758.2,758.21,56.839
2026-09-29 05:28:00,758.21,758.7,758.17,758.7,128.18
2026-09-29 05:29:00,758.66,758.67,758.31,758.36,65.34
2026-09-29 05:30:00,758.36,758.36,757.5,757.53,67.992
2026-09-29 05:31:00,757.53,757.53,757.17,757.17,30.59
2026-09-29 05:32:00,757.16,757.16,756.52,756.52,58.213
2026-09-29 05:33:00,756.52,756.52,755.98,755.99,147.093
2026-09-29 05:34:00,755.98,755.99,755.31,755.32,105.448
2026-09-29 05:35:00,755.32,755.76,755.01,755.73,48.355
2026-09-29 05:36:00,755.72,755.99,755.06,755.18,28.585
2026-09-29 05:37:00,755.15,755.35,755.0,755.05,48.281
2026-09-29 05:38:00,755.05,756.06,755.01,756.06,42.941
2026-09-29 05:39:00,756.08,756.55,756.04,756.41,104.832
2026-09-29 05:40:00,756.42,756.85,756.42,756.66,44.212
2026-09-29 05:41:00,756.65,757.2,756.42,757.19,13.997
2026-09-29 05:42:00,757.2,757.44,757.03,757.44,47.43
2026-09-29 05:43:00,757.44,758.12,757.44,758.12,96.61
2026-09-29 05:44:00,758.13,758.44,757.95,758.03,15.745
2026-09-29 05:45:00,758.02,758.15,757.41,757.41,21.701
2026-09-29 05:46:00,757.41,757.51,757.27,757.35,48.019
2026-09-29 05:47:00,757.35,757.56,757.16,757.56,56.89
2026-09-29 05:48:00,757.56,758.39,757.5,757.99,20.138
2026-09-29 05:49:00,757.99,758.79,757.94,758.75,51.896
2026-09-29 05:50:00,758.7,758.73,758.57,758.61,27.79
2026-09-29 05:51:00,758.62,758.82,758.25,758.49,25.595
2026-09-29 05:52:00,758.5,758.86,758.5,758.6,24.438
2026-09-29 05:53:00,758.6,758.88,758.52,758.87,20.721
2026-09-29 05:54:00,758.88,759.24,758.87,759.23,66.887
2026-09-29 05:55:00,759.23,759.4,759.13,759.39,24.343
2026-09-29 05:56:00,759.4,759.97,759.24,759.59,267.563
2026-09-29 05:57:00,759.58,759.59,759.25,759.37,43.13
2026-09-29 05:58:00,759.38,759.56,759.26,759.51,19.007
2026-09-29 05:59:00,759.51,759.51,759.41,759.51,16.097
2026-09-29 06:00:00,759.51,759.75,759.42,759.61,65.943
2026-09-29 06:01:00,759.61,759.72,759.48,759.67,41.213
2026-09-29 06:02:00,759.67,759.8,759.58,759.63,16.545
2026-09-29 06:03:00,759.63,760.03,759.63,760.02,51.054
2026-09-29 06:04:00,760.02,760.11,759.62,759.8,167.715
2026-09-29 06:05:00,759.8,760.08,759.64,760.03,179.294
2026-09-29 06:06:00,760.03,760.04,759.78,759.93,126.702
2026-09-29 06:07:00,759.94,760.49,759.78,759.96,324.466
2026-09-29 06:08:00,759.95,760.28,759.9,760.27,200.83
2026-09-29 06:09:00,760.27,761.1,760.27,760.91,253.109
2026-09-29 06:10:00,760.9,761.19,760.89,761.02,144.331
2026-09-29 06:11:00,761.02,761.7,761.02,761.7,132.825
2026-09-29 06:12:00,761.7,761.93,761.38,761.43,125.427
2026-09-29 06:13:00,761.43,761.96,761.43,761.96,70.594
2026-09-29 06:14:00,761.95,762.75,761.95,762.74,154.167
2026-09-29 06:15:00,762.74,762.84,762.2,762.31,180.118
2026-09-29 06:16:00,762.31,762.38,761.84,761.86,41.813
2026-09-29 06:17:00,761.86,761.86,761.43,761.48,63.47
2026-09-29 06:18:00,761.47,762.0,761.46,761.87,82.173
2026-09-29 06:19:00,761.88,762.46,761.87,762.4,26.74
2026-09-29 06:20:00,762.39,762.42,762.09,762.42,55.929
2026-09-29 06:21:00,762.43,762.99,762.43,762.84,146.132
2026-09-29 06:22:00,762.84,763.01,762.58,762.81,63.923
2026-09-29 06:23:00,762.8,762.82,762.16,762.16,47.229
2026-09-29 06:24:00,762.15,762.22,761.95,762.16,17.199
2026-09-29 06:25:00,762.15,762.36,762.12,762.19,37.877
2026-09-29 06:26:00,762.19,762.4,762.06,762.13,87.512
2026-09-29 06:27:00,762.14,762.31,761.98,762.25,184.81
2026-09-29 06:28:00,762.25,762.31,762.18,762.31,41.429
2026-09-29 06:29:00,762.31,762.7,762.3,762.64,30.65
2026-09-29 06:30:00,762.64,763.0,762.64,763.0,16.768
2026-09-29 06:31:00,763.01,763.41,763.01,763.4,130.229
2026-09-29 06:32:00,763.41,763.5,763.2,763.49,75.452
2026-09-29 06:33:00,763.5,763.56,763.15,763.24,72.933
2026-09-29 06:34:00,763.24,763.37,763.14,763.37,37.317
2026-09-29 06:35:00,763.36,763.36,762.69,762.83,105.303
2026-09-29 06:36:00,762.82,762.93,762.75,762.84,32.398
2026-09-29 06:37:00,762.84,762.94,762.69,762.87,49.105
2026-09-29 06:38:00,762.87,763.23,762.87,763.09,49.978
2026-09-29 06:39:00,763.08,763.3,763.08,763.27,34.253
2026-09-29 06:40:00,763.28,763.41,763.27,763.41,10.307
2026-09-29 06:41:00,763.41,763.45,763.21,763.22,67.402
2026-09-29 06:42:00,763.21,763.48,763.15,763.48,274.594
2026-09-29 06:43:00,763.47,763.48,763.3,763.31,25.234
2026-09-29 06:44:00,763.3,763.47,763.3,763.47,57.839
2026-09-29 06:45:00,763.47,763.47,763.36,763.36,29.256
2026-09-29 06:46:00,763.36,763.59,763.36,763.55,57.272
2026-09-29 06:47:00,763.56,763.56,763.42,763.42,42.752
2026-09-29 06:48:00,763.42,763.44,763.31,763.44,101.276
2026-09-29 06:49:00,763.44,763.6,763.44,763.59,71.778
2026-09-29 06:50:00,763.6,763.65,763.37,763.37,118.345
2026-09-29 06:51:00,763.38,764.25,763.37,764.03,219.75
2026-09-29 06:52:00,764.04,764.25,763.9,764.01,35.371
2026-09-29 06:53:00,764.02,764.53,764.0,764.53,162.535
2026-09-29 06:54:00,764.53,765.0,764.53,765.0,174.221
2026-09-29 06:55:00,765.0,765.37,765.0,765.17,157.498
2026-09-29 06:56:00,765.16,765.22,765.16,765.19,39.668
2026-09-29 06:57:00,765.2,765.33,765.19,765.32,128.611
2026-09-29 06:58:00,765.33,765.59,765.17,765.59,188.759
2026-09-29 06:59:00,765.59,766.51,765.59,766.45,192.365
2026-09-29 07:00:00,766.45,766.46,765.6,765.63,159.601
2026-09-29 07:01:00,765.63,765.63,765.18,765.36,58.595
2026-09-29 07:02:00,765.37,765.51,765.3,765.5,32.38
2026-09-29 07:03:00,765.51,765.89,765.38,765.89,61.485
2026-09-29 07:04:00,765.88,766.41,765.88,766.26,31.497
2026-09-29 07:05:00,766.26,766.91,766.26,766.91,99.103
2026-09-29 07:06:00,766.91,767.4,766.88,767.34,140.156
2026-09-29 07:07:00,767.34,768.0,767.34,767.51,378.181
2026-09-29 07:08:00,767.51,767.77,767.17,767.76,40.554
2026-09-29 07:09:00,767.76,768.38,767.76,768.38,177.906
2026-09-29 07:10:00,768.38,768.58,767.83,768.58,192.624
2026-09-29 07:11:00,768.58,768.58,768.11,768.57,89.566
2026-09-29 07:12:00,768.57,768.57,767.98,768.14,281.06
2026-09-29 07:13:00,768.13,768.13,767.82,768.0,46.815
2026-09-29 07:14:00,768.0,768.0,767.47,767.75,49.725
2026-09-29 07:15:00,767.76,768.1,767.76,768.09,45.397
2026-09-29 07:16:00,768.09,768.09,767.79,768.0,47.027
2026-09-29 07:17:00,768.0,768.45,767.99,768.19,86.378
2026-09-29 07:18:00,768.19,768.38,767.72,767.91,93.068
2026-09-29 07:19:00,767.93,767.98,767.63,767.93,46.408
2026-09-29 07:20:00,767.93,768.26,767.93,768.16,71.935
2026-09-29 07:21:00,768.16,768.18,767.86,767.93,47.621
2026-09-29 07:22:00,767.94,767.94,767.74,767.74,65.809
2026-09-29 07:23:00,767.75,768.06,767.74,767.93,54.452
2026-09-29 07:24:00,767.93,768.2,767.93,768.2,44.159
2026-09-29 07:25:00,768.2,768.52,768.04,768.39,218.427
2026-09-29 07:26:00,768.39,768.39,767.98,768.13,54.996
2026-09-29 07:27:00,768.12,768.17,767.99,768.14,62.036
2026-09-29 07:28:00,768.12,768.13,767.63,767.84,28.649
2026-09-29 07:29:00,767.83,768.15,767.83,767.9,184.871
2026-09-29 07:30:00,767.9,767.95,767.64,767.68,37.127
2026-09-29 07:31:00,767.67,767.68,767.22,767.5,42.449
2026-09-29 07:32:00,767.49,768.38,767.49,768.34,84.472
2026-09-29 07:33:00,768.35,768.48,767.9,768.09,143.945
2026-09-29 07:34:00,768.1,768.64,768.1,768.64,220.495
2026-09-29 07:35:00,768.64,768.74,768.53,768.71,39.925
2026-09-29 07:36:00,768.71,768.8,768.61,768.79,37.79
2026-09-29 07:37:00,768.8,768.8,768.59,768.62,59.14
2026-09-29 07:38:00,768.62,768.73,768.44,768.73,70.304
2026-09-29 07:39:00,768.72,769.33,768.72,769.21,3248.511
2026-09-29 07:40:00,769.22,769.32,768.95,769.32,165.68
2026-09-29 07:41:00,769.32,769.32,769.07,769.07,185.625
2026-09-29 07:42:00,769.05,769.13,768.72,768.73,93.271
2026-09-29 07:43:00,768.72,768.73,768.4,768.43,46.334
2026-09-29 07:44:00,768.44,768.44,768.25,768.41,95.044
2026-09-29 07:45:00,768.41,768.44,768.16,768.3,23.932
2026-09-29 07:46:00,768.29,768.37,768.12,768.16,34.81
2026-09-29 07:47:00,768.16,768.52,768.16,768.51,102.228
2026-09-29 07:48:00,768.51,768.52,768.44,768.45,57.015
2026-09-29 07:49:00,768.45,768.52,768.45,768.49,8.097
2026-09-29 07:50:00,768.49,768.64,768.43,768.64,73.726
2026-09-29 07:51:00,768.64,768.64,768.48,768.64,88.394
2026-09-29 07:52:00,768.64,768.72,763.1,765.72,6840.106
2026-09-29 07:53:00,765.74,766.58,765.74,766.58,141.943
2026-09-29 07:54:00,766.58,767.2,766.57,766.99,241.234
2026-09-29 07:55:00,767.0,767.0,765.65,765.84,222.814
2026-09-29 07:56:00,765.83,766.03,765.82,766.02,50.9
2026-09-29 07:57:00,766.02,766.03,765.9,766.0,32.878
2026-09-29 07:58:00,765.99,766.0,765.61,765.61,38.58
2026-09-29 07:59:00,765.6,765.69,765.5,765.69,39.354
2026-09-29 08:00:00,765.69,766.26,765.69,766.26,125.452
2026-09-29 08:01:00,766.26,766.26,765.68,765.94,149.723
2026-09-29 08:02:00,765.95,766.1,765.73,765.8,91.892
2026-09-29 08:03:00,765.79,765.79,765.33,765.54,35.073
2026-09-29 08:04:00,765.53,765.67,765.02,765.21,72.633
2026-09-29 08:05:00,765.21,765.29,764.98,765.26,110.205
2026-09-29 08:06:00,765.25,765.29,764.89,764.9,92.425
2026-09-29 08:07:00,764.91,764.91,764.45,764.46,79.215
2026-09-29 08:08:00,764.46,764.58,764.12,764.41,80.214
2026-09-29 08:09:00,764.4,764.67,764.37,764.47,33.322
2026-09-29 08:10:00,764.47,764.98,764.46,764.71,119.96
2026-09-29 08:11:00,764.71,764.82,764.41,764.69,172.254
2026-09-29 08:12:00,764.7,765.03,764.69,765.01,28.446
2026-09-29 08:13:00,765.01,765.12,764.69,765.11,84.809
2026-09-29 08:14:00,765.1,765.14,764.85,764.86,18.222
2026-09-29 08:15:00,764.86,765.55,764.86,765.55,36.466
2026-09-29 08:16:00,765.56,766.05,765.56,766.0,108.178
2026-09-29 08:17:00,766.01,766.19,765.72,765.72,35.579
2026-09-29 08:18:00,765.73,765.84,765.59,765.61,17.715
2026-09-29 08:19:00,765.6,766.0,765.55,765.92,34.103
2026-09-29 08:20:00,765.92,766.47,765.92,766.46,22.262
2026-09-29 08:21:00,766.47,767.5,766.47,767.5,257.343
2026-09-29 08:22:00,767.5,768.31,767.5,767.72,154.741
2026-09-29 08:23:00,767.71,767.71,766.41,767.13,432.225
2026-09-29 08:24:00,767.14,767.14,766.43,766.99,155.776
2026-09-29 08:25:00,766.99,767.46,766.75,767.39,64.135
2026-09-29 08:26:00,767.39,767.5,766.93,767.1,58.084
2026-09-29 08:27:00,767.1,767.23,766.9,767.11,82.347
2026-09-29 08:28:00,767.12,767.27,766.94,767.02,40.301
2026-09-29 08:29:00,767.02,767.03,766.94,766.97,44.587
2026-09-29 08:30:00,766.98,767.02,766.32,766.33,41.56
2026-09-29 08:31:00,766.32,766.39,766.17,766.31,88.437
2026-09-29 08:32:00,766.31,766.31,765.96,765.97,80.969
2026-09-29 08:33:00,765.97,765.97,765.54,765.54,80.693
2026-09-29 08:34:00,765.55,765.78,765.4,765.54,75.796
2026-09-29 08:35:00,765.52,765.57,765.33,765.33,26.2
2026-09-29 08:36:00,765.33,765.34,764.72,764.79,90.302
2026-09-29 08:37:00,764.79,764.87,764.48,764.76,46.714
2026-09-29 08:38:00,764.76,764.87,764.48,764.71,196.511
2026-09-29 08:39:00,764.72,765.0,764.72,764.93,37.428
2026-09-29 08:40:00,764.92,765.0,764.13,764.17,102.909
2026-09-29 08:41:00,764.17,764.45,763.91,764.44,53.823
2026-09-29 08:42:00,764.45,764.73,764.45,764.73,145.885
2026-09-29 08:43:00,764.72,764.88,764.65,764.65,43.285
2026-09-29 08:44:00,764.66,764.66,764.19,764.21,33.688
2026-09-29 08:45:00,764.22,764.25,764.0,764.24,104.536
2026-09-29 08:46:00,764.25,764.25,763.8,763.81,135.818
2026-09-29 08:47:00,763.8,763.89,763.59,763.59,50.436
2026-09-29 08:48:00,763.59,764.41,763.55,764.38,58.562
2026-09-29 08:49:00,764.39,764.67,764.38,764.49,133.759
2026-09-29 08:50:00,764.5,764.57,764.1,764.49,50.577
2026-09-29 08:51:00,764.5,764.5,764.3,764.3,29.012
2026-09-29 08:52:00,764.3,764.3,763.74,763.74,46.262
2026-09-29 08:53:00,763.73,763.92,763.73,763.81,42.654
2026-09-29 08:54:00,763.82,763.91,763.71,763.87,37.279
2026-09-29 08:55:00,763.87,764.1,763.86,763.98,62.363
2026-09-29 08:56:00,763.97,764.05,763.9,764.03,54.31
2026-09-29 08:57:00,764.04,764.04,763.9,764.03,39.985
2026-09-29 08:58:00,764.04,764.04,763.83,763.93,23.513
2026-09-29 08:59:00,763.93,763.95,763.89,763.9,34.999
2026-09-29 09:00:00,763.91,763.91,763.47,763.86,69.998
2026-09-29 09:01:00,763.85,764.22,763.7,764.05,58.864
2026-09-29 09:02:00,764.06,764.06,763.7,763.7,22.293
2026-09-29 09:03:00,763.7,763.71,763.29,763.29,77.75
2026-09-29 09:04:00,763.29,764.11,763.29,764.11,61.572
2026-09-29 09:05:00,764.11,764.11,763.68,763.69,108.947
2026-09-29 09:06:00,763.68,763.97,763.58,763.93,34.62
2026-09-29 09:07:00,763.93,763.93,763.55,763.56,52.019
2026-09-29 09:08:00,763.57,763.7,763.39,763.59,15.448
2026-09-29 09:09:00,763.6,763.6,763.39,763.44,15.795
2026-09-29 09:10:00,763.45,763.7,763.39,763.43,55.817
2026-09-29 09:11:00,763.42,763.43,763.29,763.34,47.329
2026-09-29 09:12:00,763.34,763.5,763.26,763.37,33.796
2026-09-29 09:13:00,763.38,763.5,763.37,763.44,25.758
2026-09-29 09:14:00,763.45,763.5,763.42,763.43,24.925
2026-09-29 09:15:00,763.42,763.5,763.32,763.47,22.423
2026-09-29 09:16:00,763.47,763.66,763.47,763.61,67.316
2026-09-29 09:17:00,763.62,763.7,763.58,763.7,82.242
2026-09-29 09:18:00,763.7,763.83,763.68,763.83,205.524
2026-09-29 09:19:00,763.82,763.83,763.67,763.67,35.758
2026-09-29 09:20:00,763.68,763.83,763.61,763.62,61.52
2026-09-29 09:21:00,763.62,763.71,763.61,763.7,32.984
2026-09-29 09:22:00,763.71,763.71,763.3,763.36,56.106
2026-09-29 09:23:00,763.35,763.36,763.08,763.09,35.74
2026-09-29 09:24:00,763.09,763.3,763.08,763.29,75.761
2026-09-29 09:25:00,763.3,763.36,763.25,763.36,64.434
2026-09-29 09:26:00,763.36,763.36,763.28,763.36,23.87
2026-09-29 09:27:00,763.35,763.67,763.35,763.66,278.774
2026-09-29 09:28:00,763.66,763.71,763.64,763.64,38.122
2026-09-29 09:29:00,763.65,763.65,763.17,763.17,83.327
2026-09-29 09:30:00,763.18,763.2,763.0,763.0,118.199
2026-09-29 09:31:00,763.0,763.27,762.99,763.27,201.269
2026-09-29 09:32:00,763.27,763.55,763.26,763.54,147.124
2026-09-29 09:33:00,763.54,763.79,763.53,763.79,179.411
2026-09-29 09:34:00,763.79,763.89,763.78,763.84,97.592
2026-09-29 09:35:00,763.84,763.88,763.54,763.75,108.515
2026-09-29 09:36:00,763.75,763.8,763.51,763.79,29.952
2026-09-29 09:37:00,763.79,763.91,763.75,763.91,113.335
2026-09-29 09:38:00,763.91,764.09,763.9,764.08,187.186
2026-09-29 09:39:00,764.09,764.09,763.96,764.09,32.843
2026-09-29 09:40:00,764.09,764.09,763.89,763.89,69.365
2026-09-29 09:41:00,763.89,764.05,763.89,764.05,33.856
2026-09-29 09:42:00,764.05,764.05,763.88,763.95,34.006
2026-09-29 09:43:00,763.94,764.12,763.94,764.12,197.243
2026-09-29 09:44:00,764.12,764.12,764.06,764.12,26.124
2026-09-29 09:45:00,764.12,764.29,764.05,764.06,182.668
2026-09-29 09:46:00,764.06,764.15,764.05,764.15,32.131
2026-09-29 09:47:00,764.15,765.29,764.14,765.16,394.679
2026-09-29 09:48:00,765.17,765.2,764.94,765.05,117.74
2026-09-29 09:49:00,765.05,765.26,764.8,765.26,297.203
2026-09-29 09:50:00,765.25,765.58,765.25,765.58,350.851
2026-09-29 09:51:00,765.57,765.58,765.03,765.04,254.599
2026-09-29 09:52:00,765.04,765.08,764.73,765.03,56.191
2026-09-29 09:53:00,765.03,765.36,764.98,765.34,146.936
2026-09-29 09:54:00,765.35,765.58,765.3,765.31,46.189
2026-09-29 09:55:00,765.31,765.66,765.23,765.52,149.822
2026-09-29 09:56:00,765.52,765.63,765.13,765.14,92.864
2026-09-29 09:57:00,765.14,765.14,764.99,765.0,19.007
2026-09-29 09:58:00,765.0,765.0,764.84,764.99,41.757
2026-09-29 09:59:00,764.99,764.99,764.93,764.95,11.728
2026-09-29 10:00:00,764.95,764.95,764.44,764.44,39.759
2026-09-29 10:01:00,764.45,764.48,764.37,764.48,27.628
2026-09-29 10:02:00,764.48,764.48,764.07,764.07,69.025
2026-09-29 10:03:00,764.07,764.2,764.04,764.09,55.306
2026-09-29 10:04:00,764.08,764.13,764.08,764.09,67.525
2026-09-29 10:05:00,764.09,764.2,764.09,764.2,46.816
2026-09-29 10:06:00,764.2,764.3,764.08,764.22,153.608
2026-09-29 10:07:00,764.22,764.34,764.21,764.34,79.524
2026-09-29 10:08:00,764.34,764.38,764.31,764.37,84.446
2026-09-29 10:09:00,764.37,764.88,764.37,764.87,201.468
2026-09-29 10:10:00,764.87,764.99,764.82,764.96,37.447
2026-09-29 10:11:00,764.97,765.2,764.96,765.11,31.182
2026-09-29 10:12:00,765.1,765.17,764.88,765.02,33.711
2026-09-29 10:13:00,765.01,765.02,764.89,764.89,27.962
2026-09-29 10:14:00,764.9,764.9,764.49,764.54,89.31
2026-09-29 10:15:00,764.55,764.84,764.54,764.83,143.669
2026-09-29 10:16:00,764.82,765.0,764.72,764.72,45.431
2026-09-29 10:17:00,764.72,764.79,764.23,764.41,147.12
2026-09-29 10:18:00,764.41,764.41,764.07,764.08,45.884
2026-09-29 10:19:00,764.08,764.09,764.0,764.01,29.305
2026-09-29 10:20:00,764.0,764.01,763.91,763.92,28.989
2026-09-29 10:21:00,763.92,763.92,763.6,763.63,125.248
2026-09-29 10:22:00,763.63,763.95,763.62,763.83,34.186
2026-09-29 10:23:00,763.84,763.92,763.68,763.8,34.741
2026-09-29 10:24:00,763.8,763.9,763.79,763.81,67.466
2026-09-29 10:25:00,763.8,764.0,763.8,764.0,15.137
2026-09-29 10:26:00,764.0,764.0,763.84,763.92,22.702
2026-09-29 10:27:00,763.91,763.99,763.91,763.99,20.45
2026-09-29 10:28:00,763.98,764.03,763.98,764.03,33.889
2026-09-29 10:29:00,764.03,764.27,764.03,764.26,17.765
2026-09-29 10:30:00,764.27,764.3,764.09,764.11,21.468
2026-09-29 10:31:00,764.11,764.17,764.08,764.08,17.374
2026-09-29 10:32:00,764.08,764.3,763.97,764.22,75.021
2026-09-29 10:33:00,764.22,764.23,763.85,763.85,89.541
2026-09-29 10:34:00,763.86,764.13,763.74,763.96,112.227
2026-09-29 10:35:00,763.95,764.03,763.75,763.94,14.939
2026-09-29 10:36:00,763.94,763.94,763.71,763.79,68.569
2026-09-29 10:37:00,763.79,763.89,763.54,763.56,33.483
2026-09-29 10:38:00,763.57,763.65,763.46,763.47,10.872
2026-09-29 10:39:00,763.46,763.59,763.36,763.59,76.56
2026-09-29 10:40:00,763.59,764.07,763.58,764.05,40.992
2026-09-29 10:41:00,764.05,764.05,763.54,763.54,33.878
2026-09-29 10:42:00,763.54,763.7,763.51,763.51,21.408
2026-09-29 10:43:00,763.51,763.54,763.18,763.31,53.142
2026-09-29 10:44:00,763.31,763.45,763.29,763.45,24.73
2026-09-29 10:45:00,763.45,763.66,763.36,763.65,31.664
2026-09-29 10:46:00,763.65,763.9,763.64,763.9,14.423
2026-09-29 10:47:00,763.89,763.9,763.37,763.56,38.114
2026-09-29 10:48:00,763.56,763.6,763.4,763.51,24.687
2026-09-29 10:49:00,763.51,763.58,763.3,763.3,39.745
2026-09-29 10:50:00,763.3,763.41,763.3,763.39,71.369
2026-09-29 10:51:00,763.39,763.7,763.38,763.55,88.786
2026-09-29 10:52:00,763.55,763.85,763.55,763.75,40.213
2026-09-29 10:53:00,763.76,763.97,763.76,763.92,40.285
2026-09-29 10:54:00,763.93,763.96,763.92,763.95,6.056
2026-09-29 10:55:00,763.95,764.2,763.92,764.11,29.782
2026-09-29 10:56:00,764.11,764.2,764.02,764.11,21.847
2026-09-29 10:57:00,764.11,764.11,763.97,764.01,27.793
2026-09-29 10:58:00,764.01,764.3,764.01,764.25,21.873
2026-09-29 10:59:00,764.26,764.35,764.26,764.3,37.324
2026-09-29 11:00:00,764.3,764.4,764.17,764.31,20.34
2026-09-29 11:01:00,764.3,764.5,764.26,764.36,41.796
2026-09-29 11:02:00,764.35,764.35,764.03,764.28,28.824
2026-09-29 11:03:00,764.29,764.49,764.07,764.38,22.021
2026-09-29 11:04:00,764.37,764.37,763.92,763.92,16.935
2026-09-29 11:05:00,763.93,763.94,763.58,763.93,60.736
2026-09-29 11:06:00,763.94,764.49,763.94,764.49,32.444
2026-09-29 11:07:00,764.49,764.49,764.24,764.4,35.974
2026-09-29 11:08:00,764.39,764.5,764.0,764.0,34.723
2026-09-29 11:09:00,764.01,764.02,763.65,763.85,55.998
2026-09-29 11:10:00,763.86,763.92,763.5,763.51,63.702
2026-09-29 11:11:00,763.51,763.87,763.51,763.87,47.629
2026-09-29 11:12:00,763.86,764.22,763.84,764.02,51.486
2026-09-29 11:13:00,764.01,764.01,763.67,763.68,34.141
2026-09-29 11:14:00,763.67,763.67,763.45,763.61,39.428
2026-09-29 11:15:00,763.61,763.67,763.45,763.45,16.532
2026-09-29 11:16:00,763.44,763.67,763.4,763.66,38.095
2026-09-29 11:17:00,763.67,763.7,763.52,763.6,85.386
2026-09-29 11:18:00,763.61,764.03,763.6,764.03,38.293
2026-09-29 11:19:00,764.02,764.03,763.64,763.64,65.04
2026-09-29 11:20:00,763.63,763.7,763.44,763.7,47.687
2026-09-29 11:21:00,763.69,763.78,763.5,763.77,31.505
2026-09-29 11:22:00,763.77,763.9,763.77,763.88,36.042
2026-09-29 11:23:00,763.88,763.88,763.68,763.68,41.727
2026-09-29 11:24:00,763.68,763.95,763.68,763.93,31.627
2026-09-29 11:25:00,763.92,764.0,763.88,763.89,33.111
2026-09-29 11:26:00,763.88,764.1,763.88,764.1,35.078
2026-09-29 11:27:00,764.1,764.1,763.89,763.89,76.664
2026-09-29 11:28:00,763.9,763.9,763.85,763.88,33.917
2026-09-29 11:29:00,763.87,763.88,763.8,763.84,32.524
2026-09-29 11:30:00,763.84,764.14,763.83,764.13,48.848
2026-09-29 11:31:00,764.12,764.21,764.12,764.2,22.012
2026-09-29 11:32:00,764.21,765.4,764.21,765.4,56.657
2026-09-29 11:33:00,765.39,765.53,765.03,765.5,70.359
2026-09-29 11:34:00,765.51,765.78,765.51,765.71,86.465
2026-09-29 11:35:00,765.72,765.99,765.66,765.98,65.305
2026-09-29 11:36:00,765.98,766.3,765.66,765.67,189.303
2026-09-29 11:37:00,765.67,765.85,764.92,764.93,121.831
2026-09-29 11:38:00,764.92,765.5,764.92,765.42,47.647
2026-09-29 11:39:00,765.42,765.51,765.1,765.32,35.543
2026-09-29 11:40:00,765.32,765.33,765.13,765.19,35.43
2026-09-29 11:41:00,765.2,765.2,764.99,765.01,57.334
2026-09-29 11:42:00,765.01,765.01,764.82,764.89,30.785
2026-09-29 11:43:00,764.89,765.18,764.8,765.18,29.743
2026-09-29 11:44:00,765.17,765.62,765.17,765.62,21.843
2026-09-29 11:45:00,765.62,765.88,765.57,765.78,22.93
2026-09-29 11:46:00,765.77,766.32,765.77,766.32,44.09
2026-09-29 11:47:00,766.33,766.33,766.23,766.25,30.486
2026-09-29 11:48:00,766.24,766.5,766.07,766.5,172.458
2026-09-29 11:49:00,766.5,767.0,765.99,766.77,235.461
2026-09-29 11:50:00,766.78,767.36,766.59,767.1,139.684
2026-09-29 11:51:00,767.1,767.27,765.92,766.02,150.949
2026-09-29 11:52:00,766.01,766.66,766.01,766.53,47.724
2026-09-29 11:53:00,766.53,766.65,766.48,766.52,42.735
2026-09-29 11:54:00,766.52,766.59,766.23,766.58,136.896
2026-09-29 11:55:00,766.59,766.59,766.47,766.47,38.08
2026-09-29 11:56:00,766.47,766.62,766.4,766.59,125.275
2026-09-29 11:57:00,766.59,767.04,766.58,766.94,102.075
2026-09-29 11:58:00,766.94,767.22,766.81,766.82,61.84
2026-09-29 11:59:00,766.82,766.91,766.77,766.78,32.181
2026-09-29 12:00:00,766.78,766.82,766.18,766.59,54.9
2026-09-29 12:01:00,766.59,766.93,766.59,766.71,37.648
2026-09-29 12:02:00,766.72,766.76,766.6,766.68,44.746
2026-09-29 12:03:00,766.68,766.71,766.23,766.23,173.813
2026-09-29 12:04:00,766.22,766.94,766.17,766.79,71.292
2026-09-29 12:05:00,766.78,766.78,766.2,766.55,32.912
2026-09-29 12:06:00,766.54,766.57,766.17,766.18,52.216
2026-09-29 12:07:00,766.18,766.42,766.0,766.08,35.276
2026-09-29 12:08:00,766.07,766.08,765.91,765.96,38.645
2026-09-29 12:09:00,765.95,766.22,765.85,766.1,33.753
2026-09-29 12:10:00,766.09,766.1,766.01,766.02,24.184
2026-09-29 12:11:00,766.02,766.02,765.86,765.88,26.858
2026-09-29 12:12:00,765.88,766.08,765.86,765.86,42.703
2026-09-29 12:13:00,765.87,766.07,765.86,765.97,39.866
2026-09-29 12:14:00,765.97,766.07,765.88,765.94,26.851
2026-09-29 12:15:00,765.94,767.0,765.93,766.57,24.361
2026-09-29 12:16:00,766.56,767.15,766.51,767.15,32.938
2026-09-29 12:17:00,767.15,767.6,766.8,767.43,157.242
2026-09-29 12:18:00,767.43,767.8,766.86,767.04,188.975
2026-09-29 12:19:00,767.03,767.03,765.65,765.86,92.536
2026-09-29 12:20:00,765.86,766.21,765.45,765.69,839.823
2026-09-29 12:21:00,765.69,765.74,765.1,765.1,68.779
2026-09-29 12:22:00,765.11,765.54,765.1,765.27,41.517
2026-09-29 12:23:00,765.28,765.33,765.01,765.15,46.782
2026-09-29 12:24:00,765.15,765.2,764.93,764.98,104.232
2026-09-29 12:25:00,764.99,764.99,764.58,764.86,161.478
2026-09-29 12:26:00,764.86,765.14,764.68,765.14,43.764
2026-09-29 12:27:00,765.14,765.49,764.91,765.18,32.631
2026-09-29 12:28:00,765.19,765.38,764.88,764.97,38.89
2026-09-29 12:29:00,764.96,765.03,764.88,765.03,42.87
2026-09-29 12:30:00,765.03,765.47,764.97,765.18,89.305
2026-09-29 12:31:00,765.18,765.34,765.0,765.2,31.843
2026-09-29 12:32:00,765.2,765.54,765.15,765.22,42.803
2026-09-29 12:33:00,765.22,765.28,764.81,764.96,155.501
2026-09-29 12:34:00,764.97,765.56,764.97,765.49,74.426
2026-09-29 12:35:00,765.49,766.02,765.46,765.66,47.84
2026-09-29 12:36:00,765.65,765.83,765.52,765.59,33.488
2026-09-29 12:37:00,765.59,766.47,765.59,766.47,138.674
2026-09-29 12:38:00,766.47,766.86,766.46,766.86,69.408
2026-09-29 12:39:00,766.85,767.01,766.73,766.75,248.47
2026-09-29 12:40:00,766.75,766.76,766.26,766.71,144.399
2026-09-29 12:41:00,766.71,767.03,766.56,766.8,166.39
2026-09-29 12:42:00,766.81,766.89,766.53,766.6,59.202
2026-09-29 12:43:00,766.58,766.58,765.98,766.26,71.096
2026-09-29 12:44:00,766.25,766.42,765.99,766.38,30.159
2026-09-29 12:45:00,766.39,766.39,765.14,765.14,206.038
2026-09-29 12:46:00,765.15,765.48,765.0,765.05,151.76
2026-09-29 12:47:00,765.06,765.69,765.05,765.33,67.872
2026-09-29 12:48:00,765.33,765.53,765.12,765.52,104.913
2026-09-29 12:49:00,765.52,765.52,765.21,765.33,35.14
2026-09-29 12:50:00,765.33,765.33,765.06,765.27,42.02
2026-09-29 12:51:00,765.26,765.35,765.0,765.34,72.638
2026-09-29 12:52:00,765.35,765.74,765.35,765.48,70.469
2026-09-29 12:53:00,765.47,765.53,765.17,765.24,33.761
2026-09-29 12:54:00,765.24,765.59,765.14,765.57,72.096
2026-09-29 12:55:00,765.57,765.61,765.38,765.44,88.555
2026-09-29 12:56:00,765.44,765.87,765.39,765.82,74.974
2026-09-29 12:57:00,765.81,765.87,765.66,765.66,27.136
2026-09-29 12:58:00,765.65,765.75,765.43,765.45,85.602
2026-09-29 12:59:00,765.45,765.79,765.45,765.69,53.065
2026-09-29 13:00:00,765.69,765.84,765.41,765.47,65.838
2026-09-29 13:01:00,765.48,765.48,764.89,765.35,65.929
2026-09-29 13:02:00,765.35,765.49,765.29,765.38,32.817
2026-09-29 13:03:00,765.38,765.44,764.93,764.98,43.563
2026-09-29 13:04:00,764.98,765.09,764.89,765.09,76.253
2026-09-29 13:05:00,765.09,765.35,765.07,765.31,48.601
2026-09-29 13:06:00,765.32,765.32,765.09,765.28,38.44
2026-09-29 13:07:00,765.29,765.84,765.28,765.84,122.427
2026-09-29 13:08:00,765.85,766.0,765.84,766.0,57.163
2026-09-29 13:09:00,766.0,766.37,765.99,766.37,51.17
2026-09-29 13:10:00,766.37,766.37,766.06,766.07,66.211
2026-09-29 13:11:00,766.06,766.06,765.68,765.98,38.243
2026-09-29 13:12:00,765.98,766.07,765.7,765.83,51.879
2026-09-29 13:13:00,765.83,765.9,765.73,765.9,35.711
2026-09-29 13:14:00,765.89,766.06,765.84,765.85,29.296
2026-09-29 13:15:00,765.84,766.07,765.37,765.81,224.601
2026-09-29 13:16:00,765.82,766.15,765.82,766.14,61.239
2026-09-29 13:17:00,766.13,766.75,766.13,766.74,219.545
2026-09-29 13:18:00,766.75,766.78,766.23,766.27,335.078
2026-09-29 13:19:00,766.27,766.64,766.27,766.63,55.461
2026-09-29 13:20:00,766.63,766.67,766.45,766.46,20.608
2026-09-29 13:21:00,766.45,766.63,766.36,766.58,104.077
2026-09-29 13:22:00,766.58,766.59,766.31,766.51,43.604
2026-09-29 13:23:00,766.51,766.51,766.34,766.35,27.546
2026-09-29 13:24:00,766.35,766.66,766.32,766.66,58.144
2026-09-29 13:25:00,766.66,766.98,765.62,765.62,228.48
2026-09-29 13:26:00,765.62,766.04,765.62,765.97,128.276
2026-09-29 13:27:00,765.97,766.57,765.86,766.56,27.505
2026-09-29 13:28:00,766.56,766.75,766.3,766.36,66.608
2026-09-29 13:29:00,766.35,766.36,766.11,766.15,61.88
2026-09-29 13:30:00,766.16,766.16,764.73,765.25,209.706
2026-09-29 13:31:00,765.24,765.66,764.52,764.79,81.254
2026-09-29 13:32:00,764.79,765.17,764.48,764.48,70.426
2026-09-29 13:33:00,764.48,764.49,763.98,764.0,118.539
2026-09-29 13:34:00,764.0,764.55,763.98,764.55,71.399
2026-09-29 13:35:00,764.55,764.7,763.37,763.37,170.488
2026-09-29 13:36:00,763.37,764.4,763.37,764.29,134.554
2026-09-29 13:37:00,764.29,764.83,764.29,764.67,47.982
2026-09-29 13:38:00,764.66,765.0,764.47,765.0,45.33
2026-09-29 13:39:00,765.0,765.57,765.0,765.49,85.739
2026-09-29 13:40:00,765.48,765.52,764.74,764.79,251.732
2026-09-29 13:41:00,764.78,765.12,764.71,765.12,87.69
2026-09-29 13:42:00,765.11,765.23,765.0,765.0,38.618
2026-09-29 13:43:00,764.99,765.57,764.57,764.61,99.933
2026-09-29 13:44:00,764.58,764.82,764.47,764.72,73.314
2026-09-29 13:45:00,764.72,764.87,764.49,764.49,30.79
2026-09-29 13:46:00,764.49,764.78,764.11,764.11,84.212
2026-09-29 13:47:00,764.1,764.73,763.96,764.47,107.633
2026-09-29 13:48:00,764.48,764.64,764.15,764.15,84.327
2026-09-29 13:49:00,764.15,764.51,764.14,764.51,53.128
2026-09-29 13:50:00,764.51,764.74,764.27,764.66,58.529
2026-09-29 13:51:00,764.65,764.93,764.63,764.88,34.973
2026-09-29 13:52:00,764.87,765.43,764.87,765.39,67.923
2026-09-29 13:53:00,765.41,765.92,765.41,765.9,54.837
2026-09-29 13:54:00,765.9,766.18,765.9,766.11,218.272
2026-09-29 13:55:00,766.1,766.22,765.84,766.22,90.788
2026-09-29 13:56:00,766.21,766.45,765.9,765.9,42.626
2026-09-29 13:57:00,765.9,765.9,765.48,765.64,179.784
2026-09-29 13:58:00,765.64,765.64,765.24,765.27,34.365
2026-09-29 13:59:00,765.26,765.27,764.91,764.91,47.086
2026-09-29 14:00:00,764.92,765.64,764.91,765.34,104.212
2026-09-29 14:01:00,765.34,765.61,764.08,764.08,67.381
2026-09-29 14:02:00,764.07,764.07,763.28,763.55,174.374
2026-09-29 14:03:00,763.55,764.0,763.4,763.92,43.232
2026-09-29 14:04:00,763.93,763.93,763.44,763.69,32.017
2026-09-29 14:05:00,763.7,763.82,763.56,763.81,119.783
2026-09-29 14:06:00,763.81,763.81,762.94,763.24,322.074
2026-09-29 14:07:00,763.23,763.27,761.81,762.45,483.037
2026-09-29 14:08:00,762.46,763.14,762.45,762.72,120.916
2026-09-29 14:09:00,762.71,762.71,762.06,762.25,76.103
2026-09-29 14:10:00,762.25,762.7,762.16,762.66,53.784
2026-09-29 14:11:00,762.67,762.71,762.4,762.56,69.939
2026-09-29 14:12:00,762.55,762.55,762.24,762.41,80.461
2026-09-29 14:13:00,762.42,762.91,762.42,762.56,78.153
2026-09-29 14:14:00,762.56,762.82,762.37,762.38,35.909
2026-09-29 14:15:00,762.37,762.39,762.07,762.28,54.282
2026-09-29 14:16:00,762.29,762.29,761.72,762.0,111.059
2026-09-29 14:17:00,761.99,763.0,761.99,762.7,95.659
2026-09-29 14:18:00,762.69,763.33,762.67,763.32,27.533
2026-09-29 14:19:00,763.33,763.86,763.32,763.82,55.331
2026-09-29 14:20:00,763.82,764.31,763.26,763.31,126.197
2026-09-29 14:21:00,763.3,763.48,762.84,763.48,75.187
2026-09-29 14:22:00,763.48,763.54,763.27,763.53,38.019
2026-09-29 14:23:00,763.53,763.54,762.99,763.25,59.768
2026-09-29 14:24:00,763.25,763.25,762.73,763.11,43.839
2026-09-29 14:25:00,763.11,763.75,762.97,763.74,55.278
2026-09-29 14:26:00,763.74,764.09,763.74,764.08,43.486
2026-09-29 14:27:00,764.07,764.46,764.07,764.46,49.297
2026-09-29 14:28:00,764.46,764.53,764.24,764.25,163.253
2026-09-29 14:29:00,764.26,764.26,763.96,763.97,158.505
2026-09-29 14:30:00,763.97,764.08,763.54,764.08,59.272
2026-09-29 14:31:00,764.08,764.68,764.08,764.66,51.062
2026-09-29 14:32:00,764.66,764.77,764.13,764.54,72.005
2026-09-29 14:33:00,764.54,764.6,764.23,764.47,28.078
2026-09-29 14:34:00,764.47,764.69,764.37,764.37,45.015
2026-09-29 14:35:00,764.36,764.37,763.76,764.27,363.196
2026-09-29 14:36:00,764.26,764.27,763.49,763.52,37.527
2026-09-29 14:37:00,763.53,763.83,763.14,763.76,89.787
2026-09-29 14:38:00,763.76,764.78,763.76,764.76,94.08
2026-09-29 14:39:00,764.77,764.82,764.62,764.82,55.456
2026-09-29 14:40:00,764.82,765.51,764.81,765.28,107.185
2026-09-29 14:41:00,765.28,765.4,765.12,765.26,77.281
2026-09-29 14:42:00,765.27,765.74,765.08,765.53,137.704
2026-09-29 14:43:00,765.54,765.61,765.16,765.18,95.243
2026-09-29 14:44:00,765.17,765.17,764.57,764.82,30.258
2026-09-29 14:45:00,764.82,765.49,764.82,765.49,44.499
2026-09-29 14:46:00,765.49,766.0,765.4,765.92,47.695
2026-09-29 14:47:00,765.92,765.92,765.16,765.25,147.307
2026-09-29 14:48:00,765.25,765.59,765.25,765.36,36.697
2026-09-29 14:49:00,765.36,765.38,764.43,764.43,78.885
2026-09-29 14:50:00,764.43,764.44,763.45,763.96,71.621
2026-09-29 14:51:00,763.96,765.14,763.77,765.14,33.08
2026-09-29 14:52:00,765.14,765.15,763.97,764.33,215.342
2026-09-29 14:53:00,764.33,764.53,764.03,764.2,70.966
2026-09-29 14:54:00,764.2,764.31,764.01,764.31,55.75
2026-09-29 14:55:00,764.31,764.89,764.31,764.73,43.172
2026-09-29 14:56:00,764.73,764.77,764.56,764.77,30.155
2026-09-29 14:57:00,764.78,765.0,764.72,765.0,78.793
2026-09-29 14:58:00,765.0,765.06,764.63,764.63,46.122
2026-09-29 14:59:00,764.62,764.63,763.79,763.79,26.914
2026-09-29 15:00:00,763.8,763.87,762.64,762.78,232.185
2026-09-29 15:01:00,762.79,762.85,762.21,762.63,202.811
2026-09-29 15:02:00,762.62,763.07,762.03,762.03,168.41
2026-09-29 15:03:00,762.02,762.02,761.2,761.2,364.363
2026-09-29 15:04:00,761.2,761.76,760.92,760.92,214.243
2026-09-29 15:05:00,760.92,761.14,759.62,759.66,421.024
2026-09-29 15:06:00,759.66,761.08,759.32,761.01,171.0
2026-09-29 15:07:00,761.01,761.01,759.71,759.97,146.883
2026-09-29 15:08:00,759.97,760.12,759.4,759.92,87.025
2026-09-29 15:09:00,759.91,760.82,759.9,760.81,85.313
2026-09-29 15:10:00,760.82,761.45,760.7,760.82,65.373
2026-09-29 15:11:00,760.81,760.91,760.36,760.51,91.131
2026-09-29 15:12:00,760.5,760.5,759.24,759.24,95.784
2026-09-29 15:13:00,759.23,759.23,758.44,758.82,255.135
2026-09-29 15:14:00,758.81,759.47,758.64,759.43,88.437
2026-09-29 15:15:00,759.43,760.03,759.36,760.03,52.302
2026-09-29 15:16:00,760.03,760.26,760.01,760.08,76.568
2026-09-29 15:17:00,760.08,760.26,759.44,759.44,65.615
2026-09-29 15:18:00,759.45,759.6,758.51,758.51,75.213
2026-09-29 15:19:00,758.51,758.86,758.34,758.42,126.347
2026-09-29 15:20:00,758.43,758.73,758.28,758.3,84.694
2026-09-29 15:21:00,758.32,759.12,758.01,758.92,214.34
2026-09-29 15:22:00,758.93,759.26,758.32,758.32,124.367
2026-09-29 15:23:00,758.32,758.32,757.28,757.29,280.302
2026-09-29 15:24:00,757.28,757.28,756.0,756.23,421.725
2026-09-29 15:25:00,756.22,756.22,755.4,755.66,385.959
2026-09-29 15:26:00,755.66,755.75,755.1,755.11,390.189
2026-09-29 15:27:00,755.11,755.11,754.1,754.12,681.056
2026-09-29 15:28:00,754.12,754.5,753.47,754.22,762.875
2026-09-29 15:29:00,754.22,754.92,754.22,754.7,190.768
2026-09-29 15:30:00,754.7,755.82,754.53,755.3,242.565
2026-09-29 15:31:00,755.3,755.31,754.35,755.16,209.863
2026-09-29 15:32:00,755.17,755.94,755.07,755.81,131.753
2026-09-29 15:33:00,755.81,755.94,755.27,755.27,134.699
2026-09-29 15:34:00,755.26,755.64,754.9,754.92,133.499
2026-09-29 15:35:00,754.93,755.56,754.56,755.29,123.27
2026-09-29 15:36:00,755.28,755.51,755.05,755.17,162.889
2026-09-29 15:37:00,755.17,755.38,755.0,755.05,101.878
2026-09-29 15:38:00,755.05,755.15,755.0,755.04,76.845
2026-09-29 15:39:00,755.04,755.33,755.04,755.33,96.078
2026-09-29 15:40:00,755.34,755.57,755.27,755.57,64.041
2026-09-29 15:41:00,755.57,756.2,755.53,755.69,1242.241
2026-09-29 15:42:00,755.68,755.87,755.51,755.51,128.012
2026-09-29 15:43:00,755.52,755.52,755.1,755.24,130.146
2026-09-29 15:44:00,755.24,755.69,755.1,755.62,73.963
2026-09-29 15:45:00,755.63,756.35,755.63,755.77,170.381
2026-09-29 15:46:00,755.78,755.98,755.0,755.01,214.094
2026-09-29 15:47:00,755.01,756.41,754.69,756.4,322.571
2026-09-29 15:48:00,756.4,757.09,755.85,756.89,154.398
2026-09-29 15:49:00,756.89,756.9,756.27,756.27,79.729
2026-09-29 15:50:00,756.28,756.33,755.43,755.56,176.033
2026-09-29 15:51:00,755.56,755.68,755.01,755.02,74.263
2026-09-29 15:52:00,755.02,755.19,754.3,754.3,90.118
2026-09-29 15:53:00,754.31,754.72,754.0,754.0,177.44
2026-09-29 15:54:00,754.0,754.1,753.47,754.07,496.377
2026-09-29 15:55:00,754.08,754.63,753.96,754.22,93.695
2026-09-29 15:56:00,754.22,754.56,754.21,754.4,66.135
2026-09-29 15:57:00,754.41,754.65,753.53,753.54,140.842
2026-09-29 15:58:00,753.54,753.78,753.53,753.58,51.972
2026-09-29 15:59:00,753.59,753.78,753.0,753.59,824.41
2026-09-29 16:00:00,753.6,754.15,753.42,754.14,157.221
2026-09-29 16:01:00,754.15,754.79,754.08,754.57,153.341
2026-09-29 16:02:00,754.57,755.02,754.16,754.97,218.944
2026-09-29 16:03:00,754.97,754.97,754.54,754.61,140.509
2026-09-29 16:04:00,754.61,754.61,754.0,754.0,69.703
2026-09-29 16:05:00,754.01,754.72,753.76,754.72,210.085
2026-09-29 16:06:00,754.71,754.82,754.46,754.47,75.115
2026-09-29 16:07:00,754.47,754.64,754.0,754.63,159.179
2026-09-29 16:08:00,754.64,754.65,754.51,754.57,34.435
2026-09-29 16:09:00,754.57,754.75,754.56,754.66,105.238
2026-09-29 16:10:00,754.67,755.52,754.67,755.25,87.425
2026-09-29 16:11:00,755.25,755.52,754.65,755.31,103.015
2026-09-29 16:12:00,755.31,755.52,755.07,755.11,39.76
2026-09-29 16:13:00,755.11,755.25,755.01,755.1,48.004
2026-09-29 16:14:00,755.1,755.12,754.37,755.04,64.135
2026-09-29 16:15:00,755.04,755.43,754.93,755.14,66.142
2026-09-29 16:16:00,755.15,756.01,754.87,756.0,114.197
2026-09-29 16:17:00,756.01,756.46,755.83,755.83,85.285
2026-09-29 16:18:00,755.83,756.0,755.51,755.94,67.855
2026-09-29 16:19:00,755.95,756.08,755.62,756.08,61.61
2026-09-29 16:20:00,756.08,757.0,756.08,756.64,82.026
2026-09-29 16:21:00,756.65,757.09,756.65,756.72,26.441
2026-09-29 16:22:00,756.73,757.23,756.73,757.04,91.018
2026-09-29 16:23:00,757.03,757.05,756.51,756.76,46.503
2026-09-29 16:24:00,756.76,756.88,756.5,756.5,69.155
2026-09-29 16:25:00,756.5,756.59,756.25,756.58,32.08
2026-09-29 16:26:00,756.58,756.74,756.53,756.73,27.775
2026-09-29 16:27:00,756.75,757.1,756.74,756.92,76.688
2026-09-29 16:28:00,756.92,757.07,756.72,756.72,51.869
2026-09-29 16:29:00,756.7,756.75,756.49,756.6,41.891
2026-09-29 16:30:00,756.61,756.61,755.76,755.87,97.013
2026-09-29 16:31:00,755.87,756.22,755.57,755.94,148.852
2026-09-29 16:32:00,755.95,756.41,755.75,755.78,52.429
2026-09-29 16:33:00,755.78,755.9,755.61,755.63,42.163
2026-09-29 16:34:00,755.63,755.91,755.47,755.91,136.451
2026-09-29 16:35:00,755.9,756.61,755.9,756.32,102.2
2026-09-29 16:36:00,756.32,756.6,756.13,756.5,95.649
2026-09-29 16:37:00,756.5,756.6,756.15,756.33,53.146
2026-09-29 16:38:00,756.33,756.59,756.24,756.32,34.377
2026-09-29 16:39:00,756.32,756.32,755.52,755.52,36.642
2026-09-29 16:40:00,755.51,755.51,754.8,754.84,104.545
2026-09-29 16:41:00,754.84,755.15,754.46,754.46,80.068
2026-09-29 16:42:00,754.46,754.7,754.11,754.14,65.155
2026-09-29 16:43:00,754.13,754.13,753.65,753.66,180.922
2026-09-29 16:44:00,753.65,753.67,753.5,753.51,73.067
2026-09-29 16:45:00,753.5,753.6,752.2,752.43,430.453
2026-09-29 16:46:00,752.43,753.95,752.43,753.89,145.9
2026-09-29 16:47:00,753.88,754.14,753.48,753.48,100.992
2026-09-29 16:48:00,753.48,753.49,752.97,753.32,85.512
2026-09-29 16:49:00,753.32,753.41,752.68,752.98,100.05
2026-09-29 16:50:00,752.99,753.52,752.8,753.52,64.107
2026-09-29 16:51:00,753.52,753.94,753.44,753.44,129.596
2026-09-29 16:52:00,753.45,753.52,753.1,753.16,85.863
2026-09-29 16:53:00,753.16,753.17,752.23,752.24,114.129
2026-09-29 16:54:00,752.23,752.32,752.19,752.24,80.545
2026-09-29 16:55:00,752.23,752.43,752.2,752.36,166.218
2026-09-29 16:56:00,752.36,752.54,752.22,752.54,164.057
2026-09-29 16:57:00,752.54,753.1,752.54,753.09,98.889
2026-09-29 16:58:00,753.09,753.81,753.09,753.68,204.864
2026-09-29 16:59:00,753.68,753.83,753.51,753.62,87.681
2026-09-29 17:00:00,753.63,753.73,753.38,753.38,90.753
2026-09-29 17:01:00,753.38,753.48,753.11,753.28,466.626
2026-09-29 17:02:00,753.27,753.37,752.9,752.96,79.118
2026-09-29 17:03:00,752.96,753.5,752.78,753.5,130.068
2026-09-29 17:04:00,753.51,753.81,753.41,753.41,68.483
2026-09-29 17:05:00,753.4,754.11,753.3,754.11,75.021
2026-09-29 17:06:00,754.1,754.53,754.1,754.44,85.272
2026-09-29 17:07:00,754.43,754.44,754.02,754.03,26.727
2026-09-29 17:08:00,754.03,754.32,753.95,754.31,59.803
2026-09-29 17:09:00,754.31,754.45,754.22,754.23,40.355
2026-09-29 17:10:00,754.23,754.34,753.95,753.95,56.822
2026-09-29 17:11:00,753.96,754.22,753.65,753.66,60.868
2026-09-29 17:12:00,753.66,753.79,753.42,753.78,49.838
2026-09-29 17:13:00,753.79,754.23,753.67,754.05,37.654
2026-09-29 17:14:00,754.06,754.53,754.05,754.53,44.024
2026-09-29 17:15:00,754.53,754.71,754.29,754.3,78.316
2026-09-29 17:16:00,754.3,754.3,753.22,753.43,71.215
2026-09-29 17:17:00,753.43,753.95,753.42,753.84,101.625
2026-09-29 17:18:00,753.84,754.11,753.79,753.8,48.118
2026-09-29 17:19:00,753.79,754.12,753.79,754.01,39.593
2026-09-29 17:20:00,754.01,754.02,753.26,753.26,47.233
2026-09-29 17:21:00,753.25,753.25,752.5,752.5,94.173
2026-09-29 17:22:00,752.5,752.68,752.49,752.53,73.108
2026-09-29 17:23:00,752.54,752.82,752.46,752.68,650.748
2026-09-29 17:24:00,752.67,752.85,752.47,752.56,84.023
2026-09-29 17:25:00,752.56,752.56,752.11,752.19,178.833
2026-09-29 17:26:00,752.19,752.28,752.14,752.27,92.446
2026-09-29 17:27:00,752.27,752.28,752.17,752.27,305.504
2026-09-29 17:28:00,752.27,752.98,752.1,752.2,1649.837
2026-09-29 17:29:00,752.2,753.38,752.19,753.37,132.202
2026-09-29 17:30:00,753.37,753.5,753.01,753.17,62.632
2026-09-29 17:31:00,753.18,753.49,753.08,753.44,44.779
2026-09-29 17:32:00,753.43,753.6,752.9,753.6,33.746
2026-09-29 17:33:00,753.63,753.78,753.33,753.33,12.652
2026-09-29 17:34:00,753.33,753.57,753.25,753.25,46.671
2026-09-29 17:35:00,753.25,753.25,752.66,752.77,102.213
2026-09-29 17:36:00,752.75,753.02,752.67,752.67,35.329
2026-09-29 17:37:00,752.67,752.8,752.57,752.61,75.336
2026-09-29 17:38:00,752.61,752.73,752.38,752.39,63.038
2026-09-29 17:39:00,752.39,752.58,752.26,752.46,56.522
2026-09-29 17:40:00,752.45,752.83,752.45,752.68,30.58
2026-09-29 17:41:00,752.68,753.12,752.68,752.97,49.681
2026-09-29 17:42:00,752.98,753.04,752.66,752.81,69.242
2026-09-29 17:43:00,752.82,752.82,752.5,752.5,81.964
2026-09-29 17:44:00,752.51,752.72,752.5,752.51,55.046
2026-09-29 17:45:00,752.5,752.76,752.5,752.63,29.22
2026-09-29 17:46:00,752.63,752.76,752.1,752.1,204.474
2026-09-29 17:47:00,752.1,752.43,751.94,752.17,284.122
2026-09-29 17:48:00,752.16,752.17,751.96,751.96,26.594
2026-09-29 17:49:00,751.97,752.18,751.45,751.49,166.963
2026-09-29 17:50:00,751.49,751.5,751.04,751.04,122.203
2026-09-29 17:51:00,751.04,751.53,750.47,751.33,521.8
2026-09-29 17:52:00,751.32,751.53,751.12,751.42,53.889
2026-09-29 17:53:00,751.41,751.42,750.72,751.01,54.56
2026-09-29 17:54:00,751.01,751.53,750.97,751.18,72.624
2026-09-29 17:55:00,751.15,751.2,750.81,750.88,57.276
2026-09-29 17:56:00,750.88,751.02,750.87,751.0,33.04
2026-09-29 17:57:00,751.0,751.19,750.86,750.92,22.67
2026-09-29 17:58:00,750.91,750.91,750.64,750.87,74.16
2026-09-29 17:59:00,750.88,751.62,750.88,751.62,66.277
2026-09-29 18:00:00,751.63,753.8,751.63,753.8,246.286
2026-09-29 18:01:00,753.8,754.25,753.3,753.44,109.426
2026-09-29 18:02:00,753.43,753.8,753.19,753.35,43.268
2026-09-29 18:03:00,753.34,753.34,752.4,752.6,52.571
2026-09-29 18:04:00,752.59,753.33,752.5,753.33,35.768
2026-09-29 18:05:00,753.33,753.69,753.08,753.38,20.387
2026-09-29 18:06:00,753.38,753.98,753.38,753.94,40.952
2026-09-29 18:07:00,753.95,754.2,753.2,753.25,22.37
2026-09-29 18:08:00,753.25,753.67,753.15,753.16,27.236
2026-09-29 18:09:00,753.16,754.08,753.16,753.53,662.788
2026-09-29 18:10:00,753.53,753.61,753.29,753.36,68.92
2026-09-29 18:11:00,753.36,753.88,753.36,753.69,106.33
2026-09-29 18:12:00,753.69,754.32,753.69,754.32,30.19
2026-09-29 18:13:00,754.32,754.76,753.88,754.53,175.784
2026-09-29 18:14:00,754.53,754.61,754.44,754.6,48.589
2026-09-29 18:15:00,754.61,755.0,754.6,754.9,58.246
2026-09-29 18:16:00,754.9,755.32,754.89,754.96,53.612
2026-09-29 18:17:00,754.96,755.03,754.49,754.68,83.968
2026-09-29 18:18:00,754.68,754.8,754.46,754.8,35.862
2026-09-29 18:19:00,754.83,754.83,754.59,754.74,13.998
2026-09-29 18:20:00,754.75,754.82,754.57,754.82,38.02
2026-09-29 18:21:00,754.82,755.15,754.74,755.15,37.276
2026-09-29 18:22:00,755.15,755.44,754.96,755.44,34.353
2026-09-29 18:23:00,755.45,755.6,755.42,755.49,55.0
2026-09-29 18:24:00,755.49,755.49,755.3,755.3,18.548
2026-09-29 18:25:00,755.27,755.39,755.14,755.23,42.045
2026-09-29 18:26:00,755.23,755.29,755.01,755.02,27.272
2026-09-29 18:27:00,755.01,755.02,754.77,754.9,39.956
2026-09-29 18:28:00,754.9,755.02,754.85,755.02,11.981
2026-09-29 18:29:00,755.02,755.02,754.51,754.51,9.457
2026-09-29 18:30:00,754.51,755.09,754.36,754.63,64.688
2026-09-29 18:31:00,754.63,754.73,754.27,754.71,45.531
2026-09-29 18:32:00,754.7,755.3,754.64,755.3,44.128
2026-09-29 18:33:00,755.3,755.31,755.17,755.18,17.989
2026-09-29 18:34:00,755.17,755.37,755.01,755.35,28.099
2026-09-29 18:35:00,755.35,755.36,755.11,755.22,14.533
2026-09-29 18:36:00,755.22,755.75,755.21,755.72,151.582
2026-09-29 18:37:00,755.72,755.77,755.52,755.56,27.815
2026-09-29 18:38:00,755.56,755.98,755.27,755.76,195.698
2026-09-29 18:39:00,755.78,756.2,755.66,755.66,56.4
2026-09-29 18:40:00,755.66,756.23,755.6,756.23,58.677
2026-09-29 18:41:00,756.22,756.7,756.22,756.69,153.389
2026-09-29 18:42:00,756.69,756.87,756.67,756.8,61.979
2026-09-29 18:43:00,756.8,756.8,756.58,756.58,34.678
2026-09-29 18:44:00,756.59,756.68,756.29,756.29,13.414
2026-09-29 18:45:00,756.28,756.75,756.12,756.62,69.368
2026-09-29 18:46:00,756.62,756.62,756.45,756.55,32.44
2026-09-29 18:47:00,756.54,756.54,755.86,756.04,59.589
2026-09-29 18:48:00,756.05,756.07,755.75,756.07,119.921
2026-09-29 18:49:00,756.07,756.08,755.9,755.97,45.916
2026-09-29 18:50:00,755.97,755.99,755.72,755.74,39.06
2026-09-29 18:51:00,755.74,755.93,755.69,755.93,117.111
2026-09-29 18:52:00,755.93,756.06,755.93,756.01,22.245
2026-09-29 18:53:00,756.0,756.31,755.96,755.96,45.301
2026-09-29 18:54:00,755.96,755.96,755.78,755.78,12.916
2026-09-29 18:55:00,755.79,755.79,755.67,755.67,19.883
2026-09-29 18:56:00,755.68,755.68,755.67,755.67,8.911
2026-09-29 18:57:00,755.68,755.68,755.5,755.51,21.83
2026-09-29 18:58:00,755.51,755.51,755.35,755.42,70.768
2026-09-29 18:59:00,755.42,755.83,755.41,755.75,51.922
2026-09-29 19:00:00,755.75,755.75,755.6,755.68,57.297
2026-09-29 19:01:00,755.68,755.97,755.68,755.92,145.211
2026-09-29 19:02:00,755.92,756.3,755.81,756.13,81.15
2026-09-29 19:03:00,756.13,756.33,756.04,756.04,48.442
2026-09-29 19:04:00,756.04,756.1,755.72,756.1,68.044
2026-09-29 19:05:00,756.1,756.1,755.55,755.79,94.798
2026-09-29 19:06:00,755.8,756.11,755.8,756.11,64.235
2026-09-29 19:07:00,756.12,756.25,756.11,756.24,69.309
2026-09-29 19:08:00,756.24,756.52,756.23,756.36,161.495
2026-09-29 19:09:00,756.35,756.36,756.21,756.23,36.158
2026-09-29 19:10:00,756.23,756.54,756.21,756.37,89.298
2026-09-29 19:11:00,756.37,756.37,756.01,756.01,24.904
2026-09-29 19:12:00,756.0,756.0,755.8,755.84,27.1
2026-09-29 19:13:00,755.84,755.84,755.76,755.76,9.063
2026-09-29 19:14:00,755.77,755.77,755.44,755.58,26.205
2026-09-29 19:15:00,755.59,755.79,755.32,755.34,58.026
2026-09-29 19:16:00,755.34,755.52,755.05,755.17,58.497
2026-09-29 19:17:00,755.17,755.58,755.16,755.58,66.61
2026-09-29 19:18:00,755.58,755.96,755.58,755.88,58.515
2026-09-29 19:19:00,755.88,755.88,755.52,755.86,46.948
2026-09-29 19:20:00,755.86,755.86,755.7,755.7,15.898
2026-09-29 19:21:00,755.69,755.69,755.59,755.61,8.848
2026-09-29 19:22:00,755.61,755.63,755.51,755.63,45.334
2026-09-29 19:23:00,755.63,755.86,755.63,755.85,23.631
2026-09-29 19:24:00,755.86,756.09,755.79,756.09,52.186
2026-09-29 19:25:00,756.1,756.28,756.09,756.17,24.789
2026-09-29 19:26:00,756.16,756.16,755.89,755.89,11.035
2026-09-29 19:27:00,755.89,755.99,755.77,755.97,21.625
2026-09-29 19:28:00,755.97,755.97,755.79,755.81,17.172
2026-09-29 19:29:00,755.8,755.81,755.77,755.8,11.063
2026-09-29 19:30:00,755.8,755.84,755.57,755.83,47.517
2026-09-29 19:31:00,755.82,756.01,755.8,755.85,49.52
2026-09-29 19:32:00,755.85,756.36,755.85,756.36,85.411
2026-09-29 19:33:00,756.35,756.35,755.94,755.96,58.288
2026-09-29 19:34:00,755.95,755.95,755.8,755.81,5.76
2026-09-29 19:35:00,755.81,755.81,755.6,755.7,21.461
2026-09-29 19:36:00,755.7,755.7,755.61,755.62,12.645
2026-09-29 19:37:00,755.62,755.72,755.52,755.52,50.849
2026-09-29 19:38:00,755.52,755.72,755.46,755.53,121.707
2026-09-29 19:39:00,755.53,755.57,755.53,755.56,23.412
2026-09-29 19:40:00,755.55,755.56,754.87,754.88,105.068
2026-09-29 19:41:00,754.87,754.91,754.87,754.91,40.522
2026-09-29 19:42:00,754.91,754.91,754.63,754.69,64.08
2026-09-29 19:43:00,754.69,754.8,754.47,754.47,44.911
2026-09-29 19:44:00,754.47,754.47,754.03,754.03,41.304
2026-09-29 19:45:00,754.02,754.02,753.78,753.78,37.781
2026-09-29 19:46:00,753.77,754.14,753.67,754.13,85.075
2026-09-29 19:47:00,754.12,755.06,753.92,754.87,147.614
2026-09-29 19:48:00,754.87,754.88,754.27,754.39,62.578
2026-09-29 19:49:00,754.39,754.8,754.39,754.6,82.443
2026-09-29 19:50:00,754.61,754.98,754.61,754.76,33.009
2026-09-29 19:51:00,754.75,755.16,754.72,755.06,20.085
2026-09-29 19:52:00,755.06,755.3,755.06,755.12,13.252
2026-09-29 19:53:00,755.11,755.12,754.73,755.12,23.47
2026-09-29 19:54:00,755.11,755.12,754.76,754.76,27.418
2026-09-29 19:55:00,754.75,754.88,754.53,754.88,28.358
2026-09-29 19:56:00,754.88,755.05,754.77,754.87,44.58
2026-09-29 19:57:00,754.87,755.11,754.74,755.11,96.507
2026-09-29 19:58:00,755.11,755.36,755.05,755.11,107.216
2026-09-29 19:59:00,755.11,755.3,755.04,755.3,48.317
2026-09-29 20:00:00,755.3,755.45,755.13,755.45,73.715
2026-09-29 20:01:00,755.45,755.7,754.83,754.84,26.608
2026-09-29 20:02:00,754.83,755.0,754.66,754.75,22.393
2026-09-29 20:03:00,754.75,755.02,754.75,754.95,252.864
2026-09-29 20:04:00,754.95,755.25,754.94,754.98,37.376
2026-09-29 20:05:00,754.97,755.6,754.97,755.55,78.075
2026-09-29 20:06:00,755.55,755.84,755.38,755.84,40.765
2026-09-29 20:07:00,755.85,756.21,755.85,756.2,60.085
2026-09-29 20:08:00,756.2,756.22,756.04,756.21,17.817
2026-09-29 20:09:00,756.21,756.4,755.7,755.7,43.715
2026-09-29 20:10:00,755.7,755.7,755.24,755.24,138.938
2026-09-29 20:11:00,755.25,755.25,754.94,754.94,9.955
2026-09-29 20:12:00,754.95,755.4,754.94,755.26,45.767
2026-09-29 20:13:00,755.26,755.57,755.26,755.57,22.869
2026-09-29 20:14:00,755.57,755.88,755.42,755.42,10.662
2026-09-29 20:15:00,755.43,755.8,755.35,755.8,22.532
2026-09-29 20:16:00,755.81,756.14,755.81,756.14,25.678
2026-09-29 20:17:00,756.14,756.42,756.14,756.41,31.508
2026-09-29 20:18:00,756.4,756.44,756.31,756.44,13.238
2026-09-29 20:19:00,756.45,756.54,756.45,756.54,18.918
2026-09-29 20:20:00,756.54,756.71,756.54,756.71,31.0
2026-09-29 20:21:00,756.7,756.72,756.54,756.65,18.924
2026-09-29 20:22:00,756.65,756.76,756.64,756.76,11.259
2026-09-29 20:23:00,756.76,756.76,756.51,756.71,12.847
2026-09-29 20:24:00,756.72,756.78,756.61,756.78,30.288
2026-09-29 20:25:00,756.78,756.9,756.56,756.84,75.083
2026-09-29 20:26:00,756.84,757.4,756.84,757.4,56.108
2026-09-29 20:27:00,757.41,757.5,757.29,757.32,24.276
2026-09-29 20:28:00,757.33,757.5,757.15,757.19,215.354
2026-09-29 20:29:00,757.19,757.41,757.19,757.34,11.397
2026-09-29 20:30:00,757.33,757.33,757.25,757.26,8.897
2026-09-29 20:31:00,757.26,757.3,757.0,757.01,56.161
2026-09-29 20:32:00,757.01,757.03,756.86,756.98,19.826
2026-09-29 20:33:00,756.97,757.33,756.91,757.33,15.305
2026-09-29 20:34:00,757.33,757.33,756.7,756.7,71.462
2026-09-29 20:35:00,756.69,757.17,756.63,757.17,15.267
2026-09-29 20:36:00,757.17,757.49,756.98,756.99,20.895
2026-09-29 20:37:00,756.99,757.42,756.99,757.42,40.507
2026-09-29 20:38:00,757.42,757.49,757.33,757.41,39.416
2026-09-29 20:39:00,757.42,757.91,757.3,757.76,355.579
2026-09-29 20:40:00,757.76,757.77,757.5,757.51,40.349
2026-09-29 20:41:00,757.5,757.51,757.48,757.48,6.54
2026-09-29 20:42:00,757.48,757.58,757.41,757.55,73.017
2026-09-29 20:43:00,757.55,757.55,757.41,757.54,27.856
2026-09-29 20:44:00,757.55,757.72,757.55,757.72,17.525
2026-09-29 20:45:00,757.72,757.84,757.44,757.45,12.309
2026-09-29 20:46:00,757.45,757.58,757.44,757.55,29.945
2026-09-29 20:47:00,757.55,757.62,757.46,757.62,13.431
2026-09-29 20:48:00,757.62,757.64,757.33,757.63,26.847
2026-09-29 20:49:00,757.63,757.8,757.63,757.8,21.096
2026-09-29 20:50:00,757.8,757.89,757.77,757.8,47.021
2026-09-29 20:51:00,757.8,757.87,757.71,757.72,6.144
2026-09-29 20:52:00,757.72,757.72,757.71,757.72,9.296
2026-09-29 20:53:00,757.71,757.73,757.6,757.73,33.996
2026-09-29 20:54:00,757.72,758.0,757.69,757.95,45.89
2026-09-29 20:55:00,757.95,758.4,757.95,758.34,83.699
2026-09-29 20:56:00,758.34,758.38,758.17,758.19,28.776
2026-09-29 20:57:00,758.19,758.5,758.1,758.5,72.467
2026-09-29 20:58:00,758.5,758.5,758.29,758.29,11.882
2026-09-29 20:59:00,758.3,758.3,758.03,758.04,82.225
2026-09-29 21:00:00,758.04,758.17,757.99,758.17,47.299
2026-09-29 21:01:00,758.17,758.32,757.99,758.0,16.126
2026-09-29 21:02:00,757.99,757.99,757.67,757.67,99.607
2026-09-29 21:03:00,757.68,757.68,757.33,757.33,89.412
2026-09-29 21:04:00,757.34,757.79,757.2,757.51,127.741
2026-09-29 21:05:00,757.5,757.76,757.5,757.64,23.83
2026-09-29 21:06:00,757.63,758.11,757.59,758.01,85.356
2026-09-29 21:07:00,758.02,758.02,757.86,757.96,17.144
2026-09-29 21:08:00,757.96,757.96,757.8,757.86,40.564
2026-09-29 21:09:00,757.86,758.09,757.82,758.01,47.768
2026-09-29 21:10:00,758.01,758.01,758.0,758.0,4.583
2026-09-29 21:11:00,757.99,758.0,757.99,758.0,5.191
2026-09-29 21:12:00,758.0,758.28,758.0,758.27,35.482
2026-09-29 21:13:00,758.27,758.27,757.83,758.05,153.911
2026-09-29 21:14:00,758.05,758.17,758.05,758.17,9.815
2026-09-29 21:15:00,758.16,758.17,757.93,758.02,83.088
2026-09-29 21:16:00,758.01,758.02,757.59,757.79,146.657
2026-09-29 21:17:00,757.79,757.96,757.76,757.82,18.774
2026-09-29 21:18:00,757.82,757.85,757.69,757.77,20.622
2026-09-29 21:19:00,757.77,757.77,757.53,757.69,37.96
2026-09-29 21:20:00,757.69,757.7,757.31,757.31,30.845
2026-09-29 21:21:00,757.31,757.58,757.31,757.58,29.986
2026-09-29 21:22:00,757.57,757.57,757.36,757.36,15.638
2026-09-29 21:23:00,757.36,757.5,757.25,757.25,52.65
2026-09-29 21:24:00,757.25,757.25,757.04,757.17,19.36
2026-09-29 21:25:00,757.16,757.16,756.57,756.74,173.121
2026-09-29 21:26:00,756.73,756.73,756.09,756.1,55.282
2026-09-29 21:27:00,756.1,756.3,756.1,756.29,90.349
2026-09-29 21:28:00,756.3,756.4,756.27,756.4,36.015
2026-09-29 21:29:00,756.4,756.8,756.37,756.51,82.431
2026-09-29 21:30:00,756.51,756.61,756.5,756.5,15.419
2026-09-29 21:31:00,756.5,756.52,756.24,756.42,88.176
2026-09-29 21:32:00,756.42,756.42,755.99,756.24,73.558
2026-09-29 21:33:00,756.24,756.69,756.23,756.69,45.809
2026-09-29 21:34:00,756.7,756.73,756.7,756.71,11.448
2026-09-29 21:35:00,756.71,756.71,756.05,756.11,13.432
2026-09-29 21:36:00,756.12,756.27,756.11,756.26,5.189
2026-09-29 21:37:00,756.27,756.41,756.26,756.3,53.413
2026-09-29 21:38:00,756.3,756.37,756.04,756.37,31.853
2026-09-29 21:39:00,756.36,756.75,756.36,756.75,3.52
2026-09-29 21:40:00,756.74,756.74,756.61,756.72,8.965
2026-09-29 21:41:00,756.71,756.72,756.57,756.67,12.375
2026-09-29 21:42:00,756.67,756.75,756.46,756.75,20.893
2026-09-29 21:43:00,756.75,756.78,756.49,756.71,43.133
2026-09-29 21:44:00,756.72,756.81,756.4,756.64,17.357
2026-09-29 21:45:00,756.63,756.63,755.99,756.18,10.43
2026-09-29 21:46:00,756.18,756.29,756.0,756.09,25.213
2026-09-29 21:47:00,756.1,756.2,756.01,756.2,10.954
2026-09-29 21:48:00,756.2,756.25,756.16,756.25,5.194
2026-09-29 21:49:00,756.25,756.39,756.15,756.39,12.284
2026-09-29 21:50:00,756.39,756.67,756.38,756.48,9.642
2026-09-29 21:51:00,756.49,756.53,756.43,756.53,9.504
2026-09-29 21:52:00,756.53,756.95,756.53,756.95,15.218
2026-09-29 21:53:00,756.95,757.03,756.92,756.93,7.834
2026-09-29 21:54:00,756.92,756.95,756.83,756.95,30.611
2026-09-29 21:55:00,756.95,757.12,756.95,757.12,7.521
2026-09-29 21:56:00,757.12,757.13,756.93,756.94,27.482
2026-09-29 21:57:00,756.94,756.94,756.6,756.94,18.368
2026-09-29 21:58:00,756.94,757.36,756.86,757.11,32.255
2026-09-29 21:59:00,757.12,757.31,757.11,757.15,16.634
2026-09-29 22:00:00,757.15,758.27,756.85,758.27,93.881
2026-09-29 22:01:00,758.28,759.14,758.18,758.77,354.289
2026-09-29 22:02:00,758.77,758.84,758.5,758.67,47.858
2026-09-29 22:03:00,758.67,758.77,758.53,758.77,22.406
2026-09-29 22:04:00,758.77,759.16,758.61,758.72,36.111
2026-09-29 22:05:00,758.73,758.87,758.32,758.42,37.382
2026-09-29 22:06:00,758.41,758.42,758.2,758.21,43.306
2026-09-29 22:07:00,758.22,758.36,758.22,758.24,6.085
2026-09-29 22:08:00,758.23,758.41,758.01,758.4,129.485
2026-09-29 22:09:00,758.41,758.83,758.35,758.83,13.142
2026-09-29 22:10:00,758.85,759.07,758.75,759.06,32.767
2026-09-29 22:11:00,759.06,759.41,758.95,759.14,58.527
2026-09-29 22:12:00,759.15,759.54,758.94,759.54,150.587
2026-09-29 22:13:00,759.54,760.0,759.53,759.96,69.536
2026-09-29 22:14:00,759.95,759.95,759.45,759.45,27.347
2026-09-29 22:15:00,759.45,759.45,758.21,758.51,113.991
2026-09-29 22:16:00,758.51,758.7,758.33,758.33,23.499
2026-09-29 22:17:00,758.32,758.36,758.2,758.36,6.347
2026-09-29 22:18:00,758.37,758.4,758.19,758.31,26.124
2026-09-29 22:19:00,758.3,759.32,758.12,759.14,132.526
2026-09-29 22:20:00,759.14,759.2,758.6,758.6,15.101
2026-09-29 22:21:00,758.59,758.59,758.22,758.22,33.338
2026-09-29 22:22:00,758.22,758.64,758.16,758.63,34.667
2026-09-29 22:23:00,758.62,758.79,758.48,758.79,7.991
2026-09-29 22:24:00,758.78,758.85,758.55,758.56,85.395
2026-09-29 22:25:00,758.56,758.73,758.44,758.73,18.138
2026-09-29 22:26:00,758.75,758.88,758.56,758.64,34.73
2026-09-29 22:27:00,758.63,758.93,758.52,758.52,160.67
2026-09-29 22:28:00,758.51,758.52,758.41,758.41,19.526
2026-09-29 22:29:00,758.41,758.59,758.31,758.4,92.637
2026-09-29 22:30:00,758.39,758.51,758.0,758.07,11.82
2026-09-29 22:31:00,758.06,758.06,757.44,757.94,83.608
2026-09-29 22:32:00,757.95,758.33,757.95,758.03,19.31
2026-09-29 22:33:00,758.03,758.19,757.87,757.88,7.504
2026-09-29 22:34:00,757.88,758.0,757.86,757.89,2.742
2026-09-29 22:35:00,757.91,758.08,757.68,758.04,5.848
2026-09-29 22:36:00,758.05,758.39,758.04,758.26,5.453
2026-09-29 22:37:00,758.27,758.68,758.26,758.68,11.426
2026-09-29 22:38:00,758.67,758.68,758.31,758.32,15.044
2026-09-29 22:39:00,758.31,758.32,758.09,758.32,9.637
2026-09-29 22:40:00,758.32,758.32,758.31,758.31,6.737
2026-09-29 22:41:00,758.32,758.51,758.31,758.35,16.541
2026-09-29 22:42:00,758.35,758.66,758.35,758.66,13.082
2026-09-29 22:43:00,758.66,758.73,758.34,758.4,43.133
2026-09-29 22:44:00,758.39,758.57,758.39,758.56,9.476
2026-09-29 22:45:00,758.56,758.88,758.45,758.52,80.718
2026-09-29 22:46:00,758.51,758.75,758.51,758.7,14.126
2026-09-29 22:47:00,758.69,758.77,758.37,758.74,115.955
2026-09-29 22:48:00,758.76,758.95,758.76,758.95,4.054
2026-09-29 22:49:00,758.95,759.09,758.86,758.96,14.803
2026-09-29 22:50:00,758.96,759.06,758.92,759.05,15.198
2026-09-29 22:51:00,759.06,759.1,758.96,759.1,5.896
2026-09-29 22:52:00,759.1,759.11,759.05,759.06,5.983
2026-09-29 22:53:00,759.06,759.3,759.06,759.3,12.082
2026-09-29 22:54:00,759.29,759.46,759.29,759.29,10.719
2026-09-29 22:55:00,759.3,759.43,759.29,759.43,13.284
2026-09-29 22:56:00,759.42,759.42,759.25,759.29,9.074
2026-09-29 22:57:00,759.28,759.28,759.25,759.27,14.031
2026-09-29 22:58:00,759.27,759.32,759.1,759.11,8.762
2026-09-29 22:59:00,759.11,759.11,758.91,758.92,32.453
2026-09-29 23:00:00,758.92,758.95,758.91,758.91,8.547
2026-09-29 23:01:00,758.9,758.9,758.85,758.88,16.084
2026-09-29 23:02:00,758.89,759.22,758.8,759.06,54.046
2026-09-29 23:03:00,759.06,759.31,759.05,759.3,19.197
2026-09-29 23:04:00,759.31,759.72,759.31,759.72,27.351
2026-09-29 23:05:00,759.71,760.04,759.71,760.04,162.943
2026-09-29 23:06:00,760.05,760.8,760.0,760.79,103.493
2026-09-29 23:07:00,760.78,760.79,760.33,760.64,77.562
2026-09-29 23:08:00,760.64,760.98,760.41,760.45,178.585
2026-09-29 23:09:00,760.44,760.44,760.16,760.41,51.741
2026-09-29 23:10:00,760.41,760.77,760.4,760.69,121.931
2026-09-29 23:11:00,760.69,761.65,760.69,761.24,888.192
2026-09-29 23:12:00,761.23,761.65,761.21,761.32,86.659
2026-09-29 23:13:00,761.33,761.49,761.25,761.48,45.131
2026-09-29 23:14:00,761.48,761.51,761.35,761.44,57.576
2026-09-29 23:15:00,761.43,761.43,761.16,761.23,41.708
2026-09-29 23:16:00,761.23,761.54,761.21,761.48,51.984
2026-09-29 23:17:00,761.47,761.48,761.35,761.36,34.638
2026-09-29 23:18:00,761.37,761.37,760.92,761.06,50.521
2026-09-29 23:19:00,761.05,761.23,760.82,760.82,172.573
2026-09-29 23:20:00,760.82,760.83,760.55,760.55,99.34
2026-09-29 23:21:00,760.56,760.56,760.25,760.25,27.488
2026-09-29 23:22:00,760.25,760.36,760.17,760.18,38.83
2026-09-29 23:23:00,760.18,760.18,760.04,760.04,27.221
2026-09-29 23:24:00,760.05,760.09,759.99,760.01,74.51
2026-09-29 23:25:00,760.0,760.18,759.85,760.1,29.106
2026-09-29 23:26:00,760.09,760.13,760.05,760.12,21.683
2026-09-29 23:27:00,760.13,760.32,760.12,760.19,62.203
2026-09-29 23:28:00,760.19,760.2,759.85,759.85,49.485
2026-09-29 23:29:00,759.85,759.85,759.6,759.62,39.535
2026-09-29 23:30:00,759.63,759.63,759.2,759.25,60.435
2026-09-29 23:31:00,759.24,759.27,759.01,759.25,35.729
2026-09-29 23:32:00,759.25,759.42,759.21,759.22,27.019
2026-09-29 23:33:00,759.22,759.3,759.21,759.22,21.687
2026-09-29 23:34:00,759.22,759.22,758.94,758.96,70.675
2026-09-29 23:35:00,758.96,758.99,758.91,758.91,80.211
2026-09-29 23:36:00,758.92,758.97,758.8,758.93,57.491
2026-09-29 23:37:00,758.93,759.14,758.93,759.1,51.377
2026-09-29 23:38:00,759.1,759.13,759.04,759.04,28.245
2026-09-29 23:39:00,759.03,759.03,758.87,758.87,24.33
2026-09-29 23:40:00,758.88,758.88,758.8,758.81,38.548
2026-09-29 23:41:00,758.81,758.81,758.2,758.3,80.386
2026-09-29 23:42:00,758.3,758.3,757.97,757.98,35.949
2026-09-29 23:43:00,757.97,757.98,756.84,756.94,336.418
2026-09-29 23:44:00,756.94,757.43,756.93,757.38,207.914
2026-09-29 23:45:00,757.38,757.61,757.37,757.53,27.818
2026-09-29 23:46:00,757.53,757.96,757.53,757.85,31.545
2026-09-29 23:47:00,757.86,758.2,757.85,758.2,30.281
2026-09-29 23:48:00,758.19,758.33,757.84,758.33,107.745
2026-09-29 23:49:00,758.33,758.46,758.27,758.37,35.723
2026-09-29 23:50:00,758.38,758.48,758.35,758.45,53.364
2026-09-29 23:51:00,758.45,758.64,758.43,758.64,28.068
2026-09-29 23:52:00,758.64,758.65,758.64,758.64,6.882
2026-09-29 23:53:00,758.65,758.65,758.3,758.3,16.27
2026-09-29 23:54:00,758.31,758.31,758.05,758.15,40.176
2026-09-29 23:55:00,758.15,758.24,757.55,758.22,435.292
2026-09-29 23:56:00,758.22,758.49,758.22,758.49,57.876
2026-09-29 23:57:00,758.5,758.5,758.31,758.43,33.688
2026-09-29 23:58:00,758.43,758.5,758.43,758.5,14.073
2026-09-29 23:59:00,758.49,758.7,758.49,758.66,58.752
2026-09-30 00:00:00,758.67,759.01,758.67,758.92,66.425
2026-09-30 00:01:00,758.93,759.39,758.93,759.39,149.777
2026-09-30 00:02:00,759.39,759.81,759.38,759.81,70.633
2026-09-30 00:03:00,759.8,759.95,759.51,759.83,130.576
2026-09-30 00:04:00,759.82,759.82,759.02,759.19,25.286
2026-09-30 00:05:00,759.2,759.45,759.0,759.28,82.052
2026-09-30 00:06:00,759.28,759.31,759.01,759.03,29.488
2026-09-30 00:07:00,759.02,759.03,758.72,758.73,45.181
2026-09-30 00:08:00,758.73,758.73,758.4,758.53,57.133
2026-09-30 00:09:00,758.54,758.63,758.33,758.33,14.839
2026-09-30 00:10:00,758.33,758.34,757.8,757.81,54.244
2026-09-30 00:11:00,757.81,757.82,757.32,757.54,36.334
2026-09-30 00:12:00,757.55,757.86,757.55,757.86,30.574
2026-09-30 00:13:00,757.9,758.14,757.89,757.93,13.906
2026-09-30 00:14:00,757.93,757.94,757.82,757.83,22.711
2026-09-30 00:15:00,757.83,758.03,757.83,758.02,36.222
2026-09-30 00:16:00,758.02,758.11,757.96,758.02,18.33
2026-09-30 00:17:00,758.02,758.03,757.73,757.78,23.39
2026-09-30 00:18:00,757.77,757.77,757.39,757.52,19.313
2026-09-30 00:19:00,757.52,757.6,757.51,757.6,30.722
2026-09-30 00:20:00,757.6,757.6,757.44,757.5,14.586
2026-09-30 00:21:00,757.49,757.95,757.38,757.71,56.752
2026-09-30 00:22:00,757.72,757.89,757.48,757.56,5.342
2026-09-30 00:23:00,757.55,757.55,757.32,757.45,8.31
2026-09-30 00:24:00,757.45,757.74,757.42,757.51,11.95
2026-09-30 00:25:00,757.51,757.97,757.42,757.86,14.762
2026-09-30 00:26:00,757.86,758.14,757.51,758.14,20.641
2026-09-30 00:27:00,758.14,758.48,758.12,758.39,106.299
2026-09-30 00:28:00,758.39,759.35,758.39,759.35,40.191
2026-09-30 00:29:00,759.35,759.51,759.23,759.27,38.909
2026-09-30 00:30:00,759.27,759.58,759.23,759.36,90.388
2026-09-30 00:31:00,759.37,759.9,759.07,759.8,97.704
2026-09-30 00:32:00,759.8,760.43,759.79,760.41,556.401
2026-09-30 00:33:00,760.4,760.43,760.19,760.43,52.562
2026-09-30 00:34:00,760.43,760.5,760.09,760.35,62.56
2026-09-30 00:35:00,760.34,760.5,759.68,760.01,77.53
2026-09-30 00:36:00,760.0,760.06,759.21,759.23,113.221
2026-09-30 00:37:00,759.23,759.25,758.89,759.15,38.806
2026-09-30 00:38:00,759.14,759.15,759.02,759.05,24.519
2026-09-30 00:39:00,759.05,759.13,759.0,759.1,35.658
2026-09-30 00:40:00,759.1,759.63,759.1,759.49,79.46
2026-09-30 00:41:00,759.49,759.98,759.49,759.94,31.641
2026-09-30 00:42:00,759.94,760.01,759.62,759.7,36.539
2026-09-30 00:43:00,759.7,759.75,759.32,759.32,17.959
2026-09-30 00:44:00,759.32,759.49,759.32,759.34,35.108
2026-09-30 00:45:00,759.34,759.34,759.0,759.01,88.594
2026-09-30 00:46:00,759.01,759.24,758.88,759.23,55.8
2026-09-30 00:47:00,759.24,759.46,758.91,759.05,208.947
2026-09-30 00:48:00,759.05,759.06,758.46,758.57,112.77
2026-09-30 00:49:00,758.58,758.75,758.57,758.75,13.272
2026-09-30 00:50:00,758.75,758.75,758.43,758.44,53.627
2026-09-30 00:51:00,758.44,758.72,758.41,758.72,57.4
2026-09-30 00:52:00,758.73,759.07,758.73,758.84,30.412
2026-09-30 00:53:00,758.84,758.86,758.63,758.74,16.55
2026-09-30 00:54:00,758.73,758.85,758.7,758.75,21.772
2026-09-30 00:55:00,758.75,759.07,758.61,759.0,75.052
2026-09-30 00:56:00,758.99,759.35,758.99,759.3,33.308
2026-09-30 00:57:00,759.3,759.6,759.14,759.59,40.274
2026-09-30 00:58:00,759.59,759.59,759.42,759.55,25.467
2026-09-30 00:59:00,759.56,759.75,759.56,759.75,48.464
2026-09-30 01:00:00,759.75,759.75,759.23,759.38,47.904
2026-09-30 01:01:00,759.38,759.99,759.38,759.99,37.289
2026-09-30 01:02:00,760.0,760.8,760.0,760.8,77.639
2026-09-30 01:03:00,760.8,760.8,760.4,760.64,38.304
2026-09-30 01:04:00,760.64,760.64,759.9,759.9,73.462
2026-09-30 01:05:00,759.91,760.73,759.91,760.73,27.314
2026-09-30 01:06:00,760.73,761.21,760.42,760.62,405.322
2026-09-30 01:07:00,760.62,760.62,760.34,760.46,53.97
2026-09-30 01:08:00,760.46,760.52,760.13,760.51,31.788
2026-09-30 01:09:00,760.52,761.39,760.52,761.32,79.459
2026-09-30 01:10:00,761.33,761.39,760.52,760.77,94.062
2026-09-30 01:11:00,760.77,761.5,760.77,761.35,60.022
2026-09-30 01:12:00,761.34,761.49,760.81,760.82,42.33
2026-09-30 01:13:00,760.82,760.84,760.41,760.71,42.547
2026-09-30 01:14:00,760.71,760.99,760.7,760.99,37.004
2026-09-30 01:15:00,760.99,761.19,760.98,761.19,34.201
2026-09-30 01:16:00,761.2,761.37,761.08,761.09,43.095
2026-09-30 01:17:00,761.08,761.32,760.81,761.03,32.712
2026-09-30 01:18:00,761.04,761.05,760.71,760.71,31.334
2026-09-30 01:19:00,760.71,760.78,760.6,760.66,54.498
2026-09-30 01:20:00,760.65,760.78,760.6,760.78,62.176
2026-09-30 01:21:00,760.79,761.29,760.79,761.22,30.991
2026-09-30 01:22:00,761.22,761.22,760.7,760.81,146.588
2026-09-30 01:23:00,760.8,761.0,760.79,760.99,23.402
2026-09-30 01:24:00,761.0,761.14,760.89,761.14,42.65
2026-09-30 01:25:00,761.15,761.2,761.01,761.01,1370.192
2026-09-30 01:26:00,761.0,761.0,760.47,760.48,141.695
2026-09-30 01:27:00,760.47,760.48,759.94,760.08,122.738
2026-09-30 01:28:00,760.08,760.08,759.92,760.0,76.923
2026-09-30 01:29:00,760.0,760.16,759.79,759.84,106.272
2026-09-30 01:30:00,759.85,760.03,759.06,759.78,95.027
2026-09-30 01:31:00,759.77,759.97,759.28,759.35,66.767
2026-09-30 01:32:00,759.36,759.5,759.2,759.5,14.142
2026-09-30 01:33:00,759.5,759.71,759.3,759.7,17.616
2026-09-30 01:34:00,759.71,759.97,759.35,759.35,40.167
2026-09-30 01:35:00,759.36,759.6,759.27,759.48,11.667
2026-09-30 01:36:00,759.48,759.64,759.27,759.58,20.464
2026-09-30 01:37:00,759.57,759.67,759.37,759.44,31.022
2026-09-30 01:38:00,759.43,759.55,759.27,759.27,24.873
2026-09-30 01:39:00,759.27,759.61,759.26,759.61,46.928
2026-09-30 01:40:00,759.61,759.63,759.38,759.38,30.765
2026-09-30 01:41:00,759.38,759.48,759.27,759.43,18.437
2026-09-30 01:42:00,759.43,759.71,759.38,759.48,48.902
2026-09-30 01:43:00,759.49,759.74,759.44,759.74,16.094
2026-09-30 01:44:00,759.75,759.93,759.75,759.93,17.277
2026-09-30 01:45:00,759.93,760.16,759.86,759.87,274.496
2026-09-30 01:46:00,759.87,760.69,759.87,760.5,196.207
2026-09-30 01:47:00,760.5,760.63,760.15,760.31,83.649
2026-09-30 01:48:00,760.32,760.32,759.95,760.06,116.352
2026-09-30 01:49:00,760.06,760.64,760.06,760.64,53.893
2026-09-30 01:50:00,760.63,760.85,760.58,760.75,55.767
2026-09-30 01:51:00,760.74,761.14,760.57,761.09,118.496
2026-09-30 01:52:00,761.1,761.29,760.67,760.67,55.577
2026-09-30 01:53:00,760.68,760.68,760.27,760.28,38.822
2026-09-30 01:54:00,760.27,760.38,760.07,760.29,26.016
2026-09-30 01:55:00,760.28,760.29,759.86,759.91,31.774
2026-09-30 01:56:00,759.91,760.12,759.82,759.84,21.491
2026-09-30 01:57:00,759.84,760.3,759.81,760.3,38.788
2026-09-30 01:58:00,760.29,760.29,759.97,759.97,24.738
2026-09-30 01:59:00,759.97,760.2,759.97,760.16,21.453
2026-09-30 02:00:00,760.16,760.46,760.01,760.45,25.289
2026-09-30 02:01:00,760.45,760.81,760.37,760.81,20.204
2026-09-30 02:02:00,760.82,760.82,760.11,760.11,36.745
2026-09-30 02:03:00,760.1,760.52,759.88,760.21,77.968
2026-09-30 02:04:00,760.21,760.69,760.21,760.57,23.902
2026-09-30 02:05:00,760.58,760.76,760.57,760.59,35.661
2026-09-30 02:06:00,760.6,760.84,760.59,760.8,90.941
2026-09-30 02:07:00,760.8,761.5,760.8,761.39,93.034
2026-09-30 02:08:00,761.39,761.76,761.29,761.45,79.94
2026-09-30 02:09:00,761.44,761.44,761.07,761.33,27.226
2026-09-30 02:10:00,761.33,761.33,760.84,760.94,34.117
2026-09-30 02:11:00,760.95,761.07,760.84,761.05,11.565
2026-09-30 02:12:00,761.04,761.05,760.88,760.88,50.142
2026-09-30 02:13:00,760.88,761.6,760.76,761.43,48.079
2026-09-30 02:14:00,761.43,761.43,760.95,761.09,19.943
2026-09-30 02:15:00,761.1,761.25,760.85,761.25,29.436
2026-09-30 02:16:00,761.24,761.25,760.55,760.55,24.485
2026-09-30 02:17:00,760.54,760.93,760.54,760.75,18.677
2026-09-30 02:18:00,760.75,761.19,760.64,760.73,29.642
2026-09-30 02:19:00,760.74,760.75,760.64,760.64,5.821
2026-09-30 02:20:00,760.65,760.65,760.54,760.54,13.355
2026-09-30 02:21:00,760.55,761.37,760.55,761.37,23.455
2026-09-30 02:22:00,761.4,761.76,761.4,761.76,30.725
2026-09-30 02:23:00,761.76,762.33,761.7,761.7,180.393
2026-09-30 02:24:00,761.7,761.9,761.45,761.45,38.082
2026-09-30 02:25:00,761.45,761.59,761.33,761.46,39.89
2026-09-30 02:26:00,761.46,761.72,761.46,761.49,6.168
2026-09-30 02:27:00,761.48,761.48,761.16,761.22,16.09
2026-09-30 02:28:00,761.22,761.26,761.04,761.26,36.455
2026-09-30 02:29:00,761.25,761.28,761.04,761.28,33.208
2026-09-30 02:30:00,761.28,761.5,761.15,761.15,18.156
2026-09-30 02:31:00,761.14,761.75,761.14,761.7,31.681
2026-09-30 02:32:00,761.68,761.68,760.93,760.94,45.735
2026-09-30 02:33:00,760.94,761.19,760.93,761.05,22.463
2026-09-30 02:34:00,761.05,761.21,761.0,761.01,40.279
2026-09-30 02:35:00,761.01,761.05,760.87,760.94,31.488
2026-09-30 02:36:00,760.94,761.3,760.94,761.3,29.805
2026-09-30 02:37:00,761.3,761.7,761.14,761.41,51.093
2026-09-30 02:38:00,761.41,761.5,761.32,761.5,40.244
2026-09-30 02:39:00,761.49,761.81,761.4,761.81,43.934
2026-09-30 02:40:00,761.81,762.57,761.81,762.57,83.832
2026-09-30 02:41:00,762.56,762.57,762.29,762.44,32.81
2026-09-30 02:42:00,762.44,762.44,761.95,761.95,56.973
2026-09-30 02:43:00,761.95,761.96,761.88,761.9,17.604
2026-09-30 02:44:00,761.91,762.29,761.91,762.2,32.66
2026-09-30 02:45:00,762.2,762.2,761.91,762.13,45.553
2026-09-30 02:46:00,762.13,762.39,762.13,762.35,55.566
2026-09-30 02:47:00,762.35,762.86,762.34,762.85,79.323
2026-09-30 02:48:00,762.85,762.96,762.68,762.8,48.845
2026-09-30 02:49:00,762.81,763.0,762.8,762.91,44.288
2026-09-30 02:50:00,762.91,762.94,762.9,762.94,18.505
2026-09-30 02:51:00,762.94,763.19,762.94,763.02,78.063
2026-09-30 02:52:00,763.0,763.35,762.9,763.08,104.242
2026-09-30 02:53:00,763.07,763.26,763.01,763.08,20.826
2026-09-30 02:54:00,763.07,763.07,762.81,762.83,19.173
2026-09-30 02:55:00,762.83,762.84,762.79,762.81,16.508
2026-09-30 02:56:00,762.8,762.81,762.32,762.47,23.162
2026-09-30 02:57:00,762.46,762.55,762.46,762.47,8.078
2026-09-30 02:58:00,762.47,762.6,762.46,762.47,12.936
2026-09-30 02:59:00,762.47,762.74,762.46,762.74,10.164
2026-09-30 03:00:00,762.74,762.98,762.74,762.82,18.53
2026-09-30 03:01:00,762.81,762.81,761.91,761.91,54.996
2026-09-30 03:02:00,761.92,762.3,761.92,762.15,16.666
2026-09-30 03:03:00,762.15,762.21,762.12,762.17,13.484
2026-09-30 03:04:00,762.17,762.48,762.17,762.41,19.56
2026-09-30 03:05:00,762.4,762.87,762.33,762.82,16.117
2026-09-30 03:06:00,762.82,762.82,762.26,762.46,67.302
2026-09-30 03:07:00,762.46,762.46,762.11,762.28,35.88
2026-09-30 03:08:00,762.28,762.28,762.1,762.28,42.162
2026-09-30 03:09:00,762.28,762.54,762.28,762.5,21.201
2026-09-30 03:10:00,762.49,762.5,762.08,762.08,35.143
2026-09-30 03:11:00,762.07,762.08,761.87,761.88,36.23
2026-09-30 03:12:00,761.88,762.04,761.88,762.0,6.835
2026-09-30 03:13:00,762.01,762.01,761.87,761.87,16.72
2026-09-30 03:14:00,761.86,761.87,761.77,761.77,39.08
2026-09-30 03:15:00,761.78,761.89,761.78,761.89,14.479
2026-09-30 03:16:00,761.89,761.89,759.57,759.58,653.328
2026-09-30 03:17:00,759.58,759.7,759.14,759.39,102.153
2026-09-30 03:18:00,759.38,759.38,758.96,758.96,41.111
2026-09-30 03:19:00,758.96,759.12,758.61,758.69,113.082
2026-09-30 03:20:00,758.68,758.85,758.51,758.84,47.408
2026-09-30 03:21:00,758.84,758.96,758.72,758.96,25.652
2026-09-30 03:22:00,758.97,759.88,758.97,759.88,88.557
2026-09-30 03:23:00,759.89,759.92,759.55,759.67,18.204
2026-09-30 03:24:00,759.66,759.67,759.2,759.35,43.708
2026-09-30 03:25:00,759.36,759.4,759.11,759.12,40.76
2026-09-30 03:26:00,759.12,759.12,758.8,759.01,15.138
2026-09-30 03:27:00,759.01,759.37,759.01,759.36,41.935
2026-09-30 03:28:00,759.37,759.61,759.37,759.5,10.686
2026-09-30 03:29:00,759.5,759.59,759.5,759.53,23.532
2026-09-30 03:30:00,759.53,759.53,759.04,759.04,15.203
2026-09-30 03:31:00,759.04,759.12,758.88,759.12,8.479
2026-09-30 03:32:00,759.12,759.12,758.96,759.07,7.838
2026-09-30 03:33:00,759.07,759.79,759.07,759.79,35.083
2026-09-30 03:34:00,759.79,759.8,759.78,759.8,18.437
2026-09-30 03:35:00,759.8,760.12,759.58,759.66,40.185
2026-09-30 03:36:00,759.65,760.05,759.36,760.03,37.787
2026-09-30 03:37:00,760.03,760.52,759.93,760.43,59.134
2026-09-30 03:38:00,760.44,760.81,760.44,760.81,49.695
2026-09-30 03:39:00,760.81,761.19,760.8,761.18,53.008
2026-09-30 03:40:00,761.19,761.19,760.95,761.03,29.287
2026-09-30 03:41:00,761.03,761.42,760.95,761.39,94.29
2026-09-30 03:42:00,761.4,761.48,761.06,761.06,86.366
2026-09-30 03:43:00,761.07,761.25,761.01,761.01,29.125
2026-09-30 03:44:00,761.0,761.1,760.56,760.56,97.665
2026-09-30 03:45:00,760.56,760.56,760.16,760.16,15.607
2026-09-30 03:46:00,760.16,760.16,759.87,760.04,71.68
2026-09-30 03:47:00,760.05,760.35,760.0,760.1,16.648
2026-09-30 03:48:00,760.1,760.13,759.96,759.97,14.153
2026-09-30 03:49:00,759.97,760.13,759.79,759.8,57.886
2026-09-30 03:50:00,759.8,760.13,759.66,760.0,45.327
2026-09-30 03:51:00,760.0,760.0,759.7,759.7,15.996
2026-09-30 03:52:00,759.69,759.69,759.4,759.47,38.285
2026-09-30 03:53:00,759.49,759.69,759.28,759.65,97.703
2026-09-30 03:54:00,759.65,759.94,759.53,759.94,33.584
2026-09-30 03:55:00,759.95,760.15,759.68,759.75,70.362
2026-09-30 03:56:00,759.75,760.05,759.75,759.81,40.111
2026-09-30 03:57:00,759.82,760.08,759.81,760.03,5.137
2026-09-30 03:58:00,760.03,760.4,760.02,760.26,22.558
2026-09-30 03:59:00,760.26,760.74,760.26,760.74,62.773
2026-09-30 04:00:00,760.74,761.1,760.66,760.9,65.066
2026-09-30 04:01:00,760.9,761.23,760.89,761.11,36.634
2026-09-30 04:02:00,761.1,761.98,760.9,761.98,57.838
2026-09-30 04:03:00,761.99,762.47,761.98,762.47,163.73
2026-09-30 04:04:00,762.46,762.64,762.24,762.59,94.548
2026-09-30 04:05:00,762.6,762.77,762.59,762.73,39.423
2026-09-30 04:06:00,762.73,762.74,762.17,762.36,34.46
2026-09-30 04:07:00,762.37,762.42,762.17,762.4,26.979
2026-09-30 04:08:00,762.42,762.42,762.05,762.11,87.346
2026-09-30 04:09:00,762.11,762.11,761.87,762.09,36.911
2026-09-30 04:10:00,762.09,762.41,762.08,762.34,28.378
2026-09-30 04:11:00,762.33,762.56,762.2,762.56,42.827
2026-09-30 04:12:00,762.56,762.71,762.49,762.5,40.15
2026-09-30 04:13:00,762.49,762.63,762.48,762.58,44.277
2026-09-30 04:14:00,762.58,762.7,762.55,762.56,20.356
2026-09-30 04:15:00,762.56,763.28,762.56,763.27,100.742
2026-09-30 04:16:00,763.28,763.38,763.27,763.32,53.703
2026-09-30 04:17:00,763.32,763.32,763.23,763.24,13.149
2026-09-30 04:18:00,763.24,763.42,763.24,763.42,40.766
2026-09-30 04:19:00,763.42,763.5,763.05,763.1,83.222
2026-09-30 04:20:00,763.1,763.3,763.05,763.07,28.139
2026-09-30 04:21:00,763.08,763.48,763.03,763.42,45.651
2026-09-30 04:22:00,763.42,763.8,763.33,763.78,157.686
2026-09-30 04:23:00,763.79,763.79,763.47,763.64,59.529
2026-09-30 04:24:00,763.64,763.64,763.28,763.41,102.918
2026-09-30 04:25:00,763.41,764.25,763.29,764.23,297.258
2026-09-30 04:26:00,764.23,764.25,764.16,764.2,35.411
2026-09-30 04:27:00,764.2,764.2,764.01,764.01,42.555
2026-09-30 04:28:00,764.02,764.17,763.93,763.93,37.921
2026-09-30 04:29:00,763.94,763.94,763.66,763.75,32.491
2026-09-30 04:30:00,763.75,763.91,763.74,763.88,61.906
2026-09-30 04:31:00,763.87,763.87,763.4,763.51,49.12
2026-09-30 04:32:00,763.52,763.52,763.08,763.08,44.195
2026-09-30 04:33:00,763.08,763.14,763.06,763.14,30.757
2026-09-30 04:34:00,763.15,763.16,763.06,763.06,11.833
2026-09-30 04:35:00,763.06,763.48,762.89,763.48,136.536
2026-09-30 04:36:00,763.43,763.75,763.43,763.45,40.87
2026-09-30 04:37:00,763.46,763.46,762.95,763.23,34.792
2026-09-30 04:38:00,763.22,763.51,763.22,763.49,36.001
2026-09-30 04:39:00,763.49,763.49,763.22,763.36,14.564
2026-09-30 04:40:00,763.36,763.36,763.01,763.01,24.58
2026-09-30 04:41:00,763.01,763.29,763.0,763.15,29.323
2026-09-30 04:42:00,763.15,763.28,763.0,763.27,35.811
2026-09-30 04:43:00,763.28,763.28,763.16,763.25,32.065
2026-09-30 04:44:00,763.24,763.25,763.04,763.16,120.343
2026-09-30 04:45:00,763.14,763.32,763.08,763.18,30.713
2026-09-30 04:46:00,763.17,763.25,763.16,763.17,12.603
2026-09-30 04:47:00,763.17,763.39,763.16,763.3,65.232
2026-09-30 04:48:00,763.3,763.39,763.24,763.33,31.821
2026-09-30 04:49:00,763.33,763.42,763.09,763.09,110.657
2026-09-30 04:50:00,763.09,763.18,763.0,763.01,25.96
2026-09-30 04:51:00,763.01,763.11,762.77,762.77,30.092
2026-09-30 04:52:00,762.78,762.99,762.78,762.82,61.937
2026-09-30 04:53:00,762.82,762.82,762.58,762.58,30.418
2026-09-30 04:54:00,762.59,762.65,762.47,762.47,50.533
2026-09-30 04:55:00,762.48,762.64,762.47,762.6,30.309
2026-09-30 04:56:00,762.6,762.66,762.6,762.66,12.227
2026-09-30 04:57:00,762.65,762.65,762.2,762.37,68.362
2026-09-30 04:58:00,762.37,762.37,762.22,762.29,32.635
2026-09-30 04:59:00,762.29,762.29,762.16,762.24,43.841
2026-09-30 05:00:00,762.24,763.23,762.23,763.22,29.215
2026-09-30 05:01:00,763.23,763.63,763.22,763.63,98.31
2026-09-30 05:02:00,763.63,763.81,763.45,763.52,30.402
2026-09-30 05:03:00,763.52,763.81,763.48,763.54,50.46
2026-09-30 05:04:00,763.54,764.1,763.49,764.07,74.04
2026-09-30 05:05:00,764.06,764.61,763.73,764.61,218.993
2026-09-30 05:06:00,764.6,765.0,764.56,764.92,471.85
2026-09-30 05:07:00,764.91,764.99,764.65,764.65,53.639
2026-09-30 05:08:00,764.66,764.66,764.1,764.1,53.88
2026-09-30 05:09:00,764.11,764.49,763.96,764.26,71.717
2026-09-30 05:10:00,764.26,764.26,763.53,763.59,46.921
2026-09-30 05:11:00,763.6,763.67,763.46,763.65,14.546
2026-09-30 05:12:00,763.64,763.92,763.3,763.3,72.373
2026-09-30 05:13:00,763.29,763.77,763.2,763.6,120.952
2026-09-30 05:14:00,763.59,763.65,763.46,763.56,62.91
2026-09-30 05:15:00,763.55,763.55,763.08,763.08,14.679
2026-09-30 05:16:00,763.08,763.11,762.92,763.05,30.476
2026-09-30 05:17:00,763.05,763.19,762.9,762.95,20.644
2026-09-30 05:18:00,762.95,763.59,762.95,763.44,33.355
2026-09-30 05:19:00,763.43,764.34,763.3,764.34,38.061
2026-09-30 05:20:00,764.31,764.77,763.91,764.53,105.675
2026-09-30 05:21:00,764.52,764.52,763.77,763.84,48.118
2026-09-30 05:22:00,763.84,764.28,763.83,764.28,46.087
2026-09-30 05:23:00,764.28,764.62,764.28,764.49,55.476
2026-09-30 05:24:00,764.49,764.6,764.44,764.6,38.387
2026-09-30 05:25:00,764.61,764.75,763.9,763.95,77.161
2026-09-30 05:26:00,763.95,763.98,763.9,763.96,53.108
2026-09-30 05:27:00,763.96,764.28,763.93,763.97,72.997
2026-09-30 05:28:00,763.97,764.19,763.92,764.18,28.406
2026-09-30 05:29:00,764.19,764.31,764.18,764.31,36.39
2026-09-30 05:30:00,764.32,764.9,764.17,764.8,95.42
2026-09-30 05:31:00,764.79,765.0,764.73,765.0,86.146
2026-09-30 05:32:00,765.0,765.3,764.75,764.8,1029.046
2026-09-30 05:33:00,764.79,764.79,764.08,764.32,103.295
2026-09-30 05:34:00,764.32,764.6,764.11,764.42,113.281
2026-09-30 05:35:00,764.42,764.88,764.11,764.51,214.854
2026-09-30 05:36:00,764.52,764.52,764.14,764.31,59.388
2026-09-30 05:37:00,764.3,764.3,764.08,764.08,73.158
2026-09-30 05:38:00,764.08,764.08,763.89,764.0,45.017
2026-09-30 05:39:00,764.0,764.29,763.99,764.03,74.621
2026-09-30 05:40:00,764.02,764.08,763.64,763.8,163.425
2026-09-30 05:41:00,763.8,763.95,763.74,763.95,54.611
2026-09-30 05:42:00,763.96,764.51,763.96,764.41,71.519
2026-09-30 05:43:00,764.4,764.85,764.4,764.84,52.993
2026-09-30 05:44:00,764.85,765.36,764.84,765.23,151.138
2026-09-30 05:45:00,765.23,765.57,765.17,765.17,93.015
2026-09-30 05:46:00,765.17,765.41,764.97,764.97,68.972
2026-09-30 05:47:00,764.98,764.98,764.7,764.72,55.224
2026-09-30 05:48:00,764.72,764.72,764.4,764.47,48.798
2026-09-30 05:49:00,764.48,764.49,764.38,764.49,45.852
2026-09-30 05:50:00,764.49,764.73,764.48,764.5,60.053
2026-09-30 05:51:00,764.51,764.51,763.96,763.97,39.535
2026-09-30 05:52:00,763.97,764.1,763.85,763.85,55.168
2026-09-30 05:53:00,763.84,763.94,763.8,763.93,39.615
2026-09-30 05:54:00,763.94,763.99,763.93,763.94,42.711
2026-09-30 05:55:00,763.94,763.96,763.75,763.88,42.332
2026-09-30 05:56:00,763.87,763.96,763.8,763.89,53.809
2026-09-30 05:57:00,763.89,764.17,763.89,763.94,47.591
2026-09-30 05:58:00,763.94,764.73,763.85,764.73,145.098
2026-09-30 05:59:00,764.73,764.74,764.03,764.19,38.297
2026-09-30 06:00:00,764.2,764.63,763.94,764.63,31.543
2026-09-30 06:01:00,764.63,764.75,764.38,764.63,73.199
2026-09-30 06:02:00,764.63,764.65,764.24,764.64,63.837
2026-09-30 06:03:00,764.64,764.65,764.25,764.43,42.501
2026-09-30 06:04:00,764.43,764.43,764.2,764.31,48.126
2026-09-30 06:05:00,764.3,764.53,764.3,764.35,61.517
2026-09-30 06:06:00,764.34,764.34,763.9,763.9,56.431
2026-09-30 06:07:00,763.91,764.73,763.73,764.4,986.476
2026-09-30 06:08:00,764.39,764.59,763.96,763.98,101.147
2026-09-30 06:09:00,763.97,764.03,763.43,763.43,61.756
2026-09-30 06:10:00,763.43,763.43,763.07,763.26,116.926
2026-09-30 06:11:00,763.26,763.26,762.76,762.77,83.38
2026-09-30 06:12:00,762.77,762.77,762.21,762.23,98.044
2026-09-30 06:13:00,762.22,762.27,761.48,761.49,113.41
2026-09-30 06:14:00,761.49,761.66,761.07,761.2,147.089
2026-09-30 06:15:00,761.21,761.82,761.2,761.21,103.92
2026-09-30 06:16:00,761.21,761.51,760.98,761.5,91.185
2026-09-30 06:17:00,761.5,761.75,761.43,761.44,64.721
2026-09-30 06:18:00,761.43,761.57,761.24,761.41,99.956
2026-09-30 06:19:00,761.42,761.49,760.72,760.73,157.814
2026-09-30 06:20:00,760.73,760.73,760.44,760.52,88.923
2026-09-30 06:21:00,760.52,760.6,760.3,760.31,71.445
2026-09-30 06:22:00,760.31,760.44,760.2,760.4,92.609
2026-09-30 06:23:00,760.41,760.62,760.4,760.4,55.765
2026-09-30 06:24:00,760.41,760.41,759.5,759.85,257.495
2026-09-30 06:25:00,759.84,759.84,759.59,759.68,80.434
2026-09-30 06:26:00,759.68,760.1,759.5,759.5,137.761
2026-09-30 06:27:00,759.49,759.69,759.39,759.4,94.295
2026-09-30 06:28:00,759.4,760.1,759.4,759.92,110.898
2026-09-30 06:29:00,759.93,760.1,759.91,760.01,61.964
2026-09-30 06:30:00,760.02,760.1,759.6,759.82,69.283
2026-09-30 06:31:00,759.82,759.91,759.65,759.9,47.212
2026-09-30 06:32:00,759.9,759.9,759.29,759.54,85.782
2026-09-30 06:33:00,759.54,759.73,759.0,759.01,65.215
2026-09-30 06:34:00,759.0,759.23,758.93,759.22,56.842
2026-09-30 06:35:00,759.22,759.34,758.98,758.99,48.851
2026-09-30 06:36:00,758.99,759.2,758.9,759.19,73.668
2026-09-30 06:37:00,759.2,759.2,758.76,758.77,65.269
2026-09-30 06:38:00,758.77,759.27,758.77,759.26,105.155
2026-09-30 06:39:00,759.26,759.27,758.81,758.91,74.155
2026-09-30 06:40:00,758.92,759.16,758.64,759.1,75.407
2026-09-30 06:41:00,759.1,759.1,758.28,758.29,100.508
2026-09-30 06:42:00,758.29,759.01,758.28,759.0,56.077
2026-09-30 06:43:00,759.01,759.34,758.86,759.01,41.599
2026-09-30 06:44:00,759.01,759.19,758.91,759.05,61.118
2026-09-30 06:45:00,759.05,759.05,758.13,758.48,118.596
2026-09-30 06:46:00,758.49,758.53,758.13,758.21,48.661
2026-09-30 06:47:00,758.2,758.2,757.16,757.22,196.556
2026-09-30 06:48:00,757.22,757.22,756.82,756.83,139.457
2026-09-30 06:49:00,756.83,757.05,756.7,757.05,120.534
2026-09-30 06:50:00,757.06,757.26,756.92,756.93,51.931
2026-09-30 06:51:00,756.93,757.24,756.89,757.23,46.974
2026-09-30 06:52:00,757.26,757.54,757.17,757.54,66.512
2026-09-30 06:53:00,757.54,757.7,757.44,757.7,36.616
2026-09-30 06:54:00,757.7,757.83,757.68,757.83,70.656
2026-09-30 06:55:00,757.83,758.9,757.82,758.9,61.576
2026-09-30 06:56:00,758.9,758.9,757.77,757.77,150.335
2026-09-30 06:57:00,757.78,757.88,757.74,757.83,41.14
2026-09-30 06:58:00,757.84,758.08,757.73,757.95,43.216
2026-09-30 06:59:00,757.94,757.96,757.22,757.32,62.555
2026-09-30 07:00:00,757.33,757.33,756.76,756.78,54.401
2026-09-30 07:01:00,756.79,758.02,756.78,757.5,52.55
2026-09-30 07:02:00,757.5,757.91,757.5,757.8,67.974
2026-09-30 07:03:00,757.81,757.95,757.7,757.7,44.51
2026-09-30 07:04:00,757.7,757.73,757.04,757.06,71.308
2026-09-30 07:05:00,757.06,757.07,756.71,756.77,106.451
2026-09-30 07:06:00,756.77,756.77,756.17,756.68,125.079
2026-09-30 07:07:00,756.67,756.82,756.43,756.62,102.76
2026-09-30 07:08:00,756.62,756.96,756.62,756.88,47.469
2026-09-30 07:09:00,756.88,756.91,756.48,756.91,70.037
2026-09-30 07:10:00,756.92,757.15,756.86,757.07,44.497
2026-09-30 07:11:00,757.08,757.08,756.46,756.46,57.39
2026-09-30 07:12:00,756.46,756.56,756.36,756.51,48.047
2026-09-30 07:13:00,756.51,756.64,756.24,756.63,106.441
2026-09-30 07:14:00,756.63,756.94,756.58,756.94,173.457
2026-09-30 07:15:00,756.94,757.31,756.66,757.3,252.709
2026-09-30 07:16:00,757.31,757.49,757.19,757.49,104.4
2026-09-30 07:17:00,757.49,757.64,757.31,757.64,48.789
2026-09-30 07:18:00,757.64,758.47,757.6,758.46,111.753
2026-09-30 07:19:00,758.47,759.11,758.47,759.11,123.424
2026-09-30 07:20:00,759.11,759.41,759.1,759.25,76.678
2026-09-30 07:21:00,759.25,759.26,759.0,759.21,58.348
2026-09-30 07:22:00,759.21,759.57,758.98,759.11,90.48
2026-09-30 07:23:00,759.11,759.57,759.02,759.54,46.33
2026-09-30 07:24:00,759.54,759.96,759.49,759.83,91.99
2026-09-30 07:25:00,759.84,760.0,759.69,759.8,222.205
2026-09-30 07:26:00,759.81,760.0,759.54,759.71,38.021
2026-09-30 07:27:00,759.71,759.81,759.43,759.5,111.7
2026-09-30 07:28:00,759.5,759.5,758.94,758.95,42.205
2026-09-30 07:29:00,758.95,759.08,758.8,759.08,38.586
2026-09-30 07:30:00,759.07,759.07,758.34,758.86,75.768
2026-09-30 07:31:00,758.86,758.89,758.62,758.8,36.569
2026-09-30 07:32:00,758.8,758.91,758.52,758.61,59.27
2026-09-30 07:33:00,758.61,759.03,758.34,758.88,59.051
2026-09-30 07:34:00,758.88,758.93,758.65,758.79,37.066
2026-09-30 07:35:00,758.79,759.51,758.78,759.51,73.233
2026-09-30 07:36:00,759.51,759.99,759.51,759.99,62.096
2026-09-30 07:37:00,759.98,760.0,759.59,759.6,77.557
2026-09-30 07:38:00,759.6,760.0,759.59,760.0,77.584
2026-09-30 07:39:00,760.0,760.36,759.92,760.17,259.635
2026-09-30 07:40:00,760.17,760.28,759.91,759.92,43.682
2026-09-30 07:41:00,759.92,760.15,759.84,760.05,137.116
2026-09-30 07:42:00,760.04,760.05,759.93,760.0,43.881
2026-09-30 07:43:00,760.01,760.14,760.0,760.13,29.788
2026-09-30 07:44:00,760.13,760.6,760.13,760.51,63.584
2026-09-30 07:45:00,760.5,760.58,760.48,760.58,40.316
2026-09-30 07:46:00,760.57,760.6,760.21,760.27,54.332
2026-09-30 07:47:00,760.27,760.46,759.96,760.14,75.168
2026-09-30 07:48:00,760.14,760.42,760.13,760.42,42.645
2026-09-30 07:49:00,760.42,760.5,760.12,760.5,50.584
2026-09-30 07:50:00,760.5,760.5,760.44,760.49,54.991
2026-09-30 07:51:00,760.5,760.69,760.35,760.35,64.996
2026-09-30 07:52:00,760.36,760.58,760.36,760.43,36.606
2026-09-30 07:53:00,760.44,760.5,760.14,760.14,129.0
2026-09-30 07:54:00,760.14,760.16,759.75,759.75,35.489
2026-09-30 07:55:00,759.75,760.01,759.75,759.86,41.023
2026-09-30 07:56:00,759.87,759.94,759.36,759.39,85.515
2026-09-30 07:57:00,759.4,759.6,759.4,759.5,29.166
2026-09-30 07:58:00,759.5,759.61,759.5,759.55,20.766
2026-09-30 07:59:00,759.56,759.63,759.33,759.51,48.094
2026-09-30 08:00:00,759.51,759.51,759.18,759.25,37.51
2026-09-30 08:01:00,759.25,759.25,758.97,759.07,36.081
2026-09-30 08:02:00,759.06,759.06,758.49,758.61,66.726
2026-09-30 08:03:00,758.61,759.46,758.61,759.46,49.312
2026-09-30 08:04:00,759.46,759.5,758.72,759.09,26.568
2026-09-30 08:05:00,759.09,759.15,758.54,758.55,43.156
2026-09-30 08:06:00,758.54,758.55,758.38,758.38,41.002
2026-09-30 08:07:00,758.37,758.38,758.01,758.01,55.209
2026-09-30 08:08:00,758.02,758.25,757.92,758.21,46.348
2026-09-30 08:09:00,758.21,758.36,758.04,758.04,33.624
2026-09-30 08:10:00,758.05,758.38,758.02,758.38,19.698
2026-09-30 08:11:00,758.37,758.37,758.16,758.22,46.889
2026-09-30 08:12:00,758.22,758.49,758.21,758.25,108.105
2026-09-30 08:13:00,758.25,758.25,758.13,758.13,27.092
2026-09-30 08:14:00,758.11,758.2,758.0,758.0,53.273
2026-09-30 08:15:00,758.01,758.14,757.7,758.12,57.895
2026-09-30 08:16:00,758.11,758.55,758.08,758.55,54.864
2026-09-30 08:17:00,758.55,759.0,758.55,758.86,55.522
2026-09-30 08:18:00,758.87,759.48,758.81,759.48,64.203
2026-09-30 08:19:00,759.47,759.57,758.63,758.63,41.457
2026-09-30 08:20:00,758.63,759.15,758.36,759.15,74.968
2026-09-30 08:21:00,759.14,759.45,759.02,759.43,43.281
2026-09-30 08:22:00,759.44,759.44,759.11,759.17,40.178
2026-09-30 08:23:00,759.16,759.26,759.1,759.1,32.352
2026-09-30 08:24:00,759.1,759.11,758.51,759.11,113.13
2026-09-30 08:25:00,759.1,759.1,758.94,758.95,40.301
2026-09-30 08:26:00,758.94,759.12,758.67,759.04,25.354
2026-09-30 08:27:00,759.04,759.31,758.93,759.3,20.212
2026-09-30 08:28:00,759.3,759.3,759.0,759.08,23.522
2026-09-30 08:29:00,759.07,759.15,758.77,758.86,32.886
2026-09-30 08:30:00,758.86,758.86,758.23,758.33,26.724
2026-09-30 08:31:00,758.33,758.51,758.25,758.31,28.745
2026-09-30 08:32:00,758.31,758.47,758.19,758.33,32.009
2026-09-30 08:33:00,758.32,758.32,757.83,757.84,40.966
2026-09-30 08:34:00,757.84,758.3,757.84,758.12,29.147
2026-09-30 08:35:00,758.11,758.11,757.84,757.94,32.413
2026-09-30 08:36:00,757.94,758.04,757.66,757.66,28.705
2026-09-30 08:37:00,757.67,758.04,757.61,758.0,25.976
2026-09-30 08:38:00,758.0,758.62,757.9,758.62,53.68
2026-09-30 08:39:00,758.63,758.7,758.43,758.63,28.884
2026-09-30 08:40:00,758.62,758.76,758.62,758.75,42.32
2026-09-30 08:41:00,758.75,758.89,758.57,758.66,113.039
2026-09-30 08:42:00,758.67,758.67,758.42,758.57,27.413
2026-09-30 08:43:00,758.57,758.76,758.51,758.66,19.664
2026-09-30 08:44:00,758.67,759.6,758.66,759.52,159.905
2026-09-30 08:45:00,759.52,759.84,759.37,759.71,226.009
2026-09-30 08:46:00,759.72,760.06,759.67,759.99,153.825
2026-09-30 08:47:00,759.99,760.02,759.78,759.78,39.13
2026-09-30 08:48:00,759.77,760.31,759.7,760.16,95.673
2026-09-30 08:49:00,760.15,760.31,760.0,760.05,26.994
2026-09-30 08:50:00,760.06,760.34,760.02,760.03,115.798
2026-09-30 08:51:00,760.03,760.12,759.24,759.56,66.391
2026-09-30 08:52:00,759.56,759.8,759.45,759.45,31.005
2026-09-30 08:53:00,759.46,760.12,759.46,760.0,115.674
2026-09-30 08:54:00,760.0,760.06,759.63,759.84,34.269
2026-09-30 08:55:00,759.85,760.13,759.78,760.13,26.894
2026-09-30 08:56:00,760.12,760.14,760.01,760.14,52.963
2026-09-30 08:57:00,760.13,760.13,759.97,759.98,54.974
2026-09-30 08:58:00,759.98,760.3,759.97,760.16,81.461
2026-09-30 08:59:00,760.16,760.17,759.84,759.84,28.324
2026-09-30 09:00:00,759.85,759.98,759.68,759.95,124.041
2026-09-30 09:01:00,759.96,760.34,759.96,760.34,58.508
2026-09-30 09:02:00,760.33,760.48,760.22,760.47,30.435
2026-09-30 09:03:00,760.47,760.52,760.34,760.4,26.521
2026-09-30 09:04:00,760.4,760.69,760.39,760.69,39.659
2026-09-30 09:05:00,760.69,760.99,760.68,760.92,29.597
2026-09-30 09:06:00,760.91,761.0,760.77,760.99,34.897
2026-09-30 09:07:00,761.0,761.0,760.67,760.85,45.742
2026-09-30 09:08:00,760.85,761.45,760.78,761.18,148.492
2026-09-30 09:09:00,761.18,761.29,760.9,761.2,105.91
2026-09-30 09:10:00,761.19,761.48,761.19,761.29,76.576
2026-09-30 09:11:00,761.28,761.28,761.07,761.17,54.395
2026-09-30 09:12:00,761.16,761.33,761.04,761.26,223.935
2026-09-30 09:13:00,761.26,761.51,761.26,761.5,67.767
2026-09-30 09:14:00,761.5,761.69,761.5,761.68,100.222
2026-09-30 09:15:00,761.69,761.84,761.68,761.81,105.691
2026-09-30 09:16:00,761.8,761.87,761.72,761.86,76.776
2026-09-30 09:17:00,761.86,762.09,761.84,761.96,85.675
2026-09-30 09:18:00,761.97,762.21,761.9,762.21,77.875
2026-09-30 09:19:00,762.22,762.46,762.22,762.34,164.278
2026-09-30 09:20:00,762.34,762.6,762.25,762.59,126.97
2026-09-30 09:21:00,762.6,762.89,762.5,762.89,37.989
2026-09-30 09:22:00,762.89,762.89,762.59,762.78,139.321
2026-09-30 09:23:00,762.78,763.12,762.78,763.01,114.313
2026-09-30 09:24:00,763.0,763.5,762.92,763.49,110.283
2026-09-30 09:25:00,763.5,763.65,763.09,763.17,183.302
2026-09-30 09:26:00,763.17,763.32,763.08,763.32,128.139
2026-09-30 09:27:00,763.32,763.45,763.32,763.45,74.158
2026-09-30 09:28:00,763.44,763.55,763.41,763.42,88.46
2026-09-30 09:29:00,763.42,763.5,763.37,763.44,82.829
2026-09-30 09:30:00,763.43,764.0,763.3,763.46,190.664
2026-09-30 09:31:00,763.45,764.03,763.45,763.83,127.979
2026-09-30 09:32:00,763.83,766.18,763.82,766.08,2194.46
2026-09-30 09:33:00,766.09,766.18,765.37,765.73,332.335
2026-09-30 09:34:00,765.72,765.93,765.19,765.68,368.805
2026-09-30 09:35:00,765.69,765.88,765.16,765.88,144.124
2026-09-30 09:36:00,765.87,766.04,765.64,765.67,189.385
2026-09-30 09:37:00,765.68,765.77,765.35,765.36,154.137
2026-09-30 09:38:00,765.36,765.68,765.35,765.68,181.943
2026-09-30 09:39:00,765.67,765.67,765.24,765.29,92.307
2026-09-30 09:40:00,765.28,765.3,765.01,765.01,169.28
2026-09-30 09:41:00,765.02,765.05,764.87,765.02,118.089
2026-09-30 09:42:00,765.03,765.49,765.02,765.46,73.529
2026-09-30 09:43:00,765.45,765.45,765.16,765.28,144.324
2026-09-30 09:44:00,765.28,765.55,765.25,765.55,115.509
2026-09-30 09:45:00,765.55,765.88,765.43,765.45,141.069
2026-09-30 09:46:00,765.44,765.44,764.88,764.98,107.649
2026-09-30 09:47:00,764.98,764.98,764.66,764.75,55.205
2026-09-30 09:48:00,764.74,764.8,764.45,764.45,87.433
2026-09-30 09:49:00,764.45,764.64,764.41,764.63,72.992
2026-09-30 09:50:00,764.64,764.76,764.55,764.56,52.302
2026-09-30 09:51:00,764.56,764.98,764.52,764.84,73.911
2026-09-30 09:52:00,764.84,764.84,764.33,764.34,88.812
2026-09-30 09:53:00,764.33,764.39,764.23,764.33,42.243
2026-09-30 09:54:00,764.32,764.5,764.24,764.37,69.756
2026-09-30 09:55:00,764.37,764.57,764.35,764.42,40.001
2026-09-30 09:56:00,764.41,764.42,764.14,764.4,135.037
2026-09-30 09:57:00,764.39,764.44,764.28,764.44,60.483
2026-09-30 09:58:00,764.44,764.57,764.41,764.57,137.588
2026-09-30 09:59:00,764.57,764.72,764.56,764.71,56.729
2026-09-30 10:00:00,764.72,765.35,764.61,765.21,158.675
2026-09-30 10:01:00,765.21,765.49,765.12,765.19,123.928
2026-09-30 10:02:00,765.19,765.32,764.98,765.29,148.079
2026-09-30 10:03:00,765.28,765.49,765.28,765.46,67.357
2026-09-30 10:04:00,765.46,765.78,765.46,765.66,121.548
2026-09-30 10:05:00,765.66,765.79,765.52,765.78,110.577
2026-09-30 10:06:00,765.79,766.43,765.78,766.41,350.161
2026-09-30 10:07:00,766.41,766.71,766.33,766.67,236.334
2026-09-30 10:08:00,766.67,766.94,766.56,766.94,232.451
2026-09-30 10:09:00,766.94,767.01,766.52,767.01,304.446
2026-09-30 10:10:00,767.01,767.01,766.95,766.99,104.031
2026-09-30 10:11:00,767.0,767.41,767.0,767.4,155.114
2026-09-30 10:12:00,767.41,767.5,767.28,767.5,188.228
2026-09-30 10:13:00,767.49,767.58,767.29,767.58,278.909
2026-09-30 10:14:00,767.57,767.76,767.47,767.47,910.19
2026-09-30 10:15:00,767.47,767.53,766.82,767.31,538.858
2026-09-30 10:16:00,767.31,767.46,766.8,767.26,498.295
2026-09-30 10:17:00,767.26,767.43,767.26,767.26,228.499
2026-09-30 10:18:00,767.26,767.34,767.26,767.27,279.605
2026-09-30 10:19:00,767.27,767.43,767.27,767.43,137.865
2026-09-30 10:20:00,767.43,767.76,767.33,767.76,120.0
2026-09-30 10:21:00,767.76,768.08,767.75,767.92,223.92
2026-09-30 10:22:00,767.92,767.94,767.71,767.73,149.489
2026-09-30 10:23:00,767.73,767.93,767.73,767.91,149.588
2026-09-30 10:24:00,767.91,768.08,767.82,768.07,103.055
2026-09-30 10:25:00,768.08,768.54,768.07,768.53,108.432
2026-09-30 10:26:00,768.53,768.66,768.39,768.66,140.199
2026-09-30 10:27:00,768.65,768.67,768.16,768.18,527.158
2026-09-30 10:28:00,768.19,768.26,768.17,768.25,183.363
2026-09-30 10:29:00,768.26,768.26,768.04,768.15,154.448
2026-09-30 10:30:00,768.15,768.28,768.15,768.27,97.476
2026-09-30 10:31:00,768.26,768.63,768.26,768.62,83.616
2026-09-30 10:32:00,768.63,769.18,768.62,768.97,200.635
2026-09-30 10:33:00,768.96,769.19,768.88,769.1,373.808
2026-09-30 10:34:00,769.1,769.2,769.02,769.2,163.723
2026-09-30 10:35:00,769.19,769.52,769.19,769.48,156.551
2026-09-30 10:36:00,769.48,769.65,769.26,769.27,219.279
2026-09-30 10:37:00,769.26,769.34,769.02,769.13,168.46
2026-09-30 10:38:00,769.12,769.28,769.09,769.24,224.674
2026-09-30 10:39:00,769.24,769.26,768.21,768.31,158.291
2026-09-30 10:40:00,768.32,768.48,768.22,768.24,87.98
2026-09-30 10:41:00,768.23,768.55,767.83,768.55,217.26
2026-09-30 10:42:00,768.54,768.83,768.51,768.57,75.823
2026-09-30 10:43:00,768.57,768.78,768.43,768.78,68.368
2026-09-30 10:44:00,768.78,769.0,768.66,768.67,47.142
2026-09-30 10:45:00,768.67,768.67,768.13,768.14,98.832
2026-09-30 10:46:00,768.13,768.14,768.0,768.01,59.366
2026-09-30 10:47:00,768.0,768.33,768.0,768.32,63.431
2026-09-30 10:48:00,768.32,768.52,768.31,768.39,121.571
2026-09-30 10:49:00,768.4,768.76,768.4,768.57,46.368
2026-09-30 10:50:00,768.58,768.89,768.57,768.75,96.17
2026-09-30 10:51:00,768.74,769.0,768.67,768.98,92.25
2026-09-30 10:52:00,768.98,769.7,768.94,769.7,57.544
2026-09-30 10:53:00,769.7,769.79,769.62,769.77,107.417
2026-09-30 10:54:00,769.78,770.11,769.78,769.96,319.118
2026-09-30 10:55:00,769.95,770.25,769.89,770.15,154.253
2026-09-30 10:56:00,770.14,770.3,769.93,770.3,258.803
2026-09-30 10:57:00,770.31,770.38,770.15,770.23,117.834
2026-09-30 10:58:00,770.23,770.34,770.22,770.29,73.915
2026-09-30 10:59:00,770.3,770.63,770.19,770.63,127.823
2026-09-30 11:00:00,770.62,770.7,770.22,770.23,148.384
2026-09-30 11:01:00,770.23,770.23,769.65,769.87,107.313
2026-09-30 11:02:00,769.88,769.95,769.69,769.75,71.224
2026-09-30 11:03:00,769.74,770.12,769.72,769.9,140.646
2026-09-30 11:04:00,769.9,769.9,768.67,768.68,91.772
2026-09-30 11:05:00,768.68,768.92,768.43,768.44,80.353
2026-09-30 11:06:00,768.44,768.44,768.0,768.01,115.05
2026-09-30 11:07:00,768.0,768.01,767.76,767.93,113.025
2026-09-30 11:08:00,767.93,768.81,767.93,768.73,110.522
2026-09-30 11:09:00,768.73,769.1,768.46,768.46,68.303
2026-09-30 11:10:00,768.46,768.5,768.29,768.48,86.159
2026-09-30 11:11:00,768.48,768.92,768.47,768.9,78.72
2026-09-30 11:12:00,768.9,770.17,768.89,770.16,140.555
2026-09-30 11:13:00,770.16,770.35,769.98,769.98,75.06
2026-09-30 11:14:00,769.99,770.09,769.51,769.63,42.201
2026-09-30 11:15:00,769.62,769.78,769.56,769.59,93.059
2026-09-30 11:16:00,769.58,769.76,769.53,769.73,40.676
2026-09-30 11:17:00,769.73,769.73,769.08,769.2,99.5
2026-09-30 11:18:00,769.21,769.45,769.2,769.43,52.074
2026-09-30 11:19:00,769.43,769.57,768.96,768.96,40.236
2026-09-30 11:20:00,768.96,768.97,768.15,768.24,52.976
2026-09-30 11:21:00,768.24,768.55,768.23,768.51,47.255
2026-09-30 11:22:00,768.51,768.99,768.4,768.98,37.892
2026-09-30 11:23:00,768.98,769.78,768.87,769.78,107.101
2026-09-30 11:24:00,769.77,769.99,769.4,769.41,43.758
2026-09-30 11:25:00,769.41,769.62,769.33,769.45,43.257
2026-09-30 11:26:00,769.44,769.5,769.03,769.09,78.564
2026-09-30 11:27:00,769.09,769.21,769.04,769.2,40.553
2026-09-30 11:28:00,769.2,769.53,769.2,769.49,65.094
2026-09-30 11:29:00,769.49,769.84,769.38,769.77,41.944
2026-09-30 11:30:00,769.77,769.8,769.65,769.8,55.363
2026-09-30 11:31:00,769.8,769.9,769.24,769.24,77.188
2026-09-30 11:32:00,769.24,769.24,768.95,768.96,114.722
2026-09-30 11:33:00,768.96,768.96,768.74,768.79,67.831
2026-09-30 11:34:00,768.78,769.24,768.74,768.95,33.519
2026-09-30 11:35:00,768.94,769.33,768.9,769.33,62.517
2026-09-30 11:36:00,769.32,769.33,769.11,769.33,86.262
2026-09-30 11:37:00,769.33,769.8,769.33,769.57,122.867
2026-09-30 11:38:00,769.57,770.0,769.57,769.97,124.031
2026-09-30 11:39:00,769.96,769.97,769.6,769.95,44.435
2026-09-30 11:40:00,769.94,770.0,769.88,770.0,86.484
2026-09-30 11:41:00,770.0,770.12,769.88,769.93,232.699
2026-09-30 11:42:00,769.92,769.93,769.59,769.64,66.89
2026-09-30 11:43:00,769.64,770.21,769.63,770.2,37.189
2026-09-30 11:44:00,770.2,770.23,769.88,770.05,58.835
2026-09-30 11:45:00,770.04,770.18,769.91,770.11,137.581
2026-09-30 11:46:00,770.12,770.56,769.99,770.48,101.471
2026-09-30 11:47:00,770.47,770.56,769.76,770.47,195.673
2026-09-30 11:48:00,770.45,770.49,770.14,770.37,91.544
2026-09-30 11:49:00,770.36,770.67,770.28,770.67,89.436
2026-09-30 11:50:00,770.67,770.67,770.34,770.35,63.565
2026-09-30 11:51:00,770.35,770.42,770.24,770.33,86.684
2026-09-30 11:52:00,770.33,770.33,770.0,770.0,62.259
2026-09-30 11:53:00,770.01,770.32,770.0,770.22,61.181
2026-09-30 11:54:00,770.22,770.22,770.08,770.18,62.38
2026-09-30 11:55:00,770.18,770.21,769.89,769.89,139.714
2026-09-30 11:56:00,769.88,770.01,769.7,769.7,64.645
2026-09-30 11:57:00,769.69,769.69,769.44,769.44,44.675
2026-09-30 11:58:00,769.43,769.75,769.29,769.75,43.747
2026-09-30 11:59:00,769.74,770.0,769.74,769.99,42.617
2026-09-30 12:00:00,770.0,770.58,769.96,770.58,112.367
2026-09-30 12:01:00,770.58,770.66,770.02,770.11,76.23
2026-09-30 12:02:00,770.11,770.2,769.84,769.85,86.824
2026-09-30 12:03:00,769.85,769.86,769.64,769.65,96.482
2026-09-30 12:04:00,769.64,769.77,769.6,769.68,25.792
2026-09-30 12:05:00,769.68,769.69,769.07,769.07,49.454
2026-09-30 12:06:00,769.06,769.06,768.48,768.49,106.215
2026-09-30 12:07:00,768.49,768.75,768.48,768.75,63.587
2026-09-30 12:08:00,768.74,768.74,768.23,768.26,98.742
2026-09-30 12:09:00,768.26,768.41,768.26,768.41,61.102
2026-09-30 12:10:00,768.41,768.79,768.4,768.72,35.638
2026-09-30 12:11:00,768.73,768.99,768.72,768.98,54.175
2026-09-30 12:12:00,768.99,768.99,768.76,768.8,54.911
2026-09-30 12:13:00,768.81,769.33,768.81,769.32,51.545
2026-09-30 12:14:00,769.33,769.46,769.32,769.44,58.546
2026-09-30 12:15:00,769.45,769.5,768.88,768.88,53.006
2026-09-30 12:16:00,768.89,768.89,768.56,768.87,36.302
2026-09-30 12:17:00,768.86,768.99,768.74,768.78,38.382
2026-09-30 12:18:00,768.78,768.83,768.64,768.7,40.528
2026-09-30 12:19:00,768.69,768.69,768.24,768.24,51.81
2026-09-30 12:20:00,768.25,768.25,767.49,767.61,110.088
2026-09-30 12:21:00,767.61,768.32,767.61,768.18,32.093
2026-09-30 12:22:00,768.19,769.22,768.19,769.21,53.847
2026-09-30 12:23:00,769.22,769.44,768.66,768.66,72.925
2026-09-30 12:24:00,768.67,769.0,768.63,768.95,43.465
2026-09-30 12:25:00,768.95,769.39,768.94,769.29,76.7
2026-09-30 12:26:00,769.28,769.29,768.94,768.94,46.069
2026-09-30 12:27:00,768.94,769.01,768.75,768.82,28.26
2026-09-30 12:28:00,768.84,768.9,768.55,768.89,73.946
2026-09-30 12:29:00,768.89,770.17,768.89,769.71,121.69
2026-09-30 12:30:00,769.68,771.98,768.72,771.6,638.338
2026-09-30 12:31:00,771.59,774.46,771.59,774.12,621.833
2026-09-30 12:32:00,774.13,774.24,772.94,773.39,278.659
2026-09-30 12:33:00,773.38,773.38,772.14,772.15,236.832
2026-09-30 12:34:00,772.15,773.97,771.78,773.75,361.786
2026-09-30 12:35:00,773.76,775.39,773.71,774.79,711.271
2026-09-30 12:36:00,774.78,774.78,773.63,773.63,250.4
2026-09-30 12:37:00,773.64,773.64,773.05,773.41,276.653
2026-09-30 12:38:00,773.41,774.64,773.36,774.49,174.108
2026-09-30 12:39:00,774.48,774.79,774.13,774.79,170.286
2026-09-30 12:40:00,774.79,775.7,774.78,775.69,403.725
2026-09-30 12:41:00,775.69,775.69,774.83,774.85,276.129
2026-09-30 12:42:00,774.84,775.04,774.28,774.39,268.123
2026-09-30 12:43:00,774.4,775.21,774.38,775.2,400.373
2026-09-30 12:44:00,775.2,775.25,774.86,775.15,246.729
2026-09-30 12:45:00,775.15,776.17,775.04,776.12,267.731
2026-09-30 12:46:00,776.11,776.23,775.55,775.55,594.376
2026-09-30 12:47:00,775.53,775.53,774.04,774.87,272.411
2026-09-30 12:48:00,774.86,775.92,774.86,775.9,249.718
2026-09-30 12:49:00,775.89,776.19,775.43,775.55,413.269
2026-09-30 12:50:00,775.56,776.74,775.54,776.68,323.223
2026-09-30 12:51:00,776.7,776.89,776.22,776.88,207.144
2026-09-30 12:52:00,776.89,777.64,776.89,777.15,256.875
2026-09-30 12:53:00,777.15,777.45,776.91,777.04,129.585
2026-09-30 12:54:00,777.03,777.74,777.03,777.67,169.037
2026-09-30 12:55:00,777.68,777.68,777.25,777.46,228.976
2026-09-30 12:56:00,777.45,777.48,776.43,776.89,309.883
2026-09-30 12:57:00,776.89,777.32,776.89,777.01,193.589
2026-09-30 12:58:00,777.01,777.03,776.47,776.48,200.763
2026-09-30 12:59:00,776.47,776.97,775.81,776.72,459.774
2026-09-30 13:00:00,776.73,777.0,776.5,776.57,337.896
2026-09-30 13:01:00,776.57,776.67,776.5,776.5,391.756
2026-09-30 13:02:00,776.5,776.86,776.5,776.72,271.723
2026-09-30 13:03:00,776.71,776.72,775.94,776.52,272.987
2026-09-30 13:04:00,776.52,776.71,776.13,776.69,191.336
2026-09-30 13:05:00,776.69,776.7,776.28,776.66,322.088
2026-09-30 13:06:00,776.65,777.74,776.4,777.44,357.896
2026-09-30 13:07:00,777.44,777.77,777.3,777.31,519.325
2026-09-30 13:08:00,777.32,778.48,777.3,778.17,414.298
2026-09-30 13:09:00,778.17,779.42,778.14,779.18,947.051
2026-09-30 13:10:00,779.18,779.19,777.48,777.67,1121.717
2026-09-30 13:11:00,777.66,778.19,777.3,777.95,402.521
2026-09-30 13:12:00,777.95,777.96,777.33,777.88,225.796
2026-09-30 13:13:00,777.87,777.87,777.4,777.51,160.903
2026-09-30 13:14:00,777.5,777.5,777.0,777.19,271.731
2026-09-30 13:15:00,777.18,777.39,776.9,777.17,173.114
2026-09-30 13:16:00,777.17,777.4,777.11,777.39,241.205
2026-09-30 13:17:00,777.39,777.47,776.74,776.77,222.636
2026-09-30 13:18:00,776.77,776.79,776.18,776.18,246.291
2026-09-30 13:19:00,776.19,776.19,775.52,775.52,201.241
2026-09-30 13:20:00,775.52,776.04,775.48,776.03,317.704
2026-09-30 13:21:00,776.04,776.2,775.22,775.51,226.86
2026-09-30 13:22:00,775.52,775.87,775.37,775.4,230.926
2026-09-30 13:23:00,775.4,775.59,775.19,775.27,159.317
2026-09-30 13:24:00,775.27,775.75,775.2,775.56,163.493
2026-09-30 13:25:00,775.54,775.54,775.11,775.13,208.397
2026-09-30 13:26:00,775.13,775.71,775.13,775.71,166.733
2026-09-30 13:27:00,775.71,775.71,775.12,775.17,136.183
2026-09-30 13:28:00,775.17,775.17,774.31,774.32,186.355
2026-09-30 13:29:00,774.31,774.7,774.31,774.7,116.248
2026-09-30 13:30:00,774.71,775.0,774.14,775.0,271.804
2026-09-30 13:31:00,775.0,776.42,775.0,776.42,260.053
2026-09-30 13:32:00,776.42,776.72,775.28,775.31,280.754
2026-09-30 13:33:00,775.3,775.53,774.73,774.96,440.72
2026-09-30 13:34:00,774.97,775.41,774.68,774.74,124.969
2026-09-30 13:35:00,774.73,774.73,771.21,771.7,457.2
2026-09-30 13:36:00,771.69,771.96,770.37,771.68,430.825
2026-09-30 13:37:00,771.69,771.86,770.13,770.84,390.047
2026-09-30 13:38:00,770.72,771.21,769.23,770.34,534.705
2026-09-30 13:39:00,770.33,770.41,768.72,769.22,411.011
2026-09-30 13:40:00,769.18,770.07,767.05,767.68,247.268
2026-09-30 13:41:00,767.67,769.14,767.47,768.72,266.108
2026-09-30 13:42:00,768.72,770.72,768.71,770.44,320.085
2026-09-30 13:43:00,770.44,770.85,769.77,769.77,129.919
2026-09-30 13:44:00,769.76,770.5,769.56,770.45,190.021
2026-09-30 13:45:00,770.46,770.97,769.8,769.91,126.67
2026-09-30 13:46:00,769.91,771.36,769.9,771.32,101.498
2026-09-30 13:47:00,771.32,771.94,770.97,771.87,234.677
2026-09-30 13:48:00,771.86,771.96,770.86,770.91,222.465
2026-09-30 13:49:00,770.93,772.2,770.84,771.75,232.335
2026-09-30 13:50:00,771.74,771.8,771.0,771.52,133.315
2026-09-30 13:51:00,771.52,772.34,771.52,771.97,106.513
2026-09-30 13:52:00,771.96,772.06,771.05,771.13,102.391
2026-09-30 13:53:00,771.12,771.7,770.6,771.7,140.651
2026-09-30 13:54:00,771.7,771.7,771.0,771.09,54.179
2026-09-30 13:55:00,771.1,771.75,771.0,771.19,76.006
2026-09-30 13:56:00,771.19,771.39,770.82,770.84,82.507
2026-09-30 13:57:00,770.85,771.21,770.46,770.69,66.707
2026-09-30 13:58:00,770.7,770.81,770.31,770.75,49.514
2026-09-30 13:59:00,770.75,771.38,770.66,771.38,115.728
2026-09-30 14:00:00,771.38,771.48,769.72,769.94,153.659
2026-09-30 14:01:00,769.93,770.9,769.32,769.32,118.071
2026-09-30 14:02:00,769.31,770.27,768.95,770.05,95.476
2026-09-30 14:03:00,770.06,770.46,769.94,770.46,50.965
2026-09-30 14:04:00,770.46,771.59,770.46,771.11,127.565
2026-09-30 14:05:00,771.08,771.27,770.63,771.27,84.475
2026-09-30 14:06:00,771.28,772.0,771.27,771.28,84.099
2026-09-30 14:07:00,771.29,771.29,769.78,769.81,104.086
2026-09-30 14:08:00,769.81,770.08,769.16,769.98,61.447
2026-09-30 14:09:00,769.99,770.36,769.7,770.34,30.287
2026-09-30 14:10:00,770.32,770.37,769.39,769.51,52.871
2026-09-30 14:11:00,769.5,769.5,768.23,769.28,109.283
2026-09-30 14:12:00,769.27,770.77,769.24,770.5,240.109
2026-09-30 14:13:00,770.49,771.35,769.73,769.85,117.004
2026-09-30 14:14:00,769.86,770.37,769.65,769.88,221.91
2026-09-30 14:15:00,769.87,769.88,768.97,769.6,82.756
2026-09-30 14:16:00,769.59,769.74,768.55,768.96,107.59
2026-09-30 14:17:00,768.97,769.32,768.19,768.38,97.804
2026-09-30 14:18:00,768.38,768.82,767.42,768.07,175.314
2026-09-30 14:19:00,768.07,768.59,767.77,768.59,43.36
2026-09-30 14:20:00,768.58,769.07,768.07,769.07,185.3
2026-09-30 14:21:00,769.07,769.58,768.59,768.59,83.466
2026-09-30 14:22:00,768.59,768.65,766.46,766.46,251.26
2026-09-30 14:23:00,766.53,766.55,763.63,766.54,1223.036
2026-09-30 14:24:00,766.55,766.71,765.84,766.33,213.729
2026-09-30 14:25:00,766.34,766.92,766.23,766.74,99.164
2026-09-30 14:26:00,766.73,767.01,766.44,766.8,115.083
2026-09-30 14:27:00,766.8,766.8,764.39,764.91,262.343
2026-09-30 14:28:00,764.91,765.42,764.61,765.0,109.717
2026-09-30 14:29:00,765.0,765.77,764.67,765.76,115.848
2026-09-30 14:30:00,765.76,766.56,765.29,766.29,163.195
2026-09-30 14:31:00,766.29,766.57,765.8,765.92,66.701
2026-09-30 14:32:00,765.92,765.98,763.7,764.2,278.622
2026-09-30 14:33:00,764.19,765.09,763.07,765.09,446.568
2026-09-30 14:34:00,765.09,765.24,764.0,764.28,152.416
2026-09-30 14:35:00,764.27,764.64,763.81,764.21,56.037
2026-09-30 14:36:00,764.21,765.08,764.11,764.2,61.028
2026-09-30 14:37:00,764.19,765.72,764.1,765.33,83.433
2026-09-30 14:38:00,765.31,765.83,764.95,765.83,69.207
2026-09-30 14:39:00,765.83,765.83,765.19,765.26,73.667
2026-09-30 14:40:00,765.21,765.21,763.78,765.13,79.042
2026-09-30 14:41:00,765.15,765.84,764.13,765.84,137.005
2026-09-30 14:42:00,765.86,766.2,765.56,765.91,54.78
2026-09-30 14:43:00,765.91,766.44,765.29,765.34,160.627
2026-09-30 14:44:00,765.31,765.53,765.05,765.14,30.077
2026-09-30 14:45:00,765.14,765.98,764.88,765.79,157.21
2026-09-30 14:46:00,765.78,765.94,765.54,765.92,29.617
2026-09-30 14:47:00,765.93,766.61,765.86,766.61,124.001
2026-09-30 14:48:00,766.61,767.02,765.85,765.99,207.154
2026-09-30 14:49:00,765.99,766.35,765.8,766.35,54.65
2026-09-30 14:50:00,766.35,766.45,765.96,766.14,32.497
2026-09-30 14:51:00,766.14,766.71,766.14,766.32,48.191
2026-09-30 14:52:00,766.32,767.38,766.31,766.72,186.502
2026-09-30 14:53:00,766.68,767.12,766.46,766.57,137.685
2026-09-30 14:54:00,766.57,766.97,766.31,766.8,184.847
2026-09-30 14:55:00,766.8,767.35,766.73,767.35,72.702
2026-09-30 14:56:00,767.35,767.7,767.2,767.46,152.982
2026-09-30 14:57:00,767.46,767.73,766.96,766.97,176.06
2026-09-30 14:58:00,766.97,767.08,766.6,766.62,32.709
2026-09-30 14:59:00,766.64,766.89,766.38,766.39,57.144
2026-09-30 15:00:00,766.39,767.5,766.29,767.4,67.227
2026-09-30 15:01:00,767.4,767.87,766.63,767.86,41.52
2026-09-30 15:02:00,767.87,767.98,767.02,767.18,64.55
2026-09-30 15:03:00,767.19,767.72,766.98,767.63,326.296
2026-09-30 15:04:00,767.63,767.63,767.25,767.53,37.418
2026-09-30 15:05:00,767.53,767.83,767.36,767.55,25.859
2026-09-30 15:06:00,767.52,767.75,767.29,767.75,79.558
2026-09-30 15:07:00,767.75,767.84,767.4,767.6,27.238
2026-09-30 15:08:00,767.59,767.6,767.31,767.57,41.419
2026-09-30 15:09:00,767.57,768.11,767.57,768.06,78.548
2026-09-30 15:10:00,768.06,768.58,768.06,768.29,37.825
2026-09-30 15:11:00,768.29,768.75,768.1,768.1,46.391
2026-09-30 15:12:00,768.09,768.18,767.27,767.91,102.974
2026-09-30 15:13:00,767.93,768.3,767.71,767.71,41.475
2026-09-30 15:14:00,767.71,768.06,767.5,767.85,42.079
2026-09-30 15:15:00,767.84,768.24,767.68,768.04,128.949
2026-09-30 15:16:00,768.04,768.47,767.96,768.47,47.601
2026-09-30 15:17:00,768.47,768.51,767.36,767.37,32.919
2026-09-30 15:18:00,767.37,767.37,766.47,766.47,37.345
2026-09-30 15:19:00,766.48,766.99,766.2,766.54,107.253
2026-09-30 15:20:00,766.53,767.01,766.32,766.91,32.684
2026-09-30 15:21:00,766.9,767.3,766.6,767.3,37.711
2026-09-30 15:22:00,767.3,768.16,767.3,767.41,86.883
2026-09-30 15:23:00,767.42,767.71,767.03,767.03,57.009
2026-09-30 15:24:00,767.0,767.09,766.12,766.12,40.38
2026-09-30 15:25:00,766.11,766.38,765.58,765.58,191.123
2026-09-30 15:26:00,765.56,766.03,765.2,765.86,448.848
2026-09-30 15:27:00,765.87,765.87,765.27,765.67,80.149
2026-09-30 15:28:00,765.66,766.45,765.57,766.45,84.919
2026-09-30 15:29:00,766.45,767.33,766.44,767.29,17.531
2026-09-30 15:30:00,767.29,768.5,767.29,768.5,91.278
2026-09-30 15:31:00,768.5,770.0,768.5,769.99,150.407
2026-09-30 15:32:00,769.99,769.99,768.27,768.55,387.099
2026-09-30 15:33:00,768.55,768.8,768.09,768.68,49.9
2026-09-30 15:34:00,768.67,768.8,768.36,768.57,58.595
2026-09-30 15:35:00,768.56,768.98,768.56,768.77,72.663
2026-09-30 15:36:00,768.77,768.82,768.6,768.65,26.736
2026-09-30 15:37:00,768.65,769.32,768.33,769.32,74.508
2026-09-30 15:38:00,769.31,769.67,769.06,769.14,143.056
2026-09-30 15:39:00,769.13,769.44,769.12,769.36,18.18
2026-09-30 15:40:00,769.36,769.66,769.36,769.45,12.773
2026-09-30 15:41:00,769.45,769.56,769.03,769.03,63.001
2026-09-30 15:42:00,769.03,769.45,768.97,769.4,75.761
2026-09-30 15:43:00,769.4,769.4,768.7,768.96,66.117
2026-09-30 15:44:00,768.96,768.96,768.1,768.15,88.229
2026-09-30 15:45:00,768.16,768.42,767.94,768.32,14.435
2026-09-30 15:46:00,768.32,768.8,768.31,768.79,29.137
2026-09-30 15:47:00,768.8,769.15,768.79,769.15,21.522
2026-09-30 15:48:00,769.15,770.0,769.14,769.99,33.4
2026-09-30 15:49:00,770.0,770.0,769.84,769.95,52.387
2026-09-30 15:50:00,769.95,770.17,769.86,769.99,82.871
2026-09-30 15:51:00,769.99,770.33,769.99,770.07,110.118
2026-09-30 15:52:00,770.07,770.25,770.01,770.01,43.665
2026-09-30 15:53:00,770.02,770.11,769.8,769.85,84.494
2026-09-30 15:54:00,769.84,770.05,769.72,769.72,32.347
2026-09-30 15:55:00,769.72,769.72,769.53,769.54,37.101
2026-09-30 15:56:00,769.54,769.9,769.53,769.82,26.417
2026-09-30 15:57:00,769.82,769.84,769.62,769.69,22.156
2026-09-30 15:58:00,769.68,769.76,769.65,769.67,15.802
2026-09-30 15:59:00,769.68,769.68,769.6,769.67,34.035
2026-09-30 16:00:00,769.68,769.82,769.45,769.55,76.61
2026-09-30 16:01:00,769.55,769.92,769.51,769.92,72.803
2026-09-30 16:02:00,769.93,770.45,769.84,770.18,97.734
2026-09-30 16:03:00,770.18,770.32,769.89,770.2,51.032
2026-09-30 16:04:00,770.2,770.45,769.97,770.14,87.726
2026-09-30 16:05:00,770.14,770.38,769.97,770.38,76.691
2026-09-30 16:06:00,770.38,770.47,770.28,770.47,52.719
2026-09-30 16:07:00,770.47,770.47,770.16,770.17,71.417
2026-09-30 16:08:00,770.17,770.35,770.03,770.25,124.203
2026-09-30 16:09:00,770.24,770.27,770.23,770.23,72.045
2026-09-30 16:10:00,770.23,770.24,769.94,769.94,77.072
2026-09-30 16:11:00,769.94,770.16,769.92,770.04,63.151
2026-09-30 16:12:00,770.04,770.04,769.51,769.52,62.499
2026-09-30 16:13:00,769.51,770.24,769.51,770.23,47.645
2026-09-30 16:14:00,770.24,770.63,770.24,770.47,163.832
2026-09-30 16:15:00,770.46,770.53,769.83,770.0,134.723
2026-09-30 16:16:00,770.01,770.38,770.01,770.28,47.688
2026-09-30 16:17:00,770.29,770.29,769.52,769.66,49.191
2026-09-30 16:18:00,769.66,770.03,769.53,770.03,58.538
2026-09-30 16:19:00,770.03,770.39,770.02,770.02,44.258
2026-09-30 16:20:00,770.03,770.03,769.72,769.96,40.62
2026-09-30 16:21:00,769.96,770.32,769.9,770.08,60.746
2026-09-30 16:22:00,770.09,770.39,770.09,770.21,28.119
2026-09-30 16:23:00,770.21,770.28,770.15,770.18,42.239
2026-09-30 16:24:00,770.18,770.32,770.08,770.09,49.506
2026-09-30 16:25:00,770.08,770.2,770.01,770.09,34.642
2026-09-30 16:26:00,770.09,770.16,769.9,769.92,34.208
2026-09-30 16:27:00,769.91,769.98,769.63,769.79,38.087
2026-09-30 16:28:00,769.78,769.84,769.66,769.79,21.423
2026-09-30 16:29:00,769.79,769.79,769.35,769.44,34.188
2026-09-30 16:30:00,769.44,769.61,769.29,769.3,124.354
2026-09-30 16:31:00,769.29,769.61,769.26,769.33,36.72
2026-09-30 16:32:00,769.33,769.55,769.02,769.51,90.776
2026-09-30 16:33:00,769.49,769.78,769.49,769.51,52.899
2026-09-30 16:34:00,769.5,769.78,769.4,769.41,66.152
2026-09-30 16:35:00,769.41,769.41,768.78,768.78,38.469
2026-09-30 16:36:00,768.79,768.79,768.31,768.56,190.578
2026-09-30 16:37:00,768.56,769.46,768.56,769.36,36.649
2026-09-30 16:38:00,769.33,769.8,769.33,769.8,20.162
2026-09-30 16:39:00,769.79,770.11,769.64,770.04,31.165
2026-09-30 16:40:00,770.03,770.13,769.86,769.98,59.646
2026-09-30 16:41:00,769.97,770.45,769.97,769.98,99.663
2026-09-30 16:42:00,769.97,770.28,769.97,770.09,30.516
2026-09-30 16:43:00,770.09,770.62,770.09,770.62,29.29
2026-09-30 16:44:00,770.62,770.86,770.62,770.76,42.517
2026-09-30 16:45:00,770.76,770.9,770.51,770.9,66.054
2026-09-30 16:46:00,770.9,771.31,770.76,771.31,211.779
2026-09-30 16:47:00,771.31,771.7,771.31,771.63,60.83
2026-09-30 16:48:00,771.63,771.63,770.94,770.97,47.502
2026-09-30 16:49:00,770.95,771.1,770.71,770.94,33.17
2026-09-30 16:50:00,770.93,771.49,770.92,771.2,36.702
2026-09-30 16:51:00,771.2,771.41,770.75,770.75,70.525
2026-09-30 16:52:00,770.76,770.89,770.42,770.42,56.325
2026-09-30 16:53:00,770.43,770.51,770.22,770.27,33.221
2026-09-30 16:54:00,770.27,770.44,770.04,770.04,54.142
2026-09-30 16:55:00,770.04,770.1,769.88,769.88,59.782
2026-09-30 16:56:00,769.88,770.08,769.88,769.94,54.674
2026-09-30 16:57:00,769.94,770.29,769.94,770.07,41.955
2026-09-30 16:58:00,770.06,770.33,770.06,770.21,27.385
2026-09-30 16:59:00,770.2,770.3,770.17,770.27,16.758
2026-09-30 17:00:00,770.28,770.37,769.88,769.88,49.088
2026-09-30 17:01:00,769.88,770.12,769.86,770.08,44.805
2026-09-30 17:02:00,770.09,770.24,769.97,769.97,69.575
2026-09-30 17:03:00,769.96,770.16,769.83,770.15,104.68
2026-09-30 17:04:00,770.15,770.33,769.57,769.57,70.211
2026-09-30 17:05:00,769.57,770.12,769.46,769.65,39.419
2026-09-30 17:06:00,769.64,770.1,769.53,770.09,55.586
2026-09-30 17:07:00,770.09,770.58,770.09,770.26,47.772
2026-09-30 17:08:00,770.26,770.98,770.26,770.97,51.755
2026-09-30 17:09:00,770.98,771.1,770.35,770.68,189.662
2026-09-30 17:10:00,770.68,770.94,770.68,770.93,23.039
2026-09-30 17:11:00,770.94,771.0,770.63,770.64,139.296
2026-09-30 17:12:00,770.64,770.66,770.44,770.44,26.018
2026-09-30 17:13:00,770.43,770.66,770.28,770.28,126.703
2026-09-30 17:14:00,770.28,770.62,770.24,770.24,29.37
2026-09-30 17:15:00,770.25,770.25,769.77,769.77,62.121
2026-09-30 17:16:00,769.77,769.9,769.58,769.67,64.122
2026-09-30 17:17:00,769.67,770.0,769.65,769.94,28.08
2026-09-30 17:18:00,769.94,770.35,769.79,770.23,52.538
2026-09-30 17:19:00,770.23,770.3,769.72,769.72,46.079
2026-09-30 17:20:00,769.71,769.71,769.25,769.42,34.937
2026-09-30 17:21:00,769.42,770.28,769.42,770.18,23.632
2026-09-30 17:22:00,770.19,770.24,769.61,769.61,61.304
2026-09-30 17:23:00,769.61,769.68,769.43,769.55,14.841
2026-09-30 17:24:00,769.55,769.91,769.54,769.71,25.86
2026-09-30 17:25:00,769.71,769.71,769.26,769.26,28.6
2026-09-30 17:26:00,769.27,769.27,768.32,768.32,61.189
2026-09-30 17:27:00,768.32,769.32,768.32,769.32,18.875
2026-09-30 17:28:00,769.33,769.37,768.99,769.11,16.456
2026-09-30 17:29:00,769.11,769.66,769.11,769.63,42.645
2026-09-30 17:30:00,769.62,769.62,769.33,769.41,42.88
2026-09-30 17:31:00,769.42,769.5,768.96,769.14,56.236
2026-09-30 17:32:00,769.14,769.55,769.09,769.2,34.308
2026-09-30 17:33:00,769.19,769.27,768.98,769.07,50.395
2026-09-30 17:34:00,769.06,769.48,768.26,768.5,774.345
2026-09-30 17:35:00,768.48,768.61,768.33,768.5,34.501
2026-09-30 17:36:00,768.5,768.62,768.16,768.16,16.78
2026-09-30 17:37:00,768.17,768.57,767.49,768.22,117.361
2026-09-30 17:38:00,768.21,768.97,768.13,768.97,44.06
2026-09-30 17:39:00,768.98,769.32,768.84,768.85,53.094
2026-09-30 17:40:00,768.84,768.95,768.53,768.88,74.162
2026-09-30 17:41:00,768.87,768.88,768.76,768.87,7.231
2026-09-30 17:42:00,768.87,768.88,768.26,768.45,244.097
2026-09-30 17:43:00,768.46,769.03,768.46,768.93,52.355
2026-09-30 17:44:00,768.93,768.93,768.57,768.57,13.746
2026-09-30 17:45:00,768.57,768.77,768.15,768.76,23.218
2026-09-30 17:46:00,768.77,769.06,768.73,769.01,26.042
2026-09-30 17:47:00,769.01,769.84,768.98,769.08,26.329
2026-09-30 17:48:00,769.07,769.66,768.94,769.56,31.975
2026-09-30 17:49:00,769.57,769.85,769.46,769.8,125.045
2026-09-30 17:50:00,769.81,770.16,769.69,769.92,49.752
2026-09-30 17:51:00,769.91,769.91,769.59,769.59,28.375
2026-09-30 17:52:00,769.58,769.58,769.16,769.16,7.888
2026-09-30 17:53:00,769.15,769.15,768.88,768.89,10.153
2026-09-30 17:54:00,768.89,768.89,768.74,768.74,16.26
2026-09-30 17:55:00,768.75,768.76,768.62,768.75,22.351
2026-09-30 17:56:00,768.76,768.86,768.76,768.8,3.658
2026-09-30 17:57:00,768.81,768.87,768.81,768.87,21.785
2026-09-30 17:58:00,768.87,769.24,768.87,769.16,103.09
2026-09-30 17:59:00,769.16,769.43,769.16,769.38,6.765
2026-09-30 18:00:00,769.38,769.76,769.26,769.33,32.891
2026-09-30 18:01:00,769.33,769.42,768.8,768.81,26.148
2026-09-30 18:02:00,768.81,768.94,768.53,768.53,43.918
2026-09-30 18:03:00,768.53,768.72,768.43,768.46,16.155
2026-09-30 18:04:00,768.46,768.58,767.87,768.48,91.629
2026-09-30 18:05:00,768.48,768.48,767.8,767.8,39.845
2026-09-30 18:06:00,767.79,767.79,767.08,767.48,80.285
2026-09-30 18:07:00,767.47,768.01,767.36,767.95,33.055
2026-09-30 18:08:00,767.96,768.65,767.84,768.64,11.098
2026-09-30 18:09:00,768.65,769.4,768.55,769.31,40.004
2026-09-30 18:10:00,769.3,769.33,768.76,768.83,27.319
2026-09-30 18:11:00,768.83,769.38,768.83,769.36,42.315
2026-09-30 18:12:00,769.35,769.36,769.09,769.19,63.858
2026-09-30 18:13:00,769.2,769.2,768.87,768.88,18.446
2026-09-30 18:14:00,768.88,769.01,768.35,768.35,42.989
2026-09-30 18:15:00,768.33,768.61,768.16,768.61,36.866
2026-09-30 18:16:00,768.62,768.62,768.34,768.34,18.016
2026-09-30 18:17:00,768.34,768.64,768.27,768.38,17.654
2026-09-30 18:18:00,768.37,768.91,768.08,768.91,19.325
2026-09-30 18:19:00,768.92,768.92,768.53,768.82,42.37
2026-09-30 18:20:00,768.83,769.01,768.65,768.82,8.972
2026-09-30 18:21:00,768.82,768.82,768.26,768.45,48.265
2026-09-30 18:22:00,768.43,768.47,768.28,768.46,30.076
2026-09-30 18:23:00,768.47,768.48,768.06,768.06,24.314
2026-09-30 18:24:00,768.06,768.13,767.85,767.95,24.142
2026-09-30 18:25:00,767.94,768.05,767.8,767.97,24.952
2026-09-30 18:26:00,767.97,768.13,767.91,767.98,35.31
2026-09-30 18:27:00,767.98,768.17,767.85,767.86,49.421
2026-09-30 18:28:00,767.85,768.24,767.85,768.15,28.609
2026-09-30 18:29:00,768.16,768.65,768.15,768.64,8.614
2026-09-30 18:30:00,768.65,769.4,768.6,769.39,68.462
2026-09-30 18:31:00,769.36,769.36,768.73,768.73,24.01
2026-09-30 18:32:00,768.73,768.77,768.53,768.53,7.546
2026-09-30 18:33:00,768.54,768.54,768.14,768.25,41.124
2026-09-30 18:34:00,768.21,768.21,767.67,767.97,14.628
2026-09-30 18:35:00,767.97,767.97,767.58,767.69,32.122
2026-09-30 18:36:00,767.67,767.69,767.27,767.28,18.678
2026-09-30 18:37:00,767.28,767.33,767.0,767.15,30.972
2026-09-30 18:38:00,767.15,767.31,767.15,767.27,41.117
2026-09-30 18:39:00,767.27,767.27,767.0,767.08,11.382
2026-09-30 18:40:00,767.08,767.6,767.08,767.45,64.598
2026-09-30 18:41:00,767.44,767.44,767.17,767.19,50.663
2026-09-30 18:42:00,767.19,767.19,767.07,767.12,18.432
2026-09-30 18:43:00,767.12,767.5,767.1,767.36,13.228
2026-09-30 18:44:00,767.37,767.56,767.16,767.16,30.256
2026-09-30 18:45:00,767.17,767.22,767.05,767.13,6.025
2026-09-30 18:46:00,767.13,767.13,767.0,767.0,15.799
2026-09-30 18:47:00,767.01,767.06,766.88,766.94,48.214
2026-09-30 18:48:00,766.94,766.97,766.88,766.9,43.595
2026-09-30 18:49:00,766.91,767.29,766.9,767.29,16.947
2026-09-30 18:50:00,767.3,768.08,767.3,767.93,43.73
2026-09-30 18:51:00,767.93,767.93,767.71,767.91,11.56
2026-09-30 18:52:00,767.9,768.24,767.75,768.21,28.92
2026-09-30 18:53:00,768.21,768.28,767.7,767.7,44.262
2026-09-30 18:54:00,767.69,767.82,767.54,767.82,11.51
2026-09-30 18:55:00,767.82,767.82,767.81,767.82,2.463
2026-09-30 18:56:00,767.82,768.15,767.76,768.15,11.54
2026-09-30 18:57:00,768.16,768.35,768.15,768.35,6.818
2026-09-30 18:58:00,768.35,768.7,768.26,768.69,16.365
2026-09-30 18:59:00,768.7,768.76,768.5,768.61,41.113
2026-09-30 19:00:00,768.62,768.82,768.18,768.18,29.765
2026-09-30 19:01:00,768.18,768.3,767.97,768.01,51.844
2026-09-30 19:02:00,768.02,768.18,767.77,768.18,41.965
2026-09-30 19:03:00,768.18,768.35,767.95,767.98,22.524
2026-09-30 19:04:00,767.97,768.14,767.97,768.14,6.664
2026-09-30 19:05:00,768.14,768.33,767.96,768.0,62.934
2026-09-30 19:06:00,768.0,768.02,767.99,768.0,8.243
2026-09-30 19:07:00,767.99,768.13,767.99,768.13,5.281
2026-09-30 19:08:00,768.13,768.13,767.79,767.79,30.247
2026-09-30 19:09:00,767.79,767.79,767.64,767.64,3.797
2026-09-30 19:10:00,767.64,767.7,767.2,767.22,11.804
2026-09-30 19:11:00,767.23,767.23,767.01,767.02,6.77
2026-09-30 19:12:00,767.02,767.02,766.35,766.87,50.666
2026-09-30 19:13:00,766.88,767.13,766.72,767.07,11.459
2026-09-30 19:14:00,767.1,767.1,766.87,766.88,13.56
2026-09-30 19:15:00,766.87,766.87,766.48,766.53,21.875
2026-09-30 19:16:00,766.53,766.65,766.5,766.53,31.973
2026-09-30 19:17:00,766.52,766.52,765.5,765.74,176.735
2026-09-30 19:18:00,765.71,766.03,765.47,766.03,42.736
2026-09-30 19:19:00,766.02,766.49,766.01,766.49,29.136
2026-09-30 19:20:00,766.49,766.55,766.02,766.32,23.164
2026-09-30 19:21:00,766.32,766.77,766.32,766.57,15.405
2026-09-30 19:22:00,766.57,766.57,766.29,766.46,20.849
2026-09-30 19:23:00,766.45,766.45,765.73,765.73,3.245
2026-09-30 19:24:00,765.73,765.78,765.54,765.77,16.342
2026-09-30 19:25:00,765.77,766.29,765.73,766.29,35.194
2026-09-30 19:26:00,766.29,766.51,766.05,766.06,6.161
2026-09-30 19:27:00,766.07,766.35,766.06,766.35,8.72
2026-09-30 19:28:00,766.35,766.55,766.25,766.44,15.478
2026-09-30 19:29:00,766.45,766.46,766.37,766.44,17.837
2026-09-30 19:30:00,766.43,766.77,766.43,766.76,15.296
2026-09-30 19:31:00,766.77,766.95,766.18,766.41,135.067
2026-09-30 19:32:00,766.49,766.63,766.21,766.42,3.704
2026-09-30 19:33:00,766.43,766.99,766.42,766.99,54.087
2026-09-30 19:34:00,767.0,767.24,766.76,767.09,29.079
2026-09-30 19:35:00,767.08,767.56,767.05,767.3,44.306
2026-09-30 19:36:00,767.28,767.53,767.28,767.52,26.203
2026-09-30 19:37:00,767.49,767.65,767.39,767.61,40.9
2026-09-30 19:38:00,767.62,768.0,767.62,768.0,6.535
2026-09-30 19:39:00,767.99,768.0,767.41,767.55,6.285
2026-09-30 19:40:00,767.54,767.54,767.21,767.23,12.819
2026-09-30 19:41:00,767.22,767.45,767.11,767.18,68.578
2026-09-30 19:42:00,767.18,767.38,767.09,767.09,3.581
2026-09-30 19:43:00,767.1,767.14,767.0,767.12,15.009
2026-09-30 19:44:00,767.12,767.27,767.11,767.27,15.309
2026-09-30 19:45:00,767.26,767.26,767.04,767.08,18.56
2026-09-30 19:46:00,767.08,767.13,766.89,767.1,27.503
2026-09-30 19:47:00,767.1,767.35,766.57,766.58,84.487
2026-09-30 19:48:00,766.58,767.15,766.58,766.82,93.057
2026-09-30 19:49:00,766.82,766.93,766.65,766.74,17.796
2026-09-30 19:50:00,766.73,766.73,765.81,765.81,40.314
2026-09-30 19:51:00,765.82,765.82,765.0,765.42,95.583
2026-09-30 19:52:00,765.43,765.78,765.33,765.37,45.636
2026-09-30 19:53:00,765.37,765.94,765.29,765.29,89.586
2026-09-30 19:54:00,765.28,765.48,764.79,764.84,108.284
2026-09-30 19:55:00,764.84,765.66,764.63,765.66,27.93
2026-09-30 19:56:00,765.66,765.7,765.16,765.44,25.458
2026-09-30 19:57:00,765.43,765.44,765.25,765.43,6.275
2026-09-30 19:58:00,765.44,765.44,765.01,765.25,17.035
2026-09-30 19:59:00,765.26,765.6,765.25,765.36,79.028
2026-09-30 20:00:00,765.39,765.89,765.39,765.74,128.924
2026-09-30 20:01:00,765.75,765.75,764.81,765.17,29.184
2026-09-30 20:02:00,765.17,765.44,764.79,764.89,20.885
2026-09-30 20:03:00,764.9,765.13,764.8,765.1,20.431
2026-09-30 20:04:00,765.1,765.2,764.81,765.12,23.117
2026-09-30 20:05:00,765.13,765.39,765.03,765.19,10.805
2026-09-30 20:06:00,765.19,765.33,764.62,765.33,116.373
2026-09-30 20:07:00,765.32,765.5,765.15,765.44,32.592
2026-09-30 20:08:00,765.44,765.44,765.22,765.29,8.331
2026-09-30 20:09:00,765.29,765.43,765.28,765.41,13.631
2026-09-30 20:10:00,765.41,765.69,765.4,765.69,17.361
2026-09-30 20:11:00,765.7,765.97,765.51,765.52,55.903
2026-09-30 20:12:00,765.51,765.68,765.51,765.67,5.443
2026-09-30 20:13:00,765.68,766.0,765.65,766.0,15.725
2026-09-30 20:14:00,766.0,766.55,765.99,766.41,24.181
2026-09-30 20:15:00,766.41,766.66,766.33,766.64,24.984
2026-09-30 20:16:00,766.65,766.65,766.15,766.4,9.651
2026-09-30 20:17:00,766.4,766.5,766.25,766.26,5.808
2026-09-30 20:18:00,766.27,766.41,766.2,766.41,22.605
2026-09-30 20:19:00,766.42,766.75,766.42,766.75,22.346
2026-09-30 20:20:00,766.76,767.0,766.76,766.8,4.738
2026-09-30 20:21:00,766.79,767.0,766.77,767.0,11.498
2026-09-30 20:22:00,767.0,767.44,767.0,767.44,38.606
2026-09-30 20:23:00,767.44,767.62,767.44,767.49,71.144
2026-09-30 20:24:00,767.49,767.49,767.29,767.3,14.685
2026-09-30 20:25:00,767.3,767.63,767.3,767.63,23.935
2026-09-30 20:26:00,767.63,767.81,767.62,767.81,24.129
2026-09-30 20:27:00,767.82,768.18,767.82,768.17,71.666
2026-09-30 20:28:00,768.17,768.2,768.06,768.19,60.075
2026-09-30 20:29:00,768.19,768.35,768.0,768.0,27.292
2026-09-30 20:30:00,768.0,768.03,767.62,767.71,114.896
2026-09-30 20:31:00,767.71,767.71,767.4,767.41,5.045
2026-09-30 20:32:00,767.42,767.42,767.19,767.21,10.219
2026-09-30 20:33:00,767.21,767.4,767.06,767.24,24.244
2026-09-30 20:34:00,767.23,767.43,767.11,767.29,13.559
2026-09-30 20:35:00,767.3,767.64,767.3,767.35,17.333
2026-09-30 20:36:00,767.35,767.39,767.11,767.23,23.315
2026-09-30 20:37:00,767.21,767.5,766.99,767.45,8.479
2026-09-30 20:38:00,767.45,767.48,767.26,767.27,26.856
2026-09-30 20:39:00,767.26,767.62,767.21,767.61,13.35
2026-09-30 20:40:00,767.61,767.64,767.45,767.46,15.092
2026-09-30 20:41:00,767.46,767.58,767.35,767.58,34.583
2026-09-30 20:42:00,767.58,767.58,766.99,766.99,5.565
2026-09-30 20:43:00,766.99,767.31,766.99,767.31,4.864
2026-09-30 20:44:00,767.31,767.31,767.19,767.2,8.68
2026-09-30 20:45:00,767.2,767.55,767.19,767.55,8.101
2026-09-30 20:46:00,767.55,767.55,767.15,767.15,12.435
2026-09-30 20:47:00,767.14,767.46,767.14,767.46,5.733
2026-09-30 20:48:00,767.45,767.46,767.22,767.22,19.437
2026-09-30 20:49:00,767.23,767.32,766.97,767.32,7.826
2026-09-30 20:50:00,767.31,767.32,766.95,767.05,7.246
2026-09-30 20:51:00,767.06,767.28,767.03,767.28,16.163
2026-09-30 20:52:00,767.27,767.52,767.27,767.52,28.315
2026-09-30 20:53:00,767.52,767.6,767.51,767.59,13.977
2026-09-30 20:54:00,767.59,767.59,767.39,767.4,20.288
2026-09-30 20:55:00,767.4,767.4,766.93,766.93,31.546
2026-09-30 20:56:00,766.92,766.92,766.75,766.91,18.839
2026-09-30 20:57:00,766.91,767.05,766.91,767.02,15.554
2026-09-30 20:58:00,767.02,767.4,767.01,767.28,36.272
2026-09-30 20:59:00,767.28,767.65,767.26,767.63,21.468
2026-09-30 21:00:00,767.64,768.0,767.64,768.0,44.696
2026-09-30 21:01:00,767.99,768.18,767.99,768.04,20.097
2026-09-30 21:02:00,768.04,768.04,767.64,767.85,26.81
2026-09-30 21:03:00,767.87,768.35,767.87,768.27,18.995
2026-09-30 21:04:00,768.26,768.36,768.23,768.32,39.515
2026-09-30 21:05:00,768.31,768.31,768.0,768.01,16.912
2026-09-30 21:06:00,768.01,768.15,767.92,768.05,25.297
2026-09-30 21:07:00,768.05,768.05,767.6,767.69,28.746
2026-09-30 21:08:00,767.69,767.69,767.49,767.68,25.255
2026-09-30 21:09:00,767.68,767.77,767.51,767.52,16.178
2026-09-30 21:10:00,767.52,767.96,767.52,767.73,56.296
2026-09-30 21:11:00,767.72,767.95,767.62,767.95,20.275
2026-09-30 21:12:00,767.95,768.13,767.95,768.1,87.07
2026-09-30 21:13:00,768.11,768.11,767.66,767.66,44.776
2026-09-30 21:14:00,767.67,767.84,767.63,767.83,30.835
2026-09-30 21:15:00,767.83,767.83,767.61,767.61,23.748
2026-09-30 21:16:00,767.6,767.96,767.6,767.89,90.74
2026-09-30 21:17:00,767.89,768.25,767.89,768.25,18.982
2026-09-30 21:18:00,768.25,768.4,768.25,768.28,25.804
2026-09-30 21:19:00,768.27,768.42,767.97,768.17,40.052
2026-09-30 21:20:00,768.17,768.17,768.0,768.12,24.516
2026-09-30 21:21:00,768.14,768.14,768.02,768.02,18.421
2026-09-30 21:22:00,768.02,768.24,768.0,768.24,14.882
2026-09-30 21:23:00,768.24,768.27,767.98,767.99,30.207
2026-09-30 21:24:00,767.99,767.99,767.23,767.24,36.52
2026-09-30 21:25:00,767.24,767.24,767.04,767.05,23.463
2026-09-30 21:26:00,767.05,767.42,767.05,767.41,18.717
2026-09-30 21:27:00,767.42,767.51,767.42,767.51,6.639
2026-09-30 21:28:00,767.5,767.51,767.34,767.45,11.366
2026-09-30 21:29:00,767.46,767.62,767.46,767.46,27.148
2026-09-30 21:30:00,767.46,767.56,767.38,767.4,8.062
2026-09-30 21:31:00,767.4,767.4,767.06,767.26,51.198
2026-09-30 21:32:00,767.27,767.37,767.26,767.31,2.327
2026-09-30 21:33:00,767.31,767.92,767.3,767.92,15.824
2026-09-30 21:34:00,767.92,767.98,767.92,767.97,18.79
2026-09-30 21:35:00,767.97,767.98,767.97,767.98,2.903
2026-09-30 21:36:00,767.97,767.98,767.97,767.98,1.787
2026-09-30 21:37:00,767.98,767.98,767.96,767.97,16.134
2026-09-30 21:38:00,767.98,768.21,767.98,768.21,7.198
2026-09-30 21:39:00,768.21,768.21,767.62,767.62,23.916
2026-09-30 21:40:00,767.62,767.72,767.52,767.72,17.975
2026-09-30 21:41:00,767.72,767.72,767.67,767.67,5.258
2026-09-30 21:42:00,767.68,767.68,767.67,767.68,5.569
2026-09-30 21:43:00,767.68,767.94,767.67,767.73,20.788
2026-09-30 21:44:00,767.73,767.73,767.61,767.61,9.42
2026-09-30 21:45:00,767.61,767.62,767.6,767.61,4.199
2026-09-30 21:46:00,767.62,767.62,767.61,767.62,6.37
2026-09-30 21:47:00,767.61,767.71,767.61,767.69,15.197
2026-09-30 21:48:00,767.7,767.7,767.64,767.64,5.161
2026-09-30 21:49:00,767.64,767.64,767.58,767.58,6.421
2026-09-30 21:50:00,767.58,767.58,767.4,767.41,13.203
2026-09-30 21:51:00,767.41,767.41,766.97,766.99,38.851
2026-09-30 21:52:00,766.98,767.05,766.98,767.05,4.437
2026-09-30 21:53:00,767.05,767.17,767.04,767.17,5.644
2026-09-30 21:54:00,767.17,767.2,767.14,767.14,19.773
2026-09-30 21:55:00,767.14,767.14,767.11,767.11,42.526
2026-09-30 21:56:00,767.1,767.1,766.96,766.97,11.283
2026-09-30 21:57:00,766.97,766.97,766.96,766.96,1.887
2026-09-30 21:58:00,766.97,766.97,766.96,766.97,1.772
2026-09-30 21:59:00,766.96,766.96,766.8,766.87,195.382
2026-09-30 22:00:00,766.88,767.48,766.87,767.48,90.631
2026-09-30 22:01:00,767.48,767.48,767.31,767.32,22.235
2026-09-30 22:02:00,767.32,767.32,766.87,766.88,10.117
2026-09-30 22:03:00,766.88,766.88,766.71,766.71,39.7
2026-09-30 22:04:00,766.72,766.72,766.19,766.2,47.849
2026-09-30 22:05:00,766.2,766.2,766.09,766.1,25.203
2026-09-30 22:06:00,766.09,766.09,765.91,765.92,26.999
2026-09-30 22:07:00,765.92,765.92,765.61,765.89,59.144
2026-09-30 22:08:00,765.89,765.89,765.83,765.84,11.236
2026-09-30 22:09:00,765.84,765.85,765.79,765.79,40.21
2026-09-30 22:10:00,765.8,765.85,765.76,765.85,37.343
2026-09-30 22:11:00,765.85,765.87,765.82,765.83,14.859
2026-09-30 22:12:00,765.83,766.18,765.83,766.16,56.897
2026-09-30 22:13:00,766.16,766.18,766.15,766.18,5.254
2026-09-30 22:14:00,766.18,766.62,766.17,766.62,28.782
2026-09-30 22:15:00,766.62,766.62,766.58,766.62,22.211
2026-09-30 22:16:00,766.64,766.74,766.63,766.72,18.724
2026-09-30 22:17:00,766.71,766.94,766.71,766.94,8.721
2026-09-30 22:18:00,766.94,767.19,766.94,767.06,8.599
2026-09-30 22:19:00,767.06,767.09,767.05,767.09,10.909
2026-09-30 22:20:00,767.09,767.47,767.08,767.42,9.228
2026-09-30 22:21:00,767.41,767.41,767.36,767.4,3.694
2026-09-30 22:22:00,767.4,767.67,767.4,767.67,20.399
2026-09-30 22:23:00,767.67,767.69,767.66,767.67,2.813
2026-09-30 22:24:00,767.67,767.67,767.55,767.56,41.638
2026-09-30 22:25:00,767.56,767.57,767.51,767.57,25.414
2026-09-30 22:26:00,767.57,767.8,767.57,767.79,13.041
2026-09-30 22:27:00,767.8,767.88,767.77,767.88,50.033
2026-09-30 22:28:00,767.87,767.88,767.82,767.87,20.81
2026-09-30 22:29:00,767.88,767.96,767.88,767.96,10.701
2026-09-30 22:30:00,767.96,768.07,767.95,768.07,26.047
2026-09-30 22:31:00,768.07,768.28,768.07,768.28,28.147
2026-09-30 22:32:00,768.27,768.29,768.27,768.28,27.545
2026-09-30 22:33:00,768.28,768.37,768.27,768.36,30.254
2026-09-30 22:34:00,768.37,768.57,768.36,768.56,31.335
2026-09-30 22:35:00,768.55,768.68,768.55,768.68,47.322
2026-09-30 22:36:00,768.68,768.79,768.68,768.78,19.16
2026-09-30 22:37:00,768.79,768.79,768.7,768.7,16.796
2026-09-30 22:38:00,768.7,768.96,768.7,768.91,71.796
2026-09-30 22:39:00,768.9,768.91,768.9,768.91,21.877
2026-09-30 22:40:00,768.91,768.97,768.9,768.97,18.087
2026-09-30 22:41:00,768.97,769.0,768.96,768.99,14.701
2026-09-30 22:42:00,769.0,769.07,768.99,769.07,25.727
2026-09-30 22:43:00,769.07,769.07,768.99,769.0,17.801
2026-09-30 22:44:00,768.99,769.13,768.99,769.1,28.323
2026-09-30 22:45:00,769.1,769.16,769.09,769.11,20.965
2026-09-30 22:46:00,769.1,769.16,769.09,769.15,11.512
2026-09-30 22:47:00,769.16,769.18,769.16,769.18,9.645
2026-09-30 22:48:00,769.17,769.18,768.81,768.87,39.878
2026-09-30 22:49:00,768.87,769.18,768.86,768.95,110.118
2026-09-30 22:50:00,768.95,769.19,768.93,768.94,23.742
2026-09-30 22:51:00,768.93,768.94,768.76,768.89,46.176
2026-09-30 22:52:00,768.89,769.19,768.89,769.18,16.203
2026-09-30 22:53:00,769.18,769.18,768.95,769.01,27.162
2026-09-30 22:54:00,769.02,769.17,769.01,769.17,10.456
2026-09-30 22:55:00,769.18,769.6,769.18,769.24,27.801
2026-09-30 22:56:00,769.24,769.52,769.22,769.51,15.149
2026-09-30 22:57:00,769.52,769.61,769.43,769.45,52.888
2026-09-30 22:58:00,769.45,769.45,769.35,769.4,13.883
2026-09-30 22:59:00,769.39,769.42,769.31,769.36,34.107
2026-09-30 23:00:00,769.35,769.84,769.31,769.84,36.757
2026-09-30 23:01:00,769.84,770.18,769.83,770.01,63.227
2026-09-30 23:02:00,770.01,770.5,770.01,770.49,45.871
2026-09-30 23:03:00,770.49,770.81,770.29,770.76,77.724
2026-09-30 23:04:00,770.76,770.84,770.49,770.49,25.602
2026-09-30 23:05:00,770.5,770.68,769.92,769.93,56.621
2026-09-30 23:06:00,769.93,770.14,769.6,769.65,14.956
2026-09-30 23:07:00,769.66,770.05,769.26,769.69,26.592
2026-09-30 23:08:00,769.69,769.75,769.12,769.41,66.753
2026-09-30 23:09:00,769.42,769.75,769.4,769.75,6.213
2026-09-30 23:10:00,769.76,769.8,769.6,769.61,23.778
2026-09-30 23:11:00,769.61,770.13,769.6,769.82,97.364
2026-09-30 23:12:00,769.81,770.16,769.79,770.04,34.858
2026-09-30 23:13:00,770.03,770.65,770.03,770.58,86.813
2026-09-30 23:14:00,770.5,770.54,770.06,770.07,54.57
2026-09-30 23:15:00,770.07,770.32,769.83,770.0,26.957
2026-09-30 23:16:00,770.01,770.65,769.89,770.18,112.574
2026-09-30 23:17:00,770.18,770.19,769.88,769.88,10.479
2026-09-30 23:18:00,769.87,770.2,769.79,770.15,92.975
2026-09-30 23:19:00,770.16,770.43,770.13,770.4,69.333
2026-09-30 23:20:00,770.39,770.39,770.12,770.18,24.399
2026-09-30 23:21:00,770.18,771.01,770.18,770.45,118.339
2026-09-30 23:22:00,770.46,770.46,770.32,770.33,22.593
2026-09-30 23:23:00,770.32,770.51,770.32,770.39,29.361
2026-09-30 23:24:00,770.37,770.56,770.37,770.56,38.325
2026-09-30 23:25:00,770.56,770.57,770.36,770.36,30.977
2026-09-30 23:26:00,770.36,770.36,770.2,770.28,17.359
2026-09-30 23:27:00,770.29,770.32,770.21,770.21,9.572
2026-09-30 23:28:00,770.22,770.22,769.93,769.93,34.796
2026-09-30 23:29:00,769.93,770.04,769.93,769.99,14.283
2026-09-30 23:30:00,769.98,770.09,769.96,770.09,19.008
2026-09-30 23:31:00,770.09,770.12,769.78,769.78,17.197
2026-09-30 23:32:00,769.78,769.86,769.57,769.68,12.258
2026-09-30 23:33:00,769.69,769.76,769.35,769.59,59.381
2026-09-30 23:34:00,769.6,770.23,769.6,770.23,45.724
2026-09-30 23:35:00,770.23,770.36,769.95,770.35,35.019
2026-09-30 23:36:00,770.35,770.69,770.35,770.42,26.266
2026-09-30 23:37:00,770.39,770.75,770.38,770.74,37.485
2026-09-30 23:38:00,770.75,770.84,770.59,770.77,22.593
2026-09-30 23:39:00,770.75,770.75,770.56,770.56,14.318
2026-09-30 23:40:00,770.56,770.58,770.35,770.48,16.918
2026-09-30 23:41:00,770.48,770.65,770.48,770.57,12.978
2026-09-30 23:42:00,770.57,770.58,770.43,770.48,44.224
2026-09-30 23:43:00,770.49,770.6,770.44,770.53,87.968
2026-09-30 23:44:00,770.54,770.65,770.5,770.5,16.8
2026-09-30 23:45:00,770.51,770.51,770.32,770.37,18.751
2026-09-30 23:46:00,770.37,770.5,770.22,770.3,26.467
2026-09-30 23:47:00,770.3,770.36,770.11,770.12,21.516
2026-09-30 23:48:00,770.11,770.11,769.96,770.02,21.403
2026-09-30 23:49:00,770.03,770.12,769.99,770.0,26.399
2026-09-30 23:50:00,770.0,770.01,768.5,768.51,424.042
2026-09-30 23:51:00,768.51,768.81,768.21,768.66,159.681
2026-09-30 23:52:00,768.68,768.81,768.66,768.81,38.269
2026-09-30 23:53:00,768.8,768.9,768.74,768.81,5.761
2026-09-30 23:54:00,768.8,768.8,768.66,768.66,16.758
2026-09-30 23:55:00,768.65,768.65,768.54,768.54,27.583
2026-09-30 23:56:00,768.55,768.55,768.46,768.47,9.047
2026-09-30 23:57:00,768.47,768.54,768.32,768.54,5.768
2026-09-30 23:58:00,768.55,769.09,768.55,769.09,26.78
2026-09-30 23:59:00,769.08,769.28,768.86,769.27,35.356
2026-10-01 00:00:00,769.28,769.55,769.15,769.15,206.016
2026-10-01 00:01:00,769.15,769.16,768.87,768.87,37.51
2026-10-01 00:02:00,768.87,768.88,768.55,768.56,80.915
2026-10-01 00:03:00,768.55,768.75,768.48,768.75,147.052
2026-10-01 00:04:00,768.75,768.84,768.49,768.5,24.806
2026-10-01 00:05:00,768.52,768.66,768.45,768.46,38.298
2026-10-01 00:06:00,768.45,768.59,768.29,768.59,46.911
2026-10-01 00:07:00,768.59,768.95,768.59,768.95,11.347
2026-10-01 00:08:00,768.95,769.16,768.95,769.16,49.285
2026-10-01 00:09:00,769.15,769.15,768.51,768.51,33.553
2026-10-01 00:10:00,768.52,768.74,768.51,768.66,33.982
2026-10-01 00:11:00,768.65,768.95,768.49,768.95,31.138
2026-10-01 00:12:00,768.96,769.44,768.96,769.28,108.872
2026-10-01 00:13:00,769.27,769.28,768.65,768.77,223.674
2026-10-01 00:14:00,768.77,768.87,768.45,768.45,18.89
2026-10-01 00:15:00,768.45,768.55,768.27,768.3,28.082
2026-10-01 00:16:00,768.28,768.56,768.05,768.05,137.176
2026-10-01 00:17:00,768.05,768.4,767.97,767.98,75.82
2026-10-01 00:18:00,767.98,768.08,767.8,767.8,51.983
2026-10-01 00:19:00,767.8,767.9,767.72,767.9,13.849
2026-10-01 00:20:00,767.91,768.05,767.46,767.95,214.143
2026-10-01 00:21:00,767.96,768.13,767.96,768.12,10.993
2026-10-01 00:22:00,768.13,768.39,768.13,768.36,43.355
2026-10-01 00:23:00,768.36,768.39,767.96,767.96,40.607
2026-10-01 00:24:00,767.96,768.58,767.95,768.52,76.462
2026-10-01 00:25:00,768.51,768.79,768.46,768.79,20.947
2026-10-01 00:26:00,768.79,768.92,768.24,768.56,211.255
2026-10-01 00:27:00,768.56,768.84,768.56,768.83,23.7
2026-10-01 00:28:00,768.84,768.84,768.65,768.79,21.923
2026-10-01 00:29:00,768.8,768.97,768.71,768.72,18.966
2026-10-01 00:30:00,768.72,768.72,768.09,768.61,29.395
2026-10-01 00:31:00,768.61,769.19,768.54,769.19,31.246
2026-10-01 00:32:00,769.18,769.31,769.18,769.27,8.374
2026-10-01 00:33:00,769.26,769.26,769.11,769.12,4.8
2026-10-01 00:34:00,769.11,769.48,769.11,769.2,69.736
2026-10-01 00:35:00,769.18,769.24,769.11,769.24,4.454
2026-10-01 00:36:00,769.24,769.64,769.24,769.64,20.659
2026-10-01 00:37:00,769.65,769.88,769.52,769.53,78.615
2026-10-01 00:38:00,769.52,769.53,769.1,769.43,17.088
2026-10-01 00:39:00,769.44,769.94,769.43,769.79,124.686
2026-10-01 00:40:00,769.79,769.93,769.65,769.91,32.549
2026-10-01 00:41:00,769.91,770.0,769.56,769.56,15.89
2026-10-01 00:42:00,769.55,769.66,769.36,769.66,19.398
2026-10-01 00:43:00,769.65,769.8,769.53,769.8,17.798
2026-10-01 00:44:00,769.8,770.13,769.8,770.12,36.202
2026-10-01 00:45:00,770.11,770.29,769.88,769.88,22.327
2026-10-01 00:46:00,769.88,769.89,769.65,769.65,34.025
2026-10-01 00:47:00,769.65,769.69,769.4,769.49,40.33
2026-10-01 00:48:00,769.49,769.69,769.49,769.68,19.884
2026-10-01 00:49:00,769.68,769.76,769.67,769.68,4.458
2026-10-01 00:50:00,769.68,769.8,769.28,769.28,147.567
2026-10-01 00:51:00,769.29,769.69,769.12,769.69,75.526
2026-10-01 00:52:00,769.69,770.13,769.69,770.13,31.957
2026-10-01 00:53:00,770.14,770.23,769.99,769.99,25.264
2026-10-01 00:54:00,770.0,770.12,769.89,769.99,21.626
2026-10-01 00:55:00,769.99,770.37,769.99,770.33,44.441
2026-10-01 00:56:00,770.32,770.53,770.32,770.52,17.158
2026-10-01 00:57:00,770.53,770.53,770.42,770.42,32.039
2026-10-01 00:58:00,770.42,770.52,770.31,770.51,20.989
2026-10-01 00:59:00,770.52,770.52,770.23,770.23,25.216
2026-10-01 01:00:00,770.23,770.39,770.07,770.38,30.242
2026-10-01 01:01:00,770.39,770.52,770.06,770.07,45.209
2026-10-01 01:02:00,770.07,770.94,770.07,770.71,145.226
2026-10-01 01:03:00,770.72,770.94,770.18,770.18,91.368
2026-10-01 01:04:00,770.18,770.72,770.13,770.4,86.971
2026-10-01 01:05:00,770.39,770.84,770.35,770.84,56.481
2026-10-01 01:06:00,770.85,771.18,770.85,771.08,44.434
2026-10-01 01:07:00,771.09,771.29,771.0,771.01,58.899
2026-10-01 01:08:00,771.01,771.1,770.64,771.1,108.993
2026-10-01 01:09:00,771.11,771.25,770.93,771.1,16.674
2026-10-01 01:10:00,771.1,771.11,770.85,770.86,44.506
2026-10-01 01:11:00,770.85,770.86,770.39,770.53,46.377
2026-10-01 01:12:00,770.52,770.52,770.17,770.45,38.784
2026-10-01 01:13:00,770.46,770.5,770.21,770.36,29.037
2026-10-01 01:14:00,770.36,770.43,770.1,770.1,40.659
2026-10-01 01:15:00,770.1,770.1,769.46,770.1,91.975
2026-10-01 01:16:00,770.11,770.22,769.84,769.94,28.421
2026-10-01 01:17:00,769.93,770.69,769.93,770.53,46.164
2026-10-01 01:18:00,770.54,770.69,770.31,770.46,31.306
2026-10-01 01:19:00,770.46,770.61,770.23,770.23,38.137
2026-10-01 01:20:00,770.23,770.51,770.19,770.51,108.799
2026-10-01 01:21:00,770.51,770.51,770.25,770.31,42.155
2026-10-01 01:22:00,770.31,770.37,770.16,770.31,19.115
2026-10-01 01:23:00,770.31,770.61,770.3,770.6,17.081
2026-10-01 01:24:00,770.61,770.77,770.58,770.65,35.756
2026-10-01 01:25:00,770.66,770.75,770.3,770.3,49.819
2026-10-01 01:26:00,770.43,770.63,770.42,770.61,40.796
2026-10-01 01:27:00,770.61,770.62,770.0,770.01,81.013
2026-10-01 01:28:00,770.0,770.0,769.8,769.87,33.674
2026-10-01 01:29:00,769.86,769.87,769.7,769.71,28.269
2026-10-01 01:30:00,769.71,769.71,769.35,769.52,102.735
2026-10-01 01:31:00,769.52,769.52,769.04,769.23,35.604
2026-10-01 01:32:00,769.23,769.87,769.22,769.7,40.076
2026-10-01 01:33:00,769.71,769.76,769.41,769.62,106.158
2026-10-01 01:34:00,769.64,770.14,769.63,769.81,87.731
2026-10-01 01:35:00,769.81,770.0,769.48,769.71,11.484
2026-10-01 01:36:00,769.72,769.72,769.24,769.24,37.36
2026-10-01 01:37:00,769.24,769.24,769.0,769.15,33.831
2026-10-01 01:38:00,769.15,769.38,769.0,769.38,31.633
2026-10-01 01:39:00,769.39,769.39,769.14,769.24,25.76
2026-10-01 01:40:00,769.25,769.44,769.25,769.29,34.736
2026-10-01 01:41:00,769.29,769.35,768.85,768.86,28.997
2026-10-01 01:42:00,768.86,769.48,768.86,769.48,27.454
2026-10-01 01:43:00,769.49,769.61,769.4,769.4,26.427
2026-10-01 01:44:00,769.4,769.4,769.19,769.37,15.801
2026-10-01 01:45:00,769.37,769.63,769.37,769.49,12.799
2026-10-01 01:46:00,769.49,769.49,769.27,769.27,15.961
2026-10-01 01:47:00,769.28,769.36,769.23,769.24,37.292
2026-10-01 01:48:00,769.24,769.24,769.23,769.23,7.413
2026-10-01 01:49:00,769.24,769.24,768.8,768.82,80.634
2026-10-01 01:50:00,768.82,769.72,768.82,769.72,26.516
2026-10-01 01:51:00,769.72,769.96,769.57,769.96,32.138
2026-10-01 01:52:00,769.96,769.98,769.4,769.4,143.765
2026-10-01 01:53:00,769.39,769.5,769.2,769.46,27.071
2026-10-01 01:54:00,769.44,769.44,769.24,769.39,41.036
2026-10-01 01:55:00,769.38,769.57,769.19,769.57,9.384
2026-10-01 01:56:00,769.58,769.9,769.57,769.72,40.438
2026-10-01 01:57:00,769.71,769.71,769.25,769.25,17.464
2026-10-01 01:58:00,769.26,769.31,769.2,769.21,49.046
2026-10-01 01:59:00,769.21,769.21,769.0,769.01,50.89
2026-10-01 02:00:00,769.01,769.53,769.0,769.36,38.01
2026-10-01 02:01:00,769.36,769.36,768.82,768.82,21.024
2026-10-01 02:02:00,768.82,768.82,768.41,768.51,129.887
2026-10-01 02:03:00,768.51,768.58,768.33,768.34,31.886
2026-10-01 02:04:00,768.33,768.33,767.85,768.12,74.931
2026-10-01 02:05:00,768.12,768.47,768.1,768.36,44.134
2026-10-01 02:06:00,768.35,768.53,768.09,768.35,59.014
2026-10-01 02:07:00,768.34,768.34,767.68,768.03,38.51
2026-10-01 02:08:00,768.03,768.84,768.03,768.83,44.488
2026-10-01 02:09:00,768.84,768.98,768.68,768.91,94.787
2026-10-01 02:10:00,768.9,769.16,768.81,769.12,42.215
2026-10-01 02:11:00,769.11,769.15,768.95,769.1,12.107
2026-10-01 02:12:00,769.1,769.2,768.79,768.8,12.061
2026-10-01 02:13:00,768.79,769.0,768.62,768.62,39.766
2026-10-01 02:14:00,768.62,768.62,768.26,768.26,30.652
2026-10-01 02:15:00,768.26,768.26,768.07,768.09,93.894
2026-10-01 02:16:00,768.1,768.3,768.0,768.0,86.202
2026-10-01 02:17:00,768.0,768.31,768.0,768.18,60.351
2026-10-01 02:18:00,768.17,768.17,767.55,767.56,141.365
2026-10-01 02:19:00,767.56,767.64,767.41,767.62,108.946
2026-10-01 02:20:00,767.63,767.65,766.98,767.16,110.905
2026-10-01 02:21:00,767.16,767.25,766.73,766.73,91.692
2026-10-01 02:22:00,766.73,767.62,766.73,766.97,71.925
2026-10-01 02:23:00,766.97,767.38,766.95,767.28,100.79
2026-10-01 02:24:00,767.27,767.54,767.17,767.17,29.599
2026-10-01 02:25:00,767.16,767.16,766.8,766.84,96.546
2026-10-01 02:26:00,766.84,767.1,766.84,766.92,83.088
2026-10-01 02:27:00,766.93,766.93,766.75,766.75,26.402
2026-10-01 02:28:00,766.76,767.27,766.75,767.27,79.979
2026-10-01 02:29:00,767.28,767.67,767.28,767.67,15.485
2026-10-01 02:30:00,767.67,768.44,767.66,768.19,41.659
2026-10-01 02:31:00,768.19,768.2,767.88,768.06,34.005
2026-10-01 02:32:00,768.06,768.5,768.02,768.46,11.737
2026-10-01 02:33:00,768.47,768.59,768.35,768.35,22.742
2026-10-01 02:34:00,768.35,768.48,768.28,768.42,13.828
2026-10-01 02:35:00,768.43,768.65,768.43,768.5,30.695
2026-10-01 02:36:00,768.49,768.5,767.95,768.09,21.167
2026-10-01 02:37:00,768.08,768.08,767.65,767.69,47.628
2026-10-01 02:38:00,767.69,767.69,767.16,767.18,50.352
2026-10-01 02:39:00,767.18,767.27,767.05,767.27,35.15
2026-10-01 02:40:00,767.27,767.73,767.27,767.72,40.282
2026-10-01 02:41:00,767.73,767.95,767.73,767.75,43.718
2026-10-01 02:42:00,767.76,768.12,767.75,767.97,13.909
2026-10-01 02:43:00,767.96,767.98,767.84,767.87,19.942
2026-10-01 02:44:00,767.88,768.0,767.84,767.92,22.888
2026-10-01 02:45:00,767.91,767.91,767.75,767.76,14.931
2026-10-01 02:46:00,767.76,767.76,767.6,767.61,11.908
2026-10-01 02:47:00,767.6,767.61,767.43,767.43,6.355
2026-10-01 02:48:00,767.43,767.66,767.37,767.38,29.088
2026-10-01 02:49:00,767.38,767.62,767.37,767.61,9.535
2026-10-01 02:50:00,767.61,767.88,767.55,767.78,18.245
2026-10-01 02:51:00,767.78,767.88,767.67,767.83,24.387
2026-10-01 02:52:00,767.8,768.26,767.79,768.17,7.307
2026-10-01 02:53:00,768.17,768.64,768.17,768.59,23.378
2026-10-01 02:54:00,768.6,768.73,768.6,768.65,7.499
2026-10-01 02:55:00,768.64,768.72,768.64,768.65,12.415
2026-10-01 02:56:00,768.64,768.85,768.64,768.85,14.639
2026-10-01 02:57:00,768.84,769.0,768.84,768.96,75.879
2026-10-01 02:58:00,768.93,768.93,768.63,768.63,15.763
2026-10-01 02:59:00,768.64,768.66,768.51,768.52,67.873
2026-10-01 03:00:00,768.52,768.91,768.46,768.91,44.284
2026-10-01 03:01:00,768.91,769.0,768.9,769.0,7.196
2026-10-01 03:02:00,769.0,769.17,768.96,768.99,80.785
2026-10-01 03:03:00,768.99,769.05,768.6,768.61,30.198
2026-10-01 03:04:00,768.6,768.6,767.88,767.89,41.906
2026-10-01 03:05:00,767.89,768.05,767.88,767.95,7.06
2026-10-01 03:06:00,767.95,767.95,767.28,767.28,19.923
2026-10-01 03:07:00,767.28,767.87,767.28,767.76,79.789
2026-10-01 03:08:00,767.75,768.05,767.7,767.82,39.804
2026-10-01 03:09:00,767.78,767.85,767.62,767.63,23.245
2026-10-01 03:10:00,767.63,767.85,767.63,767.82,7.807
2026-10-01 03:11:00,767.81,768.05,767.81,767.94,10.949
2026-10-01 03:12:00,767.94,767.94,767.65,767.65,13.203
2026-10-01 03:13:00,767.64,767.64,767.31,767.39,25.42
2026-10-01 03:14:00,767.39,767.55,767.38,767.54,31.26
2026-10-01 03:15:00,767.52,767.75,767.51,767.69,122.405
2026-10-01 03:16:00,767.69,768.0,767.63,767.99,13.374
2026-10-01 03:17:00,767.99,768.03,767.54,767.54,29.68
2026-10-01 03:18:00,767.54,767.54,767.3,767.31,75.415
2026-10-01 03:19:00,767.3,767.53,767.3,767.32,34.938
2026-10-01 03:20:00,767.32,767.32,767.0,767.0,19.778
2026-10-01 03:21:00,767.01,767.05,766.95,766.96,31.0
2026-10-01 03:22:00,766.95,767.13,766.95,767.13,15.314
2026-10-01 03:23:00,767.12,767.33,767.12,767.31,12.137
2026-10-01 03:24:00,767.31,767.31,767.04,767.09,10.54
2026-10-01 03:25:00,767.1,767.24,767.08,767.24,20.424
2026-10-01 03:26:00,767.25,767.59,767.25,767.59,26.575
2026-10-01 03:27:00,767.6,767.78,767.47,767.55,33.376
2026-10-01 03:28:00,767.56,767.65,767.46,767.46,19.739
2026-10-01 03:29:00,767.47,767.95,767.47,767.94,34.407
2026-10-01 03:30:00,767.95,768.0,767.6,767.6,23.06
2026-10-01 03:31:00,767.59,767.68,767.42,767.52,20.631
2026-10-01 03:32:00,767.52,767.72,767.52,767.71,21.361
2026-10-01 03:33:00,767.71,768.0,767.71,768.0,133.263
2026-10-01 03:34:00,768.0,768.0,767.77,767.88,37.49
2026-10-01 03:35:00,767.87,767.88,767.86,767.88,29.157
2026-10-01 03:36:00,767.88,768.37,767.88,768.37,64.584
2026-10-01 03:37:00,768.36,768.71,768.36,768.53,29.617
2026-10-01 03:38:00,768.53,768.63,768.53,768.57,8.864
2026-10-01 03:39:00,768.57,768.93,768.57,768.88,60.107
2026-10-01 03:40:00,768.89,768.91,768.7,768.71,32.487
2026-10-01 03:41:00,768.7,768.96,768.7,768.95,34.532
2026-10-01 03:42:00,768.96,769.31,768.95,769.31,34.642
2026-10-01 03:43:00,769.32,769.44,769.32,769.42,13.851
2026-10-01 03:44:00,769.42,769.42,769.1,769.11,13.234
2026-10-01 03:45:00,769.11,769.31,768.89,768.89,21.038
2026-10-01 03:46:00,768.9,769.02,768.8,768.85,32.607
2026-10-01 03:47:00,768.86,768.96,768.7,768.7,22.384
2026-10-01 03:48:00,768.7,768.71,768.58,768.59,51.981
2026-10-01 03:49:00,768.59,768.76,768.58,768.64,48.165
2026-10-01 03:50:00,768.64,769.18,768.58,769.18,36.058
2026-10-01 03:51:00,769.18,769.4,769.03,769.13,83.898
2026-10-01 03:52:00,769.13,769.38,769.07,769.27,31.312
2026-10-01 03:53:00,769.27,769.34,769.2,769.24,9.71
2026-10-01 03:54:00,769.24,769.25,768.97,769.25,37.664
2026-10-01 03:55:00,769.25,769.34,768.9,769.06,73.994
2026-10-01 03:56:00,769.06,769.29,769.05,769.29,46.606
2026-10-01 03:57:00,769.29,769.44,769.25,769.42,26.688
2026-10-01 03:58:00,769.42,769.61,769.42,769.54,39.484
2026-10-01 03:59:00,769.54,769.54,769.47,769.53,29.518
2026-10-01 04:00:00,769.53,769.74,769.53,769.67,27.793
2026-10-01 04:01:00,769.67,769.83,769.66,769.75,72.704
2026-10-01 04:02:00,769.74,769.75,769.42,769.42,63.393
2026-10-01 04:03:00,769.42,769.42,769.21,769.21,6.974
2026-10-01 04:04:00,769.21,769.3,769.09,769.26,20.693
2026-10-01 04:05:00,769.26,769.32,769.22,769.23,31.458
2026-10-01 04:06:00,769.24,769.5,769.23,769.47,35.215
2026-10-01 04:07:00,769.46,769.48,769.23,769.23,133.626
2026-10-01 04:08:00,769.24,769.24,769.02,769.08,31.949
2026-10-01 04:09:00,769.08,769.72,769.08,769.72,84.371
2026-10-01 04:10:00,769.73,769.85,769.53,769.54,13.857
2026-10-01 04:11:00,769.54,769.91,769.46,769.69,10.145
2026-10-01 04:12:00,769.7,769.72,769.58,769.6,39.745
2026-10-01 04:13:00,769.6,769.81,769.6,769.7,54.88
2026-10-01 04:14:00,769.71,769.75,769.71,769.75,18.863
2026-10-01 04:15:00,769.74,769.74,769.4,769.44,21.633
2026-10-01 04:16:00,769.44,769.68,769.39,769.39,7.261
2026-10-01 04:17:00,769.4,769.4,768.85,769.0,76.313
2026-10-01 04:18:00,769.0,769.08,768.8,768.85,19.168
2026-10-01 04:19:00,768.85,768.86,768.5,768.51,102.366
2026-10-01 04:20:00,768.51,768.61,768.32,768.53,46.797
2026-10-01 04:21:00,768.54,768.65,768.47,768.63,11.667
2026-10-01 04:22:00,768.63,768.95,768.62,768.88,10.526
2026-10-01 04:23:00,768.88,768.98,768.88,768.92,23.022
2026-10-01 04:24:00,768.92,769.09,768.84,769.04,52.739
2026-10-01 04:25:00,769.04,769.05,769.0,769.0,66.572
2026-10-01 04:26:00,769.01,769.11,769.0,769.11,7.065
2026-10-01 04:27:00,769.11,769.36,769.11,769.36,16.456
2026-10-01 04:28:00,769.35,769.35,769.1,769.1,22.762
2026-10-01 04:29:00,769.1,769.1,768.97,769.09,19.156
2026-10-01 04:30:00,769.1,769.21,769.09,769.16,29.259
2026-10-01 04:31:00,769.15,769.16,768.78,768.78,56.352
2026-10-01 04:32:00,768.78,768.78,768.16,768.17,64.719
2026-10-01 04:33:00,768.17,768.17,768.02,768.11,19.855
2026-10-01 04:34:00,768.12,768.17,768.09,768.17,13.847
2026-10-01 04:35:00,768.16,768.32,768.0,768.01,47.397
2026-10-01 04:36:00,768.0,768.25,768.0,768.25,53.048
2026-10-01 04:37:00,768.24,768.57,768.11,768.11,141.444
2026-10-01 04:38:00,768.11,768.36,768.11,768.36,30.516
2026-10-01 04:39:00,768.36,768.59,768.34,768.35,31.197
2026-10-01 04:40:00,768.34,768.53,768.21,768.42,43.663
2026-10-01 04:41:00,768.41,768.53,768.41,768.41,4.218
2026-10-01 04:42:00,768.42,768.42,768.41,768.42,11.207
2026-10-01 04:43:00,768.41,768.63,768.41,768.45,68.117
2026-10-01 04:44:00,768.44,768.52,768.44,768.52,3.931
2026-10-01 04:45:00,768.53,768.71,768.53,768.64,40.23
2026-10-01 04:46:00,768.64,770.4,768.64,770.4,121.866
2026-10-01 04:47:00,770.38,770.39,769.47,769.52,52.234
2026-10-01 04:48:00,769.52,770.09,769.51,770.09,98.67
2026-10-01 04:49:00,770.09,770.31,769.96,770.14,73.635
2026-10-01 04:50:00,770.14,770.3,769.98,770.17,90.588
2026-10-01 04:51:00,770.17,770.4,770.11,770.27,30.181
2026-10-01 04:52:00,770.27,770.76,770.27,770.73,43.479
2026-10-01 04:53:00,770.72,770.72,769.84,769.84,49.957
2026-10-01 04:54:00,769.85,770.06,769.84,770.0,50.277
2026-10-01 04:55:00,770.0,770.13,769.63,769.8,42.063
2026-10-01 04:56:00,769.79,769.8,769.46,769.46,10.145
2026-10-01 04:57:00,769.45,769.46,769.31,769.32,11.509
2026-10-01 04:58:00,769.32,769.41,769.18,769.41,18.824
2026-10-01 04:59:00,769.41,769.65,769.4,769.62,12.986
2026-10-01 05:00:00,769.64,769.92,769.5,769.92,29.109
2026-10-01 05:01:00,769.92,770.08,769.64,769.65,10.845
2026-10-01 05:02:00,769.65,769.65,769.26,769.37,15.953
2026-10-01 05:03:00,769.38,769.84,769.38,769.84,16.024
2026-10-01 05:04:00,769.84,770.08,769.83,770.05,18.28
2026-10-01 05:05:00,770.06,770.37,770.06,770.18,21.795
2026-10-01 05:06:00,770.18,770.58,769.87,770.46,37.584
2026-10-01 05:07:00,770.45,770.45,769.76,769.93,37.651
2026-10-01 05:08:00,769.92,770.06,769.84,769.96,20.998
2026-10-01 05:09:00,769.97,770.49,769.96,770.48,116.051
2026-10-01 05:10:00,770.49,770.49,770.19,770.3,59.073
2026-10-01 05:11:00,770.29,770.6,770.29,770.52,52.466
2026-10-01 05:12:00,770.55,770.57,770.28,770.28,23.386
2026-10-01 05:13:00,770.28,770.35,770.15,770.16,43.236
2026-10-01 05:14:00,770.16,770.35,770.15,770.23,17.181
2026-10-01 05:15:00,770.23,770.52,770.16,770.41,59.232
2026-10-01 05:16:00,770.41,770.41,770.23,770.27,32.36
2026-10-01 05:17:00,770.26,770.43,770.24,770.28,34.549
2026-10-01 05:18:00,770.29,770.32,770.14,770.23,27.529
2026-10-01 05:19:00,770.24,770.62,770.24,770.62,30.878
2026-10-01 05:20:00,770.63,770.63,770.53,770.62,17.19
2026-10-01 05:21:00,770.63,770.88,770.62,770.84,56.595
2026-10-01 05:22:00,770.84,771.0,770.83,770.94,40.864
2026-10-01 05:23:00,770.94,770.94,770.63,770.63,32.091
2026-10-01 05:24:00,770.64,770.72,770.63,770.64,19.062
2026-10-01 05:25:00,770.65,770.77,770.64,770.64,17.698
2026-10-01 05:26:00,770.64,770.65,770.47,770.56,40.681
2026-10-01 05:27:00,770.56,770.63,770.5,770.52,16.506
2026-10-01 05:28:00,770.52,770.61,770.52,770.59,41.278
2026-10-01 05:29:00,770.59,770.65,770.52,770.61,34.792
2026-10-01 05:30:00,770.6,770.64,770.45,770.45,11.291
2026-10-01 05:31:00,770.46,770.5,770.43,770.48,15.699
2026-10-01 05:32:00,770.49,770.57,770.49,770.51,31.538
2026-10-01 05:33:00,770.51,770.56,770.37,770.56,35.666
2026-10-01 05:34:00,770.55,770.83,770.55,770.83,157.162
2026-10-01 05:35:00,770.84,770.96,770.79,770.95,36.853
2026-10-01 05:36:00,770.95,771.0,770.68,770.86,188.694
2026-10-01 05:37:00,770.85,771.42,770.81,771.31,140.854
2026-10-01 05:38:00,771.31,771.4,771.26,771.4,20.61
2026-10-01 05:39:00,771.4,771.52,771.27,771.27,35.404
2026-10-01 05:40:00,771.28,771.34,771.27,771.3,30.38
2026-10-01 05:41:00,771.31,771.31,771.15,771.16,24.088
2026-10-01 05:42:00,771.15,771.16,770.93,770.96,18.612
2026-10-01 05:43:00,770.96,770.99,770.9,770.9,28.645
2026-10-01 05:44:00,770.9,770.91,770.73,770.73,24.158
2026-10-01 05:45:00,770.73,770.75,770.73,770.75,27.768
2026-10-01 05:46:00,770.75,770.88,770.75,770.88,11.691
2026-10-01 05:47:00,770.88,770.88,770.83,770.84,19.374
2026-10-01 05:48:00,770.85,771.15,770.84,771.14,53.545
2026-10-01 05:49:00,771.15,771.5,771.14,771.5,35.162
2026-10-01 05:50:00,771.49,771.74,771.49,771.6,43.589
2026-10-01 05:51:00,771.61,771.74,771.59,771.74,14.335
2026-10-01 05:52:00,771.73,771.74,771.62,771.63,13.785
2026-10-01 05:53:00,771.63,771.75,771.56,771.75,11.479
2026-10-01 05:54:00,771.76,771.99,771.75,771.92,28.861
2026-10-01 05:55:00,771.92,771.92,771.7,771.71,23.088
2026-10-01 05:56:00,771.71,771.82,771.71,771.72,34.267
2026-10-01 05:57:00,771.71,771.72,771.68,771.72,50.476
2026-10-01 05:58:00,771.72,771.84,771.72,771.84,31.864
2026-10-01 05:59:00,771.84,771.97,771.78,771.97,44.445
2026-10-01 06:00:00,771.98,772.02,771.97,772.02,41.12
2026-10-01 06:01:00,772.01,772.02,771.68,771.68,33.135
2026-10-01 06:02:00,771.69,771.84,771.64,771.71,30.681
2026-10-01 06:03:00,771.7,771.81,771.67,771.68,42.102
2026-10-01 06:04:00,771.67,771.82,771.66,771.82,46.27
2026-10-01 06:05:00,771.84,771.89,771.75,771.75,35.03
2026-10-01 06:06:00,771.76,771.76,771.43,771.43,25.37
2026-10-01 06:07:00,771.43,771.43,771.31,771.4,37.217
2026-10-01 06:08:00,771.39,771.4,771.31,771.31,41.179
2026-10-01 06:09:00,771.32,771.45,771.32,771.45,23.974
2026-10-01 06:10:00,771.44,771.62,771.44,771.61,37.549
2026-10-01 06:11:00,771.61,771.84,771.61,771.74,61.73
2026-10-01 06:12:00,771.75,771.96,771.63,771.94,47.052
2026-10-01 06:13:00,771.94,772.03,771.92,771.99,24.222
2026-10-01 06:14:00,771.98,772.02,771.82,771.87,11.139
2026-10-01 06:15:00,771.88,771.88,771.76,771.78,39.338
2026-10-01 06:16:00,771.78,771.95,771.78,771.79,97.414
2026-10-01 06:17:00,771.8,771.97,771.63,771.64,31.721
2026-10-01 06:18:00,771.63,771.66,771.48,771.56,32.817
2026-10-01 06:19:00,771.57,771.57,771.37,771.37,12.807
2026-10-01 06:20:00,771.38,771.38,771.27,771.28,26.726
2026-10-01 06:21:00,771.27,771.37,771.23,771.36,19.982
2026-10-01 06:22:00,771.37,771.72,771.37,771.59,19.779
2026-10-01 06:23:00,771.6,771.74,771.45,771.66,25.093
2026-10-01 06:24:00,771.67,772.04,771.67,772.03,24.352
2026-10-01 06:25:00,772.04,772.2,771.99,772.19,29.179
2026-10-01 06:26:00,772.19,772.41,772.19,772.2,65.991
2026-10-01 06:27:00,772.2,772.28,772.19,772.28,60.291
2026-10-01 06:28:00,772.28,772.5,772.27,772.49,61.958
2026-10-01 06:29:00,772.5,772.5,772.35,772.44,65.218
2026-10-01 06:30:00,772.45,772.5,772.26,772.27,38.033
2026-10-01 06:31:00,772.28,772.3,771.83,771.83,35.783
2026-10-01 06:32:00,771.84,771.89,770.84,770.85,106.756
2026-10-01 06:33:00,770.85,771.31,770.81,771.16,37.283
2026-10-01 06:34:00,771.16,771.31,771.08,771.16,35.055
2026-10-01 06:35:00,771.17,771.78,771.16,771.65,17.275
