abertura,open,high,low,close,volume
2026-09-24 07:56:00,84575.16,84575.16,84516.0,84516.0,22.24032
2026-09-24 07:57:00,84516.01,84542.94,84498.01,84498.02,23.66727
2026-09-24 07:58:00,84498.02,84546.01,84498.01,84522.0,18.14844
2026-09-24 07:59:00,84522.0,84550.56,84514.0,84524.02,24.41616
2026-09-24 08:00:00,84524.02,84562.04,84510.56,84514.0,17.78826
2026-09-24 08:01:00,84514.01,84572.01,84490.0,84572.0,17.52101
2026-09-24 08:02:00,84572.01,84573.6,84544.0,84550.0,16.794
2026-09-24 08:03:00,84550.01,84579.28,84540.0,84542.02,22.94883
2026-09-24 08:04:00,84542.01,84564.01,84542.01,84560.0,29.23798
2026-09-24 08:05:00,84560.0,84587.93,84540.0,84569.3,32.86959
2026-09-24 08:06:00,84569.3,84587.8,84564.0,84564.01,18.64419
2026-09-24 08:07:00,84564.0,84574.99,84554.0,84574.98,18.90016
2026-09-24 08:08:00,84574.99,84622.01,84540.0,84547.38,35.17779
2026-09-24 08:09:00,84547.38,84547.38,84478.19,84526.04,33.2454
2026-09-24 08:10:00,84526.04,84526.05,84476.27,84506.99,33.64743
2026-09-24 08:11:00,84506.99,84507.0,84449.42,84452.0,25.34116
2026-09-24 08:12:00,84452.01,84452.01,84435.95,84435.95,18.34487
2026-09-24 08:13:00,84435.95,84435.95,84401.49,84401.5,20.86228
2026-09-24 08:14:00,84401.49,84408.07,84401.49,84401.99,20.99037
2026-09-24 08:15:00,84402.0,84402.0,84370.3,84373.66,22.91027
2026-09-24 08:16:00,84373.66,84423.12,84342.02,84402.73,21.79944
2026-09-24 08:17:00,84402.72,84463.99,84402.72,84436.0,21.04005
2026-09-24 08:18:00,84436.0,84436.0,84362.01,84368.49,27.43568
2026-09-24 08:19:00,84368.5,84387.0,84361.12,84362.51,18.29461
2026-09-24 08:20:00,84362.51,84362.51,84290.0,84290.01,25.34494
2026-09-24 08:21:00,84290.0,84290.04,84194.0,84194.0,29.38103
2026-09-24 08:22:00,84194.0,84217.99,84162.0,84186.01,22.35098
2026-09-24 08:23:00,84186.01,84196.01,84142.0,84142.01,9.34182
2026-09-24 08:24:00,84142.0,84172.0,84106.4,84133.3,15.37676
2026-09-24 08:25:00,84133.29,84174.01,84133.29,84156.0,6.40185
2026-09-24 08:26:00,84156.01,84156.01,84035.0,84046.01,26.01759
2026-09-24 08:27:00,84046.02,84058.0,83972.71,84026.21,30.70903
2026-09-24 08:28:00,84026.2,84026.2,83923.05,83923.06,26.06367
2026-09-24 08:29:00,83923.06,83929.95,83778.0,83778.01,34.84253
2026-09-24 08:30:00,83778.01,83872.01,83710.05,83866.0,45.00381
2026-09-24 08:31:00,83866.0,83952.0,83857.61,83952.0,20.99844
2026-09-24 08:32:00,83952.01,83960.01,83904.0,83960.01,12.591
2026-09-24 08:33:00,83960.01,83972.01,83905.8,83939.55,20.70069
2026-09-24 08:34:00,83939.56,83939.56,83780.73,83780.74,24.18286
2026-09-24 08:35:00,83780.74,83802.01,83630.0,83784.9,58.66303
2026-09-24 08:36:00,83784.9,83835.46,83750.0,83808.01,26.51168
2026-09-24 08:37:00,83808.01,83880.01,83806.22,83870.01,14.51405
2026-09-24 08:38:00,83870.0,83870.01,83824.0,83842.46,10.05762
2026-09-24 08:39:00,83842.45,83852.01,83826.0,83830.01,10.0641
2026-09-24 08:40:00,83830.01,83872.01,83830.01,83848.79,11.01738
2026-09-24 08:41:00,83848.79,83848.79,83808.01,83808.02,23.25502
2026-09-24 08:42:00,83808.01,83808.02,83740.0,83740.0,11.22924
2026-09-24 08:43:00,83740.01,83768.01,83739.99,83768.01,10.92619
2026-09-24 08:44:00,83768.0,83768.01,83738.0,83738.0,16.64221
2026-09-24 08:45:00,83738.0,83777.15,83715.02,83715.03,11.39401
2026-09-24 08:46:00,83715.03,83718.01,83682.0,83698.01,13.03904
2026-09-24 08:47:00,83698.02,83698.02,83610.0,83636.01,58.64268
2026-09-24 08:48:00,83636.0,83643.33,83610.0,83616.01,19.35136
2026-09-24 08:49:00,83616.0,83616.01,83301.0,83301.01,247.2055
2026-09-24 08:50:00,83301.01,83467.26,83301.01,83386.01,50.99788
2026-09-24 08:51:00,83386.0,83484.81,83386.0,83484.81,39.09915
2026-09-24 08:52:00,83484.8,83524.01,83455.69,83476.01,24.0638
2026-09-24 08:53:00,83476.0,83524.0,83428.82,83515.04,25.70081
2026-09-24 08:54:00,83515.04,83524.01,83452.0,83518.01,15.29867
2026-09-24 08:55:00,83518.01,83518.01,83454.67,83498.25,18.98513
2026-09-24 08:56:00,83498.26,83524.02,83486.69,83512.22,20.56907
2026-09-24 08:57:00,83512.21,83537.75,83505.0,83526.7,14.62294
2026-09-24 08:58:00,83526.71,83586.01,83526.7,83586.01,17.76179
2026-09-24 08:59:00,83586.01,83660.0,83586.01,83660.0,12.23537
2026-09-24 09:00:00,83660.01,83732.88,83660.01,83703.29,12.54125
2026-09-24 09:01:00,83703.29,83743.43,83676.89,83676.9,11.5727
2026-09-24 09:02:00,83676.89,83676.9,83587.31,83587.31,15.37864
2026-09-24 09:03:00,83587.32,83614.01,83558.19,83566.24,13.12528
2026-09-24 09:04:00,83566.24,83610.38,83542.0,83542.01,8.56761
2026-09-24 09:05:00,83542.0,83634.57,83542.0,83628.02,14.5862
2026-09-24 09:06:00,83628.01,83628.01,83573.74,83594.0,12.3806
2026-09-24 09:07:00,83594.01,83658.01,83594.01,83628.0,16.884
2026-09-24 09:08:00,83628.0,83646.01,83584.0,83608.01,11.99163
2026-09-24 09:09:00,83608.01,83648.01,83608.01,83640.01,8.82458
2026-09-24 09:10:00,83640.0,83640.0,83582.79,83582.8,15.41613
2026-09-24 09:11:00,83582.79,83613.32,83533.03,83546.01,26.5475
2026-09-24 09:12:00,83546.01,83560.01,83504.22,83510.01,20.70619
2026-09-24 09:13:00,83510.02,83537.72,83498.01,83522.0,19.96576
2026-09-24 09:14:00,83522.0,83522.01,83459.36,83460.72,25.59975
2026-09-24 09:15:00,83460.72,83500.02,83456.85,83456.85,32.28108
2026-09-24 09:16:00,83456.85,83456.85,83380.0,83394.18,24.4177
2026-09-24 09:17:00,83394.17,83452.01,83392.33,83420.01,13.39705
2026-09-24 09:18:00,83420.0,83444.92,83382.0,83444.92,9.46047
2026-09-24 09:19:00,83444.92,83503.04,83371.66,83499.6,14.33164
2026-09-24 09:20:00,83499.6,83522.01,83499.59,83502.83,12.31778
2026-09-24 09:21:00,83502.83,83510.01,83470.0,83470.01,26.13495
2026-09-24 09:22:00,83470.01,83470.01,83394.0,83399.03,11.85346
2026-09-24 09:23:00,83399.02,83412.01,83390.0,83404.01,9.94346
2026-09-24 09:24:00,83404.0,83410.0,83380.53,83380.54,9.58855
2026-09-24 09:25:00,83380.54,83390.88,83356.0,83390.01,19.18369
2026-09-24 09:26:00,83390.01,83396.01,83338.01,83382.04,20.28059
2026-09-24 09:27:00,83382.04,83410.0,83374.01,83409.99,8.92939
2026-09-24 09:28:00,83410.0,83427.93,83354.0,83356.07,28.38492
2026-09-24 09:29:00,83356.07,83368.0,83352.0,83364.0,5.50149
2026-09-24 09:30:00,83364.0,83364.01,83148.0,83189.31,105.38357
2026-09-24 09:31:00,83189.31,83238.76,83148.0,83206.0,34.37712
2026-09-24 09:32:00,83206.0,83206.01,83100.0,83122.0,61.88255
2026-09-24 09:33:00,83122.0,83122.01,83008.01,83029.33,132.79896
2026-09-24 09:34:00,83029.33,83054.01,82888.0,82959.45,347.46889
2026-09-24 09:35:00,82959.45,83213.67,82874.93,83205.74,95.62016
2026-09-24 09:36:00,83205.74,83264.01,83195.43,83261.57,48.6824
2026-09-24 09:37:00,83261.58,83342.32,83260.23,83311.98,21.76403
2026-09-24 09:38:00,83310.01,83310.01,83193.78,83258.0,19.65745
2026-09-24 09:39:00,83258.01,83300.0,83216.0,83221.68,22.64504
2026-09-24 09:40:00,83221.67,83300.0,83221.67,83274.01,30.98991
2026-09-24 09:41:00,83274.0,83274.0,83227.24,83253.24,10.42928
2026-09-24 09:42:00,83253.23,83292.0,83253.23,83283.66,9.56122
2026-09-24 09:43:00,83283.66,83283.66,83102.0,83162.98,39.52274
2026-09-24 09:44:00,83162.98,83174.01,83135.29,83170.52,21.09018
2026-09-24 09:45:00,83170.52,83213.48,83092.0,83092.01,20.61256
2026-09-24 09:46:00,83092.0,83144.42,83042.0,83144.41,22.25957
2026-09-24 09:47:00,83144.42,83144.42,83050.14,83109.7,28.86554
2026-09-24 09:48:00,83109.7,83128.3,83036.0,83095.16,19.85037
2026-09-24 09:49:00,83095.16,83141.45,83074.41,83141.45,14.26207
2026-09-24 09:50:00,83141.44,83200.0,83128.14,83188.0,25.93769
2026-09-24 09:51:00,83188.01,83221.05,83134.7,83147.86,17.75189
2026-09-24 09:52:00,83147.87,83253.92,83147.87,83245.2,11.71032
2026-09-24 09:53:00,83245.2,83266.48,83217.27,83225.91,21.53496
2026-09-24 09:54:00,83225.91,83248.01,83212.1,83245.88,11.79903
2026-09-24 09:55:00,83245.89,83278.01,83236.9,83272.47,10.35541
2026-09-24 09:56:00,83272.46,83272.46,83228.68,83233.29,10.85319
2026-09-24 09:57:00,83233.29,83233.29,83200.0,83208.2,13.97945
2026-09-24 09:58:00,83208.19,83258.01,83194.0,83245.68,21.72078
2026-09-24 09:59:00,83245.68,83264.01,83244.01,83263.95,6.58717
2026-09-24 10:00:00,83263.96,83300.0,83230.0,83299.99,16.99951
2026-09-24 10:01:00,83299.99,83356.01,83299.99,83356.0,20.52236
2026-09-24 10:02:00,83356.0,83364.32,83346.01,83352.0,13.80382
2026-09-24 10:03:00,83352.01,83386.0,83347.5,83385.99,17.31153
2026-09-24 10:04:00,83385.99,83386.0,83336.0,83340.66,18.57633
2026-09-24 10:05:00,83340.67,83340.67,83304.31,83304.31,11.02863
2026-09-24 10:06:00,83304.31,83304.32,83252.71,83252.72,8.77793
2026-09-24 10:07:00,83252.71,83256.02,83176.0,83227.85,32.7934
2026-09-24 10:08:00,83227.85,83262.01,83201.45,83262.0,13.37843
2026-09-24 10:09:00,83262.0,83318.0,83248.0,83306.0,16.82732
2026-09-24 10:10:00,83306.0,83372.01,83270.0,83372.0,25.35574
2026-09-24 10:11:00,83372.0,83390.0,83344.06,83344.06,14.70669
2026-09-24 10:12:00,83344.07,83344.07,83246.0,83246.0,13.21805
2026-09-24 10:13:00,83246.0,83246.01,83156.0,83168.01,18.80163
2026-09-24 10:14:00,83168.01,83302.01,83168.01,83302.0,13.41686
2026-09-24 10:15:00,83302.0,83302.01,83270.01,83276.01,15.59841
2026-09-24 10:16:00,83276.01,83360.01,83276.0,83360.01,15.66457
2026-09-24 10:17:00,83360.01,83366.01,83300.0,83300.05,21.0496
2026-09-24 10:18:00,83300.04,83324.0,83298.0,83308.28,14.97502
2026-09-24 10:19:00,83308.28,83330.0,83308.27,83313.07,15.69605
2026-09-24 10:20:00,83313.06,83313.07,83238.0,83238.0,14.93303
2026-09-24 10:21:00,83238.0,83238.01,83220.77,83226.01,12.69303
2026-09-24 10:22:00,83226.01,83238.01,83200.0,83226.85,11.53847
2026-09-24 10:23:00,83226.85,83300.0,83226.85,83256.02,17.24078
2026-09-24 10:24:00,83256.03,83328.01,83242.03,83260.0,19.07107
2026-09-24 10:25:00,83260.0,83276.01,83252.0,83268.0,12.74246
2026-09-24 10:26:00,83268.01,83306.01,83268.0,83287.68,9.63159
2026-09-24 10:27:00,83287.67,83287.68,83230.53,83234.0,9.81552
2026-09-24 10:28:00,83234.0,83252.01,83174.24,83200.01,28.31861
2026-09-24 10:29:00,83200.01,83282.0,83200.01,83264.01,13.75998
2026-09-24 10:30:00,83264.0,83264.01,83208.0,83216.62,13.88042
2026-09-24 10:31:00,83216.62,83216.63,83166.0,83174.0,11.34732
2026-09-24 10:32:00,83174.0,83222.01,83174.0,83213.67,6.97582
2026-09-24 10:33:00,83213.68,83267.34,83213.67,83244.01,8.13431
2026-09-24 10:34:00,83244.0,83280.01,83244.0,83280.01,4.70119
2026-09-24 10:35:00,83280.01,83296.12,83256.38,83287.79,11.68
2026-09-24 10:36:00,83287.78,83287.79,83246.0,83246.01,5.9397
2026-09-24 10:37:00,83246.01,83279.98,83246.0,83265.16,11.23079
2026-09-24 10:38:00,83265.16,83327.61,83265.15,83327.6,5.93928
2026-09-24 10:39:00,83327.61,83368.01,83327.6,83368.01,6.31241
2026-09-24 10:40:00,83368.01,83437.12,83368.01,83437.12,13.79881
2026-09-24 10:41:00,83437.12,83454.61,83434.0,83434.01,15.16057
2026-09-24 10:42:00,83434.01,83434.01,83412.01,83418.0,13.18397
2026-09-24 10:43:00,83418.01,83427.13,83396.0,83396.01,7.35186
2026-09-24 10:44:00,83396.01,83397.35,83396.01,83397.34,4.21423
2026-09-24 10:45:00,83397.34,83398.01,83388.0,83388.01,6.7906
2026-09-24 10:46:00,83388.01,83391.36,83380.0,83380.0,2.76666
2026-09-24 10:47:00,83380.0,83402.01,83372.0,83394.01,7.00044
2026-09-24 10:48:00,83394.0,83414.01,83370.8,83414.0,5.81262
2026-09-24 10:49:00,83414.01,83559.9,83414.01,83528.01,142.57484
2026-09-24 10:50:00,83528.0,83542.01,83514.98,83529.8,15.10618
2026-09-24 10:51:00,83529.81,83566.66,83502.01,83502.02,51.56058
2026-09-24 10:52:00,83502.01,83510.01,83485.72,83509.87,13.57584
2026-09-24 10:53:00,83509.86,83534.0,83509.86,83511.0,8.21231
2026-09-24 10:54:00,83511.0,83519.95,83493.49,83498.0,11.44661
2026-09-24 10:55:00,83498.0,83498.0,83438.0,83483.64,19.66698
2026-09-24 10:56:00,83483.64,83483.64,83435.5,83438.68,10.66755
2026-09-24 10:57:00,83438.67,83487.78,83436.17,83487.78,7.3687
2026-09-24 10:58:00,83487.78,83529.53,83487.77,83516.71,12.23498
2026-09-24 10:59:00,83516.72,83516.72,83500.0,83512.2,5.64295
2026-09-24 11:00:00,83512.2,83580.33,83512.2,83564.36,11.55673
2026-09-24 11:01:00,83564.35,83586.01,83564.35,83578.49,12.05496
2026-09-24 11:02:00,83578.5,83580.01,83557.28,83557.29,10.42828
2026-09-24 11:03:00,83557.28,83595.53,83557.28,83595.53,9.58627
2026-09-24 11:04:00,83595.53,83595.54,83590.01,83595.53,8.5161
2026-09-24 11:05:00,83595.54,83595.54,83556.0,83559.47,13.79781
2026-09-24 11:06:00,83559.48,83572.01,83556.01,83556.02,8.06201
2026-09-24 11:07:00,83556.01,83568.01,83522.0,83522.01,5.53733
2026-09-24 11:08:00,83522.01,83540.01,83506.76,83506.77,6.33359
2026-09-24 11:09:00,83506.76,83557.41,83506.76,83557.41,5.05199
2026-09-24 11:10:00,83557.4,83572.01,83530.0,83530.01,4.57619
2026-09-24 11:11:00,83530.01,83538.25,83528.0,83528.67,4.9086
2026-09-24 11:12:00,83528.66,83538.01,83528.0,83532.39,2.89705
2026-09-24 11:13:00,83532.4,83536.67,83528.06,83528.06,2.46489
2026-09-24 11:14:00,83528.06,83572.01,83528.06,83572.01,15.65984
2026-09-24 11:15:00,83572.01,83616.01,83538.33,83588.0,12.68943
2026-09-24 11:16:00,83588.0,83593.53,83546.0,83575.46,8.18364
2026-09-24 11:17:00,83575.46,83586.26,83545.02,83548.01,5.38074
2026-09-24 11:18:00,83548.01,83557.23,83524.7,83550.0,10.055
2026-09-24 11:19:00,83550.0,83559.49,83541.64,83546.02,3.63457
2026-09-24 11:20:00,83546.01,83549.35,83531.6,83531.61,3.77712
2026-09-24 11:21:00,83531.6,83531.61,83491.7,83517.72,16.82718
2026-09-24 11:22:00,83517.71,83568.01,83517.71,83562.0,7.11849
2026-09-24 11:23:00,83562.01,83578.9,83562.0,83578.9,5.91551
2026-09-24 11:24:00,83578.89,83588.0,83562.01,83587.99,27.04802
2026-09-24 11:25:00,83587.99,83588.0,83562.05,83562.05,6.92621
2026-09-24 11:26:00,83562.06,83566.01,83562.01,83562.02,21.77225
2026-09-24 11:27:00,83562.02,83562.02,83524.6,83524.6,36.53532
2026-09-24 11:28:00,83524.61,83532.01,83524.6,83530.82,5.85918
2026-09-24 11:29:00,83530.81,83537.94,83522.0,83522.0,4.00047
2026-09-24 11:30:00,83522.0,83526.01,83520.0,83520.0,3.96257
2026-09-24 11:31:00,83520.01,83549.35,83520.0,83520.06,4.50743
2026-09-24 11:32:00,83520.07,83520.07,83491.7,83496.92,14.4622
2026-09-24 11:33:00,83496.92,83496.92,83483.35,83483.35,2.61948
2026-09-24 11:34:00,83483.36,83505.66,83483.35,83488.01,9.08048
2026-09-24 11:35:00,83488.01,83492.01,83450.02,83492.0,8.44302
2026-09-24 11:36:00,83492.01,83492.01,83478.01,83478.02,4.07118
2026-09-24 11:37:00,83478.02,83498.01,83452.39,83452.39,6.28967
2026-09-24 11:38:00,83452.39,83452.4,83434.72,83445.18,7.79368
2026-09-24 11:39:00,83445.18,83475.72,83445.17,83475.71,8.53194
2026-09-24 11:40:00,83475.72,83480.01,83456.0,83478.84,6.27708
2026-09-24 11:41:00,83478.83,83478.83,83457.25,83457.26,2.71774
2026-09-24 11:42:00,83457.26,83457.26,83422.0,83422.0,4.55747
2026-09-24 11:43:00,83422.01,83442.01,83410.69,83440.21,8.77181
2026-09-24 11:44:00,83440.21,83455.32,83440.2,83455.32,2.62345
2026-09-24 11:45:00,83455.61,83471.19,83444.0,83446.67,14.52375
2026-09-24 11:46:00,83446.68,83476.18,83440.15,83476.18,11.28676
2026-09-24 11:47:00,83476.17,83476.17,83454.52,83462.84,11.98954
2026-09-24 11:48:00,83462.84,83466.01,83442.01,83442.02,11.16223
2026-09-24 11:49:00,83442.02,83442.02,83442.01,83442.01,3.63345
2026-09-24 11:50:00,83442.02,83466.27,83442.01,83466.26,5.02485
2026-09-24 11:51:00,83466.26,83484.01,83462.01,83484.0,3.28162
2026-09-24 11:52:00,83484.01,83490.01,83399.47,83410.01,12.34694
2026-09-24 11:53:00,83410.0,83440.17,83410.0,83417.65,10.22001
2026-09-24 11:54:00,83417.66,83456.88,83417.65,83432.45,18.83717
2026-09-24 11:55:00,83432.44,83445.69,83432.44,83438.54,14.40702
2026-09-24 11:56:00,83438.54,83438.54,83408.83,83408.84,7.87193
2026-09-24 11:57:00,83408.84,83437.59,83408.84,83437.59,4.9301
2026-09-24 11:58:00,83437.58,83465.52,83437.58,83460.0,5.34791
2026-09-24 11:59:00,83460.01,83549.65,83460.0,83494.58,20.53165
2026-09-24 12:00:00,83494.59,83494.59,83436.0,83436.01,6.40598
2026-09-24 12:01:00,83436.0,83436.0,83395.83,83400.0,7.43815
2026-09-24 12:02:00,83400.01,83471.0,83394.0,83442.65,13.02714
2026-09-24 12:03:00,83442.65,83458.01,83432.01,83432.01,8.52244
2026-09-24 12:04:00,83432.0,83432.01,83402.0,83402.01,4.81621
2026-09-24 12:05:00,83402.0,83435.12,83400.95,83435.0,3.39912
2026-09-24 12:06:00,83435.01,83442.01,83412.48,83436.0,4.3525
2026-09-24 12:07:00,83436.01,83471.0,83430.0,83466.01,4.39141
2026-09-24 12:08:00,83466.0,83562.36,83446.0,83560.0,21.06137
2026-09-24 12:09:00,83560.0,83560.01,83508.38,83540.0,9.03845
2026-09-24 12:10:00,83540.0,83600.01,83535.99,83599.66,7.96606
2026-09-24 12:11:00,83599.67,83599.67,83560.0,83560.0,10.96558
2026-09-24 12:12:00,83560.01,83595.99,83560.0,83573.27,7.0743
2026-09-24 12:13:00,83573.27,83573.28,83533.16,83533.16,5.49401
2026-09-24 12:14:00,83533.17,83546.01,83509.36,83533.16,6.26338
2026-09-24 12:15:00,83533.16,83562.01,83525.0,83554.0,3.89037
2026-09-24 12:16:00,83554.0,83582.0,83552.0,83582.0,6.78887
2026-09-24 12:17:00,83582.01,83614.72,83574.0,83582.01,8.55537
2026-09-24 12:18:00,83582.0,83589.16,83544.89,83544.89,8.82286
2026-09-24 12:19:00,83544.89,83552.01,83528.0,83532.01,7.50348
2026-09-24 12:20:00,83532.02,83576.73,83532.01,83574.0,2.74965
2026-09-24 12:21:00,83574.0,83596.0,83572.0,83580.37,11.32538
2026-09-24 12:22:00,83580.38,83632.01,83580.37,83632.01,4.01547
2026-09-24 12:23:00,83632.01,83634.01,83608.0,83620.0,34.40921
2026-09-24 12:24:00,83620.0,83670.01,83611.63,83670.0,8.7697
2026-09-24 12:25:00,83669.99,83670.0,83576.0,83604.0,20.93615
2026-09-24 12:26:00,83604.0,83604.0,83525.01,83525.01,12.41181
2026-09-24 12:27:00,83525.0,83554.01,83525.0,83554.01,5.26933
2026-09-24 12:28:00,83554.0,83554.01,83545.64,83552.01,3.24076
2026-09-24 12:29:00,83552.01,83552.01,83550.0,83550.01,2.53726
2026-09-24 12:30:00,83550.01,83579.36,83536.0,83564.01,8.85294
2026-09-24 12:31:00,83564.0,83564.01,83502.16,83508.01,6.66686
2026-09-24 12:32:00,83508.0,83508.01,83438.0,83438.0,8.5412
2026-09-24 12:33:00,83438.01,83438.01,83362.0,83380.0,15.69479
2026-09-24 12:34:00,83380.0,83424.01,83361.44,83400.0,10.56378
2026-09-24 12:35:00,83400.0,83402.01,83346.66,83346.66,5.64964
2026-09-24 12:36:00,83346.66,83392.0,83346.66,83392.0,6.09243
2026-09-24 12:37:00,83392.0,83420.01,83392.0,83400.0,12.05971
2026-09-24 12:38:00,83400.01,83400.01,83398.0,83398.0,3.28027
2026-09-24 12:39:00,83398.0,83398.01,83376.0,83385.78,8.56111
2026-09-24 12:40:00,83385.78,83446.01,83385.78,83423.65,9.23687
2026-09-24 12:41:00,83423.65,83471.0,83423.65,83471.0,2.91224
2026-09-24 12:42:00,83471.0,83523.18,83471.0,83510.29,9.47919
2026-09-24 12:43:00,83510.3,83515.85,83478.0,83478.01,6.62379
2026-09-24 12:44:00,83478.01,83500.01,83466.0,83500.01,6.0206
2026-09-24 12:45:00,83500.01,83500.01,83466.0,83466.01,4.3779
2026-09-24 12:46:00,83466.0,83471.91,83436.04,83471.9,7.86222
2026-09-24 12:47:00,83471.9,83476.01,83454.0,83454.01,5.31373
2026-09-24 12:48:00,83454.02,83516.01,83454.01,83505.64,6.96399
2026-09-24 12:49:00,83505.64,83505.64,83458.69,83458.69,5.32796
2026-09-24 12:50:00,83458.7,83460.01,83431.38,83431.39,5.39522
2026-09-24 12:51:00,83431.39,83471.01,83431.38,83458.66,7.5321
2026-09-24 12:52:00,83458.66,83470.01,83449.74,83464.0,10.34555
2026-09-24 12:53:00,83464.01,83464.01,83427.69,83427.7,5.89775
2026-09-24 12:54:00,83427.7,83478.01,83427.69,83478.0,9.44807
2026-09-24 12:55:00,83478.01,83506.43,83478.0,83506.42,6.59326
2026-09-24 12:56:00,83506.42,83588.01,83506.42,83588.0,9.59093
2026-09-24 12:57:00,83588.0,83657.5,83586.0,83640.75,16.90903
2026-09-24 12:58:00,83640.75,83640.76,83604.24,83620.62,7.79165
2026-09-24 12:59:00,83620.61,83626.01,83604.25,83604.26,4.62992
2026-09-24 13:00:00,83604.26,83646.01,83600.0,83646.01,5.65905
2026-09-24 13:01:00,83646.0,83694.9,83630.0,83630.01,14.6392
2026-09-24 13:02:00,83630.01,83684.67,83630.0,83682.0,9.19961
2026-09-24 13:03:00,83682.01,83730.01,83674.01,83710.01,25.45387
2026-09-24 13:04:00,83710.01,83751.57,83710.01,83748.0,11.4912
2026-09-24 13:05:00,83748.0,83751.57,83719.66,83719.66,6.05149
2026-09-24 13:06:00,83719.67,83756.01,83700.0,83700.01,14.34683
2026-09-24 13:07:00,83700.0,83723.97,83686.0,83723.97,8.14435
2026-09-24 13:08:00,83723.98,83727.73,83682.01,83724.01,8.36052
2026-09-24 13:09:00,83724.0,83741.6,83704.0,83704.0,4.48958
2026-09-24 13:10:00,83704.0,83718.0,83688.0,83698.0,6.94335
2026-09-24 13:11:00,83698.01,83702.01,83674.0,83674.0,8.1554
2026-09-24 13:12:00,83674.01,83702.01,83674.0,83702.0,3.92982
2026-09-24 13:13:00,83702.01,83750.02,83702.0,83749.99,7.08405
2026-09-24 13:14:00,83749.99,83760.01,83740.01,83755.87,5.25012
2026-09-24 13:15:00,83755.88,83767.98,83728.0,83756.0,32.68377
2026-09-24 13:16:00,83756.01,83781.84,83756.01,83779.68,5.15767
2026-09-24 13:17:00,83779.68,83822.0,83779.67,83816.0,13.44246
2026-09-24 13:18:00,83816.0,83844.01,83812.52,83841.32,5.95812
2026-09-24 13:19:00,83841.33,83900.01,83841.32,83900.01,10.9576
2026-09-24 13:20:00,83900.0,83960.0,83900.0,83960.0,15.05588
2026-09-24 13:21:00,83960.0,83960.0,83848.01,83851.45,14.36429
2026-09-24 13:22:00,83851.44,83862.01,83818.0,83818.0,10.7843
2026-09-24 13:23:00,83818.0,83820.01,83778.0,83820.0,11.20648
2026-09-24 13:24:00,83820.0,83820.01,83800.0,83804.0,2.09381
2026-09-24 13:25:00,83804.0,83846.01,83788.0,83846.0,18.43107
2026-09-24 13:26:00,83846.01,83858.01,83835.23,83838.01,10.44629
2026-09-24 13:27:00,83838.0,83858.01,83816.0,83822.01,8.00796
2026-09-24 13:28:00,83822.0,83826.01,83805.24,83816.61,8.71518
2026-09-24 13:29:00,83816.61,83816.61,83774.0,83780.0,21.90686
2026-09-24 13:30:00,83780.01,83874.01,83759.21,83863.42,18.53829
2026-09-24 13:31:00,83863.42,84101.53,83858.0,84082.0,46.52594
2026-09-24 13:32:00,84082.01,84304.01,84082.01,84146.4,127.95394
2026-09-24 13:33:00,84146.41,84216.43,84098.0,84104.01,27.24578
2026-09-24 13:34:00,84104.0,84167.08,84050.0,84137.75,26.00435
2026-09-24 13:35:00,84137.74,84137.74,84000.0,84013.39,14.24781
2026-09-24 13:36:00,84013.39,84056.0,83979.0,84018.01,28.48821
2026-09-24 13:37:00,84018.0,84106.01,83998.0,84106.01,19.07677
2026-09-24 13:38:00,84106.01,84250.0,84086.0,84225.27,29.3893
2026-09-24 13:39:00,84225.27,84340.01,84175.6,84250.58,29.76069
2026-09-24 13:40:00,84250.58,84264.33,84084.0,84094.01,25.98085
2026-09-24 13:41:00,84090.78,84090.78,83915.28,83915.29,42.6561
2026-09-24 13:42:00,83915.28,83936.01,83893.44,83902.01,19.27632
2026-09-24 13:43:00,83902.01,84004.0,83900.0,83968.34,16.74816
2026-09-24 13:44:00,83968.33,83978.01,83934.0,83942.0,12.31527
2026-09-24 13:45:00,83942.01,84000.0,83932.0,83941.63,18.42674
2026-09-24 13:46:00,83941.64,84008.0,83899.92,83975.36,24.63883
2026-09-24 13:47:00,83976.7,84072.01,83950.0,84044.0,30.37578
2026-09-24 13:48:00,84044.01,84068.01,83944.0,83978.12,21.80406
2026-09-24 13:49:00,83978.13,83984.01,83893.34,83893.34,18.09283
2026-09-24 13:50:00,83893.34,83952.01,83856.0,83943.6,17.05159
2026-09-24 13:51:00,83943.6,84000.0,83923.6,83952.35,26.87874
2026-09-24 13:52:00,83952.34,83968.03,83914.0,83956.01,19.30279
2026-09-24 13:53:00,83956.0,83956.0,83885.78,83892.51,10.80697
2026-09-24 13:54:00,83892.51,84030.5,83892.51,84030.5,9.96128
2026-09-24 13:55:00,84030.49,84199.99,84030.49,84168.01,23.24962
2026-09-24 13:56:00,84168.01,84209.04,84138.21,84154.01,10.482
2026-09-24 13:57:00,84154.0,84192.01,84150.0,84178.31,10.60673
2026-09-24 13:58:00,84178.32,84230.0,84172.01,84229.99,10.47085
2026-09-24 13:59:00,84230.0,84258.43,84226.03,84258.43,8.51656
2026-09-24 14:00:00,84258.42,84260.01,84185.89,84208.02,53.41888
2026-09-24 14:01:00,84208.02,84228.01,84150.0,84150.0,30.3311
2026-09-24 14:02:00,84150.0,84319.37,84132.0,84246.01,21.52285
2026-09-24 14:03:00,84246.0,84246.01,84160.24,84222.0,12.22175
2026-09-24 14:04:00,84222.01,84226.01,84183.88,84206.0,12.72736
2026-09-24 14:05:00,84206.01,84206.01,84168.0,84178.0,7.80732
2026-09-24 14:06:00,84178.01,84342.01,84178.0,84310.0,20.16013
2026-09-24 14:07:00,84310.01,84368.17,84302.0,84360.97,22.93798
2026-09-24 14:08:00,84360.97,84360.97,84278.0,84310.0,17.08036
2026-09-24 14:09:00,84310.0,84310.01,84264.0,84264.0,12.49217
2026-09-24 14:10:00,84264.0,84298.01,84206.33,84274.0,11.72145
2026-09-24 14:11:00,84274.01,84274.01,84184.0,84184.01,17.75406
2026-09-24 14:12:00,84184.0,84232.01,84146.23,84146.23,14.64555
2026-09-24 14:13:00,84146.24,84234.01,84146.23,84232.66,17.69254
2026-09-24 14:14:00,84232.66,84273.32,84230.0,84230.0,6.98868
2026-09-24 14:15:00,84230.0,84230.01,84144.0,84144.0,8.69897
2026-09-24 14:16:00,84144.0,84250.01,84144.0,84250.0,17.29302
2026-09-24 14:17:00,84250.01,84287.01,84212.0,84281.31,18.75173
2026-09-24 14:18:00,84281.32,84290.0,84252.0,84282.0,11.30572
2026-09-24 14:19:00,84282.0,84338.01,84282.0,84307.56,18.05376
2026-09-24 14:20:00,84307.57,84341.34,84268.0,84308.0,14.99402
2026-09-24 14:21:00,84308.0,84356.01,84290.0,84290.01,23.55469
2026-09-24 14:22:00,84290.01,84306.0,84266.01,84274.01,9.27343
2026-09-24 14:23:00,84274.0,84334.01,84249.16,84334.01,30.77528
2026-09-24 14:24:00,84334.01,84381.0,84334.01,84378.0,11.9173
2026-09-24 14:25:00,84378.01,84498.01,84378.0,84482.02,42.05152
2026-09-24 14:26:00,84482.01,84558.46,84482.01,84490.16,43.34083
2026-09-24 14:27:00,84490.16,84615.57,84465.65,84615.56,102.54334
2026-09-24 14:28:00,84615.56,84886.39,84609.79,84860.8,108.90164
2026-09-24 14:29:00,84860.8,84942.45,84820.27,84875.22,41.04719
2026-09-24 14:30:00,84875.22,84875.22,84707.63,84754.55,41.8469
2026-09-24 14:31:00,84754.55,84799.99,84675.27,84784.01,86.58255
2026-09-24 14:32:00,84784.01,84873.91,84784.01,84800.02,32.56705
2026-09-24 14:33:00,84800.01,84820.22,84746.7,84757.87,25.80724
2026-09-24 14:34:00,84757.88,84797.11,84711.56,84779.38,14.58065
2026-09-24 14:35:00,84779.38,84780.74,84719.81,84744.89,15.24132
2026-09-24 14:36:00,84744.89,84744.89,84592.0,84602.59,163.4883
2026-09-24 14:37:00,84602.6,84629.4,84550.0,84550.06,118.27242
2026-09-24 14:38:00,84550.06,84578.01,84508.06,84508.07,18.44592
2026-09-24 14:39:00,84508.06,84513.44,84450.04,84513.43,81.25246
2026-09-24 14:40:00,84513.44,84584.4,84513.43,84550.96,18.15048
2026-09-24 14:41:00,84550.95,84550.96,84484.4,84486.23,16.30511
2026-09-24 14:42:00,84486.24,84539.31,84473.57,84495.89,23.68036
2026-09-24 14:43:00,84495.9,84495.9,84416.02,84416.02,79.70475
2026-09-24 14:44:00,84416.02,84442.52,84391.49,84413.67,14.2572
2026-09-24 14:45:00,84413.66,84414.5,84316.08,84347.3,16.89235
2026-09-24 14:46:00,84347.3,84354.57,84276.1,84276.11,23.46474
2026-09-24 14:47:00,84276.11,84276.11,84210.0,84215.85,17.85483
2026-09-24 14:48:00,84215.84,84215.84,83981.1,83981.1,64.91091
2026-09-24 14:49:00,83981.1,84042.47,83812.68,83812.7,61.23316
2026-09-24 14:50:00,83812.69,83924.29,83744.0,83783.68,54.17632
2026-09-24 14:51:00,83783.68,83892.44,83750.0,83816.94,59.5315
2026-09-24 14:52:00,83816.95,83816.95,83570.71,83570.71,119.65085
2026-09-24 14:53:00,83570.71,83670.17,83388.88,83659.99,82.10521
2026-09-24 14:54:00,83660.0,83784.24,83659.99,83771.54,29.17205
2026-09-24 14:55:00,83771.54,83800.93,83664.56,83748.26,38.42501
2026-09-24 14:56:00,83748.25,83800.05,83682.87,83697.18,22.479
2026-09-24 14:57:00,83697.19,83697.19,83606.0,83606.0,14.05369
2026-09-24 14:58:00,83606.01,83674.74,83584.0,83645.17,31.0613
2026-09-24 14:59:00,83645.18,83684.1,83580.0,83673.77,15.80202
2026-09-24 15:00:00,83673.77,83673.77,83516.53,83632.94,63.85012
2026-09-24 15:01:00,83632.94,83710.89,83632.94,83661.09,18.06945
2026-09-24 15:02:00,83661.09,83661.09,83518.5,83518.51,20.59114
2026-09-24 15:03:00,83518.51,83646.58,83508.0,83644.9,39.67995
2026-09-24 15:04:00,83644.89,83800.0,83641.5,83767.78,35.45728
2026-09-24 15:05:00,83767.79,83852.48,83756.25,83770.17,29.20479
2026-09-24 15:06:00,83770.16,83899.03,83770.16,83890.86,22.37781
2026-09-24 15:07:00,83890.86,83911.5,83823.03,83856.23,20.40165
2026-09-24 15:08:00,83856.24,83900.09,83840.02,83899.03,8.27251
2026-09-24 15:09:00,83899.02,83911.34,83843.72,83855.72,13.0361
2026-09-24 15:10:00,83855.72,83888.48,83780.47,83780.47,20.46761
2026-09-24 15:11:00,83780.47,83892.41,83780.34,83892.4,14.33
2026-09-24 15:12:00,83892.4,83930.01,83864.0,83882.16,15.72265
2026-09-24 15:13:00,83882.17,83904.69,83818.27,83879.17,8.88323
2026-09-24 15:14:00,83879.16,83909.27,83843.85,83901.07,12.70533
2026-09-24 15:15:00,83901.06,83992.01,83885.35,83961.63,20.34708
2026-09-24 15:16:00,83961.64,84048.57,83935.57,84019.4,25.21864
2026-09-24 15:17:00,84019.4,84100.01,84019.39,84039.23,45.04174
2026-09-24 15:18:00,84039.23,84039.23,83927.23,83956.14,13.22944
2026-09-24 15:19:00,83956.15,84023.51,83945.61,84023.5,8.90295
2026-09-24 15:20:00,84023.51,84046.01,84008.76,84029.9,11.84601
2026-09-24 15:21:00,84029.91,84086.34,84029.91,84044.0,10.14328
2026-09-24 15:22:00,84044.01,84081.25,84042.01,84062.0,10.56015
2026-09-24 15:23:00,84062.01,84145.27,84062.01,84145.26,14.20459
2026-09-24 15:24:00,84145.26,84246.01,84145.26,84232.0,25.50336
2026-09-24 15:25:00,84232.0,84249.99,84138.0,84138.0,15.18925
2026-09-24 15:26:00,84138.01,84166.01,84102.0,84130.01,23.79937
2026-09-24 15:27:00,84130.01,84141.01,84120.3,84140.01,14.76275
2026-09-24 15:28:00,84140.0,84144.01,84096.0,84107.58,9.26899
2026-09-24 15:29:00,84107.57,84130.69,84094.0,84125.71,12.09381
2026-09-24 15:30:00,84125.71,84152.69,84108.0,84108.0,13.03235
2026-09-24 15:31:00,84108.0,84180.0,84108.0,84180.0,5.96228
2026-09-24 15:32:00,84180.0,84180.0,84145.26,84169.94,12.24518
2026-09-24 15:33:00,84170.0,84218.01,84169.99,84190.01,7.80831
2026-09-24 15:34:00,84190.01,84240.01,84180.0,84236.56,12.66896
2026-09-24 15:35:00,84236.55,84309.43,84227.26,84298.0,19.94613
2026-09-24 15:36:00,84298.0,84338.93,84298.0,84338.92,12.22908
2026-09-24 15:37:00,84338.92,84457.39,84336.0,84416.01,18.3896
2026-09-24 15:38:00,84416.0,84416.01,84330.0,84338.01,15.24354
2026-09-24 15:39:00,84338.0,84371.06,84302.36,84329.42,11.51632
2026-09-24 15:40:00,84329.43,84370.89,84328.0,84346.0,57.92196
2026-09-24 15:41:00,84346.0,84386.01,84320.0,84362.44,16.82215
2026-09-24 15:42:00,84362.43,84362.44,84300.0,84318.01,6.84839
2026-09-24 15:43:00,84318.01,84340.01,84318.0,84336.0,5.78843
2026-09-24 15:44:00,84336.0,84428.01,84336.0,84428.0,37.87747
2026-09-24 15:45:00,84428.0,84438.67,84382.0,84382.0,11.95916
2026-09-24 15:46:00,84382.0,84382.01,84340.01,84340.02,9.59428
2026-09-24 15:47:00,84340.02,84377.97,84334.0,84354.01,11.33018
2026-09-24 15:48:00,84354.01,84405.08,84306.01,84306.27,12.17978
2026-09-24 15:49:00,84306.27,84364.01,84292.0,84354.0,6.92335
2026-09-24 15:50:00,84354.01,84376.01,84333.48,84338.0,8.31767
2026-09-24 15:51:00,84338.01,84347.52,84324.01,84343.62,8.60158
2026-09-24 15:52:00,84343.63,84391.5,84316.0,84349.3,21.86586
2026-09-24 15:53:00,84349.31,84409.7,84349.3,84374.01,9.84127
2026-09-24 15:54:00,84374.0,84426.0,84366.01,84426.0,6.14439
2026-09-24 15:55:00,84426.0,84437.77,84394.6,84416.41,15.13435
2026-09-24 15:56:00,84416.2,84468.01,84414.0,84446.01,9.5745
2026-09-24 15:57:00,84446.02,84450.01,84396.0,84418.0,8.95684
2026-09-24 15:58:00,84418.0,84418.01,84400.0,84418.0,4.99558
2026-09-24 15:59:00,84418.0,84418.01,84408.0,84418.0,8.15562
2026-09-24 16:00:00,84418.01,84432.01,84274.0,84275.36,22.33903
2026-09-24 16:01:00,84275.36,84340.01,84275.35,84299.1,11.88889
2026-09-24 16:02:00,84299.1,84335.82,84288.93,84309.43,8.22324
2026-09-24 16:03:00,84309.43,84309.43,84244.0,84246.01,14.9202
2026-09-24 16:04:00,84246.0,84246.01,84216.0,84231.12,22.65681
2026-09-24 16:05:00,84231.12,84267.82,84230.0,84256.02,7.72139
2026-09-24 16:06:00,84256.02,84286.01,84222.0,84222.0,8.23146
2026-09-24 16:07:00,84222.0,84222.01,84133.62,84146.01,19.35186
2026-09-24 16:08:00,84146.01,84214.01,84140.0,84214.01,7.12122
2026-09-24 16:09:00,84214.01,84218.01,84194.04,84208.0,6.8225
2026-09-24 16:10:00,84208.0,84220.69,84176.01,84180.01,4.72933
2026-09-24 16:11:00,84180.0,84180.01,84075.79,84099.99,17.10766
2026-09-24 16:12:00,84099.99,84100.0,84050.01,84050.01,11.63829
2026-09-24 16:13:00,84050.01,84100.0,84044.02,84100.0,9.29137
2026-09-24 16:14:00,84099.99,84262.01,84098.32,84262.01,20.04368
2026-09-24 16:15:00,84262.01,84500.0,84262.01,84449.36,74.68156
2026-09-24 16:16:00,84449.37,84750.0,84440.01,84714.63,84.22834
2026-09-24 16:17:00,84714.63,84818.19,84680.73,84803.29,45.22541
2026-09-24 16:18:00,84803.28,84837.0,84550.0,84565.04,45.9212
2026-09-24 16:19:00,84559.99,84609.85,84496.99,84549.82,28.835
2026-09-24 16:20:00,84549.82,84716.01,84536.0,84681.96,32.66815
2026-09-24 16:21:00,84681.97,84704.01,84620.01,84654.71,20.58768
2026-09-24 16:22:00,84654.72,84688.01,84602.0,84654.0,12.37006
2026-09-24 16:23:00,84654.01,84688.01,84637.73,84637.73,17.43035
2026-09-24 16:24:00,84637.74,84637.74,84582.0,84586.22,11.2633
2026-09-24 16:25:00,84586.22,84612.01,84528.01,84528.01,32.26342
2026-09-24 16:26:00,84528.02,84636.01,84528.02,84616.02,9.27276
2026-09-24 16:27:00,84616.02,84632.01,84552.62,84632.01,19.81921
2026-09-24 16:28:00,84632.0,84722.01,84628.0,84722.01,14.44115
2026-09-24 16:29:00,84722.0,84726.01,84704.0,84706.72,12.24427
2026-09-24 16:30:00,84706.73,84716.01,84643.2,84654.29,11.24769
2026-09-24 16:31:00,84654.29,84656.01,84567.08,84570.99,11.56256
2026-09-24 16:32:00,84570.98,84570.99,84511.33,84526.98,14.01867
2026-09-24 16:33:00,84526.98,84544.01,84510.0,84512.0,7.44412
2026-09-24 16:34:00,84512.01,84529.42,84498.0,84499.52,19.15304
2026-09-24 16:35:00,84499.52,84604.01,84444.0,84604.01,28.95528
2026-09-24 16:36:00,84604.01,84670.01,84600.92,84637.74,20.17983
2026-09-24 16:37:00,84637.73,84644.01,84586.0,84614.5,10.67389
2026-09-24 16:38:00,84614.5,84690.01,84614.5,84646.0,10.13406
2026-09-24 16:39:00,84646.01,84685.31,84646.0,84685.31,6.96384
2026-09-24 16:40:00,84685.44,84852.01,84685.44,84805.61,18.91722
2026-09-24 16:41:00,84805.61,84904.01,84790.7,84902.01,44.20358
2026-09-24 16:42:00,84902.01,84924.01,84818.0,84833.11,61.06342
2026-09-24 16:43:00,84833.1,84835.27,84708.41,84723.31,20.09314
2026-09-24 16:44:00,84723.31,84723.32,84555.65,84555.65,29.31734
2026-09-24 16:45:00,84555.65,84555.66,84492.23,84547.68,26.52073
2026-09-24 16:46:00,84547.68,84628.01,84522.0,84628.0,14.07203
2026-09-24 16:47:00,84628.01,84684.01,84588.0,84684.01,11.94418
2026-09-24 16:48:00,84684.01,84710.01,84664.0,84665.44,12.85331
2026-09-24 16:49:00,84665.45,84672.01,84652.0,84652.22,16.5399
2026-09-24 16:50:00,84652.23,84654.01,84565.94,84596.0,12.70995
2026-09-24 16:51:00,84596.0,84618.01,84572.0,84594.01,7.67691
2026-09-24 16:52:00,84594.02,84596.01,84522.0,84524.0,6.95592
2026-09-24 16:53:00,84524.01,84553.43,84472.06,84478.01,13.21451
2026-09-24 16:54:00,84478.0,84539.35,84476.0,84537.25,12.58612
2026-09-24 16:55:00,84537.26,84539.27,84457.27,84457.27,10.79651
2026-09-24 16:56:00,84457.26,84504.02,84426.0,84504.02,11.98703
2026-09-24 16:57:00,84504.02,84540.01,84504.01,84505.17,5.72572
2026-09-24 16:58:00,84505.17,84550.0,84505.16,84532.25,4.27433
2026-09-24 16:59:00,84532.24,84532.25,84498.0,84500.33,25.26842
2026-09-24 17:00:00,84500.32,84500.32,84369.31,84432.99,18.71108
2026-09-24 17:01:00,84432.99,84552.63,84414.0,84514.0,23.64455
2026-09-24 17:02:00,84514.01,84514.01,84402.0,84510.01,21.35063
2026-09-24 17:03:00,84510.0,84562.01,84510.0,84512.0,13.48929
2026-09-24 17:04:00,84512.01,84512.01,84426.0,84468.0,15.39476
2026-09-24 17:05:00,84468.01,84506.01,84422.0,84433.94,12.80658
2026-09-24 17:06:00,84433.95,84434.01,84391.49,84391.49,14.75419
2026-09-24 17:07:00,84391.5,84432.0,84391.49,84426.0,6.03094
2026-09-24 17:08:00,84426.0,84480.0,84408.0,84480.0,5.25362
2026-09-24 17:09:00,84480.01,84498.01,84473.57,84481.59,4.44368
2026-09-24 17:10:00,84481.58,84481.58,84384.34,84446.0,12.13536
2026-09-24 17:11:00,84446.01,84446.01,84391.49,84440.0,9.55614
2026-09-24 17:12:00,84440.0,84444.01,84398.01,84398.01,12.39488
2026-09-24 17:13:00,84398.01,84424.01,84392.5,84424.01,4.47818
2026-09-24 17:14:00,84424.01,84484.04,84424.01,84478.0,5.32363
2026-09-24 17:15:00,84478.0,84478.01,84418.0,84440.01,7.0131
2026-09-24 17:16:00,84440.0,84542.01,84440.0,84510.0,10.39785
2026-09-24 17:17:00,84510.01,84532.01,84396.0,84396.01,14.49054
2026-09-24 17:18:00,84396.0,84466.01,84366.0,84442.01,12.17362
2026-09-24 17:19:00,84442.0,84442.01,84357.0,84358.02,17.91317
2026-09-24 17:20:00,84358.02,84372.01,84322.0,84363.4,15.46708
2026-09-24 17:21:00,84363.4,84402.01,84342.0,84366.0,12.82858
2026-09-24 17:22:00,84366.01,84380.01,84330.0,84330.0,7.54773
2026-09-24 17:23:00,84330.0,84336.01,84212.9,84282.01,50.09183
2026-09-24 17:24:00,84282.0,84284.01,84249.54,84255.43,8.03274
2026-09-24 17:25:00,84255.43,84272.01,84229.98,84234.0,11.00104
2026-09-24 17:26:00,84234.01,84272.01,84210.12,84238.01,25.00881
2026-09-24 17:27:00,84238.01,84274.01,84238.01,84274.0,4.17526
2026-09-24 17:28:00,84274.01,84320.01,84274.01,84312.01,7.79239
2026-09-24 17:29:00,84312.01,84346.01,84312.0,84329.71,6.26077
2026-09-24 17:30:00,84329.71,84382.01,84329.7,84382.0,9.85652
2026-09-24 17:31:00,84382.01,84439.63,84382.0,84402.57,7.79057
2026-09-24 17:32:00,84402.57,84405.71,84368.0,84400.01,12.26602
2026-09-24 17:33:00,84400.01,84400.01,84366.01,84368.01,4.95387
2026-09-24 17:34:00,84368.0,84368.01,84304.0,84304.01,8.81355
2026-09-24 17:35:00,84304.0,84321.81,84278.0,84280.01,7.03346
2026-09-24 17:36:00,84280.01,84294.0,84265.28,84294.0,5.30449
2026-09-24 17:37:00,84294.0,84294.0,84227.34,84227.34,8.53373
2026-09-24 17:38:00,84227.35,84227.35,84158.18,84180.0,24.74492
2026-09-24 17:39:00,84180.01,84273.33,84180.01,84256.0,4.22961
2026-09-24 17:40:00,84256.01,84258.01,84227.34,84227.35,4.06175
2026-09-24 17:41:00,84227.34,84248.01,84186.0,84228.01,6.82763
2026-09-24 17:42:00,84228.01,84300.01,84228.01,84260.01,20.83189
2026-09-24 17:43:00,84260.0,84260.01,84144.15,84147.99,10.3775
2026-09-24 17:44:00,84147.99,84172.01,84145.26,84172.01,3.17604
2026-09-24 17:45:00,84172.0,84174.01,84130.0,84174.01,21.90757
2026-09-24 17:46:00,84174.01,84198.01,84174.0,84192.6,2.992
2026-09-24 17:47:00,84192.61,84212.01,84164.33,84212.01,21.15223
2026-09-24 17:48:00,84212.01,84222.01,84194.0,84218.0,5.4893
2026-09-24 17:49:00,84218.0,84220.01,84186.0,84186.01,4.92398
2026-09-24 17:50:00,84186.01,84218.01,84178.0,84218.01,12.43661
2026-09-24 17:51:00,84218.01,84218.01,84150.0,84156.33,7.44466
2026-09-24 17:52:00,84156.32,84171.12,84133.29,84133.3,5.25206
2026-09-24 17:53:00,84133.3,84150.01,84100.0,84100.0,17.82204
2026-09-24 17:54:00,84100.01,84100.01,84060.0,84068.63,21.07484
2026-09-24 17:55:00,84068.64,84068.64,84017.68,84033.69,13.37397
2026-09-24 17:56:00,84033.69,84096.01,84026.56,84082.01,12.32766
2026-09-24 17:57:00,84082.0,84118.01,84076.0,84110.6,7.50422
2026-09-24 17:58:00,84110.61,84116.01,84084.0,84094.01,10.99268
2026-09-24 17:59:00,84094.01,84116.01,84082.54,84110.0,9.35632
2026-09-24 18:00:00,84110.0,84110.0,84045.17,84084.01,8.84585
2026-09-24 18:01:00,84084.0,84087.99,84011.58,84026.01,8.29422
2026-09-24 18:02:00,84026.0,84036.01,83942.0,83954.01,16.68828
2026-09-24 18:03:00,83954.01,83970.01,83888.0,83908.0,21.39615
2026-09-24 18:04:00,83908.0,83975.2,83908.0,83954.01,9.55835
2026-09-24 18:05:00,83954.0,84012.01,83954.0,84006.01,5.23555
2026-09-24 18:06:00,84006.01,84098.01,83988.0,84092.01,9.16215
2026-09-24 18:07:00,84092.01,84092.01,84052.0,84060.0,5.29919
2026-09-24 18:08:00,84060.01,84170.52,84060.01,84166.02,8.09961
2026-09-24 18:09:00,84166.03,84182.01,84147.86,84177.32,5.23286
2026-09-24 18:10:00,84177.31,84220.0,84162.0,84217.63,7.29946
2026-09-24 18:11:00,84217.63,84240.0,84198.0,84198.01,9.27064
2026-09-24 18:12:00,84198.0,84230.01,84190.0,84211.69,6.83175
2026-09-24 18:13:00,84211.69,84211.69,84192.0,84200.91,6.37517
2026-09-24 18:14:00,84200.9,84258.01,84200.9,84258.0,4.62127
2026-09-24 18:15:00,84258.0,84300.55,84242.0,84296.01,28.67915
2026-09-24 18:16:00,84296.01,84346.62,84296.0,84332.0,10.12154
2026-09-24 18:17:00,84332.01,84371.91,84332.0,84366.6,8.40183
2026-09-24 18:18:00,84366.59,84413.65,84354.0,84366.01,15.21682
2026-09-24 18:19:00,84366.01,84374.01,84362.62,84366.0,3.26604
2026-09-24 18:20:00,84366.01,84366.01,84328.0,84360.0,4.80884
2026-09-24 18:21:00,84360.01,84402.0,84360.0,84379.36,5.89717
2026-09-24 18:22:00,84379.36,84414.01,84379.35,84406.01,2.22694
2026-09-24 18:23:00,84406.01,84406.01,84378.46,84382.0,4.41083
2026-09-24 18:24:00,84382.01,84396.67,84369.39,84396.67,3.23487
2026-09-24 18:25:00,84396.66,84478.01,84391.49,84391.49,18.68958
2026-09-24 18:26:00,84391.5,84464.01,84391.49,84449.95,6.06954
2026-09-24 18:27:00,84449.95,84470.34,84438.0,84470.34,5.07747
2026-09-24 18:28:00,84470.33,84482.29,84438.0,84456.0,6.85812
2026-09-24 18:29:00,84456.01,84456.01,84424.0,84424.01,3.7691
2026-09-24 18:30:00,84424.01,84506.45,84424.0,84469.09,12.90528
2026-09-24 18:31:00,84469.1,84469.1,84412.0,84412.0,10.34588
2026-09-24 18:32:00,84412.01,84452.0,84391.49,84391.5,11.91963
2026-09-24 18:33:00,84391.5,84394.01,84374.79,84376.01,5.45264
2026-09-24 18:34:00,84376.0,84376.01,84343.08,84343.33,5.2533
2026-09-24 18:35:00,84343.33,84343.34,84258.0,84258.01,10.39736
2026-09-24 18:36:00,84258.0,84316.01,84258.0,84267.83,9.49573
2026-09-24 18:37:00,84267.83,84334.01,84267.83,84330.01,13.81741
2026-09-24 18:38:00,84330.02,84508.01,84330.02,84494.0,25.94631
2026-09-24 18:39:00,84494.01,84554.0,84450.0,84451.99,14.6648
2026-09-24 18:40:00,84451.99,84451.99,84406.0,84412.8,7.89641
2026-09-24 18:41:00,84412.8,84423.53,84396.95,84419.57,8.32309
2026-09-24 18:42:00,84419.58,84419.58,84391.49,84416.0,5.01406
2026-09-24 18:43:00,84416.0,84416.01,84391.49,84398.01,4.87307
2026-09-24 18:44:00,84398.01,84423.84,84398.0,84423.84,2.31883
2026-09-24 18:45:00,84423.84,84454.01,84420.0,84420.0,6.45456
2026-09-24 18:46:00,84420.0,84420.0,84394.0,84398.01,3.99355
2026-09-24 18:47:00,84398.0,84416.01,84367.8,84367.8,6.31131
2026-09-24 18:48:00,84367.81,84396.01,84367.81,84396.0,2.42146
2026-09-24 18:49:00,84396.0,84422.01,84378.0,84408.11,6.76643
2026-09-24 18:50:00,84408.11,84518.01,84408.11,84510.01,12.05327
2026-09-24 18:51:00,84510.0,84510.0,84466.0,84478.01,4.78608
2026-09-24 18:52:00,84478.01,84488.01,84478.01,84484.01,3.4818
2026-09-24 18:53:00,84484.01,84484.01,84441.54,84441.54,21.20701
2026-09-24 18:54:00,84441.55,84448.01,84416.0,84448.01,7.77965
2026-09-24 18:55:00,84448.01,84478.01,84448.0,84478.0,2.12561
2026-09-24 18:56:00,84478.0,84502.0,84478.0,84502.0,2.43601
2026-09-24 18:57:00,84502.0,84540.01,84502.0,84540.01,4.65727
2026-09-24 18:58:00,84540.01,84540.01,84494.0,84495.36,13.89021
2026-09-24 18:59:00,84495.36,84496.01,84460.0,84476.01,5.31882
2026-09-24 19:00:00,84476.01,84504.02,84453.39,84458.0,13.66667
2026-09-24 19:01:00,84458.0,84458.01,84370.27,84380.64,13.5727
2026-09-24 19:02:00,84380.65,84408.01,84340.48,84344.01,6.48163
2026-09-24 19:03:00,84344.01,84360.01,84318.0,84318.01,11.30147
2026-09-24 19:04:00,84318.01,84324.72,84304.0,84316.01,4.09341
2026-09-24 19:05:00,84316.0,84340.01,84298.0,84340.01,5.83105
2026-09-24 19:06:00,84340.01,84366.01,84340.0,84366.0,4.84524
2026-09-24 19:07:00,84366.0,84429.27,84351.14,84429.27,9.38224
2026-09-24 19:08:00,84429.27,84473.58,84429.26,84458.86,12.54405
2026-09-24 19:09:00,84458.86,84495.6,84444.0,84495.6,4.38032
2026-09-24 19:10:00,84495.59,84506.01,84478.0,84486.01,13.15983
2026-09-24 19:11:00,84486.01,84520.01,84482.01,84520.0,6.09463
2026-09-24 19:12:00,84520.0,84540.01,84520.0,84540.0,8.51414
2026-09-24 19:13:00,84540.0,84599.75,84540.0,84594.48,26.76741
2026-09-24 19:14:00,84594.49,84629.72,84580.0,84583.99,29.91725
2026-09-24 19:15:00,84584.0,84596.01,84545.61,84545.62,4.96787
2026-09-24 19:16:00,84545.61,84558.01,84540.0,84558.0,2.41832
2026-09-24 19:17:00,84558.01,84622.01,84558.0,84589.26,12.52255
2026-09-24 19:18:00,84589.26,84606.0,84578.0,84603.99,10.46105
2026-09-24 19:19:00,84603.99,84615.23,84553.21,84615.22,26.07723
2026-09-24 19:20:00,84615.22,84615.23,84578.01,84578.01,18.98308
2026-09-24 19:21:00,84578.01,84578.02,84555.65,84572.01,5.99601
2026-09-24 19:22:00,84572.01,84600.0,84569.44,84600.0,3.8686
2026-09-24 19:23:00,84600.0,84624.01,84594.14,84624.0,2.97008
2026-09-24 19:24:00,84624.0,84631.5,84624.0,84631.49,9.48685
2026-09-24 19:25:00,84631.5,84656.58,84631.49,84656.57,5.46897
2026-09-24 19:26:00,84656.58,84660.0,84617.2,84625.8,9.15715
2026-09-24 19:27:00,84625.8,84638.75,84625.8,84627.24,3.67543
2026-09-24 19:28:00,84627.24,84644.01,84620.0,84638.8,9.7354
2026-09-24 19:29:00,84638.8,84646.12,84637.73,84643.87,2.88177
2026-09-24 19:30:00,84643.87,84643.88,84588.0,84619.9,9.29719
2026-09-24 19:31:00,84619.91,84626.01,84586.0,84600.03,8.75973
2026-09-24 19:32:00,84600.88,84606.03,84576.0,84585.77,5.55104
2026-09-24 19:33:00,84585.77,84608.01,84580.0,84608.01,7.91282
2026-09-24 19:34:00,84608.0,84632.01,84608.0,84632.01,5.13305
2026-09-24 19:35:00,84632.0,84632.0,84572.0,84580.96,13.23517
2026-09-24 19:36:00,84580.95,84586.01,84562.86,84563.09,5.91034
2026-09-24 19:37:00,84563.08,84563.08,84502.13,84505.7,11.94252
2026-09-24 19:38:00,84505.71,84520.01,84505.71,84520.01,5.05616
2026-09-24 19:39:00,84520.0,84522.34,84485.68,84486.01,9.16913
2026-09-24 19:40:00,84486.01,84497.01,84444.0,84450.93,26.2574
2026-09-24 19:41:00,84450.93,84466.01,84441.23,84466.01,11.58029
2026-09-24 19:42:00,84466.0,84466.01,84451.4,84451.41,7.65524
2026-09-24 19:43:00,84451.4,84451.41,84416.12,84439.64,21.40984
2026-09-24 19:44:00,84439.64,84492.36,84439.63,84451.24,10.8368
2026-09-24 19:45:00,84451.24,84491.2,84439.13,84491.19,9.98608
2026-09-24 19:46:00,84491.19,84498.01,84440.01,84440.02,8.08345
2026-09-24 19:47:00,84440.01,84467.79,84440.0,84462.3,9.62809
2026-09-24 19:48:00,84462.29,84478.0,84451.04,84478.0,15.31058
2026-09-24 19:49:00,84478.01,84520.01,84478.0,84520.01,6.05236
2026-09-24 19:50:00,84520.01,84571.15,84520.01,84564.0,19.1155
2026-09-24 19:51:00,84564.0,84576.9,84559.21,84559.22,13.39517
2026-09-24 19:52:00,84559.22,84559.42,84534.85,84534.85,3.24541
2026-09-24 19:53:00,84534.85,84534.85,84497.03,84527.59,7.7952
2026-09-24 19:54:00,84527.59,84544.96,84527.58,84542.0,3.84452
2026-09-24 19:55:00,84542.0,84542.01,84510.12,84516.0,9.57654
2026-09-24 19:56:00,84516.0,84516.0,84390.9,84391.5,25.16412
2026-09-24 19:57:00,84391.49,84400.0,84372.34,84372.35,11.22963
2026-09-24 19:58:00,84372.34,84384.02,84309.06,84316.17,18.18563
2026-09-24 19:59:00,84316.17,84414.05,84316.16,84412.65,30.84102
2026-09-24 20:00:00,84412.64,84412.64,84348.08,84386.7,17.34502
2026-09-24 20:01:00,84386.69,84386.69,84334.18,84334.18,13.34713
2026-09-24 20:02:00,84334.19,84390.0,84334.18,84387.28,15.3181
2026-09-24 20:03:00,84387.28,84395.0,84348.82,84394.99,26.28068
2026-09-24 20:04:00,84394.99,84442.61,84393.26,84393.27,12.35326
2026-09-24 20:05:00,84393.28,84393.28,84344.0,84344.01,5.42204
2026-09-24 20:06:00,84344.0,84358.0,84303.88,84357.99,7.56496
2026-09-24 20:07:00,84357.99,84383.74,84357.99,84383.73,4.7156
2026-09-24 20:08:00,84383.73,84427.99,84346.0,84426.0,10.39488
2026-09-24 20:09:00,84426.0,84426.01,84403.66,84411.71,3.4627
2026-09-24 20:10:00,84411.71,84411.71,84402.1,84405.99,3.1836
2026-09-24 20:11:00,84405.99,84421.19,84402.83,84402.83,5.04489
2026-09-24 20:12:00,84402.83,84402.83,84356.83,84364.01,8.76941
2026-09-24 20:13:00,84364.0,84364.01,84313.41,84313.41,4.80352
2026-09-24 20:14:00,84313.42,84313.42,84244.0,84250.0,15.80792
2026-09-24 20:15:00,84250.01,84267.86,84250.01,84267.85,4.41109
2026-09-24 20:16:00,84267.85,84267.85,84221.0,84249.38,13.14692
2026-09-24 20:17:00,84249.38,84283.81,84239.7,84283.81,6.4147
2026-09-24 20:18:00,84283.8,84300.01,84280.37,84300.0,4.03281
2026-09-24 20:19:00,84300.0,84317.91,84300.0,84309.42,2.61301
2026-09-24 20:20:00,84309.42,84309.42,84241.01,84244.0,27.44335
2026-09-24 20:21:00,84244.01,84251.93,84235.06,84235.07,2.56537
2026-09-24 20:22:00,84235.07,84275.66,84226.0,84270.01,8.81094
2026-09-24 20:23:00,84270.01,84270.01,84227.34,84227.34,3.84593
2026-09-24 20:24:00,84227.34,84227.35,84200.0,84200.01,17.06323
2026-09-24 20:25:00,84200.0,84212.01,84170.0,84212.01,7.36664
2026-09-24 20:26:00,84212.01,84230.29,84212.0,84230.29,3.0539
2026-09-24 20:27:00,84230.29,84260.01,84230.29,84246.87,3.80398
2026-09-24 20:28:00,84246.87,84292.01,84246.87,84292.01,7.06844
2026-09-24 20:29:00,84292.0,84292.0,84260.0,84266.0,5.70246
2026-09-24 20:30:00,84266.01,84268.0,84206.0,84230.99,9.26727
2026-09-24 20:31:00,84230.99,84244.01,84230.99,84244.01,24.822
2026-09-24 20:32:00,84244.01,84245.0,84235.36,84235.36,10.76365
2026-09-24 20:33:00,84235.36,84235.37,84216.0,84217.0,10.20805
2026-09-24 20:34:00,84217.0,84252.01,84208.0,84252.0,5.44985
2026-09-24 20:35:00,84252.01,84270.01,84250.0,84270.01,13.35025
2026-09-24 20:36:00,84270.01,84288.01,84270.0,84288.0,0.77921
2026-09-24 20:37:00,84288.01,84304.01,84278.0,84290.01,5.21929
2026-09-24 20:38:00,84290.01,84330.01,84290.0,84330.0,5.12592
2026-09-24 20:39:00,84330.0,84370.01,84330.0,84370.0,5.72768
2026-09-24 20:40:00,84370.01,84412.82,84370.01,84400.01,45.64474
2026-09-24 20:41:00,84400.01,84412.01,84400.0,84400.0,3.85699
2026-09-24 20:42:00,84400.01,84401.37,84400.0,84401.36,0.72764
2026-09-24 20:43:00,84401.36,84401.37,84401.36,84401.37,0.77503
2026-09-24 20:44:00,84401.36,84401.37,84387.32,84387.33,5.53589
2026-09-24 20:45:00,84387.33,84398.01,84387.32,84398.0,1.11613
2026-09-24 20:46:00,84398.01,84446.01,84398.0,84446.01,2.6971
2026-09-24 20:47:00,84446.0,84446.01,84396.01,84396.01,7.00384
2026-09-24 20:48:00,84396.01,84396.02,84374.01,84380.0,4.60197
2026-09-24 20:49:00,84380.01,84500.0,84380.0,84480.01,89.48788
2026-09-24 20:50:00,84480.0,84480.01,84458.98,84463.06,4.00575
2026-09-24 20:51:00,84463.06,84463.06,84460.6,84460.61,0.84601
2026-09-24 20:52:00,84460.61,84460.61,84416.74,84428.47,8.01402
2026-09-24 20:53:00,84428.47,84428.47,84412.0,84412.0,4.20334
2026-09-24 20:54:00,84412.0,84412.0,84363.61,84364.0,13.03041
2026-09-24 20:55:00,84364.0,84370.01,84272.0,84283.42,16.43123
2026-09-24 20:56:00,84283.42,84327.75,84283.41,84327.75,5.60414
2026-09-24 20:57:00,84327.75,84327.75,84293.12,84293.13,4.23146
2026-09-24 20:58:00,84293.13,84363.54,84293.13,84360.83,21.78549
2026-09-24 20:59:00,84360.83,84371.63,84360.83,84371.63,2.69989
2026-09-24 21:00:00,84371.62,84391.5,84371.62,84391.5,5.09326
2026-09-24 21:01:00,84391.49,84391.5,84360.83,84370.02,8.79974
2026-09-24 21:02:00,84370.02,84404.01,84354.93,84354.93,11.32439
2026-09-24 21:03:00,84354.93,84357.39,84347.38,84350.65,3.16453
2026-09-24 21:04:00,84350.65,84350.66,84346.0,84346.01,1.9439
2026-09-24 21:05:00,84346.0,84346.01,84338.25,84338.25,2.77133
2026-09-24 21:06:00,84338.26,84338.26,84290.0,84311.46,8.8292
2026-09-24 21:07:00,84311.47,84330.01,84309.42,84324.01,6.39079
2026-09-24 21:08:00,84324.0,84361.92,84324.0,84354.69,27.46272
2026-09-24 21:09:00,84354.69,84369.91,84354.69,84356.24,24.46882
2026-09-24 21:10:00,84356.24,84366.25,84349.37,84366.25,40.41296
2026-09-24 21:11:00,84366.25,84366.25,84360.69,84360.7,21.51599
2026-09-24 21:12:00,84360.69,84365.0,84360.69,84364.99,2.34221
2026-09-24 21:13:00,84365.0,84382.01,84354.0,84354.01,14.99874
2026-09-24 21:14:00,84354.01,84354.01,84340.0,84340.0,3.5738
2026-09-24 21:15:00,84340.01,84380.0,84336.0,84379.99,5.54961
2026-09-24 21:16:00,84380.0,84391.5,84379.99,84391.49,0.91362
2026-09-24 21:17:00,84391.49,84391.5,84390.61,84390.62,3.05608
2026-09-24 21:18:00,84390.62,84432.37,84390.61,84421.03,9.96301
2026-09-24 21:19:00,84421.03,84428.89,84419.15,84419.16,2.34248
2026-09-24 21:20:00,84419.16,84460.87,84419.16,84440.0,11.75774
2026-09-24 21:21:00,84440.01,84440.01,84434.0,84434.01,4.80263
2026-09-24 21:22:00,84434.01,84434.01,84420.0,84420.0,2.23398
2026-09-24 21:23:00,84420.0,84420.01,84414.84,84414.84,3.85043
2026-09-24 21:24:00,84414.85,84414.85,84414.84,84414.84,3.69808
2026-09-24 21:25:00,84414.85,84430.03,84414.84,84430.03,4.50127
2026-09-24 21:26:00,84430.03,84430.03,84430.02,84430.03,0.69471
2026-09-24 21:27:00,84430.02,84447.81,84428.0,84447.8,7.80112
2026-09-24 21:28:00,84447.8,84447.81,84426.84,84426.84,7.8347
2026-09-24 21:29:00,84426.84,84426.85,84426.84,84426.84,3.13535
2026-09-24 21:30:00,84426.84,84426.85,84426.84,84426.84,1.79085
2026-09-24 21:31:00,84426.84,84450.92,84426.84,84450.92,7.1019
2026-09-24 21:32:00,84450.91,84479.92,84450.91,84479.92,7.64633
2026-09-24 21:33:00,84479.91,84494.01,84479.91,84494.01,6.01664
2026-09-24 21:34:00,84494.01,84494.01,84494.0,84494.01,1.95591
2026-09-24 21:35:00,84494.0,84500.01,84494.0,84500.01,5.89903
2026-09-24 21:36:00,84500.01,84501.16,84500.01,84501.16,1.12149
2026-09-24 21:37:00,84501.16,84501.16,84454.61,84454.61,11.67829
2026-09-24 21:38:00,84454.61,84454.61,84418.0,84436.9,15.72993
2026-09-24 21:39:00,84436.91,84437.01,84424.59,84424.6,3.32168
2026-09-24 21:40:00,84424.59,84453.65,84424.59,84439.44,5.20128
2026-09-24 21:41:00,84439.44,84487.78,84439.43,84487.78,8.52256
2026-09-24 21:42:00,84487.79,84490.01,84481.98,84481.99,7.98171
2026-09-24 21:43:00,84481.98,84482.02,84452.45,84470.03,9.12911
2026-09-24 21:44:00,84470.03,84488.92,84469.0,84488.92,5.47655
2026-09-24 21:45:00,84488.92,84492.01,84452.01,84464.0,7.19878
2026-09-24 21:46:00,84464.0,84477.79,84460.7,84477.78,3.01621
2026-09-24 21:47:00,84477.78,84477.79,84443.43,84443.43,5.85308
2026-09-24 21:48:00,84443.44,84460.01,84443.43,84447.41,4.76939
2026-09-24 21:49:00,84447.41,84447.41,84408.2,84414.91,16.61159
2026-09-24 21:50:00,84414.91,84428.02,84414.9,84428.02,2.72287
2026-09-24 21:51:00,84428.02,84428.02,84426.01,84426.01,2.02972
2026-09-24 21:52:00,84426.01,84426.02,84416.1,84426.02,3.01485
2026-09-24 21:53:00,84426.02,84426.02,84426.01,84426.01,1.67058
2026-09-24 21:54:00,84426.01,84426.02,84408.49,84408.49,2.20123
2026-09-24 21:55:00,84408.5,84408.5,84375.16,84378.01,5.89117
2026-09-24 21:56:00,84378.01,84378.01,84378.0,84378.0,0.71276
2026-09-24 21:57:00,84378.0,84378.01,84378.0,84378.01,0.70457
2026-09-24 21:58:00,84378.0,84378.0,84353.19,84353.2,6.58475
2026-09-24 21:59:00,84353.19,84353.2,84340.01,84350.0,5.09772
2026-09-24 22:00:00,84350.0,84350.0,84294.91,84296.01,14.19658
2026-09-24 22:01:00,84296.0,84296.0,84247.37,84286.01,11.51909
2026-09-24 22:02:00,84286.01,84319.65,84272.28,84319.65,9.96095
2026-09-24 22:03:00,84319.65,84355.67,84319.64,84355.66,2.27593
2026-09-24 22:04:00,84355.67,84368.01,84344.0,84365.4,4.49973
2026-09-24 22:05:00,84365.4,84365.4,84273.88,84273.88,8.58389
2026-09-24 22:06:00,84273.89,84316.01,84272.0,84306.54,4.64608
2026-09-24 22:07:00,84306.54,84338.01,84282.0,84338.0,4.58676
2026-09-24 22:08:00,84338.0,84338.01,84326.0,84326.01,3.10311
2026-09-24 22:09:00,84326.0,84337.47,84326.0,84337.47,2.15207
2026-09-24 22:10:00,84337.47,84345.59,84330.82,84337.46,2.79854
2026-09-24 22:11:00,84338.38,84338.38,84328.0,84328.01,1.40327
2026-09-24 22:12:00,84328.01,84352.01,84328.0,84352.01,3.51473
2026-09-24 22:13:00,84352.01,84353.4,84329.53,84329.53,8.74278
2026-09-24 22:14:00,84329.54,84343.37,84325.0,84333.97,14.90009
2026-09-24 22:15:00,84333.97,84334.02,84327.91,84334.01,9.66887
2026-09-24 22:16:00,84334.02,84334.02,84249.94,84249.94,21.58101
2026-09-24 22:17:00,84249.95,84249.95,84198.0,84199.7,19.30108
2026-09-24 22:18:00,84199.71,84199.77,84138.0,84147.22,46.80623
2026-09-24 22:19:00,84147.22,84147.32,83948.43,84025.18,58.99781
2026-09-24 22:20:00,84025.17,84063.19,84017.44,84054.77,7.4164
2026-09-24 22:21:00,84054.14,84072.34,84038.05,84072.33,5.27885
2026-09-24 22:22:00,84072.34,84095.88,84071.99,84095.88,9.86575
2026-09-24 22:23:00,84095.88,84111.63,84070.89,84074.94,7.51482
2026-09-24 22:24:00,84074.94,84152.01,84070.57,84152.01,19.38548
2026-09-24 22:25:00,84152.01,84177.42,84152.0,84177.2,12.4104
2026-09-24 22:26:00,84177.2,84179.81,84142.57,84161.99,11.98857
2026-09-24 22:27:00,84162.0,84178.01,84151.96,84157.35,9.69976
2026-09-24 22:28:00,84157.35,84158.01,84151.01,84151.02,3.40695
2026-09-24 22:29:00,84151.02,84151.02,84124.4,84129.52,6.91587
2026-09-24 22:30:00,84129.51,84147.66,84129.51,84142.99,2.75194
2026-09-24 22:31:00,84142.99,84181.81,84142.99,84179.01,4.37524
2026-09-24 22:32:00,84179.0,84179.01,84138.72,84145.46,9.17983
2026-09-24 22:33:00,84145.47,84190.59,84145.47,84190.49,9.09719
2026-09-24 22:34:00,84190.48,84190.49,84186.0,84186.0,1.84536
2026-09-24 22:35:00,84186.0,84193.62,84155.71,84155.71,8.50626
2026-09-24 22:36:00,84155.71,84168.01,84155.71,84158.9,6.48808
2026-09-24 22:37:00,84158.91,84158.91,84150.0,84150.0,5.98825
2026-09-24 22:38:00,84150.01,84150.01,84124.0,84125.35,12.15704
2026-09-24 22:39:00,84125.35,84125.36,84120.0,84120.01,7.40242
2026-09-24 22:40:00,84120.0,84120.0,84068.74,84074.54,15.61721
2026-09-24 22:41:00,84074.54,84090.47,84074.53,84090.47,2.12475
2026-09-24 22:42:00,84090.46,84107.39,84090.46,84107.39,0.91484
2026-09-24 22:43:00,84107.39,84140.01,84107.39,84140.0,1.39398
2026-09-24 22:44:00,84140.01,84150.01,84116.52,84150.01,22.77076
2026-09-24 22:45:00,84150.01,84150.01,84143.83,84150.01,11.3196
2026-09-24 22:46:00,84150.01,84169.44,84146.36,84169.44,3.63037
2026-09-24 22:47:00,84169.43,84227.35,84169.43,84227.35,6.37046
2026-09-24 22:48:00,84227.34,84227.35,84216.0,84222.0,3.89952
2026-09-24 22:49:00,84222.01,84244.32,84216.63,84244.32,5.23574
2026-09-24 22:50:00,84244.31,84244.32,84244.31,84244.32,0.60485
2026-09-24 22:51:00,84244.32,84244.32,84228.0,84236.01,4.49076
2026-09-24 22:52:00,84236.01,84248.63,84236.0,84248.62,1.14402
2026-09-24 22:53:00,84248.63,84248.63,84242.01,84242.02,3.95054
2026-09-24 22:54:00,84242.02,84248.63,84242.01,84248.62,2.83884
2026-09-24 22:55:00,84248.62,84254.94,84248.62,84254.01,2.74413
2026-09-24 22:56:00,84254.0,84254.0,84240.0,84240.01,2.01987
2026-09-24 22:57:00,84240.0,84254.01,84240.0,84254.0,6.34774
2026-09-24 22:58:00,84254.0,84254.01,84240.01,84240.02,3.80197
2026-09-24 22:59:00,84240.02,84277.32,84236.01,84277.32,8.15349
2026-09-24 23:00:00,84277.32,84295.89,84277.32,84295.89,4.63756
2026-09-24 23:01:00,84295.88,84305.49,84272.04,84274.0,19.18594
2026-09-24 23:02:00,84274.0,84290.53,84274.0,84290.52,2.02601
2026-09-24 23:03:00,84290.53,84317.29,84290.52,84317.28,5.60572
2026-09-24 23:04:00,84317.28,84320.0,84317.27,84320.0,3.1403
2026-09-24 23:05:00,84320.01,84350.01,84320.0,84348.4,3.35178
2026-09-24 23:06:00,84349.99,84364.98,84349.99,84364.98,3.88272
2026-09-24 23:07:00,84365.1,84373.37,84364.0,84373.36,4.79829
2026-09-24 23:08:00,84373.37,84373.37,84354.0,84354.01,8.18132
2026-09-24 23:09:00,84354.01,84354.01,84344.0,84347.97,2.46214
2026-09-24 23:10:00,84347.96,84371.62,84347.96,84366.0,2.53022
2026-09-24 23:11:00,84366.01,84366.01,84366.0,84366.01,1.21782
2026-09-24 23:12:00,84366.01,84368.27,84269.99,84272.01,11.61595
2026-09-24 23:13:00,84272.0,84300.01,84272.0,84300.01,2.28652
2026-09-24 23:14:00,84300.01,84306.72,84300.0,84306.72,1.2603
2026-09-24 23:15:00,84306.72,84308.01,84294.0,84294.01,2.55524
2026-09-24 23:16:00,84294.01,84336.01,84294.0,84336.0,2.66708
2026-09-24 23:17:00,84336.01,84336.01,84334.0,84336.0,1.82036
2026-09-24 23:18:00,84336.0,84354.01,84333.93,84346.0,3.51128
2026-09-24 23:19:00,84346.0,84349.09,84332.63,84348.89,5.93554
2026-09-24 23:20:00,84348.89,84353.71,84341.63,84345.12,4.13001
2026-09-24 23:21:00,84345.12,84376.89,84345.12,84376.89,5.34371
2026-09-24 23:22:00,84376.88,84385.7,84376.88,84385.69,6.35675
2026-09-24 23:23:00,84385.7,84385.7,84385.69,84385.7,1.45467
2026-09-24 23:24:00,84385.69,84391.5,84385.69,84391.49,2.992
2026-09-24 23:25:00,84391.49,84402.3,84391.49,84401.69,4.92743
2026-09-24 23:26:00,84401.68,84414.01,84401.68,84414.0,1.46186
2026-09-24 23:27:00,84414.0,84437.46,84414.0,84437.46,3.47526
2026-09-24 23:28:00,84437.45,84443.36,84435.26,84443.36,6.55848
2026-09-24 23:29:00,84443.36,84443.36,84435.25,84435.26,3.45135
2026-09-24 23:30:00,84435.26,84435.26,84435.25,84435.26,0.79328
2026-09-24 23:31:00,84435.26,84435.26,84435.25,84435.25,0.8034
2026-09-24 23:32:00,84435.26,84450.0,84429.11,84429.11,5.30165
2026-09-24 23:33:00,84429.12,84446.0,84429.11,84446.0,3.48359
2026-09-24 23:34:00,84445.99,84446.0,84445.01,84445.02,1.11467
2026-09-24 23:35:00,84445.01,84450.0,84445.01,84449.99,3.43863
2026-09-24 23:36:00,84449.99,84466.68,84449.99,84466.68,1.33409
2026-09-24 23:37:00,84466.67,84466.7,84456.0,84456.0,3.64675
2026-09-24 23:38:00,84456.0,84473.58,84456.0,84473.57,1.74113
2026-09-24 23:39:00,84473.57,84473.58,84437.49,84437.49,6.0924
2026-09-24 23:40:00,84437.49,84442.89,84437.49,84442.89,2.2035
2026-09-24 23:41:00,84442.88,84455.87,84442.88,84455.87,2.40557
2026-09-24 23:42:00,84455.87,84455.87,84451.35,84451.36,3.10686
2026-09-24 23:43:00,84451.35,84451.36,84418.74,84420.0,24.1237
2026-09-24 23:44:00,84420.0,84447.36,84412.07,84412.08,31.13041
2026-09-24 23:45:00,84412.08,84417.64,84407.56,84410.0,3.67141
2026-09-24 23:46:00,84410.0,84410.0,84407.56,84407.57,2.09603
2026-09-24 23:47:00,84407.57,84410.0,84407.56,84409.99,4.4083
2026-09-24 23:48:00,84410.0,84410.0,84409.99,84409.99,1.46959
2026-09-24 23:49:00,84409.99,84410.0,84388.66,84408.3,6.23148
2026-09-24 23:50:00,84408.3,84445.92,84408.3,84445.92,4.33038
2026-09-24 23:51:00,84445.91,84445.91,84409.32,84412.62,3.41593
2026-09-24 23:52:00,84412.62,84415.64,84412.61,84415.64,1.54896
2026-09-24 23:53:00,84415.63,84420.01,84415.63,84420.01,0.5079
2026-09-24 23:54:00,84420.0,84420.0,84380.01,84382.0,7.93893
2026-09-24 23:55:00,84382.0,84383.37,84382.0,84383.37,3.3199
2026-09-24 23:56:00,84383.36,84397.78,84383.36,84397.77,1.46311
2026-09-24 23:57:00,84397.78,84413.87,84397.77,84401.13,4.09975
2026-09-24 23:58:00,84401.13,84401.13,84401.12,84401.12,0.67173
2026-09-24 23:59:00,84401.12,84413.13,84401.12,84410.24,2.19477
2026-09-25 00:00:00,84410.24,84420.01,84410.24,84420.01,2.99098
2026-09-25 00:01:00,84420.0,84443.44,84420.0,84438.0,9.45055
2026-09-25 00:02:00,84438.0,84458.98,84437.99,84458.97,2.96436
2026-09-25 00:03:00,84458.98,84500.0,84458.98,84496.01,7.85437
2026-09-25 00:04:00,84496.01,84519.88,84496.0,84519.88,6.91892
2026-09-25 00:05:00,84519.87,84548.26,84516.93,84548.26,26.80928
2026-09-25 00:06:00,84548.26,84548.26,84492.0,84492.01,7.21865
2026-09-25 00:07:00,84492.0,84544.48,84492.0,84540.01,6.96809
2026-09-25 00:08:00,84540.01,84637.74,84540.0,84637.73,23.49805
2026-09-25 00:09:00,84637.74,84718.02,84635.36,84711.32,18.94588
2026-09-25 00:10:00,84711.33,84712.01,84600.17,84610.0,14.36098
2026-09-25 00:11:00,84610.01,84666.01,84598.0,84641.58,8.28479
2026-09-25 00:12:00,84641.58,84660.01,84636.88,84638.17,5.01064
2026-09-25 00:13:00,84638.16,84654.19,84637.73,84651.51,2.1393
2026-09-25 00:14:00,84651.51,84660.01,84646.68,84657.87,3.24478
2026-09-25 00:15:00,84657.86,84657.87,84604.0,84621.04,6.1258
2026-09-25 00:16:00,84621.04,84621.04,84603.42,84620.07,2.95933
2026-09-25 00:17:00,84620.07,84620.07,84593.91,84593.92,2.92546
2026-09-25 00:18:00,84593.91,84593.91,84562.0,84562.0,5.21234
2026-09-25 00:19:00,84562.0,84566.6,84549.55,84560.42,4.34193
2026-09-25 00:20:00,84560.42,84602.01,84560.42,84586.56,4.19182
2026-09-25 00:21:00,84586.56,84586.56,84562.72,84584.0,2.55049
2026-09-25 00:22:00,84584.01,84609.52,84580.0,84609.51,3.43358
2026-09-25 00:23:00,84609.51,84651.17,84609.51,84651.16,3.4833
2026-09-25 00:24:00,84651.16,84651.16,84626.0,84626.0,7.03349
2026-09-25 00:25:00,84626.0,84632.52,84609.29,84632.52,5.23931
2026-09-25 00:26:00,84633.29,84646.12,84600.45,84611.75,6.48518
2026-09-25 00:27:00,84611.75,84663.01,84605.05,84663.01,43.98218
2026-09-25 00:28:00,84663.01,84675.01,84641.29,84675.0,71.61761
2026-09-25 00:29:00,84675.0,84675.1,84669.0,84673.41,70.49094
2026-09-25 00:30:00,84673.41,84673.42,84582.85,84582.85,10.23865
2026-09-25 00:31:00,84582.85,84582.85,84555.65,84555.65,6.47072
2026-09-25 00:32:00,84555.66,84591.63,84555.65,84579.58,9.77652
2026-09-25 00:33:00,84579.59,84602.04,84570.57,84601.21,6.93191
2026-09-25 00:34:00,84601.21,84634.09,84579.73,84579.83,6.12845
2026-09-25 00:35:00,84579.82,84597.43,84563.38,84563.38,6.51407
2026-09-25 00:36:00,84563.38,84625.29,84547.92,84614.68,12.60908
2026-09-25 00:37:00,84614.68,84630.01,84594.0,84604.24,2.84555
2026-09-25 00:38:00,84604.24,84610.01,84592.0,84610.01,1.59502
2026-09-25 00:39:00,84610.01,84610.96,84592.01,84610.95,3.46804
2026-09-25 00:40:00,84610.96,84651.73,84610.95,84651.73,3.76867
2026-09-25 00:41:00,84651.74,84675.05,84651.74,84675.05,4.82288
2026-09-25 00:42:00,84675.05,84687.58,84636.01,84636.01,29.58664
2026-09-25 00:43:00,84636.0,84636.01,84617.24,84636.0,13.02981
2026-09-25 00:44:00,84636.01,84636.01,84598.86,84598.86,3.28937
2026-09-25 00:45:00,84598.87,84610.0,84582.0,84582.01,2.10689
2026-09-25 00:46:00,84582.01,84621.5,84582.01,84615.27,4.37206
2026-09-25 00:47:00,84615.41,84622.01,84586.93,84590.07,4.31836
2026-09-25 00:48:00,84590.08,84608.01,84571.79,84608.0,6.11821
2026-09-25 00:49:00,84608.0,84656.0,84606.64,84655.99,3.30244
2026-09-25 00:50:00,84655.99,84655.99,84610.0,84610.0,6.23779
2026-09-25 00:51:00,84610.01,84638.49,84596.0,84638.48,3.15321
2026-09-25 00:52:00,84638.48,84638.49,84605.03,84605.03,2.71979
2026-09-25 00:53:00,84605.04,84608.01,84588.48,84608.01,4.0374
2026-09-25 00:54:00,84608.01,84668.0,84608.0,84652.42,3.56503
2026-09-25 00:55:00,84652.41,84652.42,84626.81,84627.01,3.136
2026-09-25 00:56:00,84627.0,84633.16,84619.89,84619.9,2.86041
2026-09-25 00:57:00,84619.9,84637.54,84592.02,84592.02,4.89742
2026-09-25 00:58:00,84592.02,84608.0,84576.0,84576.01,21.82143
2026-09-25 00:59:00,84576.01,84590.01,84564.96,84590.01,2.58673
2026-09-25 01:00:00,84590.01,84602.01,84578.07,84597.49,9.07137
2026-09-25 01:01:00,84597.5,84642.01,84597.49,84642.01,2.77636
2026-09-25 01:02:00,84642.01,84694.94,84642.0,84694.94,46.28089
2026-09-25 01:03:00,84694.94,84694.94,84689.0,84689.01,12.82424
2026-09-25 01:04:00,84689.01,84719.82,84678.0,84688.0,31.87059
2026-09-25 01:05:00,84687.99,84688.0,84669.96,84678.46,37.15475
2026-09-25 01:06:00,84678.47,84678.47,84664.2,84677.4,4.44873
2026-09-25 01:07:00,84677.4,84716.95,84677.4,84690.66,10.27284
2026-09-25 01:08:00,84690.66,84741.5,84690.65,84721.49,14.20784
2026-09-25 01:09:00,84721.49,84727.32,84721.49,84724.92,2.72781
2026-09-25 01:10:00,84724.91,84749.0,84724.91,84747.84,10.91372
2026-09-25 01:11:00,84747.83,84796.51,84746.78,84796.51,6.89236
2026-09-25 01:12:00,84796.51,84796.51,84724.45,84724.45,21.24734
2026-09-25 01:13:00,84724.46,84738.57,84719.81,84728.28,14.07551
2026-09-25 01:14:00,84728.27,84728.46,84700.02,84700.03,9.03004
2026-09-25 01:15:00,84700.02,84717.74,84699.99,84717.7,5.13854
2026-09-25 01:16:00,84717.7,84717.74,84666.64,84686.0,18.31475
2026-09-25 01:17:00,84686.01,84753.01,84686.01,84737.13,9.27465
2026-09-25 01:18:00,84737.13,84737.13,84694.25,84723.86,12.42179
2026-09-25 01:19:00,84723.86,84723.86,84679.03,84685.26,7.61255
2026-09-25 01:20:00,84685.27,84685.27,84645.59,84645.59,4.29262
2026-09-25 01:21:00,84645.59,84667.57,84639.19,84667.57,7.44559
2026-09-25 01:22:00,84667.57,84667.57,84612.09,84612.1,10.37846
2026-09-25 01:23:00,84612.1,84614.01,84568.0,84568.01,6.04068
2026-09-25 01:24:00,84568.0,84596.01,84566.89,84566.9,11.75003
2026-09-25 01:25:00,84566.9,84568.01,84510.36,84531.65,15.45305
2026-09-25 01:26:00,84531.65,84570.01,84528.0,84570.0,11.50495
2026-09-25 01:27:00,84570.01,84586.59,84562.65,84586.59,4.66793
2026-09-25 01:28:00,84586.59,84586.59,84542.0,84542.01,8.70877
2026-09-25 01:29:00,84542.0,84542.01,84511.68,84540.16,7.7434
2026-09-25 01:30:00,84540.16,84540.16,84418.84,84430.01,21.01214
2026-09-25 01:31:00,84430.0,84430.0,84377.74,84380.0,12.19547
2026-09-25 01:32:00,84380.01,84469.21,84380.0,84454.32,9.15047
2026-09-25 01:33:00,84454.31,84456.01,84420.0,84420.0,5.94278
2026-09-25 01:34:00,84420.01,84420.01,84395.6,84418.65,3.41388
2026-09-25 01:35:00,84418.65,84418.65,84380.0,84401.58,7.01354
2026-09-25 01:36:00,84401.58,84401.59,84366.0,84366.01,8.91827
2026-09-25 01:37:00,84366.0,84385.63,84366.0,84384.28,8.52411
2026-09-25 01:38:00,84384.27,84384.28,84378.0,84378.01,2.07161
2026-09-25 01:39:00,84378.01,84471.1,84378.0,84461.18,5.91381
2026-09-25 01:40:00,84461.17,84461.17,84423.8,84428.69,8.31488
2026-09-25 01:41:00,84428.7,84515.84,84428.7,84515.84,8.41044
2026-09-25 01:42:00,84516.01,84524.01,84516.0,84517.31,1.83691
2026-09-25 01:43:00,84517.31,84518.01,84506.0,84506.01,1.60942
2026-09-25 01:44:00,84506.01,84506.01,84479.69,84479.69,3.41204
2026-09-25 01:45:00,84479.69,84502.0,84479.69,84502.0,8.19903
2026-09-25 01:46:00,84502.0,84528.01,84500.44,84528.01,4.1897
2026-09-25 01:47:00,84528.02,84555.66,84502.12,84502.12,5.76798
2026-09-25 01:48:00,84502.13,84550.2,84502.12,84540.0,3.26906
2026-09-25 01:49:00,84540.01,84555.66,84536.29,84551.95,4.56631
2026-09-25 01:50:00,84551.95,84600.0,84544.0,84578.39,4.61144
2026-09-25 01:51:00,84578.38,84590.77,84566.0,84590.77,3.78756
2026-09-25 01:52:00,84590.78,84632.01,84590.78,84610.66,6.96916
2026-09-25 01:53:00,84610.65,84610.65,84550.0,84550.0,3.74655
2026-09-25 01:54:00,84550.0,84550.01,84529.89,84544.0,7.79294
2026-09-25 01:55:00,84544.01,84544.01,84517.18,84520.0,3.29998
2026-09-25 01:56:00,84520.01,84528.4,84505.44,84528.01,7.98582
2026-09-25 01:57:00,84528.0,84558.01,84526.27,84544.27,3.31216
2026-09-25 01:58:00,84544.27,84558.01,84541.39,84558.01,1.87617
2026-09-25 01:59:00,84558.01,84610.74,84558.0,84610.73,2.11605
2026-09-25 02:00:00,84610.74,84612.01,84584.0,84584.0,4.94651
2026-09-25 02:01:00,84584.01,84600.01,84572.0,84600.0,3.01995
2026-09-25 02:02:00,84600.0,84733.1,84600.0,84719.81,13.05752
2026-09-25 02:03:00,84719.82,84763.03,84719.81,84763.02,5.17175
2026-09-25 02:04:00,84763.03,84852.95,84756.89,84852.95,20.04087
2026-09-25 02:05:00,84852.94,84859.25,84827.47,84827.48,7.45655
2026-09-25 02:06:00,84827.47,84859.16,84791.99,84849.99,9.14735
2026-09-25 02:07:00,84849.99,84858.92,84816.63,84816.64,6.89191
2026-09-25 02:08:00,84816.63,84821.11,84768.53,84769.97,8.4039
2026-09-25 02:09:00,84769.97,84810.0,84764.9,84802.91,2.2166
2026-09-25 02:10:00,84802.91,84849.93,84801.89,84849.93,3.21784
2026-09-25 02:11:00,84849.92,84868.22,84849.92,84863.33,4.66828
2026-09-25 02:12:00,84863.32,84881.55,84863.32,84865.04,5.1173
2026-09-25 02:13:00,84865.04,84865.04,84834.52,84834.53,4.34254
2026-09-25 02:14:00,84834.52,84843.56,84827.51,84841.53,7.17769
2026-09-25 02:15:00,84841.54,84888.0,84737.81,84779.11,113.78703
2026-09-25 02:16:00,84779.11,84822.75,84775.84,84816.23,7.78465
2026-09-25 02:17:00,84816.23,84863.97,84816.23,84842.91,4.15344
2026-09-25 02:18:00,84842.9,84858.5,84831.3,84843.48,5.09401
2026-09-25 02:19:00,84843.47,84859.1,84832.5,84859.1,4.83029
2026-09-25 02:20:00,84859.1,84859.11,84813.58,84830.73,9.53882
2026-09-25 02:21:00,84830.73,84858.42,84830.73,84848.61,2.73838
2026-09-25 02:22:00,84848.62,84857.57,84807.47,84807.47,5.71924
2026-09-25 02:23:00,84807.48,84808.99,84792.36,84792.36,4.47064
2026-09-25 02:24:00,84792.37,84792.37,84769.93,84769.93,4.02556
2026-09-25 02:25:00,84769.94,84775.89,84749.55,84775.89,4.35123
2026-09-25 02:26:00,84775.89,84781.37,84775.88,84781.37,1.13991
2026-09-25 02:27:00,84781.37,84788.68,84744.85,84744.85,3.90071
2026-09-25 02:28:00,84744.86,84744.86,84674.84,84674.84,12.06957
2026-09-25 02:29:00,84674.85,84692.01,84650.0,84692.01,11.32856
2026-09-25 02:30:00,84692.0,84692.01,84674.27,84686.01,4.40607
2026-09-25 02:31:00,84686.0,84727.65,84686.0,84710.09,11.40359
2026-09-25 02:32:00,84710.08,84713.69,84690.0,84695.71,4.30657
2026-09-25 02:33:00,84695.71,84710.0,84695.7,84703.69,1.90613
2026-09-25 02:34:00,84703.69,84703.69,84631.81,84631.81,8.2127
2026-09-25 02:35:00,84631.81,84631.82,84616.44,84618.57,2.59573
2026-09-25 02:36:00,84618.58,84631.72,84499.35,84499.35,14.22407
2026-09-25 02:37:00,84499.35,84526.01,84492.0,84512.58,7.01865
2026-09-25 02:38:00,84512.58,84512.59,84450.0,84465.09,10.245
2026-09-25 02:39:00,84465.09,84465.09,84418.01,84448.05,7.93779
2026-09-25 02:40:00,84448.06,84460.74,84404.01,84404.02,10.06447
2026-09-25 02:41:00,84404.02,84435.71,84404.01,84426.26,2.9267
2026-09-25 02:42:00,84426.26,84468.03,84426.26,84468.03,4.71947
2026-09-25 02:43:00,84468.02,84500.0,84458.01,84487.7,9.81777
2026-09-25 02:44:00,84487.7,84504.01,84485.05,84485.06,7.96774
2026-09-25 02:45:00,84485.06,84485.06,84457.4,84457.4,2.57392
2026-09-25 02:46:00,84457.4,84457.4,84300.0,84309.42,37.19234
2026-09-25 02:47:00,84309.42,84309.43,84276.0,84287.78,8.82804
2026-09-25 02:48:00,84287.77,84314.0,84276.01,84314.0,3.44911
2026-09-25 02:49:00,84314.01,84344.01,84314.01,84344.0,4.36211
2026-09-25 02:50:00,84344.01,84344.01,84270.0,84274.89,6.53601
2026-09-25 02:51:00,84274.88,84274.89,84270.0,84270.0,2.28816
2026-09-25 02:52:00,84270.0,84295.98,84264.96,84295.98,12.21717
2026-09-25 02:53:00,84295.98,84296.55,84238.03,84248.01,11.41765
2026-09-25 02:54:00,84248.01,84248.01,84223.44,84227.36,14.53969
2026-09-25 02:55:00,84227.35,84250.27,84221.0,84221.01,5.07375
2026-09-25 02:56:00,84221.0,84230.01,84221.0,84221.01,4.1564
2026-09-25 02:57:00,84221.0,84258.01,84180.0,84188.01,44.07347
2026-09-25 02:58:00,84188.01,84230.91,84188.01,84228.2,6.99698
2026-09-25 02:59:00,84228.21,84228.21,84215.16,84226.16,5.99777
2026-09-25 03:00:00,84226.17,84234.87,84184.0,84218.95,8.67063
2026-09-25 03:01:00,84218.95,84231.74,84206.62,84213.16,4.75484
2026-09-25 03:02:00,84213.17,84213.17,84191.74,84191.75,2.2916
2026-09-25 03:03:00,84191.74,84217.86,84188.0,84217.86,3.35473
2026-09-25 03:04:00,84217.86,84262.01,84217.85,84262.01,2.94234
2026-09-25 03:05:00,84262.0,84304.01,84261.94,84303.95,9.56873
2026-09-25 03:06:00,84303.95,84304.01,84272.86,84272.87,9.66491
2026-09-25 03:07:00,84272.87,84297.08,84268.01,84297.08,5.02099
2026-09-25 03:08:00,84297.08,84310.01,84297.08,84310.01,4.74827
2026-09-25 03:09:00,84310.01,84328.01,84303.96,84325.31,17.62789
2026-09-25 03:10:00,84325.31,84325.31,84300.61,84309.42,18.56085
2026-09-25 03:11:00,84309.42,84328.01,84308.94,84323.55,11.26409
2026-09-25 03:12:00,84323.55,84324.01,84280.98,84299.53,14.67787
2026-09-25 03:13:00,84299.52,84299.52,84254.98,84260.71,11.1244
2026-09-25 03:14:00,84260.72,84260.72,84232.0,84253.93,28.70332
2026-09-25 03:15:00,84253.94,84326.01,84253.94,84326.0,7.75066
2026-09-25 03:16:00,84326.0,84326.01,84253.57,84253.57,6.09542
2026-09-25 03:17:00,84253.58,84279.62,84253.57,84279.62,4.90295
2026-09-25 03:18:00,84279.62,84283.36,84248.0,84248.0,4.37739
2026-09-25 03:19:00,84248.0,84248.01,84182.0,84230.0,16.28759
2026-09-25 03:20:00,84230.01,84244.42,84230.0,84240.01,3.23575
2026-09-25 03:21:00,84240.01,84268.01,84236.68,84236.69,4.23358
2026-09-25 03:22:00,84236.69,84256.01,84236.68,84256.01,2.06709
2026-09-25 03:23:00,84256.01,84266.34,84236.0,84236.0,3.17463
2026-09-25 03:24:00,84236.01,84248.61,84232.0,84232.01,3.27104
2026-09-25 03:25:00,84232.01,84265.94,84232.01,84243.08,3.20992
2026-09-25 03:26:00,84243.08,84244.01,84237.26,84244.0,1.98925
2026-09-25 03:27:00,84244.0,84244.01,84208.0,84208.0,3.8196
2026-09-25 03:28:00,84208.0,84208.0,84164.11,84164.12,5.86273
2026-09-25 03:29:00,84164.12,84172.01,84121.25,84146.01,25.97084
2026-09-25 03:30:00,84146.01,84151.71,84081.92,84081.92,19.39896
2026-09-25 03:31:00,84081.93,84131.8,84063.18,84131.8,5.14644
2026-09-25 03:32:00,84131.8,84194.9,84131.8,84194.9,3.01397
2026-09-25 03:33:00,84194.9,84222.01,84194.89,84210.0,3.50431
2026-09-25 03:34:00,84210.01,84230.77,84210.0,84230.76,3.48559
2026-09-25 03:35:00,84230.76,84230.77,84227.34,84227.34,2.40837
2026-09-25 03:36:00,84227.35,84230.01,84224.64,84230.0,3.53544
2026-09-25 03:37:00,84230.0,84287.87,84230.0,84287.8,8.44645
2026-09-25 03:38:00,84287.8,84314.0,84287.74,84314.0,7.3846
2026-09-25 03:39:00,84314.0,84335.5,84314.0,84335.5,8.78475
2026-09-25 03:40:00,84335.5,84385.1,84324.0,84324.01,15.98902
2026-09-25 03:41:00,84324.0,84324.0,84313.16,84321.93,4.67144
2026-09-25 03:42:00,84321.93,84321.93,84294.01,84294.02,5.2007
2026-09-25 03:43:00,84294.01,84296.15,84250.76,84250.77,5.24598
2026-09-25 03:44:00,84250.76,84250.77,84213.19,84213.2,4.16159
2026-09-25 03:45:00,84213.19,84213.19,84188.56,84188.56,2.72551
2026-09-25 03:46:00,84188.56,84188.85,84165.68,84188.85,3.53236
2026-09-25 03:47:00,84188.85,84198.01,84180.31,84188.29,4.30509
2026-09-25 03:48:00,84188.29,84208.01,84188.28,84208.01,1.48524
2026-09-25 03:49:00,84208.01,84211.57,84181.65,84184.36,5.17377
2026-09-25 03:50:00,84184.35,84227.7,84184.35,84227.7,4.19608
2026-09-25 03:51:00,84227.7,84227.7,84212.0,84212.01,1.99581
2026-09-25 03:52:00,84212.01,84226.01,84138.47,84190.43,32.53356
2026-09-25 03:53:00,84190.44,84195.28,84190.43,84195.28,0.73238
2026-09-25 03:54:00,84195.27,84195.28,84186.19,84186.2,2.65805
2026-09-25 03:55:00,84186.2,84212.62,84186.2,84212.62,3.11408
2026-09-25 03:56:00,84212.62,84222.0,84212.62,84221.99,0.81425
2026-09-25 03:57:00,84222.0,84233.9,84221.99,84233.9,2.50813
2026-09-25 03:58:00,84233.89,84235.89,84231.19,84235.88,2.22646
2026-09-25 03:59:00,84235.88,84235.88,84231.19,84231.19,3.50524
2026-09-25 04:00:00,84231.19,84231.2,84230.0,84230.01,1.74651
2026-09-25 04:01:00,84230.01,84230.01,84210.0,84210.01,2.85718
2026-09-25 04:02:00,84210.01,84216.01,84200.0,84200.0,3.90919
2026-09-25 04:03:00,84200.0,84200.01,84166.01,84166.02,8.09954
2026-09-25 04:04:00,84166.01,84166.02,84156.0,84157.35,2.61993
2026-09-25 04:05:00,84157.35,84182.01,84157.35,84178.01,3.05503
2026-09-25 04:06:00,84178.01,84181.51,84178.0,84181.5,0.95999
2026-09-25 04:07:00,84181.51,84225.42,84181.5,84225.42,10.8164
2026-09-25 04:08:00,84225.41,84225.42,84215.82,84215.82,2.40995
2026-09-25 04:09:00,84215.83,84215.83,84215.82,84215.83,1.00909
2026-09-25 04:10:00,84215.82,84229.74,84150.0,84153.01,18.14146
2026-09-25 04:11:00,84153.01,84170.02,84131.22,84131.23,9.28897
2026-09-25 04:12:00,84131.22,84131.23,84076.0,84077.36,5.55032
2026-09-25 04:13:00,84077.36,84088.45,84077.35,84088.45,3.35474
2026-09-25 04:14:00,84088.45,84134.0,84072.0,84072.01,17.9506
2026-09-25 04:15:00,84072.0,84096.75,84061.22,84086.92,15.24899
2026-09-25 04:16:00,84086.92,84150.0,84086.92,84150.0,3.37509
2026-09-25 04:17:00,84150.0,84170.0,84142.23,84142.24,7.79885
2026-09-25 04:18:00,84142.23,84142.24,84106.76,84130.29,19.50474
2026-09-25 04:19:00,84130.3,84140.01,84130.29,84140.01,4.43148
2026-09-25 04:20:00,84140.01,84140.01,84112.0,84112.0,8.65174
2026-09-25 04:21:00,84112.01,84140.0,84094.0,84140.0,9.60326
2026-09-25 04:22:00,84140.0,84140.0,84127.97,84127.98,3.66437
2026-09-25 04:23:00,84127.98,84130.01,84111.47,84111.48,19.53377
2026-09-25 04:24:00,84111.48,84115.74,84111.47,84115.74,4.72132
2026-09-25 04:25:00,84115.75,84125.5,84112.0,84112.92,6.73868
2026-09-25 04:26:00,84112.92,84112.98,84112.79,84112.8,7.25133
2026-09-25 04:27:00,84112.79,84118.15,84112.79,84118.11,11.28861
2026-09-25 04:28:00,84118.12,84118.12,84118.08,84118.08,3.281
2026-09-25 04:29:00,84118.09,84120.0,84118.08,84119.99,13.3564
2026-09-25 04:30:00,84120.0,84154.91,84119.99,84154.91,17.61044
2026-09-25 04:31:00,84154.91,84162.25,84145.55,84156.01,26.21851
2026-09-25 04:32:00,84156.01,84156.01,84151.26,84151.33,3.98096
2026-09-25 04:33:00,84151.33,84157.44,84151.33,84157.43,3.58898
2026-09-25 04:34:00,84157.44,84193.63,84157.44,84193.62,6.55521
2026-09-25 04:35:00,84193.62,84196.14,84187.79,84196.03,11.18808
2026-09-25 04:36:00,84196.03,84196.07,84196.03,84196.06,1.40022
2026-09-25 04:37:00,84196.07,84200.07,84196.06,84196.07,9.52483
2026-09-25 04:38:00,84196.07,84205.59,84196.0,84205.58,5.10637
2026-09-25 04:39:00,84205.58,84240.0,84205.58,84239.99,12.10355
2026-09-25 04:40:00,84240.0,84240.12,84239.99,84240.12,3.67544
2026-09-25 04:41:00,84240.11,84279.21,84240.11,84279.21,12.77774
2026-09-25 04:42:00,84279.21,84298.01,84279.2,84298.01,7.05463
2026-09-25 04:43:00,84298.01,84298.01,84297.84,84297.87,6.26037
2026-09-25 04:44:00,84297.86,84297.86,84278.0,84278.0,11.43072
2026-09-25 04:45:00,84278.0,84286.01,84278.0,84286.01,9.71506
2026-09-25 04:46:00,84286.0,84286.01,84286.0,84286.01,1.70104
2026-09-25 04:47:00,84286.01,84286.01,84266.0,84266.01,10.47463
2026-09-25 04:48:00,84266.01,84266.01,84206.01,84220.0,9.49648
2026-09-25 04:49:00,84220.0,84220.01,84209.47,84209.47,1.95846
2026-09-25 04:50:00,84209.47,84209.48,84190.0,84190.01,2.93072
2026-09-25 04:51:00,84190.0,84193.35,84190.0,84193.34,2.02305
2026-09-25 04:52:00,84193.35,84193.35,84190.0,84190.01,6.79704
2026-09-25 04:53:00,84190.0,84190.0,84186.0,84186.18,3.14901
2026-09-25 04:54:00,84186.18,84186.19,84170.0,84170.0,18.52096
2026-09-25 04:55:00,84170.01,84175.83,84165.8,84167.21,21.11403
2026-09-25 04:56:00,84167.21,84228.88,84167.21,84211.45,7.17773
2026-09-25 04:57:00,84211.44,84263.51,84199.27,84214.01,23.87505
2026-09-25 04:58:00,84214.0,84214.01,84175.64,84194.88,4.40351
2026-09-25 04:59:00,84194.89,84208.01,84194.88,84208.01,2.21331
2026-09-25 05:00:00,84208.0,84223.85,84206.0,84223.85,3.46334
2026-09-25 05:01:00,84223.85,84247.02,84223.84,84247.01,3.96661
2026-09-25 05:02:00,84247.01,84254.01,84238.18,84254.01,1.69795
2026-09-25 05:03:00,84254.0,84254.01,84240.0,84240.01,3.68831
2026-09-25 05:04:00,84240.0,84248.0,84230.0,84230.0,2.78141
2026-09-25 05:05:00,84230.0,84230.0,84198.0,84198.01,5.30252
2026-09-25 05:06:00,84198.0,84209.17,84198.0,84209.16,1.8963
2026-09-25 05:07:00,84209.17,84209.17,84184.08,84184.09,3.73543
2026-09-25 05:08:00,84184.08,84194.39,84168.45,84194.39,4.25265
2026-09-25 05:09:00,84194.38,84228.38,84194.38,84228.38,4.2849
2026-09-25 05:10:00,84228.38,84228.38,84220.95,84220.95,2.14297
2026-09-25 05:11:00,84220.95,84220.96,84199.87,84199.88,2.67882
2026-09-25 05:12:00,84199.87,84202.58,84199.87,84199.88,1.35639
2026-09-25 05:13:00,84199.87,84199.88,84182.28,84190.0,3.37561
2026-09-25 05:14:00,84190.0,84198.07,84168.45,84168.45,6.69937
2026-09-25 05:15:00,84168.45,84204.35,84168.45,84204.35,6.53191
2026-09-25 05:16:00,84204.35,84247.82,84204.35,84247.82,7.41085
2026-09-25 05:17:00,84247.81,84270.09,84235.42,84235.42,7.05978
2026-09-25 05:18:00,84235.42,84235.42,84200.58,84200.59,3.5494
2026-09-25 05:19:00,84200.58,84200.59,84184.93,84184.93,4.94562
2026-09-25 05:20:00,84184.94,84184.94,84180.28,84181.11,5.75167
2026-09-25 05:21:00,84181.12,84184.0,84181.11,84184.0,1.15749
2026-09-25 05:22:00,84183.99,84184.0,84130.4,84130.41,9.62963
2026-09-25 05:23:00,84130.4,84130.41,84096.94,84096.94,6.88142
2026-09-25 05:24:00,84096.95,84129.21,84096.94,84126.98,8.91387
2026-09-25 05:25:00,84126.97,84163.02,84122.38,84163.02,5.21304
2026-09-25 05:26:00,84163.01,84183.27,84163.01,84183.27,4.60991
2026-09-25 05:27:00,84183.27,84188.43,84172.75,84188.43,3.64945
2026-09-25 05:28:00,84188.42,84195.28,84188.42,84190.01,3.25989
2026-09-25 05:29:00,84190.01,84190.02,84190.0,84190.02,0.83118
2026-09-25 05:30:00,84190.02,84190.02,84142.37,84142.4,11.51249
2026-09-25 05:31:00,84142.4,84148.91,84140.58,84144.56,13.68256
2026-09-25 05:32:00,84144.55,84150.1,84122.54,84122.54,7.93703
2026-09-25 05:33:00,84122.54,84185.63,84122.41,84185.63,16.18654
2026-09-25 05:34:00,84185.63,84193.87,84166.04,84170.0,12.61354
2026-09-25 05:35:00,84170.0,84214.0,84170.0,84214.0,8.91421
2026-09-25 05:36:00,84214.0,84246.01,84194.05,84246.0,13.53698
2026-09-25 05:37:00,84246.01,84260.48,84245.88,84260.48,4.34478
2026-09-25 05:38:00,84260.48,84287.86,84260.35,84287.85,4.37753
2026-09-25 05:39:00,84287.85,84347.86,84287.85,84347.86,12.87865
2026-09-25 05:40:00,84347.86,84347.86,84303.99,84303.99,6.58627
2026-09-25 05:41:00,84303.99,84303.99,84284.46,84284.47,2.29392
2026-09-25 05:42:00,84284.46,84284.47,84257.48,84257.49,1.7404
2026-09-25 05:43:00,84257.48,84257.49,84256.22,84256.23,2.0128
2026-09-25 05:44:00,84256.22,84256.23,84256.22,84256.23,4.09429
2026-09-25 05:45:00,84256.22,84290.01,84256.22,84290.01,5.53804
2026-09-25 05:46:00,84290.01,84290.01,84290.0,84290.01,1.58371
2026-09-25 05:47:00,84290.01,84290.01,84270.97,84283.98,4.42951
2026-09-25 05:48:00,84283.98,84283.99,84278.0,84278.0,1.46109
2026-09-25 05:49:00,84278.0,84288.84,84270.74,84270.75,4.51248
2026-09-25 05:50:00,84270.74,84270.76,84270.74,84270.75,4.10716
2026-09-25 05:51:00,84270.76,84270.76,84262.4,84262.4,4.40235
2026-09-25 05:52:00,84262.41,84262.41,84253.34,84253.35,3.39605
2026-09-25 05:53:00,84253.34,84253.34,84226.44,84226.44,4.05081
2026-09-25 05:54:00,84226.45,84237.96,84226.44,84237.96,3.50523
2026-09-25 05:55:00,84237.96,84240.01,84232.08,84232.08,1.8241
2026-09-25 05:56:00,84232.08,84232.09,84216.0,84216.0,3.27685
2026-09-25 05:57:00,84215.99,84216.0,84203.02,84203.03,3.05214
2026-09-25 05:58:00,84203.03,84203.03,84203.02,84203.03,1.894
2026-09-25 05:59:00,84203.03,84203.03,84194.0,84194.01,3.48669
2026-09-25 06:00:00,84194.0,84194.01,84167.24,84167.25,5.89171
2026-09-25 06:01:00,84167.25,84193.02,84167.24,84182.94,3.40466
2026-09-25 06:02:00,84182.94,84199.77,84182.94,84192.95,4.77042
2026-09-25 06:03:00,84192.95,84212.01,84185.65,84185.66,5.44228
2026-09-25 06:04:00,84185.66,84200.0,84185.66,84198.92,2.35956
2026-09-25 06:05:00,84198.92,84233.78,84198.92,84228.04,3.99947
2026-09-25 06:06:00,84228.04,84228.04,84200.89,84200.9,3.66819
2026-09-25 06:07:00,84200.9,84200.9,84186.7,84186.7,2.91613
2026-09-25 06:08:00,84186.7,84187.99,84174.76,84187.99,3.99334
2026-09-25 06:09:00,84188.0,84210.0,84076.61,84077.51,18.75466
2026-09-25 06:10:00,84077.51,84081.09,84037.03,84046.0,24.2591
2026-09-25 06:11:00,84046.01,84056.87,84030.0,84030.01,9.29731
2026-09-25 06:12:00,84030.01,84030.01,84006.0,84006.0,7.51898
2026-09-25 06:13:00,84006.01,84022.0,83962.0,84022.0,39.51846
2026-09-25 06:14:00,84022.0,84120.0,84022.0,84120.0,5.4102
2026-09-25 06:15:00,84120.0,84134.65,84078.0,84078.0,8.45439
2026-09-25 06:16:00,84078.0,84113.76,84063.18,84102.0,14.45767
2026-09-25 06:17:00,84102.0,84118.01,84102.0,84104.01,2.37293
2026-09-25 06:18:00,84104.0,84122.01,84104.0,84122.01,1.77653
2026-09-25 06:19:00,84122.01,84200.0,84122.0,84200.0,6.05099
2026-09-25 06:20:00,84200.0,84284.01,84200.0,84251.98,11.99599
2026-09-25 06:21:00,84251.97,84265.11,84251.97,84256.97,3.62966
2026-09-25 06:22:00,84256.97,84265.11,84206.48,84206.49,8.88417
2026-09-25 06:23:00,84206.48,84220.0,84206.48,84219.9,1.88293
2026-09-25 06:24:00,84219.89,84219.9,84216.0,84216.0,0.78662
2026-09-25 06:25:00,84216.0,84216.01,84171.92,84171.93,3.2132
2026-09-25 06:26:00,84171.93,84171.93,84165.65,84165.65,1.64415
2026-09-25 06:27:00,84165.65,84165.65,84094.42,84094.43,11.19885
2026-09-25 06:28:00,84094.43,84094.43,84079.39,84079.39,4.59837
2026-09-25 06:29:00,84079.4,84120.01,84079.39,84102.99,6.8374
2026-09-25 06:30:00,84102.98,84102.99,84093.25,84098.01,5.95008
2026-09-25 06:31:00,84098.0,84098.01,84098.0,84098.0,0.93946
2026-09-25 06:32:00,84098.01,84098.01,84096.0,84096.01,1.34146
2026-09-25 06:33:00,84096.01,84096.01,84006.95,84016.01,9.95763
2026-09-25 06:34:00,84016.01,84050.27,84016.0,84041.38,4.70194
2026-09-25 06:35:00,84041.38,84041.38,84041.37,84041.38,0.75066
2026-09-25 06:36:00,84041.37,84041.38,84000.0,84000.0,3.82361
2026-09-25 06:37:00,84000.01,84000.01,83984.61,83985.96,7.32213
2026-09-25 06:38:00,83985.97,83992.01,83953.94,83964.0,19.68035
2026-09-25 06:39:00,83964.0,83964.01,83938.0,83960.01,13.3781
2026-09-25 06:40:00,83960.01,84000.0,83960.0,83999.99,6.78166
2026-09-25 06:41:00,83999.99,84009.38,83994.22,84009.37,5.06414
2026-09-25 06:42:00,84009.38,84024.0,84004.0,84024.0,4.02796
2026-09-25 06:43:00,84023.99,84031.98,84012.27,84028.01,4.89378
2026-09-25 06:44:00,84028.01,84031.56,84023.36,84031.56,3.2947
2026-09-25 06:45:00,84031.55,84047.21,84024.0,84047.2,3.84289
2026-09-25 06:46:00,84047.2,84070.01,84044.0,84070.01,3.41976
2026-09-25 06:47:00,84070.0,84070.0,84010.0,84010.01,5.6855
2026-09-25 06:48:00,84010.0,84034.65,84010.0,84032.03,5.76956
2026-09-25 06:49:00,84032.02,84034.01,84021.07,84021.07,2.39852
2026-09-25 06:50:00,84021.07,84021.4,84014.0,84021.1,3.86652
2026-09-25 06:51:00,84021.1,84047.22,84018.14,84022.0,28.42846
2026-09-25 06:52:00,84022.01,84042.78,84022.01,84038.74,9.96273
2026-09-25 06:53:00,84038.74,84044.01,84030.0,84038.0,4.11688
2026-09-25 06:54:00,84038.0,84052.65,84037.99,84052.65,4.50578
2026-09-25 06:55:00,84052.65,84059.16,84052.64,84053.71,2.28878
2026-09-25 06:56:00,84053.72,84060.01,84049.68,84060.0,2.33267
2026-09-25 06:57:00,84060.01,84060.01,84045.65,84045.66,3.43307
2026-09-25 06:58:00,84045.65,84045.66,84036.0,84036.0,1.22475
2026-09-25 06:59:00,84036.01,84036.01,84036.0,84036.0,0.60098
2026-09-25 07:00:00,84036.01,84058.01,84026.01,84058.01,2.91992
2026-09-25 07:01:00,84058.01,84058.01,84038.83,84040.01,2.83925
2026-09-25 07:02:00,84040.01,84044.01,84035.7,84035.71,1.61973
2026-09-25 07:03:00,84035.71,84035.71,84019.41,84029.07,2.78796
2026-09-25 07:04:00,84029.07,84029.07,83986.01,83986.01,4.73332
2026-09-25 07:05:00,83986.01,84002.3,83986.01,84002.3,19.30078
2026-09-25 07:06:00,84002.29,84002.29,83994.0,83998.01,2.44627
2026-09-25 07:07:00,83998.01,84022.01,83954.72,83954.72,10.64651
2026-09-25 07:08:00,83954.72,83956.01,83784.29,83784.3,62.71456
2026-09-25 07:09:00,83784.3,83852.69,83750.5,83847.19,17.16497
2026-09-25 07:10:00,83847.18,83882.44,83847.18,83880.97,8.17319
2026-09-25 07:11:00,83880.98,83895.12,83877.69,83888.57,9.22222
2026-09-25 07:12:00,83888.57,83888.58,83769.97,83771.34,8.47805
2026-09-25 07:13:00,83771.34,83820.9,83771.33,83786.37,6.79606
2026-09-25 07:14:00,83786.37,83820.8,83786.37,83820.79,3.95107
2026-09-25 07:15:00,83820.79,83843.26,83819.42,83843.25,8.2554
2026-09-25 07:16:00,83843.25,83867.59,83843.25,83867.59,15.11615
2026-09-25 07:17:00,83867.59,83930.45,83867.58,83930.45,6.93503
2026-09-25 07:18:00,83930.45,83944.05,83930.45,83938.03,11.83292
2026-09-25 07:19:00,83938.03,83949.49,83934.84,83934.85,4.45239
2026-09-25 07:20:00,83934.84,83988.39,83934.84,83988.38,6.31279
2026-09-25 07:21:00,83988.38,83988.39,83968.0,83980.4,4.73936
2026-09-25 07:22:00,83980.41,83993.09,83980.4,83993.09,4.5955
2026-09-25 07:23:00,83993.09,83996.0,83974.28,83974.29,8.19388
2026-09-25 07:24:00,83974.29,83989.49,83974.28,83989.49,2.40867
2026-09-25 07:25:00,83989.49,84018.7,83989.48,84018.69,7.08536
2026-09-25 07:26:00,84018.7,84018.7,84013.32,84013.33,4.36618
2026-09-25 07:27:00,84013.32,84013.32,83990.68,84012.0,10.69118
2026-09-25 07:28:00,84011.99,84031.54,84011.99,84031.54,5.32287
2026-09-25 07:29:00,84031.53,84046.01,84031.53,84046.0,3.7629
2026-09-25 07:30:00,84046.0,84081.25,84046.0,84081.25,18.19816
2026-09-25 07:31:00,84081.24,84096.01,84046.0,84046.01,29.52227
2026-09-25 07:32:00,84046.0,84046.01,83949.18,83956.01,28.83386
2026-09-25 07:33:00,83956.0,83956.01,83899.02,83899.02,25.24117
2026-09-25 07:34:00,83899.02,83899.02,83848.5,83848.5,21.9567
2026-09-25 07:35:00,83848.5,83854.01,83818.75,83854.0,25.33018
2026-09-25 07:36:00,83854.0,83870.39,83846.5,83852.02,30.1187
2026-09-25 07:37:00,83852.01,83886.69,83852.01,83886.68,25.30087
2026-09-25 07:38:00,83886.68,83886.69,83846.0,83846.01,37.07887
2026-09-25 07:39:00,83846.0,83846.01,83820.97,83820.97,22.1612
2026-09-25 07:40:00,83820.97,83825.18,83820.96,83825.17,17.34213
2026-09-25 07:41:00,83825.17,83861.38,83825.0,83861.37,19.70396
2026-09-25 07:42:00,83861.37,83861.38,83861.37,83861.37,18.9045
2026-09-25 07:43:00,83861.37,83902.15,83861.37,83902.15,24.4126
2026-09-25 07:44:00,83902.15,83915.19,83899.02,83915.18,36.00707
2026-09-25 07:45:00,83915.18,83935.44,83887.16,83908.0,54.48399
2026-09-25 07:46:00,83908.0,83964.01,83906.31,83964.0,38.75143
2026-09-25 07:47:00,83964.0,83985.2,83964.0,83985.19,19.62476
2026-09-25 07:48:00,83985.19,83985.2,83964.0,83964.01,49.67639
2026-09-25 07:49:00,83964.0,83995.19,83964.0,83995.18,31.02451
2026-09-25 07:50:00,83995.18,84029.0,83995.18,84028.99,35.84398
2026-09-25 07:51:00,84028.99,84029.0,84004.0,84022.2,53.25645
2026-09-25 07:52:00,84022.19,84022.2,83991.67,84000.07,38.26456
2026-09-25 07:53:00,84000.07,84015.04,84000.07,84015.04,22.24248
2026-09-25 07:54:00,84015.03,84015.04,84000.11,84000.11,25.19821
2026-09-25 07:55:00,84000.11,84014.85,83988.4,84014.84,29.80625
2026-09-25 07:56:00,84014.84,84054.8,84014.84,84046.91,40.26765
2026-09-25 07:57:00,84046.91,84080.0,84039.76,84080.0,76.24213
2026-09-25 07:58:00,84080.0,84088.86,84068.0,84088.85,83.33216
2026-09-25 07:59:00,84088.85,84088.87,84043.96,84043.96,96.45788
2026-09-25 08:00:00,84043.96,84068.0,84031.42,84068.0,38.97531
2026-09-25 08:01:00,84068.01,84130.77,84068.01,84130.76,38.83916
2026-09-25 08:02:00,84130.77,84158.37,84129.41,84136.01,11.23383
2026-09-25 08:03:00,84136.0,84160.0,84136.0,84158.56,24.38636
2026-09-25 08:04:00,84158.56,84179.48,84126.0,84126.0,22.90204
2026-09-25 08:05:00,84126.0,84135.0,84126.0,84127.32,15.77345
2026-09-25 08:06:00,84127.31,84130.0,84127.31,84130.0,9.13002
2026-09-25 08:07:00,84130.0,84130.0,84028.98,84069.58,42.63642
2026-09-25 08:08:00,84069.58,84126.54,84069.57,84113.39,22.75773
2026-09-25 08:09:00,84113.4,84142.57,84113.39,84123.54,9.9146
2026-09-25 08:10:00,84123.55,84139.62,84071.14,84087.97,13.48052
2026-09-25 08:11:00,84087.97,84134.53,84087.96,84101.85,18.68672
2026-09-25 08:12:00,84101.84,84157.5,84101.84,84157.5,20.70693
2026-09-25 08:13:00,84157.49,84191.58,84135.61,84135.61,14.31634
2026-09-25 08:14:00,84135.62,84159.28,84121.74,84121.75,13.98931
2026-09-25 08:15:00,84121.75,84177.85,84121.74,84177.85,11.84127
2026-09-25 08:16:00,84177.85,84200.0,84174.0,84198.0,17.11331
2026-09-25 08:17:00,84198.01,84228.01,84198.01,84209.51,23.81292
2026-09-25 08:18:00,84209.52,84238.27,84205.0,84238.27,13.31785
2026-09-25 08:19:00,84238.26,84250.0,84238.0,84250.0,5.35947
2026-09-25 08:20:00,84250.0,84264.01,84250.0,84264.01,1.51067
2026-09-25 08:21:00,84264.01,84360.28,84264.0,84356.97,21.28267
2026-09-25 08:22:00,84356.98,84375.0,84350.0,84350.01,10.41254
2026-09-25 08:23:00,84350.01,84350.01,84339.84,84346.0,3.23623
2026-09-25 08:24:00,84346.0,84404.5,84346.0,84368.0,14.05925
2026-09-25 08:25:00,84368.01,84390.01,84368.0,84390.0,12.25027
2026-09-25 08:26:00,84390.0,84407.5,84372.08,84407.5,12.87765
2026-09-25 08:27:00,84407.49,84437.09,84407.49,84435.7,7.13063
2026-09-25 08:28:00,84435.7,84512.0,84435.7,84464.57,21.2283
2026-09-25 08:29:00,84464.56,84464.57,84432.0,84432.0,5.76366
2026-09-25 08:30:00,84432.0,84446.46,84419.06,84419.07,10.20322
2026-09-25 08:31:00,84419.07,84419.07,84378.0,84409.16,17.97744
2026-09-25 08:32:00,84409.17,84413.39,84391.49,84399.99,11.6375
2026-09-25 08:33:00,84399.99,84427.99,84399.99,84422.37,5.16479
2026-09-25 08:34:00,84422.36,84422.37,84385.52,84385.53,6.25795
2026-09-25 08:35:00,84385.52,84396.01,84385.52,84388.0,8.58295
2026-09-25 08:36:00,84388.01,84388.01,84368.0,84376.45,7.17249
2026-09-25 08:37:00,84376.44,84376.45,84368.61,84368.61,3.16612
2026-09-25 08:38:00,84368.62,84368.62,84357.8,84365.18,4.25598
2026-09-25 08:39:00,84365.18,84365.19,84334.28,84334.29,2.91358
2026-09-25 08:40:00,84334.28,84347.66,84334.28,84347.66,6.05739
2026-09-25 08:41:00,84347.66,84347.67,84342.73,84342.73,1.72937
2026-09-25 08:42:00,84342.73,84342.74,84334.28,84334.29,1.98846
2026-09-25 08:43:00,84334.28,84334.29,84334.28,84334.29,0.70123
2026-09-25 08:44:00,84334.28,84334.29,84322.49,84322.49,3.57378
2026-09-25 08:45:00,84322.49,84322.5,84306.0,84306.0,3.94599
2026-09-25 08:46:00,84306.0,84322.89,84305.75,84322.88,6.93616
2026-09-25 08:47:00,84322.89,84337.66,84322.88,84331.33,5.30583
2026-09-25 08:48:00,84331.33,84331.33,84308.0,84308.01,3.96881
2026-09-25 08:49:00,84308.0,84308.01,84294.49,84294.49,5.09236
2026-09-25 08:50:00,84294.5,84311.36,84294.49,84311.36,4.68809
2026-09-25 08:51:00,84311.36,84336.68,84311.35,84336.68,4.00888
2026-09-25 08:52:00,84336.68,84362.93,84336.68,84350.79,8.12623
2026-09-25 08:53:00,84350.78,84358.01,84347.32,84356.0,8.66803
2026-09-25 08:54:00,84356.0,84357.65,84346.0,84357.65,6.98326
2026-09-25 08:55:00,84357.66,84396.01,84357.65,84396.0,15.99153
2026-09-25 08:56:00,84396.01,84458.91,84396.0,84458.91,10.51535
2026-09-25 08:57:00,84458.91,84473.57,84435.86,84435.86,5.68345
2026-09-25 08:58:00,84435.86,84435.87,84424.93,84424.94,4.09084
2026-09-25 08:59:00,84424.94,84424.94,84408.6,84417.06,2.53943
2026-09-25 09:00:00,84417.05,84435.85,84417.05,84435.85,13.03006
2026-09-25 09:01:00,84435.85,84473.58,84435.84,84472.0,9.11345
2026-09-25 09:02:00,84472.01,84500.0,84472.01,84499.99,5.05141
2026-09-25 09:03:00,84499.99,84523.04,84499.99,84516.01,3.76284
2026-09-25 09:04:00,84516.01,84599.75,84516.0,84586.0,42.08564
2026-09-25 09:05:00,84586.0,84637.74,84584.11,84620.0,26.61176
2026-09-25 09:06:00,84620.01,84703.64,84620.0,84703.63,16.17597
2026-09-25 09:07:00,84703.63,84711.93,84694.0,84698.09,11.2862
2026-09-25 09:08:00,84698.09,84721.0,84682.01,84682.01,10.95255
2026-09-25 09:09:00,84682.01,84682.01,84634.0,84642.48,9.58707
2026-09-25 09:10:00,84642.47,84642.48,84606.24,84606.25,18.52281
2026-09-25 09:11:00,84606.24,84626.46,84606.24,84626.46,4.44487
2026-09-25 09:12:00,84626.45,84626.46,84626.45,84626.45,2.51842
2026-09-25 09:13:00,84626.45,84626.46,84608.0,84626.45,11.48484
2026-09-25 09:14:00,84626.45,84626.45,84575.63,84596.82,38.47695
2026-09-25 09:15:00,84596.81,84626.46,84577.54,84599.99,27.12559
2026-09-25 09:16:00,84600.0,84608.46,84592.0,84592.0,5.89451
2026-09-25 09:17:00,84592.0,84592.01,84566.4,84566.4,5.15632
2026-09-25 09:18:00,84566.41,84634.01,84545.67,84632.01,49.44114
2026-09-25 09:19:00,84632.01,84632.01,84597.83,84606.02,10.56225
2026-09-25 09:20:00,84606.02,84606.03,84568.16,84568.16,5.85133
2026-09-25 09:21:00,84568.16,84568.17,84555.65,84562.01,5.22498
2026-09-25 09:22:00,84562.01,84624.4,84562.0,84600.0,9.97394
2026-09-25 09:23:00,84600.0,84610.01,84600.0,84606.0,2.95073
2026-09-25 09:24:00,84606.01,84678.13,84606.01,84669.99,17.15379
2026-09-25 09:25:00,84670.0,84697.58,84661.6,84674.64,8.89186
2026-09-25 09:26:00,84674.65,84712.01,84672.01,84712.01,5.58506
2026-09-25 09:27:00,84712.01,84727.67,84706.0,84727.67,8.4187
2026-09-25 09:28:00,84727.66,84832.84,84727.66,84816.01,57.69125
2026-09-25 09:29:00,84816.0,84822.01,84812.03,84814.01,7.5568
2026-09-25 09:30:00,84814.01,84870.0,84780.0,84808.01,58.76061
2026-09-25 09:31:00,84808.0,84822.0,84748.0,84750.01,22.90977
2026-09-25 09:32:00,84750.0,84764.01,84721.99,84722.0,7.56878
2026-09-25 09:33:00,84721.99,84724.42,84698.11,84712.0,13.61506
2026-09-25 09:34:00,84712.0,84738.81,84712.0,84735.91,6.92425
2026-09-25 09:35:00,84735.91,84735.91,84698.0,84698.01,5.39059
2026-09-25 09:36:00,84698.01,84708.01,84682.68,84682.68,6.62817
2026-09-25 09:37:00,84682.69,84682.69,84678.0,84678.01,1.89124
2026-09-25 09:38:00,84678.0,84687.0,84678.0,84687.0,4.63663
2026-09-25 09:39:00,84687.0,84704.89,84686.99,84704.89,3.4952
2026-09-25 09:40:00,84704.89,84704.89,84664.0,84664.01,4.88357
2026-09-25 09:41:00,84664.0,84664.01,84592.59,84608.48,10.63152
2026-09-25 09:42:00,84608.47,84616.01,84604.08,84616.01,3.89314
2026-09-25 09:43:00,84616.01,84632.01,84616.01,84632.01,3.38492
2026-09-25 09:44:00,84632.01,84634.41,84628.0,84630.7,3.3051
2026-09-25 09:45:00,84630.7,84637.49,84610.68,84610.69,8.5117
2026-09-25 09:46:00,84610.68,84627.99,84586.24,84627.98,8.02733
2026-09-25 09:47:00,84627.99,84643.67,84627.98,84643.67,6.07006
2026-09-25 09:48:00,84643.66,84643.67,84616.0,84616.01,3.62595
2026-09-25 09:49:00,84616.0,84616.66,84616.0,84616.65,4.47912
2026-09-25 09:50:00,84616.65,84616.66,84608.19,84608.19,3.8161
2026-09-25 09:51:00,84608.19,84608.2,84600.0,84600.01,4.66176
2026-09-25 09:52:00,84600.0,84600.01,84582.0,84582.01,10.433
2026-09-25 09:53:00,84582.01,84608.0,84582.0,84608.0,3.98002
2026-09-25 09:54:00,84608.0,84608.01,84588.0,84588.01,3.55474
2026-09-25 09:55:00,84588.01,84627.63,84586.93,84622.87,11.15885
2026-09-25 09:56:00,84622.88,84622.88,84619.27,84622.87,5.4007
2026-09-25 09:57:00,84622.87,84622.88,84603.55,84603.56,5.69781
2026-09-25 09:58:00,84603.56,84603.56,84598.73,84598.73,4.88028
2026-09-25 09:59:00,84598.74,84598.74,84570.01,84570.01,5.77589
2026-09-25 10:00:00,84570.02,84570.02,84564.03,84564.04,4.0641
2026-09-25 10:01:00,84564.03,84564.03,84500.0,84506.37,14.70759
2026-09-25 10:02:00,84506.37,84506.37,84438.01,84446.01,20.39549
2026-09-25 10:03:00,84446.01,84446.01,84400.0,84410.01,7.76828
2026-09-25 10:04:00,84410.0,84410.0,84396.0,84407.36,7.92506
2026-09-25 10:05:00,84407.37,84407.37,84394.0,84404.01,2.9791
2026-09-25 10:06:00,84404.0,84426.01,84404.0,84416.65,5.03302
2026-09-25 10:07:00,84416.64,84416.65,84405.52,84405.52,4.54096
2026-09-25 10:08:00,84405.52,84422.01,84402.8,84410.01,6.75825
2026-09-25 10:09:00,84410.01,84432.01,84410.0,84432.01,5.02876
2026-09-25 10:10:00,84432.01,84475.95,84432.0,84475.95,8.78254
2026-09-25 10:11:00,84475.94,84484.01,84475.94,84484.0,1.54952
2026-09-25 10:12:00,84484.01,84484.01,84478.39,84484.0,4.51289
2026-09-25 10:13:00,84484.01,84484.01,84480.44,84484.01,3.64977
2026-09-25 10:14:00,84484.01,84500.0,84484.0,84496.01,5.36859
2026-09-25 10:15:00,84496.01,84496.01,84491.07,84491.07,4.22444
2026-09-25 10:16:00,84491.08,84491.08,84460.08,84476.01,9.77246
2026-09-25 10:17:00,84476.01,84486.01,84476.0,84486.0,4.84087
2026-09-25 10:18:00,84486.01,84486.01,84460.55,84460.55,4.61906
2026-09-25 10:19:00,84460.55,84460.56,84460.0,84460.01,1.40561
2026-09-25 10:20:00,84460.01,84486.01,84451.55,84486.0,4.16283
2026-09-25 10:21:00,84486.0,84486.01,84468.0,84468.01,2.75013
2026-09-25 10:22:00,84468.01,84468.01,84456.0,84456.01,1.9123
2026-09-25 10:23:00,84456.01,84504.01,84456.0,84496.0,5.32354
2026-09-25 10:24:00,84496.0,84530.01,84496.0,84530.01,6.87685
2026-09-25 10:25:00,84530.01,84562.97,84530.0,84562.97,2.9934
2026-09-25 10:26:00,84562.97,84596.79,84562.96,84585.71,17.67005
2026-09-25 10:27:00,84585.7,84679.77,84585.7,84664.01,17.23492
2026-09-25 10:28:00,84664.01,84746.01,84664.01,84746.01,15.82409
2026-09-25 10:29:00,84746.0,84746.01,84718.0,84728.56,9.43262
2026-09-25 10:30:00,84728.57,84760.01,84680.88,84760.01,15.9691
2026-09-25 10:31:00,84760.01,84760.01,84702.63,84714.01,9.4868
2026-09-25 10:32:00,84714.01,84714.01,84662.25,84662.25,8.7509
2026-09-25 10:33:00,84662.26,84729.09,84662.25,84722.36,13.7972
2026-09-25 10:34:00,84722.37,84730.01,84699.04,84699.05,9.79236
2026-09-25 10:35:00,84699.04,84704.01,84699.04,84700.03,2.99245
2026-09-25 10:36:00,84700.04,84728.01,84690.16,84728.01,19.79179
2026-09-25 10:37:00,84728.0,84766.01,84728.0,84762.01,6.15411
2026-09-25 10:38:00,84762.0,84766.01,84746.0,84748.0,11.35029
2026-09-25 10:39:00,84748.0,84748.01,84697.73,84707.2,16.9302
2026-09-25 10:40:00,84707.21,84716.0,84702.33,84716.0,3.08012
2026-09-25 10:41:00,84716.0,84760.01,84716.0,84760.01,5.82445
2026-09-25 10:42:00,84760.01,84800.0,84760.0,84799.99,8.56052
2026-09-25 10:43:00,84800.0,84819.31,84760.0,84760.0,25.55723
2026-09-25 10:44:00,84760.01,84784.0,84760.0,84784.0,4.02276
2026-09-25 10:45:00,84784.0,84784.0,84760.0,84773.64,6.22543
2026-09-25 10:46:00,84773.65,84773.65,84773.64,84773.64,2.10886
2026-09-25 10:47:00,84773.65,84779.56,84773.64,84779.56,1.14216
2026-09-25 10:48:00,84779.57,84813.79,84779.56,84812.0,26.37309
2026-09-25 10:49:00,84812.0,84812.42,84756.0,84777.71,14.51569
2026-09-25 10:50:00,84777.71,84782.49,84756.11,84756.11,4.65711
2026-09-25 10:51:00,84756.11,84812.44,84736.0,84812.44,11.55339
2026-09-25 10:52:00,84812.43,84812.44,84798.02,84798.02,10.21585
2026-09-25 10:53:00,84798.01,84824.21,84776.0,84824.2,24.2588
2026-09-25 10:54:00,84824.2,84870.0,84824.2,84839.92,16.40734
2026-09-25 10:55:00,84839.93,84839.93,84746.01,84746.02,22.49547
2026-09-25 10:56:00,84746.02,84759.43,84744.0,84759.43,8.2566
2026-09-25 10:57:00,84759.43,84759.43,84722.0,84722.0,3.61847
2026-09-25 10:58:00,84722.01,84730.01,84713.66,84713.67,10.00785
2026-09-25 10:59:00,84713.66,84713.67,84713.66,84713.66,4.84962
2026-09-25 11:00:00,84713.67,84728.01,84707.5,84707.5,12.71221
2026-09-25 11:01:00,84707.5,84766.96,84707.5,84766.95,6.60436
2026-09-25 11:02:00,84766.96,84766.96,84758.47,84766.95,1.65176
2026-09-25 11:03:00,84766.96,84790.01,84763.41,84790.01,13.95011
2026-09-25 11:04:00,84790.0,84812.01,84790.0,84808.04,15.21349
2026-09-25 11:05:00,84808.04,84811.86,84808.03,84811.86,5.72316
2026-09-25 11:06:00,84811.86,85008.27,84811.86,85008.27,71.24078
2026-09-25 11:07:00,85008.26,85088.0,84989.28,85071.98,190.76885
2026-09-25 11:08:00,85071.97,85132.96,85054.34,85102.01,178.85993
2026-09-25 11:09:00,85102.0,85126.34,85054.77,85075.19,73.88358
2026-09-25 11:10:00,85075.19,85075.2,85039.99,85049.99,39.16572
2026-09-25 11:11:00,85049.99,85119.87,85049.99,85119.87,26.60424
2026-09-25 11:12:00,85119.87,85166.0,85119.86,85165.8,157.70659
2026-09-25 11:13:00,85165.8,85165.8,85124.0,85140.0,33.26078
2026-09-25 11:14:00,85140.0,85222.0,85140.0,85221.94,192.11878
2026-09-25 11:15:00,85221.94,85255.0,85216.0,85221.86,172.95184
2026-09-25 11:16:00,85221.86,85227.58,85158.27,85176.01,39.49436
2026-09-25 11:17:00,85176.01,85176.02,85144.85,85163.48,14.98275
2026-09-25 11:18:00,85163.47,85163.48,85063.94,85063.94,21.13288
2026-09-25 11:19:00,85063.94,85109.51,85063.48,85098.0,8.71876
2026-09-25 11:20:00,85098.0,85100.0,85030.0,85032.01,13.50842
2026-09-25 11:21:00,85032.01,85032.82,85027.92,85027.93,4.51451
2026-09-25 11:22:00,85027.92,85027.93,85027.92,85027.93,2.52567
2026-09-25 11:23:00,85027.93,85027.93,84916.0,84916.0,39.32048
2026-09-25 11:24:00,84916.0,84945.06,84841.04,84945.06,29.12306
2026-09-25 11:25:00,84945.06,84945.06,84876.0,84888.62,10.19743
2026-09-25 11:26:00,84888.62,84978.15,84888.62,84958.01,27.88091
2026-09-25 11:27:00,84958.0,84959.72,84922.0,84937.87,24.35175
2026-09-25 11:28:00,84937.87,84959.72,84915.7,84956.01,14.12602
2026-09-25 11:29:00,84956.01,84956.01,84922.91,84926.99,8.17931
2026-09-25 11:30:00,84927.0,84928.01,84859.65,84880.02,16.2452
2026-09-25 11:31:00,84880.03,84897.62,84859.98,84859.99,8.69165
2026-09-25 11:32:00,84859.98,84859.99,84859.66,84859.66,4.01031
2026-09-25 11:33:00,84859.66,84859.67,84827.78,84827.79,7.30725
2026-09-25 11:34:00,84827.79,84899.77,84822.68,84887.73,16.19918
2026-09-25 11:35:00,84887.74,84973.66,84887.73,84932.01,45.73362
2026-09-25 11:36:00,84932.01,84932.01,84850.0,84850.0,11.00017
2026-09-25 11:37:00,84850.01,84850.01,84806.0,84834.0,11.19915
2026-09-25 11:38:00,84834.01,84876.01,84834.0,84876.0,5.23103
2026-09-25 11:39:00,84876.01,84876.01,84832.0,84832.0,6.29576
2026-09-25 11:40:00,84832.0,84834.01,84801.89,84801.9,4.23682
2026-09-25 11:41:00,84801.89,84801.9,84705.88,84720.04,29.09901
2026-09-25 11:42:00,84720.03,84745.0,84720.03,84735.4,7.67512
2026-09-25 11:43:00,84735.34,84735.34,84721.16,84732.01,8.98038
2026-09-25 11:44:00,84732.0,84736.25,84707.07,84716.69,9.17557
2026-09-25 11:45:00,84716.69,84739.79,84677.24,84677.25,11.02383
2026-09-25 11:46:00,84677.25,84707.09,84677.24,84707.09,6.12636
2026-09-25 11:47:00,84707.08,84744.74,84707.08,84725.68,8.45848
2026-09-25 11:48:00,84725.68,84725.68,84584.0,84608.01,22.57416
2026-09-25 11:49:00,84608.01,84659.81,84600.01,84600.02,15.9133
2026-09-25 11:50:00,84600.01,84640.55,84578.77,84640.55,14.78165
2026-09-25 11:51:00,84640.55,84682.32,84640.54,84682.32,12.91645
2026-09-25 11:52:00,84682.39,84691.98,84658.0,84658.0,13.59836
2026-09-25 11:53:00,84658.0,84658.01,84608.78,84608.79,12.01343
2026-09-25 11:54:00,84608.79,84627.87,84608.33,84624.01,7.4408
2026-09-25 11:55:00,84624.01,84638.0,84622.0,84630.01,8.04134
2026-09-25 11:56:00,84630.0,84630.0,84567.02,84602.0,12.37827
2026-09-25 11:57:00,84602.01,84633.78,84602.0,84626.48,5.31851
2026-09-25 11:58:00,84626.47,84626.48,84620.0,84620.0,2.18899
2026-09-25 11:59:00,84620.01,84620.01,84582.63,84582.64,5.62173
2026-09-25 12:00:00,84582.64,84646.97,84577.49,84642.09,26.97063
2026-09-25 12:01:00,84642.08,84674.65,84642.08,84650.01,20.10548
2026-09-25 12:02:00,84650.01,84670.01,84642.0,84642.0,9.26081
2026-09-25 12:03:00,84642.01,84698.03,84642.0,84656.01,49.49695
2026-09-25 12:04:00,84656.0,84668.4,84611.36,84662.24,8.7379
2026-09-25 12:05:00,84662.24,84662.25,84631.06,84631.07,8.21528
2026-09-25 12:06:00,84631.06,84637.86,84617.05,84637.86,6.86726
2026-09-25 12:07:00,84637.86,84704.0,84622.27,84698.0,23.71293
2026-09-25 12:08:00,84698.0,84698.01,84664.73,84667.75,7.58432
2026-09-25 12:09:00,84667.75,84675.01,84650.89,84659.36,10.65137
2026-09-25 12:10:00,84659.36,84676.01,84639.46,84646.01,22.2154
2026-09-25 12:11:00,84646.0,84646.01,84584.01,84591.76,22.05178
2026-09-25 12:12:00,84591.77,84603.69,84574.88,84574.88,10.64439
2026-09-25 12:13:00,84574.88,84574.89,84300.0,84300.0,83.91369
2026-09-25 12:14:00,84300.01,84406.97,84223.56,84368.41,46.76539
2026-09-25 12:15:00,84368.42,84368.42,84145.26,84145.26,49.42764
2026-09-25 12:16:00,84145.26,84208.37,84000.0,84038.2,78.14062
2026-09-25 12:17:00,84038.19,84135.49,83900.0,83909.53,72.26279
2026-09-25 12:18:00,83909.53,84074.81,83909.52,84017.58,46.09287
2026-09-25 12:19:00,84017.57,84017.58,83927.36,84005.76,24.54542
2026-09-25 12:20:00,84006.46,84121.33,83972.85,84120.94,20.96868
2026-09-25 12:21:00,84120.94,84172.15,84120.94,84172.15,13.91429
2026-09-25 12:22:00,84172.15,84234.01,84172.15,84234.01,11.21535
2026-09-25 12:23:00,84234.01,84290.01,84200.0,84215.01,22.49718
2026-09-25 12:24:00,84215.02,84298.72,84215.01,84292.59,26.88803
2026-09-25 12:25:00,84292.58,84293.37,84254.86,84291.96,16.73911
2026-09-25 12:26:00,84291.96,84330.11,84280.0,84325.25,13.17812
2026-09-25 12:27:00,84325.25,84345.24,84309.63,84317.84,27.76995
2026-09-25 12:28:00,84317.84,84374.15,84317.84,84374.15,8.41325
2026-09-25 12:29:00,84374.15,84405.91,84374.14,84405.9,8.75847
2026-09-25 12:30:00,84405.91,84513.2,84392.35,84483.53,27.82566
2026-09-25 12:31:00,84484.92,84517.56,84425.73,84447.08,22.21635
2026-09-25 12:32:00,84447.08,84463.99,84340.0,84448.03,18.31562
2026-09-25 12:33:00,84448.03,84494.01,84404.0,84494.01,12.28758
2026-09-25 12:34:00,84494.01,84496.01,84444.1,84466.06,8.01993
2026-09-25 12:35:00,84466.05,84542.01,84466.05,84530.79,6.96692
2026-09-25 12:36:00,84530.78,84533.95,84502.07,84525.5,7.44788
2026-09-25 12:37:00,84525.49,84525.5,84491.6,84491.6,13.14582
2026-09-25 12:38:00,84491.14,84519.45,84473.43,84512.84,22.46061
2026-09-25 12:39:00,84512.83,84526.41,84488.14,84509.76,12.41732
2026-09-25 12:40:00,84509.76,84518.01,84483.1,84491.56,11.96911
2026-09-25 12:41:00,84491.56,84491.56,84420.06,84422.2,25.61226
2026-09-25 12:42:00,84422.19,84452.68,84406.73,84409.04,7.99887
2026-09-25 12:43:00,84409.03,84428.4,84394.44,84401.34,13.15609
2026-09-25 12:44:00,84401.34,84520.25,84401.34,84435.99,27.16118
2026-09-25 12:45:00,84435.99,84444.31,84340.01,84427.34,17.0139
2026-09-25 12:46:00,84427.34,84524.01,84372.92,84458.69,22.48574
2026-09-25 12:47:00,84458.68,84574.01,84428.81,84574.01,23.86163
2026-09-25 12:48:00,84574.0,84574.01,84445.56,84445.56,20.00938
2026-09-25 12:49:00,84445.57,84446.31,84400.0,84404.07,18.20418
2026-09-25 12:50:00,84404.06,84446.32,84400.03,84446.31,14.83219
2026-09-25 12:51:00,84446.32,84480.06,84418.59,84463.54,9.64545
2026-09-25 12:52:00,84463.53,84463.53,84381.08,84386.42,19.96474
2026-09-25 12:53:00,84386.41,84435.7,84372.01,84428.57,19.97551
2026-09-25 12:54:00,84428.58,84453.82,84428.57,84449.6,9.57925
2026-09-25 12:55:00,84449.61,84500.0,84432.73,84485.47,20.94397
2026-09-25 12:56:00,84485.47,84521.19,84467.76,84521.19,20.67085
2026-09-25 12:57:00,84521.19,84521.19,84464.63,84483.13,11.34871
2026-09-25 12:58:00,84483.13,84524.59,84476.56,84524.59,10.70861
2026-09-25 12:59:00,84524.58,84524.58,84460.2,84471.8,19.51481
2026-09-25 13:00:00,84471.79,84474.5,84350.01,84354.44,31.03873
2026-09-25 13:01:00,84354.45,84434.17,84340.0,84434.17,24.75896
2026-09-25 13:02:00,84434.16,84473.45,84423.06,84427.92,23.00182
2026-09-25 13:03:00,84427.91,84473.58,84427.91,84457.31,20.16067
2026-09-25 13:04:00,84457.32,84487.59,84457.31,84481.97,15.22739
2026-09-25 13:05:00,84481.97,84544.35,84481.96,84541.23,16.15487
2026-09-25 13:06:00,84541.22,84574.01,84507.36,84507.37,21.83312
2026-09-25 13:07:00,84507.37,84507.37,84450.5,84467.09,12.28166
2026-09-25 13:08:00,84467.1,84510.19,84450.01,84450.02,13.11762
2026-09-25 13:09:00,84450.01,84468.65,84440.59,84457.69,13.15588
2026-09-25 13:10:00,84457.69,84457.69,84434.0,84434.0,13.91767
2026-09-25 13:11:00,84434.0,84446.49,84426.47,84437.94,11.8454
2026-09-25 13:12:00,84437.94,84455.28,84426.46,84439.02,12.13545
2026-09-25 13:13:00,84439.02,84461.83,84431.58,84431.58,9.55599
2026-09-25 13:14:00,84431.59,84460.01,84424.58,84460.0,20.11882
2026-09-25 13:15:00,84460.01,84600.01,84452.32,84554.36,140.59882
2026-09-25 13:16:00,84554.36,84563.86,84489.24,84509.57,13.15067
2026-09-25 13:17:00,84509.57,84509.57,84442.13,84442.14,10.87139
2026-09-25 13:18:00,84442.13,84453.84,84366.09,84376.54,13.3579
2026-09-25 13:19:00,84376.54,84387.61,84262.0,84268.65,15.98534
2026-09-25 13:20:00,84268.65,84320.92,84268.64,84286.73,12.07901
2026-09-25 13:21:00,84286.72,84302.04,84224.0,84265.02,21.23276
2026-09-25 13:22:00,84265.01,84265.02,84231.39,84253.67,13.8705
2026-09-25 13:23:00,84253.68,84296.92,84253.0,84253.0,7.22732
2026-09-25 13:24:00,84253.0,84263.7,84221.0,84221.01,20.30342
2026-09-25 13:25:00,84221.0,84221.0,84146.81,84171.51,33.3714
2026-09-25 13:26:00,84171.51,84171.52,84143.01,84163.89,12.46558
2026-09-25 13:27:00,84163.89,84163.9,84108.0,84133.28,11.57005
2026-09-25 13:28:00,84133.28,84200.01,84124.0,84200.01,39.43311
2026-09-25 13:29:00,84200.0,84200.01,84104.22,84104.22,17.9838
2026-09-25 13:30:00,84104.22,84104.22,83951.42,84017.44,106.75854
2026-09-25 13:31:00,84017.44,84036.01,83905.17,83971.85,75.4733
2026-09-25 13:32:00,83971.86,83975.99,83900.0,83943.1,24.60298
2026-09-25 13:33:00,83943.1,83988.01,83916.17,83988.0,31.37759
2026-09-25 13:34:00,83988.0,84059.18,83988.0,84054.05,19.88469
2026-09-25 13:35:00,84054.05,84284.01,84037.99,84282.01,41.76409
2026-09-25 13:36:00,84282.01,84342.01,84124.0,84138.01,26.14403
2026-09-25 13:37:00,84138.0,84154.01,84068.23,84107.51,16.88017
2026-09-25 13:38:00,84107.5,84156.01,84090.03,84156.01,15.71619
2026-09-25 13:39:00,84156.0,84162.01,84046.36,84102.0,15.23029
2026-09-25 13:40:00,84102.01,84143.64,84070.0,84070.01,13.18327
2026-09-25 13:41:00,84070.01,84100.01,84022.0,84051.62,15.97955
2026-09-25 13:42:00,84051.63,84068.0,83984.01,84045.7,24.33587
2026-09-25 13:43:00,84045.69,84064.58,83888.85,83888.86,36.77196
2026-09-25 13:44:00,83888.86,84010.0,83800.0,84010.0,63.65246
2026-09-25 13:45:00,84010.01,84048.61,83949.21,83984.81,25.98548
2026-09-25 13:46:00,83984.82,83984.82,83658.42,83658.43,74.46368
2026-09-25 13:47:00,83658.43,83724.71,83530.06,83724.7,98.25518
2026-09-25 13:48:00,83724.71,83792.01,83677.66,83766.01,61.04984
2026-09-25 13:49:00,83766.01,83847.78,83750.0,83750.01,22.02912
2026-09-25 13:50:00,83750.0,83874.89,83724.29,83842.01,38.27603
2026-09-25 13:51:00,83842.01,83852.11,83800.0,83802.61,16.46027
2026-09-25 13:52:00,83802.61,83900.01,83800.0,83900.01,18.80731
2026-09-25 13:53:00,83900.01,83944.07,83842.0,83944.06,14.30826
2026-09-25 13:54:00,83944.07,84112.01,83914.0,84084.37,33.81577
2026-09-25 13:55:00,84084.36,84092.01,84026.01,84074.01,18.65659
2026-09-25 13:56:00,84074.01,84074.01,83975.47,83978.0,23.66131
2026-09-25 13:57:00,83977.99,83977.99,83908.33,83932.01,13.16197
2026-09-25 13:58:00,83932.01,83952.4,83914.02,83922.21,12.20567
2026-09-25 13:59:00,83922.21,83941.67,83915.19,83923.71,6.97463
2026-09-25 14:00:00,83923.71,84017.47,83891.37,83959.99,24.13608
2026-09-25 14:01:00,83960.0,83981.11,83935.01,83950.43,14.17036
2026-09-25 14:02:00,83950.43,83960.16,83742.01,83742.01,154.02759
2026-09-25 14:03:00,83742.01,83742.01,83466.0,83530.67,150.47478
2026-09-25 14:04:00,83530.67,83550.0,83249.55,83253.16,136.07326
2026-09-25 14:05:00,83253.16,83336.55,83183.0,83218.4,109.67495
2026-09-25 14:06:00,83218.39,83406.56,83218.39,83301.62,81.98011
2026-09-25 14:07:00,83301.62,83419.78,83298.96,83369.02,34.23481
2026-09-25 14:08:00,83369.03,83499.36,83312.96,83499.22,36.56591
2026-09-25 14:09:00,83499.22,83572.65,83446.06,83469.87,45.01882
2026-09-25 14:10:00,83469.87,83533.66,83445.71,83470.01,27.21452
2026-09-25 14:11:00,83470.01,83636.36,83470.01,83636.35,21.60183
2026-09-25 14:12:00,83636.36,83652.66,83606.74,83618.87,26.68101
2026-09-25 14:13:00,83618.87,83655.09,83570.71,83616.7,56.07645
2026-09-25 14:14:00,83616.69,83616.7,83501.23,83580.01,19.04486
2026-09-25 14:15:00,83580.01,83652.79,83462.0,83652.79,31.19806
2026-09-25 14:16:00,83652.78,83718.01,83566.76,83572.72,29.9794
2026-09-25 14:17:00,83572.73,83584.01,83490.42,83490.43,21.08621
2026-09-25 14:18:00,83490.42,83576.01,83490.42,83576.01,25.72996
2026-09-25 14:19:00,83576.01,83646.01,83516.0,83646.01,15.30885
2026-09-25 14:20:00,83646.0,83670.79,83583.42,83655.97,14.80318
2026-09-25 14:21:00,83655.98,83755.96,83655.98,83740.01,27.76748
2026-09-25 14:22:00,83740.01,83800.0,83707.4,83728.57,19.52768
2026-09-25 14:23:00,83728.57,83758.01,83658.13,83658.13,17.51498
2026-09-25 14:24:00,83658.14,83698.01,83575.53,83625.67,23.0168
2026-09-25 14:25:00,83625.67,83692.01,83621.99,83674.01,13.12994
2026-09-25 14:26:00,83674.0,83701.51,83640.0,83676.01,20.01592
2026-09-25 14:27:00,83676.0,83685.9,83614.66,83614.67,14.18132
2026-09-25 14:28:00,83614.67,83648.01,83600.83,83640.01,14.18406
2026-09-25 14:29:00,83640.01,83713.7,83640.01,83649.76,16.99759
2026-09-25 14:30:00,83650.01,83738.01,83650.0,83737.79,35.54428
2026-09-25 14:31:00,83737.79,83816.01,83724.47,83816.01,17.93797
2026-09-25 14:32:00,83816.0,83826.01,83749.44,83826.0,38.34759
2026-09-25 14:33:00,83826.01,83847.98,83810.0,83823.04,21.1011
2026-09-25 14:34:00,83823.03,83897.46,83823.03,83878.0,29.26957
2026-09-25 14:35:00,83878.01,83899.03,83837.0,83855.04,21.00492
2026-09-25 14:36:00,83855.04,83895.81,83855.04,83856.0,13.09431
2026-09-25 14:37:00,83856.0,83870.01,83821.79,83847.14,30.53604
2026-09-25 14:38:00,83847.15,83912.01,83847.15,83912.0,13.36661
2026-09-25 14:39:00,83912.0,83928.01,83865.38,83865.39,20.85568
2026-09-25 14:40:00,83865.38,83873.45,83751.32,83751.32,17.16712
2026-09-25 14:41:00,83751.33,83824.01,83751.32,83806.91,12.85199
2026-09-25 14:42:00,83806.92,83842.03,83772.0,83820.84,18.12012
2026-09-25 14:43:00,83820.84,83847.89,83662.0,83662.01,38.74882
2026-09-25 14:44:00,83662.0,83702.56,83656.06,83684.46,27.80125
2026-09-25 14:45:00,83684.46,83700.0,83564.0,83700.0,35.8885
2026-09-25 14:46:00,83700.0,83775.64,83662.94,83719.02,132.9889
2026-09-25 14:47:00,83719.01,83774.9,83691.14,83763.61,24.15372
2026-09-25 14:48:00,83763.6,83802.01,83736.56,83792.69,31.52933
2026-09-25 14:49:00,83792.69,83850.0,83770.65,83811.34,23.89707
2026-09-25 14:50:00,83811.35,83820.68,83747.62,83764.85,15.48916
2026-09-25 14:51:00,83764.86,83798.01,83678.0,83678.01,23.45612
2026-09-25 14:52:00,83678.01,83678.01,83603.83,83633.99,21.43951
2026-09-25 14:53:00,83633.99,83738.0,83620.57,83732.01,12.31633
2026-09-25 14:54:00,83732.0,83796.09,83732.0,83796.08,14.41844
2026-09-25 14:55:00,83796.09,83892.52,83796.08,83892.51,13.67899
2026-09-25 14:56:00,83892.52,83962.01,83886.7,83924.01,41.38843
2026-09-25 14:57:00,83924.0,83948.01,83907.83,83934.0,17.31603
2026-09-25 14:58:00,83934.0,83979.41,83922.55,83979.4,18.6159
2026-09-25 14:59:00,83979.4,84030.01,83978.75,84016.01,23.91685
2026-09-25 15:00:00,84016.01,84016.01,83954.0,84010.02,14.60653
2026-09-25 15:01:00,84010.02,84046.01,83984.0,84038.73,18.47874
2026-09-25 15:02:00,84038.73,84092.01,83937.38,83937.38,21.81947
2026-09-25 15:03:00,83937.39,83944.9,83850.43,83880.0,68.96501
2026-09-25 15:04:00,83880.0,83898.01,83772.0,83784.45,19.80322
2026-09-25 15:05:00,83785.57,83852.01,83778.23,83787.73,16.37833
2026-09-25 15:06:00,83787.74,83826.01,83754.0,83781.62,14.41752
2026-09-25 15:07:00,83781.99,83876.0,83774.55,83876.0,12.97606
2026-09-25 15:08:00,83876.0,83928.02,83876.0,83928.01,11.96906
2026-09-25 15:09:00,83928.02,83945.28,83905.8,83906.63,8.88761
2026-09-25 15:10:00,83906.62,83908.01,83852.63,83885.9,7.81325
2026-09-25 15:11:00,83885.89,83889.48,83822.98,83842.8,15.2565
2026-09-25 15:12:00,83842.81,83959.94,83842.8,83936.0,11.36601
2026-09-25 15:13:00,83936.01,83989.83,83936.0,83964.01,17.64232
2026-09-25 15:14:00,83964.0,84004.01,83945.37,84001.9,16.41962
2026-09-25 15:15:00,84001.9,84004.83,83918.5,83954.42,24.94985
2026-09-25 15:16:00,83954.41,83986.63,83922.01,83943.35,22.17893
2026-09-25 15:17:00,83943.36,83955.68,83883.17,83920.4,24.62492
2026-09-25 15:18:00,83920.4,83936.44,83873.12,83873.13,20.43891
2026-09-25 15:19:00,83873.12,83873.13,83776.0,83778.01,22.70161
2026-09-25 15:20:00,83778.0,83811.08,83744.0,83811.07,14.97971
2026-09-25 15:21:00,83811.08,83915.28,83766.57,83915.28,50.3385
2026-09-25 15:22:00,83915.27,83936.43,83894.04,83894.04,30.83771
2026-09-25 15:23:00,83894.05,83928.03,83884.45,83908.01,14.65476
2026-09-25 15:24:00,83908.0,83908.02,83875.41,83876.0,15.80299
2026-09-25 15:25:00,83876.01,83880.02,83837.43,83844.15,15.94515
2026-09-25 15:26:00,83844.14,83861.0,83828.57,83860.99,9.93654
2026-09-25 15:27:00,83861.0,83866.01,83809.03,83809.03,10.30106
2026-09-25 15:28:00,83809.03,83809.04,83750.0,83770.01,26.29239
2026-09-25 15:29:00,83770.01,83773.2,83730.81,83766.46,12.42197
2026-09-25 15:30:00,83766.45,83876.0,83743.81,83757.97,32.22375
2026-09-25 15:31:00,83757.98,83791.69,83734.01,83790.0,16.1434
2026-09-25 15:32:00,83789.99,83892.01,83789.99,83828.47,15.57863
2026-09-25 15:33:00,83828.47,83848.01,83785.0,83785.0,13.27496
2026-09-25 15:34:00,83785.01,83785.01,83730.53,83744.89,17.77092
2026-09-25 15:35:00,83744.9,83758.2,83694.72,83711.18,17.34235
2026-09-25 15:36:00,83711.18,83724.59,83695.19,83711.0,8.64859
2026-09-25 15:37:00,83710.99,83743.7,83689.26,83695.93,11.65675
2026-09-25 15:38:00,83695.93,83712.02,83624.01,83624.01,22.29233
2026-09-25 15:39:00,83624.02,83628.01,83468.04,83478.56,102.07045
2026-09-25 15:40:00,83478.56,83610.99,83478.55,83601.08,21.46543
2026-09-25 15:41:00,83601.09,83617.81,83550.69,83550.7,13.60393
2026-09-25 15:42:00,83550.7,83563.24,83503.8,83552.6,13.86733
2026-09-25 15:43:00,83552.61,83583.01,83455.0,83467.74,43.78047
2026-09-25 15:44:00,83467.73,83511.92,83460.0,83474.35,10.39545
2026-09-25 15:45:00,83474.35,83511.43,83457.11,83457.11,11.9121
2026-09-25 15:46:00,83457.12,83541.52,83424.24,83524.82,14.85551
2026-09-25 15:47:00,83524.81,83582.0,83478.61,83478.61,15.94942
2026-09-25 15:48:00,83478.61,83478.62,83443.09,83444.01,10.15386
2026-09-25 15:49:00,83444.01,83458.42,83410.9,83433.18,14.01174
2026-09-25 15:50:00,83433.18,83443.34,83394.27,83435.96,18.83607
2026-09-25 15:51:00,83435.96,83435.96,83388.79,83388.79,17.51418
2026-09-25 15:52:00,83388.8,83475.09,83363.63,83467.57,17.36961
2026-09-25 15:53:00,83467.57,83487.82,83432.65,83476.0,9.27616
2026-09-25 15:54:00,83476.0,83546.0,83444.01,83513.22,23.01673
2026-09-25 15:55:00,83513.23,83581.99,83513.22,83569.15,16.32386
2026-09-25 15:56:00,83569.16,83618.01,83544.21,83618.01,10.82602
2026-09-25 15:57:00,83618.0,83631.69,83600.03,83631.69,9.45218
2026-09-25 15:58:00,83631.68,83722.01,83631.68,83722.0,16.15258
2026-09-25 15:59:00,83722.01,83796.01,83714.0,83796.01,19.07455
2026-09-25 16:00:00,83796.01,83910.0,83796.01,83910.0,42.87859
2026-09-25 16:01:00,83909.99,83934.7,83872.0,83925.99,53.93743
2026-09-25 16:02:00,83925.99,83997.29,83925.99,83990.01,64.49219
2026-09-25 16:03:00,83990.01,83990.01,83951.66,83986.0,17.50145
2026-09-25 16:04:00,83986.01,83997.29,83900.0,83970.0,17.12246
2026-09-25 16:05:00,83970.01,84024.82,83945.36,84016.01,27.02168
2026-09-25 16:06:00,84016.01,84077.64,83976.0,84059.8,39.76564
2026-09-25 16:07:00,84059.81,84069.0,83938.66,83979.49,14.84056
2026-09-25 16:08:00,83979.49,84014.01,83950.0,83960.53,12.51058
2026-09-25 16:09:00,83960.52,83984.01,83931.4,83984.01,10.57937
2026-09-25 16:10:00,83984.01,84047.29,83948.0,83948.0,23.3992
2026-09-25 16:11:00,83948.01,83992.01,83936.01,83992.01,6.00096
2026-09-25 16:12:00,83992.01,84028.01,83962.13,84004.01,14.8494
2026-09-25 16:13:00,84004.01,84004.01,83967.04,83969.73,19.43664
2026-09-25 16:14:00,83969.73,84010.49,83959.89,84010.48,5.39843
2026-09-25 16:15:00,84010.48,84069.0,84010.48,84054.0,7.76382
2026-09-25 16:16:00,84054.0,84103.45,84050.02,84086.41,20.25555
2026-09-25 16:17:00,84086.41,84115.87,84023.35,84023.36,11.39159
2026-09-25 16:18:00,84023.35,84057.75,83998.0,83998.0,9.63757
2026-09-25 16:19:00,83998.0,84044.0,83986.0,84040.93,12.36204
2026-09-25 16:20:00,84040.92,84062.0,83996.61,83996.61,7.50058
2026-09-25 16:21:00,83996.61,83996.62,83967.31,83972.56,3.98958
2026-09-25 16:22:00,83972.56,83990.97,83963.75,83970.01,7.38633
2026-09-25 16:23:00,83970.0,83974.0,83926.57,83949.98,7.184
2026-09-25 16:24:00,83950.01,83982.89,83950.0,83982.89,4.04508
2026-09-25 16:25:00,83982.89,84002.93,83982.88,83989.81,15.05097
2026-09-25 16:26:00,83989.81,84034.01,83988.89,84034.0,6.40065
2026-09-25 16:27:00,84034.0,84040.0,84004.01,84004.02,3.06297
2026-09-25 16:28:00,84004.01,84004.02,83968.98,83976.04,20.69128
2026-09-25 16:29:00,83976.03,83990.01,83962.38,83972.01,5.13527
2026-09-25 16:30:00,83972.01,83982.0,83957.11,83982.0,6.25588
2026-09-25 16:31:00,83981.99,83987.96,83962.01,83987.96,5.51897
2026-09-25 16:32:00,83987.96,84027.22,83978.42,84024.4,32.49741
2026-09-25 16:33:00,84024.41,84037.92,83974.34,83974.35,8.84586
2026-09-25 16:34:00,83974.34,83974.34,83819.86,83830.0,37.67882
2026-09-25 16:35:00,83830.01,83882.01,83820.0,83882.0,14.96867
2026-09-25 16:36:00,83882.0,83930.02,83878.0,83930.02,6.2448
2026-09-25 16:37:00,83930.02,83974.01,83930.01,83930.01,7.26332
2026-09-25 16:38:00,83930.0,83930.0,83871.35,83904.02,7.89384
2026-09-25 16:39:00,83904.02,83932.01,83904.01,83922.02,4.80084
2026-09-25 16:40:00,83922.02,83942.01,83882.0,83882.01,10.55506
2026-09-25 16:41:00,83882.01,83912.0,83882.0,83912.0,4.55539
2026-09-25 16:42:00,83912.0,83954.01,83911.99,83922.0,8.98774
2026-09-25 16:43:00,83922.01,83964.84,83922.0,83954.0,5.678
2026-09-25 16:44:00,83954.0,83979.13,83906.0,83906.01,10.03492
2026-09-25 16:45:00,83906.01,83906.01,83866.0,83884.0,7.37074
2026-09-25 16:46:00,83884.01,83902.01,83874.0,83878.0,6.08965
2026-09-25 16:47:00,83878.01,83878.01,83819.86,83819.86,6.50269
2026-09-25 16:48:00,83819.87,83819.87,83759.19,83760.0,10.68898
2026-09-25 16:49:00,83760.01,83796.01,83720.0,83796.01,18.23613
2026-09-25 16:50:00,83796.0,83816.0,83796.0,83804.01,6.39125
2026-09-25 16:51:00,83804.01,83846.01,83802.0,83846.01,2.93278
2026-09-25 16:52:00,83846.01,83892.23,83846.0,83892.22,4.07403
2026-09-25 16:53:00,83892.22,83898.01,83834.0,83834.01,10.96456
2026-09-25 16:54:00,83834.01,83864.69,83832.0,83856.01,3.88506
2026-09-25 16:55:00,83856.01,83860.01,83830.96,83860.0,2.33029
2026-09-25 16:56:00,83860.0,83860.01,83842.0,83842.0,3.82871
2026-09-25 16:57:00,83842.0,83842.0,83800.01,83800.01,2.32296
2026-09-25 16:58:00,83800.0,83800.0,83762.08,83762.09,7.86371
2026-09-25 16:59:00,83762.08,83762.09,83724.01,83742.22,10.3069
2026-09-25 17:00:00,83742.23,83778.01,83742.23,83762.16,9.07994
2026-09-25 17:01:00,83762.16,83870.01,83762.16,83870.0,12.69896
2026-09-25 17:02:00,83870.01,83903.79,83870.0,83903.79,10.09784
2026-09-25 17:03:00,83903.79,83920.41,83900.0,83900.0,18.98438
2026-09-25 17:04:00,83900.01,83943.9,83900.0,83943.89,7.41161
2026-09-25 17:05:00,83943.9,83950.95,83882.0,83882.01,10.46411
2026-09-25 17:06:00,83882.01,83890.01,83852.01,83853.36,28.28076
2026-09-25 17:07:00,83853.35,83881.93,83853.35,83868.03,15.94537
2026-09-25 17:08:00,83868.03,83897.89,83847.76,83897.88,8.59553
2026-09-25 17:09:00,83897.88,83962.01,83897.88,83962.0,3.78689
2026-09-25 17:10:00,83962.0,83962.01,83928.31,83928.32,7.57259
2026-09-25 17:11:00,83928.31,83950.0,83912.0,83912.05,12.16236
2026-09-25 17:12:00,83912.04,83932.02,83912.04,83932.02,8.13057
2026-09-25 17:13:00,83932.02,83959.92,83932.01,83959.92,3.56118
2026-09-25 17:14:00,83959.92,83959.93,83959.91,83959.93,2.41208
2026-09-25 17:15:00,83959.92,83980.01,83959.92,83980.01,8.07344
2026-09-25 17:16:00,83980.01,83995.84,83974.0,83974.0,19.32109
2026-09-25 17:17:00,83974.01,83980.17,83949.47,83950.0,24.15336
2026-09-25 17:18:00,83950.01,83951.52,83944.4,83951.52,6.2716
2026-09-25 17:19:00,83951.52,83959.26,83918.5,83919.97,14.15788
2026-09-25 17:20:00,83919.97,83929.55,83919.96,83922.0,8.4723
2026-09-25 17:21:00,83922.01,83926.01,83902.0,83902.01,11.51693
2026-09-25 17:22:00,83902.01,83930.0,83902.0,83909.44,15.38753
2026-09-25 17:23:00,83909.43,83930.95,83909.43,83929.13,7.0856
2026-09-25 17:24:00,83929.13,83929.13,83902.02,83904.0,9.89937
2026-09-25 17:25:00,83904.0,83904.0,83866.0,83866.0,12.46494
2026-09-25 17:26:00,83866.0,83874.01,83831.93,83831.93,11.62269
2026-09-25 17:27:00,83831.93,83831.94,83808.0,83825.99,9.84903
2026-09-25 17:28:00,83825.99,83826.01,83758.0,83758.0,11.00747
2026-09-25 17:29:00,83758.01,83758.01,83694.83,83694.84,9.08934
2026-09-25 17:30:00,83694.84,83694.84,83652.78,83690.51,12.47429
2026-09-25 17:31:00,83690.5,83690.5,83628.0,83632.0,13.13681
2026-09-25 17:32:00,83632.0,83792.01,83632.0,83760.01,12.63502
2026-09-25 17:33:00,83760.01,83801.8,83728.03,83728.04,12.72808
2026-09-25 17:34:00,83728.04,83750.01,83727.12,83750.01,5.16961
2026-09-25 17:35:00,83750.0,83750.0,83715.39,83724.01,5.74251
2026-09-25 17:36:00,83724.01,83750.01,83721.99,83722.0,7.17261
2026-09-25 17:37:00,83722.0,83722.0,83710.0,83710.0,3.71434
2026-09-25 17:38:00,83710.01,83729.32,83710.0,83728.02,7.22043
2026-09-25 17:39:00,83728.02,83779.58,83692.2,83754.01,21.93879
2026-09-25 17:40:00,83754.01,83812.01,83754.01,83760.01,17.70956
2026-09-25 17:41:00,83760.0,83828.01,83757.87,83828.01,21.94174
2026-09-25 17:42:00,83828.01,83840.53,83828.0,83834.0,4.16737
2026-09-25 17:43:00,83834.01,83838.89,83828.03,83838.88,3.10359
2026-09-25 17:44:00,83838.89,83838.89,83795.78,83803.7,6.30699
2026-09-25 17:45:00,83803.7,83803.7,83790.0,83794.01,2.75312
2026-09-25 17:46:00,83794.01,83810.01,83764.0,83764.01,8.14021
2026-09-25 17:47:00,83764.0,83764.01,83726.0,83752.01,4.98129
2026-09-25 17:48:00,83752.01,83778.01,83752.0,83754.78,4.32327
2026-09-25 17:49:00,83754.77,83792.01,83754.77,83792.01,4.33145
2026-09-25 17:50:00,83792.0,83792.01,83764.0,83764.0,5.09241
2026-09-25 17:51:00,83764.01,83764.01,83742.0,83742.01,3.04973
2026-09-25 17:52:00,83742.01,83742.01,83714.0,83714.0,2.49777
2026-09-25 17:53:00,83714.0,83730.0,83714.0,83724.01,4.69784
2026-09-25 17:54:00,83724.02,83726.27,83704.04,83726.27,25.08841
2026-09-25 17:55:00,83726.26,83732.01,83720.3,83732.0,3.02334
2026-09-25 17:56:00,83732.0,83747.43,83732.0,83747.43,22.14343
2026-09-25 17:57:00,83747.43,83747.43,83732.01,83732.02,7.56086
2026-09-25 17:58:00,83732.02,83753.8,83732.01,83745.09,2.56225
2026-09-25 17:59:00,83745.08,83785.11,83745.08,83785.11,3.0653
2026-09-25 18:00:00,83785.11,83829.86,83785.11,83829.86,4.70709
2026-09-25 18:01:00,83829.86,83865.14,83829.85,83854.08,9.15663
2026-09-25 18:02:00,83854.08,83870.0,83812.0,83814.0,7.65261
2026-09-25 18:03:00,83814.01,83849.96,83809.03,83849.96,4.94227
2026-09-25 18:04:00,83849.96,83849.96,83834.0,83834.01,3.90017
2026-09-25 18:05:00,83834.01,83834.01,83816.94,83816.94,3.67964
2026-09-25 18:06:00,83816.94,83889.53,83816.94,83889.52,8.14453
2026-09-25 18:07:00,83889.53,83889.53,83884.01,83887.76,3.20115
2026-09-25 18:08:00,83887.77,83888.01,83887.76,83888.0,1.89521
2026-09-25 18:09:00,83888.01,83956.01,83888.0,83956.01,11.81569
2026-09-25 18:10:00,83956.01,83965.54,83946.41,83957.92,10.57612
2026-09-25 18:11:00,83957.93,83975.3,83954.0,83975.29,5.49269
2026-09-25 18:12:00,83975.29,84019.97,83975.29,84019.97,4.99787
2026-09-25 18:13:00,84019.96,84019.97,84000.0,84002.87,3.74312
2026-09-25 18:14:00,84002.86,84004.01,83996.0,83998.76,4.54272
2026-09-25 18:15:00,83998.76,84004.05,83988.0,84004.04,4.62344
2026-09-25 18:16:00,84004.05,84004.05,84004.04,84004.04,3.04614
2026-09-25 18:17:00,84004.04,84040.99,84004.04,84028.01,8.22971
2026-09-25 18:18:00,84028.01,84032.01,84028.01,84032.01,1.49563
2026-09-25 18:19:00,84032.01,84056.01,84030.21,84056.01,8.56749
2026-09-25 18:20:00,84056.0,84081.41,84056.0,84063.19,12.11868
2026-09-25 18:21:00,84063.19,84063.19,84046.67,84046.68,4.40273
2026-09-25 18:22:00,84046.67,84046.68,84004.0,84006.98,10.13561
2026-09-25 18:23:00,84006.97,84017.46,84006.97,84014.02,6.24926
2026-09-25 18:24:00,84014.02,84021.85,84006.01,84021.85,7.77923
2026-09-25 18:25:00,84021.85,84051.99,84021.84,84051.99,10.75515
2026-09-25 18:26:00,84051.98,84051.99,83932.0,83932.0,17.3645
2026-09-25 18:27:00,83932.01,83959.26,83904.0,83904.01,9.93432
2026-09-25 18:28:00,83904.0,83966.01,83902.69,83966.0,8.12298
2026-09-25 18:29:00,83966.01,83966.01,83948.58,83958.0,4.25449
2026-09-25 18:30:00,83958.01,83984.01,83958.01,83981.11,8.9656
2026-09-25 18:31:00,83981.11,83993.89,83981.1,83981.1,9.42845
2026-09-25 18:32:00,83981.1,83982.01,83981.1,83982.01,1.65746
2026-09-25 18:33:00,83982.0,83998.64,83982.0,83996.0,3.12352
2026-09-25 18:34:00,83996.0,83996.01,83980.8,83990.11,4.41291
2026-09-25 18:35:00,83990.12,84020.01,83956.0,84020.01,11.90678
2026-09-25 18:36:00,84020.01,84020.01,83986.0,83986.0,6.2048
2026-09-25 18:37:00,83986.0,83986.0,83944.0,83944.0,6.7328
2026-09-25 18:38:00,83944.0,83963.46,83932.0,83963.46,7.06586
2026-09-25 18:39:00,83963.46,83963.46,83930.0,83930.0,5.20927
2026-09-25 18:40:00,83930.0,83930.01,83916.08,83919.46,5.00662
2026-09-25 18:41:00,83919.46,83946.35,83919.45,83946.35,1.99423
2026-09-25 18:42:00,83946.35,83963.91,83946.34,83962.01,7.69737
2026-09-25 18:43:00,83962.0,83965.98,83962.0,83965.97,2.65712
2026-09-25 18:44:00,83965.97,83980.54,83965.97,83980.54,1.55118
2026-09-25 18:45:00,83980.54,84000.0,83980.54,83997.18,3.56026
2026-09-25 18:46:00,83997.18,84003.47,83997.17,83997.38,1.12913
2026-09-25 18:47:00,83997.37,83997.38,83953.36,83953.36,4.29591
2026-09-25 18:48:00,83953.36,83953.37,83942.0,83944.71,6.03044
2026-09-25 18:49:00,83944.7,83974.01,83944.7,83962.0,3.29269
2026-09-25 18:50:00,83962.01,83962.01,83956.0,83956.0,0.88496
2026-09-25 18:51:00,83956.01,83966.01,83940.01,83941.36,5.3289
2026-09-25 18:52:00,83941.37,83960.0,83941.36,83960.0,2.4927
2026-09-25 18:53:00,83960.0,83961.1,83960.0,83961.1,5.27854
2026-09-25 18:54:00,83961.1,83971.24,83938.6,83971.24,6.48237
2026-09-25 18:55:00,83971.24,84000.0,83971.24,83972.0,5.92145
2026-09-25 18:56:00,83972.0,83972.01,83966.0,83966.01,1.11207
2026-09-25 18:57:00,83966.0,83970.01,83952.0,83970.01,5.81841
2026-09-25 18:58:00,83970.0,83970.01,83968.0,83968.0,0.76153
2026-09-25 18:59:00,83968.01,83968.01,83968.0,83968.0,0.37377
2026-09-25 19:00:00,83968.01,83984.01,83945.74,83945.75,7.23581
2026-09-25 19:01:00,83945.74,83983.42,83934.0,83968.0,7.61963
2026-09-25 19:02:00,83968.01,83968.01,83940.0,83950.0,4.91044
2026-09-25 19:03:00,83950.0,83950.01,83942.0,83944.01,5.53552
2026-09-25 19:04:00,83944.0,83944.01,83942.0,83942.02,8.5506
2026-09-25 19:05:00,83942.01,83986.41,83942.01,83974.0,8.2381
2026-09-25 19:06:00,83974.0,83985.43,83974.0,83985.43,4.11578
2026-09-25 19:07:00,83985.42,84015.29,83984.0,84015.28,4.59992
2026-09-25 19:08:00,84015.28,84015.28,83990.0,83992.09,5.20534
2026-09-25 19:09:00,83992.1,83992.1,83936.0,83936.01,4.86785
2026-09-25 19:10:00,83936.01,83950.19,83936.0,83950.19,3.50417
2026-09-25 19:11:00,83950.19,84000.01,83950.18,83994.0,7.19891
2026-09-25 19:12:00,83994.0,84025.79,83988.72,84025.79,5.57039
2026-09-25 19:13:00,84025.8,84050.01,84025.8,84049.57,15.73934
2026-09-25 19:14:00,84049.57,84049.98,84049.56,84049.97,1.51128
2026-09-25 19:15:00,84049.97,84050.0,84026.0,84026.0,9.17221
2026-09-25 19:16:00,84026.01,84026.87,83990.52,83990.53,2.28751
2026-09-25 19:17:00,83990.53,84023.51,83990.52,83992.01,6.09313
2026-09-25 19:18:00,83992.02,83999.36,83992.01,83999.35,2.01473
2026-09-25 19:19:00,83999.35,83999.36,83986.01,83986.02,5.61148
2026-09-25 19:20:00,83986.02,84010.88,83986.02,84010.87,2.20345
2026-09-25 19:21:00,84010.88,84032.99,84010.0,84022.01,6.42287
2026-09-25 19:22:00,84022.01,84041.37,84022.0,84041.37,1.2943
2026-09-25 19:23:00,84041.37,84041.37,84016.65,84016.65,6.0914
2026-09-25 19:24:00,84016.65,84033.22,83989.33,83989.33,6.1304
2026-09-25 19:25:00,83989.23,83999.2,83954.0,83972.0,8.26715
2026-09-25 19:26:00,83972.0,83978.01,83972.0,83978.0,4.4381
2026-09-25 19:27:00,83978.01,83992.67,83978.01,83982.01,3.25305
2026-09-25 19:28:00,83982.0,83984.68,83982.0,83984.67,0.89528
2026-09-25 19:29:00,83984.68,84021.87,83984.67,84007.3,6.51897
2026-09-25 19:30:00,84007.29,84018.0,84006.79,84008.0,3.28187
2026-09-25 19:31:00,84008.0,84014.01,84008.0,84014.01,5.00353
2026-09-25 19:32:00,84014.01,84024.74,84012.0,84022.0,3.99571
2026-09-25 19:33:00,84022.01,84031.44,84016.0,84031.43,1.73797
2026-09-25 19:34:00,84031.43,84031.44,84010.01,84010.02,1.99635
2026-09-25 19:35:00,84010.01,84010.02,84004.0,84004.0,4.13562
2026-09-25 19:36:00,84004.01,84046.01,84004.0,84046.0,7.63898
2026-09-25 19:37:00,84046.0,84072.01,84036.0,84057.55,15.76464
2026-09-25 19:38:00,84057.55,84071.55,84057.55,84066.0,4.99876
2026-09-25 19:39:00,84066.01,84066.01,84000.0,84000.0,12.75515
2026-09-25 19:40:00,84000.0,84000.01,83986.0,83986.0,1.49627
2026-09-25 19:41:00,83986.01,83986.01,83956.52,83957.0,6.24916
2026-09-25 19:42:00,83956.99,83972.01,83956.99,83972.0,2.91824
2026-09-25 19:43:00,83972.01,83986.27,83970.0,83986.26,4.80316
2026-09-25 19:44:00,83986.27,83986.47,83986.26,83986.47,0.88788
2026-09-25 19:45:00,83986.47,84033.45,83986.46,84016.0,6.37545
2026-09-25 19:46:00,84016.0,84063.19,84016.0,84063.18,3.89369
2026-09-25 19:47:00,84063.19,84078.23,84040.2,84040.2,9.61206
2026-09-25 19:48:00,84040.2,84040.2,84025.05,84028.0,2.95662
2026-09-25 19:49:00,84028.0,84028.01,84000.0,84014.0,8.16621
2026-09-25 19:50:00,84014.01,84038.01,84005.07,84038.01,8.77704
2026-09-25 19:51:00,84038.01,84038.01,84028.0,84028.0,2.7089
2026-09-25 19:52:00,84028.0,84028.01,84004.0,84024.0,6.3099
2026-09-25 19:53:00,84024.0,84024.01,83992.0,84012.97,7.14333
2026-09-25 19:54:00,84012.97,84022.01,84012.97,84016.63,3.91995
2026-09-25 19:55:00,84016.63,84022.01,84016.62,84016.63,3.51039
2026-09-25 19:56:00,84016.62,84020.01,84000.0,84020.01,4.15308
2026-09-25 19:57:00,84020.01,84038.01,84020.0,84038.0,2.20301
2026-09-25 19:58:00,84038.01,84045.65,84038.0,84045.14,3.18888
2026-09-25 19:59:00,84045.15,84058.01,84020.0,84020.01,13.28768
2026-09-25 20:00:00,84020.01,84043.9,84000.0,84000.01,5.41329
2026-09-25 20:01:00,84000.0,84016.01,83996.2,84014.0,3.37072
2026-09-25 20:02:00,84014.0,84016.01,84002.0,84002.01,2.57964
2026-09-25 20:03:00,84002.0,84002.01,83977.34,83977.35,3.18155
2026-09-25 20:04:00,83977.35,83999.55,83946.0,83952.0,10.03292
2026-09-25 20:05:00,83952.0,83956.01,83952.0,83954.0,1.53713
2026-09-25 20:06:00,83954.01,83954.01,83954.0,83954.0,0.82166
2026-09-25 20:07:00,83954.01,83956.88,83954.0,83956.87,3.88135
2026-09-25 20:08:00,83956.88,83984.59,83956.87,83962.0,8.05027
2026-09-25 20:09:00,83962.01,83976.0,83962.0,83976.0,6.36041
2026-09-25 20:10:00,83976.0,83985.79,83956.36,83956.36,5.01282
2026-09-25 20:11:00,83956.36,83956.37,83956.36,83956.37,0.21654
2026-09-25 20:12:00,83956.37,83976.02,83956.36,83976.0,4.10907
2026-09-25 20:13:00,83976.0,83976.01,83976.0,83976.01,0.46986
2026-09-25 20:14:00,83976.0,83984.71,83974.49,83974.49,9.25976
2026-09-25 20:15:00,83974.49,83974.5,83974.49,83974.49,1.15774
2026-09-25 20:16:00,83974.49,83978.95,83974.49,83978.94,1.41776
2026-09-25 20:17:00,83978.95,83992.01,83978.94,83992.01,1.15209
2026-09-25 20:18:00,83992.0,84008.57,83992.0,84008.0,5.20982
2026-09-25 20:19:00,84008.0,84008.57,84007.21,84007.21,3.05133
2026-09-25 20:20:00,84007.22,84007.22,83999.43,83999.44,4.77209
2026-09-25 20:21:00,83999.44,83999.44,83994.93,83994.94,1.89757
2026-09-25 20:22:00,83994.94,84015.57,83994.93,84015.56,25.6803
2026-09-25 20:23:00,84015.57,84050.0,84015.56,84050.0,9.79231
2026-09-25 20:24:00,84050.0,84101.12,84050.0,84101.12,11.16188
2026-09-25 20:25:00,84101.12,84101.12,84074.0,84074.0,4.72903
2026-09-25 20:26:00,84074.0,84088.19,84058.35,84088.19,3.30187
2026-09-25 20:27:00,84088.18,84088.19,84075.21,84075.21,4.07407
2026-09-25 20:28:00,84075.22,84075.22,84064.91,84064.91,5.48336
2026-09-25 20:29:00,84064.91,84064.92,84064.91,84064.92,1.17276
2026-09-25 20:30:00,84064.91,84064.92,84054.03,84054.03,2.90894
2026-09-25 20:31:00,84054.03,84054.04,84054.03,84054.03,1.75215
2026-09-25 20:32:00,84054.04,84064.92,84054.03,84064.91,1.64045
2026-09-25 20:33:00,84064.92,84074.92,84064.91,84074.92,1.59317
2026-09-25 20:34:00,84074.91,84074.92,84074.91,84074.91,1.04297
2026-09-25 20:35:00,84074.92,84074.92,84074.91,84074.92,2.56369
2026-09-25 20:36:00,84074.91,84074.91,84068.0,84068.0,1.71787
2026-09-25 20:37:00,84068.01,84068.01,84068.0,84068.01,0.35947
2026-09-25 20:38:00,84068.0,84193.39,84051.75,84189.98,32.27552
2026-09-25 20:39:00,84189.98,84189.98,84156.0,84156.01,10.0582
2026-09-25 20:40:00,84156.01,84156.01,84131.05,84131.05,3.93299
2026-09-25 20:41:00,84131.06,84131.06,84061.22,84061.23,7.71969
2026-09-25 20:42:00,84061.22,84098.01,84061.22,84098.01,7.64015
2026-09-25 20:43:00,84098.0,84140.01,84092.0,84140.0,2.57759
2026-09-25 20:44:00,84140.01,84140.01,84104.0,84122.01,3.31505
2026-09-25 20:45:00,84122.01,84122.01,84104.0,84104.01,3.69856
2026-09-25 20:46:00,84104.01,84104.01,84100.0,84100.0,4.57675
2026-09-25 20:47:00,84100.0,84100.01,84072.0,84072.01,2.72644
2026-09-25 20:48:00,84072.01,84088.8,84072.0,84088.8,2.58199
2026-09-25 20:49:00,84088.79,84088.79,84038.0,84039.61,3.61343
2026-09-25 20:50:00,84039.61,84039.61,83974.0,83974.0,6.22192
2026-09-25 20:51:00,83974.0,83984.0,83950.24,83984.0,6.89243
2026-09-25 20:52:00,83984.0,84001.32,83984.0,83996.0,3.97106
2026-09-25 20:53:00,83996.01,84000.01,83970.75,83970.75,5.87531
2026-09-25 20:54:00,83970.76,83970.76,83910.56,83924.01,8.24388
2026-09-25 20:55:00,83924.0,83928.01,83817.89,83848.01,17.32886
2026-09-25 20:56:00,83848.0,83861.16,83846.0,83846.01,4.15098
2026-09-25 20:57:00,83846.01,83866.01,83846.0,83866.01,4.38065
2026-09-25 20:58:00,83866.0,83878.01,83866.0,83878.01,1.66895
2026-09-25 20:59:00,83878.0,83888.01,83878.0,83886.0,3.55864
2026-09-25 21:00:00,83886.01,83916.01,83876.0,83916.0,4.80899
2026-09-25 21:01:00,83916.01,83921.36,83899.02,83899.03,3.58032
2026-09-25 21:02:00,83899.03,83899.03,83884.0,83888.02,2.99754
2026-09-25 21:03:00,83888.02,83888.02,83848.86,83848.87,4.02307
2026-09-25 21:04:00,83848.86,83848.87,83816.94,83836.0,6.63156
2026-09-25 21:05:00,83836.01,83844.01,83744.92,83754.01,35.11816
2026-09-25 21:06:00,83754.0,83754.0,83657.14,83694.01,19.75416
2026-09-25 21:07:00,83694.01,83706.01,83660.0,83664.94,12.98591
2026-09-25 21:08:00,83664.94,83690.01,83664.94,83690.01,7.7731
2026-09-25 21:09:00,83690.01,83724.01,83690.0,83724.01,3.001
2026-09-25 21:10:00,83724.0,83724.01,83712.3,83724.0,5.94745
2026-09-25 21:11:00,83724.01,83724.01,83724.0,83724.01,0.83408
2026-09-25 21:12:00,83724.0,83742.5,83724.0,83742.5,2.81971
2026-09-25 21:13:00,83742.5,83742.5,83720.11,83720.12,9.98454
2026-09-25 21:14:00,83720.12,83720.12,83696.49,83696.49,7.99849
2026-09-25 21:15:00,83696.49,83700.51,83683.0,83683.01,8.17161
2026-09-25 21:16:00,83683.0,83683.01,83666.0,83666.0,2.29244
2026-09-25 21:17:00,83666.0,83670.0,83652.0,83664.0,11.01207
2026-09-25 21:18:00,83664.01,83664.01,83632.03,83646.01,7.09055
2026-09-25 21:19:00,83646.01,83646.01,83636.01,83640.73,3.59195
2026-09-25 21:20:00,83640.73,83670.0,83640.72,83670.0,3.2622
2026-09-25 21:21:00,83670.0,83719.28,83669.99,83713.09,9.20419
2026-09-25 21:22:00,83713.08,83713.09,83693.62,83693.62,5.55392
2026-09-25 21:23:00,83693.62,83715.92,83684.01,83715.92,5.01966
2026-09-25 21:24:00,83715.92,83734.87,83715.91,83734.87,3.53138
2026-09-25 21:25:00,83734.86,83734.87,83725.64,83725.64,1.6741
2026-09-25 21:26:00,83725.65,83747.04,83725.64,83747.04,4.67036
2026-09-25 21:27:00,83747.04,83773.68,83747.03,83773.68,2.89759
2026-09-25 21:28:00,83773.68,83773.69,83773.67,83773.69,1.30305
2026-09-25 21:29:00,83773.69,83773.69,83773.68,83773.68,0.85061
2026-09-25 21:30:00,83773.69,83779.74,83773.68,83779.73,0.5428
2026-09-25 21:31:00,83779.74,83779.74,83779.73,83779.74,0.64927
2026-09-25 21:32:00,83779.74,83779.74,83779.73,83779.73,1.07778
2026-09-25 21:33:00,83779.73,83779.74,83779.73,83779.74,0.53983
2026-09-25 21:34:00,83779.74,83795.31,83769.06,83795.31,9.63678
2026-09-25 21:35:00,83795.31,83816.25,83784.0,83816.24,5.69421
2026-09-25 21:36:00,83816.25,83816.25,83764.0,83764.01,6.61475
2026-09-25 21:37:00,83764.0,83782.01,83734.86,83734.86,7.37756
2026-09-25 21:38:00,83734.87,83796.5,83725.36,83796.3,5.90592
2026-09-25 21:39:00,83796.3,83802.01,83796.3,83802.01,0.99519
2026-09-25 21:40:00,83802.01,83814.01,83802.01,83810.01,3.25061
2026-09-25 21:41:00,83810.01,83814.01,83810.0,83814.0,0.53789
2026-09-25 21:42:00,83814.01,83822.01,83814.0,83822.0,1.49392
2026-09-25 21:43:00,83822.01,83840.87,83820.0,83820.05,5.25918
2026-09-25 21:44:00,83820.01,83820.01,83806.0,83814.6,3.73987
2026-09-25 21:45:00,83814.6,83814.6,83814.59,83814.59,0.16857
2026-09-25 21:46:00,83814.6,83840.01,83814.59,83840.01,0.99698
2026-09-25 21:47:00,83840.01,83840.01,83825.56,83825.56,4.92838
2026-09-25 21:48:00,83825.57,83830.01,83825.56,83830.0,0.6814
2026-09-25 21:49:00,83830.01,83859.42,83830.0,83859.42,1.53214
2026-09-25 21:50:00,83859.41,83874.4,83859.41,83874.4,0.53032
2026-09-25 21:51:00,83874.4,83874.42,83874.39,83874.42,0.7483
2026-09-25 21:52:00,83874.41,83886.0,83874.41,83876.0,5.92484
2026-09-25 21:53:00,83876.0,83876.0,83849.69,83849.7,4.24837
2026-09-25 21:54:00,83849.7,83849.7,83849.69,83849.69,0.84375
2026-09-25 21:55:00,83849.7,83849.7,83849.69,83849.7,1.36784
2026-09-25 21:56:00,83849.69,83849.7,83849.69,83849.69,0.99163
2026-09-25 21:57:00,83849.69,83849.7,83831.98,83838.01,3.47282
2026-09-25 21:58:00,83838.01,83848.01,83799.82,83800.0,78.28972
2026-09-25 21:59:00,83800.0,83800.0,83789.92,83792.0,9.42279
2026-09-25 22:00:00,83792.0,83798.01,83792.0,83798.01,1.61241
2026-09-25 22:01:00,83798.01,83798.01,83765.26,83784.01,7.16348
2026-09-25 22:02:00,83784.01,83798.01,83784.0,83798.01,2.27507
2026-09-25 22:03:00,83798.01,83839.94,83798.0,83839.94,3.30005
2026-09-25 22:04:00,83839.93,83858.01,83839.93,83858.0,1.16961
2026-09-25 22:05:00,83858.01,83886.01,83858.0,83882.01,6.56825
2026-09-25 22:06:00,83882.0,83886.0,83882.0,83885.99,1.41969
2026-09-25 22:07:00,83886.0,83886.0,83885.99,83886.0,0.77095
2026-09-25 22:08:00,83886.0,83886.0,83885.99,83886.0,1.05491
2026-09-25 22:09:00,83885.99,83920.72,83885.99,83920.71,5.73211
2026-09-25 22:10:00,83920.72,83927.14,83920.71,83927.14,2.32983
2026-09-25 22:11:00,83927.14,83927.14,83919.44,83922.01,1.95955
2026-09-25 22:12:00,83922.01,83926.74,83922.01,83924.75,1.61153
2026-09-25 22:13:00,83924.75,83933.94,83924.74,83933.93,1.1791
2026-09-25 22:14:00,83933.94,83933.94,83933.93,83933.94,0.87721
2026-09-25 22:15:00,83933.94,83933.94,83933.93,83933.93,0.59076
2026-09-25 22:16:00,83933.94,83950.73,83933.93,83950.72,2.43797
2026-09-25 22:17:00,83950.73,83950.74,83950.72,83950.74,6.68102
2026-09-25 22:18:00,83950.73,83950.74,83950.72,83950.72,1.97823
2026-09-25 22:19:00,83950.73,83958.01,83950.72,83958.01,1.60524
2026-09-25 22:20:00,83958.01,83958.01,83950.72,83950.73,4.07903
2026-09-25 22:21:00,83950.72,83950.72,83935.62,83935.63,4.07707
2026-09-25 22:22:00,83935.63,83957.52,83935.62,83957.51,3.75434
2026-09-25 22:23:00,83957.52,83970.01,83957.51,83961.02,12.22227
2026-09-25 22:24:00,83961.03,83970.26,83961.02,83970.25,12.65375
2026-09-25 22:25:00,83970.25,83970.26,83970.25,83970.25,1.4267
2026-09-25 22:26:00,83970.26,83970.26,83969.55,83969.55,5.56131
2026-09-25 22:27:00,83969.56,83973.99,83969.55,83970.01,1.54466
2026-09-25 22:28:00,83970.01,83970.01,83900.57,83900.58,52.25875
2026-09-25 22:29:00,83900.57,83906.01,83900.57,83906.0,1.17243
2026-09-25 22:30:00,83906.0,83914.0,83906.0,83913.99,0.82675
2026-09-25 22:31:00,83913.99,83961.02,83913.99,83961.02,4.66024
2026-09-25 22:32:00,83961.02,83979.77,83961.02,83979.76,3.03471
2026-09-25 22:33:00,83979.77,83997.27,83979.77,83997.27,3.73562
2026-09-25 22:34:00,83997.27,84024.01,83997.27,84024.01,3.46742
2026-09-25 22:35:00,84024.01,84051.66,84024.0,84046.53,5.07443
2026-09-25 22:36:00,84046.53,84056.01,84046.52,84052.02,6.36262
2026-09-25 22:37:00,84052.01,84052.02,84052.01,84052.02,1.25703
2026-09-25 22:38:00,84052.01,84070.01,84052.01,84056.01,5.68876
2026-09-25 22:39:00,84056.01,84089.61,84056.0,84089.61,4.93389
2026-09-25 22:40:00,84089.6,84098.5,84080.0,84098.49,8.93271
2026-09-25 22:41:00,84098.5,84098.5,84071.95,84071.96,2.55154
2026-09-25 22:42:00,84071.95,84085.95,84071.95,84082.01,2.68927
2026-09-25 22:43:00,84082.0,84082.01,84070.0,84082.0,4.66557
2026-09-25 22:44:00,84082.01,84082.01,84072.96,84079.69,5.61808
2026-09-25 22:45:00,84079.69,84079.69,84079.68,84079.68,0.60024
2026-09-25 22:46:00,84079.69,84079.69,84079.68,84079.68,0.69817
2026-09-25 22:47:00,84079.68,84079.69,84041.73,84051.75,16.45564
2026-09-25 22:48:00,84051.75,84084.0,84051.75,84063.19,8.10807
2026-09-25 22:49:00,84063.19,84063.19,84056.02,84056.03,0.92547
2026-09-25 22:50:00,84056.03,84060.0,84056.02,84059.99,1.65114
2026-09-25 22:51:00,84059.99,84060.88,84059.99,84060.88,0.65368
2026-09-25 22:52:00,84060.88,84084.01,84060.88,84084.01,2.90985
2026-09-25 22:53:00,84084.0,84096.01,84084.0,84096.01,2.55177
2026-09-25 22:54:00,84096.01,84123.35,84096.0,84118.01,4.80693
2026-09-25 22:55:00,84118.01,84123.35,84118.0,84123.34,1.31605
2026-09-25 22:56:00,84123.35,84123.35,84118.1,84123.35,1.39139
2026-09-25 22:57:00,84123.35,84123.35,84108.0,84108.01,3.08516
2026-09-25 22:58:00,84108.01,84108.01,84068.0,84070.0,7.29722
2026-09-25 22:59:00,84070.0,84100.0,84063.19,84083.05,100.90277
2026-09-25 23:00:00,84083.05,84083.06,84083.05,84083.06,1.10779
2026-09-25 23:01:00,84083.06,84089.84,84078.54,84089.83,2.7108
2026-09-25 23:02:00,84089.84,84089.84,84089.83,84089.84,0.66089
2026-09-25 23:03:00,84089.83,84090.0,84089.83,84090.0,1.84472
2026-09-25 23:04:00,84089.99,84090.0,84089.99,84090.0,1.08476
2026-09-25 23:05:00,84090.0,84094.01,84089.99,84094.01,6.44518
2026-09-25 23:06:00,84094.0,84100.0,84094.0,84100.0,1.88052
2026-09-25 23:07:00,84100.0,84100.0,84094.0,84098.31,1.63061
2026-09-25 23:08:00,84098.32,84098.32,84098.31,84098.32,1.38442
2026-09-25 23:09:00,84098.32,84098.32,84089.9,84089.9,5.03192
2026-09-25 23:10:00,84089.9,84100.0,84089.9,84099.45,3.27824
2026-09-25 23:11:00,84099.46,84099.46,84099.45,84099.46,0.39613
2026-09-25 23:12:00,84099.46,84099.46,84086.0,84086.01,4.67056
2026-09-25 23:13:00,84086.01,84086.01,84069.83,84069.84,10.21079
2026-09-25 23:14:00,84069.84,84073.86,84059.86,84059.94,50.60361
2026-09-25 23:15:00,84059.93,84070.01,84059.93,84070.01,2.80489
2026-09-25 23:16:00,84070.01,84072.8,84070.0,84072.8,1.31508
2026-09-25 23:17:00,84072.79,84073.68,84072.79,84073.68,1.58364
2026-09-25 23:18:00,84073.68,84073.68,84073.67,84073.67,1.38036
2026-09-25 23:19:00,84073.68,84073.68,84073.67,84073.68,2.72944
2026-09-25 23:20:00,84073.68,84073.68,84073.67,84073.67,0.76616
2026-09-25 23:21:00,84073.68,84073.68,84073.67,84073.68,0.69032
2026-09-25 23:22:00,84073.68,84080.0,84073.68,84076.06,2.74253
2026-09-25 23:23:00,84076.07,84076.07,84074.88,84074.88,1.18979
2026-09-25 23:24:00,84074.88,84074.89,84020.0,84020.0,10.39933
2026-09-25 23:25:00,84020.0,84020.01,84020.0,84020.0,1.918
2026-09-25 23:26:00,84020.01,84073.17,84020.0,84073.06,22.81239
2026-09-25 23:27:00,84073.07,84079.01,84064.0,84079.0,30.47095
2026-09-25 23:28:00,84079.0,84096.34,84079.0,84084.01,21.5383
2026-09-25 23:29:00,84084.0,84097.05,84084.0,84097.04,3.87306
2026-09-25 23:30:00,84097.05,84104.73,84079.85,84090.75,18.33099
2026-09-25 23:31:00,84090.75,84106.0,84090.75,84092.51,6.72187
2026-09-25 23:32:00,84092.51,84100.01,84090.01,84100.01,2.78458
2026-09-25 23:33:00,84100.01,84100.01,84098.65,84098.66,2.36678
2026-09-25 23:34:00,84098.66,84098.66,84075.65,84075.66,3.43891
2026-09-25 23:35:00,84075.66,84075.66,84075.65,84075.65,1.37512
2026-09-25 23:36:00,84075.66,84082.01,84075.66,84082.0,1.64697
2026-09-25 23:37:00,84082.01,84082.01,84082.0,84082.0,0.38213
2026-09-25 23:38:00,84082.01,84084.01,84082.0,84084.01,2.49495
2026-09-25 23:39:00,84084.01,84090.77,84084.01,84090.77,1.55185
2026-09-25 23:40:00,84090.76,84090.77,84090.76,84090.77,1.60199
2026-09-25 23:41:00,84090.77,84090.77,84086.0,84086.0,3.97112
2026-09-25 23:42:00,84086.01,84086.01,84078.52,84078.52,2.14054
2026-09-25 23:43:00,84078.52,84080.01,84078.52,84080.0,7.0381
2026-09-25 23:44:00,84080.0,84080.01,84079.99,84080.0,7.54879
2026-09-25 23:45:00,84080.0,84080.0,84079.99,84080.0,0.87485
2026-09-25 23:46:00,84080.0,84080.0,84079.99,84080.0,1.22716
2026-09-25 23:47:00,84079.99,84080.0,84079.99,84079.99,1.47166
2026-09-25 23:48:00,84079.99,84080.0,84079.99,84080.0,3.96376
2026-09-25 23:49:00,84080.0,84080.0,84079.99,84080.0,2.17347
2026-09-25 23:50:00,84080.0,84080.0,84079.99,84079.99,3.02541
2026-09-25 23:51:00,84080.0,84080.0,84079.99,84079.99,2.95179
2026-09-25 23:52:00,84080.0,84080.0,84079.99,84080.0,4.46706
2026-09-25 23:53:00,84080.0,84080.0,84054.99,84055.0,30.63156
2026-09-25 23:54:00,84054.99,84055.0,84038.11,84040.79,16.95246
2026-09-25 23:55:00,84040.79,84044.76,84040.79,84044.76,4.75602
2026-09-25 23:56:00,84044.75,84060.01,84044.75,84060.0,6.55177
2026-09-25 23:57:00,84060.01,84060.01,84060.0,84060.01,1.38133
2026-09-25 23:58:00,84060.0,84060.01,84060.0,84060.01,8.56449
2026-09-25 23:59:00,84060.01,84100.0,84060.01,84099.99,35.99084
2026-09-26 00:00:00,84100.0,84100.0,84085.44,84085.44,9.8796
2026-09-26 00:01:00,84085.43,84085.43,84074.23,84079.72,2.53195
2026-09-26 00:02:00,84079.72,84079.72,84074.23,84074.24,3.84175
2026-09-26 00:03:00,84074.24,84074.24,84063.17,84063.17,6.58786
2026-09-26 00:04:00,84063.17,84063.18,84060.0,84060.0,6.81928
2026-09-26 00:05:00,84060.0,84060.01,84060.0,84060.01,1.08633
2026-09-26 00:06:00,84060.0,84063.17,84060.0,84063.17,2.08461
2026-09-26 00:07:00,84063.16,84100.0,84060.0,84099.99,30.11819
2026-09-26 00:08:00,84099.99,84145.26,84099.99,84124.01,12.93656
2026-09-26 00:09:00,84124.01,84124.01,84082.53,84087.99,8.77513
2026-09-26 00:10:00,84088.0,84088.0,84085.0,84085.0,3.37902
2026-09-26 00:11:00,84085.0,84085.01,84085.0,84085.01,2.75097
2026-09-26 00:12:00,84085.01,84085.01,84063.2,84063.2,3.88766
2026-09-26 00:13:00,84063.2,84104.01,84063.2,84104.0,7.02516
2026-09-26 00:14:00,84104.0,84104.0,84074.04,84074.05,10.92329
2026-09-26 00:15:00,84074.04,84078.71,84074.04,84078.71,1.40033
2026-09-26 00:16:00,84078.71,84078.71,84063.2,84063.2,5.16523
2026-09-26 00:17:00,84063.21,84063.21,84063.2,84063.2,2.48342
2026-09-26 00:18:00,84063.21,84063.21,84063.2,84063.21,3.56075
2026-09-26 00:19:00,84063.2,84063.21,84044.75,84044.75,13.48068
2026-09-26 00:20:00,84044.75,84049.44,84044.75,84049.44,1.90778
2026-09-26 00:21:00,84049.44,84066.01,84049.44,84066.0,1.56035
2026-09-26 00:22:00,84066.01,84066.01,84045.22,84045.23,3.234
2026-09-26 00:23:00,84045.23,84045.23,84040.0,84040.0,6.28187
2026-09-26 00:24:00,84040.01,84049.99,84040.0,84049.99,4.90434
2026-09-26 00:25:00,84050.0,84050.0,84049.99,84049.99,1.89635
2026-09-26 00:26:00,84050.0,84050.0,84031.59,84031.6,6.31596
2026-09-26 00:27:00,84031.59,84031.6,84014.0,84014.02,7.54137
2026-09-26 00:28:00,84014.03,84014.03,83922.74,83933.48,28.58083
2026-09-26 00:29:00,83933.47,83950.41,83933.47,83950.41,4.21792
2026-09-26 00:30:00,83950.41,83950.41,83950.4,83950.41,0.89137
2026-09-26 00:31:00,83950.41,83950.41,83834.28,83834.28,15.82818
2026-09-26 00:32:00,83834.28,83866.01,83834.28,83855.67,11.07902
2026-09-26 00:33:00,83855.67,83855.68,83832.0,83832.0,6.2034
2026-09-26 00:34:00,83832.0,83837.38,83826.0,83826.32,4.33177
2026-09-26 00:35:00,83826.32,83849.51,83811.74,83832.95,6.27565
2026-09-26 00:36:00,83832.95,83832.95,83808.02,83813.99,3.52536
2026-09-26 00:37:00,83814.0,83828.8,83802.0,83802.0,2.48031
2026-09-26 00:38:00,83802.0,83814.46,83798.0,83814.45,2.86533
2026-09-26 00:39:00,83814.46,83830.63,83800.29,83830.63,31.68749
2026-09-26 00:40:00,83830.99,83883.59,83830.99,83883.59,4.02522
2026-09-26 00:41:00,83883.59,83883.59,83870.01,83870.02,2.81389
2026-09-26 00:42:00,83870.02,83906.23,83870.01,83906.23,35.64881
2026-09-26 00:43:00,83906.23,83916.4,83906.23,83916.39,2.59022
2026-09-26 00:44:00,83916.39,83916.4,83881.4,83881.4,3.3152
2026-09-26 00:45:00,83881.41,83898.0,83881.4,83897.99,1.65111
2026-09-26 00:46:00,83898.0,83906.01,83897.99,83906.01,0.81671
2026-09-26 00:47:00,83906.01,83916.01,83906.01,83912.02,2.4313
2026-09-26 00:48:00,83912.02,83912.02,83897.29,83897.29,2.01835
2026-09-26 00:49:00,83897.29,83927.06,83897.29,83927.05,2.47651
2026-09-26 00:50:00,83927.06,83932.01,83927.05,83932.01,0.80131
2026-09-26 00:51:00,83932.01,83943.8,83932.01,83943.8,1.61374
2026-09-26 00:52:00,83943.79,83950.0,83903.09,83903.09,5.19067
2026-09-26 00:53:00,83903.09,83903.1,83903.09,83903.1,0.54928
2026-09-26 00:54:00,83903.1,83910.01,83903.1,83903.11,2.00753
2026-09-26 00:55:00,83903.1,83918.01,83903.1,83918.01,8.06653
2026-09-26 00:56:00,83918.0,83918.01,83918.0,83918.01,0.8324
2026-09-26 00:57:00,83918.01,83918.01,83903.1,83903.11,1.96058
2026-09-26 00:58:00,83903.11,83903.11,83903.1,83903.11,0.29266
2026-09-26 00:59:00,83903.11,83910.01,83894.0,83910.01,15.38783
2026-09-26 01:00:00,83910.01,83922.43,83910.0,83922.43,2.29982
2026-09-26 01:01:00,83922.43,83958.98,83922.43,83958.98,12.12903
2026-09-26 01:02:00,83958.97,83970.0,83958.97,83969.11,1.47895
2026-09-26 01:03:00,83969.11,83981.11,83969.1,83981.1,14.50086
2026-09-26 01:04:00,83981.1,83981.11,83908.63,83908.64,49.61521
2026-09-26 01:05:00,83908.63,83948.31,83908.63,83948.31,6.22409
2026-09-26 01:06:00,83948.31,83967.74,83948.31,83957.77,1.80327
2026-09-26 01:07:00,83957.77,83957.77,83948.0,83948.01,0.90799
2026-09-26 01:08:00,83948.01,83948.01,83944.08,83944.09,1.45119
2026-09-26 01:09:00,83944.08,83948.01,83906.72,83906.73,36.09598
2026-09-26 01:10:00,83906.73,83972.38,83906.72,83964.0,84.70823
2026-09-26 01:11:00,83964.01,83964.01,83956.84,83956.85,3.3621
2026-09-26 01:12:00,83956.85,83958.01,83911.76,83933.73,8.79034
2026-09-26 01:13:00,83933.73,83933.73,83933.72,83933.73,2.47655
2026-09-26 01:14:00,83933.73,83933.73,83933.72,83933.73,0.67606
2026-09-26 01:15:00,83933.72,83956.01,83933.72,83956.0,1.97061
2026-09-26 01:16:00,83956.01,84000.0,83956.0,83993.7,13.94588
2026-09-26 01:17:00,83993.69,83993.7,83986.5,83986.51,1.23846
2026-09-26 01:18:00,83986.51,83986.51,83943.4,83950.01,11.59752
2026-09-26 01:19:00,83950.0,83959.55,83945.8,83945.81,3.65501
2026-09-26 01:20:00,83945.8,83956.07,83945.8,83956.07,1.22656
2026-09-26 01:21:00,83956.85,83969.29,83956.85,83969.03,9.05311
2026-09-26 01:22:00,83969.03,83969.04,83956.92,83956.93,2.17775
2026-09-26 01:23:00,83956.93,83965.32,83927.86,83965.32,8.16428
2026-09-26 01:24:00,83965.31,83966.01,83949.35,83958.0,3.6888
2026-09-26 01:25:00,83958.01,83962.94,83945.62,83950.67,2.65407
2026-09-26 01:26:00,83950.67,83962.88,83942.0,83962.87,1.4842
2026-09-26 01:27:00,83962.88,83962.88,83949.24,83949.24,1.08059
2026-09-26 01:28:00,83949.25,83949.25,83944.78,83944.79,0.28389
2026-09-26 01:29:00,83944.78,83944.79,83944.78,83944.79,0.52185
2026-09-26 01:30:00,83944.79,83944.79,83944.78,83944.78,0.44362
2026-09-26 01:31:00,83944.78,83955.79,83936.38,83955.79,1.79808
2026-09-26 01:32:00,83955.79,83955.79,83955.78,83955.78,0.81987
2026-09-26 01:33:00,83955.79,83955.79,83955.78,83955.78,0.60275
2026-09-26 01:34:00,83955.79,83962.01,83955.79,83962.0,4.00457
2026-09-26 01:35:00,83962.01,83973.29,83962.0,83962.01,4.27476
2026-09-26 01:36:00,83962.0,83989.53,83962.0,83989.53,2.599
2026-09-26 01:37:00,83989.52,83990.13,83989.52,83990.11,5.75481
2026-09-26 01:38:00,83990.11,84037.82,83990.11,84037.81,5.36539
2026-09-26 01:39:00,84037.81,84045.13,84037.81,84045.13,4.76023
2026-09-26 01:40:00,84045.12,84078.9,84041.33,84041.33,7.83837
2026-09-26 01:41:00,84041.33,84064.6,84033.56,84064.59,3.99216
2026-09-26 01:42:00,84064.6,84064.6,84040.01,84040.01,5.20823
2026-09-26 01:43:00,84040.02,84040.02,84033.6,84033.6,0.93046
2026-09-26 01:44:00,84033.6,84041.37,84033.6,84041.37,3.60247
2026-09-26 01:45:00,84041.37,84052.3,84041.36,84052.3,0.97779
2026-09-26 01:46:00,84052.3,84068.01,84052.29,84068.0,1.98779
2026-09-26 01:47:00,84068.01,84070.01,84062.0,84070.0,9.61432
2026-09-26 01:48:00,84070.01,84070.01,84041.36,84041.36,3.32771
2026-09-26 01:49:00,84041.36,84041.37,84038.0,84038.01,2.2424
2026-09-26 01:50:00,84038.0,84039.36,84038.0,84039.35,0.60113
2026-09-26 01:51:00,84039.35,84043.53,84036.0,84038.3,5.65592
2026-09-26 01:52:00,84038.29,84071.62,84038.29,84071.61,2.94188
2026-09-26 01:53:00,84071.61,84077.53,84071.61,84077.52,0.4149
2026-09-26 01:54:00,84077.53,84085.11,84077.52,84085.1,2.52266
2026-09-26 01:55:00,84085.11,84086.01,84068.26,84068.26,3.86252
2026-09-26 01:56:00,84068.26,84068.27,84063.18,84063.19,2.34751
2026-09-26 01:57:00,84063.18,84063.2,84063.18,84063.2,1.01758
2026-09-26 01:58:00,84063.2,84073.62,84063.19,84073.62,0.89828
2026-09-26 01:59:00,84073.61,84076.67,84073.61,84076.66,0.717
2026-09-26 02:00:00,84076.67,84079.69,84036.0,84036.0,5.27473
2026-09-26 02:01:00,84036.0,84036.01,84015.26,84015.26,1.92222
2026-09-26 02:02:00,84015.26,84015.27,83996.0,84000.47,4.95296
2026-09-26 02:03:00,84000.46,84045.19,84000.46,84045.18,5.50227
2026-09-26 02:04:00,84045.18,84045.19,84034.43,84034.43,1.39531
2026-09-26 02:05:00,84034.44,84058.1,84025.19,84025.2,4.2444
2026-09-26 02:06:00,84025.2,84031.41,84022.0,84031.41,2.62513
2026-09-26 02:07:00,84031.4,84034.01,84023.39,84034.0,2.01357
2026-09-26 02:08:00,84034.01,84034.01,84034.0,84034.01,0.8252
2026-09-26 02:09:00,84034.0,84035.77,84034.0,84035.76,0.6988
2026-09-26 02:10:00,84035.77,84035.77,84034.0,84034.0,1.94858
2026-09-26 02:11:00,84034.0,84040.57,84034.0,84040.57,2.78033
2026-09-26 02:12:00,84040.56,84073.06,84040.56,84073.05,4.68645
2026-09-26 02:13:00,84073.06,84073.06,84073.05,84073.06,0.88042
2026-09-26 02:14:00,84073.06,84138.6,84073.05,84136.01,8.50099
2026-09-26 02:15:00,84136.02,84136.02,84098.31,84098.31,3.44368
2026-09-26 02:16:00,84098.32,84103.43,84098.31,84103.43,6.08448
2026-09-26 02:17:00,84103.42,84124.63,84103.42,84124.62,6.41065
2026-09-26 02:18:00,84124.63,84124.63,84105.91,84124.63,3.14368
2026-09-26 02:19:00,84124.62,84137.41,84124.62,84137.41,3.12494
2026-09-26 02:20:00,84137.41,84137.41,84098.55,84098.55,8.61508
2026-09-26 02:21:00,84098.55,84098.56,84056.0,84056.0,6.32257
2026-09-26 02:22:00,84056.01,84087.02,84056.0,84087.01,6.44428
2026-09-26 02:23:00,84087.01,84087.02,84080.0,84080.0,8.76067
2026-09-26 02:24:00,84080.0,84080.0,84045.91,84045.92,10.87933
2026-09-26 02:25:00,84045.92,84049.95,84045.91,84049.94,1.9154
2026-09-26 02:26:00,84049.94,84049.95,84049.94,84049.94,1.03004
2026-09-26 02:27:00,84049.95,84049.95,84049.94,84049.94,0.51143
2026-09-26 02:28:00,84049.95,84049.95,84046.01,84046.02,1.66845
2026-09-26 02:29:00,84046.02,84046.02,84029.77,84029.77,8.82131
2026-09-26 02:30:00,84029.78,84029.78,84009.98,84028.41,21.84896
2026-09-26 02:31:00,84028.42,84029.78,84019.53,84019.54,6.36205
2026-09-26 02:32:00,84019.53,84019.54,84019.53,84019.53,3.37239
2026-09-26 02:33:00,84019.53,84019.54,84009.98,84009.99,7.63303
2026-09-26 02:34:00,84009.99,84044.0,84009.98,84039.96,26.1549
2026-09-26 02:35:00,84039.96,84039.96,84031.2,84031.2,3.38237
2026-09-26 02:36:00,84031.2,84031.21,84015.03,84015.03,3.65252
2026-09-26 02:37:00,84015.03,84035.53,84000.0,84035.52,9.99576
2026-09-26 02:38:00,84035.53,84035.53,84035.36,84035.36,0.99444
2026-09-26 02:39:00,84035.37,84035.37,84000.0,84024.89,7.08394
2026-09-26 02:40:00,84024.89,84040.0,84024.89,84032.14,8.84923
2026-09-26 02:41:00,84032.13,84032.14,84014.0,84014.0,4.20755
2026-09-26 02:42:00,84014.01,84025.29,84006.99,84025.29,4.20734
2026-09-26 02:43:00,84025.28,84031.35,84025.28,84031.34,1.9489
2026-09-26 02:44:00,84031.35,84031.35,84009.99,84010.0,34.24938
2026-09-26 02:45:00,84009.99,84010.0,84009.99,84009.99,0.71766
2026-09-26 02:46:00,84010.0,84024.7,84009.99,84014.24,6.18817
2026-09-26 02:47:00,84014.24,84022.0,84014.24,84021.99,0.65567
2026-09-26 02:48:00,84021.99,84022.0,84021.99,84021.99,0.91236
2026-09-26 02:49:00,84022.0,84059.99,84022.0,84059.98,18.01815
2026-09-26 02:50:00,84059.99,84059.99,84049.85,84049.86,2.64292
2026-09-26 02:51:00,84049.85,84049.86,84044.41,84044.42,0.69039
2026-09-26 02:52:00,84044.42,84044.42,84028.19,84028.2,1.5882
2026-09-26 02:53:00,84028.19,84030.0,84028.19,84030.0,0.93518
2026-09-26 02:54:00,84030.0,84030.0,84029.99,84030.0,1.32543
2026-09-26 02:55:00,84030.0,84030.0,84029.99,84030.0,0.63717
2026-09-26 02:56:00,84029.99,84030.0,84029.99,84029.99,0.80309
2026-09-26 02:57:00,84030.0,84030.0,84029.99,84029.99,0.85434
2026-09-26 02:58:00,84030.0,84030.0,84029.99,84029.99,1.0181
2026-09-26 02:59:00,84030.0,84030.0,84009.99,84010.0,46.89378
2026-09-26 03:00:00,84010.0,84010.0,84009.99,84009.99,1.54879
2026-09-26 03:01:00,84009.99,84010.0,83993.61,83993.62,3.27193
2026-09-26 03:02:00,83993.61,83993.62,83993.61,83993.62,0.64294
2026-09-26 03:03:00,83993.61,83993.62,83993.61,83993.61,0.30795
2026-09-26 03:04:00,83993.62,84000.0,83993.61,83999.99,2.67444
2026-09-26 03:05:00,84000.0,84000.0,83999.99,84000.0,0.77736
2026-09-26 03:06:00,84000.0,84010.0,83999.99,84009.99,3.45127
2026-09-26 03:07:00,84009.99,84010.0,84009.99,84009.99,1.33694
2026-09-26 03:08:00,84009.99,84010.0,84008.0,84008.0,2.28258
2026-09-26 03:09:00,84008.01,84008.01,84008.0,84008.01,1.94018
2026-09-26 03:10:00,84008.01,84008.01,83966.03,83966.03,7.26898
2026-09-26 03:11:00,83966.04,83966.04,83930.28,83930.29,6.23413
2026-09-26 03:12:00,83930.29,83930.29,83930.28,83930.29,1.6926
2026-09-26 03:13:00,83930.28,83930.29,83926.47,83926.48,2.56359
2026-09-26 03:14:00,83926.48,83944.01,83918.0,83944.01,6.67228
2026-09-26 03:15:00,83944.01,83944.01,83936.84,83936.84,5.44965
2026-09-26 03:16:00,83936.85,83936.85,83936.84,83936.85,0.20042
2026-09-26 03:17:00,83936.85,83936.85,83936.84,83936.84,1.27884
2026-09-26 03:18:00,83936.85,83936.85,83924.72,83924.73,2.28106
2026-09-26 03:19:00,83924.73,83924.73,83924.4,83924.41,3.77693
2026-09-26 03:20:00,83924.4,83924.71,83909.98,83909.98,14.78628
2026-09-26 03:21:00,83909.99,83938.3,83909.99,83938.29,23.1416
2026-09-26 03:22:00,83938.29,83951.27,83938.29,83951.26,1.34371
2026-09-26 03:23:00,83951.26,83951.28,83951.26,83951.27,3.15825
2026-09-26 03:24:00,83951.28,83951.28,83951.27,83951.28,1.02563
2026-09-26 03:25:00,83951.28,83998.01,83951.27,83996.93,5.00315
2026-09-26 03:26:00,83996.93,84019.0,83996.92,84019.0,8.86169
2026-09-26 03:27:00,84019.0,84027.1,84018.99,84027.1,2.60951
2026-09-26 03:28:00,84027.09,84027.1,84027.09,84027.09,1.34626
2026-09-26 03:29:00,84027.1,84027.1,84027.09,84027.09,0.83335
2026-09-26 03:30:00,84027.09,84030.01,84022.0,84030.01,5.70428
2026-09-26 03:31:00,84030.01,84049.83,84030.0,84049.83,3.11904
2026-09-26 03:32:00,84049.83,84049.83,84049.82,84049.82,1.23751
2026-09-26 03:33:00,84049.83,84049.83,84022.01,84022.02,6.2531
2026-09-26 03:34:00,84022.01,84022.02,84000.0,84000.0,2.74062
2026-09-26 03:35:00,84000.01,84000.01,84000.0,84000.01,0.63006
2026-09-26 03:36:00,84000.01,84000.01,84000.0,84000.0,0.96591
2026-09-26 03:37:00,84000.0,84000.01,84000.0,84000.01,0.81785
2026-09-26 03:38:00,84000.0,84008.15,84000.0,84004.71,4.16838
2026-09-26 03:39:00,84004.72,84030.01,84004.71,84008.0,32.21566
2026-09-26 03:40:00,84008.0,84008.0,83983.03,83983.04,3.68002
2026-09-26 03:41:00,83983.04,83983.04,83983.03,83983.04,0.6615
2026-09-26 03:42:00,83983.04,83983.04,83978.0,83978.0,1.65504
2026-09-26 03:43:00,83978.01,83978.01,83959.99,83959.99,8.25162
2026-09-26 03:44:00,83960.0,83960.0,83951.27,83951.28,2.4492
2026-09-26 03:45:00,83951.28,83951.28,83947.22,83947.22,0.8181
2026-09-26 03:46:00,83947.23,83947.23,83940.45,83940.46,1.09845
2026-09-26 03:47:00,83940.45,83948.01,83940.45,83948.01,1.95431
2026-09-26 03:48:00,83948.01,83948.01,83948.0,83948.01,1.04159
2026-09-26 03:49:00,83948.0,83948.01,83948.0,83948.0,0.96828
2026-09-26 03:50:00,83948.01,83950.0,83948.0,83949.99,2.8878
2026-09-26 03:51:00,83950.0,83962.89,83949.99,83962.89,8.74757
2026-09-26 03:52:00,83962.89,83962.89,83944.3,83949.56,4.40992
2026-09-26 03:53:00,83949.55,83950.0,83949.55,83950.0,10.64809
2026-09-26 03:54:00,83950.0,83955.13,83949.99,83950.05,2.03252
2026-09-26 03:55:00,83950.06,83950.06,83940.45,83940.45,4.0479
2026-09-26 03:56:00,83940.46,83940.46,83940.45,83940.46,1.79498
2026-09-26 03:57:00,83940.45,83940.46,83940.45,83940.46,0.69442
2026-09-26 03:58:00,83940.46,83940.46,83939.0,83939.01,1.04441
2026-09-26 03:59:00,83939.01,83939.01,83939.0,83939.0,0.88909
2026-09-26 04:00:00,83939.01,83945.85,83939.0,83941.98,5.51956
2026-09-26 04:01:00,83941.98,83991.66,83941.97,83991.66,5.49296
2026-09-26 04:02:00,83991.65,83991.66,83991.65,83991.66,1.69835
2026-09-26 04:03:00,83991.65,83991.66,83991.65,83991.66,2.74764
2026-09-26 04:04:00,83991.65,83991.66,83991.65,83991.65,1.54241
2026-09-26 04:05:00,83991.65,83991.66,83989.62,83989.62,4.14087
2026-09-26 04:06:00,83989.63,83989.63,83989.62,83989.62,1.57635
2026-09-26 04:07:00,83989.63,83999.11,83989.62,83999.1,10.12911
2026-09-26 04:08:00,83999.11,84013.48,83999.1,84000.64,17.13936
2026-09-26 04:09:00,84000.64,84002.0,84000.64,84001.99,1.56996
2026-09-26 04:10:00,84001.99,84002.0,84001.99,84002.0,2.91107
2026-09-26 04:11:00,84001.99,84008.01,84001.99,84008.01,1.95795
2026-09-26 04:12:00,84008.0,84008.01,83982.17,83992.34,5.93593
2026-09-26 04:13:00,83992.34,83994.0,83985.67,83985.67,2.98116
2026-09-26 04:14:00,83985.68,83985.68,83985.67,83985.68,0.87583
2026-09-26 04:15:00,83985.68,84000.0,83985.68,83999.99,6.71777
2026-09-26 04:16:00,84000.0,84000.01,83999.99,84000.01,4.56114
2026-09-26 04:17:00,84000.01,84005.82,84000.0,84005.82,2.39587
2026-09-26 04:18:00,84005.83,84020.01,84005.83,84011.5,4.52329
2026-09-26 04:19:00,84011.51,84035.85,84011.5,84035.85,3.9057
2026-09-26 04:20:00,84035.85,84045.65,84035.84,84045.64,3.58234
2026-09-26 04:21:00,84045.65,84045.65,84024.86,84024.86,9.62109
2026-09-26 04:22:00,84024.87,84024.87,83975.67,83975.67,6.86216
2026-09-26 04:23:00,83975.68,83975.68,83941.41,83941.41,10.62075
2026-09-26 04:24:00,83941.4,83941.41,83924.66,83924.66,8.94729
2026-09-26 04:25:00,83924.66,83942.01,83920.6,83920.61,6.95909
2026-09-26 04:26:00,83920.6,83920.61,83900.0,83900.0,7.78581
2026-09-26 04:27:00,83900.01,83906.01,83900.0,83900.01,5.48226
2026-09-26 04:28:00,83900.01,83900.01,83893.67,83899.99,6.7432
2026-09-26 04:29:00,83900.0,83900.0,83894.43,83894.43,6.14942
2026-09-26 04:30:00,83894.44,83894.44,83848.91,83882.99,14.99406
2026-09-26 04:31:00,83883.0,83907.3,83882.99,83907.29,3.64724
2026-09-26 04:32:00,83907.3,83917.88,83907.29,83917.87,2.01939
2026-09-26 04:33:00,83917.88,83917.88,83917.87,83917.87,1.62012
2026-09-26 04:34:00,83917.88,83920.01,83886.13,83887.08,35.88189
2026-09-26 04:35:00,83887.08,83911.2,83887.07,83911.19,4.01686
2026-09-26 04:36:00,83911.2,83917.87,83911.19,83917.72,9.50321
2026-09-26 04:37:00,83917.71,83917.72,83906.0,83906.01,3.40672
2026-09-26 04:38:00,83906.0,83917.72,83906.0,83917.72,5.58852
2026-09-26 04:39:00,83917.71,83917.72,83917.71,83917.71,8.57568
2026-09-26 04:40:00,83917.72,83917.72,83917.71,83917.72,1.39379
2026-09-26 04:41:00,83917.71,83933.13,83917.71,83933.13,4.40176
2026-09-26 04:42:00,83933.13,83947.31,83933.12,83947.31,1.64004
2026-09-26 04:43:00,83947.3,83968.73,83947.3,83968.72,4.00371
2026-09-26 04:44:00,83968.72,83983.25,83968.72,83983.24,1.85112
2026-09-26 04:45:00,83983.24,83983.25,83983.24,83983.24,1.34253
2026-09-26 04:46:00,83983.25,83983.25,83983.24,83983.24,2.98119
2026-09-26 04:47:00,83983.24,83983.25,83983.24,83983.24,0.47558
2026-09-26 04:48:00,83983.25,83983.25,83976.91,83976.91,8.67998
2026-09-26 04:49:00,83976.92,83998.0,83976.91,83985.2,53.28501
2026-09-26 04:50:00,83985.21,83989.55,83982.21,83982.22,16.33591
2026-09-26 04:51:00,83982.22,83982.22,83982.21,83982.22,0.3626
2026-09-26 04:52:00,83982.22,83982.23,83982.21,83982.22,2.45545
2026-09-26 04:53:00,83982.23,83982.23,83982.22,83982.22,0.51716
2026-09-26 04:54:00,83982.23,83982.23,83982.22,83982.22,0.80324
2026-09-26 04:55:00,83982.23,83984.0,83982.22,83983.99,1.57158
2026-09-26 04:56:00,83984.0,83988.26,83978.8,83978.81,8.6405
2026-09-26 04:57:00,83978.81,83978.81,83972.0,83972.0,3.49326
2026-09-26 04:58:00,83972.01,83972.01,83972.0,83972.01,1.39021
2026-09-26 04:59:00,83972.01,83976.01,83972.0,83976.0,0.6379
2026-09-26 05:00:00,83976.01,83987.37,83976.01,83987.37,0.79573
2026-09-26 05:01:00,83987.36,83987.37,83987.36,83987.37,0.74173
2026-09-26 05:02:00,83987.37,83993.05,83987.36,83993.05,5.57302
2026-09-26 05:03:00,83993.04,83993.05,83993.04,83993.04,2.58092
2026-09-26 05:04:00,83993.05,83993.05,83993.04,83993.04,1.62684
2026-09-26 05:05:00,83993.04,83993.05,83993.04,83993.04,1.58371
2026-09-26 05:06:00,83993.05,83993.05,83993.04,83993.04,2.26673
2026-09-26 05:07:00,83993.05,83994.01,83993.04,83994.0,3.1425
2026-09-26 05:08:00,83994.0,84006.01,83994.0,84006.01,1.86563
2026-09-26 05:09:00,84006.0,84012.93,84000.0,84000.0,7.52691
2026-09-26 05:10:00,84000.01,84000.01,83993.04,83993.04,2.68987
2026-09-26 05:11:00,83993.05,83993.05,83993.04,83993.04,1.30046
2026-09-26 05:12:00,83993.04,83993.05,83968.17,83968.17,7.54346
2026-09-26 05:13:00,83968.17,83968.18,83940.9,83962.76,12.76884
2026-09-26 05:14:00,83962.77,83967.97,83962.76,83967.97,0.74824
2026-09-26 05:15:00,83967.96,83967.97,83950.96,83950.96,3.36051
2026-09-26 05:16:00,83950.97,83950.97,83940.0,83940.0,2.18722
2026-09-26 05:17:00,83940.0,83940.01,83924.0,83924.0,2.42862
2026-09-26 05:18:00,83924.01,83924.01,83899.32,83899.32,5.62118
2026-09-26 05:19:00,83899.33,83923.95,83899.32,83923.94,3.7487
2026-09-26 05:20:00,83923.95,83945.49,83923.94,83945.49,3.5275
2026-09-26 05:21:00,83945.49,83957.44,83945.48,83957.43,1.29945
2026-09-26 05:22:00,83957.44,83957.44,83957.43,83957.43,1.23646
2026-09-26 05:23:00,83957.44,83980.0,83957.43,83979.99,3.03428
2026-09-26 05:24:00,83980.0,83992.0,83979.99,83991.99,2.11976
2026-09-26 05:25:00,83992.0,83992.0,83982.98,83982.98,1.23092
2026-09-26 05:26:00,83982.99,83994.15,83982.98,83994.14,5.29463
2026-09-26 05:27:00,83994.15,83994.15,83948.36,83948.37,4.31226
2026-09-26 05:28:00,83948.37,83948.37,83931.5,83931.5,3.94948
2026-09-26 05:29:00,83931.51,83931.51,83931.5,83931.5,1.17498
2026-09-26 05:30:00,83931.5,83931.51,83918.69,83918.69,4.44861
2026-09-26 05:31:00,83918.7,83918.7,83918.0,83918.0,0.63118
2026-09-26 05:32:00,83918.01,83918.01,83905.36,83905.36,1.17254
2026-09-26 05:33:00,83905.37,83905.37,83898.99,83898.99,1.67379
2026-09-26 05:34:00,83899.0,83899.0,83898.99,83898.99,1.08911
2026-09-26 05:35:00,83899.0,83899.0,83898.99,83899.0,1.62542
2026-09-26 05:36:00,83898.99,83899.0,83891.27,83891.27,1.0016
2026-09-26 05:37:00,83891.27,83915.77,83891.27,83915.76,4.89223
2026-09-26 05:38:00,83915.77,83947.81,83915.76,83947.8,2.92153
2026-09-26 05:39:00,83947.81,83959.83,83947.8,83959.82,1.14776
2026-09-26 05:40:00,83959.83,83959.83,83947.27,83947.28,5.63609
2026-09-26 05:41:00,83947.27,83950.0,83947.27,83949.99,7.06702
2026-09-26 05:42:00,83950.0,83950.0,83949.99,83949.99,1.5512
2026-09-26 05:43:00,83950.0,83950.0,83949.99,83949.99,0.82526
2026-09-26 05:44:00,83950.0,83960.01,83949.99,83960.01,9.84206
2026-09-26 05:45:00,83960.0,83962.01,83960.0,83962.01,2.65151
2026-09-26 05:46:00,83962.01,83981.09,83962.0,83981.09,3.961
2026-09-26 05:47:00,83981.09,83986.87,83972.01,83978.56,10.20312
2026-09-26 05:48:00,83978.55,83978.56,83978.55,83978.56,0.61863
2026-09-26 05:49:00,83978.55,83978.56,83978.55,83978.55,3.75193
2026-09-26 05:50:00,83978.55,83978.56,83978.55,83978.56,0.43197
2026-09-26 05:51:00,83978.55,83978.56,83932.0,83932.0,6.05589
2026-09-26 05:52:00,83932.01,83932.01,83932.0,83932.0,0.77665
2026-09-26 05:53:00,83932.01,83932.01,83928.0,83928.0,4.34842
2026-09-26 05:54:00,83928.01,83928.01,83909.62,83909.63,3.52441
2026-09-26 05:55:00,83909.63,83915.54,83909.62,83915.54,1.31848
2026-09-26 05:56:00,83915.54,83922.91,83915.53,83922.9,4.28435
2026-09-26 05:57:00,83922.91,83922.91,83914.4,83914.55,5.33864
2026-09-26 05:58:00,83914.55,83919.69,83900.58,83919.68,5.70172
2026-09-26 05:59:00,83919.69,83919.69,83919.68,83919.69,0.76744
2026-09-26 06:00:00,83919.69,83925.63,83919.68,83925.62,2.24511
2026-09-26 06:01:00,83925.62,83925.63,83925.62,83925.62,4.28135
2026-09-26 06:02:00,83925.62,83925.62,83898.27,83898.27,8.78535
2026-09-26 06:03:00,83898.28,83898.28,83898.27,83898.27,0.82481
2026-09-26 06:04:00,83898.28,83934.01,83898.27,83934.01,10.14834
2026-09-26 06:05:00,83934.0,83934.01,83934.0,83934.01,0.37643
2026-09-26 06:06:00,83934.01,83934.01,83934.0,83934.0,0.88208
2026-09-26 06:07:00,83934.01,83934.01,83930.0,83930.0,3.07429
2026-09-26 06:08:00,83930.01,83930.01,83912.0,83912.01,5.42924
2026-09-26 06:09:00,83912.0,83926.01,83912.0,83926.01,2.23368
2026-09-26 06:10:00,83926.01,83926.01,83926.0,83926.01,0.50857
2026-09-26 06:11:00,83926.01,83926.01,83926.0,83926.01,0.30265
2026-09-26 06:12:00,83926.01,83939.89,83926.0,83936.91,8.13787
2026-09-26 06:13:00,83936.91,83936.91,83909.52,83909.52,17.38447
2026-09-26 06:14:00,83909.52,83909.53,83893.18,83893.18,9.40407
2026-09-26 06:15:00,83893.19,83909.52,83893.18,83909.51,4.61489
2026-09-26 06:16:00,83909.52,83909.52,83909.51,83909.51,2.89636
2026-09-26 06:17:00,83909.52,83909.52,83876.58,83876.59,17.94233
2026-09-26 06:18:00,83876.59,83880.01,83876.58,83880.01,1.99234
2026-09-26 06:19:00,83880.0,83908.01,83880.0,83908.01,4.09224
2026-09-26 06:20:00,83908.0,83908.01,83908.0,83908.0,1.18945
2026-09-26 06:21:00,83908.01,83908.01,83908.0,83908.0,1.32513
2026-09-26 06:22:00,83908.01,83920.01,83908.0,83920.0,2.36433
2026-09-26 06:23:00,83920.01,83926.46,83916.0,83916.01,3.42952
2026-09-26 06:24:00,83916.0,83916.64,83916.0,83916.63,2.67262
2026-09-26 06:25:00,83916.64,83925.08,83916.63,83925.08,2.65417
2026-09-26 06:26:00,83925.07,83925.08,83914.0,83914.0,3.10182
2026-09-26 06:27:00,83914.0,83914.01,83914.0,83914.0,1.12557
2026-09-26 06:28:00,83914.01,83936.0,83910.28,83935.99,26.36426
2026-09-26 06:29:00,83935.99,83936.0,83935.99,83936.0,0.4411
2026-09-26 06:30:00,83935.99,83949.78,83935.99,83949.77,1.21379
2026-09-26 06:31:00,83949.77,83949.78,83949.77,83949.78,1.10987
2026-09-26 06:32:00,83949.78,83968.01,83949.78,83968.0,9.84654
2026-09-26 06:33:00,83968.0,83968.01,83968.0,83968.0,2.37304
2026-09-26 06:34:00,83968.01,83968.01,83922.4,83922.41,8.42783
2026-09-26 06:35:00,83922.4,83922.41,83904.7,83904.7,2.20943
2026-09-26 06:36:00,83904.71,83904.71,83904.7,83904.7,5.09072
2026-09-26 06:37:00,83904.71,83910.01,83904.7,83910.0,2.4804
2026-09-26 06:38:00,83910.0,83918.01,83910.0,83918.0,4.378
2026-09-26 06:39:00,83918.01,83926.1,83918.0,83926.1,4.75359
2026-09-26 06:40:00,83926.1,83929.25,83926.09,83929.25,1.05058
2026-09-26 06:41:00,83929.24,83929.25,83908.0,83912.18,4.65173
2026-09-26 06:42:00,83912.18,83912.18,83912.17,83912.17,1.51148
2026-09-26 06:43:00,83912.18,83913.0,83912.17,83913.0,2.02907
2026-09-26 06:44:00,83912.99,83913.0,83912.99,83913.0,1.31322
2026-09-26 06:45:00,83913.0,83913.0,83912.99,83913.0,2.44052
2026-09-26 06:46:00,83912.99,83916.0,83912.99,83916.0,1.04416
2026-09-26 06:47:00,83915.99,83926.84,83915.99,83926.83,5.57269
2026-09-26 06:48:00,83926.83,83930.0,83926.83,83930.0,6.88429
2026-09-26 06:49:00,83929.99,83930.0,83929.99,83929.99,1.37902
2026-09-26 06:50:00,83930.0,83930.0,83929.99,83929.99,0.52709
2026-09-26 06:51:00,83930.0,83930.0,83929.99,83930.0,0.92442
2026-09-26 06:52:00,83930.0,83930.0,83929.99,83930.0,1.45197
2026-09-26 06:53:00,83929.99,83930.0,83915.06,83915.06,7.75065
2026-09-26 06:54:00,83915.07,83915.07,83915.06,83915.06,0.74181
2026-09-26 06:55:00,83915.06,83915.07,83915.06,83915.07,1.7264
2026-09-26 06:56:00,83915.07,83915.07,83915.06,83915.06,0.52817
2026-09-26 06:57:00,83915.07,83918.01,83915.06,83918.01,1.53111
2026-09-26 06:58:00,83918.01,83921.62,83889.99,83889.99,52.3588
2026-09-26 06:59:00,83889.99,83891.23,83886.03,83891.22,4.59088
2026-09-26 07:00:00,83891.23,83907.9,83891.23,83907.9,1.34668
2026-09-26 07:01:00,83907.89,83907.9,83907.89,83907.89,5.80498
2026-09-26 07:02:00,83907.9,83907.9,83907.89,83907.89,1.18272
2026-09-26 07:03:00,83907.9,83951.59,83907.89,83951.58,10.37992
2026-09-26 07:04:00,83951.59,83987.5,83951.58,83981.18,9.02433
2026-09-26 07:05:00,83981.18,83992.37,83981.17,83991.56,5.0249
2026-09-26 07:06:00,83991.56,84000.0,83991.56,84000.0,2.01101
2026-09-26 07:07:00,83999.99,84007.73,83999.99,84007.73,6.01465
2026-09-26 07:08:00,84007.73,84012.0,84007.72,84011.99,3.41977
2026-09-26 07:09:00,84011.99,84021.25,83982.25,83995.76,11.11491
2026-09-26 07:10:00,83995.77,83995.77,83995.76,83995.77,1.05828
2026-09-26 07:11:00,83995.77,84003.85,83995.76,84003.85,1.80473
2026-09-26 07:12:00,84003.84,84007.03,84003.84,84007.02,1.60081
2026-09-26 07:13:00,84007.03,84020.01,84007.02,84010.33,12.00623
2026-09-26 07:14:00,84010.33,84010.33,84010.32,84010.32,1.29356
2026-09-26 07:15:00,84010.32,84010.33,84010.32,84010.32,1.36008
2026-09-26 07:16:00,84010.33,84010.33,83995.76,83995.76,5.46661
2026-09-26 07:17:00,83995.76,83995.77,83995.76,83995.76,0.89956
2026-09-26 07:18:00,83995.77,84020.01,83995.76,84020.01,18.73224
2026-09-26 07:19:00,84020.01,84022.02,84020.0,84022.01,9.25421
2026-09-26 07:20:00,84022.01,84022.02,84022.01,84022.01,1.15531
2026-09-26 07:21:00,84022.02,84022.02,84022.01,84022.01,1.84861
2026-09-26 07:22:00,84022.01,84022.02,84014.01,84015.35,7.76972
2026-09-26 07:23:00,84015.36,84030.01,84015.35,84030.0,11.11513
2026-09-26 07:24:00,84030.01,84030.01,84030.0,84030.0,0.43679
2026-09-26 07:25:00,84030.01,84030.01,84014.03,84014.03,9.18767
2026-09-26 07:26:00,84014.04,84014.04,84014.03,84014.03,0.79199
2026-09-26 07:27:00,84014.04,84014.04,84014.03,84014.04,0.92344
2026-09-26 07:28:00,84014.04,84014.04,84014.03,84014.03,1.27638
2026-09-26 07:29:00,84014.04,84014.04,84014.03,84014.03,1.55208
2026-09-26 07:30:00,84014.04,84014.04,84014.03,84014.04,0.95625
2026-09-26 07:31:00,84014.03,84014.04,84014.03,84014.03,1.28627
2026-09-26 07:32:00,84014.04,84014.05,84014.03,84014.04,4.19551
2026-09-26 07:33:00,84014.05,84014.05,84014.04,84014.05,3.55435
2026-09-26 07:34:00,84014.04,84014.05,84014.04,84014.04,1.09575
2026-09-26 07:35:00,84014.05,84014.88,84014.04,84014.88,1.71676
2026-09-26 07:36:00,84014.87,84017.97,84014.87,84017.97,1.30873
2026-09-26 07:37:00,84017.97,84017.97,84017.96,84017.96,1.05545
2026-09-26 07:38:00,84017.96,84045.65,84017.96,84045.64,4.5537
2026-09-26 07:39:00,84045.65,84045.65,84045.64,84045.64,0.89306
2026-09-26 07:40:00,84045.65,84058.81,84045.64,84058.8,3.98987
2026-09-26 07:41:00,84058.81,84065.25,84058.8,84065.25,5.73809
2026-09-26 07:42:00,84065.24,84069.91,84064.41,84064.42,2.80913
2026-09-26 07:43:00,84064.41,84064.42,84038.0,84038.01,8.55085
2026-09-26 07:44:00,84038.0,84038.01,84038.0,84038.01,1.83775
2026-09-26 07:45:00,84038.01,84063.21,84038.0,84063.2,5.27417
2026-09-26 07:46:00,84063.21,84063.21,84063.2,84063.2,0.75528
2026-09-26 07:47:00,84063.21,84078.99,84063.21,84070.93,5.2097
2026-09-26 07:48:00,84070.92,84071.75,84070.92,84071.74,1.73142
2026-09-26 07:49:00,84071.75,84078.3,84071.74,84078.3,3.63018
2026-09-26 07:50:00,84078.29,84078.3,84078.29,84078.29,0.62223
2026-09-26 07:51:00,84078.3,84078.3,84078.29,84078.29,1.27372
2026-09-26 07:52:00,84078.3,84078.3,84078.29,84078.29,1.87497
2026-09-26 07:53:00,84078.3,84078.3,84056.12,84056.13,3.75647
2026-09-26 07:54:00,84056.13,84079.55,84056.12,84079.54,30.36825
2026-09-26 07:55:00,84079.55,84100.0,84079.55,84099.99,4.81179
2026-09-26 07:56:00,84100.0,84100.0,84099.99,84099.99,1.77871
2026-09-26 07:57:00,84100.0,84109.75,84099.99,84109.75,13.70404
2026-09-26 07:58:00,84109.75,84134.0,84109.74,84134.0,7.9913
2026-09-26 07:59:00,84134.01,84134.01,84116.79,84116.8,9.175
2026-09-26 08:00:00,84116.79,84119.37,84089.65,84091.01,13.05297
2026-09-26 08:01:00,84091.01,84117.95,84072.48,84076.65,10.31295
2026-09-26 08:02:00,84076.65,84076.65,84058.01,84058.02,1.00265
2026-09-26 08:03:00,84058.02,84069.51,84058.01,84069.5,7.36522
2026-09-26 08:04:00,84069.51,84069.54,84069.5,84069.53,4.81649
2026-09-26 08:05:00,84069.54,84069.54,84060.01,84060.01,3.23046
2026-09-26 08:06:00,84060.02,84060.02,84060.01,84060.02,2.03771
2026-09-26 08:07:00,84060.01,84060.02,84053.71,84054.0,6.41421
2026-09-26 08:08:00,84054.01,84066.29,84054.0,84066.28,3.55566
2026-09-26 08:09:00,84066.29,84080.01,84066.28,84080.0,8.84724
2026-09-26 08:10:00,84080.01,84080.01,84073.69,84073.69,2.30029
2026-09-26 08:11:00,84073.7,84073.7,84073.69,84073.69,0.86895
2026-09-26 08:12:00,84073.7,84073.7,84073.69,84073.7,0.49294
2026-09-26 08:13:00,84073.7,84073.7,84056.77,84056.77,2.51251
2026-09-26 08:14:00,84056.77,84080.08,84056.77,84080.08,20.41401
2026-09-26 08:15:00,84080.08,84080.08,84080.07,84080.07,0.77694
2026-09-26 08:16:00,84080.08,84080.08,84080.07,84080.08,2.64844
2026-09-26 08:17:00,84080.07,84080.08,84050.0,84050.01,10.31131
2026-09-26 08:18:00,84050.01,84050.01,84050.0,84050.01,0.58658
2026-09-26 08:19:00,84050.0,84050.01,84050.0,84050.0,1.32803
2026-09-26 08:20:00,84050.01,84050.01,84050.0,84050.0,5.1578
2026-09-26 08:21:00,84050.01,84050.01,84046.02,84046.02,1.58778
2026-09-26 08:22:00,84046.03,84046.03,84046.02,84046.03,4.14238
2026-09-26 08:23:00,84046.02,84046.03,84046.02,84046.02,0.45266
2026-09-26 08:24:00,84046.02,84051.01,84032.06,84051.0,26.08267
2026-09-26 08:25:00,84051.0,84051.01,84051.0,84051.01,1.02911
2026-09-26 08:26:00,84051.0,84077.7,84042.66,84077.69,13.5476
2026-09-26 08:27:00,84077.69,84089.47,84077.69,84089.46,1.25725
2026-09-26 08:28:00,84089.46,84100.77,84089.46,84100.76,1.05189
2026-09-26 08:29:00,84100.77,84100.77,84100.76,84100.77,0.57856
2026-09-26 08:30:00,84100.77,84116.64,84100.76,84116.63,1.45153
2026-09-26 08:31:00,84116.64,84167.8,84116.63,84167.79,9.87604
2026-09-26 08:32:00,84167.8,84230.81,84167.79,84225.64,40.25313
2026-09-26 08:33:00,84225.63,84262.01,84225.63,84262.01,5.8191
2026-09-26 08:34:00,84262.0,84270.01,84243.76,84270.01,6.44875
2026-09-26 08:35:00,84270.0,84278.44,84250.48,84263.51,17.23482
2026-09-26 08:36:00,84263.51,84289.4,84263.5,84289.4,3.14789
2026-09-26 08:37:00,84289.39,84336.96,84289.39,84302.0,40.56299
2026-09-26 08:38:00,84302.0,84319.99,84299.96,84319.99,4.00039
2026-09-26 08:39:00,84319.99,84319.99,84287.63,84288.98,5.49166
2026-09-26 08:40:00,84288.97,84327.56,84266.0,84266.46,11.1817
2026-09-26 08:41:00,84266.46,84266.46,84240.0,84253.55,5.79486
2026-09-26 08:42:00,84253.56,84285.57,84253.55,84285.57,2.683
2026-09-26 08:43:00,84285.57,84290.94,84285.56,84290.94,1.41198
2026-09-26 08:44:00,84290.94,84293.11,84290.94,84293.1,1.02864
2026-09-26 08:45:00,84293.1,84293.11,84276.39,84276.39,7.11978
2026-09-26 08:46:00,84276.4,84276.4,84247.09,84247.09,11.32066
2026-09-26 08:47:00,84247.1,84247.1,84247.09,84247.1,0.5729
2026-09-26 08:48:00,84247.1,84247.1,84247.09,84247.09,1.92613
2026-09-26 08:49:00,84247.09,84247.1,84222.66,84222.67,6.6594
2026-09-26 08:50:00,84222.66,84222.67,84222.66,84222.66,0.58747
2026-09-26 08:51:00,84222.67,84222.67,84222.66,84222.67,0.84615
2026-09-26 08:52:00,84222.67,84231.1,84222.66,84231.09,4.02461
2026-09-26 08:53:00,84231.1,84231.1,84231.09,84231.09,1.41699
2026-09-26 08:54:00,84231.1,84231.1,84231.09,84231.1,1.48717
2026-09-26 08:55:00,84231.1,84231.1,84222.66,84222.67,9.6028
2026-09-26 08:56:00,84222.67,84222.67,84208.06,84209.48,5.72249
2026-09-26 08:57:00,84209.48,84225.97,84209.47,84225.96,7.41817
2026-09-26 08:58:00,84225.96,84225.97,84220.0,84220.01,2.00031
2026-09-26 08:59:00,84220.0,84220.01,84220.0,84220.01,2.32513
2026-09-26 09:00:00,84220.01,84220.01,84214.18,84214.18,1.94044
2026-09-26 09:01:00,84214.19,84214.19,84209.47,84209.48,2.667
2026-09-26 09:02:00,84209.47,84209.48,84206.68,84206.69,1.28302
2026-09-26 09:03:00,84206.69,84212.01,84206.68,84212.0,6.00043
2026-09-26 09:04:00,84212.01,84212.01,84212.0,84212.01,0.60305
2026-09-26 09:05:00,84212.01,84212.01,84195.75,84199.81,5.19543
2026-09-26 09:06:00,84199.81,84199.83,84199.8,84199.83,3.14807
2026-09-26 09:07:00,84199.82,84217.45,84199.82,84217.44,8.42086
2026-09-26 09:08:00,84217.45,84217.45,84212.0,84212.01,2.16737
2026-09-26 09:09:00,84212.01,84212.01,84184.94,84184.95,4.91527
2026-09-26 09:10:00,84184.94,84184.95,84110.67,84155.49,11.49834
2026-09-26 09:11:00,84155.49,84162.88,84100.89,84100.89,7.07393
2026-09-26 09:12:00,84100.9,84100.9,84078.87,84080.0,4.99042
2026-09-26 09:13:00,84080.01,84080.01,83986.37,83986.37,16.47083
2026-09-26 09:14:00,83986.37,84024.88,83975.8,84018.89,9.88033
2026-09-26 09:15:00,84018.89,84018.89,83983.88,84006.0,5.23212
2026-09-26 09:16:00,84006.01,84024.88,83992.0,83992.0,9.95354
2026-09-26 09:17:00,83992.01,83992.01,83966.03,83988.01,4.85124
2026-09-26 09:18:00,83988.0,83988.01,83966.03,83988.0,6.96081
2026-09-26 09:19:00,83988.0,84006.01,83988.0,84006.01,2.00865
2026-09-26 09:20:00,84006.0,84024.88,83987.26,83987.26,6.54727
2026-09-26 09:21:00,83987.27,84015.33,83987.26,84015.33,3.24183
2026-09-26 09:22:00,84015.33,84038.01,84015.32,84037.33,2.39048
2026-09-26 09:23:00,84037.34,84037.34,84029.65,84029.65,12.27621
2026-09-26 09:24:00,84029.66,84029.66,83996.5,83996.5,31.52747
2026-09-26 09:25:00,83996.49,83996.5,83986.82,83986.83,4.43614
2026-09-26 09:26:00,83986.82,83994.02,83986.82,83988.27,6.48188
2026-09-26 09:27:00,83988.28,84019.77,83988.27,84019.77,6.87886
2026-09-26 09:28:00,84019.77,84032.0,84016.18,84016.19,6.37418
2026-09-26 09:29:00,84016.19,84031.29,84003.94,84031.18,4.90999
2026-09-26 09:30:00,84031.18,84031.19,84006.38,84006.38,3.14454
2026-09-26 09:31:00,84006.39,84008.0,83981.1,84007.99,3.6848
2026-09-26 09:32:00,84008.0,84020.01,84007.99,84020.0,2.37934
2026-09-26 09:33:00,84020.01,84030.0,84018.0,84025.6,2.99755
2026-09-26 09:34:00,84025.61,84041.0,84025.6,84040.48,2.96363
2026-09-26 09:35:00,84040.48,84040.49,84040.48,84040.49,0.75428
2026-09-26 09:36:00,84040.48,84040.49,84020.0,84020.01,4.06918
2026-09-26 09:37:00,84020.01,84027.6,84020.0,84027.6,3.95486
2026-09-26 09:38:00,84027.59,84027.6,84027.58,84027.58,2.01296
2026-09-26 09:39:00,84027.58,84027.58,84018.01,84018.02,2.29831
2026-09-26 09:40:00,84018.02,84018.02,84010.27,84010.27,1.43349
2026-09-26 09:41:00,84010.27,84010.28,84010.27,84010.27,1.37314
2026-09-26 09:42:00,84010.27,84010.28,84010.27,84010.28,0.86533
2026-09-26 09:43:00,84010.28,84010.28,84004.1,84009.99,3.96865
2026-09-26 09:44:00,84009.99,84019.0,84009.98,84018.99,12.20483
2026-09-26 09:45:00,84019.0,84027.59,84018.99,84027.58,1.33936
2026-09-26 09:46:00,84027.59,84027.59,84027.58,84027.58,0.71284
2026-09-26 09:47:00,84027.58,84027.59,84027.58,84027.59,1.84834
2026-09-26 09:48:00,84027.58,84027.59,84021.47,84021.47,6.74269
2026-09-26 09:49:00,84021.48,84021.48,84021.47,84021.47,1.06893
2026-09-26 09:50:00,84021.48,84021.48,84021.47,84021.48,1.88452
2026-09-26 09:51:00,84021.48,84021.48,84014.0,84014.01,1.41946
2026-09-26 09:52:00,84014.01,84014.01,84014.0,84014.0,0.40681
2026-09-26 09:53:00,84014.0,84014.01,84009.44,84009.44,1.04557
2026-09-26 09:54:00,84009.45,84021.51,84004.11,84021.5,16.52967
2026-09-26 09:55:00,84021.51,84021.51,84002.01,84002.01,2.11255
2026-09-26 09:56:00,84002.01,84002.02,84002.01,84002.01,1.29983
2026-09-26 09:57:00,84002.01,84002.03,83998.01,83998.01,2.87824
2026-09-26 09:58:00,83998.01,83998.02,83994.54,83994.54,1.61468
2026-09-26 09:59:00,83994.55,84021.96,83994.54,84021.95,10.86849
2026-09-26 10:00:00,84021.96,84027.6,84021.95,84027.6,0.6156
2026-09-26 10:01:00,84027.6,84036.38,84027.59,84036.37,1.70854
2026-09-26 10:02:00,84036.38,84074.84,84036.37,84074.83,3.40988
2026-09-26 10:03:00,84074.84,84090.57,84062.0,84062.0,5.53843
2026-09-26 10:04:00,84062.01,84080.0,84062.0,84080.0,5.46929
2026-09-26 10:05:00,84080.0,84088.41,84079.99,84088.41,7.02337
2026-09-26 10:06:00,84088.4,84098.0,84088.4,84097.99,1.06116
2026-09-26 10:07:00,84098.0,84098.0,84097.99,84098.0,0.33874
2026-09-26 10:08:00,84098.0,84098.0,84097.99,84097.99,2.78959
2026-09-26 10:09:00,84098.0,84114.8,84097.99,84113.39,3.18121
2026-09-26 10:10:00,84113.39,84121.18,84113.38,84121.17,3.5812
2026-09-26 10:11:00,84121.17,84121.18,84121.17,84121.18,1.04288
2026-09-26 10:12:00,84121.17,84121.18,84121.17,84121.17,1.44619
2026-09-26 10:13:00,84121.17,84121.18,84121.17,84121.17,0.57491
2026-09-26 10:14:00,84121.17,84122.01,84113.29,84113.29,7.99286
2026-09-26 10:15:00,84113.3,84113.3,84113.29,84113.3,0.67288
2026-09-26 10:16:00,84113.3,84124.01,84113.29,84124.01,3.04656
2026-09-26 10:17:00,84124.0,84151.17,84124.0,84151.17,2.88267
2026-09-26 10:18:00,84151.17,84151.17,84151.16,84151.16,0.78148
2026-09-26 10:19:00,84151.16,84152.0,84151.16,84151.99,1.90646
2026-09-26 10:20:00,84152.0,84159.95,84151.99,84159.95,3.57752
2026-09-26 10:21:00,84159.95,84183.96,84159.94,84183.96,3.5055
2026-09-26 10:22:00,84183.97,84184.95,84120.84,84120.85,12.64188
2026-09-26 10:23:00,84120.85,84157.69,84120.84,84157.69,4.45132
2026-09-26 10:24:00,84157.68,84157.69,84145.26,84145.26,4.01477
2026-09-26 10:25:00,84145.26,84145.27,84145.26,84145.27,1.79766
2026-09-26 10:26:00,84145.27,84145.27,84145.26,84145.27,3.63365
2026-09-26 10:27:00,84145.27,84145.27,84134.7,84134.7,2.28402
2026-09-26 10:28:00,84134.71,84134.71,84122.21,84122.22,3.78777
2026-09-26 10:29:00,84122.22,84143.55,84122.21,84143.55,4.399
2026-09-26 10:30:00,84143.55,84143.55,84143.54,84143.55,2.61485
2026-09-26 10:31:00,84143.55,84143.55,84143.54,84143.54,1.18645
2026-09-26 10:32:00,84143.55,84143.55,84143.54,84143.55,0.76535
2026-09-26 10:33:00,84143.54,84143.55,84143.54,84143.54,1.26299
2026-09-26 10:34:00,84143.54,84143.55,84122.21,84122.21,6.19899
2026-09-26 10:35:00,84122.22,84122.22,84122.21,84122.21,1.52569
2026-09-26 10:36:00,84122.22,84124.33,84122.21,84124.33,1.9733
2026-09-26 10:37:00,84124.32,84124.33,84124.32,84124.33,0.71073
2026-09-26 10:38:00,84124.32,84124.33,84124.32,84124.32,0.65613
2026-09-26 10:39:00,84124.33,84139.61,84122.11,84122.12,11.95702
2026-09-26 10:40:00,84122.11,84144.46,84122.11,84144.46,10.57932
2026-09-26 10:41:00,84144.46,84145.27,84144.46,84145.27,1.67335
2026-09-26 10:42:00,84145.26,84163.36,84145.26,84151.67,23.19929
2026-09-26 10:43:00,84151.68,84151.68,84133.7,84133.71,3.21937
2026-09-26 10:44:00,84133.7,84148.01,84133.7,84148.0,3.87128
2026-09-26 10:45:00,84148.01,84163.09,84148.0,84163.08,2.15007
2026-09-26 10:46:00,84163.09,84170.54,84163.08,84170.53,1.6747
2026-09-26 10:47:00,84170.53,84170.54,84165.17,84165.17,1.74565
2026-09-26 10:48:00,84165.18,84165.18,84150.01,84150.02,1.45863
2026-09-26 10:49:00,84150.01,84150.02,84150.01,84150.02,0.66001
2026-09-26 10:50:00,84150.01,84165.18,84150.01,84165.17,2.48691
2026-09-26 10:51:00,84165.18,84165.18,84165.17,84165.18,1.16983
2026-09-26 10:52:00,84165.18,84165.18,84165.17,84165.17,0.91886
2026-09-26 10:53:00,84165.17,84165.18,84160.41,84160.42,4.48316
2026-09-26 10:54:00,84160.41,84160.41,84145.26,84145.26,4.72462
2026-09-26 10:55:00,84145.26,84145.27,84130.02,84144.0,12.14664
2026-09-26 10:56:00,84144.0,84179.92,84143.99,84179.91,4.07012
2026-09-26 10:57:00,84179.92,84179.92,84179.91,84179.91,3.72654
2026-09-26 10:58:00,84179.92,84179.92,84179.91,84179.91,0.35876
2026-09-26 10:59:00,84179.92,84179.92,84179.91,84179.92,1.66048
2026-09-26 11:00:00,84179.92,84184.95,84179.91,84184.95,1.76342
2026-09-26 11:01:00,84184.95,84188.0,84130.79,84161.99,16.45153
2026-09-26 11:02:00,84162.0,84168.3,84161.99,84168.3,1.25387
2026-09-26 11:03:00,84168.3,84192.01,84168.29,84169.3,9.16683
2026-09-26 11:04:00,84169.3,84180.01,84164.25,84180.01,10.41331
2026-09-26 11:05:00,84180.0,84180.01,84146.0,84146.01,3.91465
2026-09-26 11:06:00,84146.01,84150.0,84138.85,84149.99,3.98947
2026-09-26 11:07:00,84150.0,84150.0,84149.99,84150.0,2.04097
2026-09-26 11:08:00,84150.0,84180.0,84149.99,84172.66,7.08205
2026-09-26 11:09:00,84172.65,84172.66,84172.65,84172.65,1.88813
2026-09-26 11:10:00,84172.66,84172.66,84150.0,84150.0,3.4946
2026-09-26 11:11:00,84150.01,84150.01,84150.0,84150.01,1.28286
2026-09-26 11:12:00,84150.0,84150.01,84150.0,84150.0,0.34397
2026-09-26 11:13:00,84150.01,84183.43,84150.0,84183.43,2.93459
2026-09-26 11:14:00,84183.43,84183.43,84171.85,84171.85,6.72034
2026-09-26 11:15:00,84171.85,84178.01,84171.85,84178.0,0.7353
2026-09-26 11:16:00,84178.01,84199.0,84178.0,84198.99,1.42204
2026-09-26 11:17:00,84199.0,84199.97,84198.99,84199.96,1.22085
2026-09-26 11:18:00,84199.96,84199.97,84199.96,84199.97,3.85091
2026-09-26 11:19:00,84199.96,84199.97,84198.99,84199.0,3.56957
2026-09-26 11:20:00,84198.99,84199.0,84185.06,84185.07,2.55225
2026-09-26 11:21:00,84185.07,84185.07,84185.06,84185.06,2.48283
2026-09-26 11:22:00,84185.07,84185.07,84185.06,84185.06,0.76653
2026-09-26 11:23:00,84185.06,84185.06,84180.77,84180.77,1.66682
2026-09-26 11:24:00,84180.78,84180.78,84180.77,84180.77,0.58965
2026-09-26 11:25:00,84180.78,84180.78,84180.77,84180.77,0.68711
2026-09-26 11:26:00,84180.78,84180.78,84180.77,84180.78,1.20287
2026-09-26 11:27:00,84180.77,84180.78,84168.0,84168.01,1.12391
2026-09-26 11:28:00,84168.0,84168.01,84161.98,84161.98,1.8315
2026-09-26 11:29:00,84161.99,84163.36,84161.98,84163.35,2.62995
2026-09-26 11:30:00,84163.36,84163.36,84163.35,84163.35,0.42172
2026-09-26 11:31:00,84163.35,84163.36,84163.35,84163.36,4.06514
2026-09-26 11:32:00,84163.36,84163.36,84163.35,84163.36,0.31892
2026-09-26 11:33:00,84163.36,84166.01,84163.34,84166.01,5.92053
2026-09-26 11:34:00,84166.01,84168.01,84166.0,84167.99,9.31803
2026-09-26 11:35:00,84168.0,84175.13,84167.99,84175.08,5.79898
2026-09-26 11:36:00,84175.08,84182.01,84175.07,84182.0,1.21152
2026-09-26 11:37:00,84182.01,84184.01,84182.0,84184.01,1.45148
2026-09-26 11:38:00,84184.0,84196.01,84184.0,84196.01,1.91965
2026-09-26 11:39:00,84196.0,84198.0,84196.0,84198.0,1.83168
2026-09-26 11:40:00,84198.0,84198.0,84186.0,84186.0,4.56169
2026-09-26 11:41:00,84186.01,84186.01,84180.46,84180.47,3.83299
2026-09-26 11:42:00,84180.47,84180.47,84180.46,84180.46,0.68573
2026-09-26 11:43:00,84180.47,84187.88,84180.46,84187.88,0.91377
2026-09-26 11:44:00,84187.87,84187.88,84176.04,84176.05,3.58392
2026-09-26 11:45:00,84176.05,84176.05,84176.04,84176.04,3.65071
2026-09-26 11:46:00,84176.04,84176.05,84176.04,84176.04,0.47644
2026-09-26 11:47:00,84176.05,84176.05,84166.01,84166.04,9.0067
2026-09-26 11:48:00,84166.03,84166.04,84166.03,84166.03,0.84808
2026-09-26 11:49:00,84166.04,84178.01,84166.03,84178.0,3.6595
2026-09-26 11:50:00,84178.01,84185.64,84178.01,84185.63,5.5728
2026-09-26 11:51:00,84185.63,84185.64,84185.63,84185.63,1.27415
2026-09-26 11:52:00,84185.64,84185.64,84185.63,84185.63,1.02125
2026-09-26 11:53:00,84185.63,84185.64,84185.63,84185.64,0.65412
2026-09-26 11:54:00,84185.63,84185.64,84176.46,84176.47,7.58942
2026-09-26 11:55:00,84176.46,84176.47,84176.46,84176.47,1.84362
2026-09-26 11:56:00,84176.47,84177.9,84176.46,84177.89,3.81856
2026-09-26 11:57:00,84177.9,84177.9,84177.89,84177.9,2.23822
2026-09-26 11:58:00,84177.89,84177.9,84177.89,84177.89,0.66308
2026-09-26 11:59:00,84177.9,84177.9,84176.0,84176.0,10.79441
2026-09-26 12:00:00,84176.0,84176.01,84175.99,84176.0,11.86061
2026-09-26 12:01:00,84176.0,84176.0,84170.06,84170.06,3.24423
2026-09-26 12:02:00,84170.07,84170.07,84165.54,84165.55,0.86683
2026-09-26 12:03:00,84165.55,84165.55,84138.37,84138.37,2.87951
2026-09-26 12:04:00,84138.38,84138.38,84108.0,84108.0,5.95942
2026-09-26 12:05:00,84108.01,84137.44,84108.0,84137.43,9.74639
2026-09-26 12:06:00,84137.43,84156.08,84137.43,84156.07,2.90344
2026-09-26 12:07:00,84156.07,84183.45,84156.07,84164.0,7.87534
2026-09-26 12:08:00,84164.01,84164.01,84154.01,84154.01,3.24215
2026-09-26 12:09:00,84154.02,84163.23,84148.03,84148.03,7.29885
2026-09-26 12:10:00,84148.04,84148.04,84145.26,84145.26,1.59561
2026-09-26 12:11:00,84145.27,84145.27,84126.43,84126.43,2.2348
2026-09-26 12:12:00,84126.44,84126.44,84116.29,84116.29,1.76542
2026-09-26 12:13:00,84116.29,84126.01,84116.29,84126.0,1.97585
2026-09-26 12:14:00,84126.0,84150.01,84126.0,84150.0,11.25136
2026-09-26 12:15:00,84150.0,84172.01,84150.0,84172.01,5.93668
2026-09-26 12:16:00,84172.01,84185.0,84172.0,84184.99,2.40906
2026-09-26 12:17:00,84184.99,84204.88,84184.99,84204.0,6.59355
2026-09-26 12:18:00,84204.0,84204.01,84192.48,84192.49,16.28836
2026-09-26 12:19:00,84192.49,84192.49,84169.59,84170.01,5.99158
2026-09-26 12:20:00,84170.01,84170.01,84150.0,84150.0,4.1205
2026-09-26 12:21:00,84150.01,84150.01,84125.13,84125.13,5.13094
2026-09-26 12:22:00,84125.14,84125.14,84124.01,84124.01,0.93378
2026-09-26 12:23:00,84124.02,84124.02,84124.01,84124.02,2.28826
2026-09-26 12:24:00,84124.01,84124.02,84103.65,84103.66,2.10066
2026-09-26 12:25:00,84103.66,84120.88,84103.65,84120.87,3.41786
2026-09-26 12:26:00,84120.87,84120.88,84114.0,84114.01,2.12959
2026-09-26 12:27:00,84114.0,84114.01,84103.65,84103.66,3.86937
2026-09-26 12:28:00,84103.66,84103.66,84103.65,84103.66,0.76145
2026-09-26 12:29:00,84103.66,84103.66,84103.65,84103.66,2.35027
2026-09-26 12:30:00,84103.65,84103.66,84103.65,84103.66,1.80419
2026-09-26 12:31:00,84103.66,84103.66,84103.65,84103.66,1.91574
2026-09-26 12:32:00,84103.66,84103.66,84103.65,84103.66,0.63341
2026-09-26 12:33:00,84103.66,84116.01,84103.65,84116.01,2.02601
2026-09-26 12:34:00,84116.0,84116.01,84116.0,84116.0,1.01385
2026-09-26 12:35:00,84116.0,84125.97,84116.0,84125.97,2.11261
2026-09-26 12:36:00,84125.97,84125.97,84125.96,84125.97,0.75266
2026-09-26 12:37:00,84125.96,84125.97,84100.0,84100.0,2.76433
2026-09-26 12:38:00,84100.0,84100.01,84085.3,84085.31,3.34976
2026-09-26 12:39:00,84085.3,84095.25,84085.3,84095.25,1.90432
2026-09-26 12:40:00,84095.26,84095.26,84092.54,84092.54,3.31293
2026-09-26 12:41:00,84092.54,84092.55,84060.3,84060.31,6.03235
2026-09-26 12:42:00,84060.31,84060.31,84050.0,84050.01,3.1358
2026-09-26 12:43:00,84050.0,84050.01,84050.0,84050.01,0.23874
2026-09-26 12:44:00,84050.0,84050.01,84050.0,84050.01,2.01102
2026-09-26 12:45:00,84050.0,84053.96,84050.0,84053.95,1.78974
2026-09-26 12:46:00,84053.95,84062.01,84053.95,84062.01,3.29829
2026-09-26 12:47:00,84062.01,84065.92,84062.0,84065.91,1.21193
2026-09-26 12:48:00,84065.91,84069.16,84065.91,84069.15,1.32649
2026-09-26 12:49:00,84069.16,84071.16,84069.15,84071.16,2.08962
2026-09-26 12:50:00,84071.16,84071.16,84071.15,84071.16,0.3585
2026-09-26 12:51:00,84071.16,84071.18,84071.16,84071.17,0.89771
2026-09-26 12:52:00,84071.17,84074.01,84071.17,84074.01,1.44176
2026-09-26 12:53:00,84074.0,84074.01,84074.0,84074.01,2.88488
2026-09-26 12:54:00,84074.01,84074.01,84052.0,84052.01,18.93831
2026-09-26 12:55:00,84052.0,84052.01,84052.0,84052.0,1.95679
2026-09-26 12:56:00,84052.0,84052.01,84052.0,84052.0,0.66547
2026-09-26 12:57:00,84052.0,84052.01,84052.0,84052.0,0.34108
2026-09-26 12:58:00,84052.0,84070.01,84052.0,84070.0,18.02431
2026-09-26 12:59:00,84070.01,84070.01,84051.89,84051.9,8.72983
2026-09-26 13:00:00,84051.89,84051.9,84051.89,84051.9,0.40115
2026-09-26 13:01:00,84051.9,84060.65,84051.89,84060.64,2.07433
2026-09-26 13:02:00,84060.64,84091.46,84060.64,84091.45,5.45227
2026-09-26 13:03:00,84091.46,84097.53,84072.0,84072.0,6.46834
2026-09-26 13:04:00,84072.01,84072.01,84072.0,84072.01,0.57376
2026-09-26 13:05:00,84072.0,84095.13,84072.0,84095.13,3.20938
2026-09-26 13:06:00,84095.13,84114.05,84095.12,84114.05,3.88535
2026-09-26 13:07:00,84114.05,84125.45,84114.05,84125.45,2.49305
2026-09-26 13:08:00,84125.44,84125.45,84090.54,84090.55,7.7611
2026-09-26 13:09:00,84090.54,84090.55,84074.64,84074.64,3.22994
2026-09-26 13:10:00,84074.64,84074.65,83985.94,83990.01,23.39289
2026-09-26 13:11:00,83990.01,83990.01,83977.27,83977.27,5.81559
2026-09-26 13:12:00,83977.28,84008.01,83958.83,84008.0,10.59519
2026-09-26 13:13:00,84008.01,84008.01,83996.0,84003.9,4.91501
2026-09-26 13:14:00,84003.9,84012.01,84003.89,84008.01,3.84568
2026-09-26 13:15:00,84008.0,84012.01,83987.2,83987.21,12.58735
2026-09-26 13:16:00,83987.2,83987.21,83964.75,83980.32,8.76621
2026-09-26 13:17:00,83980.31,84012.01,83980.31,84010.79,5.50464
2026-09-26 13:18:00,84010.8,84010.8,83995.8,83995.8,5.50069
2026-09-26 13:19:00,83995.81,84008.38,83995.8,84008.38,7.928
2026-09-26 13:20:00,84008.38,84024.02,84008.38,84024.01,8.29905
2026-09-26 13:21:00,84024.01,84024.02,84024.01,84024.01,1.63205
2026-09-26 13:22:00,84024.01,84024.02,83980.0,83980.0,9.51477
2026-09-26 13:23:00,83980.01,83980.01,83962.51,83970.19,4.13444
2026-09-26 13:24:00,83970.19,83970.2,83964.0,83964.01,3.06066
2026-09-26 13:25:00,83964.01,83964.01,83956.0,83956.0,2.13614
2026-09-26 13:26:00,83956.0,83956.01,83938.0,83944.01,3.55961
2026-09-26 13:27:00,83944.01,83944.01,83917.17,83917.18,4.57094
2026-09-26 13:28:00,83917.18,83917.18,83856.23,83865.45,23.88784
2026-09-26 13:29:00,83865.45,83932.01,83865.45,83932.0,5.80427
2026-09-26 13:30:00,83932.0,83932.01,83900.0,83900.01,5.24178
2026-09-26 13:31:00,83900.0,83920.81,83900.0,83920.8,7.34374
2026-09-26 13:32:00,83920.81,83920.81,83900.0,83905.03,6.68181
2026-09-26 13:33:00,83905.03,83906.14,83905.03,83906.14,3.497
2026-09-26 13:34:00,83906.13,83909.05,83900.0,83909.04,3.30889
2026-09-26 13:35:00,83909.05,83909.05,83882.04,83882.04,7.49814
2026-09-26 13:36:00,83882.04,83886.01,83865.42,83886.01,5.66112
2026-09-26 13:37:00,83886.01,83922.01,83886.0,83920.01,6.0593
2026-09-26 13:38:00,83920.01,83932.01,83918.38,83932.0,5.5235
2026-09-26 13:39:00,83932.0,83932.01,83932.0,83932.01,0.70018
2026-09-26 13:40:00,83932.01,83932.01,83932.0,83932.0,3.70134
2026-09-26 13:41:00,83932.01,83932.01,83916.0,83920.0,20.65048
2026-09-26 13:42:00,83920.01,83920.01,83920.0,83920.01,0.88476
2026-09-26 13:43:00,83920.01,83920.01,83920.0,83920.01,6.6397
2026-09-26 13:44:00,83920.0,83932.27,83915.36,83932.26,17.39466
2026-09-26 13:45:00,83932.26,83932.27,83932.26,83932.27,2.65104
2026-09-26 13:46:00,83932.26,83937.53,83932.26,83937.52,3.05244
2026-09-26 13:47:00,83937.53,83947.92,83937.52,83939.56,3.14998
2026-09-26 13:48:00,83939.55,83958.01,83923.44,83958.0,3.55919
2026-09-26 13:49:00,83958.01,83961.97,83954.15,83954.16,7.76148
2026-09-26 13:50:00,83954.15,83962.82,83945.6,83962.01,3.86591
2026-09-26 13:51:00,83962.01,83962.01,83928.0,83928.0,9.32674
2026-09-26 13:52:00,83928.0,83928.01,83926.65,83926.66,1.39772
2026-09-26 13:53:00,83926.66,83932.26,83926.66,83932.26,2.7737
2026-09-26 13:54:00,83932.26,83956.03,83932.25,83956.02,4.18264
2026-09-26 13:55:00,83956.03,83962.0,83956.02,83962.0,1.2846
2026-09-26 13:56:00,83961.99,83975.82,83961.99,83972.32,5.03218
2026-09-26 13:57:00,83972.31,83972.32,83972.31,83972.32,1.41768
2026-09-26 13:58:00,83972.32,83972.32,83939.64,83939.65,27.57765
2026-09-26 13:59:00,83939.66,83940.0,83929.99,83939.1,74.14287
2026-09-26 14:00:00,83939.11,83939.11,83927.39,83927.4,5.3725
2026-09-26 14:01:00,83927.4,83931.37,83927.39,83931.37,1.60637
2026-09-26 14:02:00,83931.36,83931.37,83931.36,83931.36,2.37118
2026-09-26 14:03:00,83931.36,83931.37,83931.36,83931.37,3.55636
2026-09-26 14:04:00,83931.37,83968.01,83931.36,83938.82,31.4595
2026-09-26 14:05:00,83938.82,83938.82,83928.24,83928.24,1.70889
2026-09-26 14:06:00,83928.24,83928.25,83919.1,83919.11,2.11493
2026-09-26 14:07:00,83919.11,83919.11,83919.1,83919.1,2.29422
2026-09-26 14:08:00,83919.1,83919.11,83919.1,83919.1,1.58426
2026-09-26 14:09:00,83919.11,83940.01,83919.1,83940.0,22.81027
2026-09-26 14:10:00,83940.0,83940.01,83940.0,83940.01,0.63915
2026-09-26 14:11:00,83940.01,83946.49,83940.0,83946.48,5.92399
2026-09-26 14:12:00,83946.48,83949.94,83946.48,83949.94,2.54968
2026-09-26 14:13:00,83949.93,83950.01,83949.93,83950.01,1.42358
2026-09-26 14:14:00,83950.0,83960.01,83950.0,83960.01,15.99214
2026-09-26 14:15:00,83960.01,83981.11,83960.0,83981.11,1.86753
2026-09-26 14:16:00,83981.11,83981.11,83972.7,83972.71,1.09017
2026-09-26 14:17:00,83972.7,83972.71,83960.0,83960.01,2.5816
2026-09-26 14:18:00,83960.0,83960.01,83960.0,83960.0,2.44165
2026-09-26 14:19:00,83960.01,83960.01,83960.0,83960.0,0.47415
2026-09-26 14:20:00,83960.0,83963.67,83960.0,83963.67,5.29761
2026-09-26 14:21:00,83963.66,83971.28,83963.66,83971.28,1.04986
2026-09-26 14:22:00,83971.27,83971.28,83971.27,83971.27,2.39406
2026-09-26 14:23:00,83971.28,83971.28,83971.27,83971.27,1.61505
2026-09-26 14:24:00,83971.28,83971.28,83971.27,83971.28,3.12905
2026-09-26 14:25:00,83971.28,83982.73,83971.27,83976.56,4.52612
2026-09-26 14:26:00,83976.56,83976.56,83976.55,83976.55,1.80565
2026-09-26 14:27:00,83976.55,83976.56,83976.55,83976.56,1.08879
2026-09-26 14:28:00,83976.56,83976.56,83976.55,83976.56,0.51047
2026-09-26 14:29:00,83976.55,83980.01,83976.55,83980.0,3.99728
2026-09-26 14:30:00,83980.01,83997.93,83980.0,83997.93,2.58291
2026-09-26 14:31:00,83997.92,84000.0,83997.92,84000.0,1.25121
2026-09-26 14:32:00,83999.99,84023.78,83999.99,84023.76,3.03039
2026-09-26 14:33:00,84023.75,84023.76,84023.75,84023.76,2.58238
2026-09-26 14:34:00,84023.76,84023.76,84008.08,84008.09,9.27505
2026-09-26 14:35:00,84008.08,84008.09,84008.08,84008.09,1.70647
2026-09-26 14:36:00,84008.09,84008.09,84008.08,84008.08,0.77451
2026-09-26 14:37:00,84008.08,84008.09,84008.08,84008.08,1.88799
2026-09-26 14:38:00,84008.09,84012.01,84008.08,84012.01,2.25635
2026-09-26 14:39:00,84012.01,84012.01,84002.0,84002.01,13.65787
2026-09-26 14:40:00,84002.01,84017.5,84002.0,84017.49,2.49223
2026-09-26 14:41:00,84017.49,84026.67,84017.49,84026.67,7.40123
2026-09-26 14:42:00,84026.67,84034.48,84026.66,84034.47,6.47324
2026-09-26 14:43:00,84034.47,84034.48,84034.47,84034.48,0.9657
2026-09-26 14:44:00,84034.47,84034.48,84017.13,84021.7,6.41155
2026-09-26 14:45:00,84021.69,84021.7,84007.36,84007.37,5.20198
2026-09-26 14:46:00,84007.36,84007.37,84007.36,84007.37,0.41674
2026-09-26 14:47:00,84007.37,84007.37,84007.36,84007.37,0.51718
2026-09-26 14:48:00,84007.37,84007.37,84007.36,84007.37,3.70992
2026-09-26 14:49:00,84007.37,84020.0,84007.37,84019.99,8.59311
2026-09-26 14:50:00,84020.0,84044.95,84019.99,84044.95,4.96549
2026-09-26 14:51:00,84044.95,84049.19,84044.94,84046.01,2.8066
2026-09-26 14:52:00,84046.01,84046.01,84046.0,84046.0,0.63339
2026-09-26 14:53:00,84046.01,84046.01,84046.0,84046.01,0.95862
2026-09-26 14:54:00,84046.0,84046.01,84037.63,84037.64,6.22011
2026-09-26 14:55:00,84037.63,84037.64,84037.63,84037.64,0.95606
2026-09-26 14:56:00,84037.64,84037.64,84037.63,84037.64,5.01714
2026-09-26 14:57:00,84037.63,84037.64,84021.24,84021.24,4.78341
2026-09-26 14:58:00,84021.25,84021.25,84018.84,84018.84,4.25099
2026-09-26 14:59:00,84018.85,84020.01,84018.84,84020.0,5.89758
2026-09-26 15:00:00,84020.01,84036.0,84020.0,84036.0,5.81054
2026-09-26 15:01:00,84035.99,84036.0,84010.49,84029.3,7.24343
2026-09-26 15:02:00,84029.3,84029.3,84029.29,84029.3,1.26846
2026-09-26 15:03:00,84029.3,84029.3,84019.88,84020.0,7.90905
2026-09-26 15:04:00,84020.0,84032.01,84019.99,84032.01,26.80249
2026-09-26 15:05:00,84032.01,84034.01,84032.01,84034.0,1.52856
2026-09-26 15:06:00,84034.01,84034.01,84034.0,84034.0,0.99785
2026-09-26 15:07:00,84034.0,84034.01,84019.99,84020.0,17.17246
2026-09-26 15:08:00,84020.0,84020.0,84019.99,84019.99,1.68805
2026-09-26 15:09:00,84020.0,84020.0,84019.99,84020.0,1.54028
2026-09-26 15:10:00,84020.0,84020.0,84019.99,84020.0,0.89377
2026-09-26 15:11:00,84020.0,84020.0,84019.99,84019.99,1.82484
2026-09-26 15:12:00,84020.0,84020.0,84019.99,84020.0,5.42915
2026-09-26 15:13:00,84020.0,84032.01,84020.0,84020.01,9.32393
2026-09-26 15:14:00,84020.01,84020.02,84020.01,84020.02,3.07638
2026-09-26 15:15:00,84020.02,84028.01,84020.01,84028.01,3.03578
2026-09-26 15:16:00,84028.01,84032.0,84028.0,84031.99,1.6968
2026-09-26 15:17:00,84032.0,84032.0,84031.99,84032.0,1.95318
2026-09-26 15:18:00,84032.0,84032.0,84031.99,84032.0,2.98918
2026-09-26 15:19:00,84031.99,84032.0,84031.99,84032.0,1.90708
2026-09-26 15:20:00,84032.0,84038.01,84031.99,84038.01,3.87225
2026-09-26 15:21:00,84038.01,84038.01,84031.99,84032.0,7.4959
2026-09-26 15:22:00,84031.99,84032.0,84026.0,84026.0,2.85649
2026-09-26 15:23:00,84026.01,84026.01,84026.0,84026.01,1.43122
2026-09-26 15:24:00,84026.0,84049.19,84026.0,84049.18,27.13665
2026-09-26 15:25:00,84049.19,84049.19,84047.0,84049.19,5.34332
2026-09-26 15:26:00,84049.18,84049.19,84049.18,84049.18,1.68603
2026-09-26 15:27:00,84049.19,84058.5,84049.18,84058.5,4.8499
2026-09-26 15:28:00,84058.5,84058.5,84058.49,84058.49,1.25209
2026-09-26 15:29:00,84058.49,84058.5,84058.49,84058.49,1.91811
2026-09-26 15:30:00,84058.5,84082.01,84058.49,84082.0,4.45165
2026-09-26 15:31:00,84082.0,84104.8,84082.0,84104.79,3.03137
2026-09-26 15:32:00,84104.79,84150.0,84104.79,84150.0,11.04081
2026-09-26 15:33:00,84150.0,84155.36,84148.81,84148.81,8.46838
2026-09-26 15:34:00,84148.82,84148.82,84144.96,84144.96,13.76367
2026-09-26 15:35:00,84144.96,84155.35,84123.24,84155.35,25.43295
2026-09-26 15:36:00,84155.35,84190.0,84155.34,84185.53,20.36929
2026-09-26 15:37:00,84185.53,84185.54,84152.0,84152.0,22.02162
2026-09-26 15:38:00,84152.01,84152.01,84129.88,84129.89,5.68623
2026-09-26 15:39:00,84129.89,84145.26,84129.88,84145.26,10.60371
2026-09-26 15:40:00,84145.26,84145.26,84104.87,84104.87,8.53333
2026-09-26 15:41:00,84104.87,84104.88,84104.87,84104.87,0.65516
2026-09-26 15:42:00,84104.88,84104.88,84104.87,84104.87,1.80911
2026-09-26 15:43:00,84104.88,84104.88,84104.87,84104.88,3.50488
2026-09-26 15:44:00,84104.88,84134.77,84104.87,84134.77,19.26746
2026-09-26 15:45:00,84134.77,84134.95,84119.35,84119.35,17.59623
2026-09-26 15:46:00,84119.36,84119.36,84097.84,84097.84,12.56783
2026-09-26 15:47:00,84097.85,84097.85,84097.84,84097.85,2.24746
2026-09-26 15:48:00,84097.85,84097.85,84097.84,84097.84,4.36819
2026-09-26 15:49:00,84097.84,84097.85,84090.01,84090.02,4.11699
2026-09-26 15:50:00,84090.02,84090.02,84082.45,84082.45,1.50684
2026-09-26 15:51:00,84082.46,84099.64,84082.45,84084.48,26.38029
2026-09-26 15:52:00,84084.48,84143.99,84084.47,84143.98,19.11
2026-09-26 15:53:00,84143.99,84155.41,84140.0,84140.0,5.35851
2026-09-26 15:54:00,84140.0,84152.03,84140.0,84152.03,2.45155
2026-09-26 15:55:00,84152.03,84155.13,84140.0,84140.0,18.90679
2026-09-26 15:56:00,84140.01,84150.0,84140.0,84149.99,1.69895
2026-09-26 15:57:00,84149.99,84154.02,84149.99,84154.01,1.5209
2026-09-26 15:58:00,84154.01,84154.02,84154.01,84154.02,2.77547
2026-09-26 15:59:00,84154.02,84156.0,84154.01,84155.99,0.63179
2026-09-26 16:00:00,84156.0,84164.48,84141.57,84141.58,7.99089
2026-09-26 16:01:00,84141.57,84141.58,84116.32,84116.32,11.36079
2026-09-26 16:02:00,84116.32,84130.0,84110.21,84130.0,4.42321
2026-09-26 16:03:00,84130.0,84139.52,84129.99,84139.52,2.3931
2026-09-26 16:04:00,84139.51,84150.01,84139.51,84150.01,10.11847
2026-09-26 16:05:00,84150.01,84150.01,84150.0,84150.01,2.72804
2026-09-26 16:06:00,84150.0,84150.01,84150.0,84150.0,1.96245
2026-09-26 16:07:00,84150.0,84150.01,84150.0,84150.0,1.01952
2026-09-26 16:08:00,84150.0,84150.01,84150.0,84150.0,1.02702
2026-09-26 16:09:00,84150.01,84150.01,84150.0,84150.0,0.7847
2026-09-26 16:10:00,84150.01,84150.01,84137.01,84137.01,7.47913
2026-09-26 16:11:00,84137.02,84137.02,84123.41,84136.0,5.25405
2026-09-26 16:12:00,84136.0,84136.01,84136.0,84136.0,2.41755
2026-09-26 16:13:00,84136.0,84136.01,84135.74,84135.74,5.42716
2026-09-26 16:14:00,84135.75,84135.75,84135.74,84135.75,3.19015
2026-09-26 16:15:00,84135.75,84135.75,84135.74,84135.75,3.91157
2026-09-26 16:16:00,84135.74,84135.75,84130.01,84130.01,3.0262
2026-09-26 16:17:00,84130.01,84130.02,84130.01,84130.02,3.53149
2026-09-26 16:18:00,84130.01,84140.01,84130.01,84140.0,2.95259
2026-09-26 16:19:00,84140.01,84149.56,84135.71,84135.72,20.17564
2026-09-26 16:20:00,84135.72,84135.72,84130.04,84130.04,1.97294
2026-09-26 16:21:00,84130.04,84130.04,84102.0,84102.01,4.33372
2026-09-26 16:22:00,84102.01,84115.78,84102.0,84115.78,2.41426
2026-09-26 16:23:00,84115.77,84117.86,84115.77,84117.86,2.17516
2026-09-26 16:24:00,84117.86,84117.86,84117.85,84117.85,1.26821
2026-09-26 16:25:00,84117.85,84117.86,84117.85,84117.85,2.47944
2026-09-26 16:26:00,84117.85,84117.86,84117.85,84117.86,1.48874
2026-09-26 16:27:00,84117.86,84117.86,84098.18,84098.19,2.97133
2026-09-26 16:28:00,84098.18,84098.19,84098.18,84098.19,2.15306
2026-09-26 16:29:00,84098.19,84112.22,84098.18,84112.22,2.54224
2026-09-26 16:30:00,84112.22,84112.22,84112.21,84112.21,0.4031
2026-09-26 16:31:00,84112.22,84152.18,84112.21,84152.18,5.55798
2026-09-26 16:32:00,84152.17,84162.01,84152.17,84162.01,5.46219
2026-09-26 16:33:00,84162.01,84162.01,84162.0,84162.01,1.07828
2026-09-26 16:34:00,84162.01,84174.33,84162.0,84168.17,7.85055
2026-09-26 16:35:00,84168.17,84168.17,84153.01,84153.02,2.51265
2026-09-26 16:36:00,84153.02,84153.02,84153.01,84153.02,0.9729
2026-09-26 16:37:00,84153.02,84153.02,84153.01,84153.01,0.71743
2026-09-26 16:38:00,84153.01,84153.02,84153.01,84153.02,0.53981
2026-09-26 16:39:00,84153.01,84153.02,84153.01,84153.02,0.33366
2026-09-26 16:40:00,84153.02,84156.75,84153.01,84156.74,1.2086
2026-09-26 16:41:00,84156.75,84156.75,84156.74,84156.75,1.19301
2026-09-26 16:42:00,84156.75,84156.75,84156.74,84156.75,0.71919
2026-09-26 16:43:00,84156.75,84156.75,84156.74,84156.75,1.05937
2026-09-26 16:44:00,84156.75,84156.75,84152.32,84152.32,4.86938
2026-09-26 16:45:00,84152.32,84152.33,84136.62,84136.62,3.18691
2026-09-26 16:46:00,84136.63,84146.0,84136.62,84146.0,1.44828
2026-09-26 16:47:00,84145.99,84166.3,84145.99,84162.01,7.7197
2026-09-26 16:48:00,84162.01,84162.01,84145.12,84145.12,7.41786
2026-09-26 16:49:00,84145.13,84153.35,84136.71,84153.35,4.22524
2026-09-26 16:50:00,84153.34,84162.45,84142.0,84142.0,4.67781
2026-09-26 16:51:00,84142.01,84142.01,84136.71,84136.72,4.82428
2026-09-26 16:52:00,84136.72,84136.72,84131.66,84131.67,2.54489
2026-09-26 16:53:00,84131.67,84131.67,84113.2,84124.01,11.72131
2026-09-26 16:54:00,84124.01,84153.43,84123.99,84153.43,38.91617
2026-09-26 16:55:00,84153.43,84153.44,84124.23,84124.23,8.44175
2026-09-26 16:56:00,84124.23,84124.24,84100.02,84106.0,4.1941
2026-09-26 16:57:00,84106.01,84122.01,84106.0,84122.0,2.74046
2026-09-26 16:58:00,84122.0,84122.01,84122.0,84122.01,0.53963
2026-09-26 16:59:00,84122.01,84122.01,84119.99,84120.0,2.09189
2026-09-26 17:00:00,84120.0,84120.0,84118.0,84118.01,2.21897
2026-09-26 17:01:00,84118.01,84128.62,84118.0,84128.62,5.28175
2026-09-26 17:02:00,84128.62,84128.62,84128.61,84128.62,1.16872
2026-09-26 17:03:00,84128.62,84128.62,84092.1,84092.1,6.30337
2026-09-26 17:04:00,84092.11,84120.03,84086.0,84120.03,18.85925
2026-09-26 17:05:00,84120.02,84120.02,84097.19,84097.2,3.72588
2026-09-26 17:06:00,84097.19,84097.2,84088.0,84088.01,1.79733
2026-09-26 17:07:00,84088.01,84088.01,84074.98,84074.98,4.2178
2026-09-26 17:08:00,84074.99,84080.01,84074.98,84080.01,2.05771
2026-09-26 17:09:00,84080.01,84088.01,84080.01,84088.01,5.46713
2026-09-26 17:10:00,84088.0,84088.01,84074.96,84074.96,5.30689
2026-09-26 17:11:00,84074.97,84074.97,84065.27,84065.28,6.25728
2026-09-26 17:12:00,84065.27,84082.05,84065.27,84082.05,4.29171
2026-09-26 17:13:00,84082.04,84095.95,84082.04,84095.94,3.97375
2026-09-26 17:14:00,84095.94,84095.95,84087.97,84087.98,4.57457
2026-09-26 17:15:00,84087.97,84087.97,84074.0,84074.01,7.51441
2026-09-26 17:16:00,84074.01,84074.01,84065.27,84065.27,2.1089
2026-09-26 17:17:00,84065.27,84065.28,84064.01,84064.02,2.25859
2026-09-26 17:18:00,84064.02,84069.02,84064.01,84069.01,4.49421
2026-09-26 17:19:00,84069.02,84088.01,84050.39,84088.0,13.48379
2026-09-26 17:20:00,84088.0,84088.01,84082.61,84082.61,2.39489
2026-09-26 17:21:00,84082.61,84082.62,84076.0,84076.0,1.8417
2026-09-26 17:22:00,84076.0,84076.01,84063.2,84070.14,2.34162
2026-09-26 17:23:00,84070.14,84076.01,84070.14,84070.72,1.54823
2026-09-26 17:24:00,84070.72,84070.72,84070.71,84070.71,1.32079
2026-09-26 17:25:00,84070.71,84070.72,84070.71,84070.72,2.18424
2026-09-26 17:26:00,84070.71,84078.41,84069.83,84069.83,13.37168
2026-09-26 17:27:00,84069.83,84069.84,84069.83,84069.83,2.07529
2026-09-26 17:28:00,84069.84,84078.01,84058.81,84059.04,41.54739
2026-09-26 17:29:00,84059.04,84070.75,84059.04,84070.75,11.89239
2026-09-26 17:30:00,84070.74,84074.77,84059.69,84059.69,6.08349
2026-09-26 17:31:00,84059.69,84063.74,84054.53,84054.53,13.48733
2026-09-26 17:32:00,84054.53,84054.54,84054.53,84054.53,3.48271
2026-09-26 17:33:00,84054.54,84054.54,84054.53,84054.53,3.57034
2026-09-26 17:34:00,84054.53,84054.54,84048.22,84048.23,4.11478
2026-09-26 17:35:00,84048.23,84048.23,84041.92,84048.0,6.38872
2026-09-26 17:36:00,84048.01,84058.01,84048.0,84058.0,10.64395
2026-09-26 17:37:00,84058.0,84070.01,84058.0,84070.0,4.63185
2026-09-26 17:38:00,84070.01,84070.01,84070.0,84070.0,4.41087
2026-09-26 17:39:00,84070.01,84086.1,84070.0,84086.1,4.33665
2026-09-26 17:40:00,84086.09,84088.01,84077.97,84077.97,14.00742
2026-09-26 17:41:00,84077.97,84077.98,84072.31,84072.56,27.29676
2026-09-26 17:42:00,84072.56,84078.01,84072.56,84078.0,6.00636
2026-09-26 17:43:00,84078.0,84084.01,84078.0,84084.0,4.73773
2026-09-26 17:44:00,84084.0,84101.73,84084.0,84101.72,5.59471
2026-09-26 17:45:00,84101.73,84106.99,84101.72,84106.99,7.46686
2026-09-26 17:46:00,84107.0,84112.26,84106.99,84112.26,6.56911
2026-09-26 17:47:00,84112.46,84119.39,84112.46,84119.39,5.50705
2026-09-26 17:48:00,84119.38,84123.32,84119.38,84123.32,4.95725
2026-09-26 17:49:00,84123.32,84124.49,84106.55,84108.0,8.5246
2026-09-26 17:50:00,84108.01,84108.01,84108.0,84108.0,2.82021
2026-09-26 17:51:00,84108.0,84108.01,84108.0,84108.01,3.86165
2026-09-26 17:52:00,84108.01,84110.48,84108.0,84110.47,4.89293
2026-09-26 17:53:00,84110.48,84112.02,84110.47,84112.02,7.21524
2026-09-26 17:54:00,84112.02,84112.22,84112.01,84112.22,3.21641
2026-09-26 17:55:00,84112.22,84112.22,84112.21,84112.22,2.60723
2026-09-26 17:56:00,84112.22,84131.99,84112.21,84131.99,7.42285
2026-09-26 17:57:00,84131.98,84132.41,84131.98,84132.4,3.47465
2026-09-26 17:58:00,84132.4,84132.41,84132.4,84132.41,3.23213
2026-09-26 17:59:00,84132.41,84132.41,84132.4,84132.4,3.14254
2026-09-26 18:00:00,84132.4,84132.41,84132.21,84132.21,3.461
2026-09-26 18:01:00,84132.21,84132.22,84132.21,84132.21,2.94758
2026-09-26 18:02:00,84132.21,84141.01,84132.21,84141.01,11.42402
2026-09-26 18:03:00,84141.0,84153.44,84141.0,84153.44,7.26926
2026-09-26 18:04:00,84153.44,84160.01,84153.43,84160.01,4.08087
2026-09-26 18:05:00,84160.01,84160.01,84160.0,84160.0,2.4345
2026-09-26 18:06:00,84160.01,84162.52,84148.03,84148.04,9.61837
2026-09-26 18:07:00,84148.03,84148.04,84102.58,84106.1,19.88954
2026-09-26 18:08:00,84106.1,84106.1,84106.09,84106.09,3.11023
2026-09-26 18:09:00,84106.1,84106.1,84106.09,84106.09,2.83452
2026-09-26 18:10:00,84106.1,84106.1,84106.09,84106.09,3.21779
2026-09-26 18:11:00,84106.09,84106.1,84106.09,84106.1,2.79637
2026-09-26 18:12:00,84106.09,84106.1,84106.09,84106.1,3.43754
2026-09-26 18:13:00,84106.1,84106.1,84106.09,84106.1,2.77995
2026-09-26 18:14:00,84106.1,84106.1,84100.6,84100.61,4.01954
2026-09-26 18:15:00,84100.61,84100.61,84090.0,84090.0,5.01752
2026-09-26 18:16:00,84090.01,84090.01,84079.88,84079.89,6.1329
2026-09-26 18:17:00,84079.88,84079.89,84079.0,84079.0,5.26159
2026-09-26 18:18:00,84079.0,84086.01,84079.0,84086.01,9.31861
2026-09-26 18:19:00,84086.0,84086.01,84085.0,84085.01,2.54643
2026-09-26 18:20:00,84085.0,84085.0,84079.0,84079.01,6.69188
2026-09-26 18:21:00,84079.0,84088.01,84079.0,84088.0,4.9483
2026-09-26 18:22:00,84088.0,84097.82,84088.0,84097.81,3.49302
2026-09-26 18:23:00,84097.81,84097.82,84097.81,84097.81,3.07889
2026-09-26 18:24:00,84097.82,84097.82,84084.66,84084.92,19.13295
2026-09-26 18:25:00,84084.91,84084.92,84064.96,84064.97,5.54082
2026-09-26 18:26:00,84064.97,84064.97,84063.18,84063.19,2.96776
2026-09-26 18:27:00,84063.19,84069.27,84063.18,84069.26,3.60259
2026-09-26 18:28:00,84069.27,84069.27,84069.26,84069.26,2.8926
2026-09-26 18:29:00,84069.27,84069.27,84069.26,84069.27,3.48491
2026-09-26 18:30:00,84069.26,84069.27,84069.26,84069.26,3.91331
2026-09-26 18:31:00,84069.27,84069.27,84068.81,84068.82,2.53255
2026-09-26 18:32:00,84068.81,84068.82,84068.81,84068.81,6.42315
2026-09-26 18:33:00,84068.81,84073.8,84068.81,84073.79,3.95187
2026-09-26 18:34:00,84073.79,84073.8,84064.0,84064.0,3.82354
2026-09-26 18:35:00,84064.01,84064.01,84058.85,84058.85,4.66799
2026-09-26 18:36:00,84058.85,84058.86,84051.7,84051.7,3.81797
2026-09-26 18:37:00,84051.71,84052.42,84042.02,84048.32,16.94937
2026-09-26 18:38:00,84048.33,84048.33,84044.0,84044.01,13.03571
2026-09-26 18:39:00,84044.01,84056.41,84040.0,84050.0,29.1323
2026-09-26 18:40:00,84050.01,84050.01,84030.0,84030.0,4.02707
2026-09-26 18:41:00,84030.01,84030.01,84030.0,84030.0,3.80575
2026-09-26 18:42:00,84030.0,84030.01,84030.0,84030.0,4.08641
2026-09-26 18:43:00,84030.01,84030.01,84030.0,84030.01,2.89083
2026-09-26 18:44:00,84030.01,84030.01,84002.0,84006.06,11.93052
2026-09-26 18:45:00,84006.06,84020.76,84006.05,84012.01,8.49976
2026-09-26 18:46:00,84012.01,84012.01,84011.98,84011.98,2.906
2026-09-26 18:47:00,84011.98,84014.01,84000.06,84011.13,9.31806
2026-09-26 18:48:00,84011.13,84011.13,84000.06,84002.87,4.94364
2026-09-26 18:49:00,84002.88,84016.01,84002.87,84005.92,20.50769
2026-09-26 18:50:00,84005.92,84005.92,84000.06,84000.07,2.18233
2026-09-26 18:51:00,84000.06,84000.07,83990.0,84000.01,31.61745
2026-09-26 18:52:00,84000.01,84000.01,84000.0,84000.01,3.29673
2026-09-26 18:53:00,84000.01,84000.01,83998.67,83998.68,6.14365
2026-09-26 18:54:00,83998.68,83998.68,83998.67,83998.68,3.56399
2026-09-26 18:55:00,83998.68,83998.68,83998.67,83998.67,3.17038
2026-09-26 18:56:00,83998.67,83998.68,83998.67,83998.68,3.31564
2026-09-26 18:57:00,83998.67,83998.68,83998.67,83998.67,7.20171
2026-09-26 18:58:00,83998.68,83998.68,83998.67,83998.68,2.90098
2026-09-26 18:59:00,83998.67,83998.68,83998.67,83998.68,3.32358
2026-09-26 19:00:00,83998.68,84022.01,83998.67,84022.01,7.43547
2026-09-26 19:01:00,84022.01,84042.92,84022.0,84042.91,5.32521
2026-09-26 19:02:00,84042.91,84048.14,84042.91,84048.13,5.38469
2026-09-26 19:03:00,84048.13,84048.14,84048.13,84048.13,2.96428
2026-09-26 19:04:00,84048.14,84048.14,84034.99,84034.99,9.63767
2026-09-26 19:05:00,84034.99,84035.0,84020.38,84035.0,30.15338
2026-09-26 19:06:00,84034.99,84035.0,84022.91,84022.91,7.80113
2026-09-26 19:07:00,84022.91,84022.92,84022.91,84022.91,4.77313
2026-09-26 19:08:00,84022.91,84022.92,84018.7,84018.71,6.64097
2026-09-26 19:09:00,84018.7,84018.71,84000.9,84008.62,20.47702
2026-09-26 19:10:00,84008.63,84008.63,84008.62,84008.62,3.41587
2026-09-26 19:11:00,84008.62,84017.25,84008.62,84017.25,14.27941
2026-09-26 19:12:00,84017.24,84017.25,84017.24,84017.25,4.40927
2026-09-26 19:13:00,84017.24,84022.95,84017.24,84022.95,6.75452
2026-09-26 19:14:00,84022.95,84022.95,84022.94,84022.95,3.44975
2026-09-26 19:15:00,84022.94,84022.95,84022.94,84022.95,3.3057
2026-09-26 19:16:00,84022.95,84022.95,84022.94,84022.94,3.70957
2026-09-26 19:17:00,84022.95,84022.95,84022.94,84022.95,3.51715
2026-09-26 19:18:00,84022.94,84024.01,84022.94,84024.01,5.36548
2026-09-26 19:19:00,84024.01,84025.95,84024.01,84025.94,4.34105
2026-09-26 19:20:00,84025.95,84025.95,84022.16,84022.17,6.98743
2026-09-26 19:21:00,84022.16,84022.17,84022.16,84022.17,3.25468
2026-09-26 19:22:00,84022.17,84029.01,84022.16,84029.01,7.9703
2026-09-26 19:23:00,84029.01,84029.01,84029.0,84029.01,4.65801
2026-09-26 19:24:00,84029.0,84029.01,84025.55,84025.55,11.00283
2026-09-26 19:25:00,84025.56,84025.56,84025.55,84025.55,3.96373
2026-09-26 19:26:00,84025.55,84025.56,84025.55,84025.56,5.44786
2026-09-26 19:27:00,84025.55,84033.89,84025.55,84033.88,6.43085
2026-09-26 19:28:00,84033.89,84039.04,84033.88,84039.04,6.61061
2026-09-26 19:29:00,84039.03,84039.04,84039.03,84039.03,2.91977
2026-09-26 19:30:00,84039.03,84039.03,84027.41,84027.42,5.8342
2026-09-26 19:31:00,84027.42,84027.42,84027.41,84027.42,2.51571
2026-09-26 19:32:00,84027.42,84027.42,84027.41,84027.41,3.1908
2026-09-26 19:33:00,84027.41,84027.42,84027.41,84027.42,3.42186
2026-09-26 19:34:00,84027.42,84039.17,84027.37,84039.17,16.7644
2026-09-26 19:35:00,84039.16,84039.17,84039.16,84039.16,3.13028
2026-09-26 19:36:00,84039.16,84039.16,84016.0,84016.01,4.10441
2026-09-26 19:37:00,84016.0,84016.01,83996.0,83996.01,3.0818
2026-09-26 19:38:00,83996.0,83996.01,83976.74,83976.75,5.28915
2026-09-26 19:39:00,83976.74,83976.75,83976.74,83976.75,3.05087
2026-09-26 19:40:00,83976.74,83986.01,83976.74,83986.0,6.35305
2026-09-26 19:41:00,83986.01,83986.01,83986.0,83986.0,3.53048
2026-09-26 19:42:00,83986.01,83995.9,83986.0,83995.72,8.58029
2026-09-26 19:43:00,83995.73,84016.79,83995.72,84016.78,3.22749
2026-09-26 19:44:00,84016.79,84016.79,84016.78,84016.78,0.55743
2026-09-26 19:45:00,84016.79,84016.79,84016.78,84016.79,0.33135
2026-09-26 19:46:00,84016.79,84016.79,84016.78,84016.79,0.80918
2026-09-26 19:47:00,84016.79,84016.79,84016.0,84016.01,6.08955
2026-09-26 19:48:00,84016.01,84024.01,84016.0,84024.0,1.73587
2026-09-26 19:49:00,84024.0,84029.91,84016.65,84016.66,11.21003
2026-09-26 19:50:00,84016.65,84016.66,84014.0,84014.0,1.37503
2026-09-26 19:51:00,84014.01,84014.01,84014.0,84014.0,0.63494
2026-09-26 19:52:00,84014.0,84014.0,84005.35,84005.36,3.07687
2026-09-26 19:53:00,84005.35,84016.63,84004.0,84016.63,10.00962
2026-09-26 19:54:00,84016.63,84016.63,84016.62,84016.62,0.90289
2026-09-26 19:55:00,84016.62,84016.63,84016.62,84016.63,3.91134
2026-09-26 19:56:00,84016.62,84016.63,84016.62,84016.63,0.55086
2026-09-26 19:57:00,84016.62,84016.63,84016.62,84016.63,1.6591
2026-09-26 19:58:00,84016.62,84016.63,84016.62,84016.63,0.19927
2026-09-26 19:59:00,84016.63,84016.63,84016.62,84016.63,0.64024
2026-09-26 20:00:00,84016.63,84016.63,84016.62,84016.62,0.64177
2026-09-26 20:01:00,84016.63,84016.63,84016.62,84016.62,0.35906
2026-09-26 20:02:00,84016.62,84034.0,84016.62,84034.0,1.66735
2026-09-26 20:03:00,84033.99,84042.43,84033.99,84042.43,1.2526
2026-09-26 20:04:00,84042.42,84042.43,84042.42,84042.43,0.95401
2026-09-26 20:05:00,84042.42,84042.43,84042.42,84042.42,0.25559
2026-09-26 20:06:00,84042.43,84060.01,84042.43,84060.01,2.94985
2026-09-26 20:07:00,84060.01,84060.01,84052.0,84052.0,2.38626
2026-09-26 20:08:00,84052.0,84052.01,84040.49,84040.49,1.63665
2026-09-26 20:09:00,84040.5,84040.5,83991.39,83991.39,6.4073
2026-09-26 20:10:00,83991.39,84008.42,83991.39,84008.41,4.56253
2026-09-26 20:11:00,84008.41,84018.01,84008.41,84018.01,2.35703
2026-09-26 20:12:00,84018.01,84018.01,84018.0,84018.01,0.57662
2026-09-26 20:13:00,84018.01,84018.01,84018.0,84018.01,0.84826
2026-09-26 20:14:00,84018.0,84018.01,84018.0,84018.01,0.4809
2026-09-26 20:15:00,84018.0,84029.86,84018.0,84029.85,2.61014
2026-09-26 20:16:00,84029.86,84032.0,84029.85,84032.0,1.02605
2026-09-26 20:17:00,84032.0,84040.01,84032.0,84040.01,1.84174
2026-09-26 20:18:00,84040.0,84047.65,84040.0,84047.64,2.02681
2026-09-26 20:19:00,84047.65,84053.64,84047.64,84053.63,0.99618
2026-09-26 20:20:00,84053.64,84053.64,84053.63,84053.64,1.35281
2026-09-26 20:21:00,84053.64,84053.64,84052.28,84052.29,3.99563
2026-09-26 20:22:00,84052.28,84052.29,84052.28,84052.28,3.208
2026-09-26 20:23:00,84052.29,84052.29,84052.28,84052.29,0.80464
2026-09-26 20:24:00,84052.28,84052.29,84052.28,84052.29,0.74961
2026-09-26 20:25:00,84052.29,84079.55,84052.28,84079.54,3.95766
2026-09-26 20:26:00,84079.55,84079.55,84079.54,84079.55,0.92171
2026-09-26 20:27:00,84079.54,84079.55,84079.54,84079.55,0.74442
2026-09-26 20:28:00,84079.55,84082.84,84079.54,84082.84,0.98444
2026-09-26 20:29:00,84082.84,84082.84,84082.83,84082.84,1.17897
2026-09-26 20:30:00,84082.83,84088.62,84082.83,84088.62,1.33891
2026-09-26 20:31:00,84088.62,84088.62,84088.61,84088.61,0.37667
2026-09-26 20:32:00,84088.62,84088.62,84088.61,84088.62,0.76676
2026-09-26 20:33:00,84088.61,84097.88,84088.61,84097.88,0.82101
2026-09-26 20:34:00,84097.87,84097.88,84097.87,84097.88,0.19246
2026-09-26 20:35:00,84097.87,84097.88,84092.0,84092.0,2.28496
2026-09-26 20:36:00,84092.01,84092.01,84092.0,84092.0,0.19453
2026-09-26 20:37:00,84092.01,84092.01,84092.0,84092.01,1.09298
2026-09-26 20:38:00,84092.0,84092.01,84083.92,84083.93,2.95619
2026-09-26 20:39:00,84083.93,84083.93,83996.0,83996.01,7.06347
2026-09-26 20:40:00,83996.01,83996.01,83934.64,83940.0,24.6398
2026-09-26 20:41:00,83940.0,83940.0,83877.05,83908.01,15.93138
2026-09-26 20:42:00,83908.01,83910.01,83884.0,83894.0,7.53217
2026-09-26 20:43:00,83894.01,83912.43,83894.0,83894.0,3.8925
2026-09-26 20:44:00,83894.01,83894.01,83874.0,83890.01,19.06722
2026-09-26 20:45:00,83890.01,83962.01,83890.01,83955.99,5.30703
2026-09-26 20:46:00,83955.99,83959.29,83946.0,83955.24,4.8046
2026-09-26 20:47:00,83955.24,83955.24,83838.84,83878.01,17.64589
2026-09-26 20:48:00,83878.0,83878.0,83844.0,83867.66,8.90587
2026-09-26 20:49:00,83867.66,83867.66,83843.21,83843.21,7.75533
2026-09-26 20:50:00,83843.22,83910.01,83838.0,83910.0,9.94842
2026-09-26 20:51:00,83910.0,83959.15,83910.0,83959.14,7.00152
2026-09-26 20:52:00,83959.15,83973.37,83959.15,83973.37,2.12844
2026-09-26 20:53:00,83973.37,83998.01,83973.36,83998.01,3.10674
2026-09-26 20:54:00,83998.01,84015.32,83998.0,84015.31,3.49963
2026-09-26 20:55:00,84015.31,84041.73,84015.31,84041.72,4.23065
2026-09-26 20:56:00,84041.73,84041.73,84038.0,84038.0,3.00771
2026-09-26 20:57:00,84038.01,84038.01,84020.62,84023.25,3.79174
2026-09-26 20:58:00,84023.25,84030.35,84023.25,84030.34,1.38105
2026-09-26 20:59:00,84030.34,84030.35,84030.34,84030.34,1.10031
2026-09-26 21:00:00,84030.35,84030.35,84030.34,84030.34,0.13738
2026-09-26 21:01:00,84030.34,84040.01,84030.34,84040.01,1.15776
2026-09-26 21:02:00,84040.01,84044.01,84040.0,84044.0,3.05212
2026-09-26 21:03:00,84044.01,84044.01,84044.0,84044.01,0.68366
2026-09-26 21:04:00,84044.01,84110.63,84044.0,84110.62,8.94699
2026-09-26 21:05:00,84110.62,84110.63,84110.62,84110.62,0.55787
2026-09-26 21:06:00,84110.63,84110.63,84110.62,84110.62,0.67859
2026-09-26 21:07:00,84110.62,84110.63,84090.01,84094.01,5.43938
2026-09-26 21:08:00,84094.01,84094.01,84094.0,84094.01,0.74535
2026-09-26 21:09:00,84094.01,84094.01,84094.0,84094.0,0.55246
2026-09-26 21:10:00,84094.0,84094.01,84094.0,84094.0,0.82867
2026-09-26 21:11:00,84094.01,84094.01,84094.0,84094.01,0.30079
2026-09-26 21:12:00,84094.0,84098.01,84094.0,84098.0,2.84363
2026-09-26 21:13:00,84098.01,84118.06,84098.0,84118.06,3.92075
2026-09-26 21:14:00,84118.05,84118.06,84118.05,84118.06,0.66331
2026-09-26 21:15:00,84118.05,84121.57,84118.05,84121.56,2.24428
2026-09-26 21:16:00,84121.57,84138.61,84121.57,84138.6,4.39328
2026-09-26 21:17:00,84138.6,84141.66,84138.6,84141.66,2.70138
2026-09-26 21:18:00,84141.66,84141.66,84141.65,84141.65,1.07502
2026-09-26 21:19:00,84141.65,84160.0,84141.65,84154.0,3.56266
2026-09-26 21:20:00,84154.0,84154.01,84105.4,84105.5,9.26105
2026-09-26 21:21:00,84105.5,84105.5,84105.48,84105.48,2.02503
2026-09-26 21:22:00,84105.48,84133.54,84105.48,84133.54,20.24729
2026-09-26 21:23:00,84133.54,84133.54,84133.53,84133.54,0.76166
2026-09-26 21:24:00,84133.54,84159.52,84133.53,84159.52,16.87876
2026-09-26 21:25:00,84159.59,84161.42,84159.59,84161.41,2.58505
2026-09-26 21:26:00,84161.41,84161.42,84161.41,84161.41,1.11165
2026-09-26 21:27:00,84161.42,84185.58,84161.41,84175.98,8.30619
2026-09-26 21:28:00,84175.99,84175.99,84165.49,84165.5,2.78181
2026-09-26 21:29:00,84165.49,84220.99,84165.49,84220.97,19.54819
2026-09-26 21:30:00,84220.98,84247.05,84214.0,84214.01,21.55931
2026-09-26 21:31:00,84214.0,84214.01,84201.61,84201.62,2.32477
2026-09-26 21:32:00,84201.62,84201.62,84201.61,84201.61,2.08401
2026-09-26 21:33:00,84201.62,84201.62,84201.6,84201.6,5.63755
2026-09-26 21:34:00,84201.6,84262.85,84201.6,84261.03,6.95436
2026-09-26 21:35:00,84261.02,84261.02,84220.18,84220.18,5.74933
2026-09-26 21:36:00,84220.19,84220.19,84203.02,84203.03,1.83249
2026-09-26 21:37:00,84203.03,84203.03,84203.02,84203.02,0.60589
2026-09-26 21:38:00,84203.03,84203.03,84203.02,84203.03,3.03268
2026-09-26 21:39:00,84203.03,84203.03,84199.92,84199.93,1.62131
2026-09-26 21:40:00,84199.93,84199.93,84184.0,84184.0,3.97044
2026-09-26 21:41:00,84184.0,84184.01,84168.0,84171.19,3.28639
2026-09-26 21:42:00,84171.19,84171.2,84171.19,84171.19,2.25778
2026-09-26 21:43:00,84171.19,84200.68,84167.5,84167.5,22.58633
2026-09-26 21:44:00,84167.51,84167.51,84162.0,84163.99,3.99933
2026-09-26 21:45:00,84164.0,84164.0,84163.99,84164.0,1.72763
2026-09-26 21:46:00,84164.0,84164.0,84163.99,84163.99,1.50059
2026-09-26 21:47:00,84164.0,84164.0,84136.92,84153.36,8.23819
2026-09-26 21:48:00,84153.36,84154.01,84153.35,84154.0,0.70487
2026-09-26 21:49:00,84154.01,84163.06,84154.0,84163.06,8.66458
2026-09-26 21:50:00,84163.06,84163.06,84148.16,84148.17,5.29848
2026-09-26 21:51:00,84148.16,84148.17,84146.0,84146.0,2.85292
2026-09-26 21:52:00,84146.0,84153.44,84146.0,84153.43,4.08763
2026-09-26 21:53:00,84153.43,84153.43,84136.92,84136.92,6.77389
2026-09-26 21:54:00,84136.93,84136.93,84122.0,84122.01,4.83684
2026-09-26 21:55:00,84122.01,84122.01,84118.48,84118.49,5.10933
2026-09-26 21:56:00,84118.49,84122.0,84118.48,84122.0,1.2474
2026-09-26 21:57:00,84122.01,84155.37,84122.01,84155.36,5.3609
2026-09-26 21:58:00,84155.37,84158.75,84155.36,84158.74,1.2334
2026-09-26 21:59:00,84158.75,84158.75,84158.74,84158.75,0.29624
2026-09-26 22:00:00,84158.74,84170.0,84158.74,84169.99,3.3557
2026-09-26 22:01:00,84170.0,84204.19,84169.99,84204.18,30.81717
2026-09-26 22:02:00,84204.18,84205.14,84204.17,84204.17,7.17074
2026-09-26 22:03:00,84204.17,84217.8,84182.0,84217.79,5.84509
2026-09-26 22:04:00,84217.79,84245.38,84217.79,84245.37,2.01587
2026-09-26 22:05:00,84245.38,84276.39,84245.37,84276.39,19.3676
2026-09-26 22:06:00,84276.39,84420.59,84276.39,84316.01,57.15128
2026-09-26 22:07:00,84316.0,84316.01,84300.0,84306.0,2.62013
2026-09-26 22:08:00,84306.0,84344.65,84306.0,84336.0,6.33707
2026-09-26 22:09:00,84336.0,84344.01,84318.23,84344.0,6.98209
2026-09-26 22:10:00,84344.01,84352.01,84327.02,84327.02,5.71006
2026-09-26 22:11:00,84327.03,84344.01,84327.02,84344.0,5.96152
2026-09-26 22:12:00,84344.01,84356.23,84344.0,84356.22,2.34526
2026-09-26 22:13:00,84356.22,84356.23,84340.57,84340.58,5.92932
2026-09-26 22:14:00,84340.57,84345.26,84321.86,84345.26,22.29865
2026-09-26 22:15:00,84345.26,84345.26,84345.25,84345.26,1.79372
2026-09-26 22:16:00,84345.25,84345.26,84345.25,84345.26,0.52061
2026-09-26 22:17:00,84345.26,84345.26,84298.0,84298.0,5.99141
2026-09-26 22:18:00,84298.0,84302.06,84298.0,84298.66,4.50284
2026-09-26 22:19:00,84298.66,84298.67,84298.66,84298.66,0.78911
2026-09-26 22:20:00,84298.67,84298.67,84256.0,84256.0,5.37721
2026-09-26 22:21:00,84256.01,84256.01,84256.0,84256.01,0.79439
2026-09-26 22:22:00,84256.01,84264.01,84256.0,84264.01,1.97882
2026-09-26 22:23:00,84264.01,84290.01,84264.0,84290.0,2.18488
2026-09-26 22:24:00,84290.01,84323.73,84290.0,84316.05,4.16285
2026-09-26 22:25:00,84316.05,84316.06,84310.0,84310.0,3.46326
2026-09-26 22:26:00,84310.0,84310.01,84298.37,84298.37,1.6978
2026-09-26 22:27:00,84298.38,84298.38,84288.62,84288.62,1.8366
2026-09-26 22:28:00,84288.63,84358.01,84288.63,84358.0,123.67225
2026-09-26 22:29:00,84358.0,84364.0,84358.0,84364.0,1.70541
2026-09-26 22:30:00,84363.99,84363.99,84326.25,84343.09,7.86643
2026-09-26 22:31:00,84343.09,84347.55,84314.01,84314.01,6.48591
2026-09-26 22:32:00,84314.01,84314.02,84314.01,84314.02,1.68793
2026-09-26 22:33:00,84314.01,84314.02,84302.0,84302.01,1.52652
2026-09-26 22:34:00,84302.0,84302.01,84298.32,84298.33,1.71067
2026-09-26 22:35:00,84298.32,84298.33,84294.6,84294.61,0.44045
2026-09-26 22:36:00,84294.61,84294.61,84288.01,84288.02,1.59716
2026-09-26 22:37:00,84288.01,84288.02,84278.96,84278.97,0.41415
2026-09-26 22:38:00,84278.97,84278.97,84274.31,84274.31,0.48106
2026-09-26 22:39:00,84274.32,84275.13,84274.31,84275.13,2.94566
2026-09-26 22:40:00,84275.13,84275.13,84275.12,84275.13,0.11968
2026-09-26 22:41:00,84275.12,84275.13,84275.12,84275.13,0.90304
2026-09-26 22:42:00,84275.12,84293.7,84275.12,84293.7,3.55312
2026-09-26 22:43:00,84293.69,84300.01,84293.69,84300.01,0.90878
2026-09-26 22:44:00,84300.0,84300.01,84275.1,84275.11,11.89165
2026-09-26 22:45:00,84275.11,84275.11,84275.1,84275.1,0.6927
2026-09-26 22:46:00,84275.11,84288.01,84275.1,84288.0,2.81015
2026-09-26 22:47:00,84288.01,84288.01,84288.0,84288.01,0.79097
2026-09-26 22:48:00,84288.0,84296.01,84288.0,84296.0,1.49293
2026-09-26 22:49:00,84296.01,84301.88,84296.0,84301.88,0.63332
2026-09-26 22:50:00,84301.88,84309.95,84301.87,84309.95,1.84665
2026-09-26 22:51:00,84309.95,84332.01,84309.94,84332.01,7.74361
2026-09-26 22:52:00,84332.01,84342.01,84332.01,84342.01,1.04876
2026-09-26 22:53:00,84342.0,84342.01,84342.0,84342.01,0.44276
2026-09-26 22:54:00,84342.0,84342.01,84284.4,84308.49,34.5253
2026-09-26 22:55:00,84308.5,84308.5,84279.91,84294.84,42.12133
2026-09-26 22:56:00,84294.84,84294.84,84279.99,84280.0,12.39348
2026-09-26 22:57:00,84280.0,84288.01,84269.77,84270.0,55.59945
2026-09-26 22:58:00,84270.0,84270.0,84269.99,84270.0,1.31639
2026-09-26 22:59:00,84269.99,84276.01,84269.99,84276.01,7.95058
2026-09-26 23:00:00,84276.01,84300.0,84276.0,84300.0,1.95694
2026-09-26 23:01:00,84300.0,84326.01,84299.99,84326.0,1.33412
2026-09-26 23:02:00,84326.01,84341.58,84326.0,84341.58,4.30741
2026-09-26 23:03:00,84341.58,84376.01,84341.58,84356.92,6.35362
2026-09-26 23:04:00,84356.92,84356.92,84342.0,84346.01,6.59953
2026-09-26 23:05:00,84346.01,84346.01,84320.16,84320.16,3.03346
2026-09-26 23:06:00,84320.16,84320.17,84320.16,84320.17,0.34495
2026-09-26 23:07:00,84320.17,84320.17,84320.16,84320.16,0.43282
2026-09-26 23:08:00,84320.16,84320.17,84320.16,84320.16,0.08235
2026-09-26 23:09:00,84320.17,84320.17,84320.16,84320.17,0.13428
2026-09-26 23:10:00,84320.17,84320.17,84320.16,84320.16,0.26851
2026-09-26 23:11:00,84320.17,84343.96,84320.16,84339.29,4.94716
2026-09-26 23:12:00,84339.29,84339.29,84328.01,84328.01,1.00519
2026-09-26 23:13:00,84328.02,84347.63,84328.01,84347.63,2.76273
2026-09-26 23:14:00,84347.64,84356.92,84347.63,84356.91,5.39315
2026-09-26 23:15:00,84356.92,84391.5,84356.92,84369.42,6.10463
2026-09-26 23:16:00,84369.42,84369.42,84346.01,84356.0,5.0297
2026-09-26 23:17:00,84355.99,84394.99,84355.99,84383.14,9.68051
2026-09-26 23:18:00,84383.15,84395.0,84370.01,84370.01,3.21
2026-09-26 23:19:00,84370.02,84387.68,84361.37,84387.68,7.38961
2026-09-26 23:20:00,84387.67,84414.01,84387.67,84414.0,6.48043
2026-09-26 23:21:00,84414.0,84438.28,84414.0,84433.64,8.13636
2026-09-26 23:22:00,84433.64,84433.65,84391.93,84391.93,4.7234
2026-09-26 23:23:00,84391.94,84391.94,84391.93,84391.94,1.67478
2026-09-26 23:24:00,84391.94,84391.94,84374.01,84374.01,4.84826
2026-09-26 23:25:00,84374.02,84388.97,84374.0,84374.0,7.75953
2026-09-26 23:26:00,84374.01,84374.01,84358.16,84358.47,1.44458
2026-09-26 23:27:00,84358.48,84358.48,84358.47,84358.48,1.44177
2026-09-26 23:28:00,84358.47,84358.48,84329.69,84330.0,29.21329
2026-09-26 23:29:00,84330.0,84390.01,84329.99,84384.73,178.94785
2026-09-26 23:30:00,84384.73,84389.04,84384.73,84389.04,3.04647
2026-09-26 23:31:00,84389.03,84410.01,84374.35,84374.35,24.45429
2026-09-26 23:32:00,84374.35,84386.01,84374.35,84386.0,1.53073
2026-09-26 23:33:00,84386.0,84410.01,84386.0,84410.01,5.2934
2026-09-26 23:34:00,84410.01,84422.0,84410.01,84421.99,4.4967
2026-09-26 23:35:00,84422.0,84434.01,84421.99,84434.0,2.89808
2026-09-26 23:36:00,84434.01,84434.01,84396.3,84396.3,15.30666
2026-09-26 23:37:00,84396.3,84396.31,84378.71,84382.0,12.79634
2026-09-26 23:38:00,84382.0,84414.01,84381.99,84414.0,4.93231
2026-09-26 23:39:00,84414.01,84431.64,84386.0,84386.05,108.18245
2026-09-26 23:40:00,84386.05,84431.18,84386.04,84424.0,7.0798
2026-09-26 23:41:00,84424.0,84424.01,84408.0,84408.01,12.65631
2026-09-26 23:42:00,84408.0,84408.01,84360.11,84370.57,38.69908
2026-09-26 23:43:00,84370.56,84370.56,84349.78,84349.78,8.21342
2026-09-26 23:44:00,84349.79,84349.79,84349.78,84349.79,0.64655
2026-09-26 23:45:00,84349.78,84391.71,84349.78,84391.71,46.40518
2026-09-26 23:46:00,84391.71,84418.0,84391.7,84401.76,14.08309
2026-09-26 23:47:00,84401.75,84401.78,84401.75,84401.78,1.36202
2026-09-26 23:48:00,84401.77,84440.34,84401.77,84431.49,5.94547
2026-09-26 23:49:00,84431.49,84433.26,84431.48,84433.25,5.87668
2026-09-26 23:50:00,84433.25,84433.25,84414.92,84420.01,3.52343
2026-09-26 23:51:00,84420.0,84436.01,84420.0,84436.0,3.0825
2026-09-26 23:52:00,84436.0,84436.01,84436.0,84436.01,0.54556
2026-09-26 23:53:00,84436.01,84436.01,84436.0,84436.0,1.02975
2026-09-26 23:54:00,84436.01,84445.99,84433.11,84433.11,4.04699
2026-09-26 23:55:00,84433.11,84433.11,84422.95,84422.95,2.47481
2026-09-26 23:56:00,84422.96,84422.96,84422.95,84422.96,2.14916
2026-09-26 23:57:00,84422.95,84426.71,84422.95,84426.71,1.80694
2026-09-26 23:58:00,84426.71,84438.79,84424.84,84436.9,4.84689
2026-09-26 23:59:00,84436.91,84473.58,84433.1,84433.1,18.62861
2026-09-27 00:00:00,84433.11,84443.26,84432.0,84443.23,12.85916
2026-09-27 00:01:00,84443.22,84443.23,84392.01,84392.01,6.49798
2026-09-27 00:02:00,84392.01,84392.02,84370.62,84370.63,2.75053
2026-09-27 00:03:00,84370.63,84380.01,84332.5,84354.99,18.99748
2026-09-27 00:04:00,84354.99,84354.99,84354.98,84354.99,0.52927
2026-09-27 00:05:00,84354.99,84371.02,84354.99,84370.0,3.83976
2026-09-27 00:06:00,84370.0,84370.0,84366.0,84366.0,0.87006
2026-09-27 00:07:00,84366.01,84366.01,84366.0,84366.0,0.28487
2026-09-27 00:08:00,84366.01,84375.05,84360.0,84360.0,7.9072
2026-09-27 00:09:00,84360.0,84360.01,84354.73,84354.73,4.49651
2026-09-27 00:10:00,84354.73,84354.74,84334.21,84334.21,6.50985
2026-09-27 00:11:00,84334.21,84334.22,84334.21,84334.22,1.54395
2026-09-27 00:12:00,84334.21,84334.22,84334.21,84334.22,0.85966
2026-09-27 00:13:00,84334.21,84334.21,84328.36,84328.37,0.96922
2026-09-27 00:14:00,84328.37,84328.37,84328.36,84328.37,2.73308
2026-09-27 00:15:00,84328.37,84328.37,84315.6,84315.61,6.49853
2026-09-27 00:16:00,84315.6,84315.61,84304.36,84304.36,1.64014
2026-09-27 00:17:00,84304.37,84304.37,84304.36,84304.37,0.30778
2026-09-27 00:18:00,84304.37,84304.37,84304.36,84304.36,0.61793
2026-09-27 00:19:00,84304.36,84304.37,84269.99,84269.99,5.135
2026-09-27 00:20:00,84270.0,84271.34,84269.99,84271.33,6.6227
2026-09-27 00:21:00,84271.34,84278.41,84271.33,84278.41,1.78331
2026-09-27 00:22:00,84278.41,84278.41,84278.4,84278.4,1.90756
2026-09-27 00:23:00,84278.41,84278.41,84278.4,84278.4,1.80656
2026-09-27 00:24:00,84278.4,84278.41,84257.07,84257.08,4.49326
2026-09-27 00:25:00,84257.07,84266.01,84257.07,84266.01,4.26657
2026-09-27 00:26:00,84266.01,84266.01,84266.0,84266.01,1.50509
2026-09-27 00:27:00,84266.0,84266.01,84266.0,84266.01,1.06543
2026-09-27 00:28:00,84266.01,84266.01,84266.0,84266.01,0.95606
2026-09-27 00:29:00,84266.01,84266.01,84266.0,84266.01,1.03933
2026-09-27 00:30:00,84266.0,84266.01,84266.0,84266.01,1.9629
2026-09-27 00:31:00,84266.0,84285.09,84266.0,84284.53,4.04323
2026-09-27 00:32:00,84284.52,84298.01,84284.52,84298.01,1.90608
2026-09-27 00:33:00,84298.01,84358.01,84298.0,84358.0,4.38322
2026-09-27 00:34:00,84358.0,84374.01,84356.0,84368.67,6.95136
2026-09-27 00:35:00,84368.68,84384.77,84360.01,84384.77,4.65262
2026-09-27 00:36:00,84384.76,84384.77,84368.39,84368.4,3.79272
2026-09-27 00:37:00,84368.39,84368.39,84344.0,84344.01,2.1628
2026-09-27 00:38:00,84344.01,84369.3,84344.0,84369.29,11.38398
2026-09-27 00:39:00,84369.3,84369.3,84365.24,84365.25,3.29303
2026-09-27 00:40:00,84365.24,84365.25,84362.05,84362.06,2.70086
2026-09-27 00:41:00,84362.05,84362.06,84362.05,84362.06,1.95271
2026-09-27 00:42:00,84362.05,84362.06,84354.01,84354.02,1.95575
2026-09-27 00:43:00,84354.01,84354.02,84350.51,84350.52,1.22452
2026-09-27 00:44:00,84350.51,84350.52,84350.5,84350.5,0.93101
2026-09-27 00:45:00,84350.5,84350.51,84350.5,84350.5,1.569
2026-09-27 00:46:00,84350.51,84350.51,84350.0,84350.0,2.09334
2026-09-27 00:47:00,84350.0,84350.0,84332.5,84332.5,4.50905
2026-09-27 00:48:00,84332.5,84332.51,84332.5,84332.5,0.14199
2026-09-27 00:49:00,84332.51,84332.51,84332.5,84332.5,0.60751
2026-09-27 00:50:00,84332.51,84332.51,84325.67,84325.68,1.82027
2026-09-27 00:51:00,84325.68,84330.06,84325.67,84325.68,2.06255
2026-09-27 00:52:00,84325.68,84325.68,84314.0,84314.01,1.95618
2026-09-27 00:53:00,84314.0,84314.01,84312.0,84312.01,0.85853
2026-09-27 00:54:00,84312.0,84312.0,84306.0,84306.01,2.53565
2026-09-27 00:55:00,84306.01,84306.01,84306.0,84306.0,0.6377
2026-09-27 00:56:00,84306.0,84306.01,84306.0,84306.0,0.42112
2026-09-27 00:57:00,84306.0,84306.01,84306.0,84306.01,0.17343
2026-09-27 00:58:00,84306.01,84306.01,84306.0,84306.0,0.31534
2026-09-27 00:59:00,84306.01,84306.01,84306.0,84306.01,0.07246
2026-09-27 01:00:00,84306.01,84306.01,84306.0,84306.01,0.19586
2026-09-27 01:01:00,84306.0,84306.01,84298.34,84298.35,3.81438
2026-09-27 01:02:00,84298.34,84298.35,84298.34,84298.34,0.87869
2026-09-27 01:03:00,84298.34,84298.35,84298.34,84298.35,0.40442
2026-09-27 01:04:00,84298.34,84298.35,84298.34,84298.35,0.53044
2026-09-27 01:05:00,84298.35,84298.35,84281.84,84281.85,1.64683
2026-09-27 01:06:00,84281.85,84281.85,84281.84,84281.84,0.37226
2026-09-27 01:07:00,84281.85,84304.0,84281.84,84304.0,2.14795
2026-09-27 01:08:00,84304.0,84304.0,84303.99,84304.0,0.4032
2026-09-27 01:09:00,84303.99,84341.28,84303.99,84341.28,3.56417
2026-09-27 01:10:00,84341.28,84368.0,84341.27,84368.0,3.55324
2026-09-27 01:11:00,84367.99,84380.01,84367.99,84380.0,1.37388
2026-09-27 01:12:00,84380.0,84382.01,84380.0,84382.0,4.08831
2026-09-27 01:13:00,84382.01,84382.01,84382.0,84382.01,0.26538
2026-09-27 01:14:00,84382.01,84391.99,84382.0,84391.99,3.28297
2026-09-27 01:15:00,84391.98,84404.0,84391.98,84404.0,4.49643
2026-09-27 01:16:00,84403.99,84414.34,84368.0,84368.0,7.96409
2026-09-27 01:17:00,84368.01,84387.59,84362.03,84387.59,3.77727
2026-09-27 01:18:00,84387.59,84387.59,84368.0,84368.01,1.80816
2026-09-27 01:19:00,84368.0,84368.01,84354.0,84362.01,3.17777
2026-09-27 01:20:00,84362.01,84362.01,84362.0,84362.0,0.63519
2026-09-27 01:21:00,84362.01,84362.01,84362.0,84362.0,0.2311
2026-09-27 01:22:00,84362.0,84369.27,84362.0,84369.27,4.67806
2026-09-27 01:23:00,84369.26,84369.27,84369.26,84369.26,1.16473
2026-09-27 01:24:00,84369.27,84369.27,84361.58,84361.8,4.68506
2026-09-27 01:25:00,84361.8,84361.8,84350.0,84352.0,9.21756
2026-09-27 01:26:00,84352.0,84354.85,84352.0,84354.85,2.53796
2026-09-27 01:27:00,84354.84,84360.01,84333.01,84333.02,14.62166
2026-09-27 01:28:00,84333.01,84333.02,84332.99,84332.99,6.9126
2026-09-27 01:29:00,84333.0,84333.0,84332.99,84333.0,0.44395
2026-09-27 01:30:00,84332.99,84333.0,84328.19,84328.2,1.66102
2026-09-27 01:31:00,84328.2,84346.0,84328.19,84346.0,15.5592
2026-09-27 01:32:00,84346.0,84346.0,84345.99,84346.0,1.72349
2026-09-27 01:33:00,84346.0,84346.0,84318.01,84318.01,3.50392
2026-09-27 01:34:00,84318.02,84318.02,84310.01,84310.02,1.4451
2026-09-27 01:35:00,84310.01,84314.01,84309.42,84314.01,6.75544
2026-09-27 01:36:00,84314.0,84314.01,84314.0,84314.01,0.32671
2026-09-27 01:37:00,84314.01,84314.01,84314.0,84314.01,0.40255
2026-09-27 01:38:00,84314.0,84314.01,84314.0,84314.0,0.2806
2026-09-27 01:39:00,84314.0,84328.33,84314.0,84328.32,4.86952
2026-09-27 01:40:00,84328.32,84354.01,84328.32,84354.01,5.14866
2026-09-27 01:41:00,84354.01,84380.0,84354.0,84379.99,3.87215
2026-09-27 01:42:00,84380.0,84401.0,84379.99,84400.99,1.87323
2026-09-27 01:43:00,84400.99,84401.0,84400.99,84401.0,2.73221
2026-09-27 01:44:00,84400.99,84401.0,84400.99,84400.99,1.06528
2026-09-27 01:45:00,84401.0,84429.1,84401.0,84429.09,5.69118
2026-09-27 01:46:00,84429.1,84454.19,84429.09,84454.01,4.54023
2026-09-27 01:47:00,84454.01,84454.01,84454.0,84454.01,0.45844
2026-09-27 01:48:00,84454.0,84464.01,84454.0,84464.01,5.16192
2026-09-27 01:49:00,84464.01,84476.52,84464.0,84476.51,3.31644
2026-09-27 01:50:00,84476.51,84528.0,84473.57,84506.01,22.01011
2026-09-27 01:51:00,84506.0,84555.66,84497.39,84555.65,33.23552
2026-09-27 01:52:00,84555.65,84571.13,84516.0,84524.01,20.39671
2026-09-27 01:53:00,84524.0,84545.01,84520.0,84520.01,22.65507
2026-09-27 01:54:00,84520.01,84520.01,84516.0,84516.0,2.64988
2026-09-27 01:55:00,84516.01,84536.01,84516.0,84536.01,2.71455
2026-09-27 01:56:00,84536.01,84536.01,84514.0,84514.0,4.30083
2026-09-27 01:57:00,84514.0,84520.59,84507.06,84507.06,9.18649
2026-09-27 01:58:00,84507.07,84507.07,84483.93,84483.94,5.53188
2026-09-27 01:59:00,84483.93,84495.01,84475.93,84495.01,16.91762
2026-09-27 02:00:00,84495.01,84505.45,84487.93,84487.94,9.61028
2026-09-27 02:01:00,84487.94,84487.94,84487.87,84487.88,3.82178
2026-09-27 02:02:00,84487.88,84487.88,84460.0,84460.01,5.38803
2026-09-27 02:03:00,84460.01,84460.19,84460.0,84460.19,6.84642
2026-09-27 02:04:00,84460.19,84460.25,84460.18,84460.25,4.03619
2026-09-27 02:05:00,84460.24,84460.25,84460.24,84460.24,6.05757
2026-09-27 02:06:00,84460.24,84461.56,84460.24,84461.56,10.02808
2026-09-27 02:07:00,84461.56,84484.01,84461.55,84484.01,2.85422
2026-09-27 02:08:00,84484.0,84510.01,84484.0,84510.0,10.52932
2026-09-27 02:09:00,84510.01,84535.97,84510.0,84535.97,2.34144
2026-09-27 02:10:00,84535.96,84535.97,84505.48,84505.49,7.36699
2026-09-27 02:11:00,84505.49,84505.49,84486.24,84486.42,4.61228
2026-09-27 02:12:00,84486.42,84486.42,84486.35,84486.35,1.96167
2026-09-27 02:13:00,84486.36,84486.36,84475.81,84475.81,4.26393
2026-09-27 02:14:00,84475.82,84498.01,84475.51,84498.01,5.40174
2026-09-27 02:15:00,84498.01,84498.01,84498.0,84498.0,0.66666
2026-09-27 02:16:00,84498.01,84498.01,84498.0,84498.01,2.16223
2026-09-27 02:17:00,84498.0,84498.0,84478.85,84480.15,7.24845
2026-09-27 02:18:00,84480.14,84480.15,84480.14,84480.15,0.55325
2026-09-27 02:19:00,84480.14,84506.55,84475.51,84506.54,6.97187
2026-09-27 02:20:00,84506.54,84515.81,84506.54,84515.81,1.46884
2026-09-27 02:21:00,84515.81,84528.0,84515.8,84527.99,2.34751
2026-09-27 02:22:00,84527.99,84540.01,84527.99,84528.01,5.44448
2026-09-27 02:23:00,84528.0,84528.01,84524.0,84524.0,1.03924
2026-09-27 02:24:00,84524.0,84524.01,84524.0,84524.0,0.7647
2026-09-27 02:25:00,84524.0,84524.01,84500.85,84511.2,9.98738
2026-09-27 02:26:00,84511.2,84511.2,84506.07,84506.07,5.29374
2026-09-27 02:27:00,84506.08,84516.8,84506.07,84516.8,4.59908
2026-09-27 02:28:00,84516.8,84516.8,84516.01,84516.02,3.39582
2026-09-27 02:29:00,84516.02,84516.02,84516.01,84516.01,1.60785
2026-09-27 02:30:00,84516.01,84522.01,84514.0,84522.01,2.76715
2026-09-27 02:31:00,84522.01,84536.0,84522.0,84536.0,3.36207
2026-09-27 02:32:00,84535.99,84536.0,84533.28,84533.28,1.8054
2026-09-27 02:33:00,84533.28,84533.29,84533.28,84533.28,1.34322
2026-09-27 02:34:00,84533.28,84533.29,84508.67,84508.67,3.73599
2026-09-27 02:35:00,84508.67,84508.68,84508.67,84508.68,0.18211
2026-09-27 02:36:00,84508.68,84508.68,84508.67,84508.67,0.40907
2026-09-27 02:37:00,84508.67,84508.68,84500.0,84500.0,1.44769
2026-09-27 02:38:00,84500.0,84500.01,84489.28,84489.28,7.02914
2026-09-27 02:39:00,84489.28,84489.29,84479.84,84479.85,1.30567
2026-09-27 02:40:00,84479.84,84479.85,84479.84,84479.85,2.19558
2026-09-27 02:41:00,84479.84,84479.85,84479.84,84479.84,1.15029
2026-09-27 02:42:00,84479.85,84479.85,84479.84,84479.84,4.54214
2026-09-27 02:43:00,84479.84,84479.85,84479.84,84479.84,0.72783
2026-09-27 02:44:00,84479.84,84479.85,84479.84,84479.84,0.34705
2026-09-27 02:45:00,84479.84,84479.85,84479.84,84479.84,0.39118
2026-09-27 02:46:00,84479.85,84479.85,84479.84,84479.84,0.78382
2026-09-27 02:47:00,84479.85,84479.85,84479.48,84479.48,3.89588
2026-09-27 02:48:00,84479.48,84479.49,84457.7,84457.7,3.58113
2026-09-27 02:49:00,84457.71,84479.88,84450.0,84479.87,19.6516
2026-09-27 02:50:00,84479.88,84479.88,84479.87,84479.88,0.68664
2026-09-27 02:51:00,84479.88,84480.01,84479.87,84480.01,2.53937
2026-09-27 02:52:00,84480.01,84480.01,84458.23,84458.23,4.23946
2026-09-27 02:53:00,84458.24,84458.24,84458.23,84458.23,1.59619
2026-09-27 02:54:00,84458.24,84458.24,84458.23,84458.24,1.4796
2026-09-27 02:55:00,84458.23,84458.24,84458.23,84458.23,2.77531
2026-09-27 02:56:00,84458.23,84458.24,84458.23,84458.24,1.38798
2026-09-27 02:57:00,84458.24,84458.24,84458.23,84458.24,1.81857
2026-09-27 02:58:00,84458.23,84458.24,84458.23,84458.23,2.01774
2026-09-27 02:59:00,84458.23,84458.24,84448.0,84450.0,4.07404
2026-09-27 03:00:00,84450.01,84450.01,84450.0,84450.01,1.27753
2026-09-27 03:01:00,84450.01,84450.16,84450.0,84450.16,1.63485
2026-09-27 03:02:00,84450.16,84470.01,84450.16,84470.0,3.13861
2026-09-27 03:03:00,84470.01,84508.66,84470.0,84496.73,11.38405
2026-09-27 03:04:00,84496.74,84496.74,84496.73,84496.73,0.96483
2026-09-27 03:05:00,84496.73,84508.65,84496.73,84508.64,1.54686
2026-09-27 03:06:00,84508.65,84517.99,84508.64,84517.99,2.47256
2026-09-27 03:07:00,84517.99,84518.6,84517.98,84518.59,0.50503
2026-09-27 03:08:00,84518.59,84518.6,84518.59,84518.6,0.34583
2026-09-27 03:09:00,84518.6,84518.6,84482.53,84482.54,27.61661
2026-09-27 03:10:00,84482.53,84482.53,84478.0,84481.31,2.18538
2026-09-27 03:11:00,84481.3,84488.87,84481.3,84488.86,2.93434
2026-09-27 03:12:00,84488.87,84488.87,84488.86,84488.86,0.66008
2026-09-27 03:13:00,84488.86,84488.87,84488.81,84488.81,8.31516
2026-09-27 03:14:00,84488.82,84488.82,84488.81,84488.81,1.59692
2026-09-27 03:15:00,84488.82,84488.82,84481.3,84481.31,2.62956
2026-09-27 03:16:00,84481.3,84481.3,84474.02,84474.03,1.92084
2026-09-27 03:17:00,84474.03,84474.03,84474.02,84474.03,2.37979
2026-09-27 03:18:00,84474.02,84474.03,84466.0,84466.01,3.04394
2026-09-27 03:19:00,84466.01,84466.01,84466.0,84466.0,0.82676
2026-09-27 03:20:00,84466.01,84466.01,84440.0,84440.01,3.50512
2026-09-27 03:21:00,84440.01,84440.01,84424.9,84424.9,2.4217
2026-09-27 03:22:00,84424.91,84424.91,84424.9,84424.9,1.30375
2026-09-27 03:23:00,84424.9,84424.9,84408.9,84408.9,3.16739
2026-09-27 03:24:00,84408.91,84408.91,84404.26,84404.27,4.13445
2026-09-27 03:25:00,84404.26,84404.27,84383.76,84383.77,3.04724
2026-09-27 03:26:00,84383.77,84387.6,84382.03,84382.04,3.3029
2026-09-27 03:27:00,84382.04,84382.04,84378.46,84378.47,1.80244
2026-09-27 03:28:00,84378.46,84378.47,84378.46,84378.47,0.67521
2026-09-27 03:29:00,84378.47,84387.6,84378.46,84387.59,8.25707
2026-09-27 03:30:00,84387.6,84390.01,84387.59,84390.0,1.28106
2026-09-27 03:31:00,84390.01,84390.01,84390.0,84390.01,0.87233
2026-09-27 03:32:00,84390.0,84420.99,84390.0,84420.98,4.18735
2026-09-27 03:33:00,84420.98,84436.75,84420.98,84436.75,1.29065
2026-09-27 03:34:00,84436.75,84436.75,84436.74,84436.75,0.39359
2026-09-27 03:35:00,84436.74,84436.75,84421.39,84421.4,4.10723
2026-09-27 03:36:00,84421.39,84421.39,84410.0,84410.0,1.80222
2026-09-27 03:37:00,84410.01,84411.13,84410.0,84411.13,2.85371
2026-09-27 03:38:00,84411.13,84411.13,84411.12,84411.13,1.17185
2026-09-27 03:39:00,84411.13,84411.13,84396.83,84396.83,5.02801
2026-09-27 03:40:00,84396.84,84403.61,84396.83,84403.61,2.30995
2026-09-27 03:41:00,84403.61,84411.13,84403.61,84411.12,1.31604
2026-09-27 03:42:00,84411.13,84411.13,84403.7,84403.7,8.13802
2026-09-27 03:43:00,84403.7,84403.71,84403.7,84403.71,1.29586
2026-09-27 03:44:00,84403.71,84403.71,84403.7,84403.71,0.6655
2026-09-27 03:45:00,84403.7,84403.71,84401.23,84401.23,4.11094
2026-09-27 03:46:00,84401.24,84401.24,84385.56,84385.56,3.61967
2026-09-27 03:47:00,84385.57,84391.48,84372.0,84391.47,5.14985
2026-09-27 03:48:00,84391.48,84409.24,84391.47,84401.83,3.30903
2026-09-27 03:49:00,84401.83,84403.86,84391.49,84403.85,8.82303
2026-09-27 03:50:00,84403.86,84403.86,84395.4,84395.41,2.48386
2026-09-27 03:51:00,84395.41,84395.41,84391.49,84391.5,1.21988
2026-09-27 03:52:00,84391.5,84391.5,84391.49,84391.5,0.29468
2026-09-27 03:53:00,84391.49,84391.5,84391.49,84391.5,1.04737
2026-09-27 03:54:00,84391.5,84397.34,84391.49,84397.34,4.04694
2026-09-27 03:55:00,84397.34,84411.09,84397.33,84411.09,2.6211
2026-09-27 03:56:00,84411.09,84411.09,84411.08,84411.08,1.05211
2026-09-27 03:57:00,84411.09,84414.51,84411.08,84414.5,2.75511
2026-09-27 03:58:00,84414.5,84414.51,84414.5,84414.5,0.27054
2026-09-27 03:59:00,84414.5,84419.67,84402.15,84402.15,9.2008
2026-09-27 04:00:00,84402.15,84408.0,84402.0,84408.0,4.96133
2026-09-27 04:01:00,84408.0,84408.0,84402.0,84402.01,7.51621
2026-09-27 04:02:00,84402.01,84402.01,84396.0,84396.01,1.27827
2026-09-27 04:03:00,84396.0,84396.01,84396.0,84396.0,1.39723
2026-09-27 04:04:00,84396.0,84403.07,84396.0,84403.07,4.84225
2026-09-27 04:05:00,84403.07,84403.91,84403.07,84403.91,0.98164
2026-09-27 04:06:00,84403.91,84403.91,84403.9,84403.91,0.71233
2026-09-27 04:07:00,84403.91,84453.08,84403.9,84453.08,3.65154
2026-09-27 04:08:00,84453.08,84453.08,84453.07,84453.07,3.60293
2026-09-27 04:09:00,84453.07,84453.07,84444.01,84444.02,3.12051
2026-09-27 04:10:00,84444.02,84444.02,84444.01,84444.01,0.58413
2026-09-27 04:11:00,84444.02,84491.44,84444.01,84491.44,4.24604
2026-09-27 04:12:00,84491.43,84505.45,84491.43,84505.44,2.34906
2026-09-27 04:13:00,84505.44,84510.0,84500.0,84500.01,2.40381
2026-09-27 04:14:00,84500.01,84500.01,84490.0,84490.0,1.08792
2026-09-27 04:15:00,84490.01,84490.01,84490.0,84490.01,0.33002
2026-09-27 04:16:00,84490.0,84490.01,84490.0,84490.0,0.81104
2026-09-27 04:17:00,84490.0,84490.01,84472.0,84472.0,3.33114
2026-09-27 04:18:00,84472.0,84472.01,84460.05,84460.05,1.96266
2026-09-27 04:19:00,84460.05,84460.06,84460.05,84460.06,1.68504
2026-09-27 04:20:00,84460.06,84460.06,84460.05,84460.05,2.22382
2026-09-27 04:21:00,84460.05,84491.5,84460.05,84486.0,9.57821
2026-09-27 04:22:00,84486.0,84486.01,84468.0,84468.0,5.96067
2026-09-27 04:23:00,84468.01,84468.01,84460.05,84460.06,1.96608
2026-09-27 04:24:00,84460.05,84460.06,84460.05,84460.05,2.56422
2026-09-27 04:25:00,84460.05,84460.06,84460.05,84460.06,0.83724
2026-09-27 04:26:00,84460.05,84460.06,84460.05,84460.05,1.03274
2026-09-27 04:27:00,84460.05,84460.06,84460.05,84460.06,0.96589
2026-09-27 04:28:00,84460.05,84460.06,84443.06,84444.0,5.52788
2026-09-27 04:29:00,84444.01,84444.01,84426.0,84426.0,2.4646
2026-09-27 04:30:00,84426.0,84426.01,84404.18,84404.18,4.32327
2026-09-27 04:31:00,84404.19,84404.19,84375.25,84375.26,8.36359
2026-09-27 04:32:00,84375.26,84375.26,84370.14,84370.14,3.58895
2026-09-27 04:33:00,84370.14,84370.15,84356.16,84356.16,4.63824
2026-09-27 04:34:00,84356.16,84356.17,84347.61,84347.61,4.98493
2026-09-27 04:35:00,84347.62,84356.01,84342.24,84356.01,8.84069
2026-09-27 04:36:00,84356.0,84356.01,84356.0,84356.0,4.51096
2026-09-27 04:37:00,84356.0,84356.01,84348.0,84348.0,4.40595
2026-09-27 04:38:00,84348.01,84348.01,84334.0,84334.01,3.99547
2026-09-27 04:39:00,84334.0,84334.01,84320.01,84320.01,3.52308
2026-09-27 04:40:00,84320.02,84320.02,84320.01,84320.02,0.85966
2026-09-27 04:41:00,84320.01,84320.02,84314.18,84314.19,2.72804
2026-09-27 04:42:00,84314.18,84332.62,84314.18,84332.62,6.82138
2026-09-27 04:43:00,84332.61,84332.62,84315.38,84315.39,4.51665
2026-09-27 04:44:00,84315.38,84315.39,84315.38,84315.38,0.29777
2026-09-27 04:45:00,84315.39,84315.39,84315.38,84315.39,1.01248
2026-09-27 04:46:00,84315.38,84315.39,84305.35,84305.35,2.35374
2026-09-27 04:47:00,84305.36,84362.0,84305.35,84361.99,6.68615
2026-09-27 04:48:00,84362.0,84362.0,84353.58,84353.58,3.50675
2026-09-27 04:49:00,84353.58,84353.59,84344.31,84344.32,1.70339
2026-09-27 04:50:00,84344.32,84344.32,84322.82,84322.82,2.97934
2026-09-27 04:51:00,84322.83,84322.83,84319.0,84319.01,0.82334
2026-09-27 04:52:00,84319.0,84319.01,84319.0,84319.01,1.77364
2026-09-27 04:53:00,84319.0,84319.01,84319.0,84319.01,1.83519
2026-09-27 04:54:00,84319.01,84324.01,84319.01,84324.01,2.42802
2026-09-27 04:55:00,84324.0,84325.36,84324.0,84325.35,1.04477
2026-09-27 04:56:00,84325.36,84325.36,84324.9,84324.91,8.72838
2026-09-27 04:57:00,84324.91,84324.91,84322.81,84322.82,3.41117
2026-09-27 04:58:00,84322.82,84324.0,84322.81,84324.0,1.78089
2026-09-27 04:59:00,84324.0,84337.34,84323.99,84329.6,11.65894
2026-09-27 05:00:00,84329.61,84329.61,84325.0,84325.01,17.48042
2026-09-27 05:01:00,84325.01,84325.01,84325.0,84325.0,0.50822
2026-09-27 05:02:00,84325.01,84365.96,84325.0,84365.96,7.11593
2026-09-27 05:03:00,84365.96,84366.01,84365.95,84366.01,0.77732
2026-09-27 05:04:00,84366.01,84370.9,84366.0,84370.89,0.52785
2026-09-27 05:05:00,84370.89,84386.0,84370.89,84385.92,1.8815
2026-09-27 05:06:00,84385.92,84385.93,84385.92,84385.93,0.47445
2026-09-27 05:07:00,84385.92,84390.0,84385.92,84389.99,1.50867
2026-09-27 05:08:00,84389.99,84398.0,84389.99,84398.0,1.05992
2026-09-27 05:09:00,84398.0,84398.0,84391.49,84391.5,5.19635
2026-09-27 05:10:00,84391.5,84391.5,84391.49,84391.5,1.15328
2026-09-27 05:11:00,84391.49,84391.5,84374.83,84374.84,3.62243
2026-09-27 05:12:00,84374.84,84374.84,84372.8,84372.81,2.87423
2026-09-27 05:13:00,84372.81,84376.01,84372.8,84376.0,1.71671
2026-09-27 05:14:00,84376.01,84391.55,84376.0,84391.54,6.36685
2026-09-27 05:15:00,84391.55,84391.55,84391.54,84391.54,0.89267
2026-09-27 05:16:00,84391.55,84391.55,84391.54,84391.54,0.23984
2026-09-27 05:17:00,84391.54,84391.55,84391.54,84391.54,0.66927
2026-09-27 05:18:00,84391.54,84398.87,84391.54,84398.86,1.25268
2026-09-27 05:19:00,84398.86,84398.87,84398.86,84398.86,0.68346
2026-09-27 05:20:00,84398.87,84398.87,84398.86,84398.86,0.8723
2026-09-27 05:21:00,84398.87,84398.87,84398.86,84398.87,2.96401
2026-09-27 05:22:00,84398.87,84398.87,84398.86,84398.86,2.1821
2026-09-27 05:23:00,84398.87,84398.87,84398.86,84398.86,2.70456
2026-09-27 05:24:00,84398.86,84398.87,84398.86,84398.86,0.31442
2026-09-27 05:25:00,84398.87,84398.87,84398.86,84398.87,1.0817
2026-09-27 05:26:00,84398.87,84398.87,84398.86,84398.86,0.57826
2026-09-27 05:27:00,84398.87,84398.87,84398.86,84398.87,1.99185
2026-09-27 05:28:00,84398.87,84398.87,84398.86,84398.86,2.70665
2026-09-27 05:29:00,84398.87,84398.87,84398.86,84398.86,1.133
2026-09-27 05:30:00,84398.86,84419.61,84398.86,84419.6,4.3896
2026-09-27 05:31:00,84419.6,84419.61,84401.83,84401.84,13.99508
2026-09-27 05:32:00,84401.83,84422.09,84401.83,84422.09,11.02234
2026-09-27 05:33:00,84422.6,84463.57,84422.6,84463.57,9.15984
2026-09-27 05:34:00,84463.57,84463.57,84463.56,84463.56,2.03561
2026-09-27 05:35:00,84463.57,84497.92,84463.56,84497.91,4.50585
2026-09-27 05:36:00,84497.92,84550.0,84497.91,84550.0,10.56077
2026-09-27 05:37:00,84550.0,84654.02,84550.0,84588.01,61.72261
2026-09-27 05:38:00,84588.0,84634.01,84588.0,84624.0,10.36324
2026-09-27 05:39:00,84624.01,84634.01,84552.0,84556.0,20.52367
2026-09-27 05:40:00,84556.0,84556.01,84535.01,84535.01,3.29735
2026-09-27 05:41:00,84535.02,84535.02,84513.67,84513.67,6.02875
2026-09-27 05:42:00,84513.68,84540.64,84513.67,84540.63,7.08225
2026-09-27 05:43:00,84540.63,84540.64,84540.63,84540.64,0.46625
2026-09-27 05:44:00,84540.64,84548.01,84540.63,84548.0,3.66684
2026-09-27 05:45:00,84548.01,84573.03,84548.0,84560.39,3.30001
2026-09-27 05:46:00,84560.39,84562.01,84555.65,84555.66,5.12557
2026-09-27 05:47:00,84555.66,84555.66,84533.29,84533.29,3.2879
2026-09-27 05:48:00,84533.29,84533.3,84533.29,84533.3,0.86968
2026-09-27 05:49:00,84533.29,84533.3,84533.29,84533.29,0.4404
2026-09-27 05:50:00,84533.29,84533.3,84516.76,84516.76,3.6918
2026-09-27 05:51:00,84516.77,84516.77,84506.35,84506.36,4.75389
2026-09-27 05:52:00,84506.35,84506.36,84506.35,84506.36,1.96555
2026-09-27 05:53:00,84506.36,84506.36,84494.25,84494.25,3.59715
2026-09-27 05:54:00,84494.25,84494.26,84478.08,84478.09,2.64417
2026-09-27 05:55:00,84478.09,84480.8,84478.08,84480.79,3.39688
2026-09-27 05:56:00,84480.8,84480.8,84478.08,84478.09,26.33833
2026-09-27 05:57:00,84478.09,84478.09,84472.01,84472.02,11.05157
2026-09-27 05:58:00,84472.01,84496.01,84468.98,84496.0,20.84597
2026-09-27 05:59:00,84496.01,84499.99,84478.01,84478.06,25.16487
2026-09-27 06:00:00,84478.06,84484.92,84478.06,84484.92,2.0177
2026-09-27 06:01:00,84485.39,84485.39,84485.38,84485.38,8.16872
2026-09-27 06:02:00,84485.38,84506.01,84485.38,84506.01,9.12445
2026-09-27 06:03:00,84506.0,84512.01,84506.0,84508.0,8.44415
2026-09-27 06:04:00,84508.0,84508.0,84503.93,84504.03,5.18578
2026-09-27 06:05:00,84504.03,84514.79,84504.02,84514.78,8.03083
2026-09-27 06:06:00,84514.78,84522.86,84514.78,84522.86,1.62614
2026-09-27 06:07:00,84522.86,84546.02,84522.85,84546.02,2.47153
2026-09-27 06:08:00,84546.01,84548.0,84546.01,84548.0,1.01583
2026-09-27 06:09:00,84547.99,84555.66,84547.99,84555.66,0.90237
2026-09-27 06:10:00,84555.66,84594.92,84555.65,84594.0,5.12572
2026-09-27 06:11:00,84593.99,84608.01,84593.99,84594.01,4.12907
2026-09-27 06:12:00,84594.01,84598.63,84594.0,84598.63,20.14351
2026-09-27 06:13:00,84598.63,84600.01,84598.63,84600.01,7.138
2026-09-27 06:14:00,84600.01,84605.95,84600.0,84605.94,3.09317
2026-09-27 06:15:00,84605.95,84605.95,84596.69,84596.7,7.99215
2026-09-27 06:16:00,84596.7,84596.7,84560.07,84560.07,12.67746
2026-09-27 06:17:00,84560.08,84560.08,84546.0,84557.16,13.88589
2026-09-27 06:18:00,84557.16,84592.2,84557.16,84568.77,14.06148
2026-09-27 06:19:00,84568.76,84582.03,84568.76,84582.03,5.22362
2026-09-27 06:20:00,84582.03,84620.01,84582.02,84620.01,12.25371
2026-09-27 06:21:00,84620.01,84620.06,84597.23,84597.24,60.17715
2026-09-27 06:22:00,84597.24,84602.54,84597.23,84602.54,6.5206
2026-09-27 06:23:00,84602.53,84635.14,84602.53,84635.14,4.44483
2026-09-27 06:24:00,84635.13,84636.91,84629.48,84636.55,8.82223
2026-09-27 06:25:00,84636.55,84636.59,84626.0,84626.0,5.97063
2026-09-27 06:26:00,84626.0,84626.0,84614.75,84614.76,6.56087
2026-09-27 06:27:00,84614.76,84620.44,84614.75,84620.43,6.52983
2026-09-27 06:28:00,84620.43,84620.44,84620.43,84620.44,1.0188
2026-09-27 06:29:00,84620.44,84620.44,84599.21,84599.21,2.55261
2026-09-27 06:30:00,84599.21,84605.82,84599.21,84605.81,3.49306
2026-09-27 06:31:00,84605.81,84605.82,84587.1,84587.1,8.75814
2026-09-27 06:32:00,84587.1,84587.1,84548.0,84548.01,5.76357
2026-09-27 06:33:00,84548.01,84548.01,84525.19,84530.44,12.58834
2026-09-27 06:34:00,84530.44,84530.45,84530.44,84530.45,1.6393
2026-09-27 06:35:00,84530.45,84543.06,84530.44,84543.06,10.95482
2026-09-27 06:36:00,84543.06,84550.63,84543.05,84550.63,6.87255
2026-09-27 06:37:00,84550.62,84554.04,84550.62,84554.04,12.22396
2026-09-27 06:38:00,84554.04,84554.04,84540.0,84540.01,6.31467
2026-09-27 06:39:00,84540.0,84540.0,84525.19,84530.48,11.42139
2026-09-27 06:40:00,84530.48,84550.01,84530.47,84550.0,6.11203
2026-09-27 06:41:00,84550.0,84550.01,84531.84,84531.85,4.16439
2026-09-27 06:42:00,84531.84,84531.85,84527.27,84527.27,4.43046
2026-09-27 06:43:00,84527.28,84527.28,84518.49,84518.49,1.95356
2026-09-27 06:44:00,84518.5,84531.78,84518.49,84528.54,11.73717
2026-09-27 06:45:00,84528.54,84528.54,84528.53,84528.54,9.12584
2026-09-27 06:46:00,84528.53,84537.81,84528.53,84537.81,7.32038
2026-09-27 06:47:00,84537.8,84543.76,84537.8,84543.75,1.11498
2026-09-27 06:48:00,84543.75,84547.89,84543.75,84547.88,5.29153
2026-09-27 06:49:00,84547.89,84565.68,84547.88,84565.68,3.25213
2026-09-27 06:50:00,84565.68,84565.68,84538.0,84538.0,6.37025
2026-09-27 06:51:00,84538.01,84538.01,84538.0,84538.01,2.29132
2026-09-27 06:52:00,84538.01,84538.01,84528.1,84528.11,7.69589
2026-09-27 06:53:00,84528.11,84528.11,84528.1,84528.1,0.50238
2026-09-27 06:54:00,84528.11,84528.11,84528.1,84528.1,1.41956
2026-09-27 06:55:00,84528.1,84528.11,84518.49,84518.49,2.85905
2026-09-27 06:56:00,84518.49,84518.5,84518.49,84518.5,1.76041
2026-09-27 06:57:00,84518.5,84518.5,84482.98,84491.11,7.2429
2026-09-27 06:58:00,84491.12,84530.01,84491.11,84530.0,10.43431
2026-09-27 06:59:00,84530.0,84530.01,84510.0,84511.69,10.19578
2026-09-27 07:00:00,84511.69,84530.0,84511.68,84530.0,1.7909
2026-09-27 07:01:00,84530.0,84530.02,84530.0,84530.02,2.0768
2026-09-27 07:02:00,84530.02,84545.65,84530.01,84545.64,1.66926
2026-09-27 07:03:00,84545.64,84545.65,84545.64,84545.64,0.95761
2026-09-27 07:04:00,84545.64,84547.99,84545.64,84547.99,2.99437
2026-09-27 07:05:00,84547.99,84547.99,84547.98,84547.99,0.64519
2026-09-27 07:06:00,84547.99,84547.99,84536.01,84536.02,2.73661
2026-09-27 07:07:00,84536.01,84536.02,84536.01,84536.01,0.34009
2026-09-27 07:08:00,84536.02,84536.02,84536.01,84536.02,0.50751
2026-09-27 07:09:00,84536.02,84540.66,84536.01,84540.66,2.60502
2026-09-27 07:10:00,84540.65,84548.0,84540.65,84547.99,2.20996
2026-09-27 07:11:00,84547.99,84548.0,84547.99,84547.99,1.66082
2026-09-27 07:12:00,84547.99,84547.99,84532.0,84538.01,7.53373
2026-09-27 07:13:00,84538.01,84547.52,84538.0,84546.11,22.53875
2026-09-27 07:14:00,84546.11,84546.12,84519.6,84540.77,15.46665
2026-09-27 07:15:00,84540.78,84550.06,84540.77,84550.06,18.64796
2026-09-27 07:16:00,84550.05,84550.06,84550.05,84550.06,2.90886
2026-09-27 07:17:00,84550.05,84550.06,84534.0,84534.0,13.52928
2026-09-27 07:18:00,84534.0,84534.01,84534.0,84534.0,1.86263
2026-09-27 07:19:00,84534.0,84534.01,84500.0,84500.0,7.59985
2026-09-27 07:20:00,84500.01,84500.01,84500.0,84500.01,0.61692
2026-09-27 07:21:00,84500.0,84500.01,84500.0,84500.0,0.33479
2026-09-27 07:22:00,84500.0,84500.01,84500.0,84500.0,2.66777
2026-09-27 07:23:00,84500.0,84500.01,84500.0,84500.0,1.47683
2026-09-27 07:24:00,84500.0,84502.01,84500.0,84502.01,19.62977
2026-09-27 07:25:00,84502.0,84512.64,84502.0,84512.64,2.88541
2026-09-27 07:26:00,84512.63,84516.02,84512.63,84516.02,3.64955
2026-09-27 07:27:00,84516.02,84516.69,84516.01,84516.69,11.40571
2026-09-27 07:28:00,84516.69,84545.35,84516.69,84540.12,15.98307
2026-09-27 07:29:00,84540.12,84540.14,84534.59,84534.6,9.34743
2026-09-27 07:30:00,84534.6,84534.6,84534.59,84534.6,1.69178
2026-09-27 07:31:00,84534.6,84534.6,84534.59,84534.59,0.74695
2026-09-27 07:32:00,84534.6,84547.14,84534.59,84547.14,7.59715
2026-09-27 07:33:00,84547.13,84579.31,84547.13,84579.3,1.96981
2026-09-27 07:34:00,84579.31,84587.3,84579.3,84587.3,2.24418
2026-09-27 07:35:00,84587.3,84587.3,84575.06,84575.07,8.25833
2026-09-27 07:36:00,84575.06,84575.07,84556.54,84562.01,6.6151
2026-09-27 07:37:00,84562.01,84562.01,84562.0,84562.0,3.51557
2026-09-27 07:38:00,84562.01,84564.01,84562.0,84564.01,5.65443
2026-09-27 07:39:00,84564.01,84587.54,84564.0,84587.53,14.50352
2026-09-27 07:40:00,84587.54,84598.84,84587.53,84598.84,2.75187
2026-09-27 07:41:00,84598.83,84628.01,84598.83,84616.91,7.73416
2026-09-27 07:42:00,84616.91,84616.91,84584.03,84595.79,14.39084
2026-09-27 07:43:00,84595.8,84632.01,84595.79,84632.0,7.33177
2026-09-27 07:44:00,84632.0,84632.01,84626.0,84626.01,2.35135
2026-09-27 07:45:00,84626.0,84626.01,84614.0,84614.01,4.21395
2026-09-27 07:46:00,84614.01,84614.01,84614.0,84614.01,5.10697
2026-09-27 07:47:00,84614.0,84620.01,84614.0,84620.01,8.43873
2026-09-27 07:48:00,84620.0,84640.01,84620.0,84640.0,4.19471
2026-09-27 07:49:00,84640.0,84678.01,84628.07,84671.88,21.09587
2026-09-27 07:50:00,84671.89,84705.88,84671.88,84705.87,37.66889
2026-09-27 07:51:00,84705.87,84713.13,84699.64,84699.64,5.67751
2026-09-27 07:52:00,84699.64,84734.85,84699.64,84701.67,16.32151
2026-09-27 07:53:00,84701.67,84701.68,84669.46,84669.46,5.30943
2026-09-27 07:54:00,84669.47,84674.01,84661.82,84669.88,13.19223
2026-09-27 07:55:00,84669.89,84679.08,84669.89,84679.08,6.74408
2026-09-27 07:56:00,84679.07,84728.57,84679.07,84700.01,26.15585
2026-09-27 07:57:00,84700.01,84751.09,84692.7,84750.89,30.39054
2026-09-27 07:58:00,84750.88,84776.24,84750.88,84758.97,18.76923
2026-09-27 07:59:00,84758.96,84791.0,84758.96,84791.0,6.63749
2026-09-27 08:00:00,84790.99,84800.01,84732.2,84732.21,21.88698
2026-09-27 08:01:00,84732.2,84747.94,84732.07,84747.94,11.71771
2026-09-27 08:02:00,84747.95,84811.01,84747.94,84801.89,29.46618
2026-09-27 08:03:00,84801.89,84820.0,84783.96,84815.91,30.5169
2026-09-27 08:04:00,84815.91,84820.0,84789.93,84811.32,80.52073
2026-09-27 08:05:00,84811.32,84828.01,84811.31,84820.0,36.40941
2026-09-27 08:06:00,84820.01,84837.0,84820.0,84837.0,14.91756
2026-09-27 08:07:00,84836.99,84840.0,84834.15,84834.15,17.76759
2026-09-27 08:08:00,84834.15,84834.22,84834.15,84834.22,9.5883
2026-09-27 08:09:00,84834.21,84834.22,84808.19,84811.29,23.81746
2026-09-27 08:10:00,84811.3,84834.09,84811.29,84834.09,9.38879
2026-09-27 08:11:00,84834.09,84834.09,84829.7,84829.71,10.94156
2026-09-27 08:12:00,84829.7,84829.71,84784.02,84784.02,15.11955
2026-09-27 08:13:00,84784.03,84802.01,84774.0,84802.0,7.13549
2026-09-27 08:14:00,84802.0,84816.39,84802.0,84816.39,12.02988
2026-09-27 08:15:00,84816.38,84839.95,84813.66,84836.88,6.22836
2026-09-27 08:16:00,84836.88,84850.01,84836.87,84840.08,27.65695
2026-09-27 08:17:00,84840.08,84846.68,84826.0,84846.68,18.65471
2026-09-27 08:18:00,84846.68,84846.68,84802.0,84813.56,9.63154
2026-09-27 08:19:00,84813.55,84813.56,84802.0,84802.01,5.6695
2026-09-27 08:20:00,84802.0,84826.01,84790.85,84826.0,18.37272
2026-09-27 08:21:00,84826.01,84864.01,84826.01,84844.85,4.76585
2026-09-27 08:22:00,84844.84,84844.85,84802.0,84802.01,7.3284
2026-09-27 08:23:00,84802.0,84802.01,84789.48,84789.48,4.29948
2026-09-27 08:24:00,84789.48,84789.49,84772.42,84772.42,11.2794
2026-09-27 08:25:00,84772.42,84777.73,84754.02,84777.72,12.58529
2026-09-27 08:26:00,84777.73,84791.18,84777.72,84791.17,4.82548
2026-09-27 08:27:00,84791.18,84791.18,84778.0,84778.01,6.05053
2026-09-27 08:28:00,84778.0,84787.24,84756.9,84784.01,30.65038
2026-09-27 08:29:00,84784.01,84810.02,84784.0,84810.01,20.48575
2026-09-27 08:30:00,84810.01,84810.02,84769.36,84769.37,16.8715
2026-09-27 08:31:00,84769.37,84809.29,84769.36,84809.29,13.25805
2026-09-27 08:32:00,84809.29,84873.0,84809.28,84873.0,26.67119
2026-09-27 08:33:00,84872.99,84883.98,84872.99,84883.97,8.61398
2026-09-27 08:34:00,84883.97,84883.98,84825.32,84830.0,18.59359
2026-09-27 08:35:00,84830.0,84830.01,84802.1,84805.1,17.04249
2026-09-27 08:36:00,84805.09,84805.1,84797.44,84797.44,8.74646
2026-09-27 08:37:00,84797.44,84797.45,84777.54,84790.0,15.82364
2026-09-27 08:38:00,84790.01,84790.01,84748.24,84748.25,11.60553
2026-09-27 08:39:00,84748.24,84765.54,84747.86,84747.86,7.33734
2026-09-27 08:40:00,84747.87,84747.87,84735.61,84735.62,2.59136
2026-09-27 08:41:00,84735.62,84735.62,84719.81,84723.02,4.71485
2026-09-27 08:42:00,84723.02,84723.02,84692.68,84692.69,7.16662
2026-09-27 08:43:00,84692.69,84723.01,84692.68,84723.0,8.91282
2026-09-27 08:44:00,84723.01,84749.11,84718.0,84749.0,45.3924
2026-09-27 08:45:00,84749.01,84755.45,84749.0,84754.01,8.33376
2026-09-27 08:46:00,84754.0,84754.01,84719.81,84719.81,10.8829
2026-09-27 08:47:00,84719.82,84719.82,84709.98,84715.95,6.23928
2026-09-27 08:48:00,84715.95,84749.78,84715.95,84749.78,12.87857
2026-09-27 08:49:00,84749.77,84749.78,84728.0,84740.0,24.03244
2026-09-27 08:50:00,84740.0,84752.13,84739.99,84752.12,19.85095
2026-09-27 08:51:00,84752.13,84768.0,84752.12,84767.99,22.36963
2026-09-27 08:52:00,84768.0,84786.01,84768.0,84786.01,2.81999
2026-09-27 08:53:00,84786.01,84802.02,84786.0,84802.02,15.82688
2026-09-27 08:54:00,84802.02,84802.02,84798.0,84798.0,17.8969
2026-09-27 08:55:00,84798.0,84801.52,84798.0,84801.52,10.75251
2026-09-27 08:56:00,84801.51,84801.52,84771.49,84791.33,53.49357
2026-09-27 08:57:00,84791.34,84807.93,84791.34,84807.92,3.37732
2026-09-27 08:58:00,84807.93,84827.78,84804.24,84804.24,12.77395
2026-09-27 08:59:00,84804.24,84804.25,84800.0,84800.0,2.60732
2026-09-27 09:00:00,84800.0,84800.01,84766.2,84774.12,40.07895
2026-09-27 09:01:00,84774.12,84783.6,84745.08,84745.08,25.22263
2026-09-27 09:02:00,84745.08,84745.09,84744.0,84744.0,5.38199
2026-09-27 09:03:00,84744.0,84744.01,84732.15,84732.15,10.1253
2026-09-27 09:04:00,84732.15,84732.16,84732.15,84732.15,0.95057
2026-09-27 09:05:00,84732.15,84732.16,84702.0,84702.0,10.38642
2026-09-27 09:06:00,84702.0,84702.01,84672.79,84672.79,34.16481
2026-09-27 09:07:00,84672.79,84672.8,84672.79,84672.79,5.55806
2026-09-27 09:08:00,84672.79,84672.8,84672.78,84672.78,10.72545
2026-09-27 09:09:00,84672.78,84672.79,84614.01,84619.27,17.42609
2026-09-27 09:10:00,84619.27,84620.0,84590.0,84590.0,23.83383
2026-09-27 09:11:00,84590.0,84622.0,84590.0,84618.26,24.10767
2026-09-27 09:12:00,84618.26,84672.01,84608.67,84664.0,21.21791
2026-09-27 09:13:00,84664.0,84672.02,84648.59,84672.01,8.3859
2026-09-27 09:14:00,84672.01,84672.78,84658.0,84658.0,10.32263
2026-09-27 09:15:00,84658.0,84672.0,84656.7,84671.99,6.45174
2026-09-27 09:16:00,84671.99,84672.0,84646.26,84646.26,12.69191
2026-09-27 09:17:00,84646.27,84658.64,84631.59,84658.63,7.64989
2026-09-27 09:18:00,84658.63,84682.02,84658.63,84670.0,27.09741
2026-09-27 09:19:00,84670.0,84670.01,84650.0,84660.0,9.4166
2026-09-27 09:20:00,84660.0,84660.01,84658.02,84658.02,2.17028
2026-09-27 09:21:00,84658.02,84658.03,84650.66,84650.95,18.99119
2026-09-27 09:22:00,84650.95,84650.96,84650.95,84650.95,4.37943
2026-09-27 09:23:00,84650.95,84661.52,84647.84,84647.85,31.56835
2026-09-27 09:24:00,84647.85,84652.01,84647.85,84651.94,26.90092
2026-09-27 09:25:00,84651.94,84684.0,84651.94,84683.99,10.83141
2026-09-27 09:26:00,84683.99,84684.0,84683.99,84683.99,0.95907
2026-09-27 09:27:00,84683.99,84684.0,84663.06,84663.06,8.99811
2026-09-27 09:28:00,84663.06,84700.56,84663.06,84700.56,29.92099
2026-09-27 09:29:00,84700.56,84700.59,84700.55,84700.59,13.26958
2026-09-27 09:30:00,84700.59,84705.99,84700.58,84705.98,14.04627
2026-09-27 09:31:00,84705.98,84721.89,84705.98,84721.88,21.82661
2026-09-27 09:32:00,84721.88,84764.01,84720.52,84747.68,25.92265
2026-09-27 09:33:00,84747.68,84784.01,84747.68,84784.0,16.50071
2026-09-27 09:34:00,84784.01,84785.43,84778.0,84778.0,16.98628
2026-09-27 09:35:00,84778.0,84778.01,84724.26,84724.26,15.34755
2026-09-27 09:36:00,84724.26,84730.62,84724.26,84730.62,1.9241
2026-09-27 09:37:00,84730.62,84730.62,84730.61,84730.62,3.80776
2026-09-27 09:38:00,84730.61,84756.02,84730.61,84756.01,7.76232
2026-09-27 09:39:00,84756.01,84778.26,84756.01,84778.25,37.41591
2026-09-27 09:40:00,84778.26,84778.27,84778.25,84778.26,48.33438
2026-09-27 09:41:00,84778.26,84778.27,84773.66,84773.67,56.02443
2026-09-27 09:42:00,84773.66,84778.02,84773.66,84778.01,6.84966
2026-09-27 09:43:00,84778.01,84778.02,84778.01,84778.02,0.51161
2026-09-27 09:44:00,84778.01,84804.24,84778.0,84804.24,13.31434
2026-09-27 09:45:00,84804.24,84883.98,84804.23,84883.97,15.69586
2026-09-27 09:46:00,84883.97,84930.01,84883.97,84919.61,41.05438
2026-09-27 09:47:00,84919.62,84919.64,84886.0,84895.86,20.37768
2026-09-27 09:48:00,84895.85,84940.99,84895.85,84916.75,22.06703
2026-09-27 09:49:00,84916.74,84942.01,84916.74,84942.0,18.6602
2026-09-27 09:50:00,84942.01,84958.99,84926.55,84930.0,58.50335
2026-09-27 09:51:00,84930.01,84952.62,84927.8,84927.8,19.65526
2026-09-27 09:52:00,84927.8,84933.04,84927.8,84933.04,27.27841
2026-09-27 09:53:00,84933.03,84933.05,84897.93,84897.93,33.42866
2026-09-27 09:54:00,84897.93,84897.94,84885.48,84885.49,33.67646
2026-09-27 09:55:00,84885.48,84885.49,84872.33,84872.33,131.72644
2026-09-27 09:56:00,84872.33,84916.01,84872.33,84914.0,145.04511
2026-09-27 09:57:00,84914.0,84915.41,84914.0,84915.4,5.02831
2026-09-27 09:58:00,84915.4,84922.01,84915.4,84922.0,1.18115
2026-09-27 09:59:00,84922.01,84944.01,84922.0,84944.01,3.09063
2026-09-27 10:00:00,84944.01,84944.01,84918.69,84918.7,5.08517
2026-09-27 10:01:00,84918.69,84949.12,84900.0,84949.11,8.91055
2026-09-27 10:02:00,84949.12,84949.12,84937.65,84940.01,14.57345
2026-09-27 10:03:00,84940.0,84944.66,84918.0,84920.32,29.68007
2026-09-27 10:04:00,84920.31,84939.39,84918.0,84920.48,30.65062
2026-09-27 10:05:00,84920.48,84927.78,84912.0,84912.01,10.56574
2026-09-27 10:06:00,84912.01,84918.01,84912.0,84918.01,2.8585
2026-09-27 10:07:00,84918.01,84952.01,84918.0,84952.01,18.34666
2026-09-27 10:08:00,84952.0,84980.0,84952.0,84979.99,8.28753
2026-09-27 10:09:00,84979.99,84980.0,84969.0,84979.0,9.20857
2026-09-27 10:10:00,84979.01,84998.0,84979.0,84997.99,5.69076
2026-09-27 10:11:00,84997.99,85020.15,84979.01,85020.15,45.32626
2026-09-27 10:12:00,85020.15,85024.78,85010.0,85016.0,17.81093
2026-09-27 10:13:00,85016.01,85048.13,85016.0,85048.13,7.28558
2026-09-27 10:14:00,85048.12,85048.13,85032.4,85032.41,6.26175
2026-09-27 10:15:00,85032.4,85117.64,85032.4,85054.01,35.91509
2026-09-27 10:16:00,85054.01,85086.01,85048.14,85048.15,12.92385
2026-09-27 10:17:00,85048.15,85048.15,85018.0,85048.0,7.13584
2026-09-27 10:18:00,85048.0,85048.0,85032.0,85032.0,7.19498
2026-09-27 10:19:00,85032.0,85032.01,84979.0,84987.49,16.34906
2026-09-27 10:20:00,84987.49,85010.01,84986.01,84987.05,4.36934
2026-09-27 10:21:00,84987.05,85009.99,84959.0,85009.99,23.9393
2026-09-27 10:22:00,85009.99,85010.0,84968.38,84968.38,4.36788
2026-09-27 10:23:00,84968.38,84992.01,84968.38,84982.01,6.38892
2026-09-27 10:24:00,84982.0,84982.01,84954.03,84954.03,2.27298
2026-09-27 10:25:00,84954.03,84963.77,84927.75,84958.02,24.25444
2026-09-27 10:26:00,84958.03,84958.03,84910.55,84910.56,8.006
2026-09-27 10:27:00,84910.55,84938.01,84910.55,84938.0,4.40679
2026-09-27 10:28:00,84938.0,84938.01,84938.0,84938.0,0.81319
2026-09-27 10:29:00,84938.0,84938.01,84930.0,84930.0,1.78452
2026-09-27 10:30:00,84930.01,84930.01,84910.55,84910.55,13.36307
2026-09-27 10:31:00,84910.56,84910.56,84910.55,84910.55,5.01522
2026-09-27 10:32:00,84910.56,84910.56,84910.55,84910.55,0.72832
2026-09-27 10:33:00,84910.55,84910.56,84910.55,84910.56,1.00331
2026-09-27 10:34:00,84910.56,84930.14,84910.55,84930.14,32.69056
2026-09-27 10:35:00,84930.14,84930.14,84930.13,84930.13,11.85489
2026-09-27 10:36:00,84930.14,84930.14,84910.57,84910.58,2.3918
2026-09-27 10:37:00,84910.58,84910.58,84910.57,84910.58,0.35717
2026-09-27 10:38:00,84910.57,84910.58,84905.0,84906.71,7.40527
2026-09-27 10:39:00,84906.71,84906.72,84900.83,84900.84,2.15355
2026-09-27 10:40:00,84900.84,84900.86,84900.83,84900.85,6.03979
2026-09-27 10:41:00,84900.86,84900.86,84900.85,84900.85,0.46533
2026-09-27 10:42:00,84900.85,84900.86,84876.79,84876.8,6.74133
2026-09-27 10:43:00,84876.79,84876.8,84876.79,84876.79,1.96904
2026-09-27 10:44:00,84876.8,84876.8,84858.0,84858.01,4.90604
2026-09-27 10:45:00,84858.0,84858.01,84858.0,84858.01,0.97052
2026-09-27 10:46:00,84858.01,84858.01,84858.0,84858.01,0.67816
2026-09-27 10:47:00,84858.0,84858.01,84851.6,84851.6,1.96914
2026-09-27 10:48:00,84851.61,84858.01,84851.6,84858.01,5.296
2026-09-27 10:49:00,84858.01,84909.98,84858.0,84906.01,7.69373
2026-09-27 10:50:00,84906.01,84906.01,84832.0,84832.01,6.7391
2026-09-27 10:51:00,84832.0,84832.01,84832.0,84832.0,1.12155
2026-09-27 10:52:00,84832.0,84832.01,84817.15,84817.16,3.81873
2026-09-27 10:53:00,84817.16,84817.16,84804.13,84804.14,1.2054
2026-09-27 10:54:00,84804.14,84804.14,84800.0,84800.01,1.64148
2026-09-27 10:55:00,84800.0,84820.48,84800.0,84820.47,6.29067
2026-09-27 10:56:00,84820.48,84848.01,84820.47,84848.01,10.96355
2026-09-27 10:57:00,84848.01,84848.01,84848.0,84848.01,1.78424
2026-09-27 10:58:00,84848.01,84856.01,84848.0,84856.0,1.86482
2026-09-27 10:59:00,84856.0,84900.92,84856.0,84883.0,15.38169
2026-09-27 11:00:00,84882.99,84882.99,84848.0,84848.0,9.36161
2026-09-27 11:01:00,84848.01,84886.0,84848.0,84885.99,5.43246
2026-09-27 11:02:00,84885.99,84886.0,84880.0,84881.95,6.91792
2026-09-27 11:03:00,84881.96,84881.96,84870.01,84870.02,2.85422
2026-09-27 11:04:00,84870.01,84883.32,84859.35,84883.02,19.8115
2026-09-27 11:05:00,84883.02,84907.99,84883.02,84907.98,2.73025
2026-09-27 11:06:00,84907.98,84907.99,84884.01,84884.02,4.29989
2026-09-27 11:07:00,84884.02,84884.02,84884.01,84884.02,1.46318
2026-09-27 11:08:00,84884.02,84926.01,84884.01,84926.0,3.6335
2026-09-27 11:09:00,84926.0,84926.01,84926.0,84926.0,1.45976
2026-09-27 11:10:00,84926.01,84946.01,84908.0,84916.48,10.31833
2026-09-27 11:11:00,84916.49,84928.01,84914.05,84914.05,3.14162
2026-09-27 11:12:00,84914.05,84939.44,84914.05,84939.43,3.10142
2026-09-27 11:13:00,84939.44,84939.44,84910.01,84910.01,4.92187
2026-09-27 11:14:00,84910.01,84910.02,84910.01,84910.02,1.33861
2026-09-27 11:15:00,84910.01,84912.01,84906.0,84912.0,7.75142
2026-09-27 11:16:00,84912.0,84912.01,84888.0,84888.0,6.09812
2026-09-27 11:17:00,84888.0,84888.01,84841.93,84849.88,14.27688
2026-09-27 11:18:00,84849.88,84849.89,84849.88,84849.88,1.77225
2026-09-27 11:19:00,84849.88,84857.1,84849.88,84857.1,3.22966
2026-09-27 11:20:00,84857.09,84861.05,84853.88,84853.88,3.98407
2026-09-27 11:21:00,84853.88,84868.01,84853.88,84868.0,4.76148
2026-09-27 11:22:00,84868.0,84900.84,84868.0,84900.83,3.51449
2026-09-27 11:23:00,84900.83,84900.84,84900.83,84900.83,1.0838
2026-09-27 11:24:00,84900.83,84919.4,84900.83,84919.37,4.01923
2026-09-27 11:25:00,84919.38,84919.38,84919.37,84919.38,2.43657
2026-09-27 11:26:00,84919.37,84938.53,84919.37,84938.52,2.46238
2026-09-27 11:27:00,84938.52,84939.44,84938.52,84939.44,1.32661
2026-09-27 11:28:00,84939.44,84939.44,84920.87,84920.87,9.21856
2026-09-27 11:29:00,84920.87,84920.88,84905.55,84905.55,4.61287
2026-09-27 11:30:00,84905.55,84905.56,84905.55,84905.55,0.8334
2026-09-27 11:31:00,84905.56,84905.56,84902.0,84902.0,3.03489
2026-09-27 11:32:00,84902.01,84902.01,84894.86,84894.86,2.77267
2026-09-27 11:33:00,84894.87,84894.87,84856.29,84856.3,2.83149
2026-09-27 11:34:00,84856.3,84856.3,84846.0,84846.01,2.93652
2026-09-27 11:35:00,84846.0,84858.48,84840.73,84858.46,9.32388
2026-09-27 11:36:00,84858.46,84858.47,84858.45,84858.45,1.41741
2026-09-27 11:37:00,84858.46,84877.81,84858.45,84877.8,4.04157
2026-09-27 11:38:00,84877.8,84877.81,84836.06,84853.14,13.37985
2026-09-27 11:39:00,84853.14,84854.01,84842.78,84854.0,7.25183
2026-09-27 11:40:00,84854.01,84868.39,84854.0,84868.39,1.04354
2026-09-27 11:41:00,84868.38,84880.01,84868.38,84880.0,1.43061
2026-09-27 11:42:00,84880.0,84894.01,84880.0,84894.01,1.44036
2026-09-27 11:43:00,84894.01,84894.01,84894.0,84894.01,0.25149
2026-09-27 11:44:00,84894.0,84912.34,84894.0,84912.34,2.29446
2026-09-27 11:45:00,84912.33,84912.34,84893.28,84893.28,4.76733
2026-09-27 11:46:00,84893.29,84893.29,84893.28,84893.28,0.29428
2026-09-27 11:47:00,84893.29,84893.29,84854.11,84854.11,3.62773
2026-09-27 11:48:00,84854.12,84854.12,84854.11,84854.12,1.798
2026-09-27 11:49:00,84854.12,84854.12,84850.0,84850.01,2.75868
2026-09-27 11:50:00,84850.0,84877.13,84850.0,84864.0,6.81172
2026-09-27 11:51:00,84864.01,84864.01,84864.0,84864.0,1.43905
2026-09-27 11:52:00,84864.01,84893.89,84864.0,84893.89,4.20408
2026-09-27 11:53:00,84893.89,84893.89,84893.88,84893.89,0.78825
2026-09-27 11:54:00,84893.88,84902.36,84893.88,84897.96,2.80792
2026-09-27 11:55:00,84897.97,84904.01,84897.96,84904.01,1.59294
2026-09-27 11:56:00,84904.01,84904.01,84904.0,84904.0,1.11114
2026-09-27 11:57:00,84904.0,84904.01,84904.0,84904.0,0.71923
2026-09-27 11:58:00,84904.01,84918.61,84890.0,84891.78,9.69225
2026-09-27 11:59:00,84891.79,84898.0,84891.78,84898.0,3.96031
2026-09-27 12:00:00,84898.0,84920.0,84898.0,84919.86,3.82844
2026-09-27 12:01:00,84919.85,84941.53,84919.85,84941.53,3.28031
2026-09-27 12:02:00,84941.52,84946.3,84941.52,84946.29,2.16774
2026-09-27 12:03:00,84946.3,84949.02,84946.29,84949.01,3.24888
2026-09-27 12:04:00,84949.02,84949.02,84949.01,84949.01,0.54532
2026-09-27 12:05:00,84949.02,84958.03,84949.01,84958.03,1.48523
2026-09-27 12:06:00,84958.02,84958.03,84958.02,84958.02,1.10743
2026-09-27 12:07:00,84958.03,84958.03,84958.02,84958.02,1.0726
2026-09-27 12:08:00,84958.02,84958.03,84958.02,84958.03,2.4997
2026-09-27 12:09:00,84958.02,84974.01,84958.02,84974.0,4.24014
2026-09-27 12:10:00,84974.01,84977.04,84968.4,84968.4,4.47919
2026-09-27 12:11:00,84968.4,84968.41,84968.0,84968.0,3.40187
2026-09-27 12:12:00,84968.01,85000.0,84968.0,85000.0,5.94567
2026-09-27 12:13:00,84999.99,85007.49,84986.01,84986.02,10.26983
2026-09-27 12:14:00,84986.02,85005.67,84986.01,85002.83,5.20594
2026-09-27 12:15:00,85002.83,85002.83,85002.82,85002.83,2.60215
2026-09-27 12:16:00,85002.82,85044.51,85002.82,85009.98,14.16248
2026-09-27 12:17:00,85009.99,85011.38,85009.96,85011.37,13.58737
2026-09-27 12:18:00,85011.37,85011.38,85002.82,85002.83,29.51763
2026-09-27 12:19:00,85002.82,85004.01,85002.82,85004.0,1.41009
2026-09-27 12:20:00,85004.0,85008.61,85004.0,85004.0,2.82587
2026-09-27 12:21:00,85004.0,85004.01,84990.64,84990.64,2.12095
2026-09-27 12:22:00,84990.64,84990.67,84990.64,84990.66,10.95138
2026-09-27 12:23:00,84990.67,84990.67,84990.66,84990.66,1.70981
2026-09-27 12:24:00,84990.66,84990.67,84968.89,84969.99,20.26081
2026-09-27 12:25:00,84970.0,84970.0,84957.78,84957.78,2.65789
2026-09-27 12:26:00,84957.78,84957.79,84957.78,84957.79,1.11932
2026-09-27 12:27:00,84957.78,84957.79,84957.78,84957.79,0.54714
2026-09-27 12:28:00,84957.79,84957.79,84957.78,84957.78,1.07928
2026-09-27 12:29:00,84957.79,84970.11,84957.78,84970.11,4.01032
2026-09-27 12:30:00,84970.12,84970.12,84970.0,84970.0,1.49391
2026-09-27 12:31:00,84970.0,84970.01,84970.0,84970.0,1.5976
2026-09-27 12:32:00,84970.0,84970.08,84970.0,84970.08,3.56277
2026-09-27 12:33:00,84970.07,84970.08,84970.07,84970.07,0.74468
2026-09-27 12:34:00,84970.07,84970.08,84970.07,84970.08,2.54479
2026-09-27 12:35:00,84970.07,84980.01,84970.07,84980.0,3.3018
2026-09-27 12:36:00,84980.01,84999.46,84980.0,84999.45,4.45994
2026-09-27 12:37:00,84999.46,84999.46,84986.0,84986.0,3.15513
2026-09-27 12:38:00,84986.01,84986.01,84982.35,84982.35,1.3844
2026-09-27 12:39:00,84982.35,85027.48,84982.35,85013.3,29.00561
2026-09-27 12:40:00,85013.31,85013.31,85008.0,85008.01,3.68689
2026-09-27 12:41:00,85008.0,85008.01,85008.0,85008.01,4.62938
2026-09-27 12:42:00,85008.0,85008.82,85008.0,85008.82,2.43127
2026-09-27 12:43:00,85008.81,85008.82,85008.0,85008.0,5.91811
2026-09-27 12:44:00,85008.0,85008.01,84996.0,84996.0,3.31142
2026-09-27 12:45:00,84996.01,84996.01,84982.0,84982.0,2.01933
2026-09-27 12:46:00,84982.01,84988.01,84982.0,84982.0,4.25698
2026-09-27 12:47:00,84982.0,84982.01,84972.01,84972.02,2.11069
2026-09-27 12:48:00,84972.02,84972.02,84962.51,84963.89,3.1206
2026-09-27 12:49:00,84963.89,84963.89,84963.88,84963.89,0.7195
2026-09-27 12:50:00,84963.88,84971.01,84963.88,84971.01,2.46223
2026-09-27 12:51:00,84971.0,84971.01,84971.0,84971.0,1.23526
2026-09-27 12:52:00,84971.01,84971.01,84968.0,84968.0,1.98905
2026-09-27 12:53:00,84968.0,84968.01,84950.0,84950.01,4.97409
2026-09-27 12:54:00,84950.01,84950.01,84950.0,84950.0,1.06134
2026-09-27 12:55:00,84950.0,84950.0,84922.0,84922.0,15.77594
2026-09-27 12:56:00,84922.0,84922.01,84894.03,84894.03,4.39003
2026-09-27 12:57:00,84894.03,84894.04,84892.0,84892.0,1.73342
2026-09-27 12:58:00,84892.0,84892.01,84804.0,84812.48,11.16606
2026-09-27 12:59:00,84812.47,84812.48,84802.01,84802.01,4.46059
2026-09-27 13:00:00,84802.01,84802.01,84700.0,84700.0,22.25798
2026-09-27 13:01:00,84700.0,84734.01,84651.6,84734.0,24.27214
2026-09-27 13:02:00,84734.01,84783.47,84699.3,84780.0,17.07633
2026-09-27 13:03:00,84780.01,84800.0,84742.01,84742.01,7.51702
2026-09-27 13:04:00,84742.0,84758.01,84706.0,84748.0,10.94703
2026-09-27 13:05:00,84748.0,84748.0,84712.0,84736.0,6.89563
2026-09-27 13:06:00,84736.0,84777.65,84722.0,84777.64,11.67621
2026-09-27 13:07:00,84777.64,84806.73,84756.03,84788.02,16.72116
2026-09-27 13:08:00,84788.01,84804.01,84786.0,84795.23,8.87861
2026-09-27 13:09:00,84795.22,84795.23,84774.66,84774.66,6.89179
2026-09-27 13:10:00,84774.66,84774.67,84750.01,84756.0,6.05427
2026-09-27 13:11:00,84756.0,84770.0,84740.0,84740.01,11.21071
2026-09-27 13:12:00,84740.0,84740.01,84656.68,84676.01,16.8995
2026-09-27 13:13:00,84676.0,84692.01,84676.0,84692.0,2.71137
2026-09-27 13:14:00,84692.01,84712.01,84637.73,84649.99,14.05618
2026-09-27 13:15:00,84649.99,84740.81,84649.99,84740.81,21.73232
2026-09-27 13:16:00,84740.8,84742.0,84727.05,84741.67,6.00996
2026-09-27 13:17:00,84741.66,84754.0,84741.66,84753.99,0.8698
2026-09-27 13:18:00,84754.0,84760.01,84743.34,84760.0,4.12699
2026-09-27 13:19:00,84760.01,84765.61,84760.0,84765.61,2.67864
2026-09-27 13:20:00,84765.6,84779.81,84765.6,84779.81,2.38605
2026-09-27 13:21:00,84779.8,84801.9,84779.8,84801.9,3.29784
2026-09-27 13:22:00,84801.91,84852.19,84801.91,84838.0,10.84143
2026-09-27 13:23:00,84838.0,84838.0,84837.27,84837.27,0.79583
2026-09-27 13:24:00,84837.27,84842.59,84837.27,84842.57,11.62927
2026-09-27 13:25:00,84842.57,84859.53,84842.57,84859.53,5.57636
2026-09-27 13:26:00,84859.53,84866.01,84854.0,84866.01,6.70369
2026-09-27 13:27:00,84866.01,84892.28,84866.0,84892.28,3.41062
2026-09-27 13:28:00,84892.27,84918.01,84892.27,84917.81,3.20867
2026-09-27 13:29:00,84917.81,84950.0,84917.8,84945.01,5.96409
2026-09-27 13:30:00,84945.0,85008.71,84945.0,85004.61,21.13524
2026-09-27 13:31:00,85004.61,85056.94,84998.54,85056.94,9.86564
2026-09-27 13:32:00,85056.94,85088.02,85056.94,85072.01,15.92034
2026-09-27 13:33:00,85072.0,85115.14,85054.0,85115.13,10.08614
2026-09-27 13:34:00,85115.13,85159.03,85004.61,85004.61,27.00944
2026-09-27 13:35:00,85004.61,85014.01,84988.01,84996.0,8.8016
2026-09-27 13:36:00,84996.01,85006.01,84942.0,84942.0,19.96298
2026-09-27 13:37:00,84942.0,84942.01,84922.0,84930.0,6.31416
2026-09-27 13:38:00,84930.01,84964.01,84866.0,84866.01,20.52092
2026-09-27 13:39:00,84866.0,84906.49,84866.0,84895.29,5.44856
2026-09-27 13:40:00,84895.29,84895.29,84872.0,84886.01,5.16575
2026-09-27 13:41:00,84886.01,84896.01,84871.95,84871.96,4.19789
2026-09-27 13:42:00,84871.95,84871.96,84871.95,84871.96,0.49843
2026-09-27 13:43:00,84871.95,84871.96,84856.89,84858.83,4.1239
2026-09-27 13:44:00,84858.82,84858.82,84790.0,84798.93,10.77833
2026-09-27 13:45:00,84798.94,84832.55,84743.8,84832.55,18.25519
2026-09-27 13:46:00,84832.56,84861.67,84832.56,84842.0,8.07056
2026-09-27 13:47:00,84842.0,84866.94,84842.0,84866.94,4.41106
2026-09-27 13:48:00,84866.94,84916.5,84866.94,84910.0,5.1674
2026-09-27 13:49:00,84910.01,84916.0,84906.01,84916.0,4.01953
2026-09-27 13:50:00,84916.0,84938.0,84914.09,84915.0,6.83439
2026-09-27 13:51:00,84915.0,84915.01,84892.01,84892.01,5.38283
2026-09-27 13:52:00,84892.02,84892.02,84880.0,84884.01,3.73167
2026-09-27 13:53:00,84884.0,84895.99,84884.0,84895.98,2.91564
2026-09-27 13:54:00,84895.99,84895.99,84892.62,84892.62,2.46218
2026-09-27 13:55:00,84892.63,84910.33,84892.62,84910.32,1.61114
2026-09-27 13:56:00,84910.33,84933.47,84910.32,84933.47,1.47043
2026-09-27 13:57:00,84933.46,84978.47,84933.46,84966.05,8.99022
2026-09-27 13:58:00,84966.06,85028.97,84960.16,85028.97,24.3248
2026-09-27 13:59:00,85028.97,85040.0,85028.97,85030.41,5.4779
2026-09-27 14:00:00,85030.41,85048.14,85028.0,85048.14,6.76355
2026-09-27 14:01:00,85048.13,85048.14,84962.0,84962.0,16.49184
2026-09-27 14:02:00,84962.0,84972.01,84925.23,84972.0,12.91354
2026-09-27 14:03:00,84972.0,84972.01,84932.1,84932.11,4.34615
2026-09-27 14:04:00,84932.1,84932.11,84914.35,84914.36,2.81519
2026-09-27 14:05:00,84914.36,84926.01,84914.35,84926.0,5.93743
2026-09-27 14:06:00,84926.01,84996.01,84926.01,84982.01,8.52454
2026-09-27 14:07:00,84982.01,85011.73,84982.01,85011.73,2.55117
2026-09-27 14:08:00,85011.73,85016.01,84993.07,85002.72,6.42514
2026-09-27 14:09:00,85002.72,85038.44,85002.71,85038.43,5.63055
2026-09-27 14:10:00,85038.44,85038.44,84990.0,84990.0,7.96594
2026-09-27 14:11:00,84990.01,85018.01,84976.0,85008.01,8.52383
2026-09-27 14:12:00,85008.0,85008.01,84994.0,84994.0,3.10131
2026-09-27 14:13:00,84994.01,85006.01,84994.0,85004.02,2.15238
2026-09-27 14:14:00,85004.01,85004.02,84996.74,84996.74,1.71949
2026-09-27 14:15:00,84996.74,85016.01,84996.74,85014.0,2.48938
2026-09-27 14:16:00,85014.01,85016.01,85003.47,85010.91,3.61768
2026-09-27 14:17:00,85010.91,85016.01,84990.7,84990.71,3.00064
2026-09-27 14:18:00,84990.71,85002.94,84970.0,84970.0,2.50358
2026-09-27 14:19:00,84970.01,84970.01,84935.99,84936.0,2.51305
2026-09-27 14:20:00,84935.99,84936.0,84910.32,84912.0,2.52202
2026-09-27 14:21:00,84912.01,84912.01,84906.99,84907.0,1.55093
2026-09-27 14:22:00,84907.0,84912.01,84900.0,84900.0,4.13587
2026-09-27 14:23:00,84900.01,84900.01,84832.0,84832.01,6.91207
2026-09-27 14:24:00,84832.0,84854.0,84820.0,84830.45,8.14588
2026-09-27 14:25:00,84830.44,84880.48,84814.0,84871.35,14.79253
2026-09-27 14:26:00,84871.35,84871.35,84780.0,84780.01,9.42395
2026-09-27 14:27:00,84780.0,84780.01,84744.0,84758.01,8.20284
2026-09-27 14:28:00,84758.0,84762.01,84706.81,84706.82,5.65889
2026-09-27 14:29:00,84706.81,84734.42,84700.0,84708.0,24.49489
2026-09-27 14:30:00,84708.01,84744.01,84700.0,84726.0,7.94033
2026-09-27 14:31:00,84726.01,84776.24,84726.0,84757.62,9.34348
2026-09-27 14:32:00,84757.62,84784.01,84757.61,84776.36,3.03358
2026-09-27 14:33:00,84776.36,84796.14,84744.0,84758.0,6.74583
2026-09-27 14:34:00,84758.0,84775.3,84758.0,84758.01,6.20952
2026-09-27 14:35:00,84758.01,84760.01,84707.69,84719.81,17.80422
2026-09-27 14:36:00,84719.81,84748.01,84719.81,84733.18,3.62547
2026-09-27 14:37:00,84733.18,84733.19,84682.0,84682.01,27.17226
2026-09-27 14:38:00,84682.01,84707.63,84673.02,84706.77,13.82467
2026-09-27 14:39:00,84706.77,84740.01,84697.14,84735.44,5.27258
2026-09-27 14:40:00,84735.44,84735.45,84706.0,84712.01,4.02351
2026-09-27 14:41:00,84712.01,84750.0,84700.0,84744.89,14.22268
2026-09-27 14:42:00,84744.88,84774.01,84742.0,84772.0,4.97084
2026-09-27 14:43:00,84772.01,84786.01,84750.98,84750.98,2.14821
2026-09-27 14:44:00,84750.99,84766.01,84734.01,84734.01,9.75003
2026-09-27 14:45:00,84734.0,84742.01,84726.0,84732.01,5.35064
2026-09-27 14:46:00,84732.01,84732.01,84662.0,84662.0,5.76239
2026-09-27 14:47:00,84662.0,84678.01,84646.0,84646.01,4.30655
2026-09-27 14:48:00,84646.0,84646.01,84450.0,84538.86,104.10985
2026-09-27 14:49:00,84538.85,84558.0,84475.45,84528.0,14.4761
2026-09-27 14:50:00,84528.0,84570.01,84524.0,84549.99,14.64527
2026-09-27 14:51:00,84550.0,84602.01,84540.0,84547.65,13.47079
2026-09-27 14:52:00,84547.66,84602.0,84547.65,84600.0,7.57006
2026-09-27 14:53:00,84600.0,84600.0,84574.0,84599.0,3.01571
2026-09-27 14:54:00,84599.0,84632.01,84590.0,84632.0,4.66937
2026-09-27 14:55:00,84632.0,84637.74,84611.27,84611.28,5.58021
2026-09-27 14:56:00,84611.28,84624.0,84606.1,84616.01,4.56984
2026-09-27 14:57:00,84616.01,84644.86,84600.32,84604.4,7.63268
2026-09-27 14:58:00,84604.39,84604.39,84555.36,84556.0,5.66635
2026-09-27 14:59:00,84556.01,84566.96,84538.01,84538.02,6.30094
2026-09-27 15:00:00,84538.01,84567.37,84538.01,84555.65,8.40252
2026-09-27 15:01:00,84555.65,84555.65,84460.0,84460.0,5.85481
2026-09-27 15:02:00,84460.0,84547.0,84421.89,84546.99,15.66137
2026-09-27 15:03:00,84547.0,84592.24,84476.95,84524.0,15.53063
2026-09-27 15:04:00,84524.01,84532.8,84466.0,84466.0,9.33185
2026-09-27 15:05:00,84466.0,84466.01,84364.0,84429.37,56.86445
2026-09-27 15:06:00,84429.37,84516.53,84404.0,84516.53,25.39001
2026-09-27 15:07:00,84516.53,84522.01,84470.0,84496.0,11.49837
2026-09-27 15:08:00,84496.01,84504.0,84480.0,84489.44,9.26589
2026-09-27 15:09:00,84489.44,84522.0,84489.44,84514.0,7.61391
2026-09-27 15:10:00,84514.0,84549.99,84508.0,84526.02,11.44423
2026-09-27 15:11:00,84526.01,84526.02,84500.0,84500.0,1.70505
2026-09-27 15:12:00,84500.01,84503.96,84490.03,84494.0,4.63366
2026-09-27 15:13:00,84494.01,84494.73,84477.44,84480.01,3.59539
2026-09-27 15:14:00,84480.01,84514.32,84480.0,84514.32,11.0753
2026-09-27 15:15:00,84514.32,84514.32,84496.0,84514.31,5.1974
2026-09-27 15:16:00,84514.32,84598.01,84514.32,84598.01,8.64273
2026-09-27 15:17:00,84598.0,84621.56,84574.21,84574.21,7.43487
2026-09-27 15:18:00,84574.22,84583.98,84572.0,84572.01,8.84901
2026-09-27 15:19:00,84572.0,84572.01,84564.0,84564.0,1.26251
2026-09-27 15:20:00,84564.0,84572.01,84553.43,84555.66,5.40554
2026-09-27 15:21:00,84555.65,84584.01,84527.36,84584.0,6.92652
2026-09-27 15:22:00,84584.01,84585.28,84561.85,84584.01,7.68075
2026-09-27 15:23:00,84584.01,84604.01,84584.01,84604.0,6.85396
2026-09-27 15:24:00,84604.0,84604.01,84555.65,84568.0,7.03379
2026-09-27 15:25:00,84568.01,84589.25,84568.01,84574.0,9.75778
2026-09-27 15:26:00,84574.0,84574.01,84493.23,84493.24,11.93447
2026-09-27 15:27:00,84493.24,84544.01,84458.0,84541.35,15.97869
2026-09-27 15:28:00,84541.36,84564.47,84540.0,84564.47,6.49575
2026-09-27 15:29:00,84564.47,84624.01,84564.47,84624.0,8.4772
2026-09-27 15:30:00,84624.0,84624.01,84590.34,84620.0,8.10741
2026-09-27 15:31:00,84620.01,84644.01,84555.65,84555.66,13.76632
2026-09-27 15:32:00,84555.65,84596.0,84555.65,84595.99,3.14763
2026-09-27 15:33:00,84596.0,84602.01,84562.0,84562.0,10.62863
2026-09-27 15:34:00,84562.01,84571.89,84532.0,84532.0,8.1051
2026-09-27 15:35:00,84532.0,84532.0,84522.0,84522.01,2.05556
2026-09-27 15:36:00,84522.0,84546.01,84522.0,84532.0,5.43973
2026-09-27 15:37:00,84532.01,84532.01,84504.99,84504.99,1.9555
2026-09-27 15:38:00,84505.0,84505.0,84488.42,84493.37,9.52701
2026-09-27 15:39:00,84493.37,84493.37,84485.57,84485.58,1.12814
2026-09-27 15:40:00,84485.57,84485.57,84478.99,84485.28,5.28641
2026-09-27 15:41:00,84485.28,84498.88,84480.94,84480.95,7.5241
2026-09-27 15:42:00,84480.94,84490.88,84473.57,84482.06,7.23802
2026-09-27 15:43:00,84482.05,84486.69,84478.03,84479.99,7.13715
2026-09-27 15:44:00,84479.99,84490.87,84434.12,84436.23,14.57889
2026-09-27 15:45:00,84436.23,84461.91,84436.22,84436.22,4.98067
2026-09-27 15:46:00,84436.23,84467.39,84436.22,84467.39,3.5191
2026-09-27 15:47:00,84467.38,84492.01,84467.38,84492.01,3.12672
2026-09-27 15:48:00,84492.01,84494.01,84492.0,84494.01,0.95286
2026-09-27 15:49:00,84494.01,84494.02,84494.0,84494.02,2.33704
2026-09-27 15:50:00,84494.02,84494.02,84494.01,84494.02,1.21265
2026-09-27 15:51:00,84494.02,84507.81,84478.57,84478.57,5.14795
2026-09-27 15:52:00,84478.57,84480.01,84460.23,84466.01,7.38248
2026-09-27 15:53:00,84466.01,84486.01,84450.58,84450.59,2.93684
2026-09-27 15:54:00,84450.58,84464.01,84430.0,84464.01,5.24476
2026-09-27 15:55:00,84464.0,84472.01,84450.01,84450.01,4.7008
2026-09-27 15:56:00,84450.02,84462.01,84446.07,84460.0,2.15816
2026-09-27 15:57:00,84460.0,84460.0,84438.0,84448.0,5.44076
2026-09-27 15:58:00,84448.0,84476.0,84448.0,84475.99,3.89165
2026-09-27 15:59:00,84475.99,84476.0,84456.22,84463.37,2.73784
2026-09-27 16:00:00,84463.38,84487.11,84463.37,84487.11,2.63568
2026-09-27 16:01:00,84487.1,84494.01,84486.0,84489.56,2.21884
2026-09-27 16:02:00,84489.56,84493.79,84473.57,84473.57,3.75349
2026-09-27 16:03:00,84473.57,84486.01,84470.86,84482.01,4.77677
2026-09-27 16:04:00,84482.0,84542.73,84482.0,84542.72,5.8191
2026-09-27 16:05:00,84542.73,84560.01,84542.73,84555.66,4.72948
2026-09-27 16:06:00,84555.65,84585.16,84554.0,84585.15,3.08035
2026-09-27 16:07:00,84585.15,84585.16,84574.0,84574.01,3.84834
2026-09-27 16:08:00,84574.0,84575.28,84564.01,84575.28,2.68693
2026-09-27 16:09:00,84575.28,84593.12,84571.41,84593.11,4.84699
2026-09-27 16:10:00,84593.12,84593.12,84555.65,84555.65,2.36487
2026-09-27 16:11:00,84555.66,84555.66,84542.56,84542.57,2.06966
2026-09-27 16:12:00,84542.56,84546.8,84542.56,84546.79,1.61888
2026-09-27 16:13:00,84546.8,84564.0,84546.79,84563.99,1.86316
2026-09-27 16:14:00,84563.99,84564.0,84563.99,84563.99,0.96713
2026-09-27 16:15:00,84563.99,84575.48,84563.99,84575.47,5.08529
2026-09-27 16:16:00,84575.48,84575.48,84542.57,84542.57,2.84208
2026-09-27 16:17:00,84542.57,84542.58,84506.63,84513.04,4.4964
2026-09-27 16:18:00,84513.05,84574.01,84513.04,84574.01,7.50809
2026-09-27 16:19:00,84574.0,84586.01,84574.0,84586.0,0.86514
2026-09-27 16:20:00,84586.01,84634.0,84586.0,84630.89,9.18907
2026-09-27 16:21:00,84630.9,84687.32,84630.89,84646.48,18.99185
2026-09-27 16:22:00,84646.49,84656.01,84618.0,84618.01,4.93268
2026-09-27 16:23:00,84618.01,84618.01,84574.0,84596.0,6.33018
2026-09-27 16:24:00,84596.0,84610.01,84584.37,84584.37,5.92465
2026-09-27 16:25:00,84584.38,84598.01,84572.0,84582.56,3.06621
2026-09-27 16:26:00,84582.57,84600.01,84582.56,84588.82,6.92009
2026-09-27 16:27:00,84588.83,84598.01,84578.13,84590.0,7.5845
2026-09-27 16:28:00,84590.01,84594.01,84582.29,84592.01,4.60669
2026-09-27 16:29:00,84592.01,84592.01,84578.0,84578.01,11.95797
2026-09-27 16:30:00,84578.0,84578.0,84500.0,84500.0,9.48938
2026-09-27 16:31:00,84500.01,84525.45,84488.0,84512.0,8.28136
2026-09-27 16:32:00,84512.0,84535.72,84496.0,84535.72,5.69768
2026-09-27 16:33:00,84535.71,84548.01,84515.91,84515.92,6.79703
2026-09-27 16:34:00,84515.91,84532.01,84515.91,84528.01,5.49742
2026-09-27 16:35:00,84528.0,84530.02,84450.0,84450.01,14.47008
2026-09-27 16:36:00,84450.01,84474.01,84450.0,84474.01,3.91161
2026-09-27 16:37:00,84474.0,84510.01,84473.57,84473.57,2.50001
2026-09-27 16:38:00,84473.58,84502.01,84458.07,84458.07,6.02338
2026-09-27 16:39:00,84458.08,84485.1,84458.0,84484.0,8.60806
2026-09-27 16:40:00,84484.0,84484.0,84458.12,84474.0,2.88396
2026-09-27 16:41:00,84474.01,84485.1,84467.09,84469.07,3.74787
2026-09-27 16:42:00,84469.08,84469.08,84450.02,84450.02,3.56597
2026-09-27 16:43:00,84450.02,84452.0,84380.0,84392.01,12.24113
2026-09-27 16:44:00,84392.0,84392.01,84392.0,84392.01,1.45428
2026-09-27 16:45:00,84392.01,84420.01,84392.0,84392.01,7.4171
2026-09-27 16:46:00,84392.0,84404.01,84392.0,84400.01,4.31571
2026-09-27 16:47:00,84400.0,84436.01,84400.0,84432.01,7.33933
2026-09-27 16:48:00,84432.0,84432.0,84422.76,84428.0,3.51776
2026-09-27 16:49:00,84428.0,84428.0,84410.52,84426.47,4.66287
2026-09-27 16:50:00,84426.46,84426.46,84408.74,84408.74,2.94237
2026-09-27 16:51:00,84408.75,84418.01,84406.01,84406.02,4.60964
2026-09-27 16:52:00,84406.01,84449.95,84406.01,84449.95,6.75977
2026-09-27 16:53:00,84449.95,84449.95,84441.12,84441.12,2.27638
2026-09-27 16:54:00,84441.13,84441.13,84408.0,84408.01,3.55104
2026-09-27 16:55:00,84408.01,84414.0,84406.01,84412.02,4.6258
2026-09-27 16:56:00,84412.01,84418.0,84411.06,84416.63,1.73325
2026-09-27 16:57:00,84416.64,84428.01,84416.63,84428.01,1.00224
2026-09-27 16:58:00,84428.0,84434.97,84428.0,84434.97,1.86529
2026-09-27 16:59:00,84434.96,84434.97,84420.0,84426.0,3.95448
2026-09-27 17:00:00,84426.0,84426.01,84422.34,84422.35,2.27511
2026-09-27 17:01:00,84422.35,84450.01,84420.0,84420.01,6.40282
2026-09-27 17:02:00,84420.0,84460.01,84420.0,84460.01,5.549
2026-09-27 17:03:00,84460.01,84473.58,84460.0,84473.58,1.09704
2026-09-27 17:04:00,84473.58,84473.58,84473.57,84473.58,1.74057
2026-09-27 17:05:00,84473.57,84473.58,84448.0,84450.01,8.08636
2026-09-27 17:06:00,84450.01,84462.73,84408.0,84408.01,8.49425
2026-09-27 17:07:00,84408.0,84408.01,84342.0,84408.0,16.14221
2026-09-27 17:08:00,84408.0,84418.01,84375.3,84400.01,8.44194
2026-09-27 17:09:00,84400.0,84400.01,84392.0,84392.01,2.68285
2026-09-27 17:10:00,84392.01,84422.01,84392.0,84394.01,5.22846
2026-09-27 17:11:00,84394.0,84408.01,84391.49,84392.01,4.87001
2026-09-27 17:12:00,84392.01,84392.01,84392.0,84392.01,5.13984
2026-09-27 17:13:00,84392.0,84402.01,84357.54,84378.0,25.15172
2026-09-27 17:14:00,84378.0,84390.01,84378.0,84390.0,1.27698
2026-09-27 17:15:00,84390.0,84431.61,84390.0,84431.61,4.94841
2026-09-27 17:16:00,84431.61,84440.01,84429.8,84429.8,4.75842
2026-09-27 17:17:00,84429.81,84441.63,84429.8,84441.63,3.00169
2026-09-27 17:18:00,84441.63,84448.01,84441.62,84448.0,1.92906
2026-09-27 17:19:00,84448.0,84448.01,84428.17,84440.0,8.02686
2026-09-27 17:20:00,84440.0,84456.01,84440.0,84445.34,3.69225
2026-09-27 17:21:00,84445.35,84451.28,84440.64,84440.64,3.88905
2026-09-27 17:22:00,84440.64,84440.65,84417.34,84432.52,14.11664
2026-09-27 17:23:00,84432.52,84446.33,84432.52,84446.32,1.79224
2026-09-27 17:24:00,84446.32,84457.82,84438.99,84457.82,5.25104
2026-09-27 17:25:00,84457.81,84457.82,84457.81,84457.82,4.11495
2026-09-27 17:26:00,84457.82,84457.82,84444.58,84445.95,1.58701
2026-09-27 17:27:00,84445.95,84445.95,84436.51,84444.58,2.1929
2026-09-27 17:28:00,84444.58,84444.59,84444.58,84444.59,0.45195
2026-09-27 17:29:00,84444.58,84444.58,84444.0,84444.0,0.79461
2026-09-27 17:30:00,84444.0,84444.01,84444.0,84444.0,0.63619
2026-09-27 17:31:00,84444.0,84486.01,84444.0,84486.0,4.73549
2026-09-27 17:32:00,84486.0,84490.03,84483.01,84483.02,5.06999
2026-09-27 17:33:00,84483.01,84483.02,84453.03,84475.95,12.97225
2026-09-27 17:34:00,84475.95,84492.01,84475.94,84492.01,2.14595
2026-09-27 17:35:00,84492.01,84503.58,84492.01,84503.57,3.46274
2026-09-27 17:36:00,84503.57,84520.01,84503.57,84508.0,13.90553
2026-09-27 17:37:00,84508.01,84508.01,84500.0,84500.01,1.16099
2026-09-27 17:38:00,84500.01,84500.01,84473.57,84482.01,7.48106
2026-09-27 17:39:00,84482.0,84497.18,84482.0,84491.89,5.97569
2026-09-27 17:40:00,84491.89,84491.89,84472.0,84472.0,2.10223
2026-09-27 17:41:00,84472.01,84472.01,84472.0,84472.0,0.82374
2026-09-27 17:42:00,84472.01,84472.01,84472.0,84472.0,0.64394
2026-09-27 17:43:00,84472.0,84476.79,84472.0,84476.78,1.93139
2026-09-27 17:44:00,84476.79,84476.79,84476.78,84476.79,0.69652
2026-09-27 17:45:00,84476.78,84512.01,84476.78,84512.0,3.22774
2026-09-27 17:46:00,84512.01,84512.01,84512.0,84512.01,0.69382
2026-09-27 17:47:00,84512.0,84514.01,84512.0,84514.0,2.04358
2026-09-27 17:48:00,84514.01,84534.0,84514.0,84534.0,1.09359
2026-09-27 17:49:00,84533.99,84565.04,84533.99,84565.04,2.80509
2026-09-27 17:50:00,84565.04,84565.04,84554.0,84554.0,2.98134
2026-09-27 17:51:00,84554.0,84554.01,84554.0,84554.01,1.96893
2026-09-27 17:52:00,84554.0,84554.01,84554.0,84554.01,0.56629
2026-09-27 17:53:00,84554.01,84554.01,84554.0,84554.0,0.31312
2026-09-27 17:54:00,84554.01,84554.01,84554.0,84554.0,0.40164
2026-09-27 17:55:00,84554.01,84566.01,84554.0,84566.0,2.33692
2026-09-27 17:56:00,84566.01,84566.02,84566.0,84566.01,0.92549
2026-09-27 17:57:00,84566.01,84566.02,84566.01,84566.02,0.25927
2026-09-27 17:58:00,84566.02,84574.01,84566.01,84574.01,1.34441
2026-09-27 17:59:00,84574.0,84574.01,84574.0,84574.0,0.19011
2026-09-27 18:00:00,84574.0,84574.0,84570.44,84570.44,6.72172
2026-09-27 18:01:00,84570.44,84570.45,84570.44,84570.45,2.43884
2026-09-27 18:02:00,84570.44,84570.45,84570.44,84570.45,0.15388
2026-09-27 18:03:00,84570.44,84570.45,84565.93,84565.94,0.94777
2026-09-27 18:04:00,84565.93,84565.94,84565.93,84565.93,3.57806
2026-09-27 18:05:00,84565.94,84591.96,84565.93,84582.01,3.9309
2026-09-27 18:06:00,84582.01,84591.76,84579.93,84579.93,3.61816
2026-09-27 18:07:00,84579.94,84579.94,84574.94,84574.94,0.80068
2026-09-27 18:08:00,84574.95,84574.95,84574.94,84574.95,0.97111
2026-09-27 18:09:00,84574.94,84574.95,84574.94,84574.95,1.5019
2026-09-27 18:10:00,84574.94,84574.94,84565.9,84571.0,8.86435
2026-09-27 18:11:00,84571.0,84600.0,84570.99,84600.0,2.77915
2026-09-27 18:12:00,84599.99,84600.0,84592.28,84592.29,1.03956
2026-09-27 18:13:00,84592.28,84604.44,84592.28,84604.44,4.76327
2026-09-27 18:14:00,84604.44,84604.45,84604.43,84604.44,1.06286
2026-09-27 18:15:00,84604.45,84625.67,84604.44,84615.09,2.8142
2026-09-27 18:16:00,84615.1,84627.66,84615.09,84627.66,1.60129
2026-09-27 18:17:00,84627.66,84630.0,84627.65,84630.0,1.30758
2026-09-27 18:18:00,84629.99,84652.01,84629.99,84632.12,6.55087
2026-09-27 18:19:00,84632.11,84638.01,84632.11,84638.0,2.58941
2026-09-27 18:20:00,84638.01,84656.01,84637.73,84656.01,2.72272
2026-09-27 18:21:00,84656.01,84681.54,84656.01,84681.53,2.93524
2026-09-27 18:22:00,84681.53,84700.0,84670.0,84692.01,4.54296
2026-09-27 18:23:00,84692.01,84730.01,84682.0,84688.01,13.77628
2026-09-27 18:24:00,84688.0,84688.01,84680.06,84683.0,3.14013
2026-09-27 18:25:00,84682.99,84683.0,84682.99,84682.99,0.22765
2026-09-27 18:26:00,84682.99,84688.01,84682.99,84688.01,0.92406
2026-09-27 18:27:00,84688.0,84711.33,84688.0,84711.32,6.1142
2026-09-27 18:28:00,84711.32,84732.01,84711.32,84732.01,2.25602
2026-09-27 18:29:00,84732.0,84740.01,84732.0,84740.01,1.47311
2026-09-27 18:30:00,84740.01,84740.01,84690.0,84690.0,7.95667
2026-09-27 18:31:00,84690.01,84708.01,84672.0,84696.01,8.22519
2026-09-27 18:32:00,84696.0,84729.72,84684.0,84721.63,6.17426
2026-09-27 18:33:00,84721.62,84730.01,84721.62,84730.01,2.09377
2026-09-27 18:34:00,84730.01,84730.01,84721.62,84721.62,2.03321
2026-09-27 18:35:00,84721.63,84721.63,84720.36,84720.37,1.78443
2026-09-27 18:36:00,84720.37,84730.01,84720.36,84730.01,2.44897
2026-09-27 18:37:00,84730.01,84740.0,84730.01,84740.0,1.57806
2026-09-27 18:38:00,84739.99,84742.01,84736.0,84736.0,2.97704
2026-09-27 18:39:00,84736.0,84736.01,84736.0,84736.01,3.52876
2026-09-27 18:40:00,84736.01,84736.01,84731.93,84735.99,1.85209
2026-09-27 18:41:00,84736.0,84736.0,84735.99,84735.99,0.90339
2026-09-27 18:42:00,84735.99,84747.77,84735.99,84747.76,10.12463
2026-09-27 18:43:00,84747.77,84771.67,84747.76,84771.66,32.8461
2026-09-27 18:44:00,84771.66,84771.67,84758.0,84758.01,3.84745
2026-09-27 18:45:00,84758.0,84761.21,84748.06,84748.07,4.11953
2026-09-27 18:46:00,84748.07,84766.01,84748.06,84766.01,5.11488
2026-09-27 18:47:00,84766.0,84780.2,84757.79,84757.79,8.2086
2026-09-27 18:48:00,84757.8,84768.0,84757.79,84767.66,1.96505
2026-09-27 18:49:00,84767.66,84767.66,84757.82,84757.82,4.40017
2026-09-27 18:50:00,84757.82,84758.01,84757.82,84758.01,2.00423
2026-09-27 18:51:00,84758.01,84758.01,84706.0,84733.6,9.33018
2026-09-27 18:52:00,84733.6,84738.04,84733.59,84738.04,0.85774
2026-09-27 18:53:00,84738.04,84744.9,84738.03,84744.89,3.1904
2026-09-27 18:54:00,84744.9,84748.0,84744.89,84748.0,1.36592
2026-09-27 18:55:00,84748.0,84748.0,84742.0,84742.0,0.66003
2026-09-27 18:56:00,84742.01,84762.0,84734.0,84761.28,2.01385
2026-09-27 18:57:00,84761.29,84779.42,84761.28,84779.42,12.55312
2026-09-27 18:58:00,84779.42,84820.74,84779.41,84808.0,4.51802
2026-09-27 18:59:00,84808.01,84818.87,84808.0,84818.87,1.11325
2026-09-27 19:00:00,84818.87,84843.0,84768.27,84768.27,8.01418
2026-09-27 19:01:00,84768.27,84785.07,84764.0,84764.0,4.37695
2026-09-27 19:02:00,84764.0,84764.01,84732.01,84732.01,4.46927
2026-09-27 19:03:00,84732.01,84740.01,84730.0,84740.0,3.62579
2026-09-27 19:04:00,84740.01,84740.01,84740.0,84740.0,1.41088
2026-09-27 19:05:00,84740.0,84740.01,84740.0,84740.01,0.4108
2026-09-27 19:06:00,84740.0,84765.39,84740.0,84765.38,2.89561
2026-09-27 19:07:00,84765.39,84765.39,84765.38,84765.38,0.26015
2026-09-27 19:08:00,84765.39,84765.39,84765.38,84765.38,0.33868
2026-09-27 19:09:00,84765.38,84784.01,84765.38,84784.01,2.31075
2026-09-27 19:10:00,84784.01,84789.84,84784.0,84789.83,4.1201
2026-09-27 19:11:00,84789.84,84789.84,84789.83,84789.84,0.4879
2026-09-27 19:12:00,84789.84,84803.99,84789.83,84803.98,2.26162
2026-09-27 19:13:00,84803.98,84803.99,84803.98,84803.98,0.36685
2026-09-27 19:14:00,84803.99,84808.67,84795.95,84795.96,4.6798
2026-09-27 19:15:00,84795.95,84814.0,84795.95,84813.99,3.78115
2026-09-27 19:16:00,84814.0,84821.96,84813.99,84821.96,2.22399
2026-09-27 19:17:00,84821.96,84824.01,84821.96,84824.01,2.60292
2026-09-27 19:18:00,84824.01,84839.34,84824.0,84837.87,3.56001
2026-09-27 19:19:00,84837.87,84837.88,84837.87,84837.87,2.05513
2026-09-27 19:20:00,84837.87,84837.88,84817.08,84817.08,2.30054
2026-09-27 19:21:00,84817.08,84817.09,84788.74,84788.74,3.94905
2026-09-27 19:22:00,84788.75,84788.75,84786.0,84786.0,0.41577
2026-09-27 19:23:00,84786.0,84786.01,84752.32,84761.68,3.29488
2026-09-27 19:24:00,84761.68,84774.76,84761.67,84774.75,2.65691
2026-09-27 19:25:00,84774.75,84774.76,84768.23,84768.24,3.54073
2026-09-27 19:26:00,84768.24,84768.24,84734.16,84734.17,5.8087
2026-09-27 19:27:00,84734.16,84734.16,84671.37,84698.0,22.44242
2026-09-27 19:28:00,84698.01,84698.01,84686.82,84686.82,1.89663
2026-09-27 19:29:00,84686.83,84702.01,84686.82,84702.01,3.64302
2026-09-27 19:30:00,84702.0,84705.7,84684.44,84684.44,10.42284
2026-09-27 19:31:00,84684.45,84684.45,84680.0,84681.97,10.16085
2026-09-27 19:32:00,84681.98,84689.08,84666.0,84666.01,3.96152
2026-09-27 19:33:00,84666.01,84679.81,84666.0,84679.81,2.64041
2026-09-27 19:34:00,84679.81,84695.41,84679.8,84695.4,1.7303
2026-09-27 19:35:00,84695.41,84695.41,84695.4,84695.4,0.48664
2026-09-27 19:36:00,84695.4,84698.59,84695.4,84698.58,1.26442
2026-09-27 19:37:00,84698.58,84756.01,84698.58,84756.01,11.82844
2026-09-27 19:38:00,84756.0,84772.01,84756.0,84772.01,1.77189
2026-09-27 19:39:00,84772.01,84772.01,84760.39,84760.39,1.39141
2026-09-27 19:40:00,84760.4,84764.02,84760.4,84760.4,2.50184
2026-09-27 19:41:00,84760.4,84796.0,84760.4,84796.0,2.42476
2026-09-27 19:42:00,84796.01,84796.01,84771.4,84771.4,7.12181
2026-09-27 19:43:00,84771.41,84771.41,84771.4,84771.41,1.23581
2026-09-27 19:44:00,84771.4,84771.41,84771.4,84771.4,2.95343
2026-09-27 19:45:00,84771.41,84799.99,84771.4,84795.12,4.19124
2026-09-27 19:46:00,84795.13,84808.0,84795.12,84808.0,2.71036
2026-09-27 19:47:00,84808.0,84818.01,84808.0,84808.3,1.27953
2026-09-27 19:48:00,84808.3,84808.3,84794.1,84794.1,5.05561
2026-09-27 19:49:00,84794.11,84795.87,84787.64,84795.87,2.95616
2026-09-27 19:50:00,84795.87,84795.87,84795.86,84795.87,1.11573
2026-09-27 19:51:00,84795.86,84795.87,84781.0,84781.0,1.42117
2026-09-27 19:52:00,84781.01,84781.01,84775.57,84775.58,0.59177
2026-09-27 19:53:00,84775.57,84775.58,84742.0,84742.1,3.55945
2026-09-27 19:54:00,84742.1,84742.11,84742.1,84742.11,0.52527
2026-09-27 19:55:00,84742.1,84742.11,84742.1,84742.1,0.29085
2026-09-27 19:56:00,84742.1,84743.38,84742.1,84743.37,2.35326
2026-09-27 19:57:00,84743.38,84743.38,84743.37,84743.38,7.03611
2026-09-27 19:58:00,84743.38,84743.38,84736.01,84736.01,9.01728
2026-09-27 19:59:00,84736.02,84736.02,84736.01,84736.01,0.74722
2026-09-27 20:00:00,84736.02,84750.01,84736.01,84750.01,1.84457
2026-09-27 20:01:00,84750.01,84750.01,84750.0,84750.01,0.24187
2026-09-27 20:02:00,84750.0,84750.01,84750.0,84750.01,0.64065
2026-09-27 20:03:00,84750.01,84765.88,84750.0,84765.87,0.96046
2026-09-27 20:04:00,84765.87,84769.72,84765.87,84769.71,0.86668
2026-09-27 20:05:00,84769.71,84769.72,84740.81,84740.81,3.50306
2026-09-27 20:06:00,84740.82,84740.82,84740.81,84740.82,1.1399
2026-09-27 20:07:00,84740.82,84740.82,84740.81,84740.82,0.39167
2026-09-27 20:08:00,84740.82,84764.74,84740.81,84764.74,5.50658
2026-09-27 20:09:00,84764.74,84772.0,84764.73,84772.0,3.76414
2026-09-27 20:10:00,84771.99,84782.04,84771.99,84782.03,3.57157
2026-09-27 20:11:00,84782.04,84800.0,84782.03,84799.99,1.83237
2026-09-27 20:12:00,84799.99,84800.0,84799.99,84799.99,1.19126
2026-09-27 20:13:00,84800.0,84800.0,84799.99,84799.99,0.39413
2026-09-27 20:14:00,84800.0,84813.0,84800.0,84812.99,1.92485
2026-09-27 20:15:00,84813.0,84813.0,84812.99,84812.99,0.42055
2026-09-27 20:16:00,84812.99,84813.0,84796.0,84796.01,5.7461
2026-09-27 20:17:00,84796.0,84796.01,84796.0,84796.01,0.38687
2026-09-27 20:18:00,84796.0,84796.01,84774.56,84778.99,6.5162
2026-09-27 20:19:00,84778.99,84779.0,84778.98,84779.0,4.35526
2026-09-27 20:20:00,84778.99,84779.0,84726.0,84726.0,11.72725
2026-09-27 20:21:00,84726.0,84726.01,84680.0,84680.0,4.64557
2026-09-27 20:22:00,84680.0,84680.01,84672.07,84672.07,2.32997
2026-09-27 20:23:00,84672.08,84672.08,84630.0,84636.0,7.74341
2026-09-27 20:24:00,84636.0,84644.01,84636.0,84644.0,1.19486
2026-09-27 20:25:00,84644.01,84644.01,84630.0,84634.73,2.92427
2026-09-27 20:26:00,84634.73,84634.74,84624.0,84624.0,2.20683
2026-09-27 20:27:00,84624.0,84626.0,84624.0,84626.0,5.44543
2026-09-27 20:28:00,84626.0,84626.0,84615.09,84621.75,5.04565
2026-09-27 20:29:00,84621.74,84621.75,84621.74,84621.75,0.87367
2026-09-27 20:30:00,84621.74,84638.88,84621.74,84638.88,1.07829
2026-09-27 20:31:00,84638.87,84643.87,84638.87,84640.0,1.94664
2026-09-27 20:32:00,84640.0,84640.01,84584.0,84584.0,6.79808
2026-09-27 20:33:00,84584.01,84603.6,84584.0,84603.6,3.47464
2026-09-27 20:34:00,84603.6,84613.91,84602.23,84602.23,2.89494
2026-09-27 20:35:00,84602.23,84602.23,84583.18,84588.01,5.63793
2026-09-27 20:36:00,84588.0,84612.01,84588.0,84612.0,2.65492
2026-09-27 20:37:00,84612.01,84612.01,84591.1,84591.1,4.09367
2026-09-27 20:38:00,84591.11,84602.23,84591.1,84602.22,0.75218
2026-09-27 20:39:00,84602.22,84612.5,84591.1,84591.1,11.66689
2026-09-27 20:40:00,84591.11,84591.11,84591.1,84591.1,0.33502
2026-09-27 20:41:00,84591.11,84595.61,84591.1,84595.6,0.42201
2026-09-27 20:42:00,84595.61,84604.0,84595.61,84604.0,1.42107
2026-09-27 20:43:00,84604.0,84634.6,84603.99,84634.59,2.0178
2026-09-27 20:44:00,84634.6,84639.98,84634.59,84639.98,7.88127
2026-09-27 20:45:00,84639.98,84640.04,84639.97,84640.04,1.71048
2026-09-27 20:46:00,84640.03,84640.04,84625.28,84626.01,4.71197
2026-09-27 20:47:00,84626.01,84626.02,84554.0,84554.0,19.71673
2026-09-27 20:48:00,84554.01,84576.01,84554.0,84576.0,17.41428
2026-09-27 20:49:00,84576.01,84600.0,84564.65,84564.65,5.45888
2026-09-27 20:50:00,84564.66,84582.42,84564.65,84582.42,4.27777
2026-09-27 20:51:00,84582.42,84588.02,84582.41,84588.01,4.44984
2026-09-27 20:52:00,84588.0,84588.01,84570.0,84574.0,1.52351
2026-09-27 20:53:00,84574.01,84574.01,84574.0,84574.0,0.37261
2026-09-27 20:54:00,84574.01,84574.01,84548.0,84550.34,7.65075
2026-09-27 20:55:00,84550.34,84550.34,84550.33,84550.33,1.95591
2026-09-27 20:56:00,84550.34,84566.0,84549.37,84566.0,3.544
2026-09-27 20:57:00,84566.0,84566.0,84554.08,84557.95,5.26624
2026-09-27 20:58:00,84557.94,84557.95,84552.0,84552.0,0.89919
2026-09-27 20:59:00,84552.01,84552.01,84552.0,84552.0,0.39371
2026-09-27 21:00:00,84552.01,84566.01,84552.0,84566.0,2.934
2026-09-27 21:01:00,84566.01,84582.0,84566.0,84582.0,1.04651
2026-09-27 21:02:00,84582.0,84582.0,84572.01,84572.02,5.89171
2026-09-27 21:03:00,84572.02,84637.72,84572.01,84637.72,6.28216
2026-09-27 21:04:00,84637.71,84637.72,84622.2,84622.2,1.58818
2026-09-27 21:05:00,84622.21,84622.21,84600.01,84600.02,2.36678
2026-09-27 21:06:00,84600.01,84612.01,84600.01,84612.01,2.52914
2026-09-27 21:07:00,84612.01,84622.21,84612.0,84622.2,1.31748
2026-09-27 21:08:00,84622.2,84622.21,84622.2,84622.21,0.25227
2026-09-27 21:09:00,84622.2,84622.21,84622.2,84622.2,2.43394
2026-09-27 21:10:00,84622.21,84622.21,84622.2,84622.21,1.611
2026-09-27 21:11:00,84622.2,84629.75,84622.2,84629.74,3.58107
2026-09-27 21:12:00,84629.75,84629.75,84629.74,84629.74,0.82013
2026-09-27 21:13:00,84629.75,84682.0,84629.75,84682.0,7.90783
2026-09-27 21:14:00,84682.0,84682.01,84681.99,84682.01,0.48253
2026-09-27 21:15:00,84682.01,84719.82,84682.0,84715.2,3.57976
2026-09-27 21:16:00,84715.2,84719.82,84678.23,84678.24,8.02871
2026-09-27 21:17:00,84678.23,84678.24,84678.23,84678.24,1.66521
2026-09-27 21:18:00,84678.23,84686.01,84668.06,84686.01,2.12836
2026-09-27 21:19:00,84686.01,84692.01,84686.0,84686.0,1.59103
2026-09-27 21:20:00,84686.0,84686.01,84678.23,84678.23,0.69706
2026-09-27 21:21:00,84678.23,84678.24,84676.0,84676.0,2.46446
2026-09-27 21:22:00,84676.01,84676.01,84663.89,84663.89,2.86201
2026-09-27 21:23:00,84663.89,84663.9,84663.89,84663.89,0.84559
2026-09-27 21:24:00,84663.9,84679.97,84663.9,84679.96,1.3356
2026-09-27 21:25:00,84679.97,84690.01,84679.97,84680.76,6.19385
2026-09-27 21:26:00,84680.75,84680.76,84664.32,84664.32,4.28336
2026-09-27 21:27:00,84664.32,84664.33,84634.0,84634.01,2.63458
2026-09-27 21:28:00,84634.0,84634.01,84622.0,84622.0,2.66413
2026-09-27 21:29:00,84622.0,84622.01,84607.51,84607.51,1.71587
2026-09-27 21:30:00,84607.52,84607.52,84603.44,84603.44,1.5692
2026-09-27 21:31:00,84603.44,84622.01,84603.44,84622.01,3.05909
2026-09-27 21:32:00,84622.01,84622.01,84608.86,84608.86,2.41422
2026-09-27 21:33:00,84608.86,84608.87,84607.88,84607.89,1.59057
2026-09-27 21:34:00,84607.88,84607.89,84589.14,84607.55,9.8404
2026-09-27 21:35:00,84607.54,84607.89,84582.04,84582.04,3.42008
2026-09-27 21:36:00,84582.04,84582.05,84515.53,84515.54,4.54753
2026-09-27 21:37:00,84515.53,84515.54,84458.0,84470.0,11.52574
2026-09-27 21:38:00,84470.01,84514.01,84470.0,84514.0,4.88474
2026-09-27 21:39:00,84514.01,84530.67,84514.0,84523.23,1.57311
2026-09-27 21:40:00,84523.24,84524.01,84514.0,84520.01,2.70584
2026-09-27 21:41:00,84520.01,84524.01,84520.0,84520.0,1.506
2026-09-27 21:42:00,84520.01,84549.75,84510.0,84544.0,37.81639
2026-09-27 21:43:00,84544.01,84548.01,84539.49,84547.83,15.56621
2026-09-27 21:44:00,84547.84,84552.01,84542.47,84548.72,1.36233
2026-09-27 21:45:00,84548.72,84590.36,84548.71,84590.02,10.78807
2026-09-27 21:46:00,84590.02,84627.52,84590.02,84627.52,7.13867
2026-09-27 21:47:00,84627.51,84650.01,84627.51,84650.0,1.58961
2026-09-27 21:48:00,84650.01,84676.0,84650.01,84675.66,8.07358
2026-09-27 21:49:00,84675.67,84675.67,84671.82,84671.83,2.94684
2026-09-27 21:50:00,84671.83,84671.83,84670.0,84670.01,2.01917
2026-09-27 21:51:00,84670.0,84688.01,84670.0,84688.0,2.09949
2026-09-27 21:52:00,84688.01,84694.93,84688.0,84694.93,2.20819
2026-09-27 21:53:00,84694.92,84694.93,84694.92,84694.92,0.41387
2026-09-27 21:54:00,84694.92,84694.93,84688.03,84688.04,2.48047
2026-09-27 21:55:00,84688.04,84700.01,84688.03,84689.55,2.64334
2026-09-27 21:56:00,84689.54,84689.55,84668.0,84672.36,3.27179
2026-09-27 21:57:00,84672.36,84684.01,84672.36,84684.01,3.65258
2026-09-27 21:58:00,84684.01,84684.01,84684.0,84684.0,0.64908
2026-09-27 21:59:00,84684.01,84688.5,84674.02,84688.07,11.39845
2026-09-27 22:00:00,84688.07,84756.01,84643.0,84656.0,12.86686
2026-09-27 22:01:00,84656.01,84658.01,84526.0,84544.0,12.41805
2026-09-27 22:02:00,84544.01,84544.01,84416.0,84456.0,21.01606
2026-09-27 22:03:00,84456.0,84472.01,84400.0,84441.09,12.21818
2026-09-27 22:04:00,84441.37,84462.01,84425.36,84460.31,6.00623
2026-09-27 22:05:00,84460.3,84494.01,84446.0,84482.28,6.39868
2026-09-27 22:06:00,84482.29,84537.71,84482.28,84488.01,10.95786
2026-09-27 22:07:00,84488.01,84488.01,84392.0,84452.01,8.90774
2026-09-27 22:08:00,84452.0,84452.0,84370.21,84390.0,9.13076
2026-09-27 22:09:00,84390.0,84404.01,84362.0,84404.01,5.15005
2026-09-27 22:10:00,84404.01,84414.01,84394.0,84414.01,4.07327
2026-09-27 22:11:00,84414.01,84447.82,84414.01,84416.01,4.49683
2026-09-27 22:12:00,84416.0,84416.01,84384.87,84401.38,8.94416
2026-09-27 22:13:00,84401.39,84401.39,84342.63,84342.63,5.3134
2026-09-27 22:14:00,84342.63,84342.64,84277.72,84329.32,24.48583
2026-09-27 22:15:00,84329.32,84329.32,84272.79,84291.93,18.53701
2026-09-27 22:16:00,84291.93,84315.41,84286.0,84315.41,3.7553
2026-09-27 22:17:00,84315.4,84390.0,84315.4,84389.99,3.97955
2026-09-27 22:18:00,84389.99,84412.01,84376.85,84412.0,6.65227
2026-09-27 22:19:00,84412.01,84454.01,84406.0,84454.01,5.4949
2026-09-27 22:20:00,84454.0,84473.58,84402.35,84402.35,8.28039
2026-09-27 22:21:00,84402.36,84448.01,84402.35,84440.66,5.40564
2026-09-27 22:22:00,84440.65,84473.57,84440.65,84473.57,2.77516
2026-09-27 22:23:00,84473.57,84504.01,84473.57,84504.01,3.87725
2026-09-27 22:24:00,84504.01,84518.01,84504.0,84518.01,0.82436
2026-09-27 22:25:00,84518.01,84536.01,84512.0,84526.01,6.32109
2026-09-27 22:26:00,84526.01,84532.0,84512.0,84512.01,2.66293
2026-09-27 22:27:00,84512.01,84555.66,84512.0,84555.66,3.01835
2026-09-27 22:28:00,84555.66,84566.01,84555.65,84566.01,1.19355
2026-09-27 22:29:00,84566.01,84566.01,84555.65,84555.65,3.54945
2026-09-27 22:30:00,84555.65,84555.65,84444.93,84444.93,5.52887
2026-09-27 22:31:00,84444.94,84456.01,84423.41,84434.0,5.07512
2026-09-27 22:32:00,84434.0,84434.0,84402.27,84402.28,3.76301
2026-09-27 22:33:00,84402.28,84404.01,84346.0,84346.01,3.15217
2026-09-27 22:34:00,84346.0,84347.17,84276.0,84276.01,7.72613
2026-09-27 22:35:00,84276.01,84303.53,84197.74,84261.17,47.8504
2026-09-27 22:36:00,84261.18,84264.01,84212.01,84212.01,22.1736
2026-09-27 22:37:00,84212.0,84221.37,84178.65,84208.01,8.07532
2026-09-27 22:38:00,84208.01,84244.01,84208.01,84218.0,4.26721
2026-09-27 22:39:00,84218.01,84246.01,84218.0,84220.01,7.30683
2026-09-27 22:40:00,84220.01,84239.13,84212.0,84239.12,6.24362
2026-09-27 22:41:00,84239.12,84239.13,84200.0,84200.0,4.56063
2026-09-27 22:42:00,84200.0,84205.88,84198.0,84198.99,4.37986
2026-09-27 22:43:00,84198.99,84208.01,84198.0,84198.0,4.07341
2026-09-27 22:44:00,84198.0,84202.01,84184.35,84184.36,6.58954
2026-09-27 22:45:00,84184.35,84184.35,84150.0,84150.0,8.37055
2026-09-27 22:46:00,84150.0,84150.01,84145.26,84150.0,1.45229
2026-09-27 22:47:00,84150.0,84191.38,84135.78,84191.38,7.24712
2026-09-27 22:48:00,84191.38,84192.01,84163.15,84163.15,4.59396
2026-09-27 22:49:00,84163.16,84180.01,84163.15,84172.01,3.08558
2026-09-27 22:50:00,84172.0,84207.91,84172.0,84207.86,6.49702
2026-09-27 22:51:00,84207.86,84214.01,84202.0,84207.96,4.96834
2026-09-27 22:52:00,84207.96,84235.26,84207.96,84228.0,5.29823
2026-09-27 22:53:00,84228.01,84234.0,84221.45,84234.0,3.45699
2026-09-27 22:54:00,84234.0,84234.0,84217.14,84217.15,2.13281
2026-09-27 22:55:00,84217.15,84235.33,84217.15,84235.32,3.10187
2026-09-27 22:56:00,84235.32,84235.33,84222.0,84226.53,1.54498
2026-09-27 22:57:00,84226.52,84242.01,84224.0,84225.35,3.5176
2026-09-27 22:58:00,84225.36,84225.36,84224.01,84225.36,0.83851
2026-09-27 22:59:00,84225.35,84225.36,84187.9,84195.27,6.56783
2026-09-27 23:00:00,84195.27,84256.01,84164.0,84256.01,9.49532
2026-09-27 23:01:00,84256.01,84270.01,84239.21,84262.64,5.77015
2026-09-27 23:02:00,84262.65,84292.01,84262.64,84267.35,6.05719
2026-09-27 23:03:00,84267.35,84275.96,84233.29,84248.0,5.25022
2026-09-27 23:04:00,84248.0,84278.01,84248.0,84276.0,2.76156
2026-09-27 23:05:00,84276.01,84278.0,84238.0,84238.0,3.46934
2026-09-27 23:06:00,84238.0,84238.01,84190.0,84190.0,6.24951
2026-09-27 23:07:00,84190.01,84194.88,84186.0,84186.0,3.52344
2026-09-27 23:08:00,84186.0,84190.0,84166.0,84166.0,3.10719
2026-09-27 23:09:00,84166.01,84166.01,84146.0,84146.0,3.1376
2026-09-27 23:10:00,84146.0,84174.52,84132.0,84174.51,5.62189
2026-09-27 23:11:00,84174.52,84198.01,84172.0,84190.01,2.57239
2026-09-27 23:12:00,84190.01,84194.01,84186.0,84190.01,2.52444
2026-09-27 23:13:00,84190.01,84302.68,84190.01,84302.41,30.99653
2026-09-27 23:14:00,84302.42,84302.42,84224.0,84224.0,5.76542
2026-09-27 23:15:00,84224.0,84240.01,84206.04,84206.05,6.76598
2026-09-27 23:16:00,84206.05,84274.01,84206.0,84274.0,9.19677
2026-09-27 23:17:00,84274.0,84304.0,84248.0,84254.0,12.1295
2026-09-27 23:18:00,84254.0,84278.01,84246.0,84262.01,7.19867
2026-09-27 23:19:00,84262.01,84304.02,84262.0,84304.01,9.74469
2026-09-27 23:20:00,84304.02,84345.49,84304.01,84332.0,7.22408
2026-09-27 23:21:00,84332.01,84332.01,84320.0,84332.0,3.90576
2026-09-27 23:22:00,84332.01,84342.47,84324.0,84334.01,5.64478
2026-09-27 23:23:00,84334.0,84360.01,84334.0,84338.0,3.69071
2026-09-27 23:24:00,84338.01,84347.45,84326.0,84346.09,4.5602
2026-09-27 23:25:00,84346.09,84376.0,84340.0,84375.99,6.39578
2026-09-27 23:26:00,84375.99,84400.0,84375.99,84400.0,3.42924
2026-09-27 23:27:00,84399.99,84441.87,84391.49,84441.87,21.84818
2026-09-27 23:28:00,84441.87,84448.01,84402.0,84402.0,8.50694
2026-09-27 23:29:00,84402.01,84418.01,84402.0,84408.0,2.73696
2026-09-27 23:30:00,84408.0,84454.01,84402.0,84454.0,10.96459
2026-09-27 23:31:00,84454.01,84454.01,84446.0,84446.01,3.33981
2026-09-27 23:32:00,84446.0,84470.0,84440.32,84440.33,6.85111
2026-09-27 23:33:00,84440.33,84444.01,84416.33,84432.01,4.93383
2026-09-27 23:34:00,84432.0,84436.0,84410.54,84436.0,3.52619
2026-09-27 23:35:00,84436.0,84450.01,84388.0,84408.01,6.28996
2026-09-27 23:36:00,84408.0,84408.01,84391.49,84391.5,3.50526
2026-09-27 23:37:00,84391.5,84416.01,84391.49,84412.0,4.5472
2026-09-27 23:38:00,84412.0,84418.01,84406.0,84406.01,1.94762
2026-09-27 23:39:00,84406.01,84416.01,84406.0,84416.01,1.84117
2026-09-27 23:40:00,84416.01,84416.01,84404.81,84404.82,1.50373
2026-09-27 23:41:00,84404.81,84404.81,84368.0,84370.71,2.56113
2026-09-27 23:42:00,84370.7,84376.01,84350.0,84374.0,5.81019
2026-09-27 23:43:00,84374.01,84374.01,84355.46,84355.47,0.85322
2026-09-27 23:44:00,84355.47,84355.47,84340.62,84340.63,4.93986
2026-09-27 23:45:00,84340.63,84356.01,84340.62,84345.44,4.45098
2026-09-27 23:46:00,84345.44,84386.02,84345.44,84386.01,3.35932
2026-09-27 23:47:00,84386.02,84410.52,84355.56,84410.52,8.93699
2026-09-27 23:48:00,84410.52,84442.01,84410.52,84442.01,3.89119
2026-09-27 23:49:00,84442.01,84460.01,84442.01,84454.01,5.01351
2026-09-27 23:50:00,84454.0,84486.01,84454.0,84473.58,8.60574
2026-09-27 23:51:00,84473.57,84479.43,84462.0,84479.43,4.17835
2026-09-27 23:52:00,84479.44,84500.0,84479.43,84498.32,15.48208
2026-09-27 23:53:00,84498.32,84498.33,84487.64,84498.33,3.54148
2026-09-27 23:54:00,84498.33,84498.33,84484.0,84495.93,3.2305
2026-09-27 23:55:00,84495.93,84495.94,84494.68,84494.69,3.15349
2026-09-27 23:56:00,84494.69,84522.01,84494.69,84520.01,41.6519
2026-09-27 23:57:00,84520.0,84532.01,84520.0,84532.0,1.27891
2026-09-27 23:58:00,84532.01,84532.01,84466.85,84466.86,10.0074
2026-09-27 23:59:00,84466.86,84472.01,84458.8,84472.0,2.95157
2026-09-28 00:00:00,84472.01,84476.01,84442.0,84473.52,6.87907
2026-09-28 00:01:00,84473.52,84533.0,84473.51,84533.0,5.26754
2026-09-28 00:02:00,84533.0,84558.01,84532.52,84543.36,6.639
2026-09-28 00:03:00,84543.36,84566.0,84538.0,84566.0,4.98307
2026-09-28 00:04:00,84566.0,84567.0,84550.0,84551.23,3.97483
2026-09-28 00:05:00,84551.23,84551.23,84518.0,84522.01,9.93597
2026-09-28 00:06:00,84522.01,84546.01,84522.01,84542.02,3.26018
2026-09-28 00:07:00,84542.02,84542.02,84470.01,84470.82,7.35938
2026-09-28 00:08:00,84470.82,84470.82,84425.22,84425.22,4.79701
2026-09-28 00:09:00,84425.23,84427.93,84382.01,84392.0,5.14261
2026-09-28 00:10:00,84392.01,84412.45,84378.0,84378.01,3.61239
2026-09-28 00:11:00,84378.0,84408.01,84378.0,84378.24,4.14547
2026-09-28 00:12:00,84378.23,84390.0,84378.22,84390.0,2.01771
2026-09-28 00:13:00,84390.01,84401.81,84390.0,84392.0,2.167
2026-09-28 00:14:00,84392.01,84430.01,84392.0,84430.01,4.08785
2026-09-28 00:15:00,84430.01,84445.71,84422.0,84440.01,2.07802
2026-09-28 00:16:00,84440.01,84505.08,84440.01,84505.07,5.08648
2026-09-28 00:17:00,84505.08,84517.09,84496.0,84508.01,5.19172
2026-09-28 00:18:00,84508.0,84556.01,84508.0,84556.01,2.95207
2026-09-28 00:19:00,84556.01,84700.0,84556.0,84700.0,23.11217
2026-09-28 00:20:00,84700.0,84814.66,84699.99,84810.1,17.24311
2026-09-28 00:21:00,84810.1,84999.0,84810.1,84986.83,88.06266
2026-09-28 00:22:00,84986.82,84998.99,84896.58,84900.41,18.47645
2026-09-28 00:23:00,84900.41,84951.64,84899.99,84938.35,28.60322
2026-09-28 00:24:00,84938.35,84938.35,84852.39,84852.39,11.7005
2026-09-28 00:25:00,84852.39,84877.05,84801.89,84877.04,13.77505
2026-09-28 00:26:00,84877.05,84916.24,84853.64,84853.66,7.9469
2026-09-28 00:27:00,84853.65,84855.02,84770.0,84770.01,12.95191
2026-09-28 00:28:00,84770.0,84770.0,84693.43,84762.02,9.10295
2026-09-28 00:29:00,84762.03,84810.37,84762.03,84792.47,12.8589
2026-09-28 00:30:00,84792.48,84792.48,84734.0,84753.91,15.63107
2026-09-28 00:31:00,84753.91,84753.91,84567.0,84602.0,64.53318
2026-09-28 00:32:00,84602.0,84602.0,84400.33,84446.48,48.37461
2026-09-28 00:33:00,84446.48,84464.01,84342.0,84342.72,32.00156
2026-09-28 00:34:00,84343.35,84415.41,84308.0,84370.01,15.19128
2026-09-28 00:35:00,84370.01,84372.01,84227.34,84252.0,21.38809
2026-09-28 00:36:00,84252.01,84302.01,84228.0,84228.01,15.56441
2026-09-28 00:37:00,84228.01,84286.01,84221.0,84264.5,8.80805
2026-09-28 00:38:00,84264.49,84332.01,84264.49,84314.91,10.84171
2026-09-28 00:39:00,84314.91,84314.91,84227.34,84227.34,8.42327
2026-09-28 00:40:00,84227.34,84230.0,84208.0,84230.0,19.67085
2026-09-28 00:41:00,84229.99,84252.01,84216.71,84252.01,9.03558
2026-09-28 00:42:00,84252.01,84278.01,84244.0,84260.0,4.13529
2026-09-28 00:43:00,84260.01,84294.01,84247.71,84261.61,7.77085
2026-09-28 00:44:00,84261.61,84309.43,84261.6,84300.01,5.11268
2026-09-28 00:45:00,84300.01,84380.01,84300.01,84368.0,11.58302
2026-09-28 00:46:00,84368.01,84430.01,84368.01,84418.01,8.25345
2026-09-28 00:47:00,84418.01,84473.57,84414.0,84473.57,6.45332
2026-09-28 00:48:00,84473.57,84502.01,84470.0,84502.01,5.45767
2026-09-28 00:49:00,84502.01,84534.01,84498.01,84504.0,6.87395
2026-09-28 00:50:00,84504.0,84567.0,84504.0,84560.0,7.83612
2026-09-28 00:51:00,84560.0,84622.01,84550.0,84618.01,20.47023
2026-09-28 00:52:00,84618.0,84618.01,84505.14,84505.14,8.335
2026-09-28 00:53:00,84505.14,84505.15,84464.0,84464.01,4.89367
2026-09-28 00:54:00,84464.0,84464.01,84358.0,84358.0,6.60577
2026-09-28 00:55:00,84358.0,84384.01,84296.0,84296.0,8.95448
2026-09-28 00:56:00,84296.01,84300.01,84224.5,84227.34,13.93708
2026-09-28 00:57:00,84227.34,84227.34,84180.0,84180.01,17.95976
2026-09-28 00:58:00,84180.0,84250.01,84172.0,84172.01,15.04529
2026-09-28 00:59:00,84172.01,84172.01,84140.0,84140.0,9.49164
2026-09-28 01:00:00,84140.0,84146.01,84055.0,84080.81,51.7277
2026-09-28 01:01:00,84080.82,84101.77,83998.0,84040.65,168.43804
2026-09-28 01:02:00,84040.65,84120.0,84024.74,84080.0,13.98314
2026-09-28 01:03:00,84080.01,84122.01,84047.12,84062.01,29.37815
2026-09-28 01:04:00,84062.0,84136.0,84019.01,84136.0,11.00899
2026-09-28 01:05:00,84136.01,84140.01,84008.14,84008.15,9.15422
2026-09-28 01:06:00,84008.14,84060.0,83930.0,84044.45,32.56862
2026-09-28 01:07:00,84044.45,84200.0,84044.45,84199.99,11.33177
2026-09-28 01:08:00,84200.0,84224.01,84186.0,84224.01,5.57892
2026-09-28 01:09:00,84224.01,84238.87,84082.99,84098.0,18.4218
2026-09-28 01:10:00,84098.01,84118.01,84066.65,84075.16,12.56747
2026-09-28 01:11:00,84075.15,84075.16,84050.0,84074.01,10.95941
2026-09-28 01:12:00,84074.01,84100.01,84008.42,84014.35,17.22637
2026-09-28 01:13:00,84014.34,84022.57,83950.0,83994.62,16.54982
2026-09-28 01:14:00,83994.63,84022.56,83959.62,83959.63,6.81032
2026-09-28 01:15:00,83959.63,84018.0,83932.64,83958.32,21.90021
2026-09-28 01:16:00,83958.31,83967.32,83909.96,83946.13,15.30548
2026-09-28 01:17:00,83946.14,83987.62,83905.37,83905.38,6.28723
2026-09-28 01:18:00,83905.38,83975.02,83891.95,83952.96,13.14412
2026-09-28 01:19:00,83952.96,83994.67,83880.0,83994.67,13.39726
2026-09-28 01:20:00,83994.67,84021.06,83975.57,84018.73,12.0786
2026-09-28 01:21:00,84018.73,84151.19,84018.72,84142.0,14.51259
2026-09-28 01:22:00,84142.0,84142.0,84052.93,84052.93,10.05131
2026-09-28 01:23:00,84052.93,84102.01,84007.96,84041.3,9.73826
2026-09-28 01:24:00,84041.3,84045.02,84004.76,84023.34,6.14039
2026-09-28 01:25:00,84023.34,84070.01,83991.87,84070.01,8.8271
2026-09-28 01:26:00,84070.0,84142.0,84070.0,84140.01,5.33569
2026-09-28 01:27:00,84140.01,84160.01,84102.0,84102.01,10.41172
2026-09-28 01:28:00,84102.01,84108.0,84045.44,84076.01,12.33918
2026-09-28 01:29:00,84076.01,84112.01,84070.29,84078.0,11.83522
2026-09-28 01:30:00,84078.0,84142.01,84065.98,84092.02,7.60975
2026-09-28 01:31:00,84092.02,84116.01,84081.76,84081.77,14.65465
2026-09-28 01:32:00,84081.76,84100.01,84023.8,84062.0,8.73004
2026-09-28 01:33:00,84062.01,84082.01,84054.0,84054.0,5.84693
2026-09-28 01:34:00,84054.0,84070.01,84020.29,84020.29,9.54012
2026-09-28 01:35:00,84020.3,84026.92,83952.02,83993.93,11.54723
2026-09-28 01:36:00,83993.94,84002.22,83950.01,83950.02,4.7526
2026-09-28 01:37:00,83950.02,83954.94,83914.57,83914.57,9.883
2026-09-28 01:38:00,83914.58,83936.25,83880.0,83890.62,9.67685
2026-09-28 01:39:00,83890.61,83946.01,83875.98,83941.98,8.20073
2026-09-28 01:40:00,83941.97,83941.98,83887.28,83887.29,8.26085
2026-09-28 01:41:00,83887.29,83977.52,83880.75,83973.74,8.975
2026-09-28 01:42:00,83973.75,83981.11,83925.38,83925.39,9.11962
2026-09-28 01:43:00,83925.39,83925.39,83880.72,83887.99,5.69904
2026-09-28 01:44:00,83887.99,83887.99,83803.81,83815.43,39.99488
2026-09-28 01:45:00,83815.43,83883.14,83807.55,83845.78,9.07547
2026-09-28 01:46:00,83845.78,83845.78,83824.07,83832.76,5.1932
2026-09-28 01:47:00,83832.76,83892.22,83832.76,83890.26,28.44814
2026-09-28 01:48:00,83890.26,83924.56,83839.3,83839.3,10.36252
2026-09-28 01:49:00,83839.3,83839.3,83663.06,83667.27,68.35941
2026-09-28 01:50:00,83667.27,83804.66,83613.8,83775.38,39.36759
2026-09-28 01:51:00,83775.37,83821.17,83755.11,83778.78,17.30893
2026-09-28 01:52:00,83778.78,83814.38,83742.24,83766.21,11.93666
2026-09-28 01:53:00,83766.22,83809.63,83761.39,83809.63,8.20613
2026-09-28 01:54:00,83809.63,83844.9,83767.05,83767.05,11.5318
2026-09-28 01:55:00,83767.06,83795.53,83760.16,83778.55,7.71228
2026-09-28 01:56:00,83778.54,83821.13,83752.09,83821.13,8.68711
2026-09-28 01:57:00,83821.13,83874.12,83717.95,83717.95,17.88493
2026-09-28 01:58:00,83717.95,83724.41,83697.05,83721.64,24.19594
2026-09-28 01:59:00,83721.64,83721.65,83694.42,83694.43,5.52274
2026-09-28 02:00:00,83694.42,83694.42,83596.23,83596.24,30.27454
2026-09-28 02:01:00,83596.24,83657.25,83550.0,83643.86,29.95733
2026-09-28 02:02:00,83643.87,83643.87,83536.0,83566.68,22.88744
2026-09-28 02:03:00,83566.68,83596.31,83480.0,83596.31,78.66107
2026-09-28 02:04:00,83596.71,83649.05,83584.56,83643.12,16.49336
2026-09-28 02:05:00,83643.11,83663.13,83606.09,83612.8,8.41862
2026-09-28 02:06:00,83612.8,83634.0,83588.0,83617.01,5.63096
2026-09-28 02:07:00,83617.02,83617.02,83555.75,83555.76,13.71684
2026-09-28 02:08:00,83555.75,83640.92,83533.38,83636.76,13.57673
2026-09-28 02:09:00,83636.76,83677.31,83605.69,83605.75,64.5992
2026-09-28 02:10:00,83605.75,83677.0,83605.74,83666.37,37.39574
2026-09-28 02:11:00,83666.37,83720.64,83666.36,83720.64,23.48356
2026-09-28 02:12:00,83720.64,83770.85,83720.63,83754.79,13.14762
2026-09-28 02:13:00,83754.8,83782.07,83752.16,83752.17,7.94746
2026-09-28 02:14:00,83752.16,83779.69,83724.38,83745.42,8.76764
2026-09-28 02:15:00,83745.42,83756.12,83681.04,83711.55,9.79094
2026-09-28 02:16:00,83711.54,83718.68,83691.09,83718.68,3.89183
2026-09-28 02:17:00,83718.68,83733.92,83692.8,83692.81,8.55074
2026-09-28 02:18:00,83692.8,83692.81,83641.67,83641.67,8.9377
2026-09-28 02:19:00,83641.68,83667.69,83622.36,83667.62,13.59297
2026-09-28 02:20:00,83667.62,83667.62,83627.38,83659.84,10.38894
2026-09-28 02:21:00,83659.83,83679.81,83594.7,83594.71,9.42666
2026-09-28 02:22:00,83594.7,83594.7,83554.86,83554.86,11.76947
2026-09-28 02:23:00,83554.87,83589.84,83554.86,83573.71,8.05394
2026-09-28 02:24:00,83573.71,83669.89,83573.71,83652.79,12.63067
2026-09-28 02:25:00,83652.78,83652.78,83611.24,83617.18,11.13557
2026-09-28 02:26:00,83617.18,83705.95,83617.17,83698.06,5.0431
2026-09-28 02:27:00,83698.07,83726.03,83683.4,83683.41,9.96243
2026-09-28 02:28:00,83683.41,83687.15,83661.63,83665.58,4.57035
2026-09-28 02:29:00,83665.58,83675.48,83627.26,83627.27,7.08447
2026-09-28 02:30:00,83627.27,83629.72,83568.16,83578.46,17.86069
2026-09-28 02:31:00,83578.47,83582.52,83562.94,83562.95,9.36243
2026-09-28 02:32:00,83562.95,83562.95,83518.57,83518.58,39.4295
2026-09-28 02:33:00,83518.58,83525.0,83469.05,83495.3,27.86162
2026-09-28 02:34:00,83495.3,83528.08,83485.19,83512.24,7.52728
2026-09-28 02:35:00,83512.23,83570.65,83500.0,83567.82,8.75546
2026-09-28 02:36:00,83567.81,83583.37,83513.83,83525.75,10.00542
2026-09-28 02:37:00,83525.76,83532.9,83485.49,83495.59,6.93558
2026-09-28 02:38:00,83495.59,83539.34,83473.56,83473.56,12.01155
2026-09-28 02:39:00,83473.57,83473.57,83420.81,83468.49,24.31985
2026-09-28 02:40:00,83468.49,83531.09,83453.87,83531.09,9.70282
2026-09-28 02:41:00,83531.09,83556.55,83488.63,83488.64,9.50947
2026-09-28 02:42:00,83488.64,83508.7,83464.17,83483.15,6.28541
2026-09-28 02:43:00,83483.16,83491.37,83470.42,83491.36,6.4645
2026-09-28 02:44:00,83491.37,83518.2,83484.14,83493.1,7.71377
2026-09-28 02:45:00,83493.09,83531.06,83479.27,83526.53,9.09086
2026-09-28 02:46:00,83526.53,83541.23,83430.0,83441.73,17.02121
2026-09-28 02:47:00,83441.74,83471.82,83420.0,83420.0,9.94387
2026-09-28 02:48:00,83420.0,83422.91,83394.59,83413.68,27.50444
2026-09-28 02:49:00,83413.67,83450.73,83413.16,83438.12,12.07107
2026-09-28 02:50:00,83438.12,83474.74,83438.11,83460.16,11.18881
2026-09-28 02:51:00,83460.16,83467.71,83420.8,83420.81,10.84007
2026-09-28 02:52:00,83420.8,83446.99,83420.8,83444.31,4.20686
2026-09-28 02:53:00,83444.3,83464.74,83435.07,83456.25,5.60381
2026-09-28 02:54:00,83456.26,83467.97,83431.94,83434.64,12.98575
2026-09-28 02:55:00,83434.64,83444.09,83420.89,83420.9,3.32879
2026-09-28 02:56:00,83420.89,83420.9,83400.0,83400.0,4.23513
2026-09-28 02:57:00,83400.01,83418.01,83394.59,83407.11,7.71573
2026-09-28 02:58:00,83407.12,83423.3,83406.0,83414.85,5.03395
2026-09-28 02:59:00,83414.85,83418.24,83389.07,83418.24,18.54113
2026-09-28 03:00:00,83418.91,83532.58,83418.91,83522.61,14.06432
2026-09-28 03:01:00,83522.62,83536.48,83503.86,83503.87,7.88987
2026-09-28 03:02:00,83503.86,83508.35,83458.78,83458.79,14.5975
2026-09-28 03:03:00,83458.79,83464.04,83446.86,83453.36,6.64097
2026-09-28 03:04:00,83453.37,83488.68,83453.36,83479.98,6.91947
2026-09-28 03:05:00,83479.99,83506.05,83454.0,83454.01,7.24534
2026-09-28 03:06:00,83454.0,83474.46,83437.18,83450.01,8.33178
2026-09-28 03:07:00,83450.0,83495.22,83450.0,83489.42,8.77801
2026-09-28 03:08:00,83489.43,83489.43,83456.9,83456.91,10.54099
2026-09-28 03:09:00,83456.91,83476.01,83456.9,83476.01,6.2788
2026-09-28 03:10:00,83476.0,83493.83,83466.04,83469.34,8.36135
2026-09-28 03:11:00,83469.33,83469.33,83397.0,83397.0,12.1413
2026-09-28 03:12:00,83397.01,83413.61,83383.41,83385.43,24.85461
2026-09-28 03:13:00,83385.42,83452.0,83385.42,83438.85,13.03399
2026-09-28 03:14:00,83438.85,83452.01,83428.0,83438.01,3.70113
2026-09-28 03:15:00,83438.0,83438.0,83399.0,83413.22,10.10672
2026-09-28 03:16:00,83413.22,83472.43,83390.0,83466.0,23.61875
2026-09-28 03:17:00,83466.01,83502.01,83460.54,83502.01,5.99868
2026-09-28 03:18:00,83502.0,83506.01,83450.0,83450.0,6.85237
2026-09-28 03:19:00,83450.0,83504.65,83450.0,83457.21,8.64845
2026-09-28 03:20:00,83457.21,83493.18,83457.21,83490.5,13.84892
2026-09-28 03:21:00,83490.5,83490.5,83440.0,83440.0,8.39104
2026-09-28 03:22:00,83440.0,83440.01,83371.15,83386.03,13.92013
2026-09-28 03:23:00,83386.02,83434.01,83386.02,83394.01,5.97634
2026-09-28 03:24:00,83394.0,83436.01,83376.0,83402.0,18.88639
2026-09-28 03:25:00,83402.0,83402.01,83341.49,83374.35,21.45149
2026-09-28 03:26:00,83374.34,83402.01,83326.78,83333.21,30.8147
2026-09-28 03:27:00,83333.2,83350.01,83321.71,83340.67,6.93004
2026-09-28 03:28:00,83340.67,83382.0,83340.66,83348.0,5.84497
2026-09-28 03:29:00,83348.01,83348.01,83304.0,83330.01,24.63042
2026-09-28 03:30:00,83330.0,83330.01,83277.0,83292.46,13.68523
2026-09-28 03:31:00,83292.46,83310.01,83260.27,83268.0,14.42946
2026-09-28 03:32:00,83268.0,83279.89,83226.83,83226.83,33.49947
2026-09-28 03:33:00,83226.83,83251.0,83210.0,83216.0,18.47784
2026-09-28 03:34:00,83216.01,83284.0,83216.0,83264.0,6.91069
2026-09-28 03:35:00,83264.01,83314.01,83240.0,83314.01,5.0652
2026-09-28 03:36:00,83314.01,83376.69,83314.01,83376.69,10.58082
2026-09-28 03:37:00,83376.68,83446.01,83376.68,83415.67,19.51237
2026-09-28 03:38:00,83415.66,83450.0,83415.66,83450.0,17.95729
2026-09-28 03:39:00,83450.0,83450.0,83416.0,83446.01,6.18305
2026-09-28 03:40:00,83446.01,83448.0,83416.16,83418.02,4.69707
2026-09-28 03:41:00,83418.03,83448.01,83398.86,83448.01,6.90573
2026-09-28 03:42:00,83448.01,83474.01,83448.01,83472.02,5.14326
2026-09-28 03:43:00,83472.03,83488.01,83472.02,83482.75,5.61515
2026-09-28 03:44:00,83482.75,83482.75,83445.02,83445.02,15.95197
2026-09-28 03:45:00,83445.03,83460.01,83430.0,83444.01,4.03845
2026-09-28 03:46:00,83444.0,83444.01,83424.47,83424.48,2.12465
2026-09-28 03:47:00,83424.48,83460.82,83424.47,83460.81,4.49281
2026-09-28 03:48:00,83460.82,83460.82,83434.0,83444.0,3.53944
2026-09-28 03:49:00,83444.01,83486.0,83368.01,83405.09,31.4283
2026-09-28 03:50:00,83405.08,83448.01,83383.13,83448.01,10.17224
2026-09-28 03:51:00,83448.0,83463.01,83428.68,83440.0,6.43508
2026-09-28 03:52:00,83440.0,83440.01,83396.0,83396.0,5.0991
2026-09-28 03:53:00,83396.01,83432.01,83396.01,83404.01,7.81386
2026-09-28 03:54:00,83404.01,83438.76,83404.0,83410.01,10.04449
2026-09-28 03:55:00,83410.0,83410.0,83395.76,83399.67,5.80713
2026-09-28 03:56:00,83399.66,83400.01,83385.55,83385.55,5.09568
2026-09-28 03:57:00,83385.55,83385.56,83356.01,83356.01,11.50584
2026-09-28 03:58:00,83356.01,83356.02,83302.99,83332.22,42.89856
2026-09-28 03:59:00,83332.22,83338.6,83332.22,83338.6,1.78139
2026-09-28 04:00:00,83338.6,83355.59,83250.0,83250.01,22.99234
2026-09-28 04:01:00,83250.01,83268.0,83232.0,83248.01,11.49958
2026-09-28 04:02:00,83248.0,83274.01,83242.3,83263.5,7.76397
2026-09-28 04:03:00,83263.5,83277.38,83256.29,83272.01,8.16943
2026-09-28 04:04:00,83272.01,83290.01,83242.0,83250.01,9.08649
2026-09-28 04:05:00,83250.01,83294.06,83248.45,83294.05,11.55967
2026-09-28 04:06:00,83294.06,83344.0,83290.0,83344.0,6.20958
2026-09-28 04:07:00,83344.0,83383.67,83344.0,83383.67,6.53078
2026-09-28 04:08:00,83383.67,83410.53,83323.14,83323.15,11.69203
2026-09-28 04:09:00,83323.14,83350.34,83318.0,83325.14,9.84049
2026-09-28 04:10:00,83325.14,83367.67,83325.13,83367.67,3.23196
2026-09-28 04:11:00,83367.67,83367.67,83357.27,83357.28,3.99071
2026-09-28 04:12:00,83357.28,83396.99,83336.38,83390.03,9.42257
2026-09-28 04:13:00,83390.03,83450.0,83390.02,83418.04,36.8476
2026-09-28 04:14:00,83418.03,83430.53,83418.03,83430.53,5.60986
2026-09-28 04:15:00,83430.52,83430.52,83403.31,83420.01,7.81741
2026-09-28 04:16:00,83420.01,83420.01,83370.71,83370.73,3.74643
2026-09-28 04:17:00,83370.74,83461.45,83370.73,83461.45,7.2331
2026-09-28 04:18:00,83461.45,83494.01,83461.44,83494.01,9.82999
2026-09-28 04:19:00,83494.0,83516.01,83490.0,83502.33,8.86747
2026-09-28 04:20:00,83502.32,83512.01,83496.66,83496.66,4.9953
2026-09-28 04:21:00,83496.66,83500.01,83479.41,83479.41,4.7433
2026-09-28 04:22:00,83479.42,83491.36,83470.0,83491.35,9.34631
2026-09-28 04:23:00,83491.36,83494.01,83491.35,83492.01,6.6119
2026-09-28 04:24:00,83492.01,83511.04,83492.0,83500.02,8.6391
2026-09-28 04:25:00,83500.02,83502.3,83478.14,83499.96,11.07717
2026-09-28 04:26:00,83499.96,83499.97,83484.95,83484.95,3.89918
2026-09-28 04:27:00,83484.96,83488.01,83479.59,83479.75,4.41589
2026-09-28 04:28:00,83479.75,83488.01,83476.0,83483.9,5.20311
2026-09-28 04:29:00,83483.9,83494.01,83480.0,83484.57,10.214
2026-09-28 04:30:00,83484.58,83484.58,83480.0,83480.0,6.1614
2026-09-28 04:31:00,83480.0,83480.01,83450.0,83460.01,7.20332
2026-09-28 04:32:00,83460.0,83462.01,83456.1,83456.11,2.39831
2026-09-28 04:33:00,83456.11,83456.11,83443.64,83446.01,6.01412
2026-09-28 04:34:00,83446.0,83451.72,83435.7,83451.71,2.97371
2026-09-28 04:35:00,83451.72,83454.01,83446.0,83449.41,4.27815
2026-09-28 04:36:00,83449.42,83460.01,83449.41,83460.0,2.95261
2026-09-28 04:37:00,83460.0,83460.0,83437.11,83454.99,5.94201
2026-09-28 04:38:00,83454.99,83480.01,83454.99,83480.01,4.05179
2026-09-28 04:39:00,83480.0,83484.01,83472.46,83472.47,4.74
2026-09-28 04:40:00,83472.47,83472.47,83462.96,83462.96,2.35119
2026-09-28 04:41:00,83462.97,83468.01,83462.96,83468.01,1.08323
2026-09-28 04:42:00,83468.01,83507.98,83468.0,83507.98,3.61296
2026-09-28 04:43:00,83507.98,83526.01,83507.97,83508.01,7.31487
2026-09-28 04:44:00,83508.01,83508.01,83500.0,83500.01,4.72678
2026-09-28 04:45:00,83500.0,83500.01,83485.06,83485.06,7.65197
2026-09-28 04:46:00,83485.06,83485.07,83475.36,83475.37,3.6326
2026-09-28 04:47:00,83475.37,83475.37,83447.5,83447.5,6.27038
2026-09-28 04:48:00,83447.5,83447.5,83436.58,83436.58,4.93491
2026-09-28 04:49:00,83436.59,83436.59,83436.58,83436.58,3.02545
2026-09-28 04:50:00,83436.59,83481.8,83436.59,83481.79,4.75288
2026-09-28 04:51:00,83481.79,83481.8,83481.79,83481.79,2.5687
2026-09-28 04:52:00,83481.79,83500.01,83481.79,83500.0,3.30648
2026-09-28 04:53:00,83500.0,83500.01,83500.0,83500.01,1.83913
2026-09-28 04:54:00,83500.0,83500.01,83479.59,83479.59,3.96049
2026-09-28 04:55:00,83479.6,83479.6,83464.0,83464.01,2.86616
2026-09-28 04:56:00,83464.0,83475.5,83458.9,83458.9,4.38796
2026-09-28 04:57:00,83458.9,83511.57,83458.9,83511.01,62.6532
2026-09-28 04:58:00,83511.01,83511.02,83496.0,83511.01,35.93397
2026-09-28 04:59:00,83511.01,83511.01,83490.2,83490.21,3.5419
2026-09-28 05:00:00,83490.2,83534.01,83490.2,83532.96,9.47479
2026-09-28 05:01:00,83532.97,83532.97,83515.0,83515.0,5.04056
2026-09-28 05:02:00,83515.01,83515.01,83416.76,83421.24,72.67813
2026-09-28 05:03:00,83421.24,83421.24,83367.05,83405.85,39.07493
2026-09-28 05:04:00,83405.85,83405.85,83367.06,83388.02,32.0294
2026-09-28 05:05:00,83388.02,83439.27,83386.0,83428.05,14.27591
2026-09-28 05:06:00,83428.04,83428.04,83402.38,83402.39,6.48295
2026-09-28 05:07:00,83402.38,83402.38,83380.0,83380.0,6.07141
2026-09-28 05:08:00,83380.0,83380.01,83362.67,83369.02,7.40196
2026-09-28 05:09:00,83369.03,83369.03,83350.0,83358.0,6.14729
2026-09-28 05:10:00,83358.01,83364.01,83357.99,83364.0,6.48344
2026-09-28 05:11:00,83364.0,83364.01,83342.0,83342.01,5.59021
2026-09-28 05:12:00,83342.01,83361.31,83339.61,83339.62,12.67371
2026-09-28 05:13:00,83339.61,83339.62,83299.28,83310.0,24.20549
2026-09-28 05:14:00,83309.99,83335.38,83251.25,83335.38,22.11451
2026-09-28 05:15:00,83335.38,83354.34,83335.37,83343.94,9.00776
2026-09-28 05:16:00,83343.94,83343.94,83208.84,83253.6,36.18745
2026-09-28 05:17:00,83253.6,83262.98,83213.35,83252.01,14.84814
2026-09-28 05:18:00,83252.01,83258.76,83206.0,83240.44,34.99643
2026-09-28 05:19:00,83240.44,83258.8,83227.51,83245.99,9.67835
2026-09-28 05:20:00,83246.0,83268.32,83230.01,83242.01,10.29946
2026-09-28 05:21:00,83242.0,83242.0,83228.61,83231.3,4.7085
2026-09-28 05:22:00,83231.29,83239.56,83192.0,83192.01,27.5598
2026-09-28 05:23:00,83192.0,83192.01,83050.0,83081.53,115.0598
2026-09-28 05:24:00,83081.54,83108.44,83068.32,83068.32,8.25231
2026-09-28 05:25:00,83068.33,83086.62,83030.0,83030.01,28.39804
2026-09-28 05:26:00,83030.01,83077.01,83026.17,83077.0,17.48886
2026-09-28 05:27:00,83077.01,83117.42,83077.01,83107.08,9.47096
2026-09-28 05:28:00,83107.08,83132.0,83107.07,83114.81,9.33187
2026-09-28 05:29:00,83114.81,83116.24,83066.98,83066.98,18.23348
2026-09-28 05:30:00,83066.98,83077.0,83034.45,83067.37,21.24489
2026-09-28 05:31:00,83067.37,83088.09,83041.16,83050.01,18.62278
2026-09-28 05:32:00,83050.0,83050.01,83002.0,83004.96,17.21505
2026-09-28 05:33:00,83004.96,83004.96,82953.04,82953.04,102.27876
2026-09-28 05:34:00,82953.04,82953.05,82920.0,82920.01,31.75435
2026-09-28 05:35:00,82920.01,82952.0,82920.0,82940.75,26.80515
2026-09-28 05:36:00,82940.75,82940.75,82901.0,82922.51,19.44375
2026-09-28 05:37:00,82922.51,82930.0,82890.53,82920.98,30.45964
2026-09-28 05:38:00,82920.97,82930.0,82705.02,82705.89,123.68532
2026-09-28 05:39:00,82705.89,82815.45,82705.89,82772.48,78.26837
2026-09-28 05:40:00,82772.48,82883.76,82764.2,82883.76,32.29982
2026-09-28 05:41:00,82883.76,82972.0,82883.75,82972.0,24.93696
2026-09-28 05:42:00,82972.0,83067.8,82971.99,83067.8,23.99716
2026-09-28 05:43:00,83067.79,83100.0,83004.13,83099.99,17.71803
2026-09-28 05:44:00,83100.0,83150.01,83099.99,83140.66,14.78752
2026-09-28 05:45:00,83140.67,83182.99,83110.01,83117.75,30.30309
2026-09-28 05:46:00,83117.74,83160.01,83066.02,83156.0,28.55718
2026-09-28 05:47:00,83156.01,83198.01,83156.0,83183.0,33.05521
2026-09-28 05:48:00,83183.0,83183.01,83126.72,83126.72,23.95119
2026-09-28 05:49:00,83126.73,83151.29,83126.72,83141.29,16.74323
2026-09-28 05:50:00,83141.3,83141.3,83080.73,83080.74,12.56574
2026-09-28 05:51:00,83080.74,83087.27,83052.0,83087.27,7.37574
2026-09-28 05:52:00,83087.26,83124.97,83074.08,83120.84,17.01811
2026-09-28 05:53:00,83120.85,83120.85,83060.75,83060.76,7.97345
2026-09-28 05:54:00,83060.76,83131.01,83060.76,83131.01,8.33246
2026-09-28 05:55:00,83131.0,83131.0,83118.01,83129.02,6.19881
2026-09-28 05:56:00,83129.02,83178.01,83129.02,83178.01,23.79583
2026-09-28 05:57:00,83178.01,83178.01,83172.0,83174.01,6.91351
2026-09-28 05:58:00,83174.0,83195.22,83174.0,83195.18,9.82891
2026-09-28 05:59:00,83195.18,83195.18,83184.0,83184.01,6.31825
2026-09-28 06:00:00,83184.0,83184.0,83140.92,83140.92,14.53722
2026-09-28 06:01:00,83140.93,83150.56,83140.92,83150.56,5.82083
2026-09-28 06:02:00,83150.56,83150.56,83150.55,83150.56,6.59875
2026-09-28 06:03:00,83150.55,83194.04,83150.55,83161.05,32.31629
2026-09-28 06:04:00,83161.05,83188.03,83150.5,83150.5,8.8499
2026-09-28 06:05:00,83150.51,83192.0,83150.5,83191.99,6.47531
2026-09-28 06:06:00,83192.0,83238.01,83191.99,83235.34,15.97574
2026-09-28 06:07:00,83235.33,83249.0,83194.0,83198.01,20.07523
2026-09-28 06:08:00,83198.01,83218.01,83180.0,83208.64,11.48553
2026-09-28 06:09:00,83208.64,83240.02,83208.64,83240.02,8.5666
2026-09-28 06:10:00,83240.01,83240.03,83239.36,83239.37,9.20238
2026-09-28 06:11:00,83239.36,83286.0,83239.36,83282.01,16.45303
2026-09-28 06:12:00,83282.01,83295.84,83276.0,83295.84,8.36482
2026-09-28 06:13:00,83295.84,83295.84,83262.72,83262.72,4.33222
2026-09-28 06:14:00,83262.73,83266.01,83246.0,83247.35,7.20948
2026-09-28 06:15:00,83247.34,83247.35,83202.8,83231.98,11.53196
2026-09-28 06:16:00,83231.99,83254.01,83231.98,83248.0,5.39214
2026-09-28 06:17:00,83248.01,83248.01,83190.0,83208.0,35.70791
2026-09-28 06:18:00,83208.0,83208.01,83197.77,83197.77,6.27252
2026-09-28 06:19:00,83197.78,83197.78,83182.01,83186.0,2.96541
2026-09-28 06:20:00,83186.0,83200.0,83129.11,83141.99,13.81192
2026-09-28 06:21:00,83142.0,83172.01,83141.34,83172.01,7.2303
2026-09-28 06:22:00,83172.0,83178.0,83122.67,83122.68,7.42544
2026-09-28 06:23:00,83122.68,83130.01,83104.01,83130.0,11.9939
2026-09-28 06:24:00,83130.01,83130.01,83095.73,83095.74,8.59338
2026-09-28 06:25:00,83095.74,83102.01,83083.21,83096.0,7.72154
2026-09-28 06:26:00,83096.01,83122.01,83090.62,83122.0,7.98968
2026-09-28 06:27:00,83122.01,83122.01,83081.96,83081.97,11.3057
2026-09-28 06:28:00,83081.97,83090.01,83081.96,83090.0,1.57008
2026-09-28 06:29:00,83090.0,83090.01,83057.75,83062.0,12.84021
2026-09-28 06:30:00,83062.0,83079.56,83046.0,83079.55,6.9102
2026-09-28 06:31:00,83079.55,83128.01,83079.55,83128.01,5.51027
2026-09-28 06:32:00,83128.0,83170.01,83119.96,83155.22,9.30712
2026-09-28 06:33:00,83155.22,83155.23,83104.0,83121.76,13.04351
2026-09-28 06:34:00,83121.77,83146.01,83104.19,83142.67,13.30536
2026-09-28 06:35:00,83142.67,83151.79,83125.86,83151.78,5.1946
2026-09-28 06:36:00,83151.78,83158.01,83122.0,83122.0,6.65643
2026-09-28 06:37:00,83122.01,83122.01,83104.0,83104.01,5.79605
2026-09-28 06:38:00,83104.01,83120.37,83102.61,83102.62,9.65923
2026-09-28 06:39:00,83102.62,83109.09,83102.61,83109.08,2.66665
2026-09-28 06:40:00,83109.09,83142.93,83109.08,83122.16,9.33221
2026-09-28 06:41:00,83122.16,83188.88,83122.16,83164.01,10.50121
2026-09-28 06:42:00,83164.0,83210.0,83164.0,83208.66,5.32223
2026-09-28 06:43:00,83208.67,83218.01,83208.67,83218.0,7.88968
2026-09-28 06:44:00,83218.0,83218.01,83186.94,83186.95,6.60248
2026-09-28 06:45:00,83186.94,83218.01,83175.7,83218.0,7.28395
2026-09-28 06:46:00,83218.01,83233.28,83200.0,83200.0,16.29238
2026-09-28 06:47:00,83200.0,83200.01,83163.19,83182.76,16.00751
2026-09-28 06:48:00,83182.76,83186.0,83170.0,83178.38,19.17146
2026-09-28 06:49:00,83178.37,83181.15,83170.01,83181.14,15.66393
2026-09-28 06:50:00,83181.15,83181.15,83153.72,83157.89,30.32453
2026-09-28 06:51:00,83157.88,83158.49,83122.16,83137.3,22.93699
2026-09-28 06:52:00,83137.3,83154.01,83122.17,83148.67,19.84998
2026-09-28 06:53:00,83148.68,83194.01,83148.67,83194.01,7.50105
2026-09-28 06:54:00,83194.01,83194.01,83131.61,83131.62,6.87178
2026-09-28 06:55:00,83131.62,83146.0,83128.57,83128.57,5.5152
2026-09-28 06:56:00,83128.57,83135.08,83127.3,83128.64,4.83984
2026-09-28 06:57:00,83128.64,83135.0,83122.16,83134.99,6.59618
2026-09-28 06:58:00,83135.0,83146.0,83134.99,83146.0,4.14683
2026-09-28 06:59:00,83146.0,83164.78,83145.99,83164.78,5.00653
2026-09-28 07:00:00,83164.78,83210.01,83164.78,83208.0,7.9463
2026-09-28 07:01:00,83208.01,83242.01,83194.0,83242.0,11.41378
2026-09-28 07:02:00,83242.01,83268.57,83242.0,83268.56,11.02553
2026-09-28 07:03:00,83268.56,83291.66,83232.96,83240.01,16.28151
2026-09-28 07:04:00,83240.0,83269.85,83210.01,83265.78,14.81612
2026-09-28 07:05:00,83265.78,83265.78,83171.36,83171.36,17.76453
2026-09-28 07:06:00,83171.37,83174.01,83159.12,83159.12,8.51984
2026-09-28 07:07:00,83159.13,83166.91,83126.47,83126.47,12.20234
2026-09-28 07:08:00,83126.48,83126.48,83118.31,83119.65,8.02173
2026-09-28 07:09:00,83119.66,83138.01,83119.65,83138.01,4.2466
2026-09-28 07:10:00,83138.01,83164.01,83122.0,83122.0,7.24707
2026-09-28 07:11:00,83122.01,83122.01,83122.0,83122.0,1.89964
2026-09-28 07:12:00,83122.01,83122.01,83110.16,83110.16,4.25753
2026-09-28 07:13:00,83110.17,83114.25,83100.0,83100.01,12.44449
2026-09-28 07:14:00,83100.0,83100.01,83058.59,83086.0,49.84801
2026-09-28 07:15:00,83086.01,83106.01,83076.01,83106.01,41.38048
2026-09-28 07:16:00,83106.01,83144.01,83106.0,83134.86,9.64375
2026-09-28 07:17:00,83134.86,83150.01,83125.39,83125.39,9.93243
2026-09-28 07:18:00,83125.4,83137.36,83121.32,83133.15,7.1093
2026-09-28 07:19:00,83133.15,83158.01,83133.15,83147.85,5.96763
2026-09-28 07:20:00,83147.86,83156.01,83134.0,83156.01,5.22049
2026-09-28 07:21:00,83156.0,83156.01,83123.85,83134.0,6.06958
2026-09-28 07:22:00,83134.01,83134.01,83080.6,83080.61,13.91965
2026-09-28 07:23:00,83080.6,83080.61,83018.0,83018.01,14.2729
2026-09-28 07:24:00,83018.0,83018.01,82976.0,82976.01,29.38506
2026-09-28 07:25:00,82976.01,83048.15,82975.0,83016.01,8.11844
2026-09-28 07:26:00,83016.0,83016.01,82980.02,82980.03,11.05991
2026-09-28 07:27:00,82980.03,82996.01,82938.98,82945.68,47.86644
2026-09-28 07:28:00,82945.67,82950.0,82938.99,82946.0,24.48326
2026-09-28 07:29:00,82946.01,82958.01,82940.02,82942.01,29.57261
2026-09-28 07:30:00,82942.01,82988.01,82942.0,82988.01,27.45933
2026-09-28 07:31:00,82988.0,82999.99,82970.0,82976.01,27.42136
2026-09-28 07:32:00,82976.01,83004.68,82954.16,82954.16,38.63033
2026-09-28 07:33:00,82954.17,82960.0,82950.92,82960.0,27.68738
2026-09-28 07:34:00,82960.0,82999.48,82930.79,82999.48,33.12629
2026-09-28 07:35:00,82999.48,83049.77,82999.47,83029.37,27.27427
2026-09-28 07:36:00,83029.37,83057.85,83026.48,83034.74,21.8048
2026-09-28 07:37:00,83034.75,83045.7,83002.0,83037.98,27.8325
2026-09-28 07:38:00,83037.99,83037.99,82954.0,82956.48,24.61569
2026-09-28 07:39:00,82956.49,82964.15,82924.0,82924.01,23.54926
2026-09-28 07:40:00,82924.01,82994.23,82922.01,82982.02,24.21986
2026-09-28 07:41:00,82982.02,83000.0,82974.01,82978.01,21.18593
2026-09-28 07:42:00,82978.01,82978.01,82952.5,82952.5,17.9175
2026-09-28 07:43:00,82952.51,82959.14,82940.0,82944.0,22.6152
2026-09-28 07:44:00,82944.01,82944.71,82920.0,82944.71,21.06431
2026-09-28 07:45:00,82944.71,82961.38,82934.0,82944.01,18.72949
2026-09-28 07:46:00,82944.01,82972.01,82944.0,82955.47,14.27295
2026-09-28 07:47:00,82955.48,82969.2,82955.47,82969.2,13.32792
2026-09-28 07:48:00,82969.19,83038.97,82969.19,83022.01,25.81901
2026-09-28 07:49:00,83022.01,83022.01,82968.0,82981.69,20.02044
2026-09-28 07:50:00,82981.69,83018.15,82970.0,83018.14,25.15834
2026-09-28 07:51:00,83018.15,83046.18,83018.15,83046.0,16.59066
2026-09-28 07:52:00,83046.0,83046.01,83016.0,83016.0,14.9614
2026-09-28 07:53:00,83016.0,83021.4,82986.32,83010.37,19.29927
2026-09-28 07:54:00,83010.37,83054.13,83010.37,83054.13,16.45833
2026-09-28 07:55:00,83054.13,83127.34,83054.12,83127.34,21.62926
2026-09-28 07:56:00,83127.34,83130.01,83082.0,83082.01,20.22801
2026-09-28 07:57:00,83082.01,83082.01,82976.0,82976.0,19.45745
2026-09-28 07:58:00,82976.0,82999.36,82950.0,82986.12,29.69396
2026-09-28 07:59:00,82986.12,83014.0,82966.0,82966.01,20.54371
2026-09-28 08:00:00,82966.0,83034.76,82924.01,83034.75,24.54528
2026-09-28 08:01:00,83034.76,83093.88,83034.75,83093.88,20.1387
2026-09-28 08:02:00,83093.88,83147.2,83087.04,83145.75,16.37915
2026-09-28 08:03:00,83145.74,83160.33,83078.0,83078.0,13.36272
2026-09-28 08:04:00,83078.01,83126.33,83060.0,83098.32,29.2977
2026-09-28 08:05:00,83098.31,83098.32,83048.87,83048.88,41.42476
2026-09-28 08:06:00,83048.88,83057.16,83002.0,83002.01,51.82869
2026-09-28 08:07:00,83002.01,83034.5,82960.0,82960.25,53.93354
2026-09-28 08:08:00,82960.25,83046.38,82960.25,83016.01,46.46682
2026-09-28 08:09:00,83016.01,83038.41,82991.72,83003.76,47.1079
2026-09-28 08:10:00,83003.76,83006.01,82955.91,82995.65,44.25537
2026-09-28 08:11:00,82995.65,83019.92,82986.0,82996.0,46.70446
2026-09-28 08:12:00,82996.0,82999.22,82962.01,82989.11,54.38239
2026-09-28 08:13:00,82989.11,83023.28,82960.0,83010.0,49.85808
2026-09-28 08:14:00,83010.0,83067.16,82998.42,83040.06,48.55874
2026-09-28 08:15:00,83040.06,83061.84,83014.0,83041.94,52.84719
2026-09-28 08:16:00,83041.94,83069.72,83000.49,83069.71,53.54214
2026-09-28 08:17:00,83069.71,83069.71,83004.0,83009.13,49.36237
2026-09-28 08:18:00,83009.12,83045.39,82956.0,82957.99,50.30163
2026-09-28 08:19:00,82957.99,82961.53,82940.23,82957.77,62.66285
2026-09-28 08:20:00,82957.77,82957.77,82914.29,82922.08,53.29257
2026-09-28 08:21:00,82922.07,82936.94,82900.0,82926.44,56.08062
2026-09-28 08:22:00,82926.45,82927.27,82904.25,82908.02,44.35223
2026-09-28 08:23:00,82908.02,82912.96,82888.88,82910.83,54.50477
2026-09-28 08:24:00,82910.83,82910.84,82824.12,82834.53,66.57583
2026-09-28 08:25:00,82834.52,82868.74,82829.85,82829.85,36.89219
2026-09-28 08:26:00,82829.86,82931.0,82829.85,82931.0,31.47642
2026-09-28 08:27:00,82931.0,82943.99,82862.59,82862.6,15.35879
2026-09-28 08:28:00,82862.59,82884.12,82862.59,82865.7,25.96838
2026-09-28 08:29:00,82865.71,82865.71,82834.96,82844.01,21.08093
2026-09-28 08:30:00,82844.01,82888.01,82844.01,82866.01,33.37371
2026-09-28 08:31:00,82866.01,82888.0,82866.0,82887.99,15.99772
2026-09-28 08:32:00,82887.98,82920.01,82887.98,82920.0,22.5095
2026-09-28 08:33:00,82919.99,82947.64,82919.99,82947.63,31.17972
2026-09-28 08:34:00,82947.62,82972.01,82930.44,82952.0,29.23704
2026-09-28 08:35:00,82952.01,82972.01,82947.15,82947.16,7.04765
2026-09-28 08:36:00,82947.16,82947.16,82896.0,82920.01,15.02
2026-09-28 08:37:00,82920.0,82933.12,82850.01,82850.01,12.44419
2026-09-28 08:38:00,82850.01,82882.0,82784.0,82881.99,37.17797
2026-09-28 08:39:00,82882.0,82882.0,82834.0,82878.0,15.71367
2026-09-28 08:40:00,82878.01,82910.9,82862.09,82878.38,40.56299
2026-09-28 08:41:00,82878.38,82882.41,82850.0,82882.4,9.91274
2026-09-28 08:42:00,82882.41,82890.01,82856.0,82889.99,16.18799
2026-09-28 08:43:00,82889.99,82905.72,82882.42,82886.41,7.56635
2026-09-28 08:44:00,82886.42,82922.0,82886.41,82922.0,12.07897
2026-09-28 08:45:00,82922.0,82929.99,82910.0,82910.0,5.69729
2026-09-28 08:46:00,82910.01,82962.0,82910.0,82962.0,16.91969
2026-09-28 08:47:00,82961.99,82987.65,82961.99,82983.65,27.73879
2026-09-28 08:48:00,82983.65,82983.66,82960.62,82960.83,41.05552
2026-09-28 08:49:00,82960.83,82960.84,82917.58,82917.58,47.44507
2026-09-28 08:50:00,82917.58,82929.67,82913.62,82925.98,43.0291
2026-09-28 08:51:00,82925.99,82962.01,82925.98,82962.0,49.58559
2026-09-28 08:52:00,82962.01,82970.91,82924.0,82970.91,20.48592
2026-09-28 08:53:00,82970.9,83000.0,82970.9,83000.0,23.05406
2026-09-28 08:54:00,82999.99,83030.01,82990.0,82990.0,38.10259
2026-09-28 08:55:00,82990.0,82998.01,82965.29,82980.65,44.01946
2026-09-28 08:56:00,82980.66,82986.01,82976.0,82984.67,31.46471
2026-09-28 08:57:00,82984.68,82991.49,82984.0,82991.48,12.55095
2026-09-28 08:58:00,82991.48,83000.0,82956.05,82957.02,17.11305
2026-09-28 08:59:00,82957.03,82962.01,82957.02,82962.0,7.701
2026-09-28 09:00:00,82962.01,83003.67,82952.01,83000.03,29.31237
2026-09-28 09:01:00,83000.03,83000.03,82937.78,82937.78,18.17195
2026-09-28 09:02:00,82937.79,82937.79,82795.81,82795.82,24.22971
2026-09-28 09:03:00,82795.81,82804.0,82741.92,82760.78,50.1179
2026-09-28 09:04:00,82760.77,82769.03,82736.75,82769.02,31.8258
2026-09-28 09:05:00,82769.03,82776.01,82723.6,82758.0,35.08671
2026-09-28 09:06:00,82758.01,82770.26,82724.34,82727.05,22.86439
2026-09-28 09:07:00,82727.05,82788.01,82710.0,82740.01,14.98449
2026-09-28 09:08:00,82740.0,82740.01,82618.01,82651.99,58.50139
2026-09-28 09:09:00,82651.99,82675.0,82613.13,82630.0,29.54559
2026-09-28 09:10:00,82630.0,82668.01,82621.21,82668.01,18.29885
2026-09-28 09:11:00,82668.01,82726.01,82668.0,82726.0,13.72246
2026-09-28 09:12:00,82726.0,82762.01,82726.0,82756.25,9.33425
2026-09-28 09:13:00,82756.25,82838.0,82756.25,82838.0,16.32453
2026-09-28 09:14:00,82837.99,82879.99,82837.99,82879.11,17.14503
2026-09-28 09:15:00,82879.11,82966.01,82879.11,82956.0,22.65995
2026-09-28 09:16:00,82956.0,82969.98,82844.0,82852.01,25.23204
2026-09-28 09:17:00,82852.0,82872.01,82825.58,82855.33,17.01247
2026-09-28 09:18:00,82855.33,82884.8,82855.33,82882.52,10.73869
2026-09-28 09:19:00,82882.52,82927.13,82882.52,82922.88,11.01738
2026-09-28 09:20:00,82922.87,82949.99,82751.81,82908.0,160.01996
2026-09-28 09:21:00,82908.01,82968.01,82908.0,82942.01,14.85181
2026-09-28 09:22:00,82942.01,82942.01,82918.51,82918.93,10.93774
2026-09-28 09:23:00,82918.93,82918.94,82892.0,82892.0,6.77816
2026-09-28 09:24:00,82892.0,82892.01,82854.01,82854.02,7.97084
2026-09-28 09:25:00,82854.02,82859.34,82839.3,82844.35,18.19052
2026-09-28 09:26:00,82844.35,82844.35,82796.28,82796.28,12.30096
2026-09-28 09:27:00,82796.28,82796.28,82765.3,82765.31,11.40861
2026-09-28 09:28:00,82765.3,82794.25,82758.0,82794.24,22.20341
2026-09-28 09:29:00,82794.24,82818.01,82788.0,82818.01,23.17892
2026-09-28 09:30:00,82818.0,82844.3,82812.23,82844.3,10.68402
2026-09-28 09:31:00,82844.3,82844.3,82816.0,82824.0,11.99794
2026-09-28 09:32:00,82824.0,82844.32,82820.66,82827.49,9.8367
2026-09-28 09:33:00,82827.5,82827.5,82786.78,82786.78,8.77302
2026-09-28 09:34:00,82786.78,82786.79,82721.89,82721.9,12.92908
2026-09-28 09:35:00,82721.89,82729.54,82716.0,82716.0,8.35187
2026-09-28 09:36:00,82716.0,82716.0,82648.23,82662.82,33.75374
2026-09-28 09:37:00,82662.82,82670.01,82625.21,82625.22,15.71507
2026-09-28 09:38:00,82625.22,82642.68,82597.55,82597.56,32.81731
2026-09-28 09:39:00,82597.55,82648.01,82597.55,82626.01,12.13616
2026-09-28 09:40:00,82626.01,82647.13,82626.0,82644.29,12.27366
2026-09-28 09:41:00,82644.3,82656.01,82638.01,82656.01,8.86857
2026-09-28 09:42:00,82656.01,82657.68,82636.01,82657.68,11.02491
2026-09-28 09:43:00,82657.68,82669.7,82648.0,82648.0,7.00911
2026-09-28 09:44:00,82648.0,82648.01,82610.01,82626.01,25.7786
2026-09-28 09:45:00,82626.0,82668.86,82626.0,82655.66,16.96042
2026-09-28 09:46:00,82655.65,82668.01,82647.24,82664.88,9.72126
2026-09-28 09:47:00,82664.89,82692.01,82664.88,82690.89,5.78968
2026-09-28 09:48:00,82690.67,82728.24,82690.67,82728.24,7.53095
2026-09-28 09:49:00,82728.24,82761.38,82728.23,82752.34,25.73484
2026-09-28 09:50:00,82752.34,82780.01,82752.34,82778.1,10.64408
2026-09-28 09:51:00,82778.09,82778.1,82736.71,82745.11,14.01801
2026-09-28 09:52:00,82745.11,82751.14,82705.24,82705.24,9.8581
2026-09-28 09:53:00,82705.25,82705.25,82640.14,82640.15,11.11742
2026-09-28 09:54:00,82640.14,82663.98,82620.0,82620.0,13.39792
2026-09-28 09:55:00,82620.0,82639.84,82613.71,82638.0,14.89095
2026-09-28 09:56:00,82638.0,82638.0,82622.0,82626.11,10.08548
2026-09-28 09:57:00,82626.12,82660.01,82626.11,82656.48,12.71828
2026-09-28 09:58:00,82656.49,82656.49,82653.73,82653.73,4.51202
2026-09-28 09:59:00,82653.74,82666.01,82626.06,82666.01,12.15298
2026-09-28 10:00:00,82666.01,82748.01,82666.01,82747.58,13.76226
2026-09-28 10:01:00,82747.58,82748.01,82739.73,82744.91,16.78958
2026-09-28 10:02:00,82744.91,82763.67,82744.91,82753.99,10.76415
2026-09-28 10:03:00,82753.99,82813.12,82753.99,82813.11,12.03817
2026-09-28 10:04:00,82813.11,82868.41,82812.01,82836.28,15.93335
2026-09-28 10:05:00,82836.28,82836.29,82798.0,82802.0,10.85825
2026-09-28 10:06:00,82802.0,82802.02,82778.86,82801.99,9.99683
2026-09-28 10:07:00,82802.0,82802.0,82758.94,82758.94,13.12278
2026-09-28 10:08:00,82758.94,82758.94,82715.38,82718.0,14.22883
2026-09-28 10:09:00,82717.99,82758.01,82717.99,82758.01,16.35062
2026-09-28 10:10:00,82758.0,82758.01,82710.32,82710.32,8.45453
2026-09-28 10:11:00,82710.32,82710.33,82676.47,82708.0,8.43293
2026-09-28 10:12:00,82708.0,82749.97,82693.08,82708.0,11.9987
2026-09-28 10:13:00,82708.01,82710.0,82683.98,82696.0,9.17635
2026-09-28 10:14:00,82696.0,82763.82,82682.0,82762.04,9.98156
2026-09-28 10:15:00,82762.03,82812.01,82762.03,82812.0,14.56865
2026-09-28 10:16:00,82812.01,82815.53,82805.19,82809.36,5.61224
2026-09-28 10:17:00,82809.36,82834.01,82795.79,82795.79,6.81805
2026-09-28 10:18:00,82795.8,82807.99,82770.59,82778.67,8.61684
2026-09-28 10:19:00,82778.68,82786.0,82751.83,82751.83,16.62826
2026-09-28 10:20:00,82751.82,82757.08,82736.0,82749.43,10.62725
2026-09-28 10:21:00,82749.43,82753.35,82734.19,82751.9,7.30814
2026-09-28 10:22:00,82751.91,82779.64,82751.91,82764.27,5.45352
2026-09-28 10:23:00,82764.28,82766.78,82747.03,82766.77,6.20776
2026-09-28 10:24:00,82766.77,82816.89,82766.77,82816.89,20.16444
2026-09-28 10:25:00,82816.88,82840.01,82816.88,82840.0,9.37636
2026-09-28 10:26:00,82840.01,82850.0,82840.0,82850.0,5.29765
2026-09-28 10:27:00,82849.99,82850.0,82796.02,82805.98,12.4471
2026-09-28 10:28:00,82805.99,82829.74,82805.98,82806.0,6.71126
2026-09-28 10:29:00,82806.0,82816.94,82800.0,82816.93,3.37225
2026-09-28 10:30:00,82816.94,82820.01,82773.91,82773.92,7.07873
2026-09-28 10:31:00,82773.91,82821.75,82773.91,82821.75,4.19995
2026-09-28 10:32:00,82821.74,82821.75,82784.26,82801.05,7.7094
2026-09-28 10:33:00,82801.06,82838.01,82801.05,82838.01,4.90951
2026-09-28 10:34:00,82838.01,82873.84,82838.0,82871.77,8.72385
2026-09-28 10:35:00,82871.77,82910.01,82871.76,82910.01,11.74922
2026-09-28 10:36:00,82910.01,82914.01,82906.21,82906.22,6.11073
2026-09-28 10:37:00,82906.22,82940.0,82906.22,82910.0,11.3172
2026-09-28 10:38:00,82910.01,82913.99,82902.0,82910.01,10.33736
2026-09-28 10:39:00,82910.0,82932.85,82910.0,82932.85,8.00914
2026-09-28 10:40:00,82932.85,82958.18,82932.84,82935.0,11.91949
2026-09-28 10:41:00,82935.0,82958.01,82935.0,82948.0,9.38755
2026-09-28 10:42:00,82948.0,82948.01,82938.0,82938.01,9.27357
2026-09-28 10:43:00,82938.01,82938.01,82934.59,82934.6,2.91169
2026-09-28 10:44:00,82934.59,82950.0,82934.59,82950.0,2.92979
2026-09-28 10:45:00,82950.0,82950.0,82908.4,82927.34,33.24417
2026-09-28 10:46:00,82927.35,82950.0,82903.87,82909.92,11.86534
2026-09-28 10:47:00,82909.93,82920.01,82896.0,82896.0,8.26471
2026-09-28 10:48:00,82896.01,82896.01,82868.0,82868.01,15.34976
2026-09-28 10:49:00,82868.0,82928.01,82862.0,82898.01,14.27191
2026-09-28 10:50:00,82898.01,82928.01,82887.99,82922.13,6.50247
2026-09-28 10:51:00,82922.13,82937.39,82902.57,82902.57,9.11332
2026-09-28 10:52:00,82902.58,83064.51,82902.58,83044.0,207.96125
2026-09-28 10:53:00,83044.0,83044.0,83002.0,83002.01,11.30406
2026-09-28 10:54:00,83002.01,83002.01,82974.87,82974.88,11.35595
2026-09-28 10:55:00,82974.88,82984.92,82968.0,82984.92,6.811
2026-09-28 10:56:00,82984.91,83006.29,82969.42,82990.41,16.59102
2026-09-28 10:57:00,82990.41,82996.45,82968.0,82971.34,8.44678
2026-09-28 10:58:00,82971.33,82971.34,82966.0,82966.01,1.85651
2026-09-28 10:59:00,82966.01,82966.01,82956.0,82960.0,4.21847
2026-09-28 11:00:00,82960.01,83055.65,82960.0,83020.78,36.06825
2026-09-28 11:01:00,83020.79,83048.99,82994.0,82998.01,21.78943
2026-09-28 11:02:00,82998.01,83017.27,82982.32,83017.27,14.33207
2026-09-28 11:03:00,83017.26,83040.68,82991.76,83017.99,15.52214
2026-09-28 11:04:00,83017.99,83018.0,82984.2,83017.12,6.66423
2026-09-28 11:05:00,83017.13,83037.7,82994.0,83024.24,11.89956
2026-09-28 11:06:00,83024.25,83044.71,83024.25,83025.32,5.12728
2026-09-28 11:07:00,83025.31,83038.02,83000.0,83022.07,9.54783
2026-09-28 11:08:00,83022.06,83030.01,83008.0,83018.01,11.32913
2026-09-28 11:09:00,83018.01,83026.0,83016.42,83016.42,14.79743
2026-09-28 11:10:00,83016.42,83016.43,82996.91,83002.0,9.8921
2026-09-28 11:11:00,83002.0,83002.01,82986.76,82986.77,9.80889
2026-09-28 11:12:00,82986.77,82986.77,82985.29,82985.29,3.24319
2026-09-28 11:13:00,82985.29,83000.0,82974.0,82989.31,11.50556
2026-09-28 11:14:00,82989.31,82996.01,82982.0,82994.01,3.91756
2026-09-28 11:15:00,82994.01,83039.83,82982.01,83013.24,40.59862
2026-09-28 11:16:00,83013.24,83067.03,82979.23,83032.0,29.89495
2026-09-28 11:17:00,83032.01,83075.09,83032.0,83075.09,18.80112
2026-09-28 11:18:00,83075.08,83078.24,83016.01,83016.02,11.67037
2026-09-28 11:19:00,83016.01,83016.02,82984.53,83010.01,28.40628
2026-09-28 11:20:00,83010.0,83010.01,82969.97,82987.89,16.94131
2026-09-28 11:21:00,82987.89,82987.9,82978.0,82978.0,3.05323
2026-09-28 11:22:00,82978.0,83025.23,82978.0,83005.12,10.03016
2026-09-28 11:23:00,83005.13,83067.37,83005.12,83061.57,11.51869
2026-09-28 11:24:00,83061.58,83063.45,83020.0,83040.01,12.1203
2026-09-28 11:25:00,83040.0,83040.01,82994.0,82994.0,6.74337
2026-09-28 11:26:00,82994.01,83016.0,82994.0,83016.0,7.69841
2026-09-28 11:27:00,83016.01,83016.01,83002.52,83016.0,3.01008
2026-09-28 11:28:00,83016.01,83021.06,83016.0,83017.04,11.73516
2026-09-28 11:29:00,83017.04,83021.07,83017.04,83021.05,13.54773
2026-09-28 11:30:00,83021.05,83034.0,82992.88,82992.88,16.76237
2026-09-28 11:31:00,82992.89,83025.45,82992.88,83008.49,14.68471
2026-09-28 11:32:00,83008.49,83011.71,82986.59,82986.59,19.31176
2026-09-28 11:33:00,82986.59,82994.0,82982.53,82993.99,20.99189
2026-09-28 11:34:00,82994.0,83045.19,82993.99,83044.64,25.02039
2026-09-28 11:35:00,83044.64,83051.5,83027.7,83027.7,19.76722
2026-09-28 11:36:00,83027.7,83027.71,83017.72,83025.26,17.63611
2026-09-28 11:37:00,83025.25,83070.01,83025.25,83050.01,18.53842
2026-09-28 11:38:00,83050.0,83063.85,83050.0,83056.0,18.22424
2026-09-28 11:39:00,83056.0,83070.01,83056.0,83070.01,13.02769
2026-09-28 11:40:00,83070.01,83088.01,83056.0,83068.01,11.34365
2026-09-28 11:41:00,83068.01,83076.01,83068.01,83076.0,5.46672
2026-09-28 11:42:00,83076.01,83092.01,83072.8,83072.81,8.07687
2026-09-28 11:43:00,83072.81,83111.0,83064.0,83093.26,38.85914
2026-09-28 11:44:00,83093.25,83093.26,83069.71,83069.98,29.8791
2026-09-28 11:45:00,83069.98,83069.99,83055.0,83055.0,5.36492
2026-09-28 11:46:00,83055.01,83055.01,83047.2,83047.21,3.3366
2026-09-28 11:47:00,83047.2,83047.21,83025.33,83025.33,5.7185
2026-09-28 11:48:00,83025.32,83025.32,83002.39,83002.4,10.6398
2026-09-28 11:49:00,83002.39,83006.34,82998.06,82998.06,12.3947
2026-09-28 11:50:00,82998.07,82998.07,82984.0,82984.0,10.36066
2026-09-28 11:51:00,82984.0,83010.01,82984.0,83010.0,13.35726
2026-09-28 11:52:00,83010.01,83028.31,82993.15,82993.15,18.96916
2026-09-28 11:53:00,82993.16,82996.01,82981.08,82981.09,10.69472
2026-09-28 11:54:00,82981.09,82981.09,82981.08,82981.08,7.35919
2026-09-28 11:55:00,82981.09,82999.99,82981.08,82999.99,8.7734
2026-09-28 11:56:00,82999.99,83062.24,82999.98,83050.01,12.99569
2026-09-28 11:57:00,83050.0,83086.0,83050.0,83080.53,12.0478
2026-09-28 11:58:00,83080.53,83082.02,83080.53,83082.02,9.50661
2026-09-28 11:59:00,83082.02,83082.54,83080.0,83082.54,5.5581
2026-09-28 12:00:00,83082.53,83082.54,83034.56,83058.84,10.7389
2026-09-28 12:01:00,83058.84,83060.01,83032.0,83054.01,14.20432
2026-09-28 12:02:00,83054.0,83054.01,83011.48,83050.0,13.12217
2026-09-28 12:03:00,83050.0,83050.0,83042.0,83050.0,5.22054
2026-09-28 12:04:00,83049.99,83246.98,83049.99,83246.18,81.18399
2026-09-28 12:05:00,83246.18,83370.21,83241.74,83357.11,41.66677
2026-09-28 12:06:00,83357.11,83443.45,83351.09,83392.14,46.80027
2026-09-28 12:07:00,83392.14,83459.56,83364.85,83447.81,30.75441
2026-09-28 12:08:00,83447.81,83450.5,83357.24,83399.07,20.92349
2026-09-28 12:09:00,83399.07,83477.07,83399.06,83469.06,36.67361
2026-09-28 12:10:00,83469.06,83500.0,83432.1,83439.11,40.73125
2026-09-28 12:11:00,83439.11,83469.44,83421.32,83421.32,29.98569
2026-09-28 12:12:00,83421.33,83421.33,83356.83,83356.83,21.21043
2026-09-28 12:13:00,83356.83,83358.91,83300.0,83322.89,11.85633
2026-09-28 12:14:00,83322.89,83383.91,83316.48,83383.9,18.25444
2026-09-28 12:15:00,83383.9,83383.9,83300.01,83300.01,32.31307
2026-09-28 12:16:00,83300.02,83337.72,83284.49,83323.64,11.35142
2026-09-28 12:17:00,83323.65,83356.27,83318.44,83348.36,19.10721
2026-09-28 12:18:00,83348.35,83420.79,83347.05,83347.06,15.68848
2026-09-28 12:19:00,83347.05,83416.72,83347.05,83416.67,12.33153
2026-09-28 12:20:00,83416.67,83466.15,83406.62,83466.15,14.9269
2026-09-28 12:21:00,83466.15,83466.15,83374.0,83374.0,20.00262
2026-09-28 12:22:00,83374.01,83374.01,83323.0,83323.0,14.77488
2026-09-28 12:23:00,83323.0,83357.37,83314.37,83357.37,12.59815
2026-09-28 12:24:00,83357.37,83388.01,83357.37,83387.63,13.51866
2026-09-28 12:25:00,83387.64,83387.64,83278.24,83279.99,17.69952
2026-09-28 12:26:00,83280.0,83405.28,83279.99,83368.01,18.53171
2026-09-28 12:27:00,83368.01,83380.01,83358.04,83380.01,20.8194
2026-09-28 12:28:00,83380.0,83394.01,83363.93,83363.93,9.00973
2026-09-28 12:29:00,83363.93,83369.71,83353.93,83369.7,6.19909
2026-09-28 12:30:00,83369.7,83371.26,83333.09,83333.09,10.96946
2026-09-28 12:31:00,83333.1,83333.1,83293.18,83304.8,42.08457
2026-09-28 12:32:00,83304.8,83318.01,83293.18,83318.01,7.61311
2026-09-28 12:33:00,83318.01,83352.0,83318.0,83352.0,5.90937
2026-09-28 12:34:00,83352.0,83396.04,83351.99,83396.04,4.50724
2026-09-28 12:35:00,83396.04,83430.01,83396.04,83421.99,44.92129
2026-09-28 12:36:00,83422.0,83422.0,83390.69,83412.15,8.68037
2026-09-28 12:37:00,83412.15,83412.16,83355.0,83355.01,9.55203
2026-09-28 12:38:00,83355.01,83355.01,83314.0,83317.96,16.96576
2026-09-28 12:39:00,83317.95,83335.61,83317.95,83324.0,4.68795
2026-09-28 12:40:00,83324.0,83330.02,83270.26,83270.27,10.78012
2026-09-28 12:41:00,83270.27,83299.12,83270.27,83292.0,6.28968
2026-09-28 12:42:00,83292.01,83292.01,83270.26,83272.63,4.6136
2026-09-28 12:43:00,83272.64,83295.75,83272.63,83284.37,5.49116
2026-09-28 12:44:00,83284.38,83340.92,83284.37,83340.91,13.6822
2026-09-28 12:45:00,83340.92,83410.8,83340.92,83410.8,7.43518
2026-09-28 12:46:00,83410.8,83466.51,83410.79,83454.76,36.83372
2026-09-28 12:47:00,83454.75,83454.75,83395.09,83402.0,15.06656
2026-09-28 12:48:00,83402.0,83445.81,83384.5,83425.74,11.13371
2026-09-28 12:49:00,83425.75,83430.86,83409.16,83409.16,4.74756
2026-09-28 12:50:00,83409.17,83437.18,83403.71,83424.58,21.9256
2026-09-28 12:51:00,83424.57,83437.77,83405.84,83425.36,5.31017
2026-09-28 12:52:00,83425.36,83499.99,83416.6,83488.05,22.62937
2026-09-28 12:53:00,83488.05,83539.9,83453.97,83539.9,35.72136
2026-09-28 12:54:00,83539.9,83583.61,83524.42,83573.47,44.90964
2026-09-28 12:55:00,83573.47,83631.43,83526.81,83536.13,71.50602
2026-09-28 12:56:00,83536.13,83544.01,83517.6,83544.01,20.63359
2026-09-28 12:57:00,83544.01,83621.43,83517.63,83602.92,21.05888
2026-09-28 12:58:00,83602.92,83602.92,83585.42,83596.1,9.30972
2026-09-28 12:59:00,83596.09,83596.1,83544.36,83579.75,23.43568
2026-09-28 13:00:00,83579.75,83579.76,83472.57,83478.97,25.74434
2026-09-28 13:01:00,83478.97,83479.48,83443.2,83450.0,13.54124
2026-09-28 13:02:00,83450.0,83450.01,83423.07,83423.07,5.27975
2026-09-28 13:03:00,83423.07,83426.97,83400.0,83412.0,9.08351
2026-09-28 13:04:00,83412.0,83412.01,83395.65,83395.66,3.75176
2026-09-28 13:05:00,83395.65,83400.0,83392.0,83392.0,5.43183
2026-09-28 13:06:00,83392.0,83392.01,83365.64,83384.62,8.64541
2026-09-28 13:07:00,83384.63,83410.01,83384.62,83402.59,10.56497
2026-09-28 13:08:00,83402.59,83412.22,83338.0,83339.34,7.74651
2026-09-28 13:09:00,83339.35,83339.35,83339.34,83339.34,8.62719
2026-09-28 13:10:00,83339.35,83340.3,83310.71,83323.49,5.60432
2026-09-28 13:11:00,83323.48,83361.4,83323.48,83361.4,6.66806
2026-09-28 13:12:00,83361.4,83384.01,83359.63,83359.64,6.09613
2026-09-28 13:13:00,83359.64,83372.01,83357.11,83372.01,26.36112
2026-09-28 13:14:00,83372.0,83406.2,83372.0,83406.2,6.63704
2026-09-28 13:15:00,83406.19,83408.01,83406.19,83408.0,6.63117
2026-09-28 13:16:00,83408.01,83441.99,83407.04,83407.04,12.20581
2026-09-28 13:17:00,83407.04,83444.88,83404.0,83404.0,14.93217
2026-09-28 13:18:00,83404.0,83404.01,83360.0,83373.85,28.88205
2026-09-28 13:19:00,83373.86,83395.97,83365.32,83395.97,7.5746
2026-09-28 13:20:00,83395.97,83406.01,83384.02,83406.01,10.81854
2026-09-28 13:21:00,83406.0,83416.01,83394.09,83408.39,3.63813
2026-09-28 13:22:00,83408.38,83425.78,83390.49,83406.82,11.39846
2026-09-28 13:23:00,83406.82,83418.01,83404.0,83418.01,9.55051
2026-09-28 13:24:00,83418.01,83420.0,83408.0,83412.35,5.60201
2026-09-28 13:25:00,83412.34,83462.55,83387.01,83462.55,12.40476
2026-09-28 13:26:00,83462.56,83504.01,83462.56,83497.53,21.02558
2026-09-28 13:27:00,83497.54,83523.79,83493.65,83518.0,13.5388
2026-09-28 13:28:00,83518.0,83536.01,83506.0,83536.01,4.63278
2026-09-28 13:29:00,83536.01,83567.48,83536.0,83567.47,9.91211
2026-09-28 13:30:00,83567.48,83703.7,83490.0,83504.97,126.45415
2026-09-28 13:31:00,83504.97,83568.0,83480.0,83480.0,61.88539
2026-09-28 13:32:00,83480.0,83506.01,83434.0,83456.5,31.28313
2026-09-28 13:33:00,83456.5,83532.01,83429.38,83514.0,25.84471
2026-09-28 13:34:00,83514.0,83623.84,83500.0,83580.0,22.07549
2026-09-28 13:35:00,83580.0,83665.68,83454.12,83454.12,26.80205
2026-09-28 13:36:00,83454.12,83492.01,83388.03,83458.01,28.98408
2026-09-28 13:37:00,83458.0,83618.81,83458.0,83542.05,41.66571
2026-09-28 13:38:00,83542.05,83688.75,83542.05,83688.75,17.15628
2026-09-28 13:39:00,83688.74,83812.32,83688.74,83723.86,47.62557
2026-09-28 13:40:00,83723.86,83746.68,83661.07,83738.19,14.88051
2026-09-28 13:41:00,83738.2,83796.45,83686.3,83717.22,34.1129
2026-09-28 13:42:00,83717.21,83816.95,83717.21,83816.94,27.77718
2026-09-28 13:43:00,83816.94,83816.94,83754.08,83771.46,20.31083
2026-09-28 13:44:00,83771.46,83771.46,83686.53,83741.62,23.7373
2026-09-28 13:45:00,83741.62,83776.01,83718.2,83756.01,22.01324
2026-09-28 13:46:00,83756.0,83781.44,83682.0,83781.43,21.77334
2026-09-28 13:47:00,83781.43,83820.0,83726.25,83784.0,28.73712
2026-09-28 13:48:00,83784.01,83816.82,83750.97,83750.98,16.71447
2026-09-28 13:49:00,83750.97,83750.98,83602.71,83602.72,27.43301
2026-09-28 13:50:00,83602.72,83604.01,83484.0,83536.0,15.02648
2026-09-28 13:51:00,83536.0,83549.63,83480.0,83500.9,24.00094
2026-09-28 13:52:00,83500.91,83592.01,83486.58,83570.72,11.83769
2026-09-28 13:53:00,83570.72,83694.87,83570.72,83680.77,10.44989
2026-09-28 13:54:00,83680.77,83768.01,83680.76,83768.01,20.61925
2026-09-28 13:55:00,83768.01,83800.0,83705.18,83705.18,57.24599
2026-09-28 13:56:00,83705.18,83705.18,83628.01,83657.99,12.9049
2026-09-28 13:57:00,83658.0,83678.01,83656.65,83660.0,16.73401
2026-09-28 13:58:00,83660.0,83676.01,83632.92,83632.92,6.77684
2026-09-28 13:59:00,83632.93,83666.01,83623.08,83641.99,10.80838
2026-09-28 14:00:00,83641.99,83642.0,83511.64,83511.64,57.96212
2026-09-28 14:01:00,83511.64,83519.26,83444.67,83444.68,18.81053
2026-09-28 14:02:00,83444.67,83536.01,83444.67,83515.4,11.43834
2026-09-28 14:03:00,83515.41,83515.41,83444.68,83452.01,9.78648
2026-09-28 14:04:00,83452.01,83452.01,83394.38,83397.06,12.14593
2026-09-28 14:05:00,83397.05,83444.01,83374.0,83374.01,20.63872
2026-09-28 14:06:00,83374.01,83485.67,83326.0,83485.67,20.9543
2026-09-28 14:07:00,83485.67,83520.01,83456.0,83520.0,16.8064
2026-09-28 14:08:00,83520.0,83558.0,83500.0,83500.0,18.72449
2026-09-28 14:09:00,83500.0,83518.33,83457.34,83465.27,10.5333
2026-09-28 14:10:00,83465.27,83473.49,83441.09,83441.09,15.89286
2026-09-28 14:11:00,83441.09,83524.01,83413.43,83522.17,18.75645
2026-09-28 14:12:00,83522.17,83541.78,83495.3,83537.99,17.71801
2026-09-28 14:13:00,83537.99,83538.0,83468.0,83474.01,12.91409
2026-09-28 14:14:00,83474.01,83474.01,83372.0,83401.65,11.26263
2026-09-28 14:15:00,83401.65,83418.01,83323.8,83323.8,10.55198
2026-09-28 14:16:00,83323.81,83348.01,83270.26,83348.01,25.79733
2026-09-28 14:17:00,83348.01,83452.0,83347.34,83376.64,17.65818
2026-09-28 14:18:00,83376.64,83376.64,83266.74,83266.74,14.49997
2026-09-28 14:19:00,83266.74,83388.01,83266.74,83380.27,7.73253
2026-09-28 14:20:00,83380.27,83418.01,83332.0,83418.01,11.1079
2026-09-28 14:21:00,83418.0,83480.0,83411.85,83472.49,8.40831
2026-09-28 14:22:00,83472.5,83570.72,83472.5,83570.72,16.87035
2026-09-28 14:23:00,83570.71,83570.72,83518.0,83534.02,14.76635
2026-09-28 14:24:00,83534.02,83600.0,83506.0,83599.99,13.50062
2026-09-28 14:25:00,83599.99,83609.42,83552.0,83568.04,13.61431
2026-09-28 14:26:00,83568.03,83568.04,83460.0,83474.01,17.39143
2026-09-28 14:27:00,83474.01,83494.01,83377.51,83377.52,13.25432
2026-09-28 14:28:00,83377.52,83383.84,83274.2,83277.67,27.83687
2026-09-28 14:29:00,83277.67,83277.68,83100.0,83244.0,73.17566
2026-09-28 14:30:00,83244.0,83324.02,83220.7,83312.01,36.3022
2026-09-28 14:31:00,83312.01,83316.0,83118.0,83118.0,27.51291
2026-09-28 14:32:00,83118.0,83246.98,83095.0,83209.2,36.44345
2026-09-28 14:33:00,83209.2,83322.01,83192.0,83258.0,16.79273
2026-09-28 14:34:00,83258.0,83312.01,83240.0,83297.86,9.14635
2026-09-28 14:35:00,83297.86,83372.55,83268.0,83372.55,11.82716
2026-09-28 14:36:00,83372.55,83458.01,83372.55,83406.56,12.60519
2026-09-28 14:37:00,83406.56,83480.01,83387.07,83387.08,9.06185
2026-09-28 14:38:00,83387.07,83387.08,83310.0,83340.0,13.91008
2026-09-28 14:39:00,83340.01,83470.01,83331.67,83418.0,12.49576
2026-09-28 14:40:00,83418.01,83427.77,83364.0,83364.0,13.33465
2026-09-28 14:41:00,83364.0,83364.01,83235.06,83242.0,54.37695
2026-09-28 14:42:00,83242.01,83242.01,83000.01,83055.92,75.32447
2026-09-28 14:43:00,83055.92,83071.47,82879.28,82879.29,71.56294
2026-09-28 14:44:00,82879.28,82948.33,82856.0,82948.33,56.50103
2026-09-28 14:45:00,82948.33,82992.19,82893.81,82967.29,19.91515
2026-09-28 14:46:00,82967.28,83012.79,82929.6,82975.95,14.51978
2026-09-28 14:47:00,82975.95,82975.95,82856.0,82865.5,42.64778
2026-09-28 14:48:00,82865.5,82992.6,82820.97,82976.0,37.42447
2026-09-28 14:49:00,82976.0,82984.06,82934.76,82954.34,9.92611
2026-09-28 14:50:00,82954.35,83066.01,82954.34,83026.37,49.96833
2026-09-28 14:51:00,83026.36,83035.42,82757.59,82757.6,61.72005
2026-09-28 14:52:00,82757.59,82792.5,82703.0,82773.92,34.37388
2026-09-28 14:53:00,82773.91,82869.99,82563.0,82860.01,72.04337
2026-09-28 14:54:00,82860.01,82934.01,82860.01,82890.02,23.64948
2026-09-28 14:55:00,82890.01,82898.01,82798.22,82846.17,15.20739
2026-09-28 14:56:00,82846.17,82942.01,82828.0,82942.01,46.22349
2026-09-28 14:57:00,82942.0,82994.01,82927.71,82979.03,29.12953
2026-09-28 14:58:00,82979.04,82994.0,82916.81,82939.9,8.57952
2026-09-28 14:59:00,82939.91,83020.01,82938.11,83020.0,13.64717
2026-09-28 15:00:00,83020.01,83073.13,82988.0,83035.01,11.02131
2026-09-28 15:01:00,83035.0,83060.01,83006.36,83010.35,12.44424
2026-09-28 15:02:00,83010.36,83058.01,82995.79,83044.01,13.53642
2026-09-28 15:03:00,83044.01,83069.14,83033.45,83052.29,11.25481
2026-09-28 15:04:00,83052.3,83052.3,82979.01,82996.01,25.95229
2026-09-28 15:05:00,82996.01,83041.52,82970.0,83041.51,93.40574
2026-09-28 15:06:00,83041.51,83050.01,83007.51,83050.0,15.14265
2026-09-28 15:07:00,83050.0,83053.14,82966.0,82980.95,17.94749
2026-09-28 15:08:00,82981.93,83040.01,82981.93,83014.09,15.33076
2026-09-28 15:09:00,83014.09,83212.01,82999.94,83212.01,40.39157
2026-09-28 15:10:00,83212.01,83266.19,83182.0,83190.01,19.06706
2026-09-28 15:11:00,83190.0,83190.01,82954.22,82954.23,34.6134
2026-09-28 15:12:00,82954.23,83046.01,82929.0,83046.0,26.29268
2026-09-28 15:13:00,83046.0,83058.01,82955.7,82984.68,21.77761
2026-09-28 15:14:00,82984.68,83022.01,82933.0,82956.86,23.81184
2026-09-28 15:15:00,82956.87,82980.01,82882.32,82956.01,28.15723
2026-09-28 15:16:00,82956.01,82956.01,82900.45,82922.0,21.74586
2026-09-28 15:17:00,82922.0,82941.95,82823.32,82846.14,57.78522
2026-09-28 15:18:00,82846.13,82900.0,82827.76,82892.01,19.11186
2026-09-28 15:19:00,82892.0,82964.01,82886.0,82904.79,27.69337
2026-09-28 15:20:00,82904.79,82930.01,82875.49,82888.24,37.2196
2026-09-28 15:21:00,82888.24,82905.06,82822.0,82905.05,29.72069
2026-09-28 15:22:00,82905.06,82943.99,82855.75,82859.73,20.34054
2026-09-28 15:23:00,82859.74,82921.88,82792.0,82906.01,102.41646
2026-09-28 15:24:00,82906.0,83034.01,82895.66,82986.0,175.73181
2026-09-28 15:25:00,82986.0,82994.8,82864.0,82976.0,32.56657
2026-09-28 15:26:00,82976.01,83020.61,82916.0,83020.61,11.03441
2026-09-28 15:27:00,83020.76,83049.87,82998.48,83048.86,13.88941
2026-09-28 15:28:00,83048.86,83124.74,83048.86,83124.74,6.33738
2026-09-28 15:29:00,83124.74,83126.01,83038.93,83068.0,10.53627
2026-09-28 15:30:00,83068.0,83082.01,83020.0,83046.01,9.20242
2026-09-28 15:31:00,83046.0,83052.01,83020.01,83024.0,10.42576
2026-09-28 15:32:00,83024.01,83130.01,83024.01,83112.01,6.63237
2026-09-28 15:33:00,83112.01,83130.01,83048.0,83048.01,6.35738
2026-09-28 15:34:00,83048.01,83084.01,83046.0,83084.01,4.01321
2026-09-28 15:35:00,83084.0,83134.0,83080.0,83133.99,6.55866
2026-09-28 15:36:00,83133.99,83274.01,83133.99,83270.01,51.98431
2026-09-28 15:37:00,83270.0,83285.0,83200.0,83281.61,83.44968
2026-09-28 15:38:00,83281.61,83365.23,83261.64,83312.57,16.54652
2026-09-28 15:39:00,83312.56,83312.57,83224.0,83300.0,11.15764
2026-09-28 15:40:00,83300.01,83310.01,83230.0,83239.72,8.56318
2026-09-28 15:41:00,83239.72,83286.01,83230.0,83286.01,5.10447
2026-09-28 15:42:00,83286.0,83310.01,83240.0,83248.0,6.26485
2026-09-28 15:43:00,83248.01,83248.01,83202.0,83202.0,5.24136
2026-09-28 15:44:00,83202.01,83211.33,83188.0,83211.33,18.48843
2026-09-28 15:45:00,83211.33,83258.01,83211.32,83253.99,4.33858
2026-09-28 15:46:00,83254.0,83336.01,83216.0,83264.0,18.49314
2026-09-28 15:47:00,83264.0,83292.01,83252.0,83292.0,5.21636
2026-09-28 15:48:00,83292.01,83292.01,83248.0,83248.01,23.39931
2026-09-28 15:49:00,83248.01,83284.01,83236.0,83284.01,4.58473
2026-09-28 15:50:00,83284.0,83330.01,83284.0,83314.0,8.03252
2026-09-28 15:51:00,83314.0,83314.0,83258.0,83258.0,6.51937
2026-09-28 15:52:00,83258.0,83282.01,83230.0,83254.0,9.65435
2026-09-28 15:53:00,83254.0,83283.99,83244.0,83276.01,11.10893
2026-09-28 15:54:00,83276.01,83341.02,83252.0,83341.01,31.84874
2026-09-28 15:55:00,83341.01,83380.01,83341.01,83344.0,19.69029
2026-09-28 15:56:00,83344.0,83371.59,83336.0,83347.96,15.02219
2026-09-28 15:57:00,83347.97,83390.0,83347.97,83350.01,11.3573
2026-09-28 15:58:00,83350.01,83378.73,83350.01,83377.23,5.54949
2026-09-28 15:59:00,83377.24,83397.18,83354.32,83370.0,9.98474
2026-09-28 16:00:00,83370.0,83384.01,83338.0,83375.57,11.99594
2026-09-28 16:01:00,83375.57,83430.0,83356.0,83378.01,16.34643
2026-09-28 16:02:00,83378.01,83378.01,83306.0,83306.0,21.74933
2026-09-28 16:03:00,83306.01,83306.01,83256.0,83260.01,8.66529
2026-09-28 16:04:00,83260.0,83322.44,83260.0,83298.01,7.19524
2026-09-28 16:05:00,83298.01,83320.01,83272.0,83278.01,8.73297
2026-09-28 16:06:00,83278.01,83318.01,83278.0,83318.0,7.40781
2026-09-28 16:07:00,83318.01,83418.59,83312.0,83384.0,28.80662
2026-09-28 16:08:00,83384.01,83454.54,83384.0,83424.3,11.00287
2026-09-28 16:09:00,83424.3,83434.01,83370.0,83410.01,11.82188
2026-09-28 16:10:00,83410.0,83470.98,83410.0,83463.7,14.76303
2026-09-28 16:11:00,83463.7,83480.01,83456.0,83458.0,5.99457
2026-09-28 16:12:00,83458.01,83474.0,83416.0,83440.01,10.5768
2026-09-28 16:13:00,83440.0,83440.0,83424.06,83424.06,3.14293
2026-09-28 16:14:00,83424.06,83424.06,83400.0,83420.93,12.31026
2026-09-28 16:15:00,83420.92,83432.0,83394.13,83394.13,7.51661
2026-09-28 16:16:00,83394.14,83534.79,83378.0,83534.79,40.18451
2026-09-28 16:17:00,83534.78,83693.78,83513.67,83692.43,26.54185
2026-09-28 16:18:00,83692.43,83720.94,83552.96,83552.97,21.81133
2026-09-28 16:19:00,83552.97,83660.44,83547.86,83660.43,7.33077
2026-09-28 16:20:00,83660.43,83732.57,83640.31,83712.83,8.6538
2026-09-28 16:21:00,83712.83,83778.52,83712.82,83730.0,22.57592
2026-09-28 16:22:00,83730.01,83792.01,83728.95,83764.01,16.67
2026-09-28 16:23:00,83764.0,83875.0,83722.0,83875.0,64.52979
2026-09-28 16:24:00,83874.99,83980.0,83837.57,83911.29,62.99816
2026-09-28 16:25:00,83911.29,83938.54,83876.0,83923.21,12.91718
2026-09-28 16:26:00,83923.21,84096.72,83923.21,84074.35,56.52758
2026-09-28 16:27:00,84074.34,84188.9,84052.0,84188.89,48.41951
2026-09-28 16:28:00,84188.89,84188.9,84064.0,84112.13,46.71318
2026-09-28 16:29:00,84112.13,84151.0,83971.46,84012.01,28.20068
2026-09-28 16:30:00,84012.01,84114.26,84007.99,84100.0,34.90812
2026-09-28 16:31:00,84100.0,84100.0,84026.26,84042.01,11.43256
2026-09-28 16:32:00,84042.0,84074.01,83959.08,83959.08,15.66316
2026-09-28 16:33:00,83959.09,84000.48,83919.22,83954.0,15.8735
2026-09-28 16:34:00,83954.0,84000.01,83926.0,83942.0,10.69379
2026-09-28 16:35:00,83942.0,83998.01,83926.01,83952.92,19.37459
2026-09-28 16:36:00,83952.91,83972.01,83944.0,83950.01,9.62995
2026-09-28 16:37:00,83950.01,83950.01,83904.09,83930.01,8.75956
2026-09-28 16:38:00,83930.0,83930.01,83868.0,83879.59,14.1279
2026-09-28 16:39:00,83879.59,83879.59,83831.41,83831.41,17.65476
2026-09-28 16:40:00,83831.41,83843.81,83788.01,83793.57,24.80771
2026-09-28 16:41:00,83793.57,83800.0,83716.0,83716.0,21.36393
2026-09-28 16:42:00,83716.0,83746.01,83682.6,83715.22,33.011
2026-09-28 16:43:00,83715.23,83729.13,83678.13,83695.29,12.99033
2026-09-28 16:44:00,83695.29,83740.01,83684.37,83724.0,12.82226
2026-09-28 16:45:00,83724.0,83776.01,83714.0,83714.0,20.15699
2026-09-28 16:46:00,83714.0,83724.01,83666.66,83668.7,29.38537
2026-09-28 16:47:00,83668.69,83686.01,83644.08,83663.67,17.20877
2026-09-28 16:48:00,83663.67,83663.67,83605.8,83605.81,13.20207
2026-09-28 16:49:00,83605.8,83614.01,83582.0,83600.0,15.68126
2026-09-28 16:50:00,83600.01,83636.01,83584.0,83624.67,16.06502
2026-09-28 16:51:00,83624.67,83624.67,83580.28,83616.01,9.48758
2026-09-28 16:52:00,83616.0,83669.51,83584.01,83656.7,13.13778
2026-09-28 16:53:00,83656.7,83688.01,83640.0,83688.0,10.06296
2026-09-28 16:54:00,83688.01,83712.01,83680.64,83712.01,7.54819
2026-09-28 16:55:00,83712.01,83724.01,83682.27,83696.0,8.53857
2026-09-28 16:56:00,83696.0,83716.28,83678.23,83678.23,6.90361
2026-09-28 16:57:00,83678.24,83699.51,83653.0,83676.02,12.85657
2026-09-28 16:58:00,83676.02,83700.0,83676.02,83700.0,7.05697
2026-09-28 16:59:00,83699.99,83723.1,83699.99,83723.1,5.21124
2026-09-28 17:00:00,83723.1,83723.1,83599.12,83599.13,14.25071
2026-09-28 17:01:00,83599.12,83628.01,83595.0,83599.42,15.17237
2026-09-28 17:02:00,83599.42,83756.43,83586.01,83756.43,43.85924
2026-09-28 17:03:00,83756.43,83759.12,83616.0,83650.0,29.03321
2026-09-28 17:04:00,83650.01,83662.0,83634.0,83639.32,13.73775
2026-09-28 17:05:00,83639.31,83639.32,83616.0,83624.72,8.12446
2026-09-28 17:06:00,83624.72,83662.01,83582.76,83653.83,12.33304
2026-09-28 17:07:00,83653.82,83653.82,83590.99,83590.99,14.65601
2026-09-28 17:08:00,83591.0,83591.0,83563.11,83563.46,19.20491
2026-09-28 17:09:00,83563.45,83580.0,83563.45,83570.71,5.05811
2026-09-28 17:10:00,83570.71,83595.95,83563.45,83587.59,4.46715
2026-09-28 17:11:00,83587.58,83983.36,83585.73,83976.32,44.9866
2026-09-28 17:12:00,83976.33,84040.0,83916.0,84014.82,22.95798
2026-09-28 17:13:00,84014.81,84166.66,83977.1,84152.0,44.74501
2026-09-28 17:14:00,84152.0,84250.0,84109.59,84249.99,49.79061
2026-09-28 17:15:00,84249.99,84271.99,84079.21,84208.0,27.69555
2026-09-28 17:16:00,84208.01,84381.3,84208.0,84302.0,47.49477
2026-09-28 17:17:00,84302.01,84324.62,84172.0,84176.72,36.24833
2026-09-28 17:18:00,84176.66,84176.66,84068.0,84068.0,16.82225
2026-09-28 17:19:00,84068.01,84080.38,84004.01,84030.3,14.86746
2026-09-28 17:20:00,84030.31,84038.39,83973.11,84030.3,15.41556
2026-09-28 17:21:00,84030.29,84063.18,84017.02,84024.28,21.93229
2026-09-28 17:22:00,84024.27,84032.68,83987.13,84025.11,19.35365
2026-09-28 17:23:00,84025.1,84071.41,83988.39,84001.0,6.99083
2026-09-28 17:24:00,84001.0,84034.86,84000.99,84013.38,11.61427
2026-09-28 17:25:00,84013.38,84013.39,83991.58,84011.98,3.37802
2026-09-28 17:26:00,84011.97,84011.98,83929.03,83943.71,22.87053
2026-09-28 17:27:00,83943.71,83943.72,83884.0,83886.51,16.75297
2026-09-28 17:28:00,83886.52,83925.56,83880.0,83903.65,19.91886
2026-09-28 17:29:00,83903.65,83941.89,83895.86,83905.01,7.03868
2026-09-28 17:30:00,83905.01,84000.0,83899.02,83999.99,6.62995
2026-09-28 17:31:00,83999.99,84000.0,83953.12,83984.95,5.19539
2026-09-28 17:32:00,83984.95,84002.34,83957.4,83999.99,7.9223
2026-09-28 17:33:00,83999.99,84000.0,83930.62,83930.62,6.40291
2026-09-28 17:34:00,83930.62,83930.63,83878.0,83878.0,9.46422
2026-09-28 17:35:00,83878.0,83931.63,83875.0,83931.63,7.18041
2026-09-28 17:36:00,83931.62,83951.08,83926.84,83929.54,4.35466
2026-09-28 17:37:00,83929.53,83943.95,83852.0,83852.0,18.87511
2026-09-28 17:38:00,83852.01,83952.01,83852.0,83942.96,3.91802
2026-09-28 17:39:00,83942.95,83942.95,83923.18,83931.73,2.957
2026-09-28 17:40:00,83931.74,83956.01,83913.26,83931.78,3.84058
2026-09-28 17:41:00,83931.78,84016.01,83924.62,84016.01,5.44559
2026-09-28 17:42:00,84016.0,84016.01,83942.46,83992.65,6.08146
2026-09-28 17:43:00,83992.65,84026.01,83987.62,84004.79,5.90694
2026-09-28 17:44:00,84004.79,84015.0,83995.13,84014.99,1.82848
2026-09-28 17:45:00,84014.98,84054.01,83999.19,84010.53,5.97617
2026-09-28 17:46:00,84010.52,84010.53,83978.66,83988.07,4.22477
2026-09-28 17:47:00,83988.06,83988.07,83934.0,83934.0,7.85622
2026-09-28 17:48:00,83934.0,83958.2,83931.57,83955.68,4.52556
2026-09-28 17:49:00,83955.68,83955.68,83916.32,83918.52,4.80034
2026-09-28 17:50:00,83918.53,83921.03,83894.0,83894.01,7.23497
2026-09-28 17:51:00,83894.0,83895.08,83866.0,83895.08,4.09375
2026-09-28 17:52:00,83895.07,83966.01,83895.07,83966.0,7.66953
2026-09-28 17:53:00,83966.0,83966.0,83905.54,83905.54,4.46534
2026-09-28 17:54:00,83905.54,83917.53,83879.91,83879.91,3.40073
2026-09-28 17:55:00,83879.91,83897.66,83842.01,83897.66,14.69343
2026-09-28 17:56:00,83899.99,83930.63,83899.99,83912.36,5.60005
2026-09-28 17:57:00,83912.37,83940.1,83912.36,83930.0,6.61718
2026-09-28 17:58:00,83929.99,83930.0,83904.0,83904.01,1.63426
2026-09-28 17:59:00,83904.01,83904.01,83880.33,83880.33,1.48752
2026-09-28 18:00:00,83880.34,83880.34,83846.94,83851.5,3.69195
2026-09-28 18:01:00,83851.49,83887.22,83850.0,83887.22,9.01162
2026-09-28 18:02:00,83887.21,83964.01,83887.21,83964.01,6.54892
2026-09-28 18:03:00,83964.01,83966.01,83938.18,83938.19,6.71268
2026-09-28 18:04:00,83938.18,83974.01,83938.18,83962.62,9.56653
2026-09-28 18:05:00,83962.62,83969.01,83944.45,83947.15,3.13775
2026-09-28 18:06:00,83947.14,83954.91,83910.28,83923.85,3.28002
2026-09-28 18:07:00,83923.85,83923.86,83899.8,83903.83,5.31179
2026-09-28 18:08:00,83903.84,83943.33,83903.83,83943.33,5.42566
2026-09-28 18:09:00,83943.32,83943.32,83913.94,83917.96,2.86933
2026-09-28 18:10:00,83917.97,83960.01,83917.96,83941.14,8.38295
2026-09-28 18:11:00,83941.15,83960.0,83932.75,83960.0,2.3803
2026-09-28 18:12:00,83960.01,83972.15,83950.83,83950.83,2.29055
2026-09-28 18:13:00,83950.83,83960.05,83940.66,83960.05,2.88029
2026-09-28 18:14:00,83960.05,83972.15,83960.04,83972.15,1.3292
2026-09-28 18:15:00,83972.15,83992.01,83959.65,83959.65,3.07025
2026-09-28 18:16:00,83959.65,83965.39,83937.08,83965.38,3.13395
2026-09-28 18:17:00,83965.38,83973.65,83902.58,83902.59,2.39829
2026-09-28 18:18:00,83902.58,83939.07,83899.37,83927.46,2.78946
2026-09-28 18:19:00,83927.46,83927.46,83903.45,83916.9,2.14397
2026-09-28 18:20:00,83916.89,83943.36,83903.45,83928.34,2.4093
2026-09-28 18:21:00,83928.34,83934.98,83921.14,83929.56,4.50948
2026-09-28 18:22:00,83929.57,83990.31,83929.56,83990.3,2.53925
2026-09-28 18:23:00,83990.3,83994.01,83949.95,83949.95,2.9054
2026-09-28 18:24:00,83949.95,83968.33,83937.34,83968.32,1.6761
2026-09-28 18:25:00,83968.32,83995.7,83945.41,83951.79,3.34533
2026-09-28 18:26:00,83951.79,83972.32,83947.59,83972.32,2.12589
2026-09-28 18:27:00,83972.32,84000.0,83972.32,83988.62,6.43804
2026-09-28 18:28:00,83988.62,83988.62,83934.24,83953.65,5.80736
2026-09-28 18:29:00,83953.64,83953.65,83938.35,83938.36,2.82297
2026-09-28 18:30:00,83938.35,83954.89,83894.84,83933.76,6.37524
2026-09-28 18:31:00,83933.75,83933.76,83872.0,83895.71,5.19411
2026-09-28 18:32:00,83895.72,83895.72,83806.35,83806.36,9.39023
2026-09-28 18:33:00,83806.36,83834.62,83800.0,83814.99,5.34795
2026-09-28 18:34:00,83814.99,83877.85,83814.99,83877.84,6.417
2026-09-28 18:35:00,83877.84,83877.85,83850.34,83877.85,3.40888
2026-09-28 18:36:00,83877.84,83887.49,83861.17,83886.15,4.33782
2026-09-28 18:37:00,83886.16,83904.01,83877.14,83877.14,3.22446
2026-09-28 18:38:00,83877.14,83890.67,83846.01,83846.01,3.21743
2026-09-28 18:39:00,83846.0,83846.01,83800.01,83816.94,7.18576
2026-09-28 18:40:00,83816.94,83838.56,83805.55,83838.55,4.0127
2026-09-28 18:41:00,83838.56,83862.99,83816.94,83846.65,3.33714
2026-09-28 18:42:00,83846.65,83864.38,83830.48,83830.49,3.52882
2026-09-28 18:43:00,83830.49,83833.36,83816.94,83833.36,4.87219
2026-09-28 18:44:00,83833.36,83869.5,83833.35,83869.49,2.3855
2026-09-28 18:45:00,83869.49,83869.49,83818.48,83827.9,5.0314
2026-09-28 18:46:00,83827.91,83842.26,83827.91,83831.62,5.14041
2026-09-28 18:47:00,83831.62,83890.05,83810.35,83890.05,9.80986
2026-09-28 18:48:00,83890.04,83952.96,83877.88,83904.29,22.15173
2026-09-28 18:49:00,83904.28,83904.28,83868.39,83879.0,20.71051
2026-09-28 18:50:00,83878.99,83914.97,83878.99,83895.84,20.23832
2026-09-28 18:51:00,83895.85,83917.46,83895.84,83916.11,21.87001
2026-09-28 18:52:00,83916.11,83976.01,83916.1,83976.0,21.3938
2026-09-28 18:53:00,83976.0,84029.27,83973.32,84009.42,29.45586
2026-09-28 18:54:00,84009.43,84031.52,83983.95,84031.52,23.20081
2026-09-28 18:55:00,84031.52,84040.01,83998.64,84024.08,22.07797
2026-09-28 18:56:00,84024.09,84035.69,84000.0,84002.71,21.97501
2026-09-28 18:57:00,84002.71,84038.89,84002.71,84020.69,10.56079
2026-09-28 18:58:00,84020.7,84038.11,84020.69,84038.1,2.13953
2026-09-28 18:59:00,84038.11,84045.23,84038.1,84041.19,2.29039
2026-09-28 19:00:00,84041.19,84045.23,83981.1,83981.11,3.20126
2026-09-28 19:01:00,83981.1,83981.11,83922.32,83937.14,4.48091
2026-09-28 19:02:00,83937.14,83937.15,83878.0,83881.49,6.3708
2026-09-28 19:03:00,83881.49,83895.28,83858.0,83858.0,5.90007
2026-09-28 19:04:00,83858.01,83858.01,83818.18,83818.18,5.26439
2026-09-28 19:05:00,83818.18,83823.05,83789.09,83823.05,7.3805
2026-09-28 19:06:00,83823.06,83823.06,83748.01,83748.01,7.44981
2026-09-28 19:07:00,83748.0,83767.34,83716.16,83720.13,11.29773
2026-09-28 19:08:00,83720.13,83747.17,83715.78,83727.28,9.50724
2026-09-28 19:09:00,83726.28,83726.28,83668.07,83668.07,11.59757
2026-09-28 19:10:00,83668.07,83690.87,83658.05,83668.7,2.62565
2026-09-28 19:11:00,83668.71,83700.0,83666.73,83666.73,7.45799
2026-09-28 19:12:00,83666.73,83713.81,83665.46,83713.8,7.06515
2026-09-28 19:13:00,83713.81,83756.58,83713.8,83748.28,8.86538
2026-09-28 19:14:00,83748.28,83748.28,83721.27,83727.59,3.01463
2026-09-28 19:15:00,83727.59,83727.59,83674.75,83708.3,3.39879
2026-09-28 19:16:00,83708.31,83732.52,83680.64,83680.65,4.40218
2026-09-28 19:17:00,83680.64,83725.79,83680.64,83713.43,4.94701
2026-09-28 19:18:00,83713.42,83724.25,83690.77,83724.24,3.35896
2026-09-28 19:19:00,83724.25,83737.5,83690.76,83737.5,22.9514
2026-09-28 19:20:00,83737.5,83737.5,83694.93,83694.93,2.97683
2026-09-28 19:21:00,83694.93,83711.33,83676.85,83699.48,2.71696
2026-09-28 19:22:00,83699.48,83701.39,83680.53,83686.4,2.41823
2026-09-28 19:23:00,83686.39,83686.4,83670.89,83670.89,1.98367
2026-09-28 19:24:00,83670.89,83678.38,83663.45,83678.37,7.01961
2026-09-28 19:25:00,83678.37,83678.38,83665.16,83665.17,2.8757
2026-09-28 19:26:00,83665.16,83687.78,83662.16,83669.83,3.65423
2026-09-28 19:27:00,83669.82,83686.32,83669.82,83680.52,2.05357
2026-09-28 19:28:00,83680.51,83680.52,83665.34,83674.46,6.56317
2026-09-28 19:29:00,83674.46,83674.46,83634.09,83638.0,10.63729
2026-09-28 19:30:00,83638.01,83652.84,83626.22,83626.22,5.811
2026-09-28 19:31:00,83626.23,83652.76,83613.8,83616.76,5.82737
2026-09-28 19:32:00,83616.76,83643.78,83578.95,83590.6,10.4611
2026-09-28 19:33:00,83590.59,83610.9,83529.0,83529.0,9.65475
2026-09-28 19:34:00,83529.01,83554.95,83508.0,83539.74,17.54729
2026-09-28 19:35:00,83539.75,83539.75,83494.0,83494.0,6.89564
2026-09-28 19:36:00,83494.01,83494.01,83430.0,83445.81,17.57179
2026-09-28 19:37:00,83445.81,83445.82,83328.0,83328.01,24.74547
2026-09-28 19:38:00,83328.01,83328.01,83236.22,83244.69,19.76192
2026-09-28 19:39:00,83244.7,83283.06,83208.0,83241.54,14.20415
2026-09-28 19:40:00,83241.53,83241.54,83118.1,83118.11,68.57184
2026-09-28 19:41:00,83118.11,83220.01,83118.1,83220.0,13.95822
2026-09-28 19:42:00,83220.0,83246.01,83195.58,83246.01,6.83174
2026-09-28 19:43:00,83246.01,83304.01,83246.0,83275.71,8.39971
2026-09-28 19:44:00,83275.72,83336.01,83270.5,83320.53,9.14429
2026-09-28 19:45:00,83320.53,83383.02,83312.2,83383.02,6.65607
2026-09-28 19:46:00,83383.01,83384.01,83346.44,83354.33,4.8075
2026-09-28 19:47:00,83354.33,83364.19,83334.25,83334.25,5.84269
2026-09-28 19:48:00,83334.24,83334.24,83281.77,83283.12,6.53911
2026-09-28 19:49:00,83283.13,83300.17,83278.0,83292.64,5.85885
2026-09-28 19:50:00,83292.63,83329.53,83274.0,83324.11,5.10574
2026-09-28 19:51:00,83324.11,83384.01,83307.82,83384.01,5.06015
2026-09-28 19:52:00,83384.0,83400.01,83373.06,83400.0,5.13398
2026-09-28 19:53:00,83400.01,83404.01,83385.09,83395.67,4.68209
2026-09-28 19:54:00,83395.67,83405.05,83365.14,83365.15,3.98023
2026-09-28 19:55:00,83365.15,83405.03,83365.15,83365.15,3.91869
2026-09-28 19:56:00,83365.15,83392.64,83365.15,83392.64,1.35208
2026-09-28 19:57:00,83392.63,83403.69,83378.09,83381.65,3.10015
2026-09-28 19:58:00,83381.66,83424.0,83381.65,83423.99,4.77501
2026-09-28 19:59:00,83424.0,83424.0,83386.87,83389.54,21.2907
2026-09-28 20:00:00,83389.53,83434.78,83384.0,83409.09,4.69157
2026-09-28 20:01:00,83409.09,83409.09,83286.01,83286.01,19.95538
2026-09-28 20:02:00,83286.0,83362.33,83270.0,83362.32,8.82064
2026-09-28 20:03:00,83362.33,83418.01,83362.32,83399.93,6.62428
2026-09-28 20:04:00,83399.92,83495.06,83396.86,83484.62,7.77834
2026-09-28 20:05:00,83484.63,83529.0,83484.62,83519.17,13.88955
2026-09-28 20:06:00,83519.16,83544.36,83500.19,83544.35,19.53945
2026-09-28 20:07:00,83544.35,83563.45,83536.01,83563.44,4.87995
2026-09-28 20:08:00,83563.45,83569.57,83549.9,83569.55,4.50856
2026-09-28 20:09:00,83569.56,83570.72,83569.55,83570.72,0.96391
2026-09-28 20:10:00,83570.72,83588.66,83570.71,83584.57,3.51692
2026-09-28 20:11:00,83584.57,83613.8,83584.56,83591.56,5.90686
2026-09-28 20:12:00,83591.57,83591.57,83545.82,83545.82,3.39669
2026-09-28 20:13:00,83545.83,83582.01,83545.83,83582.01,11.05425
2026-09-28 20:14:00,83582.01,83582.01,83570.52,83570.53,9.50842
2026-09-28 20:15:00,83570.53,83570.53,83536.98,83536.99,2.4985
2026-09-28 20:16:00,83536.99,83536.99,83494.0,83494.0,3.63301
2026-09-28 20:17:00,83494.0,83494.01,83485.28,83485.28,1.946
2026-09-28 20:18:00,83485.28,83493.55,83472.93,83493.54,2.5648
2026-09-28 20:19:00,83493.55,83514.01,83493.54,83514.01,2.92233
2026-09-28 20:20:00,83514.01,83541.68,83514.01,83534.01,6.03188
2026-09-28 20:21:00,83534.0,83534.01,83525.65,83526.0,1.6669
2026-09-28 20:22:00,83525.99,83526.0,83525.99,83526.0,1.75181
2026-09-28 20:23:00,83526.0,83526.0,83486.8,83486.8,3.33013
2026-09-28 20:24:00,83486.8,83552.01,83480.0,83552.0,4.26939
2026-09-28 20:25:00,83552.0,83555.78,83548.0,83553.47,4.10434
2026-09-28 20:26:00,83553.47,83553.48,83545.1,83550.0,13.26997
2026-09-28 20:27:00,83550.01,83550.01,83534.74,83534.74,9.89074
2026-09-28 20:28:00,83534.74,83544.01,83526.0,83544.01,11.5337
2026-09-28 20:29:00,83544.01,83550.01,83481.35,83492.0,10.46974
2026-09-28 20:30:00,83492.01,83492.01,83468.0,83476.01,5.36429
2026-09-28 20:31:00,83476.0,83504.01,83472.01,83504.0,3.05402
2026-09-28 20:32:00,83504.01,83516.01,83504.01,83508.0,1.54661
2026-09-28 20:33:00,83508.0,83538.01,83508.0,83538.0,1.8734
2026-09-28 20:34:00,83538.01,83544.01,83526.0,83544.01,2.61605
2026-09-28 20:35:00,83544.01,83549.8,83544.01,83549.8,1.61666
2026-09-28 20:36:00,83549.79,83550.01,83541.44,83550.01,1.10106
2026-09-28 20:37:00,83550.0,83550.0,83526.0,83527.66,2.28763
2026-09-28 20:38:00,83527.66,83538.01,83527.65,83538.0,1.63114
2026-09-28 20:39:00,83538.0,83555.78,83534.55,83555.77,1.54724
2026-09-28 20:40:00,83555.78,83563.74,83555.77,83563.74,0.97685
2026-09-28 20:41:00,83563.74,83581.51,83563.73,83581.51,2.59747
2026-09-28 20:42:00,83581.51,83581.51,83553.25,83553.25,3.11843
2026-09-28 20:43:00,83553.25,83553.25,83488.63,83504.01,5.51687
2026-09-28 20:44:00,83504.0,83504.01,83500.0,83500.01,0.747
2026-09-28 20:45:00,83500.0,83500.0,83482.0,83482.0,3.80658
2026-09-28 20:46:00,83482.01,83496.95,83472.0,83496.95,4.30236
2026-09-28 20:47:00,83496.95,83512.48,83496.95,83503.48,2.68439
2026-09-28 20:48:00,83503.47,83503.48,83483.66,83483.67,1.18412
2026-09-28 20:49:00,83483.66,83483.67,83473.65,83482.0,1.46493
2026-09-28 20:50:00,83482.01,83482.01,83442.0,83448.0,5.64239
2026-09-28 20:51:00,83448.0,83468.01,83448.0,83468.01,1.5729
2026-09-28 20:52:00,83468.01,83468.01,83458.0,83458.01,2.64087
2026-09-28 20:53:00,83458.01,83468.01,83458.0,83468.0,1.78423
2026-09-28 20:54:00,83468.0,83486.01,83468.0,83486.01,1.06706
2026-09-28 20:55:00,83486.01,83509.75,83486.0,83509.75,2.36748
2026-09-28 20:56:00,83509.75,83518.01,83509.74,83518.01,1.07872
2026-09-28 20:57:00,83518.01,83548.01,83518.0,83540.19,7.91185
2026-09-28 20:58:00,83540.2,83540.2,83534.06,83534.07,2.08167
2026-09-28 20:59:00,83534.06,83548.01,83534.06,83548.0,1.10612
2026-09-28 21:00:00,83548.01,83610.67,83548.0,83610.66,4.16518
2026-09-28 21:01:00,83610.67,83642.01,83610.66,83628.01,4.67506
2026-09-28 21:02:00,83628.01,83652.01,83626.0,83630.0,5.8674
2026-09-28 21:03:00,83630.01,83648.55,83630.0,83638.0,2.96977
2026-09-28 21:04:00,83638.01,83656.01,83638.01,83654.0,1.93709
2026-09-28 21:05:00,83654.0,83664.01,83636.0,83636.01,2.53615
2026-09-28 21:06:00,83636.01,83644.01,83626.0,83638.01,3.30076
2026-09-28 21:07:00,83638.0,83638.01,83584.73,83584.73,4.45438
2026-09-28 21:08:00,83584.74,83618.01,83584.73,83618.0,2.14593
2026-09-28 21:09:00,83618.01,83622.01,83616.0,83616.0,1.66626
2026-09-28 21:10:00,83616.01,83624.01,83598.0,83598.01,3.0347
2026-09-28 21:11:00,83598.0,83606.93,83586.02,83606.92,4.96079
2026-09-28 21:12:00,83606.93,83614.01,83604.24,83606.42,7.46623
2026-09-28 21:13:00,83606.42,83606.43,83590.43,83590.44,2.48324
2026-09-28 21:14:00,83590.43,83590.44,83586.0,83586.0,1.60764
2026-09-28 21:15:00,83586.01,83586.01,83569.11,83569.12,1.90594
2026-09-28 21:16:00,83569.11,83569.12,83566.52,83566.52,0.73381
2026-09-28 21:17:00,83566.52,83566.53,83536.48,83536.48,1.64514
2026-09-28 21:18:00,83536.49,83536.49,83510.47,83510.47,2.63744
2026-09-28 21:19:00,83510.48,83530.01,83510.47,83530.01,2.69509
2026-09-28 21:20:00,83530.0,83530.01,83517.99,83517.99,1.87636
2026-09-28 21:21:00,83517.99,83518.0,83495.05,83495.05,1.96168
2026-09-28 21:22:00,83495.06,83495.06,83482.94,83482.95,1.76853
2026-09-28 21:23:00,83482.94,83482.95,83468.25,83468.26,2.18731
2026-09-28 21:24:00,83468.25,83468.26,83468.25,83468.26,1.48932
2026-09-28 21:25:00,83468.26,83488.49,83468.25,83488.49,3.56624
2026-09-28 21:26:00,83488.48,83488.49,83464.0,83464.0,2.57043
2026-09-28 21:27:00,83464.01,83464.01,83458.0,83458.0,0.86354
2026-09-28 21:28:00,83458.01,83458.01,83458.0,83458.0,2.07694
2026-09-28 21:29:00,83458.0,83468.31,83458.0,83468.31,10.03304
2026-09-28 21:30:00,83468.32,83475.48,83468.31,83475.48,1.2111
2026-09-28 21:31:00,83475.47,83475.48,83438.0,83438.01,2.9477
2026-09-28 21:32:00,83438.01,83438.01,83422.0,83428.01,2.25586
2026-09-28 21:33:00,83428.01,83442.01,83428.0,83442.01,1.7406
2026-09-28 21:34:00,83442.01,83472.01,83442.0,83468.03,10.08307
2026-09-28 21:35:00,83468.04,83468.04,83457.02,83457.02,2.07079
2026-09-28 21:36:00,83457.02,83472.01,83457.02,83472.01,1.14765
2026-09-28 21:37:00,83472.0,83472.01,83459.34,83466.67,1.46309
2026-09-28 21:38:00,83466.66,83466.66,83424.48,83424.48,5.09574
2026-09-28 21:39:00,83424.49,83424.49,83424.48,83424.48,1.15032
2026-09-28 21:40:00,83424.48,83431.16,83400.0,83422.68,6.46044
2026-09-28 21:41:00,83422.68,83426.01,83416.0,83420.01,2.2623
2026-09-28 21:42:00,83420.0,83428.01,83420.0,83428.01,1.23935
2026-09-28 21:43:00,83428.01,83428.01,83421.43,83424.0,2.84362
2026-09-28 21:44:00,83424.0,83427.66,83420.0,83427.64,2.93041
2026-09-28 21:45:00,83427.64,83435.9,83427.64,83435.9,0.97196
2026-09-28 21:46:00,83435.89,83439.38,83408.37,83408.37,3.14489
2026-09-28 21:47:00,83408.37,83408.38,83402.0,83402.0,1.03832
2026-09-28 21:48:00,83402.01,83402.01,83400.0,83400.01,0.85679
2026-09-28 21:49:00,83400.01,83427.68,83400.0,83427.67,11.18633
2026-09-28 21:50:00,83427.67,83427.67,83399.39,83399.39,2.37749
2026-09-28 21:51:00,83399.4,83399.4,83326.0,83341.99,9.99385
2026-09-28 21:52:00,83341.99,83376.01,83341.99,83376.01,3.43201
2026-09-28 21:53:00,83376.01,83378.75,83301.06,83301.06,8.69527
2026-09-28 21:54:00,83301.07,83301.07,83232.15,83244.0,14.70663
2026-09-28 21:55:00,83244.0,83260.01,83244.0,83260.0,2.10858
2026-09-28 21:56:00,83260.01,83262.01,83253.14,83253.14,2.47697
2026-09-28 21:57:00,83253.14,83261.69,83247.99,83247.99,3.57531
2026-09-28 21:58:00,83248.0,83264.01,83229.15,83264.01,6.75108
2026-09-28 21:59:00,83264.0,83264.01,83214.0,83218.01,5.12604
2026-09-28 22:00:00,83218.01,83234.01,83183.0,83183.0,14.19928
2026-09-28 22:01:00,83183.01,83186.01,83183.0,83183.0,9.8629
2026-09-28 22:02:00,83183.0,83183.01,83100.0,83166.01,25.26841
2026-09-28 22:03:00,83166.0,83220.01,83156.0,83176.02,9.05548
2026-09-28 22:04:00,83176.02,83236.01,83176.02,83186.0,10.15305
2026-09-28 22:05:00,83186.01,83186.01,83125.6,83125.6,3.82897
2026-09-28 22:06:00,83125.61,83128.0,83106.0,83110.01,8.48534
2026-09-28 22:07:00,83110.0,83123.16,83110.0,83120.01,1.57871
2026-09-28 22:08:00,83120.0,83182.34,83120.0,83182.34,8.85187
2026-09-28 22:09:00,83182.34,83182.34,83156.0,83182.0,3.56965
2026-09-28 22:10:00,83182.0,83199.53,83164.0,83199.53,5.28571
2026-09-28 22:11:00,83199.53,83200.0,83190.0,83199.99,2.19693
2026-09-28 22:12:00,83200.0,83210.01,83199.99,83210.01,0.99414
2026-09-28 22:13:00,83210.0,83224.74,83210.0,83214.36,9.40106
2026-09-28 22:14:00,83214.37,83214.37,83181.88,83181.98,22.81441
2026-09-28 22:15:00,83181.98,83181.99,83158.0,83158.01,3.25684
2026-09-28 22:16:00,83158.01,83182.0,83158.01,83182.0,2.56435
2026-09-28 22:17:00,83182.0,83216.0,83181.99,83215.99,1.42884
2026-09-28 22:18:00,83215.99,83224.74,83215.99,83224.74,1.38216
2026-09-28 22:19:00,83224.73,83224.74,83224.73,83224.74,0.62793
2026-09-28 22:20:00,83224.74,83224.74,83194.0,83214.01,3.36958
2026-09-28 22:21:00,83214.0,83228.01,83214.0,83228.01,2.68267
2026-09-28 22:22:00,83228.01,83228.01,83225.33,83225.33,2.31024
2026-09-28 22:23:00,83225.33,83225.33,83202.24,83217.61,3.68438
2026-09-28 22:24:00,83217.62,83217.62,83209.29,83209.99,5.04529
2026-09-28 22:25:00,83210.0,83210.0,83199.68,83209.99,0.94912
2026-09-28 22:26:00,83210.0,83234.0,83209.99,83233.99,2.61064
2026-09-28 22:27:00,83233.99,83242.4,83233.99,83242.39,0.73667
2026-09-28 22:28:00,83242.39,83242.4,83242.39,83242.4,0.5202
2026-09-28 22:29:00,83242.39,83242.4,83234.07,83236.0,1.178
2026-09-28 22:30:00,83236.01,83245.0,83236.0,83244.99,1.3809
2026-09-28 22:31:00,83244.99,83245.0,83244.99,83244.99,1.04327
2026-09-28 22:32:00,83245.0,83300.0,83245.0,83300.0,4.17835
2026-09-28 22:33:00,83299.99,83322.01,83299.99,83322.0,0.80213
2026-09-28 22:34:00,83322.01,83332.01,83308.0,83314.0,5.90535
2026-09-28 22:35:00,83314.0,83362.01,83314.0,83362.0,3.60338
2026-09-28 22:36:00,83362.01,83412.0,83362.01,83412.0,3.06207
2026-09-28 22:37:00,83412.0,83460.01,83412.0,83458.31,5.20961
2026-09-28 22:38:00,83458.31,83476.01,83458.3,83472.01,3.06605
2026-09-28 22:39:00,83472.0,83472.0,83451.06,83451.06,1.60073
2026-09-28 22:40:00,83451.06,83474.01,83451.06,83474.0,1.18328
2026-09-28 22:41:00,83474.01,83488.01,83474.0,83488.0,1.34169
2026-09-28 22:42:00,83488.01,83488.01,83484.0,83484.0,2.44252
2026-09-28 22:43:00,83484.0,83484.01,83484.0,83484.01,0.53953
2026-09-28 22:44:00,83484.01,83488.64,83484.0,83488.64,0.92321
2026-09-28 22:45:00,83488.63,83503.5,83488.63,83503.5,3.08846
2026-09-28 22:46:00,83503.5,83514.78,83503.49,83514.78,2.85258
2026-09-28 22:47:00,83514.77,83514.78,83486.86,83492.21,5.21021
2026-09-28 22:48:00,83492.21,83499.98,83492.2,83499.97,3.27915
2026-09-28 22:49:00,83499.97,83520.01,83499.97,83516.0,2.55988
2026-09-28 22:50:00,83516.0,83516.01,83516.0,83516.0,0.63721
2026-09-28 22:51:00,83516.01,83528.0,83516.0,83527.99,2.28668
2026-09-28 22:52:00,83528.0,83534.79,83527.99,83529.0,25.43991
2026-09-28 22:53:00,83529.0,83529.0,83519.14,83519.15,2.50056
2026-09-28 22:54:00,83519.15,83520.49,83519.14,83520.49,4.14893
2026-09-28 22:55:00,83520.48,83536.01,83520.48,83536.01,3.86281
2026-09-28 22:56:00,83536.0,83538.96,83530.0,83538.96,3.30313
2026-09-28 22:57:00,83538.96,83538.96,83538.95,83538.96,0.35484
2026-09-28 22:58:00,83538.95,83538.96,83538.95,83538.96,1.31881
2026-09-28 22:59:00,83538.96,83544.01,83538.95,83544.01,1.24201
2026-09-28 23:00:00,83544.01,83544.01,83544.0,83544.0,0.63768
2026-09-28 23:01:00,83544.01,83564.03,83544.01,83564.03,2.05518
2026-09-28 23:02:00,83564.03,83610.01,83564.02,83610.01,9.72081
2026-09-28 23:03:00,83610.01,83636.22,83610.01,83627.24,5.54443
2026-09-28 23:04:00,83627.24,83636.7,83622.0,83622.01,10.40856
2026-09-28 23:05:00,83622.01,83622.01,83564.01,83564.02,2.9111
2026-09-28 23:06:00,83564.01,83564.01,83518.0,83521.65,8.13736
2026-09-28 23:07:00,83521.65,83544.01,83498.0,83544.0,4.24308
2026-09-28 23:08:00,83544.01,83548.01,83532.0,83536.0,2.66056
2026-09-28 23:09:00,83536.01,83548.01,83514.0,83514.01,3.4539
2026-09-28 23:10:00,83514.01,83514.01,83503.76,83503.77,3.89664
2026-09-28 23:11:00,83503.76,83503.77,83474.0,83475.1,5.1847
2026-09-28 23:12:00,83475.11,83488.01,83474.29,83474.29,2.81894
2026-09-28 23:13:00,83474.29,83474.3,83455.83,83455.83,3.22581
2026-09-28 23:14:00,83455.83,83455.84,83455.0,83455.0,1.22546
2026-09-28 23:15:00,83455.01,83495.06,83455.0,83495.05,2.60294
2026-09-28 23:16:00,83495.05,83510.01,83482.31,83496.0,5.8668
2026-09-28 23:17:00,83496.0,83500.01,83496.0,83500.0,2.04893
2026-09-28 23:18:00,83500.0,83525.1,83500.0,83525.09,4.22208
2026-09-28 23:19:00,83525.1,83532.01,83518.58,83518.59,1.88689
2026-09-28 23:20:00,83518.59,83529.53,83518.58,83520.0,1.95143
2026-09-28 23:21:00,83520.01,83520.01,83480.0,83491.52,3.19676
2026-09-28 23:22:00,83491.52,83512.8,83491.52,83500.01,1.88089
2026-09-28 23:23:00,83500.01,83534.01,83488.64,83534.0,5.17038
2026-09-28 23:24:00,83534.0,83549.99,83530.0,83549.99,1.06788
2026-09-28 23:25:00,83550.0,83562.01,83528.0,83562.0,3.93972
2026-09-28 23:26:00,83562.01,83583.55,83562.01,83582.28,4.72014
2026-09-28 23:27:00,83582.27,83588.01,83582.27,83584.01,2.7823
2026-09-28 23:28:00,83584.01,83584.01,83584.0,83584.01,0.58727
2026-09-28 23:29:00,83584.01,83590.01,83584.0,83590.0,1.32143
2026-09-28 23:30:00,83590.01,83614.36,83590.01,83610.01,4.74378
2026-09-28 23:31:00,83610.0,83610.01,83595.74,83595.99,2.79708
2026-09-28 23:32:00,83595.99,83603.28,83595.99,83603.27,1.88
2026-09-28 23:33:00,83603.28,83603.28,83590.14,83590.15,3.40158
2026-09-28 23:34:00,83590.14,83596.01,83583.3,83583.31,1.86434
2026-09-28 23:35:00,83583.3,83586.01,83583.3,83586.0,0.82996
2026-09-28 23:36:00,83586.01,83588.94,83586.0,83588.93,1.02641
2026-09-28 23:37:00,83588.94,83588.94,83588.93,83588.94,0.32833
2026-09-28 23:38:00,83588.93,83588.94,83588.93,83588.94,0.23097
2026-09-28 23:39:00,83588.94,83602.69,83588.93,83602.68,1.70799
2026-09-28 23:40:00,83602.68,83621.8,83602.0,83621.8,2.67732
2026-09-28 23:41:00,83621.8,83621.8,83612.0,83612.0,1.89168
2026-09-28 23:42:00,83612.01,83612.01,83593.47,83593.48,1.17465
2026-09-28 23:43:00,83593.47,83598.0,83593.47,83598.0,2.52128
2026-09-28 23:44:00,83598.01,83602.85,83598.0,83602.85,5.22319
2026-09-28 23:45:00,83602.84,83602.85,83568.28,83568.28,2.57877
2026-09-28 23:46:00,83568.27,83568.27,83540.0,83550.01,3.54234
2026-09-28 23:47:00,83550.01,83564.01,83550.0,83564.0,0.56534
2026-09-28 23:48:00,83564.01,83564.01,83556.0,83556.0,0.71702
2026-09-28 23:49:00,83556.01,83556.01,83556.0,83556.01,0.87924
2026-09-28 23:50:00,83556.0,83556.0,83528.0,83536.0,2.94153
2026-09-28 23:51:00,83536.0,83536.0,83535.99,83536.0,0.9889
2026-09-28 23:52:00,83535.99,83562.01,83535.99,83556.0,4.21949
2026-09-28 23:53:00,83556.01,83564.01,83556.0,83564.01,2.13963
2026-09-28 23:54:00,83564.0,83566.01,83560.0,83566.01,2.94225
2026-09-28 23:55:00,83566.01,83568.01,83566.0,83568.0,2.00856
2026-09-28 23:56:00,83568.01,83568.01,83568.0,83568.0,2.0241
2026-09-28 23:57:00,83568.0,83568.01,83560.0,83560.0,1.51158
2026-09-28 23:58:00,83560.01,83560.01,83538.45,83538.46,3.07182
2026-09-28 23:59:00,83538.46,83538.46,83500.0,83500.01,5.93532
2026-09-29 00:00:00,83500.01,83505.28,83478.0,83478.0,8.46541
2026-09-29 00:01:00,83478.01,83505.88,83478.01,83505.88,2.59935
2026-09-29 00:02:00,83505.87,83528.36,83505.87,83528.35,2.44298
2026-09-29 00:03:00,83528.36,83528.36,83494.0,83522.01,5.43607
2026-09-29 00:04:00,83522.01,83528.01,83522.0,83528.0,1.57582
2026-09-29 00:05:00,83528.01,83536.36,83508.0,83508.0,5.83806
2026-09-29 00:06:00,83508.0,83538.01,83490.0,83538.01,3.70153
2026-09-29 00:07:00,83538.01,83544.01,83533.32,83536.01,2.82161
2026-09-29 00:08:00,83536.01,83536.01,83518.83,83518.83,2.3661
2026-09-29 00:09:00,83518.84,83534.01,83518.83,83528.0,4.38127
2026-09-29 00:10:00,83528.0,83528.0,83484.37,83484.37,5.4912
2026-09-29 00:11:00,83484.38,83495.06,83462.0,83495.06,3.84719
2026-09-29 00:12:00,83495.06,83509.9,83476.0,83509.89,2.90938
2026-09-29 00:13:00,83509.89,83534.01,83503.65,83534.0,17.24701
2026-09-29 00:14:00,83534.01,83539.95,83525.65,83525.65,4.38423
2026-09-29 00:15:00,83525.66,83525.66,83490.01,83490.01,5.46504
2026-09-29 00:16:00,83490.0,83490.0,83462.0,83462.0,2.7336
2026-09-29 00:17:00,83462.01,83462.01,83410.0,83415.66,5.84707
2026-09-29 00:18:00,83415.67,83416.01,83398.0,83416.01,2.89874
2026-09-29 00:19:00,83416.01,83453.6,83416.0,83445.17,4.72323
2026-09-29 00:20:00,83445.18,83445.18,83420.0,83422.0,3.5158
2026-09-29 00:21:00,83422.01,83427.85,83420.0,83420.0,2.70999
2026-09-29 00:22:00,83420.0,83420.01,83387.42,83387.42,6.22925
2026-09-29 00:23:00,83387.43,83387.43,83366.1,83371.33,7.49126
2026-09-29 00:24:00,83371.33,83381.0,83350.0,83381.0,5.56374
2026-09-29 00:25:00,83380.99,83470.01,83376.0,83470.0,5.16281
2026-09-29 00:26:00,83470.01,83479.63,83462.0,83479.62,2.64429
2026-09-29 00:27:00,83479.63,83484.6,83444.0,83448.01,4.07893
2026-09-29 00:28:00,83448.0,83548.01,83448.0,83548.01,72.50116
2026-09-29 00:29:00,83548.01,83558.01,83522.0,83549.04,40.75979
2026-09-29 00:30:00,83549.05,83564.01,83541.04,83556.01,2.72617
2026-09-29 00:31:00,83556.0,83556.0,83480.0,83480.0,6.93017
2026-09-29 00:32:00,83480.01,83508.01,83468.0,83508.0,5.12035
2026-09-29 00:33:00,83508.01,83582.0,83508.01,83582.0,5.98703
2026-09-29 00:34:00,83582.01,83620.01,83547.23,83547.99,130.24447
2026-09-29 00:35:00,83548.0,83620.01,83548.0,83620.01,12.9735
2026-09-29 00:36:00,83620.0,83620.01,83605.64,83614.0,4.41381
2026-09-29 00:37:00,83614.0,83614.0,83545.36,83566.01,4.53564
2026-09-29 00:38:00,83566.01,83571.5,83528.0,83528.0,5.22129
2026-09-29 00:39:00,83528.0,83548.0,83522.0,83534.01,2.22961
2026-09-29 00:40:00,83534.0,83534.0,83516.0,83516.0,2.08001
2026-09-29 00:41:00,83516.0,83516.01,83500.0,83503.99,2.1568
2026-09-29 00:42:00,83504.0,83544.07,83503.99,83524.3,5.29438
2026-09-29 00:43:00,83524.31,83536.03,83513.08,83533.33,2.48527
2026-09-29 00:44:00,83533.32,83536.01,83522.0,83532.0,5.59882
2026-09-29 00:45:00,83532.0,83532.01,83456.0,83456.0,7.92732
2026-09-29 00:46:00,83456.0,83460.01,83427.0,83427.0,7.46182
2026-09-29 00:47:00,83426.99,83438.01,83403.29,83416.0,9.42801
2026-09-29 00:48:00,83416.0,83428.01,83392.39,83412.01,4.92962
2026-09-29 00:49:00,83412.0,83412.01,83343.82,83343.83,5.95555
2026-09-29 00:50:00,83343.82,83343.85,83328.0,83328.01,2.92011
2026-09-29 00:51:00,83328.01,83328.01,83308.0,83309.97,8.1181
2026-09-29 00:52:00,83309.98,83309.98,83282.52,83292.01,4.40982
2026-09-29 00:53:00,83292.01,83292.01,83265.77,83282.53,5.29362
2026-09-29 00:54:00,83282.53,83289.71,83258.06,83266.55,7.06234
2026-09-29 00:55:00,83266.55,83292.0,83262.14,83275.74,4.50574
2026-09-29 00:56:00,83275.74,83275.74,83234.07,83242.0,7.12923
2026-09-29 00:57:00,83242.0,83242.02,83183.0,83183.0,14.62251
2026-09-29 00:58:00,83183.01,83241.45,83183.0,83236.56,4.89914
2026-09-29 00:59:00,83236.56,83236.56,83185.69,83185.69,4.86409
2026-09-29 01:00:00,83185.69,83185.69,83111.01,83121.7,36.6999
2026-09-29 01:01:00,83121.7,83162.01,83098.0,83150.01,22.53459
2026-09-29 01:02:00,83150.01,83240.01,83150.0,83240.0,6.73599
2026-09-29 01:03:00,83240.0,83241.99,83199.68,83199.69,4.51874
2026-09-29 01:04:00,83199.68,83204.01,83157.68,83157.68,6.58731
2026-09-29 01:05:00,83157.68,83178.01,83117.92,83164.0,6.98482
2026-09-29 01:06:00,83164.01,83174.01,83128.0,83128.0,4.09289
2026-09-29 01:07:00,83128.0,83136.01,83064.52,83070.01,11.53213
2026-09-29 01:08:00,83070.01,83090.01,83050.0,83050.0,8.58173
2026-09-29 01:09:00,83050.0,83056.0,83035.12,83035.68,9.22522
2026-09-29 01:10:00,83035.69,83053.29,83016.67,83039.24,12.82112
2026-09-29 01:11:00,83039.24,83039.25,83017.2,83017.21,5.47659
2026-09-29 01:12:00,83017.21,83094.0,83014.56,83080.0,11.89693
2026-09-29 01:13:00,83080.01,83080.01,82991.2,82999.01,43.52516
2026-09-29 01:14:00,82999.01,83054.58,82999.0,83035.72,33.89837
2026-09-29 01:15:00,83035.72,83040.59,82973.44,83015.02,23.16196
2026-09-29 01:16:00,83015.02,83015.02,82935.49,82936.01,9.99216
2026-09-29 01:17:00,82936.01,82943.44,82921.72,82926.05,6.86621
2026-09-29 01:18:00,82926.05,82945.76,82906.95,82909.02,7.04507
2026-09-29 01:19:00,82909.02,82909.03,82837.0,82837.0,34.90086
2026-09-29 01:20:00,82837.01,82934.1,82837.0,82928.02,14.0185
2026-09-29 01:21:00,82928.02,82987.15,82900.0,82963.82,11.84119
2026-09-29 01:22:00,82963.83,83044.25,82963.47,83044.25,16.38412
2026-09-29 01:23:00,83044.25,83054.01,83000.0,83000.33,5.59815
2026-09-29 01:24:00,83000.34,83023.17,82982.42,83018.71,5.76227
2026-09-29 01:25:00,83018.72,83023.33,82954.44,82973.29,3.71002
2026-09-29 01:26:00,82973.29,83000.0,82958.67,82962.35,8.34887
2026-09-29 01:27:00,82962.35,82962.35,82933.24,82933.24,5.37452
2026-09-29 01:28:00,82933.25,82933.25,82903.9,82916.41,4.3617
2026-09-29 01:29:00,82916.4,82916.4,82827.72,82827.73,40.01676
2026-09-29 01:30:00,82827.73,82911.49,82802.95,82906.18,12.69159
2026-09-29 01:31:00,82906.18,82945.67,82850.0,82850.01,9.72803
2026-09-29 01:32:00,82850.0,82878.08,82789.0,82878.07,19.32306
2026-09-29 01:33:00,82878.08,82934.43,82878.08,82926.14,6.08383
2026-09-29 01:34:00,82926.13,82937.28,82887.19,82900.49,5.72065
2026-09-29 01:35:00,82900.49,82913.5,82819.29,82851.38,11.71641
2026-09-29 01:36:00,82851.38,82851.39,82775.94,82800.63,23.94625
2026-09-29 01:37:00,82800.63,82887.6,82800.63,82859.17,8.23476
2026-09-29 01:38:00,82859.17,82883.38,82850.0,82860.32,11.86847
2026-09-29 01:39:00,82860.31,82893.09,82848.07,82853.84,6.68194
2026-09-29 01:40:00,82853.85,82883.42,82853.84,82876.34,3.30022
2026-09-29 01:41:00,82876.34,82920.89,82838.07,82920.88,12.35352
2026-09-29 01:42:00,82920.89,82994.7,82920.89,82989.84,15.21037
2026-09-29 01:43:00,82989.84,83009.64,82907.64,82907.65,10.11085
2026-09-29 01:44:00,82907.65,82973.83,82907.65,82968.55,14.72421
2026-09-29 01:45:00,82968.54,83074.01,82941.42,83074.01,7.15497
2026-09-29 01:46:00,83074.01,83094.7,83019.07,83027.49,10.37783
2026-09-29 01:47:00,83027.5,83048.53,83005.5,83036.22,4.59326
2026-09-29 01:48:00,83036.22,83036.51,82985.73,82985.73,42.13933
2026-09-29 01:49:00,82985.74,83025.63,82981.04,82983.85,4.58516
2026-09-29 01:50:00,82983.86,82983.86,82932.95,82932.95,5.37139
2026-09-29 01:51:00,82932.95,82932.95,82910.89,82924.28,3.8552
2026-09-29 01:52:00,82924.27,83023.3,82914.01,83023.3,7.54892
2026-09-29 01:53:00,83023.3,83078.01,83023.29,83068.16,11.74913
2026-09-29 01:54:00,83068.16,83068.16,83018.04,83040.2,3.34822
2026-09-29 01:55:00,83040.19,83052.01,83010.71,83030.29,3.38279
2026-09-29 01:56:00,83030.3,83060.01,83025.76,83060.01,11.85941
2026-09-29 01:57:00,83060.01,83060.01,83016.82,83016.83,2.33686
2026-09-29 01:58:00,83016.83,83115.35,83016.82,83058.01,32.57604
2026-09-29 01:59:00,83058.0,83084.01,83055.96,83068.0,10.07443
2026-09-29 02:00:00,83068.01,83100.0,83065.1,83094.01,3.22798
2026-09-29 02:01:00,83094.0,83094.01,83022.95,83030.67,14.70777
2026-09-29 02:02:00,83030.67,83050.52,83008.01,83037.61,7.12925
2026-09-29 02:03:00,83037.61,83038.91,83006.04,83006.46,8.5906
2026-09-29 02:04:00,83006.47,83044.37,83000.0,83029.21,6.89433
2026-09-29 02:05:00,83029.39,83029.39,82972.13,82983.71,12.99034
2026-09-29 02:06:00,82983.7,83004.7,82956.89,83004.7,14.33866
2026-09-29 02:07:00,83004.7,83057.53,83001.71,83050.0,12.37976
2026-09-29 02:08:00,83050.0,83054.01,83003.25,83003.25,6.27868
2026-09-29 02:09:00,83003.26,83003.26,82971.82,82977.56,7.80046
2026-09-29 02:10:00,82977.56,83004.98,82933.0,82933.0,11.89306
2026-09-29 02:11:00,82933.0,82960.24,82925.82,82935.86,9.51186
2026-09-29 02:12:00,82935.86,83037.8,82914.16,83025.36,17.18459
2026-09-29 02:13:00,83025.36,83077.59,83002.9,83077.59,7.09559
2026-09-29 02:14:00,83077.58,83077.59,83020.1,83020.1,12.96878
2026-09-29 02:15:00,83020.1,83078.01,83020.1,83078.01,4.993
2026-09-29 02:16:00,83078.01,83099.61,83052.0,83070.0,5.33689
2026-09-29 02:17:00,83070.0,83070.0,83034.92,83034.93,6.71772
2026-09-29 02:18:00,83034.93,83082.01,83022.58,83078.01,4.99189
2026-09-29 02:19:00,83078.0,83114.0,83063.36,83114.0,5.94657
2026-09-29 02:20:00,83114.01,83156.01,83114.0,83142.0,5.65478
2026-09-29 02:21:00,83142.01,83142.01,83042.9,83042.9,8.24701
2026-09-29 02:22:00,83042.91,83042.91,82914.83,82956.9,11.34022
2026-09-29 02:23:00,82956.89,83025.83,82956.89,83013.29,6.37166
2026-09-29 02:24:00,83013.29,83034.93,82999.99,83008.11,3.14555
2026-09-29 02:25:00,83008.1,83008.1,82963.13,82998.39,3.83077
2026-09-29 02:26:00,82998.38,83010.02,82949.32,82955.62,7.1449
2026-09-29 02:27:00,82955.79,82995.24,82955.79,82959.01,4.26126
2026-09-29 02:28:00,82959.01,82959.02,82929.92,82948.73,2.89956
2026-09-29 02:29:00,82948.73,82975.59,82946.66,82975.59,3.0031
2026-09-29 02:30:00,82975.59,83030.92,82970.35,82970.36,3.34634
2026-09-29 02:31:00,82970.36,82990.3,82950.27,82983.69,8.73719
2026-09-29 02:32:00,82983.69,82983.69,82956.34,82956.35,4.03568
2026-09-29 02:33:00,82956.35,82956.9,82923.76,82925.45,2.90717
2026-09-29 02:34:00,82925.45,82950.92,82891.32,82891.33,10.68699
2026-09-29 02:35:00,82891.33,82949.1,82891.33,82936.19,7.1483
2026-09-29 02:36:00,82936.2,82955.23,82905.37,82925.3,4.00435
2026-09-29 02:37:00,82925.3,82956.9,82925.29,82956.89,5.26935
2026-09-29 02:38:00,82956.9,83000.0,82956.9,83000.0,8.63399
2026-09-29 02:39:00,83000.0,83026.97,82967.97,82970.63,4.38893
2026-09-29 02:40:00,82970.63,82995.71,82967.98,82978.1,9.26036
2026-09-29 02:41:00,82978.09,82994.55,82954.57,82994.55,8.36449
2026-09-29 02:42:00,82994.55,83020.12,82964.34,82964.35,3.56848
2026-09-29 02:43:00,82964.35,83000.0,82957.01,83000.0,1.97309
2026-09-29 02:44:00,82999.99,83036.32,82995.11,83034.3,11.79435
2026-09-29 02:45:00,83034.3,83088.01,83032.49,83088.01,13.52739
2026-09-29 02:46:00,83088.01,83112.01,83088.0,83102.0,3.81042
2026-09-29 02:47:00,83102.0,83102.01,83041.2,83060.0,7.04014
2026-09-29 02:48:00,83060.01,83080.01,83060.01,83078.0,3.66146
2026-09-29 02:49:00,83078.01,83078.01,83026.61,83026.61,23.39051
2026-09-29 02:50:00,83026.61,83026.62,82985.1,82991.11,10.20333
2026-09-29 02:51:00,82991.12,83012.33,82928.88,82928.88,5.92241
2026-09-29 02:52:00,82928.89,82928.89,82903.42,82911.13,5.74237
2026-09-29 02:53:00,82911.12,82956.9,82905.16,82956.9,2.89218
2026-09-29 02:54:00,82956.9,82969.61,82940.27,82969.6,3.43073
2026-09-29 02:55:00,82969.6,82991.46,82969.6,82991.46,10.39269
2026-09-29 02:56:00,82991.46,82991.46,82980.38,82980.38,4.79189
2026-09-29 02:57:00,82980.38,82980.38,82958.68,82958.68,13.04941
2026-09-29 02:58:00,82958.69,82973.67,82958.68,82973.67,3.15441
2026-09-29 02:59:00,82973.66,82980.3,82966.3,82967.4,8.35481
2026-09-29 03:00:00,82967.41,83014.03,82950.0,83014.02,6.60261
2026-09-29 03:01:00,83014.03,83048.89,82964.72,82988.28,9.07797
2026-09-29 03:02:00,82988.28,83000.61,82976.84,82992.32,1.54655
2026-09-29 03:03:00,82992.33,83048.89,82992.33,83014.81,2.99904
2026-09-29 03:04:00,83014.8,83014.8,82901.06,82919.43,9.25452
2026-09-29 03:05:00,82919.44,82919.44,82906.6,82913.19,1.62768
2026-09-29 03:06:00,82913.19,82929.63,82913.19,82924.87,2.03675
2026-09-29 03:07:00,82924.88,82960.68,82924.88,82950.67,3.25825
2026-09-29 03:08:00,82950.66,82950.67,82916.6,82931.01,2.30485
2026-09-29 03:09:00,82931.01,82932.34,82916.83,82932.34,4.44828
2026-09-29 03:10:00,82932.34,82939.6,82922.41,82939.59,1.59286
2026-09-29 03:11:00,82939.6,82939.6,82929.73,82929.73,2.41425
2026-09-29 03:12:00,82929.74,82943.93,82923.38,82932.1,4.37899
2026-09-29 03:13:00,82932.09,82939.72,82916.0,82916.01,6.34617
2026-09-29 03:14:00,82916.0,82916.01,82895.42,82895.43,3.64683
2026-09-29 03:15:00,82895.43,82927.06,82866.01,82927.05,10.5779
2026-09-29 03:16:00,82927.06,82938.7,82901.17,82921.31,1.87544
2026-09-29 03:17:00,82921.3,82930.0,82907.53,82930.0,2.12664
2026-09-29 03:18:00,82930.0,82944.0,82919.48,82944.0,3.98032
2026-09-29 03:19:00,82943.99,83031.92,82943.99,83020.11,5.22228
2026-09-29 03:20:00,83020.11,83082.38,83020.11,83082.37,5.27054
2026-09-29 03:21:00,83082.37,83120.01,83082.37,83098.01,4.11561
2026-09-29 03:22:00,83098.01,83098.01,83056.0,83056.0,5.92068
2026-09-29 03:23:00,83056.01,83090.01,83056.0,83090.0,5.38413
2026-09-29 03:24:00,83090.01,83141.15,83090.0,83136.01,11.13684
2026-09-29 03:25:00,83136.01,83162.01,83122.0,83154.0,9.93672
2026-09-29 03:26:00,83154.0,83178.01,83149.81,83173.13,8.52058
2026-09-29 03:27:00,83173.13,83178.01,83158.0,83178.0,7.34235
2026-09-29 03:28:00,83178.01,83183.0,83178.0,83183.0,10.27811
2026-09-29 03:29:00,83183.0,83210.01,83182.99,83210.01,15.35784
2026-09-29 03:30:00,83210.0,83210.01,83114.94,83125.99,12.42886
2026-09-29 03:31:00,83126.0,83150.0,83114.97,83150.0,3.85134
2026-09-29 03:32:00,83149.99,83180.01,83141.6,83180.01,5.16024
2026-09-29 03:33:00,83180.01,83190.01,83174.0,83184.01,3.86974
2026-09-29 03:34:00,83184.0,83202.01,83184.0,83196.82,2.92093
2026-09-29 03:35:00,83196.83,83202.01,83170.0,83174.0,3.86408
2026-09-29 03:36:00,83174.01,83192.01,83174.0,83188.0,3.09322
2026-09-29 03:37:00,83188.0,83188.01,83155.0,83155.01,3.4865
2026-09-29 03:38:00,83155.01,83155.01,83140.0,83140.0,1.43777
2026-09-29 03:39:00,83140.0,83140.01,83129.16,83129.17,2.39672
2026-09-29 03:40:00,83129.16,83129.17,83116.36,83116.37,2.75527
2026-09-29 03:41:00,83116.37,83152.01,83116.36,83152.0,4.42012
2026-09-29 03:42:00,83152.0,83155.0,83150.0,83155.0,2.54157
2026-09-29 03:43:00,83155.0,83155.0,83138.22,83138.23,2.59076
2026-09-29 03:44:00,83138.23,83138.23,83123.14,83123.14,1.19284
2026-09-29 03:45:00,83123.14,83123.15,83122.0,83122.01,0.93626
2026-09-29 03:46:00,83122.0,83158.62,83122.0,83150.11,14.87532
2026-09-29 03:47:00,83150.11,83150.12,83135.8,83142.0,5.23175
2026-09-29 03:48:00,83142.0,83164.64,83142.0,83150.0,4.03202
2026-09-29 03:49:00,83150.01,83150.01,83144.19,83144.19,1.73577
2026-09-29 03:50:00,83144.2,83170.46,83130.96,83141.97,6.41943
2026-09-29 03:51:00,83141.97,83141.97,83107.68,83117.75,14.31168
2026-09-29 03:52:00,83117.76,83120.01,83086.0,83092.01,4.34902
2026-09-29 03:53:00,83092.0,83172.16,83092.0,83148.03,5.58899
2026-09-29 03:54:00,83148.03,83148.03,83083.0,83083.01,7.9643
2026-09-29 03:55:00,83083.0,83096.01,83073.5,83096.0,3.74214
2026-09-29 03:56:00,83096.01,83096.01,83074.98,83074.99,3.69948
2026-09-29 03:57:00,83074.98,83074.99,83064.52,83070.01,2.51237
2026-09-29 03:58:00,83070.01,83070.01,83044.79,83049.44,5.74857
2026-09-29 03:59:00,83049.44,83070.0,83049.43,83069.99,3.09366
2026-09-29 04:00:00,83070.0,83076.01,83024.43,83024.43,8.50211
2026-09-29 04:01:00,83024.44,83078.01,83024.43,83078.01,6.78895
2026-09-29 04:02:00,83078.0,83096.01,83078.0,83088.01,6.17468
2026-09-29 04:03:00,83088.0,83088.01,83026.06,83041.52,4.83678
2026-09-29 04:04:00,83041.52,83070.68,83041.52,83070.68,3.58381
2026-09-29 04:05:00,83070.68,83070.68,83060.0,83068.0,2.48397
2026-09-29 04:06:00,83068.01,83080.01,83068.0,83080.01,3.65772
2026-09-29 04:07:00,83080.01,83096.01,83077.46,83077.46,5.44524
2026-09-29 04:08:00,83077.47,83077.47,83029.39,83029.39,4.87387
2026-09-29 04:09:00,83029.4,83064.53,83029.39,83064.52,3.42828
2026-09-29 04:10:00,83064.53,83094.01,83064.52,83094.01,4.07749
2026-09-29 04:11:00,83094.0,83116.01,83094.0,83116.0,1.56546
2026-09-29 04:12:00,83116.01,83130.0,83114.67,83128.0,3.38458
2026-09-29 04:13:00,83128.01,83158.01,83128.0,83158.0,2.34909
2026-09-29 04:14:00,83158.01,83158.01,83128.01,83128.02,6.14378
2026-09-29 04:15:00,83128.02,83152.01,83128.01,83147.54,3.54866
2026-09-29 04:16:00,83147.54,83153.98,83147.54,83153.98,2.48403
2026-09-29 04:17:00,83153.98,83231.2,83153.98,83220.0,9.19319
2026-09-29 04:18:00,83220.01,83220.01,83172.41,83192.01,5.68342
2026-09-29 04:19:00,83192.01,83220.0,83192.0,83220.0,2.58264
2026-09-29 04:20:00,83219.99,83246.01,83219.99,83226.95,7.51613
2026-09-29 04:21:00,83226.96,83250.0,83223.19,83250.0,4.6788
2026-09-29 04:22:00,83250.01,83295.61,83250.0,83273.8,15.10559
2026-09-29 04:23:00,83273.79,83283.69,83262.05,83262.05,19.53853
2026-09-29 04:24:00,83262.05,83262.05,83247.38,83262.01,2.65362
2026-09-29 04:25:00,83262.0,83266.01,83250.65,83250.65,2.90517
2026-09-29 04:26:00,83250.66,83250.66,83232.9,83232.9,3.10679
2026-09-29 04:27:00,83232.9,83232.91,83227.78,83227.78,1.96952
2026-09-29 04:28:00,83227.78,83227.79,83226.0,83226.01,1.33433
2026-09-29 04:29:00,83226.01,83226.01,83226.0,83226.0,1.10254
2026-09-29 04:30:00,83226.01,83226.01,83200.54,83205.26,4.37208
2026-09-29 04:31:00,83205.25,83205.26,83188.87,83198.01,2.05329
2026-09-29 04:32:00,83198.0,83198.01,83188.87,83188.87,1.33393
2026-09-29 04:33:00,83188.87,83188.88,83168.0,83168.01,4.54192
2026-09-29 04:34:00,83168.0,83168.01,83149.33,83149.33,2.48854
2026-09-29 04:35:00,83149.34,83149.34,83115.37,83115.38,7.48267
2026-09-29 04:36:00,83115.37,83115.38,83108.98,83115.38,4.17641
2026-09-29 04:37:00,83115.38,83152.01,83115.37,83152.01,5.15518
2026-09-29 04:38:00,83152.0,83172.16,83152.0,83172.15,7.7051
2026-09-29 04:39:00,83172.16,83181.32,83164.0,83164.0,10.18387
2026-09-29 04:40:00,83164.01,83179.72,83160.0,83160.01,3.6467
2026-09-29 04:41:00,83160.0,83179.69,83157.6,83167.93,4.14813
2026-09-29 04:42:00,83167.93,83167.94,83160.0,83160.0,0.83873
2026-09-29 04:43:00,83160.0,83168.01,83160.0,83168.01,3.62552
2026-09-29 04:44:00,83168.01,83172.17,83163.83,83163.83,13.39045
2026-09-29 04:45:00,83163.84,83166.01,83162.43,83164.93,11.36645
2026-09-29 04:46:00,83164.92,83164.93,83150.0,83150.0,11.64836
2026-09-29 04:47:00,83150.01,83150.01,83115.38,83115.39,9.77324
2026-09-29 04:48:00,83115.4,83115.4,83078.64,83094.91,25.33316
2026-09-29 04:49:00,83094.91,83106.02,83094.91,83094.92,5.82241
2026-09-29 04:50:00,83094.93,83094.93,83086.64,83086.65,7.137
2026-09-29 04:51:00,83086.65,83181.21,83086.65,83181.2,4.61945
2026-09-29 04:52:00,83181.21,83206.37,83181.21,83200.01,9.86535
2026-09-29 04:53:00,83200.01,83209.99,83195.27,83209.99,8.50348
2026-09-29 04:54:00,83210.0,83210.0,83195.27,83195.27,9.68337
2026-09-29 04:55:00,83195.28,83202.18,83195.27,83202.18,3.17656
2026-09-29 04:56:00,83202.18,83215.96,83202.17,83202.18,4.13441
2026-09-29 04:57:00,83202.18,83206.01,83200.0,83202.96,5.78624
2026-09-29 04:58:00,83202.95,83206.01,83202.67,83206.0,4.45626
2026-09-29 04:59:00,83206.01,83212.99,83206.01,83212.98,3.22633
2026-09-29 05:00:00,83212.98,83240.01,83212.98,83240.01,1.91339
2026-09-29 05:01:00,83240.01,83262.52,83240.0,83262.51,5.33835
2026-09-29 05:02:00,83262.51,83262.52,83250.0,83259.99,3.29936
2026-09-29 05:03:00,83259.99,83260.0,83229.44,83229.45,2.97651
2026-09-29 05:04:00,83229.44,83237.64,83200.0,83230.01,4.91565
2026-09-29 05:05:00,83230.0,83250.0,83228.66,83245.98,3.76825
2026-09-29 05:06:00,83245.98,83245.98,83208.0,83208.0,5.78962
2026-09-29 05:07:00,83208.01,83208.01,83190.0,83190.01,3.85758
2026-09-29 05:08:00,83190.01,83190.01,83190.0,83190.0,1.83154
2026-09-29 05:09:00,83190.0,83208.01,83178.0,83208.0,6.18191
2026-09-29 05:10:00,83208.01,83216.01,83196.38,83210.0,4.18968
2026-09-29 05:11:00,83210.01,83242.01,83210.01,83240.01,4.23221
2026-09-29 05:12:00,83240.01,83250.0,83240.01,83249.99,2.41258
2026-09-29 05:13:00,83249.99,83260.0,83249.99,83260.0,5.14335
2026-09-29 05:14:00,83260.0,83260.0,83259.99,83260.0,1.56996
2026-09-29 05:15:00,83260.0,83279.78,83260.0,83279.77,4.60189
2026-09-29 05:16:00,83279.78,83279.79,83258.25,83258.26,10.56868
2026-09-29 05:17:00,83258.26,83260.01,83228.0,83260.01,8.31525
2026-09-29 05:18:00,83260.0,83326.26,83260.0,83318.0,14.39714
2026-09-29 05:19:00,83318.0,83344.01,83303.18,83312.26,9.126
2026-09-29 05:20:00,83312.26,83312.26,83284.0,83284.0,2.98254
2026-09-29 05:21:00,83284.01,83296.01,83280.54,83280.55,3.1969
2026-09-29 05:22:00,83280.55,83296.0,83280.54,83296.0,1.85457
2026-09-29 05:23:00,83295.99,83304.01,83295.99,83304.0,1.35957
2026-09-29 05:24:00,83304.01,83344.01,83304.0,83344.0,2.3423
2026-09-29 05:25:00,83344.0,83344.01,83341.66,83341.66,1.76305
2026-09-29 05:26:00,83341.66,83341.67,83304.0,83304.0,7.37762
2026-09-29 05:27:00,83304.01,83304.01,83280.0,83280.01,5.02199
2026-09-29 05:28:00,83280.0,83310.01,83280.0,83310.0,3.08325
2026-09-29 05:29:00,83310.01,83316.01,83310.0,83316.01,1.18541
2026-09-29 05:30:00,83316.01,83316.01,83268.0,83268.01,5.58717
2026-09-29 05:31:00,83268.01,83268.01,83216.0,83216.0,5.20516
2026-09-29 05:32:00,83216.0,83216.0,83182.68,83184.01,7.56082
2026-09-29 05:33:00,83184.0,83184.0,83126.88,83126.88,6.24145
2026-09-29 05:34:00,83126.89,83126.89,83017.3,83017.31,14.55392
2026-09-29 05:35:00,83017.31,83076.01,82982.14,83067.92,15.56991
2026-09-29 05:36:00,83067.92,83080.01,82995.4,83005.33,11.2042
2026-09-29 05:37:00,83005.32,83012.78,82971.1,82971.11,11.56661
2026-09-29 05:38:00,82971.11,83050.0,82971.11,83050.0,4.26128
2026-09-29 05:39:00,83050.01,83112.01,83050.01,83112.01,6.63527
2026-09-29 05:40:00,83112.01,83145.28,83112.01,83132.01,8.99346
2026-09-29 05:41:00,83132.0,83178.01,83106.0,83178.01,7.17373
2026-09-29 05:42:00,83178.0,83186.0,83170.0,83186.0,3.66938
2026-09-29 05:43:00,83186.01,83294.0,83186.0,83294.0,11.53325
2026-09-29 05:44:00,83294.0,83326.01,83294.0,83298.01,7.35872
2026-09-29 05:45:00,83298.01,83312.01,83266.0,83266.0,5.18596
2026-09-29 05:46:00,83266.01,83266.01,83243.93,83243.93,2.46084
2026-09-29 05:47:00,83243.94,83243.94,83215.49,83243.93,4.95103
2026-09-29 05:48:00,83243.94,83305.67,83236.01,83274.9,6.8278
2026-09-29 05:49:00,83274.9,83363.95,83274.89,83363.95,7.86375
2026-09-29 05:50:00,83363.95,83363.95,83349.08,83349.08,4.96647
2026-09-29 05:51:00,83349.09,83370.01,83336.0,83346.0,5.87293
2026-09-29 05:52:00,83346.01,83395.83,83346.0,83350.0,5.1869
2026-09-29 05:53:00,83350.0,83387.43,83344.0,83387.43,6.41931
2026-09-29 05:54:00,83387.43,83422.01,83387.42,83422.0,8.74409
2026-09-29 05:55:00,83422.01,83422.01,83390.01,83416.01,7.75449
2026-09-29 05:56:00,83416.0,83434.56,83410.0,83431.01,9.58987
2026-09-29 05:57:00,83431.02,83431.02,83400.0,83412.0,9.92453
2026-09-29 05:58:00,83412.0,83412.0,83400.0,83400.01,7.64412
2026-09-29 05:59:00,83400.01,83431.02,83400.0,83431.02,4.05557
2026-09-29 06:00:00,83431.01,83466.01,83420.01,83424.0,8.79589
2026-09-29 06:01:00,83424.01,83450.0,83423.64,83449.99,4.54752
2026-09-29 06:02:00,83449.99,83464.36,83449.99,83464.36,9.09699
2026-09-29 06:03:00,83464.35,83500.0,83464.35,83500.0,7.74471
2026-09-29 06:04:00,83499.99,83520.16,83499.99,83516.01,8.7393
2026-09-29 06:05:00,83516.01,83555.0,83500.0,83515.71,27.63307
2026-09-29 06:06:00,83515.7,83556.01,83515.7,83556.01,6.46384
2026-09-29 06:07:00,83556.0,83669.61,83556.0,83624.05,22.86412
2026-09-29 06:08:00,83624.05,83679.87,83624.04,83679.87,10.90369
2026-09-29 06:09:00,83679.86,83770.01,83679.86,83770.0,23.25019
2026-09-29 06:10:00,83770.0,83771.44,83732.49,83764.0,26.53249
2026-09-29 06:11:00,83764.0,83807.51,83756.0,83807.5,44.13423
2026-09-29 06:12:00,83807.5,83829.95,83782.0,83782.01,17.00767
2026-09-29 06:13:00,83782.0,83815.07,83778.08,83815.06,8.65991
2026-09-29 06:14:00,83815.07,83892.89,83815.06,83892.89,23.87851
2026-09-29 06:15:00,83892.88,83895.0,83827.25,83834.86,21.53832
2026-09-29 06:16:00,83834.86,83834.86,83770.0,83770.01,10.0183
2026-09-29 06:17:00,83770.01,83774.01,83746.0,83750.04,15.24031
2026-09-29 06:18:00,83750.05,83772.01,83746.17,83772.0,6.11648
2026-09-29 06:19:00,83772.0,83822.72,83772.0,83822.71,9.36419
2026-09-29 06:20:00,83822.71,83836.08,83795.06,83836.07,8.55083
2026-09-29 06:21:00,83836.08,83878.2,83836.08,83871.48,6.52639
2026-09-29 06:22:00,83871.47,83890.59,83853.23,83878.77,10.85192
2026-09-29 06:23:00,83878.77,83878.78,83841.22,83844.12,5.71343
2026-09-29 06:24:00,83843.91,83843.91,83830.0,83830.01,4.58017
2026-09-29 06:25:00,83830.01,83853.7,83825.24,83849.67,13.83425
2026-09-29 06:26:00,83849.66,83869.17,83848.38,83848.38,7.02724
2026-09-29 06:27:00,83848.39,83848.39,83827.7,83835.82,6.81039
2026-09-29 06:28:00,83835.81,83845.2,83835.81,83845.19,2.91195
2026-09-29 06:29:00,83845.2,83881.94,83845.2,83881.93,5.69949
2026-09-29 06:30:00,83881.93,83917.0,83871.99,83916.99,17.31219
2026-09-29 06:31:00,83916.99,83934.91,83916.99,83934.91,29.17067
2026-09-29 06:32:00,83934.91,83946.0,83916.99,83945.99,6.9403
2026-09-29 06:33:00,83946.0,83955.17,83928.92,83938.37,11.37276
2026-09-29 06:34:00,83938.37,83955.15,83931.27,83955.14,3.60578
2026-09-29 06:35:00,83955.14,83955.14,83879.69,83879.69,6.83378
2026-09-29 06:36:00,83879.69,83890.42,83857.57,83879.7,4.03486
2026-09-29 06:37:00,83879.69,83898.19,83851.09,83851.37,23.94435
2026-09-29 06:38:00,83851.38,83856.25,83851.37,83853.0,9.9833
2026-09-29 06:39:00,83853.0,83866.91,83844.79,83866.91,7.94433
2026-09-29 06:40:00,83866.91,83879.61,83866.9,83879.61,2.10929
2026-09-29 06:41:00,83879.6,83879.61,83879.6,83879.6,1.74683
2026-09-29 06:42:00,83879.61,83888.0,83879.6,83887.99,2.02628
2026-09-29 06:43:00,83887.99,83888.0,83887.99,83888.0,1.54232
2026-09-29 06:44:00,83888.0,83899.91,83887.99,83899.91,9.4309
2026-09-29 06:45:00,83899.91,83910.0,83892.68,83903.77,4.24729
2026-09-29 06:46:00,83903.78,83906.02,83903.77,83906.01,3.19889
2026-09-29 06:47:00,83906.01,83906.02,83863.43,83863.43,10.64106
2026-09-29 06:48:00,83863.44,83900.0,83862.76,83900.0,7.69349
2026-09-29 06:49:00,83899.99,83910.0,83899.99,83909.99,4.44793
2026-09-29 06:50:00,83910.0,83910.0,83909.99,83910.0,1.61249
2026-09-29 06:51:00,83910.0,83981.58,83909.99,83973.7,16.23856
2026-09-29 06:52:00,83973.69,83980.0,83954.6,83959.0,7.65391
2026-09-29 06:53:00,83959.0,83980.0,83957.78,83980.0,18.56048
2026-09-29 06:54:00,83979.99,83991.61,83979.99,83986.0,11.92266
2026-09-29 06:55:00,83986.01,84000.0,83968.32,83999.99,13.30422
2026-09-29 06:56:00,83999.99,84000.0,83991.55,83999.99,9.25812
2026-09-29 06:57:00,83999.99,84000.0,83978.25,83995.95,14.28978
2026-09-29 06:58:00,83995.96,84000.0,83972.34,83999.99,3.44794
2026-09-29 06:59:00,84000.0,84017.74,83999.99,84007.06,7.89809
2026-09-29 07:00:00,84007.07,84007.07,83895.12,83907.96,10.45574
2026-09-29 07:01:00,83907.97,83907.97,83880.67,83883.36,5.76141
2026-09-29 07:02:00,83883.36,83897.79,83873.74,83897.78,12.72726
2026-09-29 07:03:00,83897.79,83937.15,83891.39,83937.14,6.4468
2026-09-29 07:04:00,83937.15,83957.11,83933.68,83941.02,4.87751
2026-09-29 07:05:00,83941.03,83997.07,83941.02,83997.06,4.64746
2026-09-29 07:06:00,83997.07,84010.0,83984.77,83996.37,7.38181
2026-09-29 07:07:00,83996.37,84025.26,83996.37,84025.26,6.91264
2026-09-29 07:08:00,84025.25,84025.26,84000.0,84022.59,4.71086
2026-09-29 07:09:00,84022.59,84046.72,84022.59,84041.36,10.22899
2026-09-29 07:10:00,84041.36,84041.62,83994.81,84041.62,14.3046
2026-09-29 07:11:00,84041.61,84041.62,84014.1,84023.25,8.68432
2026-09-29 07:12:00,84023.94,84030.34,84004.4,84019.74,6.67308
2026-09-29 07:13:00,84019.74,84019.74,83961.2,83986.4,7.19384
2026-09-29 07:14:00,83986.39,83997.95,83978.6,83987.4,5.64422
2026-09-29 07:15:00,83987.39,84030.45,83987.39,84027.89,3.27798
2026-09-29 07:16:00,84027.9,84035.34,83984.84,84035.34,11.68704
2026-09-29 07:17:00,84035.34,84070.0,84035.33,84045.37,9.74485
2026-09-29 07:18:00,84045.36,84059.62,83978.6,83982.0,28.08616
2026-09-29 07:19:00,83982.01,83991.87,83965.21,83991.86,17.65913
2026-09-29 07:20:00,83991.86,84025.81,83984.26,84007.77,5.19803
2026-09-29 07:21:00,84007.77,84007.77,83968.41,83968.41,8.12338
2026-09-29 07:22:00,83968.42,83968.42,83935.32,83935.33,7.52866
2026-09-29 07:23:00,83935.32,83965.26,83923.62,83927.55,7.81941
2026-09-29 07:24:00,83927.56,83997.29,83927.55,83997.28,13.07762
2026-09-29 07:25:00,83997.28,84034.49,83997.28,84034.48,9.59516
2026-09-29 07:26:00,84034.48,84034.49,84011.28,84011.29,9.84684
2026-09-29 07:27:00,84011.29,84036.0,84011.28,84035.99,7.28982
2026-09-29 07:28:00,84035.99,84036.0,84000.67,84008.64,5.68069
2026-09-29 07:29:00,84008.63,84008.64,83990.12,83996.22,5.30559
2026-09-29 07:30:00,83996.21,84012.64,83986.53,83986.54,5.90745
2026-09-29 07:31:00,83986.53,83991.68,83963.04,83987.42,7.10983
2026-09-29 07:32:00,83987.41,84063.19,83987.41,84063.19,15.30951
2026-09-29 07:33:00,84063.18,84070.0,84035.13,84037.86,11.08049
2026-09-29 07:34:00,84037.86,84055.6,84030.96,84055.6,16.26429
2026-09-29 07:35:00,84055.59,84100.0,84051.25,84079.37,14.88192
2026-09-29 07:36:00,84079.36,84079.37,84063.18,84073.16,6.61397
2026-09-29 07:37:00,84073.16,84079.36,84069.6,84079.35,7.73422
2026-09-29 07:38:00,84079.35,84117.14,84070.31,84117.13,11.94
2026-09-29 07:39:00,84117.13,84200.0,84117.13,84142.39,34.01469
2026-09-29 07:40:00,84142.38,84142.39,84094.49,84115.0,8.88159
2026-09-29 07:41:00,84114.99,84115.0,84085.38,84085.38,9.14787
2026-09-29 07:42:00,84085.39,84085.39,84048.23,84048.24,8.63984
2026-09-29 07:43:00,84048.23,84048.24,84019.69,84023.22,11.16139
2026-09-29 07:44:00,84023.22,84023.23,84017.63,84017.64,11.10225
2026-09-29 07:45:00,84017.64,84064.96,84017.64,84031.01,14.53962
2026-09-29 07:46:00,84031.0,84034.59,84027.47,84034.58,7.8483
2026-09-29 07:47:00,84034.57,84047.18,84034.57,84047.17,6.86045
2026-09-29 07:48:00,84047.17,84047.17,84037.17,84037.17,8.79976
2026-09-29 07:49:00,84037.17,84037.18,84014.94,84014.95,12.81258
2026-09-29 07:50:00,84014.94,84043.41,84013.62,84043.4,9.65604
2026-09-29 07:51:00,84043.4,84062.98,84042.84,84062.97,8.0394
2026-09-29 07:52:00,84062.98,84062.98,84037.08,84037.09,11.20695
2026-09-29 07:53:00,84037.08,84048.54,84037.08,84041.67,9.00486
2026-09-29 07:54:00,84041.67,84041.67,84028.33,84028.34,8.21565
2026-09-29 07:55:00,84028.34,84028.34,83987.08,83987.09,17.41972
2026-09-29 07:56:00,83987.08,84008.66,83987.08,84008.66,11.82032
2026-09-29 07:57:00,84008.65,84008.66,83987.11,83987.11,10.39947
2026-09-29 07:58:00,83987.11,83987.12,83954.37,83967.43,20.80481
2026-09-29 07:59:00,83967.43,83980.97,83966.02,83980.97,10.615
2026-09-29 08:00:00,83980.97,84069.19,83980.97,84068.73,8.66558
2026-09-29 08:01:00,84068.74,84068.74,84044.25,84066.88,5.98231
2026-09-29 08:02:00,84066.88,84086.22,84061.63,84081.19,8.05353
2026-09-29 08:03:00,84081.19,84081.19,84040.83,84057.0,17.49834
2026-09-29 08:04:00,84056.99,84084.02,84037.51,84044.65,20.25301
2026-09-29 08:05:00,84044.65,84044.66,83999.49,84044.65,18.82025
2026-09-29 08:06:00,84044.65,84048.01,84019.33,84041.67,4.76805
2026-09-29 08:07:00,84041.66,84041.66,83978.73,83978.74,4.62364
2026-09-29 08:08:00,83978.74,84002.01,83978.73,83995.95,14.17284
2026-09-29 08:09:00,83995.94,84014.01,83992.85,84014.0,3.13008
2026-09-29 08:10:00,84014.01,84050.0,84014.01,84033.47,2.77278
2026-09-29 08:11:00,84033.46,84035.0,84002.35,84035.0,5.93378
2026-09-29 08:12:00,84035.0,84062.01,84034.99,84057.91,8.2197
2026-09-29 08:13:00,84057.91,84070.01,84029.75,84070.0,4.81642
2026-09-29 08:14:00,84070.0,84070.01,84044.75,84044.75,5.19844
2026-09-29 08:15:00,84044.76,84088.46,84044.75,84081.31,4.42304
2026-09-29 08:16:00,84081.31,84100.0,84078.0,84100.0,12.51294
2026-09-29 08:17:00,84100.0,84110.0,84084.0,84084.0,14.19367
2026-09-29 08:18:00,84084.0,84084.01,84062.36,84067.82,4.30824
2026-09-29 08:19:00,84067.82,84100.9,84060.55,84095.19,3.87972
2026-09-29 08:20:00,84095.2,84140.0,84095.19,84139.99,11.76991
2026-09-29 08:21:00,84140.0,84310.0,84139.99,84309.99,77.92368
2026-09-29 08:22:00,84309.99,84368.01,84306.0,84316.1,41.93431
2026-09-29 08:23:00,84316.1,84316.1,84200.0,84266.01,15.40031
2026-09-29 08:24:00,84266.0,84266.01,84178.01,84218.01,13.74822
2026-09-29 08:25:00,84218.0,84232.01,84191.42,84232.0,3.13004
2026-09-29 08:26:00,84232.01,84254.01,84204.8,84216.01,5.13433
2026-09-29 08:27:00,84216.01,84226.0,84205.92,84216.0,5.47955
2026-09-29 08:28:00,84216.01,84224.0,84182.3,84182.31,4.52223
2026-09-29 08:29:00,84182.31,84184.0,84166.93,84166.93,3.20919
2026-09-29 08:30:00,84166.93,84166.94,84106.0,84106.01,6.77661
2026-09-29 08:31:00,84106.01,84106.01,84096.0,84098.95,6.20747
2026-09-29 08:32:00,84098.94,84098.95,84075.0,84075.01,18.22099
2026-09-29 08:33:00,84075.0,84075.01,83986.48,83987.84,13.70277
2026-09-29 08:34:00,83987.84,84038.01,83986.48,84018.0,8.95529
2026-09-29 08:35:00,84018.0,84033.97,84017.15,84017.15,4.52482
2026-09-29 08:36:00,84017.15,84017.16,83932.05,83940.02,17.59443
2026-09-29 08:37:00,83940.03,83940.03,83875.0,83924.01,13.6044
2026-09-29 08:38:00,83924.01,83958.0,83893.02,83930.01,20.19769
2026-09-29 08:39:00,83930.01,83962.01,83930.01,83941.47,13.89239
2026-09-29 08:40:00,83941.48,83958.01,83886.0,83886.01,9.16284
2026-09-29 08:41:00,83886.01,83918.01,83844.0,83918.01,25.0041
2026-09-29 08:42:00,83918.01,83946.01,83918.01,83946.0,7.33788
2026-09-29 08:43:00,83946.01,83950.3,83919.39,83919.4,6.2082
2026-09-29 08:44:00,83919.39,83919.4,83856.0,83856.01,18.20805
2026-09-29 08:45:00,83856.01,83856.01,83820.0,83854.0,16.52664
2026-09-29 08:46:00,83854.0,83862.01,83810.0,83811.35,10.56686
2026-09-29 08:47:00,83811.36,83820.01,83802.54,83802.54,11.40709
2026-09-29 08:48:00,83802.55,83866.0,83802.54,83866.0,4.31414
2026-09-29 08:49:00,83866.0,83879.82,83865.99,83866.35,8.11072
2026-09-29 08:50:00,83866.36,83866.36,83840.0,83856.0,1.92617
2026-09-29 08:51:00,83856.0,83856.01,83840.25,83840.25,4.69676
2026-09-29 08:52:00,83840.26,83840.26,83802.57,83802.58,20.13637
2026-09-29 08:53:00,83802.58,83810.0,83800.0,83808.01,3.28229
2026-09-29 08:54:00,83808.01,83830.0,83804.42,83830.0,6.67473
2026-09-29 08:55:00,83829.99,83864.01,83829.99,83864.0,7.04599
2026-09-29 08:56:00,83864.0,83882.01,83864.0,83882.0,3.76257
2026-09-29 08:57:00,83882.01,83882.01,83864.0,83877.99,3.07598
2026-09-29 08:58:00,83878.0,83878.0,83874.0,83874.01,2.28669
2026-09-29 08:59:00,83874.01,83874.01,83874.0,83874.01,2.79005
2026-09-29 09:00:00,83874.01,83874.01,83823.54,83862.01,8.60766
2026-09-29 09:01:00,83862.0,83878.01,83854.0,83866.0,4.46508
2026-09-29 09:02:00,83866.01,83866.01,83834.0,83834.01,4.51614
2026-09-29 09:03:00,83834.01,83834.01,83778.01,83778.02,9.15832
2026-09-29 09:04:00,83778.01,83824.01,83772.0,83824.01,14.34037
2026-09-29 09:05:00,83824.01,83825.27,83784.56,83784.56,7.86085
2026-09-29 09:06:00,83784.57,83812.68,83770.65,83806.0,17.6363
2026-09-29 09:07:00,83806.0,83806.01,83771.21,83771.21,6.66448
2026-09-29 09:08:00,83771.21,83808.01,83771.21,83801.4,13.36482
2026-09-29 09:09:00,83801.4,83801.41,83780.57,83786.7,8.50579
2026-09-29 09:10:00,83786.7,83790.01,83766.36,83780.0,17.61117
2026-09-29 09:11:00,83780.0,83780.01,83764.76,83769.0,6.71576
2026-09-29 09:12:00,83769.01,83787.67,83762.0,83782.06,8.26166
2026-09-29 09:13:00,83782.06,83789.96,83782.06,83786.15,9.33647
2026-09-29 09:14:00,83786.15,83786.15,83782.0,83782.0,4.46118
2026-09-29 09:15:00,83782.01,83782.01,83760.4,83770.0,10.63419
2026-09-29 09:16:00,83770.01,83786.31,83770.0,83780.51,5.67254
2026-09-29 09:17:00,83780.51,83794.01,83780.51,83794.0,4.21637
2026-09-29 09:18:00,83794.01,83806.01,83794.0,83798.62,6.43841
2026-09-29 09:19:00,83798.63,83806.0,83791.07,83791.08,5.42084
2026-09-29 09:20:00,83791.08,83829.98,83791.08,83816.89,17.8055
2026-09-29 09:21:00,83816.9,83845.0,83814.24,83828.72,17.67563
2026-09-29 09:22:00,83828.73,83828.73,83800.0,83800.0,6.59281
2026-09-29 09:23:00,83800.0,83800.01,83779.49,83786.21,8.96868
2026-09-29 09:24:00,83786.21,83826.78,83786.21,83826.77,6.53066
2026-09-29 09:25:00,83826.77,83841.48,83822.57,83837.99,6.82162
2026-09-29 09:26:00,83837.99,83838.0,83800.0,83825.46,6.13579
2026-09-29 09:27:00,83825.45,83916.01,83821.41,83891.77,20.93621
2026-09-29 09:28:00,83891.76,83891.77,83860.65,83866.4,18.62885
2026-09-29 09:29:00,83866.41,83866.41,83849.54,83849.55,2.46833
2026-09-29 09:30:00,83849.54,83862.86,83834.01,83862.86,6.16553
2026-09-29 09:31:00,83862.85,83940.01,83862.0,83933.32,8.26551
2026-09-29 09:32:00,83933.32,83950.3,83933.31,83946.88,6.28336
2026-09-29 09:33:00,83946.88,83958.01,83946.88,83958.01,2.62938
2026-09-29 09:34:00,83958.01,83971.8,83956.47,83970.01,3.65463
2026-09-29 09:35:00,83970.0,83970.01,83947.41,83959.97,8.50513
2026-09-29 09:36:00,83959.98,83966.0,83932.01,83966.0,7.36304
2026-09-29 09:37:00,83965.99,83974.0,83947.31,83974.0,3.43406
2026-09-29 09:38:00,83973.99,83998.74,83973.99,83998.73,7.10639
2026-09-29 09:39:00,83998.74,83998.74,83990.34,83996.17,4.88841
2026-09-29 09:40:00,83996.17,83996.17,83963.06,83968.01,3.44986
2026-09-29 09:41:00,83968.01,83968.01,83950.83,83950.83,3.17383
2026-09-29 09:42:00,83950.84,83972.0,83934.02,83971.99,3.02405
2026-09-29 09:43:00,83971.99,83994.0,83971.99,83993.99,1.12566
2026-09-29 09:44:00,83994.0,84000.0,83967.74,84000.0,6.2063
2026-09-29 09:45:00,84000.0,84016.01,83992.8,83992.8,7.6751
2026-09-29 09:46:00,83992.8,84036.26,83992.8,84036.25,23.43178
2026-09-29 09:47:00,84036.26,84152.01,84036.26,84133.94,38.77862
2026-09-29 09:48:00,84133.95,84157.08,84119.33,84152.23,29.4988
2026-09-29 09:49:00,84152.22,84201.04,84116.86,84201.03,52.04693
2026-09-29 09:50:00,84201.04,84303.83,84201.04,84293.97,58.30623
2026-09-29 09:51:00,84293.98,84293.98,84223.36,84227.35,39.87467
2026-09-29 09:52:00,84227.35,84234.39,84202.0,84216.01,30.97107
2026-09-29 09:53:00,84216.0,84256.99,84216.0,84256.99,34.9308
2026-09-29 09:54:00,84256.99,84292.01,84256.98,84256.98,47.42005
2026-09-29 09:55:00,84256.98,84328.94,84256.98,84307.84,39.92778
2026-09-29 09:56:00,84307.84,84325.82,84268.0,84276.01,25.89519
2026-09-29 09:57:00,84276.01,84283.41,84274.0,84274.0,36.96824
2026-09-29 09:58:00,84274.0,84274.01,84256.0,84263.38,26.30428
2026-09-29 09:59:00,84263.37,84263.38,84252.0,84258.01,29.64094
2026-09-29 10:00:00,84258.01,84258.01,84206.4,84206.41,21.94056
2026-09-29 10:01:00,84206.41,84214.03,84189.93,84214.03,30.5687
2026-09-29 10:02:00,84214.03,84221.84,84165.58,84165.59,23.96681
2026-09-29 10:03:00,84165.58,84191.81,84165.58,84191.81,12.52879
2026-09-29 10:04:00,84191.81,84201.83,84191.8,84201.83,12.98329
2026-09-29 10:05:00,84201.83,84201.83,84201.82,84201.83,11.27823
2026-09-29 10:06:00,84201.82,84204.75,84169.82,84173.88,16.62692
2026-09-29 10:07:00,84173.88,84201.02,84173.88,84201.02,12.89035
2026-09-29 10:08:00,84201.02,84213.58,84201.01,84204.01,16.79571
2026-09-29 10:09:00,84204.0,84278.01,84204.0,84278.01,15.96608
2026-09-29 10:10:00,84278.01,84300.0,84278.0,84299.99,15.45888
2026-09-29 10:11:00,84299.99,84332.76,84299.99,84310.01,26.81637
2026-09-29 10:12:00,84310.01,84315.8,84270.0,84293.92,17.16315
2026-09-29 10:13:00,84293.92,84293.92,84267.17,84267.18,10.367
2026-09-29 10:14:00,84267.18,84267.18,84193.21,84208.52,11.13326
2026-09-29 10:15:00,84208.51,84219.03,84204.01,84204.01,3.9351
2026-09-29 10:16:00,84204.01,84219.02,84196.0,84196.0,9.39728
2026-09-29 10:17:00,84196.0,84196.01,84180.0,84180.0,5.1515
2026-09-29 10:18:00,84180.0,84180.0,84134.43,84134.44,20.2086
2026-09-29 10:19:00,84134.44,84134.44,84110.16,84110.17,6.59907
2026-09-29 10:20:00,84110.16,84110.17,84110.16,84110.16,3.22417
2026-09-29 10:21:00,84110.16,84110.17,84068.0,84073.71,8.65624
2026-09-29 10:22:00,84073.7,84112.01,84073.7,84112.01,4.45834
2026-09-29 10:23:00,84112.01,84114.01,84098.0,84114.0,9.46206
2026-09-29 10:24:00,84114.01,84125.0,84114.0,84120.0,3.7809
2026-09-29 10:25:00,84120.01,84125.0,84120.0,84125.0,1.85574
2026-09-29 10:26:00,84124.99,84125.0,84124.99,84125.0,2.46272
2026-09-29 10:27:00,84125.0,84158.01,84125.0,84158.0,4.29704
2026-09-29 10:28:00,84158.0,84158.01,84150.0,84150.01,2.86111
2026-09-29 10:29:00,84150.01,84150.01,84150.0,84150.0,0.72592
2026-09-29 10:30:00,84150.01,84159.0,84131.87,84131.87,8.06762
2026-09-29 10:31:00,84131.87,84131.88,84121.71,84121.71,1.32829
2026-09-29 10:32:00,84121.71,84131.88,84081.84,84113.05,12.43849
2026-09-29 10:33:00,84113.04,84120.97,84068.0,84068.0,9.07776
2026-09-29 10:34:00,84068.01,84068.01,84050.02,84061.75,7.77431
2026-09-29 10:35:00,84061.76,84061.76,84049.32,84049.32,3.01902
2026-09-29 10:36:00,84049.32,84050.0,84049.32,84050.0,2.10196
2026-09-29 10:37:00,84049.99,84064.01,84038.0,84040.01,5.15251
2026-09-29 10:38:00,84040.01,84043.19,84028.73,84028.73,4.35672
2026-09-29 10:39:00,84028.73,84033.62,84023.01,84033.61,2.28099
2026-09-29 10:40:00,84033.62,84088.0,84033.62,84087.99,5.15687
2026-09-29 10:41:00,84088.0,84088.0,84046.0,84046.01,4.69362
2026-09-29 10:42:00,84046.0,84055.6,84046.0,84053.22,2.59257
2026-09-29 10:43:00,84053.22,84053.22,84000.0,84012.01,24.89605
2026-09-29 10:44:00,84012.01,84019.87,84012.0,84018.01,4.16577
2026-09-29 10:45:00,84018.0,84019.86,84000.0,84010.96,5.30943
2026-09-29 10:46:00,84010.96,84038.01,84010.95,84038.0,3.9286
2026-09-29 10:47:00,84038.01,84038.01,83987.99,83988.0,6.17241
2026-09-29 10:48:00,83987.99,83998.01,83987.99,83998.0,2.7652
2026-09-29 10:49:00,83998.01,84013.3,83998.01,84010.31,7.46745
2026-09-29 10:50:00,84010.32,84029.58,84010.31,84029.57,2.10627
2026-09-29 10:51:00,84029.58,84058.0,84029.58,84056.77,4.08925
2026-09-29 10:52:00,84056.78,84075.8,84056.77,84069.15,2.24821
2026-09-29 10:53:00,84069.16,84069.16,84052.5,84052.5,5.12474
2026-09-29 10:54:00,84052.5,84064.0,84050.0,84064.0,1.66562
2026-09-29 10:55:00,84064.01,84072.01,84064.01,84072.0,1.05482
2026-09-29 10:56:00,84072.01,84076.49,84066.48,84066.49,3.68262
2026-09-29 10:57:00,84066.48,84066.48,84029.96,84029.96,4.30467
2026-09-29 10:58:00,84029.96,84032.58,84028.0,84032.58,4.42427
2026-09-29 10:59:00,84032.58,84046.01,84030.49,84030.49,14.50094
2026-09-29 11:00:00,84030.5,84034.01,84030.49,84030.49,4.9008
2026-09-29 11:01:00,84030.49,84046.01,84030.49,84044.08,3.09436
2026-09-29 11:02:00,84044.07,84044.07,84000.01,84004.0,3.68001
2026-09-29 11:03:00,84004.01,84028.01,83986.46,84016.0,7.57079
2026-09-29 11:04:00,84016.01,84016.01,83943.66,83943.66,7.07937
2026-09-29 11:05:00,83943.66,83970.01,83936.92,83970.0,14.57451
2026-09-29 11:06:00,83970.0,84042.0,83970.0,84042.0,6.09739
2026-09-29 11:07:00,84042.01,84055.6,84033.99,84055.6,5.39784
2026-09-29 11:08:00,84055.6,84090.01,84055.59,84067.09,9.2815
2026-09-29 11:09:00,84067.1,84067.1,84030.0,84033.84,11.6645
2026-09-29 11:10:00,84034.01,84055.6,84002.56,84002.57,6.0746
2026-09-29 11:11:00,84002.56,84041.23,83991.24,84030.31,15.10532
2026-09-29 11:12:00,84030.31,84055.6,84030.3,84041.68,5.76583
2026-09-29 11:13:00,84041.68,84041.68,84028.42,84028.43,4.40884
2026-09-29 11:14:00,84028.42,84030.2,84002.0,84030.19,10.84933
2026-09-29 11:15:00,84030.2,84034.01,83998.0,83998.0,5.65119
2026-09-29 11:16:00,83998.01,83998.01,83986.0,83998.0,5.79227
2026-09-29 11:17:00,83998.01,84013.82,83998.0,84013.81,5.91534
2026-09-29 11:18:00,84013.82,84060.01,84013.81,84060.0,6.01121
2026-09-29 11:19:00,84060.01,84071.15,84034.0,84034.0,7.13617
2026-09-29 11:20:00,84034.01,84044.98,84008.32,84044.97,7.02044
2026-09-29 11:21:00,84044.98,84044.98,84020.56,84044.01,5.4198
2026-09-29 11:22:00,84044.0,84055.6,84044.0,84055.6,2.097
2026-09-29 11:23:00,84055.6,84056.77,84050.0,84056.76,1.53116
2026-09-29 11:24:00,84056.76,84068.01,84056.76,84068.01,1.47079
2026-09-29 11:25:00,84068.01,84077.46,84066.0,84066.01,2.71057
2026-09-29 11:26:00,84066.0,84077.46,84066.0,84077.45,4.05542
2026-09-29 11:27:00,84077.46,84077.46,84074.74,84076.01,5.32193
2026-09-29 11:28:00,84076.0,84076.01,84076.0,84076.01,3.16843
2026-09-29 11:29:00,84076.01,84076.01,84063.18,84068.3,13.1258
2026-09-29 11:30:00,84068.29,84092.01,84063.19,84092.0,5.09834
2026-09-29 11:31:00,84092.0,84100.0,84092.0,84099.99,12.40846
2026-09-29 11:32:00,84099.99,84230.81,84099.99,84230.0,28.1651
2026-09-29 11:33:00,84230.0,84230.01,84196.45,84229.32,5.58913
2026-09-29 11:34:00,84229.33,84266.2,84224.01,84248.0,9.55639
2026-09-29 11:35:00,84248.0,84265.66,84224.01,84260.0,7.0675
2026-09-29 11:36:00,84260.01,84268.98,84212.0,84212.01,6.59855
2026-09-29 11:37:00,84212.0,84236.01,84192.0,84192.0,9.23888
2026-09-29 11:38:00,84192.0,84268.01,84192.0,84268.0,3.14752
2026-09-29 11:39:00,84268.0,84272.01,84242.0,84250.01,3.82929
2026-09-29 11:40:00,84250.0,84250.01,84234.15,84234.15,5.35072
2026-09-29 11:41:00,84234.16,84234.16,84214.41,84223.62,3.97308
2026-09-29 11:42:00,84223.61,84223.62,84199.32,84199.33,5.72158
2026-09-29 11:43:00,84199.32,84234.15,84199.32,84234.15,5.23544
2026-09-29 11:44:00,84234.14,84262.5,84234.14,84262.5,2.37952
2026-09-29 11:45:00,84262.5,84288.0,84252.0,84269.2,11.63547
2026-09-29 11:46:00,84269.2,84307.0,84269.19,84306.99,8.36393
2026-09-29 11:47:00,84306.99,84330.0,84306.72,84327.35,6.47351
2026-09-29 11:48:00,84327.36,84335.0,84324.0,84334.99,7.65932
2026-09-29 11:49:00,84334.99,84432.96,84302.0,84432.96,42.66089
2026-09-29 11:50:00,84432.95,84500.0,84418.0,84462.74,23.63074
2026-09-29 11:51:00,84462.73,84476.01,84330.0,84340.0,26.75446
2026-09-29 11:52:00,84340.01,84434.01,84340.01,84430.0,7.65572
2026-09-29 11:53:00,84430.0,84452.19,84430.0,84444.0,6.05546
2026-09-29 11:54:00,84444.0,84455.21,84382.0,84455.2,8.92192
2026-09-29 11:55:00,84455.2,84455.21,84426.0,84426.0,4.40231
2026-09-29 11:56:00,84426.0,84450.01,84426.0,84434.0,8.75447
2026-09-29 11:57:00,84434.01,84437.21,84374.31,84383.82,14.16563
2026-09-29 11:58:00,84383.83,84410.01,84383.82,84391.5,3.75928
2026-09-29 11:59:00,84391.49,84391.5,84358.0,84358.01,5.82844
2026-09-29 12:00:00,84358.0,84368.0,84308.59,84368.0,11.03278
2026-09-29 12:01:00,84368.0,84408.45,84368.0,84395.83,27.26193
2026-09-29 12:02:00,84395.83,84412.01,84386.0,84412.0,13.51324
2026-09-29 12:03:00,84412.01,84412.01,84370.0,84370.01,17.50746
2026-09-29 12:04:00,84370.01,84429.79,84370.0,84427.2,2.66077
2026-09-29 12:05:00,84427.2,84427.2,84378.01,84383.25,8.2999
2026-09-29 12:06:00,84383.26,84383.26,84324.36,84324.36,12.03746
2026-09-29 12:07:00,84324.37,84349.7,84314.0,84328.34,18.20979
2026-09-29 12:08:00,84328.35,84328.35,84304.18,84304.18,5.16428
2026-09-29 12:09:00,84304.18,84338.01,84299.45,84334.05,9.91019
2026-09-29 12:10:00,84334.05,84334.06,84325.0,84325.01,2.37488
2026-09-29 12:11:00,84325.0,84325.0,84306.3,84318.98,4.14342
2026-09-29 12:12:00,84318.99,84336.66,84318.98,84319.16,4.72433
2026-09-29 12:13:00,84319.16,84367.43,84319.16,84353.88,20.48732
2026-09-29 12:14:00,84353.89,84353.89,84327.44,84327.44,11.0856
2026-09-29 12:15:00,84327.45,84383.26,84327.44,84329.62,19.046
2026-09-29 12:16:00,84329.63,84401.53,84326.07,84401.52,21.62158
2026-09-29 12:17:00,84401.52,84432.01,84380.0,84432.0,22.49991
2026-09-29 12:18:00,84432.01,84488.99,84392.0,84407.25,17.38236
2026-09-29 12:19:00,84407.25,84407.25,84245.04,84266.19,16.02927
2026-09-29 12:20:00,84266.19,84266.2,84212.13,84238.0,13.75638
2026-09-29 12:21:00,84238.01,84258.01,84222.0,84222.01,5.24369
2026-09-29 12:22:00,84222.01,84246.01,84205.18,84218.87,5.21387
2026-09-29 12:23:00,84218.86,84220.01,84209.38,84218.08,2.12025
2026-09-29 12:24:00,84218.08,84218.08,84164.0,84165.81,9.59486
2026-09-29 12:25:00,84165.81,84165.82,84133.0,84136.31,9.97982
2026-09-29 12:26:00,84136.31,84179.0,84136.31,84170.65,6.38896
2026-09-29 12:27:00,84170.66,84212.01,84152.7,84176.01,11.27122
2026-09-29 12:28:00,84176.01,84194.01,84158.38,84180.0,5.27437
2026-09-29 12:29:00,84180.0,84203.93,84180.0,84203.93,8.84809
2026-09-29 12:30:00,84203.93,84247.27,84203.93,84229.4,9.14469
2026-09-29 12:31:00,84229.41,84245.32,84218.09,84242.42,3.03018
2026-09-29 12:32:00,84242.42,84276.01,84242.42,84261.52,8.17485
2026-09-29 12:33:00,84261.51,84261.52,84218.64,84238.32,12.07303
2026-09-29 12:34:00,84238.32,84295.49,84238.32,84295.49,8.21383
2026-09-29 12:35:00,84295.49,84343.92,84280.0,84309.42,10.56285
2026-09-29 12:36:00,84309.43,84322.35,84302.0,84316.0,5.54658
2026-09-29 12:37:00,84316.01,84440.01,84316.01,84440.0,11.8323
2026-09-29 12:38:00,84440.0,84480.0,84434.15,84464.01,18.90155
2026-09-29 12:39:00,84464.01,84466.01,84386.44,84392.01,15.49194
2026-09-29 12:40:00,84392.01,84392.01,84355.74,84389.99,9.30743
2026-09-29 12:41:00,84389.99,84420.0,84389.99,84398.0,8.81865
2026-09-29 12:42:00,84398.01,84408.01,84370.0,84372.0,10.67269
2026-09-29 12:43:00,84372.0,84372.01,84360.0,84361.99,2.50094
2026-09-29 12:44:00,84361.99,84362.0,84342.0,84353.78,3.15446
2026-09-29 12:45:00,84353.78,84362.6,84268.24,84268.24,12.13208
2026-09-29 12:46:00,84268.24,84291.46,84256.0,84276.0,6.34919
2026-09-29 12:47:00,84276.0,84315.99,84276.0,84306.01,8.57876
2026-09-29 12:48:00,84306.0,84319.28,84288.97,84319.27,4.97514
2026-09-29 12:49:00,84319.28,84319.28,84290.0,84294.0,4.10069
2026-09-29 12:50:00,84294.01,84294.01,84276.01,84276.02,2.03461
2026-09-29 12:51:00,84276.02,84300.0,84260.0,84299.99,4.23021
2026-09-29 12:52:00,84300.0,84346.01,84300.0,84346.01,3.37063
2026-09-29 12:53:00,84346.0,84346.01,84298.0,84298.01,4.44094
2026-09-29 12:54:00,84298.01,84334.01,84298.0,84334.01,5.32921
2026-09-29 12:55:00,84334.01,84350.01,84324.0,84326.19,6.95282
2026-09-29 12:56:00,84326.19,84390.0,84326.18,84375.27,24.70594
2026-09-29 12:57:00,84375.26,84375.27,84354.01,84354.01,10.20877
2026-09-29 12:58:00,84354.02,84354.02,84322.94,84322.94,8.34548
2026-09-29 12:59:00,84322.94,84332.85,84322.94,84332.85,4.56346
2026-09-29 13:00:00,84332.85,84364.01,84321.06,84321.06,9.49486
2026-09-29 13:01:00,84321.05,84321.06,84266.2,84301.49,9.01934
2026-09-29 13:02:00,84301.49,84322.87,84301.48,84316.24,18.87468
2026-09-29 13:03:00,84316.23,84316.24,84268.0,84268.0,18.07136
2026-09-29 13:04:00,84268.01,84294.02,84249.65,84294.02,15.6928
2026-09-29 13:05:00,84294.02,84324.01,84294.02,84324.0,13.73457
2026-09-29 13:06:00,84324.01,84324.01,84313.37,84319.98,3.19599
2026-09-29 13:07:00,84319.99,84346.01,84319.98,84346.01,1.50902
2026-09-29 13:08:00,84346.01,84378.99,84346.0,84378.98,2.73531
2026-09-29 13:09:00,84378.99,84438.46,84378.98,84438.46,8.81372
2026-09-29 13:10:00,84438.45,84450.0,84410.0,84410.01,10.09909
2026-09-29 13:11:00,84410.01,84421.45,84386.0,84421.44,12.512
2026-09-29 13:12:00,84421.45,84428.0,84403.32,84414.12,9.48147
2026-09-29 13:13:00,84414.12,84415.82,84398.73,84401.98,10.17397
2026-09-29 13:14:00,84401.97,84419.86,84401.97,84410.01,6.45064
2026-09-29 13:15:00,84410.0,84410.01,84338.01,84371.71,15.41375
2026-09-29 13:16:00,84371.72,84391.14,84371.71,84391.13,9.95778
2026-09-29 13:17:00,84391.13,84426.01,84391.13,84426.0,5.14585
2026-09-29 13:18:00,84426.01,84446.69,84408.0,84408.01,9.43954
2026-09-29 13:19:00,84408.01,84446.7,84408.01,84446.69,2.12277
2026-09-29 13:20:00,84446.7,84446.7,84431.07,84431.08,6.37147
2026-09-29 13:21:00,84431.07,84440.15,84431.07,84440.14,2.55481
2026-09-29 13:22:00,84440.15,84440.15,84431.08,84440.15,5.65017
2026-09-29 13:23:00,84440.15,84441.3,84440.14,84441.3,3.71727
2026-09-29 13:24:00,84441.29,84489.62,84441.29,84489.61,14.82972
2026-09-29 13:25:00,84489.61,84563.99,84406.6,84406.6,55.61129
2026-09-29 13:26:00,84406.6,84410.01,84368.0,84410.0,14.93502
2026-09-29 13:27:00,84410.0,84438.28,84380.0,84438.27,14.73646
2026-09-29 13:28:00,84438.27,84438.27,84362.0,84362.0,18.35952
2026-09-29 13:29:00,84362.0,84386.01,84344.0,84361.84,18.70745
2026-09-29 13:30:00,84361.84,84361.85,84196.0,84254.0,33.76112
2026-09-29 13:31:00,84254.01,84308.0,84183.13,84212.0,29.58074
2026-09-29 13:32:00,84212.0,84246.01,84145.0,84145.0,32.10292
2026-09-29 13:33:00,84145.0,84150.01,84072.0,84074.01,26.7906
2026-09-29 13:34:00,84074.0,84137.06,84055.6,84130.01,30.06595
2026-09-29 13:35:00,84130.0,84152.75,84025.26,84025.68,28.79314
2026-09-29 13:36:00,84025.68,84120.01,84025.68,84102.0,19.30387
2026-09-29 13:37:00,84102.0,84206.01,84102.0,84164.01,16.53747
2026-09-29 13:38:00,84164.0,84198.01,84136.0,84198.0,13.65672
2026-09-29 13:39:00,84198.0,84246.01,84198.0,84219.58,19.13873
2026-09-29 13:40:00,84219.59,84231.17,84152.0,84164.67,12.83739
2026-09-29 13:41:00,84164.68,84219.07,84164.67,84218.01,6.13923
2026-09-29 13:42:00,84218.01,84266.01,84206.0,84233.61,12.81483
2026-09-29 13:43:00,84233.6,84328.01,84186.0,84186.01,22.70572
2026-09-29 13:44:00,84186.01,84214.01,84148.0,84192.01,12.27594
2026-09-29 13:45:00,84192.01,84235.01,84161.81,84168.01,11.03191
2026-09-29 13:46:00,84168.01,84210.01,84112.78,84112.78,11.82218
2026-09-29 13:47:00,84112.78,84184.02,84082.14,84128.87,17.45203
2026-09-29 13:48:00,84128.87,84156.01,84082.0,84082.0,13.35201
2026-09-29 13:49:00,84082.01,84182.01,84082.0,84182.0,15.49835
2026-09-29 13:50:00,84182.0,84216.01,84140.39,84194.0,16.39329
2026-09-29 13:51:00,84194.0,84227.35,84183.23,84216.0,7.62857
2026-09-29 13:52:00,84216.0,84317.74,84216.0,84317.74,17.76843
2026-09-29 13:53:00,84317.73,84371.5,84317.73,84358.0,15.5326
2026-09-29 13:54:00,84358.01,84400.0,84358.0,84400.0,5.80116
2026-09-29 13:55:00,84400.0,84432.01,84387.24,84432.0,19.50106
2026-09-29 13:56:00,84432.01,84456.01,84372.0,84372.0,15.55101
2026-09-29 13:57:00,84372.01,84372.01,84286.0,84312.01,11.29779
2026-09-29 13:58:00,84312.01,84312.01,84254.0,84254.0,5.91534
2026-09-29 13:59:00,84254.0,84254.0,84200.0,84200.01,8.45322
2026-09-29 14:00:00,84200.01,84288.01,84200.0,84248.0,8.88184
2026-09-29 14:01:00,84248.0,84272.01,84102.0,84102.0,28.06337
2026-09-29 14:02:00,84102.0,84102.0,83985.04,84007.58,60.90249
2026-09-29 14:03:00,84007.58,84084.0,83989.25,84076.83,35.48253
2026-09-29 14:04:00,84076.83,84076.83,83998.04,84012.01,12.3281
2026-09-29 14:05:00,84012.0,84026.01,83989.18,84008.0,11.14642
2026-09-29 14:06:00,84008.0,84008.0,83890.0,83920.01,23.64101
2026-09-29 14:07:00,83920.01,83966.01,83920.0,83948.0,24.06818
2026-09-29 14:08:00,83948.01,84018.01,83944.0,83970.66,17.07246
2026-09-29 14:09:00,83970.65,83970.65,83896.06,83900.0,18.07987
2026-09-29 14:10:00,83900.01,83958.01,83890.0,83958.0,9.63773
2026-09-29 14:11:00,83958.0,83972.01,83895.03,83918.01,21.57315
2026-09-29 14:12:00,83918.0,83918.0,83875.01,83896.87,29.84221
2026-09-29 14:13:00,83896.87,83968.01,83896.87,83932.0,6.57653
2026-09-29 14:14:00,83932.01,83968.01,83925.3,83925.3,9.6139
2026-09-29 14:15:00,83925.31,83940.01,83898.05,83906.76,11.34358
2026-09-29 14:16:00,83906.76,83916.48,83854.26,83874.01,41.13798
2026-09-29 14:17:00,83874.01,83956.01,83874.01,83928.56,6.86013
2026-09-29 14:18:00,83928.55,83981.11,83924.0,83981.1,4.60048
2026-09-29 14:19:00,83981.1,84055.6,83981.1,84055.6,10.27908
2026-09-29 14:20:00,84055.59,84068.01,83911.4,83911.4,27.85316
2026-09-29 14:21:00,83911.4,83944.01,83869.8,83944.0,13.19347
2026-09-29 14:22:00,83944.01,83980.0,83912.01,83980.0,7.59529
2026-09-29 14:23:00,83980.01,83981.11,83899.02,83940.0,9.22066
2026-09-29 14:24:00,83940.0,83940.0,83890.0,83934.0,7.88616
2026-09-29 14:25:00,83934.01,84016.01,83912.0,84016.0,9.2259
2026-09-29 14:26:00,84016.0,84066.42,84016.0,84066.42,23.8351
2026-09-29 14:27:00,84066.41,84074.96,84066.0,84074.96,4.26846
2026-09-29 14:28:00,84074.96,84080.01,84011.91,84011.91,5.3085
2026-09-29 14:29:00,84011.9,84011.9,83942.16,83942.16,24.86045
2026-09-29 14:30:00,83942.17,83959.79,83907.38,83950.3,9.9822
2026-09-29 14:31:00,83950.29,84009.05,83950.0,83980.8,9.05998
2026-09-29 14:32:00,83980.81,84011.7,83942.42,83976.01,7.38025
2026-09-29 14:33:00,83976.01,83985.41,83935.77,83950.29,5.93876
2026-09-29 14:34:00,83950.29,83962.01,83924.0,83924.01,4.47677
2026-09-29 14:35:00,83924.01,83924.01,83845.0,83900.0,15.03401
2026-09-29 14:36:00,83900.0,83900.01,83808.91,83812.0,24.95252
2026-09-29 14:37:00,83812.0,83845.0,83764.0,83823.29,32.77641
2026-09-29 14:38:00,83823.28,83904.01,83823.28,83890.0,8.51368
2026-09-29 14:39:00,83890.0,83904.0,83874.0,83903.99,19.01583
2026-09-29 14:40:00,83904.0,83989.27,83904.0,83932.53,35.63718
2026-09-29 14:41:00,83932.53,83984.01,83924.1,83952.0,31.98556
2026-09-29 14:42:00,83952.0,84014.96,83930.01,83974.01,54.40594
2026-09-29 14:43:00,83974.0,83974.01,83903.39,83903.4,25.97373
2026-09-29 14:44:00,83903.4,83903.4,83830.0,83890.85,48.89305
2026-09-29 14:45:00,83890.85,84000.1,83890.85,84000.1,9.61075
2026-09-29 14:46:00,84000.09,84009.75,83966.0,83978.21,25.47243
2026-09-29 14:47:00,83978.21,83978.21,83888.4,83894.0,27.58351
2026-09-29 14:48:00,83894.01,83950.3,83894.01,83911.02,9.84882
2026-09-29 14:49:00,83911.02,83911.02,83795.02,83798.04,16.97936
2026-09-29 14:50:00,83798.03,83798.03,83688.0,83744.01,50.23536
2026-09-29 14:51:00,83744.01,83870.01,83728.0,83870.0,9.18611
2026-09-29 14:52:00,83870.0,83878.01,83818.34,83824.0,7.17139
2026-09-29 14:53:00,83824.0,83826.54,83798.01,83808.0,5.51727
2026-09-29 14:54:00,83808.01,83834.58,83804.45,83820.0,4.11344
2026-09-29 14:55:00,83820.0,83880.01,83820.0,83860.01,4.57734
2026-09-29 14:56:00,83860.0,83878.01,83858.0,83878.01,2.1571
2026-09-29 14:57:00,83878.01,83882.01,83843.76,83866.72,5.60735
2026-09-29 14:58:00,83866.73,83868.01,83838.0,83838.01,2.69406
2026-09-29 14:59:00,83838.0,83838.01,83752.0,83752.01,11.46486
2026-09-29 15:00:00,83752.0,83756.25,83690.77,83690.77,10.56993
2026-09-29 15:01:00,83690.77,83690.78,83639.65,83683.0,14.60196
2026-09-29 15:02:00,83682.99,83739.7,83664.0,83670.7,10.842
2026-09-29 15:03:00,83670.71,83676.01,83639.66,83639.66,7.51131
2026-09-29 15:04:00,83639.66,83664.01,83600.01,83600.01,10.90643
2026-09-29 15:05:00,83600.0,83611.3,83488.63,83496.48,64.86007
2026-09-29 15:06:00,83496.48,83614.01,83480.06,83596.0,29.78945
2026-09-29 15:07:00,83596.0,83596.0,83507.7,83529.1,10.4426
2026-09-29 15:08:00,83529.1,83554.01,83482.22,83536.73,39.76664
2026-09-29 15:09:00,83536.74,83634.01,83534.81,83628.01,27.28048
2026-09-29 15:10:00,83628.0,83672.0,83606.0,83606.0,10.1057
2026-09-29 15:11:00,83606.01,83606.01,83558.33,83564.22,6.83147
2026-09-29 15:12:00,83564.23,83564.23,83420.98,83422.7,26.90949
2026-09-29 15:13:00,83422.7,83422.71,83367.62,83389.11,19.97252
2026-09-29 15:14:00,83389.11,83439.05,83364.0,83430.82,25.39041
2026-09-29 15:15:00,83430.83,83484.01,83415.39,83483.47,11.60556
2026-09-29 15:16:00,83483.48,83496.01,83464.17,83476.01,6.21575
2026-09-29 15:17:00,83476.02,83476.02,83380.15,83380.15,16.78739
2026-09-29 15:18:00,83380.16,83396.44,83292.24,83297.0,33.22805
2026-09-29 15:19:00,83296.99,83340.0,83288.0,83295.14,25.46392
2026-09-29 15:20:00,83295.13,83334.01,83252.0,83290.51,16.0969
2026-09-29 15:21:00,83290.5,83317.27,83223.57,83297.86,38.15199
2026-09-29 15:22:00,83297.87,83318.5,83243.45,83243.45,13.88646
2026-09-29 15:23:00,83243.44,83252.0,83158.0,83160.86,141.70853
2026-09-29 15:24:00,83160.87,83160.87,83025.5,83043.21,50.58799
2026-09-29 15:25:00,83043.21,83063.06,82988.24,83014.35,49.02535
2026-09-29 15:26:00,83014.34,83078.01,83000.0,83008.69,23.53886
2026-09-29 15:27:00,83008.69,83008.7,82931.21,82950.17,30.18383
2026-09-29 15:28:00,82950.18,83020.09,82910.0,82991.97,28.66303
2026-09-29 15:29:00,82991.97,83028.0,82991.96,82994.54,37.6018
2026-09-29 15:30:00,82994.53,83087.68,82988.73,83019.33,29.23864
2026-09-29 15:31:00,83019.34,83062.0,82986.0,83062.0,24.62187
2026-09-29 15:32:00,83062.0,83162.71,83060.01,83162.7,22.0519
2026-09-29 15:33:00,83162.71,83198.0,83146.0,83146.01,41.78679
2026-09-29 15:34:00,83146.01,83202.01,83146.0,83162.01,19.02136
2026-09-29 15:35:00,83162.01,83200.01,83144.0,83188.0,18.55238
2026-09-29 15:36:00,83188.0,83206.01,83170.0,83184.01,13.74377
2026-09-29 15:37:00,83184.0,83212.0,83184.0,83196.01,7.60709
2026-09-29 15:38:00,83196.01,83196.01,83174.0,83191.4,7.93674
2026-09-29 15:39:00,83191.4,83219.91,83191.4,83213.12,18.40754
2026-09-29 15:40:00,83213.13,83234.84,83209.04,83234.83,20.7772
2026-09-29 15:41:00,83234.83,83242.4,83184.0,83184.01,18.58872
2026-09-29 15:42:00,83184.0,83200.0,83160.31,83184.0,10.66228
2026-09-29 15:43:00,83184.0,83184.01,83140.0,83159.99,12.38239
2026-09-29 15:44:00,83160.0,83179.58,83140.01,83179.58,15.16556
2026-09-29 15:45:00,83179.58,83230.01,83179.58,83200.55,15.71289
2026-09-29 15:46:00,83200.56,83203.5,83112.17,83112.17,30.77103
2026-09-29 15:47:00,83112.18,83265.96,83084.9,83259.45,31.30643
2026-09-29 15:48:00,83259.45,83331.13,83214.0,83318.45,22.63276
2026-09-29 15:49:00,83318.46,83318.46,83262.7,83265.35,12.821
2026-09-29 15:50:00,83265.36,83274.01,83114.44,83129.22,40.0942
2026-09-29 15:51:00,83129.21,83146.01,83120.34,83135.73,7.75657
2026-09-29 15:52:00,83135.73,83135.73,83043.78,83043.79,11.71497
2026-09-29 15:53:00,83043.79,83055.0,82962.0,82974.01,46.78435
2026-09-29 15:54:00,82974.01,82988.19,82929.0,82988.19,22.95694
2026-09-29 15:55:00,82988.19,83054.54,82988.18,83012.75,30.49154
2026-09-29 15:56:00,83012.76,83046.94,83012.75,83040.64,31.74343
2026-09-29 15:57:00,83040.65,83083.61,83000.0,83000.0,46.47273
2026-09-29 15:58:00,83000.01,83003.94,82970.17,82970.17,6.47335
2026-09-29 15:59:00,82970.18,83068.01,82970.13,83068.0,15.30837
2026-09-29 16:00:00,83068.0,83138.63,83066.01,83112.0,22.48146
2026-09-29 16:01:00,83112.01,83145.81,83096.01,83130.02,9.71236
2026-09-29 16:02:00,83130.02,83145.81,83106.0,83137.55,8.37793
2026-09-29 16:03:00,83137.56,83137.57,83098.0,83098.0,7.24478
2026-09-29 16:04:00,83098.01,83098.01,83058.0,83058.0,5.9271
2026-09-29 16:05:00,83058.01,83099.36,83041.47,83095.55,15.64839
2026-09-29 16:06:00,83095.56,83095.56,83040.0,83040.01,10.03101
2026-09-29 16:07:00,83040.01,83040.01,82982.01,83028.01,30.49823
2026-09-29 16:08:00,83028.01,83032.01,82996.41,82996.42,7.4633
2026-09-29 16:09:00,82996.42,83002.6,82983.56,83002.6,7.17365
2026-09-29 16:10:00,83002.59,83081.58,83002.59,83062.65,17.04311
2026-09-29 16:11:00,83062.65,83064.17,83024.0,83052.47,5.84175
2026-09-29 16:12:00,83052.47,83056.01,83010.0,83010.01,7.07841
2026-09-29 16:13:00,83010.0,83035.98,83003.06,83012.01,6.06436
2026-09-29 16:14:00,83012.02,83030.01,82962.6,83030.0,17.29699
2026-09-29 16:15:00,83030.01,83036.01,83004.0,83018.07,7.98003
2026-09-29 16:16:00,83018.06,83111.96,82997.32,83111.96,39.34296
2026-09-29 16:17:00,83111.95,83150.01,83109.65,83109.65,88.71785
2026-09-29 16:18:00,83109.66,83114.01,83088.84,83114.0,6.22015
2026-09-29 16:19:00,83114.0,83124.51,83084.34,83102.0,13.03664
2026-09-29 16:20:00,83102.01,83156.01,83102.0,83144.0,7.19953
2026-09-29 16:21:00,83144.0,83185.67,83140.17,83158.02,5.61885
2026-09-29 16:22:00,83158.02,83198.01,83156.0,83188.01,8.89235
2026-09-29 16:23:00,83188.0,83188.01,83154.0,83184.99,5.93448
2026-09-29 16:24:00,83185.0,83212.01,83184.99,83195.8,12.13352
2026-09-29 16:25:00,83195.81,83220.01,83180.01,83214.38,5.99016
2026-09-29 16:26:00,83214.38,83250.0,83214.37,83249.99,4.30687
2026-09-29 16:27:00,83249.99,83264.39,83249.99,83256.01,3.28112
2026-09-29 16:28:00,83256.0,83290.0,83252.01,83252.01,6.86161
2026-09-29 16:29:00,83252.02,83278.01,83252.01,83258.0,8.31262
2026-09-29 16:30:00,83258.01,83258.01,83182.0,83182.0,4.99318
2026-09-29 16:31:00,83182.01,83183.8,83140.22,83158.76,5.43741
2026-09-29 16:32:00,83158.77,83213.2,83158.77,83162.0,4.88732
2026-09-29 16:33:00,83162.0,83194.01,83158.0,83192.02,4.55324
2026-09-29 16:34:00,83192.02,83222.01,83185.01,83222.0,3.99759
2026-09-29 16:35:00,83222.01,83270.01,83222.0,83240.0,5.47427
2026-09-29 16:36:00,83240.01,83260.01,83230.0,83258.0,5.10889
2026-09-29 16:37:00,83258.01,83267.5,83238.0,83266.0,5.04311
2026-09-29 16:38:00,83266.0,83276.01,83252.58,83259.94,9.61146
2026-09-29 16:39:00,83259.95,83259.95,83194.0,83194.01,5.22201
2026-09-29 16:40:00,83194.01,83194.01,83136.0,83144.0,5.69091
2026-09-29 16:41:00,83144.01,83164.01,83094.0,83094.01,5.95134
2026-09-29 16:42:00,83094.01,83118.01,83083.09,83088.0,8.68876
2026-09-29 16:43:00,83088.01,83090.83,83042.0,83066.0,12.74314
2026-09-29 16:44:00,83066.01,83070.01,83044.0,83044.01,5.06918
2026-09-29 16:45:00,83044.01,83080.01,82962.0,82964.01,14.80443
2026-09-29 16:46:00,82964.01,83073.27,82962.06,83073.27,10.78275
2026-09-29 16:47:00,83073.26,83088.01,83030.0,83030.02,8.13806
2026-09-29 16:48:00,83030.01,83042.01,83002.0,83039.94,16.58862
2026-09-29 16:49:00,83039.95,83048.01,82980.0,83008.0,12.27445
2026-09-29 16:50:00,83008.0,83054.01,83008.0,83043.46,7.72852
2026-09-29 16:51:00,83043.47,83078.01,83026.0,83026.0,12.2897
2026-09-29 16:52:00,83026.0,83050.01,83004.0,83026.01,6.8373
2026-09-29 16:53:00,83026.01,83032.42,82949.99,82950.0,19.48788
2026-09-29 16:54:00,82949.99,82966.01,82944.69,82946.02,40.9206
2026-09-29 16:55:00,82946.03,82950.01,82939.99,82946.05,7.9227
2026-09-29 16:56:00,82946.05,82946.06,82900.0,82928.89,11.73162
2026-09-29 16:57:00,82928.89,83018.01,82928.89,83013.61,10.87976
2026-09-29 16:58:00,83013.61,83061.28,83013.61,83061.27,5.19872
2026-09-29 16:59:00,83061.27,83074.01,83061.27,83061.27,4.30132
2026-09-29 17:00:00,83061.28,83064.01,83024.69,83024.69,4.20713
2026-09-29 17:01:00,83024.69,83054.01,83020.0,83040.0,4.0805
2026-09-29 17:02:00,83040.0,83044.01,83025.29,83034.11,3.39862
2026-09-29 17:03:00,83034.1,83086.0,83014.98,83086.0,5.28443
2026-09-29 17:04:00,83085.99,83108.01,83085.99,83100.0,6.1791
2026-09-29 17:05:00,83100.0,83150.01,83086.0,83150.01,39.40365
2026-09-29 17:06:00,83150.01,83181.52,83150.0,83168.0,7.36957
2026-09-29 17:07:00,83168.01,83172.01,83150.0,83150.0,6.45623
2026-09-29 17:08:00,83150.01,83166.81,83150.0,83166.8,2.33395
2026-09-29 17:09:00,83166.81,83188.6,83166.0,83166.01,2.96993
2026-09-29 17:10:00,83166.0,83166.01,83150.0,83150.01,7.54747
2026-09-29 17:11:00,83150.0,83188.01,83136.01,83144.0,13.70278
2026-09-29 17:12:00,83144.0,83144.0,83096.18,83126.67,7.19601
2026-09-29 17:13:00,83126.67,83143.98,83113.86,83132.74,2.72159
2026-09-29 17:14:00,83132.73,83166.48,83132.73,83166.47,18.86372
2026-09-29 17:15:00,83166.48,83180.69,83152.93,83152.93,4.83619
2026-09-29 17:16:00,83152.94,83152.94,83070.0,83080.0,8.78541
2026-09-29 17:17:00,83080.01,83113.87,83068.17,83093.79,18.09019
2026-09-29 17:18:00,83093.79,83123.25,83093.78,83110.01,8.75899
2026-09-29 17:19:00,83110.0,83142.01,83106.0,83142.01,6.98608
2026-09-29 17:20:00,83142.01,83152.01,83118.0,83118.0,4.00978
2026-09-29 17:21:00,83118.01,83118.01,83050.0,83050.01,5.1675
2026-09-29 17:22:00,83050.0,83055.77,83050.0,83054.0,3.1533
2026-09-29 17:23:00,83054.0,83118.01,83054.0,83116.0,3.3314
2026-09-29 17:24:00,83116.0,83126.01,83100.0,83116.0,2.91081
2026-09-29 17:25:00,83116.01,83126.01,83104.0,83110.59,5.25819
2026-09-29 17:26:00,83110.6,83124.01,83108.0,83108.01,6.10523
2026-09-29 17:27:00,83108.01,83136.01,83108.01,83136.0,5.20752
2026-09-29 17:28:00,83136.01,83145.98,83108.0,83108.0,5.06024
2026-09-29 17:29:00,83108.01,83178.01,83108.0,83178.0,4.71483
2026-09-29 17:30:00,83178.01,83208.01,83178.01,83202.01,3.86457
2026-09-29 17:31:00,83202.01,83218.01,83192.0,83218.0,3.85437
2026-09-29 17:32:00,83218.0,83218.01,83170.0,83208.0,5.598
2026-09-29 17:33:00,83208.01,83213.2,83190.0,83190.01,3.4137
2026-09-29 17:34:00,83190.0,83214.01,83176.79,83176.79,8.95325
2026-09-29 17:35:00,83176.79,83180.01,83122.0,83126.01,6.47718
2026-09-29 17:36:00,83126.01,83162.01,83126.0,83136.42,9.93101
2026-09-29 17:37:00,83136.41,83156.01,83126.0,83126.01,2.59968
2026-09-29 17:38:00,83126.01,83140.01,83107.9,83107.91,3.82652
2026-09-29 17:39:00,83107.9,83137.39,83107.9,83134.0,4.9816
2026-09-29 17:40:00,83134.0,83156.01,83134.0,83154.01,3.8009
2026-09-29 17:41:00,83154.01,83185.52,83150.0,83168.01,3.38166
2026-09-29 17:42:00,83168.01,83170.01,83154.0,83160.0,4.17784
2026-09-29 17:43:00,83160.0,83160.01,83132.19,83137.43,2.87149
2026-09-29 17:44:00,83137.44,83148.01,83132.01,83132.01,16.07137
2026-09-29 17:45:00,83132.01,83171.24,83132.0,83168.0,2.66651
2026-09-29 17:46:00,83168.01,83168.01,83100.0,83100.0,6.13919
2026-09-29 17:47:00,83100.0,83106.01,83076.0,83102.17,4.52241
2026-09-29 17:48:00,83102.17,83122.01,83086.0,83112.01,3.10856
2026-09-29 17:49:00,83112.0,83116.01,83063.23,83063.23,2.79502
2026-09-29 17:50:00,83063.24,83072.01,83044.01,83044.01,4.13263
2026-09-29 17:51:00,83044.0,83044.0,82994.98,83042.01,12.83137
2026-09-29 17:52:00,83042.0,83067.56,83042.0,83067.55,4.80824
2026-09-29 17:53:00,83067.56,83067.56,83008.0,83030.01,9.57538
2026-09-29 17:54:00,83030.01,83068.01,83029.75,83044.0,3.8366
2026-09-29 17:55:00,83044.0,83046.01,83030.0,83030.0,2.94458
2026-09-29 17:56:00,83030.01,83045.89,83008.05,83014.0,5.46706
2026-09-29 17:57:00,83014.01,83026.01,83008.28,83010.01,3.39168
2026-09-29 17:58:00,83010.0,83010.01,82985.0,83006.0,5.0578
2026-09-29 17:59:00,83006.01,83078.01,83006.0,83078.01,4.12647
2026-09-29 18:00:00,83078.01,83281.03,83078.01,83281.03,30.5788
2026-09-29 18:01:00,83281.02,83300.0,83230.0,83234.18,9.25059
2026-09-29 18:02:00,83234.18,83280.01,83234.18,83270.0,4.76889
2026-09-29 18:03:00,83270.0,83270.01,83220.0,83232.01,4.02206
2026-09-29 18:04:00,83232.0,83299.99,83232.0,83298.99,8.6737
2026-09-29 18:05:00,83299.0,83356.01,83278.0,83342.0,13.50032
2026-09-29 18:06:00,83342.01,83412.01,83342.0,83412.0,13.01911
2026-09-29 18:07:00,83412.0,83432.01,83346.0,83346.0,16.62322
2026-09-29 18:08:00,83346.01,83374.01,83330.0,83338.01,18.49384
2026-09-29 18:09:00,83338.01,83372.01,83300.0,83300.01,4.54733
2026-09-29 18:10:00,83300.01,83324.01,83290.1,83310.0,4.64258
2026-09-29 18:11:00,83310.01,83336.01,83310.0,83322.0,4.0081
2026-09-29 18:12:00,83322.01,83382.01,83322.0,83382.01,3.09669
2026-09-29 18:13:00,83382.01,83418.01,83364.61,83418.0,4.20823
2026-09-29 18:14:00,83418.0,83428.01,83418.0,83428.01,1.93383
2026-09-29 18:15:00,83428.0,83466.01,83428.0,83464.0,3.43483
2026-09-29 18:16:00,83464.0,83506.01,83464.0,83478.01,10.05227
2026-09-29 18:17:00,83478.01,83478.01,83404.0,83432.0,5.15413
2026-09-29 18:18:00,83432.0,83432.0,83400.0,83422.0,3.08008
2026-09-29 18:19:00,83422.01,83423.8,83416.44,83423.79,3.69709
2026-09-29 18:20:00,83423.79,83450.0,83410.0,83450.0,4.04728
2026-09-29 18:21:00,83450.01,83474.01,83442.0,83474.0,3.20713
2026-09-29 18:22:00,83474.01,83514.01,83458.0,83514.0,5.64266
2026-09-29 18:23:00,83514.0,83519.0,83504.97,83516.01,6.27293
2026-09-29 18:24:00,83516.0,83516.01,83498.0,83502.67,2.68381
2026-09-29 18:25:00,83502.66,83506.01,83484.13,83484.14,4.82524
2026-09-29 18:26:00,83484.13,83484.13,83444.0,83444.0,3.90423
2026-09-29 18:27:00,83444.0,83464.0,83436.0,83440.01,3.67847
2026-09-29 18:28:00,83440.01,83482.01,83440.01,83482.0,2.05742
2026-09-29 18:29:00,83482.0,83482.0,83427.65,83427.65,7.54919
2026-09-29 18:30:00,83427.66,83506.01,83414.0,83496.0,13.50123
2026-09-29 18:31:00,83496.01,83498.01,83446.0,83492.01,5.52164
2026-09-29 18:32:00,83492.01,83550.0,83492.01,83549.99,20.61683
2026-09-29 18:33:00,83550.0,83560.01,83540.0,83544.0,7.13818
2026-09-29 18:34:00,83544.0,83570.01,83544.0,83570.0,4.2978
2026-09-29 18:35:00,83570.01,83570.01,83528.0,83536.01,2.86162
2026-09-29 18:36:00,83536.01,83568.01,83530.0,83568.0,4.08534
2026-09-29 18:37:00,83568.0,83576.01,83546.0,83550.0,5.42156
2026-09-29 18:38:00,83550.0,83594.0,83550.0,83570.72,6.03672
2026-09-29 18:39:00,83570.71,83625.89,83558.03,83564.01,18.38157
2026-09-29 18:40:00,83564.01,83634.4,83562.0,83634.4,4.88811
2026-09-29 18:41:00,83634.4,83676.62,83634.39,83676.62,6.77456
2026-09-29 18:42:00,83676.61,83700.0,83676.0,83698.0,6.73438
2026-09-29 18:43:00,83698.01,83698.01,83670.0,83678.01,5.1438
2026-09-29 18:44:00,83678.01,83678.01,83632.01,83632.01,4.32265
2026-09-29 18:45:00,83632.0,83672.01,83628.0,83662.0,9.06569
2026-09-29 18:46:00,83662.0,83664.01,83640.89,83640.89,6.90064
2026-09-29 18:47:00,83640.89,83640.89,83586.0,83597.48,10.22078
2026-09-29 18:48:00,83597.49,83631.09,83592.0,83631.08,4.75389
2026-09-29 18:49:00,83631.08,83634.4,83631.08,83634.39,0.82771
2026-09-29 18:50:00,83634.39,83642.01,83606.31,83622.01,5.26814
2026-09-29 18:51:00,83622.01,83656.0,83622.01,83656.0,2.20339
2026-09-29 18:52:00,83655.99,83668.01,83646.0,83660.01,3.28441
2026-09-29 18:53:00,83660.01,83684.01,83640.0,83640.0,4.97304
2026-09-29 18:54:00,83640.0,83640.01,83633.79,83633.8,2.21193
2026-09-29 18:55:00,83633.8,83633.8,83626.28,83626.28,1.93522
2026-09-29 18:56:00,83626.29,83628.01,83626.28,83626.28,2.18029
2026-09-29 18:57:00,83626.29,83626.29,83614.21,83614.21,1.59737
2026-09-29 18:58:00,83614.21,83628.01,83592.77,83628.01,7.3184
2026-09-29 18:59:00,83628.01,83640.0,83628.0,83640.0,4.89939
2026-09-29 19:00:00,83640.0,83640.0,83626.84,83626.84,1.71498
2026-09-29 19:01:00,83626.84,83634.4,83606.0,83618.01,6.40234
2026-09-29 19:02:00,83618.01,83655.51,83618.0,83650.01,5.47469
2026-09-29 19:03:00,83650.01,83654.01,83636.04,83636.04,5.06986
2026-09-29 19:04:00,83636.03,83650.01,83622.0,83650.01,1.95142
2026-09-29 19:05:00,83650.01,83650.01,83632.53,83650.0,3.28291
2026-09-29 19:06:00,83649.99,83682.01,83649.99,83682.01,4.34042
2026-09-29 19:07:00,83682.0,83700.0,83680.0,83699.99,3.72739
2026-09-29 19:08:00,83699.99,83700.0,83676.0,83676.0,3.5406
2026-09-29 19:09:00,83676.01,83676.01,83649.79,83649.99,13.47109
2026-09-29 19:10:00,83649.98,83666.38,83649.98,83666.38,2.01832
2026-09-29 19:11:00,83666.37,83666.38,83639.96,83639.96,4.11114
2026-09-29 19:12:00,83639.96,83639.97,83612.21,83612.21,3.65329
2026-09-29 19:13:00,83612.22,83612.22,83600.63,83600.63,2.19345
2026-09-29 19:14:00,83600.64,83614.27,83599.89,83599.89,4.8549
2026-09-29 19:15:00,83599.89,83618.01,83580.0,83580.01,10.39703
2026-09-29 19:16:00,83580.01,83598.48,83568.0,83584.0,7.39196
2026-09-29 19:17:00,83584.0,83614.01,83574.0,83614.01,4.32526
2026-09-29 19:18:00,83614.0,83665.93,83614.0,83649.16,9.17625
2026-09-29 19:19:00,83649.16,83649.16,83610.46,83649.15,7.36834
2026-09-29 19:20:00,83649.14,83649.14,83618.0,83618.0,4.24944
2026-09-29 19:21:00,83618.01,83618.01,83608.0,83608.01,1.97357
2026-09-29 19:22:00,83608.0,83608.01,83587.7,83608.0,3.88356
2026-09-29 19:23:00,83608.01,83621.37,83608.0,83621.36,1.79417
2026-09-29 19:24:00,83621.37,83623.89,83610.03,83620.69,3.47437
2026-09-29 19:25:00,83620.68,83633.74,83619.66,83619.66,2.93393
2026-09-29 19:26:00,83619.65,83619.65,83574.89,83590.01,3.37738
2026-09-29 19:27:00,83590.01,83590.01,83568.0,83576.0,3.96906
2026-09-29 19:28:00,83576.0,83576.01,83544.0,83544.01,2.48634
2026-09-29 19:29:00,83544.0,83548.0,83544.0,83547.99,0.6744
2026-09-29 19:30:00,83547.99,83553.1,83518.0,83553.1,6.142
2026-09-29 19:31:00,83553.1,83580.32,83553.09,83572.0,3.78771
2026-09-29 19:32:00,83572.01,83621.28,83572.0,83621.27,5.15641
2026-09-29 19:33:00,83621.28,83621.28,83600.63,83604.85,2.40456
2026-09-29 19:34:00,83604.84,83604.84,83588.0,83588.0,1.97074
2026-09-29 19:35:00,83588.0,83588.0,83560.0,83560.0,4.60933
2026-09-29 19:36:00,83560.0,83562.01,83554.0,83560.0,2.46514
2026-09-29 19:37:00,83560.0,83572.85,83546.36,83546.37,2.45132
2026-09-29 19:38:00,83546.37,83566.53,83546.36,83552.01,7.37224
2026-09-29 19:39:00,83552.0,83560.01,83550.0,83550.01,1.55481
2026-09-29 19:40:00,83550.0,83550.01,83490.2,83494.0,9.48876
2026-09-29 19:41:00,83494.01,83502.01,83494.0,83502.01,1.93769
2026-09-29 19:42:00,83502.01,83503.69,83486.59,83498.01,5.5501
2026-09-29 19:43:00,83498.01,83508.01,83492.0,83492.01,1.99596
2026-09-29 19:44:00,83492.0,83492.0,83436.0,83436.0,5.13197
2026-09-29 19:45:00,83436.0,83438.01,83414.76,83414.77,4.5944
2026-09-29 19:46:00,83414.77,83468.33,83398.5,83468.33,8.49579
2026-09-29 19:47:00,83468.32,83610.01,83452.0,83607.94,29.67671
2026-09-29 19:48:00,83608.01,83624.01,83522.0,83529.1,13.59444
2026-09-29 19:49:00,83529.1,83602.01,83529.09,83556.01,10.52361
2026-09-29 19:50:00,83556.01,83582.01,83540.0,83562.0,16.34316
2026-09-29 19:51:00,83562.0,83620.01,83556.0,83620.01,3.71727
2026-09-29 19:52:00,83620.01,83637.69,83600.0,83600.01,5.57414
2026-09-29 19:53:00,83600.0,83600.0,83560.0,83580.0,3.44714
2026-09-29 19:54:00,83580.01,83584.01,83560.0,83560.0,4.45588
2026-09-29 19:55:00,83560.0,83585.31,83536.0,83585.31,5.24804
2026-09-29 19:56:00,83585.31,83612.01,83578.0,83580.84,3.61229
2026-09-29 19:57:00,83580.84,83590.01,83580.84,83590.01,1.21221
2026-09-29 19:58:00,83590.01,83610.85,83580.0,83580.01,6.64927
2026-09-29 19:59:00,83580.0,83594.01,83568.0,83594.01,7.77322
2026-09-29 20:00:00,83594.01,83594.01,83564.0,83576.01,5.02242
2026-09-29 20:01:00,83576.01,83595.37,83540.0,83540.0,4.15674
2026-09-29 20:02:00,83540.0,83540.0,83519.8,83529.1,3.21408
2026-09-29 20:03:00,83529.09,83535.8,83526.0,83531.84,4.76663
2026-09-29 20:04:00,83531.83,83551.78,83529.69,83542.0,3.70246
2026-09-29 20:05:00,83542.0,83571.73,83534.27,83571.73,4.49634
2026-09-29 20:06:00,83571.73,83578.53,83571.72,83574.12,2.23078
2026-09-29 20:07:00,83574.11,83596.12,83574.11,83593.81,3.82966
2026-09-29 20:08:00,83593.8,83593.81,83585.78,83585.78,3.88384
2026-09-29 20:09:00,83585.79,83603.36,83540.0,83540.0,4.13748
2026-09-29 20:10:00,83540.0,83540.0,83510.0,83510.0,3.838
2026-09-29 20:11:00,83510.0,83515.37,83508.0,83515.37,1.6732
2026-09-29 20:12:00,83515.37,83538.01,83515.36,83538.0,1.95418
2026-09-29 20:13:00,83538.01,83557.69,83538.01,83557.69,0.92825
2026-09-29 20:14:00,83557.68,83568.53,83537.73,83537.74,23.09561
2026-09-29 20:15:00,83537.74,83558.85,83537.74,83558.85,2.69692
2026-09-29 20:16:00,83558.84,83568.84,83558.84,83568.84,1.22932
2026-09-29 20:17:00,83568.85,83596.31,83568.84,83596.31,2.35505
2026-09-29 20:18:00,83596.31,83605.55,83596.3,83605.54,2.66939
2026-09-29 20:19:00,83605.55,83617.69,83605.55,83617.69,5.79661
2026-09-29 20:20:00,83617.68,83626.62,83617.68,83624.93,7.31406
2026-09-29 20:21:00,83624.93,83624.95,83624.93,83624.94,3.25109
2026-09-29 20:22:00,83624.95,83624.95,83624.94,83624.94,0.71746
2026-09-29 20:23:00,83624.95,83624.95,83624.94,83624.95,2.73137
2026-09-29 20:24:00,83624.94,83624.95,83606.47,83606.47,4.38777
2026-09-29 20:25:00,83606.47,83616.93,83601.15,83602.84,3.88547
2026-09-29 20:26:00,83602.84,83643.69,83602.84,83643.69,2.95223
2026-09-29 20:27:00,83643.69,83650.01,83643.69,83650.0,1.89731
2026-09-29 20:28:00,83650.01,83650.01,83634.0,83634.0,4.22811
2026-09-29 20:29:00,83634.0,83634.01,83630.25,83630.25,4.616
2026-09-29 20:30:00,83630.26,83630.26,83610.47,83610.48,4.19586
2026-09-29 20:31:00,83610.47,83610.48,83593.47,83593.48,2.49941
2026-09-29 20:32:00,83593.48,83593.48,83593.47,83593.47,2.5276
2026-09-29 20:33:00,83593.47,83608.21,83593.47,83608.21,4.81865
2026-09-29 20:34:00,83608.21,83608.21,83590.29,83590.3,2.57796
2026-09-29 20:35:00,83590.3,83602.85,83586.94,83602.84,3.93694
2026-09-29 20:36:00,83602.85,83620.11,83602.84,83605.49,6.22113
2026-09-29 20:37:00,83605.48,83605.49,83605.48,83605.48,2.32664
2026-09-29 20:38:00,83605.49,83605.49,83596.07,83596.08,1.4844
2026-09-29 20:39:00,83596.07,83617.69,83596.07,83617.69,1.84713
2026-09-29 20:40:00,83617.69,83633.54,83616.86,83633.53,8.12754
2026-09-29 20:41:00,83633.53,83633.54,83633.53,83633.54,0.27615
2026-09-29 20:42:00,83633.53,83644.85,83633.53,83644.84,1.84773
2026-09-29 20:43:00,83644.85,83645.69,83644.85,83645.68,1.14748
2026-09-29 20:44:00,83645.69,83645.69,83641.94,83641.94,2.07159
2026-09-29 20:45:00,83641.94,83641.95,83625.26,83625.27,3.19986
2026-09-29 20:46:00,83625.26,83625.27,83624.8,83624.8,0.48437
2026-09-29 20:47:00,83624.81,83634.4,83624.71,83634.39,1.45413
2026-09-29 20:48:00,83634.4,83637.94,83634.39,83637.94,1.05468
2026-09-29 20:49:00,83637.94,83645.61,83637.93,83645.61,2.24669
2026-09-29 20:50:00,83645.61,83646.0,83645.6,83646.0,1.41988
2026-09-29 20:51:00,83645.99,83654.85,83645.99,83654.84,2.95429
2026-09-29 20:52:00,83654.85,83654.85,83654.84,83654.85,2.43912
2026-09-29 20:53:00,83654.84,83654.85,83649.28,83649.28,2.28425
2026-09-29 20:54:00,83649.28,83649.29,83641.47,83641.47,3.50568
2026-09-29 20:55:00,83641.48,83644.01,83641.47,83644.0,1.09008
2026-09-29 20:56:00,83644.0,83644.01,83632.0,83632.0,2.65865
2026-09-29 20:57:00,83632.0,83632.0,83618.68,83631.54,4.30296
2026-09-29 20:58:00,83631.55,83646.57,83631.54,83641.95,4.4789
2026-09-29 20:59:00,83641.94,83641.95,83616.38,83616.39,3.12442
2026-09-29 21:00:00,83616.38,83616.39,83614.69,83614.7,1.22518
2026-09-29 21:01:00,83614.7,83614.7,83599.71,83599.71,1.58405
2026-09-29 21:02:00,83599.71,83599.72,83567.97,83567.97,1.51902
2026-09-29 21:03:00,83567.97,83567.97,83526.0,83536.01,5.33023
2026-09-29 21:04:00,83536.0,83578.01,83526.0,83549.17,12.1598
2026-09-29 21:05:00,83549.17,83549.18,83530.0,83530.0,8.6563
2026-09-29 21:06:00,83530.0,83554.01,83526.0,83552.0,7.05291
2026-09-29 21:07:00,83552.01,83552.01,83540.0,83540.0,3.6775
2026-09-29 21:08:00,83540.01,83540.01,83540.0,83540.01,0.90315
2026-09-29 21:09:00,83540.01,83551.96,83528.52,83551.95,32.63823
2026-09-29 21:10:00,83551.95,83555.79,83548.01,83548.02,10.2721
2026-09-29 21:11:00,83548.02,83548.02,83548.01,83548.01,0.94901
2026-09-29 21:12:00,83548.01,83553.22,83548.01,83553.22,0.92207
2026-09-29 21:13:00,83553.22,83553.22,83540.27,83545.95,5.56579
2026-09-29 21:14:00,83545.95,83558.84,83545.95,83558.83,1.13829
2026-09-29 21:15:00,83558.84,83559.68,83526.0,83526.0,10.58189
2026-09-29 21:16:00,83526.0,83526.01,83511.48,83511.48,15.59165
2026-09-29 21:17:00,83511.49,83511.49,83511.48,83511.48,1.7298
2026-09-29 21:18:00,83511.48,83511.49,83478.35,83483.33,19.37445
2026-09-29 21:19:00,83483.34,83483.34,83483.33,83483.33,1.11832
2026-09-29 21:20:00,83483.33,83483.34,83454.0,83456.68,8.08692
2026-09-29 21:21:00,83456.69,83472.01,83456.68,83472.0,4.33866
2026-09-29 21:22:00,83472.0,83472.0,83448.0,83449.12,19.22886
2026-09-29 21:23:00,83449.12,83449.13,83449.12,83449.13,1.56877
2026-09-29 21:24:00,83449.13,83452.18,83446.0,83446.01,6.15342
2026-09-29 21:25:00,83446.01,83455.16,83430.0,83455.15,11.99521
2026-09-29 21:26:00,83455.16,83464.84,83384.0,83387.66,24.53206
2026-09-29 21:27:00,83387.66,83395.54,83387.65,83395.16,8.01654
2026-09-29 21:28:00,83395.16,83401.45,83395.16,83400.64,1.79084
2026-09-29 21:29:00,83400.64,83422.01,83400.64,83422.01,8.01797
2026-09-29 21:30:00,83422.01,83435.53,83422.01,83435.53,2.47211
2026-09-29 21:31:00,83435.53,83436.35,83430.24,83430.24,4.19676
2026-09-29 21:32:00,83430.24,83430.25,83420.0,83423.79,4.40748
2026-09-29 21:33:00,83423.79,83464.0,83423.79,83463.99,7.08832
2026-09-29 21:34:00,83464.0,83466.5,83461.19,83466.5,2.20235
2026-09-29 21:35:00,83466.49,83470.0,83465.82,83465.83,4.156
2026-09-29 21:36:00,83465.83,83466.5,83465.82,83466.49,1.93132
2026-09-29 21:37:00,83466.49,83476.47,83466.49,83472.46,2.24061
2026-09-29 21:38:00,83472.47,83472.47,83456.0,83457.67,3.57819
2026-09-29 21:39:00,83457.68,83477.26,83457.67,83477.25,3.48106
2026-09-29 21:40:00,83477.25,83515.98,83467.38,83515.97,9.00197
2026-09-29 21:41:00,83515.97,83522.01,83515.97,83522.0,0.94819
2026-09-29 21:42:00,83522.01,83531.61,83519.79,83531.6,4.89992
2026-09-29 21:43:00,83531.6,83538.01,83514.0,83514.01,4.46874
2026-09-29 21:44:00,83514.01,83518.71,83506.42,83506.43,4.84687
2026-09-29 21:45:00,83506.43,83506.43,83428.69,83438.18,10.04457
2026-09-29 21:46:00,83438.17,83438.18,83425.0,83425.01,6.50143
2026-09-29 21:47:00,83425.01,83437.76,83420.0,83437.76,5.25142
2026-09-29 21:48:00,83437.75,83445.96,83430.54,83430.54,2.75657
2026-09-29 21:49:00,83430.54,83437.78,83420.0,83437.77,2.61564
2026-09-29 21:50:00,83437.78,83444.56,83437.77,83444.55,1.33677
2026-09-29 21:51:00,83444.55,83460.36,83444.55,83460.36,7.26325
2026-09-29 21:52:00,83460.36,83483.82,83460.36,83483.82,1.75089
2026-09-29 21:53:00,83483.81,83506.01,83483.81,83494.01,2.54543
2026-09-29 21:54:00,83494.02,83494.02,83490.0,83490.01,0.85082
2026-09-29 21:55:00,83490.01,83490.01,83490.0,83490.0,0.69588
2026-09-29 21:56:00,83490.0,83490.01,83490.0,83490.01,0.27449
2026-09-29 21:57:00,83490.0,83490.01,83470.0,83470.01,1.36245
2026-09-29 21:58:00,83470.01,83492.01,83470.0,83492.01,3.92722
2026-09-29 21:59:00,83492.0,83504.0,83492.0,83503.99,1.34383
2026-09-29 22:00:00,83503.99,83537.57,83503.99,83537.56,3.98514
2026-09-29 22:01:00,83537.56,83570.01,83537.56,83570.01,5.99266
2026-09-29 22:02:00,83570.0,83570.01,83570.0,83570.01,0.4334
2026-09-29 22:03:00,83570.01,83580.0,83570.0,83580.0,2.60725
2026-09-29 22:04:00,83580.0,83612.01,83561.31,83581.47,9.98925
2026-09-29 22:05:00,83581.47,83584.84,83534.0,83558.0,5.89499
2026-09-29 22:06:00,83558.0,83570.01,83540.0,83540.0,2.38024
2026-09-29 22:07:00,83540.0,83554.0,83540.0,83540.01,1.60565
2026-09-29 22:08:00,83540.0,83563.69,83525.0,83563.69,4.99162
2026-09-29 22:09:00,83563.69,83594.52,83558.0,83594.52,2.42114
2026-09-29 22:10:00,83594.53,83618.53,83582.0,83618.53,2.74364
2026-09-29 22:11:00,83618.53,83620.0,83610.01,83611.0,2.34363
2026-09-29 22:12:00,83611.0,83636.01,83595.68,83636.01,7.40703
2026-09-29 22:13:00,83636.0,83722.01,83636.0,83703.58,17.18622
2026-09-29 22:14:00,83703.58,83703.59,83658.4,83658.41,3.3582
2026-09-29 22:15:00,83658.4,83672.01,83594.0,83594.01,10.555
2026-09-29 22:16:00,83594.01,83622.01,83584.0,83584.01,3.62627
2026-09-29 22:17:00,83584.0,83584.01,83575.0,83584.01,2.72345
2026-09-29 22:18:00,83584.0,83588.85,83560.0,83560.84,3.71447
2026-09-29 22:19:00,83560.84,83662.01,83550.0,83661.95,11.27397
2026-09-29 22:20:00,83661.95,83670.0,83620.96,83620.96,4.57613
2026-09-29 22:21:00,83620.96,83620.96,83600.0,83612.0,3.37398
2026-09-29 22:22:00,83612.01,83648.01,83602.0,83648.0,4.5867
2026-09-29 22:23:00,83648.0,83658.01,83648.0,83658.0,0.8364
2026-09-29 22:24:00,83658.01,83664.05,83656.0,83656.0,1.58351
2026-09-29 22:25:00,83656.0,83669.99,83652.0,83669.99,1.93364
2026-09-29 22:26:00,83669.99,83689.51,83650.0,83650.0,4.17861
2026-09-29 22:27:00,83650.0,83650.01,83616.0,83616.0,6.90063
2026-09-29 22:28:00,83616.0,83616.01,83606.0,83606.0,4.06218
2026-09-29 22:29:00,83606.0,83606.01,83598.0,83598.01,7.76474
2026-09-29 22:30:00,83598.01,83610.01,83574.36,83575.03,7.33317
2026-09-29 22:31:00,83575.03,83579.53,83544.68,83553.18,12.97194
2026-09-29 22:32:00,83553.18,83579.14,83553.18,83567.52,2.93244
2026-09-29 22:33:00,83568.01,83581.22,83564.0,83564.0,2.9645
2026-09-29 22:34:00,83564.0,83579.93,83564.0,83579.92,2.1268
2026-09-29 22:35:00,83579.92,83579.93,83564.0,83568.61,2.43669
2026-09-29 22:36:00,83568.61,83583.41,83568.61,83572.56,4.70751
2026-09-29 22:37:00,83572.56,83599.6,83572.56,83599.6,2.61318
2026-09-29 22:38:00,83599.6,83599.6,83584.0,83584.01,2.99613
2026-09-29 22:39:00,83584.0,83584.01,83565.01,83565.05,3.59287
2026-09-29 22:40:00,83565.04,83566.92,83565.04,83566.91,2.3566
2026-09-29 22:41:00,83566.91,83595.36,83566.91,83595.36,3.14576
2026-09-29 22:42:00,83595.36,83618.01,83595.35,83618.0,3.58716
2026-09-29 22:43:00,83618.0,83620.0,83606.01,83606.01,2.67675
2026-09-29 22:44:00,83606.01,83606.02,83606.01,83606.02,1.12177
2026-09-29 22:45:00,83606.02,83634.4,83598.0,83598.0,6.7537
2026-09-29 22:46:00,83598.01,83602.01,83598.0,83602.01,7.29067
2026-09-29 22:47:00,83602.01,83602.01,83580.44,83588.88,8.92021
2026-09-29 22:48:00,83588.88,83598.03,83588.87,83598.02,0.81618
2026-09-29 22:49:00,83598.02,83598.02,83586.35,83596.86,1.93796
2026-09-29 22:50:00,83596.85,83606.01,83596.0,83606.01,3.11616
2026-09-29 22:51:00,83606.01,83638.36,83606.0,83638.35,2.68778
2026-09-29 22:52:00,83638.36,83638.36,83628.0,83628.01,4.56746
2026-09-29 22:53:00,83628.0,83636.93,83624.01,83636.92,0.98753
2026-09-29 22:54:00,83636.93,83650.0,83619.75,83619.75,6.99185
2026-09-29 22:55:00,83619.75,83632.01,83619.75,83632.01,1.78874
2026-09-29 22:56:00,83632.01,83632.01,83620.0,83620.01,1.4652
2026-09-29 22:57:00,83620.0,83624.0,83620.0,83623.99,7.43022
2026-09-29 22:58:00,83624.0,83624.0,83615.0,83615.1,11.50873
2026-09-29 22:59:00,83615.1,83615.1,83610.0,83612.01,6.03767
2026-09-29 23:00:00,83612.0,83624.0,83612.0,83623.99,3.23803
2026-09-29 23:01:00,83623.99,83650.0,83623.99,83649.99,2.55418
2026-09-29 23:02:00,83649.99,83682.01,83649.99,83667.03,11.00628
2026-09-29 23:03:00,83667.03,83690.0,83667.03,83690.0,4.61144
2026-09-29 23:04:00,83690.0,83742.88,83689.99,83742.88,7.50219
2026-09-29 23:05:00,83742.87,83795.0,83742.87,83794.99,11.75483
2026-09-29 23:06:00,83795.0,83815.53,83772.8,83815.53,10.67728
2026-09-29 23:07:00,83815.52,83844.99,83794.52,83826.0,11.04182
2026-09-29 23:08:00,83826.01,83840.83,83760.88,83760.88,15.72865
2026-09-29 23:09:00,83760.88,83789.8,83760.88,83789.8,4.33153
2026-09-29 23:10:00,83789.8,83810.2,83789.8,83810.19,2.85857
2026-09-29 23:11:00,83810.19,83810.2,83798.76,83798.77,2.18274
2026-09-29 23:12:00,83798.77,83798.77,83798.76,83798.77,1.26332
2026-09-29 23:13:00,83798.77,83842.4,83798.76,83842.4,4.09956
2026-09-29 23:14:00,83842.39,83845.93,83842.31,83845.93,4.01594
2026-09-29 23:15:00,83845.93,83845.93,83834.57,83834.57,3.2012
2026-09-29 23:16:00,83834.57,83840.01,83814.01,83840.01,9.72452
2026-09-29 23:17:00,83840.01,83849.0,83840.0,83842.01,5.02846
2026-09-29 23:18:00,83842.0,83842.01,83814.0,83814.01,2.29956
2026-09-29 23:19:00,83814.0,83830.01,83810.0,83810.0,4.34604
2026-09-29 23:20:00,83810.0,83810.0,83770.0,83770.0,2.12276
2026-09-29 23:21:00,83770.01,83770.01,83739.7,83742.1,1.66237
2026-09-29 23:22:00,83742.1,83742.11,83739.7,83742.01,2.10544
2026-09-29 23:23:00,83742.02,83742.02,83738.0,83738.0,3.01172
2026-09-29 23:24:00,83738.01,83738.01,83732.0,83732.01,3.4615
2026-09-29 23:25:00,83732.0,83739.7,83725.0,83739.7,1.1282
2026-09-29 23:26:00,83739.7,83741.1,83739.69,83741.1,0.99131
2026-09-29 23:27:00,83741.1,83752.01,83741.09,83752.01,1.39269
2026-09-29 23:28:00,83752.01,83752.01,83748.93,83748.93,5.06511
2026-09-29 23:29:00,83748.93,83759.04,83726.0,83759.03,44.54607
2026-09-29 23:30:00,83759.04,83759.04,83727.77,83731.7,4.31791
2026-09-29 23:31:00,83731.69,83731.7,83725.0,83725.0,3.83617
2026-09-29 23:32:00,83725.01,83725.01,83710.02,83710.02,9.74024
2026-09-29 23:33:00,83710.03,83711.35,83710.02,83711.34,0.5727
2026-09-29 23:34:00,83711.34,83711.35,83704.0,83704.0,5.07115
2026-09-29 23:35:00,83704.0,83704.01,83689.74,83689.75,9.12783
2026-09-29 23:36:00,83689.75,83702.69,83689.75,83699.52,2.66015
2026-09-29 23:37:00,83699.52,83707.25,83683.04,83683.04,11.33744
2026-09-29 23:38:00,83683.04,83688.01,83683.04,83684.02,2.67698
2026-09-29 23:39:00,83684.02,83716.0,83684.01,83715.99,6.77222
2026-09-29 23:40:00,83716.0,83716.0,83715.99,83716.0,0.51146
2026-09-29 23:41:00,83715.99,83715.99,83680.39,83680.39,4.89836
2026-09-29 23:42:00,83680.39,83680.4,83670.73,83671.99,2.56556
2026-09-29 23:43:00,83671.99,83671.99,83640.0,83640.01,5.08866
2026-09-29 23:44:00,83640.01,83660.01,83640.0,83660.0,3.74814
2026-09-29 23:45:00,83660.01,83694.01,83660.01,83694.01,2.09049
2026-09-29 23:46:00,83694.0,83707.08,83694.0,83702.01,2.62094
2026-09-29 23:47:00,83702.01,83716.0,83695.48,83715.99,2.85129
2026-09-29 23:48:00,83715.99,83716.0,83694.0,83695.35,2.56681
2026-09-29 23:49:00,83695.35,83707.12,83695.35,83707.12,2.13941
2026-09-29 23:50:00,83707.12,83716.0,83707.12,83716.0,1.17733
2026-09-29 23:51:00,83715.99,83715.99,83688.23,83701.8,3.76001
2026-09-29 23:52:00,83701.79,83715.54,83701.79,83715.53,1.20761
2026-09-29 23:53:00,83715.54,83715.54,83662.39,83662.4,3.67688
2026-09-29 23:54:00,83662.39,83662.39,83645.0,83645.0,2.56905
2026-09-29 23:55:00,83645.01,83665.63,83645.0,83665.62,3.27309
2026-09-29 23:56:00,83665.62,83669.7,83665.62,83669.69,0.85259
2026-09-29 23:57:00,83669.7,83669.7,83660.72,83660.72,0.88052
2026-09-29 23:58:00,83660.73,83663.66,83660.72,83663.21,1.35807
2026-09-29 23:59:00,83663.21,83663.66,83663.21,83663.66,0.94404
2026-09-30 00:00:00,83663.66,83691.52,83663.66,83672.92,4.98917
2026-09-30 00:01:00,83672.92,83695.11,83672.92,83695.1,3.23575
2026-09-30 00:02:00,83695.11,83731.46,83695.1,83731.45,2.56688
2026-09-30 00:03:00,83731.45,83731.46,83700.0,83722.0,4.79548
2026-09-30 00:04:00,83722.0,83722.0,83645.0,83674.0,10.82155
2026-09-30 00:05:00,83674.0,83712.7,83668.01,83712.69,7.1872
2026-09-30 00:06:00,83712.7,83712.7,83688.0,83696.0,2.30408
2026-09-30 00:07:00,83696.0,83696.01,83678.0,83678.01,1.37961
2026-09-30 00:08:00,83678.01,83678.01,83622.0,83622.0,8.25172
2026-09-30 00:09:00,83622.01,83622.01,83583.86,83583.87,5.11775
2026-09-30 00:10:00,83583.87,83583.87,83562.0,83562.01,11.92874
2026-09-30 00:11:00,83562.01,83564.01,83516.14,83516.14,11.98217
2026-09-30 00:12:00,83516.14,83536.16,83516.14,83536.15,9.16178
2026-09-30 00:13:00,83536.15,83554.01,83536.15,83552.01,3.56455
2026-09-30 00:14:00,83552.0,83552.01,83529.03,83529.04,3.36221
2026-09-30 00:15:00,83529.03,83529.1,83529.03,83529.1,1.20909
2026-09-30 00:16:00,83529.1,83542.1,83529.09,83542.09,1.49076
2026-09-30 00:17:00,83542.1,83542.1,83500.0,83500.0,8.22828
2026-09-30 00:18:00,83500.0,83500.01,83466.23,83466.23,10.31439
2026-09-30 00:19:00,83466.23,83466.23,83438.25,83438.26,2.75235
2026-09-30 00:20:00,83438.26,83438.26,83423.8,83438.01,5.10569
2026-09-30 00:21:00,83438.01,83446.0,83416.93,83446.0,3.59922
2026-09-30 00:22:00,83446.01,83452.01,83446.0,83448.0,2.47114
2026-09-30 00:23:00,83448.0,83448.01,83430.0,83438.01,3.29841
2026-09-30 00:24:00,83438.01,83498.51,83438.0,83476.01,7.89571
2026-09-30 00:25:00,83476.0,83539.86,83468.87,83526.0,7.04071
2026-09-30 00:26:00,83526.0,83526.0,83470.03,83521.27,8.22449
2026-09-30 00:27:00,83521.26,83549.01,83502.32,83523.89,63.86589
2026-09-30 00:28:00,83523.9,83585.98,83523.9,83585.97,10.2648
2026-09-30 00:29:00,83585.97,83592.01,83578.0,83578.01,4.52813
2026-09-30 00:30:00,83578.0,83598.01,83567.14,83584.01,5.4382
2026-09-30 00:31:00,83584.01,83584.01,83546.31,83580.0,5.27932
2026-09-30 00:32:00,83580.01,83580.01,83550.0,83580.0,9.8145
2026-09-30 00:33:00,83579.99,83588.01,83579.99,83588.01,2.97134
2026-09-30 00:34:00,83588.01,83618.0,83588.01,83618.0,4.17016
2026-09-30 00:35:00,83618.01,83631.42,83568.0,83581.59,7.00256
2026-09-30 00:36:00,83581.6,83582.01,83518.0,83518.0,5.02167
2026-09-30 00:37:00,83518.01,83518.01,83492.92,83508.58,5.00911
2026-09-30 00:38:00,83508.58,83508.58,83502.73,83507.39,5.35953
2026-09-30 00:39:00,83507.4,83507.4,83496.0,83505.95,2.48748
2026-09-30 00:40:00,83505.96,83540.01,83496.0,83522.03,6.74223
2026-09-30 00:41:00,83522.04,83545.96,83522.03,83545.96,2.37759
2026-09-30 00:42:00,83545.95,83545.96,83510.01,83522.0,3.58518
2026-09-30 00:43:00,83522.01,83522.01,83468.0,83468.0,3.88551
2026-09-30 00:44:00,83468.0,83490.97,83468.0,83490.09,3.98303
2026-09-30 00:45:00,83490.09,83490.09,83443.65,83443.65,6.3847
2026-09-30 00:46:00,83443.66,83456.01,83423.8,83456.0,7.51549
2026-09-30 00:47:00,83456.01,83478.01,83445.81,83448.01,7.2629
2026-09-30 00:48:00,83448.01,83448.01,83416.93,83416.94,3.48508
2026-09-30 00:49:00,83416.94,83424.0,83416.93,83423.99,3.0058
2026-09-30 00:50:00,83424.0,83424.0,83373.79,83373.8,8.16757
2026-09-30 00:51:00,83373.8,83382.01,83370.43,83379.81,6.94917
2026-09-30 00:52:00,83379.81,83413.9,83379.81,83390.0,6.56423
2026-09-30 00:53:00,83390.01,83390.01,83370.0,83376.01,5.70924
2026-09-30 00:54:00,83376.01,83383.82,83368.18,83368.18,3.84137
2026-09-30 00:55:00,83368.19,83383.72,83344.78,83369.6,22.68663
2026-09-30 00:56:00,83369.6,83386.01,83369.6,83383.72,2.86401
2026-09-30 00:57:00,83383.71,83430.01,83368.65,83430.01,11.51633
2026-09-30 00:58:00,83430.01,83430.01,83405.57,83423.8,4.98915
2026-09-30 00:59:00,83423.8,83459.93,83423.79,83453.36,5.85513
2026-09-30 01:00:00,83453.36,83454.01,83404.0,83420.01,5.16999
2026-09-30 01:01:00,83420.01,83432.01,83412.58,83432.0,3.89118
2026-09-30 01:02:00,83432.0,83470.01,83432.0,83470.0,2.65312
2026-09-30 01:03:00,83470.0,83470.01,83442.0,83466.0,7.49324
2026-09-30 01:04:00,83466.0,83466.01,83410.0,83410.01,57.55727
2026-09-30 01:05:00,83410.0,83446.01,83410.0,83446.01,2.41791
2026-09-30 01:06:00,83446.0,83446.01,83437.19,83442.0,50.72122
2026-09-30 01:07:00,83442.01,83442.01,83405.45,83423.8,10.15335
2026-09-30 01:08:00,83423.79,83424.22,83409.36,83424.22,2.16603
2026-09-30 01:09:00,83424.22,83482.1,83424.22,83467.7,5.02766
2026-09-30 01:10:00,83467.71,83469.05,83418.0,83418.01,2.72593
2026-09-30 01:11:00,83418.01,83473.99,83418.0,83462.1,4.79054
2026-09-30 01:12:00,83462.09,83462.1,83403.92,83403.92,41.80829
2026-09-30 01:13:00,83403.92,83411.72,83390.19,83400.74,14.06118
2026-09-30 01:14:00,83400.74,83427.4,83400.74,83427.4,24.92622
2026-09-30 01:15:00,83427.4,83438.01,83420.0,83434.01,3.39323
2026-09-30 01:16:00,83434.0,83458.6,83434.0,83448.01,2.88616
2026-09-30 01:17:00,83448.01,83460.01,83440.82,83440.83,2.10709
2026-09-30 01:18:00,83440.83,83448.02,83422.79,83422.79,2.85752
2026-09-30 01:19:00,83422.8,83422.8,83399.52,83399.53,1.58879
2026-09-30 01:20:00,83399.53,83411.22,83399.52,83411.22,2.58652
2026-09-30 01:21:00,83411.22,83435.84,83411.22,83417.51,3.51131
2026-09-30 01:22:00,83417.51,83417.51,83417.5,83417.51,0.31918
2026-09-30 01:23:00,83417.51,83476.8,83417.5,83476.79,3.13375
2026-09-30 01:24:00,83476.8,83519.38,83476.79,83519.37,2.35769
2026-09-30 01:25:00,83519.38,83550.39,83519.37,83550.36,3.8243
2026-09-30 01:26:00,83550.37,83550.37,83512.0,83512.01,2.38422
2026-09-30 01:27:00,83512.0,83512.01,83470.21,83470.22,3.92011
2026-09-30 01:28:00,83470.21,83470.22,83466.0,83466.0,0.68348
2026-09-30 01:29:00,83466.0,83466.01,83429.19,83429.19,2.84489
2026-09-30 01:30:00,83429.19,83429.19,83336.51,83404.02,12.47047
2026-09-30 01:31:00,83404.01,83418.01,83352.0,83353.34,7.92578
2026-09-30 01:32:00,83353.35,83366.01,83342.67,83366.0,2.19317
2026-09-30 01:33:00,83366.0,83370.01,83338.89,83366.01,4.8378
2026-09-30 01:34:00,83366.01,83388.01,83350.0,83350.0,4.84013
2026-09-30 01:35:00,83350.01,83372.01,83340.0,83362.06,5.11564
2026-09-30 01:36:00,83362.05,83388.01,83345.02,83386.0,7.35952
2026-09-30 01:37:00,83386.0,83396.01,83360.0,83370.7,5.68088
2026-09-30 01:38:00,83370.71,83378.01,83339.14,83339.14,3.12377
2026-09-30 01:39:00,83339.15,83356.01,83339.15,83356.0,3.84675
2026-09-30 01:40:00,83356.01,83368.01,83354.0,83354.0,3.13988
2026-09-30 01:41:00,83354.01,83362.02,83345.56,83362.02,2.99099
2026-09-30 01:42:00,83362.02,83396.01,83362.01,83396.0,8.98855
2026-09-30 01:43:00,83396.01,83426.01,83396.0,83426.01,2.28367
2026-09-30 01:44:00,83426.01,83446.01,83426.0,83434.01,3.50585
2026-09-30 01:45:00,83434.0,83446.01,83414.83,83414.83,5.07298
2026-09-30 01:46:00,83414.83,83466.01,83414.83,83460.0,4.04738
2026-09-30 01:47:00,83460.01,83460.01,83428.0,83442.01,6.11886
2026-09-30 01:48:00,83442.01,83450.0,83401.84,83401.85,4.33628
2026-09-30 01:49:00,83401.85,83448.01,83401.84,83448.0,3.83897
2026-09-30 01:50:00,83448.0,83468.01,83444.0,83468.01,4.0178
2026-09-30 01:51:00,83468.01,83494.01,83454.0,83494.01,5.78127
2026-09-30 01:52:00,83494.01,83506.01,83464.0,83464.0,3.98987
2026-09-30 01:53:00,83464.0,83464.01,83444.0,83444.01,1.62094
2026-09-30 01:54:00,83444.0,83464.01,83432.75,83460.01,3.16949
2026-09-30 01:55:00,83460.01,83460.01,83428.0,83430.0,3.3139
2026-09-30 01:56:00,83430.0,83436.01,83428.09,83428.1,1.81777
2026-09-30 01:57:00,83428.09,83460.01,83415.76,83460.0,5.23556
2026-09-30 01:58:00,83460.01,83460.01,83436.0,83436.01,2.45
2026-09-30 01:59:00,83436.01,83450.01,83436.0,83448.01,1.39085
2026-09-30 02:00:00,83448.01,83468.01,83438.0,83468.0,2.63529
2026-09-30 02:01:00,83468.0,83498.01,83462.0,83498.01,2.60807
2026-09-30 02:02:00,83498.0,83498.01,83464.0,83464.0,4.79553
2026-09-30 02:03:00,83464.0,83492.01,83454.0,83470.0,4.66982
2026-09-30 02:04:00,83470.01,83510.01,83470.0,83510.0,2.7768
2026-09-30 02:05:00,83510.01,83540.01,83510.0,83534.01,3.79896
2026-09-30 02:06:00,83534.0,83560.01,83534.0,83560.0,5.08215
2026-09-30 02:07:00,83560.01,83620.87,83560.0,83610.01,7.74743
2026-09-30 02:08:00,83610.0,83620.01,83574.01,83574.01,9.65169
2026-09-30 02:09:00,83574.0,83574.0,83516.43,83524.69,7.58015
2026-09-30 02:10:00,83524.69,83524.69,83489.2,83500.01,8.19667
2026-09-30 02:11:00,83500.0,83506.01,83491.5,83506.0,10.35496
2026-09-30 02:12:00,83506.01,83506.01,83474.0,83474.01,5.63166
2026-09-30 02:13:00,83474.01,83529.1,83466.0,83510.01,5.37896
2026-09-30 02:14:00,83510.0,83510.0,83486.01,83486.01,3.02018
2026-09-30 02:15:00,83486.0,83497.28,83444.0,83497.28,9.47652
2026-09-30 02:16:00,83497.27,83497.28,83428.64,83428.65,7.04493
2026-09-30 02:17:00,83428.64,83448.0,83427.12,83432.92,5.20139
2026-09-30 02:18:00,83432.93,83460.14,83419.21,83419.22,7.05037
2026-09-30 02:19:00,83419.22,83419.22,83390.0,83390.01,3.55137
2026-09-30 02:20:00,83390.0,83394.01,83384.56,83386.01,2.9695
2026-09-30 02:21:00,83386.0,83470.96,83382.34,83470.96,5.73305
2026-09-30 02:22:00,83470.96,83506.0,83470.95,83506.0,4.63336
2026-09-30 02:23:00,83506.01,83552.02,83498.0,83498.0,7.27321
2026-09-30 02:24:00,83498.01,83510.01,83474.0,83474.01,3.56966
2026-09-30 02:25:00,83474.0,83486.01,83443.58,83460.01,5.27278
2026-09-30 02:26:00,83460.0,83480.01,83460.0,83460.79,7.69385
2026-09-30 02:27:00,83460.8,83460.8,83430.0,83430.01,3.28034
2026-09-30 02:28:00,83430.0,83430.01,83428.09,83428.09,0.56506
2026-09-30 02:29:00,83428.09,83428.09,83409.69,83420.01,12.86895
2026-09-30 02:30:00,83420.01,83438.01,83402.0,83402.0,5.87425
2026-09-30 02:31:00,83402.0,83440.01,83401.72,83436.0,3.57135
2026-09-30 02:32:00,83436.0,83436.01,83368.0,83368.0,5.40554
2026-09-30 02:33:00,83368.01,83368.01,83358.78,83366.0,3.24362
2026-09-30 02:34:00,83366.01,83366.01,83341.67,83341.67,14.4278
2026-09-30 02:35:00,83341.67,83341.68,83318.5,83318.5,7.08352
2026-09-30 02:36:00,83318.51,83332.01,83298.0,83318.5,21.65558
2026-09-30 02:37:00,83318.49,83371.25,83312.01,83324.0,16.01748
2026-09-30 02:38:00,83324.01,83331.45,83312.02,83326.01,3.38525
2026-09-30 02:39:00,83326.01,83350.0,83316.21,83349.99,13.74064
2026-09-30 02:40:00,83350.0,83436.01,83350.0,83436.0,5.04034
2026-09-30 02:41:00,83436.01,83445.95,83428.2,83438.01,3.06553
2026-09-30 02:42:00,83438.01,83438.01,83350.0,83350.0,6.75546
2026-09-30 02:43:00,83350.0,83362.01,83340.16,83362.01,2.37463
2026-09-30 02:44:00,83362.0,83386.48,83362.0,83386.47,3.29507
2026-09-30 02:45:00,83386.47,83388.0,83362.0,83388.0,3.81933
2026-09-30 02:46:00,83388.0,83410.01,83388.0,83406.0,2.0409
2026-09-30 02:47:00,83406.0,83470.01,83406.0,83470.01,4.24918
2026-09-30 02:48:00,83470.01,83484.01,83459.83,83466.01,5.91816
2026-09-30 02:49:00,83466.0,83466.01,83440.0,83440.0,3.09449
2026-09-30 02:50:00,83440.01,83440.01,83434.0,83434.01,1.96406
2026-09-30 02:51:00,83434.01,83454.01,83434.01,83438.0,3.63466
2026-09-30 02:52:00,83438.0,83468.01,83434.0,83442.34,5.71857
2026-09-30 02:53:00,83442.35,83442.35,83432.0,83432.01,2.34617
2026-09-30 02:54:00,83432.01,83432.01,83426.0,83426.01,7.63964
2026-09-30 02:55:00,83426.01,83430.01,83426.0,83430.01,0.88309
2026-09-30 02:56:00,83430.01,83430.01,83382.09,83382.09,9.30544
2026-09-30 02:57:00,83382.09,83382.1,83382.09,83382.09,0.75657
2026-09-30 02:58:00,83382.1,83382.1,83368.0,83368.0,4.33831
2026-09-30 02:59:00,83368.0,83384.68,83368.0,83384.68,1.58152
2026-09-30 03:00:00,83384.68,83412.01,83384.68,83396.01,3.31952
2026-09-30 03:01:00,83396.0,83396.0,83333.0,83333.01,4.13523
2026-09-30 03:02:00,83333.0,83378.0,83331.99,83352.35,6.54149
2026-09-30 03:03:00,83352.36,83368.68,83352.0,83368.68,2.39764
2026-09-30 03:04:00,83368.67,83407.29,83368.67,83407.29,3.04402
2026-09-30 03:05:00,83407.28,83423.8,83404.0,83423.8,1.59829
2026-09-30 03:06:00,83423.8,83423.8,83398.0,83398.01,2.92298
2026-09-30 03:07:00,83398.01,83398.01,83372.31,83382.0,4.48721
2026-09-30 03:08:00,83382.01,83382.01,83360.24,83376.01,2.24083
2026-09-30 03:09:00,83376.01,83400.01,83376.01,83384.0,3.68687
2026-09-30 03:10:00,83384.01,83384.01,83362.0,83362.01,2.09641
2026-09-30 03:11:00,83362.0,83362.01,83350.0,83350.0,1.72642
2026-09-30 03:12:00,83350.01,83350.01,83350.0,83350.0,1.0103
2026-09-30 03:13:00,83350.01,83350.01,83340.0,83340.01,2.06636
2026-09-30 03:14:00,83340.0,83340.01,83331.99,83332.0,2.20821
2026-09-30 03:15:00,83332.0,83332.0,83331.99,83331.99,0.8581
2026-09-30 03:16:00,83332.0,83332.0,83238.46,83253.74,21.48446
2026-09-30 03:17:00,83253.74,83253.74,83230.0,83238.01,5.91779
2026-09-30 03:18:00,83238.0,83238.01,83188.32,83188.32,31.19665
2026-09-30 03:19:00,83188.32,83200.01,83175.67,83175.68,31.67981
2026-09-30 03:20:00,83175.68,83227.16,83175.67,83227.15,4.39456
2026-09-30 03:21:00,83227.16,83253.59,83227.15,83253.59,5.92342
2026-09-30 03:22:00,83253.87,83300.01,83253.86,83296.67,6.24915
2026-09-30 03:23:00,83296.68,83318.5,83296.67,83302.01,2.83665
2026-09-30 03:24:00,83302.0,83302.01,83278.0,83278.01,2.48744
2026-09-30 03:25:00,83278.01,83278.01,83266.02,83266.02,1.84145
2026-09-30 03:26:00,83266.03,83266.03,83242.43,83260.0,3.13391
2026-09-30 03:27:00,83260.01,83281.85,83260.0,83281.84,2.39491
2026-09-30 03:28:00,83281.85,83318.5,83281.85,83318.5,3.72417
2026-09-30 03:29:00,83318.5,83327.32,83318.49,83321.39,1.46303
2026-09-30 03:30:00,83321.39,83321.39,83295.5,83295.5,2.7441
2026-09-30 03:31:00,83295.5,83295.5,83280.0,83280.0,2.6563
2026-09-30 03:32:00,83280.01,83280.01,83262.0,83262.0,1.55304
2026-09-30 03:33:00,83262.0,83294.65,83262.0,83294.65,10.04036
2026-09-30 03:34:00,83294.65,83294.65,83294.64,83294.65,1.6186
2026-09-30 03:35:00,83294.65,83313.41,83270.0,83280.01,4.18216
2026-09-30 03:36:00,83280.01,83318.5,83271.07,83318.5,3.56225
2026-09-30 03:37:00,83318.5,83346.01,83318.5,83346.01,5.60857
2026-09-30 03:38:00,83346.01,83357.51,83346.0,83357.5,2.28974
2026-09-30 03:39:00,83357.51,83386.01,83357.5,83386.0,2.71486
2026-09-30 03:40:00,83386.0,83399.69,83380.0,83399.68,3.32344
2026-09-30 03:41:00,83399.69,83427.51,83399.68,83418.14,9.02184
2026-09-30 03:42:00,83418.13,83418.14,83404.0,83404.0,2.65657
2026-09-30 03:43:00,83404.0,83416.01,83396.0,83416.0,1.09348
2026-09-30 03:44:00,83416.0,83416.01,83361.15,83362.0,4.11151
2026-09-30 03:45:00,83362.0,83362.01,83326.01,83326.02,4.04606
2026-09-30 03:46:00,83326.01,83326.02,83312.0,83312.0,3.67814
2026-09-30 03:47:00,83312.0,83338.01,83312.0,83324.48,3.87438
2026-09-30 03:48:00,83324.48,83326.01,83315.01,83315.02,2.60771
2026-09-30 03:49:00,83315.01,83326.01,83315.01,83320.77,1.17578
2026-09-30 03:50:00,83320.76,83328.01,83304.0,83328.0,2.78986
2026-09-30 03:51:00,83328.0,83328.0,83306.41,83306.41,2.58468
2026-09-30 03:52:00,83306.41,83306.42,83293.56,83293.57,2.20835
2026-09-30 03:53:00,83293.57,83300.01,83281.96,83294.01,3.54316
2026-09-30 03:54:00,83294.01,83314.01,83294.0,83314.0,2.3388
2026-09-30 03:55:00,83314.01,83320.01,83286.0,83286.0,4.13223
2026-09-30 03:56:00,83286.01,83292.25,83280.0,83280.0,2.45772
2026-09-30 03:57:00,83280.0,83284.01,83280.0,83284.01,0.86194
2026-09-30 03:58:00,83284.01,83294.01,83284.0,83294.01,0.87524
2026-09-30 03:59:00,83294.01,83300.65,83294.0,83300.65,1.33753
2026-09-30 04:00:00,83300.65,83335.53,83300.64,83330.0,3.18177
2026-09-30 04:01:00,83330.0,83334.01,83322.35,83334.01,3.78373
2026-09-30 04:02:00,83334.01,83386.01,83334.0,83386.01,4.22966
2026-09-30 04:03:00,83386.02,83402.14,83386.01,83402.14,2.30162
2026-09-30 04:04:00,83402.15,83416.0,83394.89,83408.01,3.83462
2026-09-30 04:05:00,83408.0,83418.01,83396.0,83396.0,7.8554
2026-09-30 04:06:00,83396.0,83396.01,83364.39,83364.4,2.91487
2026-09-30 04:07:00,83364.39,83364.4,83354.0,83362.0,2.24002
2026-09-30 04:08:00,83362.01,83362.01,83333.66,83344.01,5.55446
2026-09-30 04:09:00,83344.0,83344.01,83312.68,83318.49,3.63739
2026-09-30 04:10:00,83318.49,83338.01,83318.49,83332.71,3.77413
2026-09-30 04:11:00,83332.7,83352.01,83332.7,83352.01,2.16612
2026-09-30 04:12:00,83352.0,83358.53,83352.0,83358.52,1.09207
2026-09-30 04:13:00,83358.52,83377.91,83358.52,83377.91,3.98736
2026-09-30 04:14:00,83377.91,83377.92,83369.08,83369.08,6.32826
2026-09-30 04:15:00,83369.09,83387.55,83369.08,83387.55,2.89372
2026-09-30 04:16:00,83387.54,83400.0,83387.54,83399.99,1.60092
2026-09-30 04:17:00,83400.0,83402.01,83399.99,83402.0,1.37931
2026-09-30 04:18:00,83402.01,83433.33,83402.0,83433.33,23.09893
2026-09-30 04:19:00,83433.32,83433.33,83395.24,83395.25,15.38999
2026-09-30 04:20:00,83395.25,83395.25,83387.41,83387.41,4.31794
2026-09-30 04:21:00,83387.41,83410.0,83380.36,83409.99,7.35557
2026-09-30 04:22:00,83410.0,83410.0,83394.31,83394.32,4.61763
2026-09-30 04:23:00,83394.31,83394.32,83385.49,83385.5,2.48295
2026-09-30 04:24:00,83385.5,83385.5,83364.01,83364.02,1.35798
2026-09-30 04:25:00,83364.01,83423.8,83358.52,83423.79,7.38973
2026-09-30 04:26:00,83423.79,83423.8,83408.38,83408.39,2.1888
2026-09-30 04:27:00,83408.38,83408.39,83400.0,83400.0,1.55728
2026-09-30 04:28:00,83400.01,83400.01,83374.01,83374.01,3.00355
2026-09-30 04:29:00,83374.01,83374.02,83361.74,83370.01,9.84134
2026-09-30 04:30:00,83370.01,83370.01,83370.0,83370.0,0.84281
2026-09-30 04:31:00,83370.01,83370.01,83334.41,83338.01,8.00277
2026-09-30 04:32:00,83338.0,83338.01,83318.52,83318.53,5.14519
2026-09-30 04:33:00,83318.52,83318.53,83318.52,83318.52,1.98057
2026-09-30 04:34:00,83318.53,83318.53,83318.52,83318.53,0.64808
2026-09-30 04:35:00,83318.53,83344.01,83296.0,83344.01,28.78033
2026-09-30 04:36:00,83344.01,83394.01,83338.99,83394.01,10.37769
2026-09-30 04:37:00,83394.0,83394.01,83365.77,83365.78,3.33704
2026-09-30 04:38:00,83365.77,83389.24,83365.77,83366.0,8.19798
2026-09-30 04:39:00,83366.01,83366.01,83355.11,83355.12,2.26216
2026-09-30 04:40:00,83355.12,83355.12,83324.01,83324.01,3.66955
2026-09-30 04:41:00,83324.0,83324.0,83316.0,83320.0,4.77124
2026-09-30 04:42:00,83320.0,83320.0,83319.99,83320.0,0.54775
2026-09-30 04:43:00,83320.0,83320.0,83319.99,83319.99,2.01236
2026-09-30 04:44:00,83319.99,83320.0,83316.38,83316.38,0.76131
2026-09-30 04:45:00,83316.39,83320.0,83316.38,83320.0,3.61815
2026-09-30 04:46:00,83319.99,83320.0,83319.99,83319.99,1.02519
2026-09-30 04:47:00,83320.0,83320.0,83305.46,83305.47,7.29746
2026-09-30 04:48:00,83305.47,83305.47,83304.0,83304.0,0.87215
2026-09-30 04:49:00,83304.01,83304.01,83260.01,83260.02,4.00888
2026-09-30 04:50:00,83260.01,83260.02,83248.56,83252.92,7.22834
2026-09-30 04:51:00,83252.92,83252.92,83236.69,83236.69,2.78913
2026-09-30 04:52:00,83236.7,83236.7,83230.0,83230.01,1.72165
2026-09-30 04:53:00,83230.0,83230.01,83228.72,83228.72,0.90238
2026-09-30 04:54:00,83228.73,83228.73,83214.0,83214.01,3.5872
2026-09-30 04:55:00,83214.0,83214.01,83214.0,83214.0,1.24258
2026-09-30 04:56:00,83214.01,83214.01,83214.0,83214.0,0.98255
2026-09-30 04:57:00,83214.01,83222.34,83214.0,83222.33,5.55353
2026-09-30 04:58:00,83222.33,83222.34,83222.33,83222.34,0.81998
2026-09-30 04:59:00,83222.33,83222.34,83210.0,83210.01,18.14055
2026-09-30 05:00:00,83210.01,83330.84,83210.0,83330.84,15.54962
2026-09-30 05:01:00,83330.85,83340.01,83322.76,83340.01,3.52177
2026-09-30 05:02:00,83340.0,83346.01,83305.98,83305.99,4.58764
2026-09-30 05:03:00,83305.99,83305.99,83288.0,83288.0,2.38355
2026-09-30 05:04:00,83288.0,83298.01,83280.65,83292.01,6.68674
2026-09-30 05:05:00,83292.0,83292.0,83269.89,83286.0,2.81123
2026-09-30 05:06:00,83286.0,83318.5,83286.0,83318.49,2.45514
2026-09-30 05:07:00,83318.5,83318.5,83286.0,83286.0,4.62772
2026-09-30 05:08:00,83286.01,83286.01,83276.0,83286.0,4.58485
2026-09-30 05:09:00,83286.01,83310.01,83286.0,83310.0,27.40172
2026-09-30 05:10:00,83310.0,83310.01,83275.5,83275.51,2.87971
2026-09-30 05:11:00,83275.5,83298.01,83275.5,83296.0,16.98659
2026-09-30 05:12:00,83296.01,83302.01,83265.04,83265.05,13.17036
2026-09-30 05:13:00,83265.04,83265.05,83251.33,83251.33,4.03046
2026-09-30 05:14:00,83251.34,83251.34,83234.01,83234.01,3.38762
2026-09-30 05:15:00,83234.02,83234.02,83202.82,83202.82,4.29246
2026-09-30 05:16:00,83202.82,83202.82,83188.01,83195.01,5.75676
2026-09-30 05:17:00,83195.01,83220.01,83195.0,83220.01,3.21957
2026-09-30 05:18:00,83220.01,83259.42,83220.0,83253.57,21.7
2026-09-30 05:19:00,83253.57,83285.89,83248.25,83282.58,19.13164
2026-09-30 05:20:00,83282.58,83302.01,83251.69,83296.25,10.5141
2026-09-30 05:21:00,83296.26,83296.26,83275.09,83275.1,2.67666
2026-09-30 05:22:00,83275.1,83287.85,83270.0,83270.0,3.70667
2026-09-30 05:23:00,83270.01,83300.0,83270.0,83300.0,4.07872
2026-09-30 05:24:00,83300.0,83354.75,83299.99,83354.75,5.34094
2026-09-30 05:25:00,83354.74,83368.01,83312.01,83312.02,8.8673
2026-09-30 05:26:00,83312.01,83312.02,83298.18,83298.18,5.97017
2026-09-30 05:27:00,83298.19,83344.01,83297.69,83328.0,16.0478
2026-09-30 05:28:00,83328.01,83360.01,83328.0,83360.01,4.92078
2026-09-30 05:29:00,83360.0,83383.97,83360.0,83383.97,5.23148
2026-09-30 05:30:00,83383.96,83448.27,83383.96,83448.2,15.2576
2026-09-30 05:31:00,83448.19,83497.56,83448.19,83497.55,9.65161
2026-09-30 05:32:00,83497.56,83521.98,83440.0,83448.37,18.3489
2026-09-30 05:33:00,83448.36,83448.37,83391.14,83427.93,13.87814
2026-09-30 05:34:00,83427.92,83461.52,83427.92,83461.02,9.09286
2026-09-30 05:35:00,83461.03,83511.69,83440.0,83483.22,14.43123
2026-09-30 05:36:00,83483.21,83483.22,83448.0,83473.56,8.31849
2026-09-30 05:37:00,83473.56,83473.56,83437.09,83444.01,6.57407
2026-09-30 05:38:00,83444.01,83446.01,83436.15,83446.01,2.96216
2026-09-30 05:39:00,83446.01,83474.42,83446.0,83474.01,3.24326
2026-09-30 05:40:00,83474.01,83474.02,83453.13,83453.14,2.85458
2026-09-30 05:41:00,83453.14,83453.14,83453.13,83453.13,1.83887
2026-09-30 05:42:00,83453.14,83453.14,83453.13,83453.13,1.86635
2026-09-30 05:43:00,83453.14,83460.95,83453.13,83460.94,2.8438
2026-09-30 05:44:00,83460.94,83494.48,83460.94,83472.8,6.6656
2026-09-30 05:45:00,83472.8,83480.01,83469.63,83469.63,2.38738
2026-09-30 05:46:00,83469.64,83484.01,83451.83,83451.83,4.34519
2026-09-30 05:47:00,83451.84,83451.84,83450.0,83450.0,0.60214
2026-09-30 05:48:00,83450.01,83450.01,83424.3,83426.97,3.70369
2026-09-30 05:49:00,83426.98,83428.01,83426.97,83428.0,5.26208
2026-09-30 05:50:00,83428.01,83440.01,83428.0,83440.0,0.94137
2026-09-30 05:51:00,83440.01,83440.01,83409.64,83409.64,2.56502
2026-09-30 05:52:00,83409.65,83409.65,83384.0,83384.0,2.77387
2026-09-30 05:53:00,83384.01,83384.01,83368.21,83368.22,1.66868
2026-09-30 05:54:00,83368.21,83368.22,83368.21,83368.22,0.76366
2026-09-30 05:55:00,83368.21,83368.21,83350.0,83350.0,2.76785
2026-09-30 05:56:00,83350.01,83350.01,83347.59,83347.59,3.65441
2026-09-30 05:57:00,83347.6,83347.6,83312.0,83313.05,34.40742
2026-09-30 05:58:00,83313.04,83418.01,83296.17,83418.0,16.49832
2026-09-30 05:59:00,83418.0,83418.01,83384.0,83384.0,4.14523
2026-09-30 06:00:00,83384.01,83402.01,83358.71,83402.01,5.0775
2026-09-30 06:01:00,83402.0,83416.01,83392.0,83416.0,4.68262
2026-09-30 06:02:00,83416.01,83438.01,83384.0,83430.01,12.54688
2026-09-30 06:03:00,83430.01,83430.01,83376.0,83398.0,10.83505
2026-09-30 06:04:00,83398.0,83398.0,83376.0,83392.0,7.04651
2026-09-30 06:05:00,83392.0,83423.8,83392.0,83421.47,5.62104
2026-09-30 06:06:00,83421.46,83421.47,83372.58,83372.58,6.43773
2026-09-30 06:07:00,83372.59,83372.59,83311.71,83324.01,11.85138
2026-09-30 06:08:00,83324.0,83324.01,83300.0,83300.0,4.43445
2026-09-30 06:09:00,83300.0,83308.01,83270.0,83270.0,7.76357
2026-09-30 06:10:00,83270.0,83280.01,83270.0,83280.0,3.1675
2026-09-30 06:11:00,83280.0,83280.01,83248.55,83248.56,6.72822
2026-09-30 06:12:00,83248.56,83248.56,83213.2,83213.21,7.21721
2026-09-30 06:13:00,83213.21,83213.21,83182.82,83182.82,6.64794
2026-09-30 06:14:00,83182.82,83201.92,83114.58,83128.01,23.88662
2026-09-30 06:15:00,83128.0,83158.01,83128.0,83130.15,4.90011
2026-09-30 06:16:00,83130.14,83136.01,83111.69,83136.0,13.00411
2026-09-30 06:17:00,83136.0,83158.01,83136.0,83155.79,5.88905
2026-09-30 06:18:00,83155.79,83175.11,83137.03,83166.0,11.12027
2026-09-30 06:19:00,83166.01,83167.26,83156.55,83156.55,3.43734
2026-09-30 06:20:00,83156.55,83156.56,83120.33,83135.05,9.59663
2026-09-30 06:21:00,83135.05,83163.91,83135.04,83155.27,4.85363
2026-09-30 06:22:00,83155.27,83155.27,83112.99,83120.62,6.60719
2026-09-30 06:23:00,83120.62,83151.03,83120.61,83138.51,5.62861
2026-09-30 06:24:00,83138.52,83138.52,83102.0,83102.01,4.37261
2026-09-30 06:25:00,83102.0,83102.01,83090.39,83090.39,5.58715
2026-09-30 06:26:00,83090.4,83090.4,83083.01,83083.02,4.66488
2026-09-30 06:27:00,83083.02,83083.84,83058.17,83083.84,43.17708
2026-09-30 06:28:00,83083.84,83188.64,83083.83,83174.01,27.22097
2026-09-30 06:29:00,83174.01,83174.01,83146.84,83160.04,7.46606
2026-09-30 06:30:00,83160.05,83160.05,83112.52,83128.0,6.93513
2026-09-30 06:31:00,83128.01,83146.01,83113.4,83146.0,4.57881
2026-09-30 06:32:00,83146.0,83146.01,83111.6,83125.03,4.42643
2026-09-30 06:33:00,83125.03,83144.01,83100.0,83100.0,7.2382
2026-09-30 06:34:00,83100.0,83107.9,83092.32,83107.89,5.40376
2026-09-30 06:35:00,83107.9,83123.74,83092.0,83092.01,4.54794
2026-09-30 06:36:00,83092.01,83118.65,83092.0,83118.65,3.68852
2026-09-30 06:37:00,83118.65,83118.65,83083.52,83083.52,11.61246
2026-09-30 06:38:00,83083.53,83126.0,83083.52,83118.0,9.84665
2026-09-30 06:39:00,83118.01,83118.01,83056.77,83068.0,12.35596
2026-09-30 06:40:00,83068.01,83107.9,83042.41,83107.89,9.68846
2026-09-30 06:41:00,83107.89,83107.89,83056.65,83056.66,3.68018
2026-09-30 06:42:00,83056.66,83126.01,83056.65,83126.01,8.0281
2026-09-30 06:43:00,83126.01,83126.01,83102.0,83102.0,3.12504
2026-09-30 06:44:00,83102.01,83123.11,83101.0,83106.0,4.18224
2026-09-30 06:45:00,83106.01,83106.01,83010.0,83038.01,20.56184
2026-09-30 06:46:00,83038.0,83038.01,83028.0,83028.01,3.47196
2026-09-30 06:47:00,83028.01,83032.34,83010.01,83010.01,3.47237
2026-09-30 06:48:00,83010.01,83010.01,83000.0,83000.0,14.86038
2026-09-30 06:49:00,83000.0,83000.01,82994.01,83000.0,12.8006
2026-09-30 06:50:00,82999.99,83011.6,82980.0,82980.01,14.58797
2026-09-30 06:51:00,82980.01,83005.35,82980.0,83005.35,7.15244
2026-09-30 06:52:00,83005.35,83067.58,83005.35,83067.57,9.07677
2026-09-30 06:53:00,83067.58,83074.73,83052.01,83074.73,2.82599
2026-09-30 06:54:00,83074.73,83094.0,83074.0,83094.0,8.09844
2026-09-30 06:55:00,83093.99,83194.92,83093.99,83194.92,6.53757
2026-09-30 06:56:00,83194.91,83194.93,83139.5,83139.5,8.95427
2026-09-30 06:57:00,83139.5,83152.0,83139.5,83148.0,2.71922
2026-09-30 06:58:00,83148.0,83153.61,83137.51,83146.01,4.31297
2026-09-30 06:59:00,83146.0,83146.0,83012.92,83043.14,30.05936
2026-09-30 07:00:00,83043.14,83044.01,82968.0,82968.01,29.43036
2026-09-30 07:01:00,82968.01,83038.01,82956.11,83008.01,23.34106
2026-09-30 07:02:00,83008.0,83078.01,83008.0,83078.01,8.1053
2026-09-30 07:03:00,83078.01,83112.67,83076.93,83076.94,8.07455
2026-09-30 07:04:00,83076.94,83076.94,83050.0,83050.01,5.04341
2026-09-30 07:05:00,83050.01,83050.01,83023.76,83048.0,6.44521
2026-09-30 07:06:00,83048.0,83048.01,82997.16,83006.01,7.86256
2026-09-30 07:07:00,83006.01,83022.3,83006.0,83009.25,3.8027
2026-09-30 07:08:00,83009.26,83042.01,83009.25,83042.01,17.09512
2026-09-30 07:09:00,83042.01,83050.24,83022.0,83050.24,10.45159
2026-09-30 07:10:00,83050.23,83052.69,83037.13,83052.68,5.59239
2026-09-30 07:11:00,83052.69,83052.69,83016.44,83016.44,4.62867
2026-09-30 07:12:00,83016.44,83016.44,83003.07,83003.07,5.61807
2026-09-30 07:13:00,83003.07,83015.52,83000.0,83015.51,7.39838
2026-09-30 07:14:00,83015.51,83038.73,83015.51,83016.03,6.33011
2026-09-30 07:15:00,83016.03,83063.59,83016.02,83063.59,2.5153
2026-09-30 07:16:00,83063.59,83100.0,83063.58,83099.99,4.78999
2026-09-30 07:17:00,83100.0,83105.56,83098.33,83105.56,1.85835
2026-09-30 07:18:00,83105.55,83158.01,83105.55,83156.6,5.55385
2026-09-30 07:19:00,83156.6,83256.52,83156.6,83247.09,10.67256
2026-09-30 07:20:00,83247.1,83263.76,83236.47,83248.0,11.52793
2026-09-30 07:21:00,83248.0,83256.41,83248.0,83253.24,2.70199
2026-09-30 07:22:00,83253.24,83288.01,83253.24,83257.67,8.42776
2026-09-30 07:23:00,83257.67,83346.9,83257.67,83346.89,9.83566
2026-09-30 07:24:00,83346.89,83378.45,83324.34,83352.0,13.32318
2026-09-30 07:25:00,83352.01,83393.38,83338.5,83358.01,13.20501
2026-09-30 07:26:00,83358.01,83388.01,83352.0,83384.18,14.54297
2026-09-30 07:27:00,83384.17,83400.0,83352.0,83352.0,6.51923
2026-09-30 07:28:00,83352.0,83352.01,83303.71,83303.71,7.38425
2026-09-30 07:29:00,83303.71,83308.01,83284.34,83308.01,6.971
2026-09-30 07:30:00,83308.0,83308.01,83268.0,83302.0,12.31229
2026-09-30 07:31:00,83302.01,83330.0,83302.0,83330.0,13.78992
2026-09-30 07:32:00,83330.01,83335.35,83318.96,83319.54,11.38123
2026-09-30 07:33:00,83319.55,83342.66,83318.96,83342.65,8.09607
2026-09-30 07:34:00,83342.66,83343.67,83330.99,83340.3,15.0971
2026-09-30 07:35:00,83340.31,83400.0,83340.3,83399.99,9.70948
2026-09-30 07:36:00,83400.0,83436.01,83399.99,83405.85,20.38501
2026-09-30 07:37:00,83405.85,83427.83,83405.84,83409.67,13.97438
2026-09-30 07:38:00,83409.67,83418.85,83388.98,83399.66,14.62292
2026-09-30 07:39:00,83399.67,83418.01,83399.66,83399.66,16.71876
2026-09-30 07:40:00,83399.67,83403.4,83396.0,83403.4,9.05531
2026-09-30 07:41:00,83403.4,83403.4,83403.39,83403.4,5.16439
2026-09-30 07:42:00,83403.4,83410.0,83401.72,83409.99,11.54033
2026-09-30 07:43:00,83410.0,83410.0,83409.99,83409.99,7.49451
2026-09-30 07:44:00,83410.0,83428.13,83409.99,83425.67,16.1256
2026-09-30 07:45:00,83425.67,83432.84,83425.67,83432.83,9.42704
2026-09-30 07:46:00,83432.84,83433.67,83396.36,83398.02,31.09024
2026-09-30 07:47:00,83398.02,83407.68,83396.36,83398.71,18.13599
2026-09-30 07:48:00,83398.71,83399.36,83398.7,83399.36,7.18492
2026-09-30 07:49:00,83399.36,83427.75,83399.35,83427.75,19.78845
2026-09-30 07:50:00,83427.74,83469.53,83427.74,83469.52,15.97216
2026-09-30 07:51:00,83469.53,83470.0,83429.58,83430.51,23.2046
2026-09-30 07:52:00,83430.51,83448.36,83430.5,83432.01,17.12436
2026-09-30 07:53:00,83432.01,83442.69,83430.32,83432.71,12.15272
2026-09-30 07:54:00,83432.71,83442.69,83394.76,83395.59,15.19331
2026-09-30 07:55:00,83395.6,83401.33,83393.92,83393.92,12.82413
2026-09-30 07:56:00,83393.93,83393.93,83346.0,83346.0,12.19072
2026-09-30 07:57:00,83346.01,83352.9,83332.25,83336.01,10.24993
2026-09-30 07:58:00,83336.01,83360.01,83336.0,83346.15,18.34983
2026-09-30 07:59:00,83346.16,83346.16,83300.0,83304.92,10.76159
2026-09-30 08:00:00,83304.92,83304.92,83282.0,83284.01,11.68244
2026-09-30 08:01:00,83284.01,83296.01,83264.0,83269.99,10.27717
2026-09-30 08:02:00,83269.98,83269.99,83244.71,83263.44,9.0476
2026-09-30 08:03:00,83263.45,83320.84,83263.44,83320.84,4.98703
2026-09-30 08:04:00,83320.83,83339.91,83283.97,83305.03,19.45765
2026-09-30 08:05:00,83305.03,83305.87,83254.0,83266.0,14.13515
2026-09-30 08:06:00,83266.01,83284.84,83266.01,83277.96,8.38209
2026-09-30 08:07:00,83277.97,83277.97,83221.95,83221.95,13.98547
2026-09-30 08:08:00,83221.96,83244.84,83221.95,83233.47,10.06143
2026-09-30 08:09:00,83233.48,83240.56,83220.18,83220.19,7.99977
2026-09-30 08:10:00,83220.18,83220.19,83213.02,83216.0,9.39133
2026-09-30 08:11:00,83216.01,83216.01,83168.0,83168.01,13.00181
2026-09-30 08:12:00,83168.01,83183.81,83157.38,83160.89,15.59772
2026-09-30 08:13:00,83160.9,83165.92,83156.53,83156.54,10.50451
2026-09-30 08:14:00,83156.54,83156.54,83125.7,83130.01,8.75391
2026-09-30 08:15:00,83130.0,83165.92,83119.02,83163.19,14.87834
2026-09-30 08:16:00,83163.19,83179.87,83159.42,83176.7,15.32661
2026-09-30 08:17:00,83176.7,83222.23,83176.7,83221.13,9.83783
2026-09-30 08:18:00,83221.14,83284.31,83221.14,83284.31,10.46582
2026-09-30 08:19:00,83284.31,83288.65,83201.53,83201.54,8.49499
2026-09-30 08:20:00,83201.53,83246.02,83194.0,83246.01,9.89678
2026-09-30 08:21:00,83246.02,83271.46,83240.73,83271.46,12.07181
2026-09-30 08:22:00,83271.45,83272.01,83244.46,83244.47,14.41833
2026-09-30 08:23:00,83244.46,83253.67,83227.75,83227.76,12.49154
2026-09-30 08:24:00,83227.76,83227.76,83168.0,83202.84,10.70719
2026-09-30 08:25:00,83202.85,83202.85,83166.24,83166.24,3.4602
2026-09-30 08:26:00,83166.24,83166.24,83141.68,83166.01,14.25917
2026-09-30 08:27:00,83166.0,83173.54,83144.44,83173.53,7.91223
2026-09-30 08:28:00,83173.54,83196.5,83151.36,83166.73,7.77467
2026-09-30 08:29:00,83166.72,83166.73,83133.99,83133.99,8.2544
2026-09-30 08:30:00,83134.0,83134.0,83068.12,83069.45,16.11899
2026-09-30 08:31:00,83069.45,83092.75,83060.0,83060.01,11.76844
2026-09-30 08:32:00,83060.0,83072.01,83037.0,83049.82,38.66442
2026-09-30 08:33:00,83049.83,83069.51,83037.0,83037.01,14.37139
2026-09-30 08:34:00,83037.0,83082.59,83037.0,83070.77,16.56129
2026-09-30 08:35:00,83070.76,83073.67,83042.56,83064.01,17.45836
2026-09-30 08:36:00,83064.0,83082.01,83046.19,83046.19,11.1739
2026-09-30 08:37:00,83046.19,83089.35,83046.19,83089.35,8.50729
2026-09-30 08:38:00,83089.35,83136.16,83086.0,83136.15,7.82301
2026-09-30 08:39:00,83136.16,83140.17,83135.0,83140.17,3.89417
2026-09-30 08:40:00,83140.17,83140.55,83116.18,83138.25,4.22701
2026-09-30 08:41:00,83138.24,83138.25,83095.79,83106.0,5.16395
2026-09-30 08:42:00,83106.0,83106.01,83083.01,83085.06,4.47138
2026-09-30 08:43:00,83085.06,83088.24,83066.0,83066.0,8.52459
2026-09-30 08:44:00,83066.0,83085.73,83066.0,83080.01,7.53143
2026-09-30 08:45:00,83080.0,83086.01,83068.0,83068.0,3.89931
2026-09-30 08:46:00,83068.01,83102.01,83068.0,83102.0,9.19569
2026-09-30 08:47:00,83102.01,83136.09,83102.0,83122.0,4.25916
2026-09-30 08:48:00,83122.01,83148.01,83114.0,83148.01,8.16248
2026-09-30 08:49:00,83148.0,83172.6,83142.0,83142.24,13.02274
2026-09-30 08:50:00,83142.24,83156.42,83117.2,83118.0,9.57626
2026-09-30 08:51:00,83118.0,83121.41,83023.69,83061.62,37.49959
2026-09-30 08:52:00,83061.63,83082.01,83038.25,83052.01,12.39757
2026-09-30 08:53:00,83052.0,83054.09,83052.0,83054.09,1.476
2026-09-30 08:54:00,83054.08,83062.95,83038.25,83046.0,7.26782
2026-09-30 08:55:00,83046.0,83046.01,83032.37,83042.13,3.37925
2026-09-30 08:56:00,83042.14,83059.87,83042.12,83059.87,4.99547
2026-09-30 08:57:00,83059.87,83068.65,83059.87,83068.65,2.28621
2026-09-30 08:58:00,83068.65,83082.01,83068.64,83072.89,3.30259
2026-09-30 08:59:00,83072.88,83074.0,83062.4,83062.41,3.77216
2026-09-30 09:00:00,83062.41,83082.01,83058.0,83082.0,4.17405
2026-09-30 09:01:00,83082.01,83088.49,83082.0,83088.48,2.22407
2026-09-30 09:02:00,83088.48,83166.32,83088.44,83166.32,9.14513
2026-09-30 09:03:00,83166.32,83172.25,83156.94,83172.24,5.6929
2026-09-30 09:04:00,83172.25,83190.91,83172.24,83190.91,2.27374
2026-09-30 09:05:00,83190.97,83245.09,83190.96,83245.09,6.57407
2026-09-30 09:06:00,83245.08,83264.16,83242.07,83264.16,6.71187
2026-09-30 09:07:00,83264.15,83264.16,83231.01,83231.02,5.03823
2026-09-30 09:08:00,83231.01,83290.06,83231.01,83240.0,9.69528
2026-09-30 09:09:00,83240.01,83244.01,83220.13,83244.0,9.43051
2026-09-30 09:10:00,83244.01,83272.01,83244.0,83260.02,6.67152
2026-09-30 09:11:00,83260.03,83260.03,83240.89,83256.0,3.99104
2026-09-30 09:12:00,83256.01,83289.08,83244.0,83249.52,8.60139
2026-09-30 09:13:00,83249.51,83268.01,83249.51,83268.01,2.51684
2026-09-30 09:14:00,83268.0,83291.95,83268.0,83291.94,1.95409
2026-09-30 09:15:00,83291.94,83291.95,83291.94,83291.95,1.42558
2026-09-30 09:16:00,83291.94,83291.95,83278.02,83284.01,9.09033
2026-09-30 09:17:00,83284.0,83316.0,83284.0,83291.04,12.4011
2026-09-30 09:18:00,83291.03,83310.02,83277.25,83310.01,8.31624
2026-09-30 09:19:00,83310.01,83318.54,83307.0,83307.01,21.14169
2026-09-30 09:20:00,83307.0,83335.75,83283.19,83335.74,7.42001
2026-09-30 09:21:00,83335.75,83368.02,83335.74,83358.93,9.58878
2026-09-30 09:22:00,83358.92,83362.01,83325.17,83344.0,12.64929
2026-09-30 09:23:00,83344.0,83362.67,83344.0,83362.67,4.7181
2026-09-30 09:24:00,83362.66,83395.18,83348.99,83395.17,4.67684
2026-09-30 09:25:00,83395.18,83420.93,83391.15,83400.0,14.8793
2026-09-30 09:26:00,83400.01,83424.01,83400.0,83423.33,5.27857
2026-09-30 09:27:00,83423.33,83440.99,83423.33,83440.98,6.02339
2026-09-30 09:28:00,83440.99,83440.99,83417.61,83417.62,5.50833
2026-09-30 09:29:00,83417.61,83426.96,83417.61,83426.95,4.27481
2026-09-30 09:30:00,83426.96,83524.8,83426.95,83444.0,93.31503
2026-09-30 09:31:00,83444.01,83529.0,83444.0,83514.0,16.3368
2026-09-30 09:32:00,83514.01,83787.0,83514.01,83781.63,79.74896
2026-09-30 09:33:00,83781.63,83812.41,83718.79,83756.87,37.12237
2026-09-30 09:34:00,83756.88,83794.3,83693.08,83695.75,19.57522
2026-09-30 09:35:00,83695.74,83723.83,83618.18,83708.25,17.76675
2026-09-30 09:36:00,83708.26,83733.48,83652.0,83652.01,9.96992
2026-09-30 09:37:00,83652.01,83652.01,83602.26,83606.0,8.87886
2026-09-30 09:38:00,83606.0,83622.01,83574.89,83622.0,7.82988
2026-09-30 09:39:00,83622.01,83622.01,83574.28,83574.29,7.35534
2026-09-30 09:40:00,83574.28,83574.29,83547.73,83555.0,10.10486
2026-09-30 09:41:00,83555.0,83555.01,83522.65,83543.62,5.92182
2026-09-30 09:42:00,83543.61,83562.01,83543.61,83548.11,6.66079
2026-09-30 09:43:00,83548.11,83548.12,83532.16,83532.16,3.65646
2026-09-30 09:44:00,83532.17,83574.4,83532.16,83574.4,10.26919
2026-09-30 09:45:00,83574.39,83583.0,83537.21,83565.34,11.43187
2026-09-30 09:46:00,83565.34,83583.0,83565.34,83582.99,3.22483
2026-09-30 09:47:00,83582.99,83583.0,83567.08,83583.0,4.79103
2026-09-30 09:48:00,83583.0,83596.01,83582.99,83596.01,3.61882
2026-09-30 09:49:00,83596.0,83604.01,83580.26,83604.01,2.75911
2026-09-30 09:50:00,83604.01,83629.05,83604.0,83618.0,5.54948
2026-09-30 09:51:00,83618.0,83645.0,83617.96,83629.13,4.82719
2026-09-30 09:52:00,83629.12,83629.12,83578.01,83584.01,11.65905
2026-09-30 09:53:00,83584.01,83586.01,83569.72,83586.0,13.95519
2026-09-30 09:54:00,83586.01,83629.35,83572.45,83629.35,5.97327
2026-09-30 09:55:00,83629.35,83656.01,83629.34,83634.39,10.34067
2026-09-30 09:56:00,83634.39,83634.4,83604.0,83618.01,6.05629
2026-09-30 09:57:00,83618.0,83640.81,83618.0,83640.81,5.57305
2026-09-30 09:58:00,83640.8,83644.01,83640.8,83640.8,2.79412
2026-09-30 09:59:00,83640.81,83640.81,83627.48,83632.01,5.60057
2026-09-30 10:00:00,83632.01,83746.77,83632.01,83731.29,114.34537
2026-09-30 10:01:00,83731.29,83745.89,83699.4,83699.4,12.02608
2026-09-30 10:02:00,83699.4,83745.89,83680.29,83745.86,23.4249
2026-09-30 10:03:00,83745.85,83745.86,83717.65,83726.17,8.60397
2026-09-30 10:04:00,83726.17,83796.73,83724.2,83772.01,111.58668
2026-09-30 10:05:00,83772.0,83772.01,83751.65,83752.53,6.19718
2026-09-30 10:06:00,83752.54,83764.35,83752.53,83752.66,11.56566
2026-09-30 10:07:00,83752.66,83752.67,83736.08,83740.01,7.83496
2026-09-30 10:08:00,83740.01,83760.0,83740.0,83760.0,11.19066
2026-09-30 10:09:00,83759.99,83760.0,83727.74,83729.09,11.01481
2026-09-30 10:10:00,83729.08,83730.0,83727.74,83729.1,4.46872
2026-09-30 10:11:00,83729.1,83748.01,83729.1,83747.79,3.9403
2026-09-30 10:12:00,83747.78,83754.92,83747.78,83754.92,2.08392
2026-09-30 10:13:00,83754.91,83764.01,83754.91,83759.98,3.5789
2026-09-30 10:14:00,83759.98,83759.99,83706.53,83706.53,12.44682
2026-09-30 10:15:00,83706.02,83718.01,83698.0,83704.0,6.95093
2026-09-30 10:16:00,83704.0,83708.75,83678.0,83694.0,10.62493
2026-09-30 10:17:00,83694.01,83722.01,83694.0,83722.01,4.81256
2026-09-30 10:18:00,83722.01,83722.01,83698.0,83698.01,8.6185
2026-09-30 10:19:00,83698.01,83740.0,83698.01,83740.0,14.29987
2026-09-30 10:20:00,83740.0,83796.73,83739.99,83796.72,7.08545
2026-09-30 10:21:00,83796.72,83845.0,83796.72,83818.24,26.22101
2026-09-30 10:22:00,83818.24,83822.16,83760.74,83760.75,5.11814
2026-09-30 10:23:00,83760.74,83779.19,83746.0,83746.01,17.28831
2026-09-30 10:24:00,83746.0,83804.26,83743.48,83804.26,11.17477
2026-09-30 10:25:00,83804.26,83866.33,83804.25,83866.32,15.91763
2026-09-30 10:26:00,83866.32,83866.33,83855.25,83859.3,7.28069
2026-09-30 10:27:00,83859.29,83859.3,83798.52,83798.52,14.30327
2026-09-30 10:28:00,83798.53,83806.9,83788.0,83806.89,6.94063
2026-09-30 10:29:00,83806.9,83806.9,83783.48,83787.92,18.63217
2026-09-30 10:30:00,83787.91,83845.0,83787.91,83844.99,17.99589
2026-09-30 10:31:00,83845.0,83857.27,83844.99,83857.27,7.58339
2026-09-30 10:32:00,83857.26,83872.8,83857.26,83872.8,5.90228
2026-09-30 10:33:00,83872.8,83875.0,83866.0,83872.68,11.79017
2026-09-30 10:34:00,83872.68,83874.51,83860.96,83874.5,7.94135
2026-09-30 10:35:00,83874.5,83875.0,83868.0,83875.0,6.23727
2026-09-30 10:36:00,83874.99,83875.0,83871.71,83875.0,2.89205
2026-09-30 10:37:00,83875.0,83926.33,83874.99,83913.76,15.11867
2026-09-30 10:38:00,83913.76,83916.94,83913.76,83916.94,4.69294
2026-09-30 10:39:00,83916.94,83926.32,83854.82,83854.82,16.96195
2026-09-30 10:40:00,83854.82,83858.86,83854.82,83858.85,8.33158
2026-09-30 10:41:00,83858.85,83880.0,83854.82,83880.0,15.01515
2026-09-30 10:42:00,83880.0,83907.49,83879.99,83896.66,5.59281
2026-09-30 10:43:00,83896.66,83903.56,83878.78,83903.55,6.78418
2026-09-30 10:44:00,83903.56,83903.56,83888.58,83888.58,3.6416
2026-09-30 10:45:00,83888.58,83902.71,83869.13,83869.13,4.57982
2026-09-30 10:46:00,83869.13,83869.14,83862.13,83862.13,7.66352
2026-09-30 10:47:00,83862.12,83902.71,83862.12,83902.7,9.92828
2026-09-30 10:48:00,83902.7,83905.14,83896.33,83905.13,2.86755
2026-09-30 10:49:00,83905.14,83938.75,83901.93,83901.95,6.76989
2026-09-30 10:50:00,83901.96,83919.32,83901.95,83919.32,4.36169
2026-09-30 10:51:00,83919.31,83919.32,83906.36,83912.91,5.32221
2026-09-30 10:52:00,83912.91,83937.95,83912.91,83937.94,1.61073
2026-09-30 10:53:00,83937.95,83937.95,83935.52,83935.53,5.58832
2026-09-30 10:54:00,83935.53,83950.0,83935.52,83949.99,6.57522
2026-09-30 10:55:00,83949.99,83950.0,83936.0,83936.0,10.07697
2026-09-30 10:56:00,83936.01,83936.01,83882.14,83932.17,14.32947
2026-09-30 10:57:00,83932.17,83932.17,83918.0,83930.83,7.44827
2026-09-30 10:58:00,83930.83,83930.83,83918.0,83918.01,14.19882
2026-09-30 10:59:00,83918.01,83918.01,83918.0,83918.01,1.08244
2026-09-30 11:00:00,83918.0,83918.0,83852.0,83852.0,10.99045
2026-09-30 11:01:00,83852.0,83852.0,83767.63,83772.0,10.09734
2026-09-30 11:02:00,83772.0,83777.94,83767.63,83767.64,3.58573
2026-09-30 11:03:00,83767.63,83809.53,83764.0,83805.31,8.56486
2026-09-30 11:04:00,83805.31,83805.31,83766.0,83766.0,3.74775
2026-09-30 11:05:00,83766.0,83776.3,83750.35,83750.36,9.55032
2026-09-30 11:06:00,83750.36,83750.36,83720.4,83720.41,13.23269
2026-09-30 11:07:00,83720.41,83720.41,83696.0,83703.96,4.24333
2026-09-30 11:08:00,83703.96,83765.45,83703.95,83756.89,10.15451
2026-09-30 11:09:00,83756.9,83770.0,83712.0,83712.0,7.53332
2026-09-30 11:10:00,83712.0,83726.01,83708.0,83726.0,5.97759
2026-09-30 11:11:00,83726.0,83730.01,83714.0,83726.0,4.13013
2026-09-30 11:12:00,83725.99,83827.38,83725.99,83827.37,8.93583
2026-09-30 11:13:00,83827.38,83861.77,83827.37,83832.01,5.476
2026-09-30 11:14:00,83832.01,83845.0,83814.75,83844.99,6.54068
2026-09-30 11:15:00,83844.99,83860.01,83839.5,83839.5,7.71525
2026-09-30 11:16:00,83839.05,83839.05,83828.29,83830.01,4.11984
2026-09-30 11:17:00,83830.0,83830.01,83791.37,83812.01,13.53322
2026-09-30 11:18:00,83812.0,83825.16,83810.86,83825.15,3.45178
2026-09-30 11:19:00,83825.16,83830.0,83739.7,83739.7,10.53453
2026-09-30 11:20:00,83739.7,83739.71,83716.0,83716.01,3.35449
2026-09-30 11:21:00,83716.0,83732.39,83716.0,83732.39,2.9313
2026-09-30 11:22:00,83732.39,83780.01,83732.38,83780.0,4.06413
2026-09-30 11:23:00,83780.0,83870.33,83780.0,83870.32,10.1937
2026-09-30 11:24:00,83870.32,83879.64,83854.41,83854.41,5.58531
2026-09-30 11:25:00,83854.41,83864.01,83846.0,83864.01,2.45871
2026-09-30 11:26:00,83864.01,83879.02,83862.68,83862.68,3.90309
2026-09-30 11:27:00,83862.68,83862.69,83848.0,83848.0,4.07813
2026-09-30 11:28:00,83848.0,83850.01,83848.0,83850.01,5.40784
2026-09-30 11:29:00,83850.01,83858.01,83850.0,83858.0,2.40562
2026-09-30 11:30:00,83858.01,83858.01,83825.37,83828.13,9.42638
2026-09-30 11:31:00,83828.14,83828.14,83766.0,83766.01,14.39193
2026-09-30 11:32:00,83766.0,83766.0,83747.65,83757.99,9.43397
2026-09-30 11:33:00,83757.99,83782.01,83757.99,83782.01,2.48158
2026-09-30 11:34:00,83782.0,83813.98,83782.0,83813.98,5.09353
2026-09-30 11:35:00,83813.98,83829.35,83813.97,83829.34,1.45067
2026-09-30 11:36:00,83829.34,83829.35,83790.0,83812.01,5.25174
2026-09-30 11:37:00,83812.01,83838.01,83812.01,83837.75,9.99476
2026-09-30 11:38:00,83837.75,83874.0,83837.75,83873.99,6.36206
2026-09-30 11:39:00,83874.0,83900.0,83858.0,83900.0,33.55415
2026-09-30 11:40:00,83900.01,83940.0,83900.0,83940.0,22.71682
2026-09-30 11:41:00,83940.0,83981.11,83929.92,83932.09,18.32635
2026-09-30 11:42:00,83932.09,83932.09,83908.01,83920.01,5.54893
2026-09-30 11:43:00,83920.01,83976.01,83920.01,83962.03,16.60166
2026-09-30 11:44:00,83962.02,83962.03,83932.0,83934.01,6.91377
2026-09-30 11:45:00,83934.01,83936.01,83906.42,83910.79,8.05997
2026-09-30 11:46:00,83910.78,83976.0,83897.42,83946.0,17.12427
2026-09-30 11:47:00,83946.0,83946.01,83873.46,83908.01,12.64688
2026-09-30 11:48:00,83908.01,83908.01,83882.0,83884.0,3.686
2026-09-30 11:49:00,83884.01,83900.0,83872.0,83899.68,2.65427
2026-09-30 11:50:00,83899.68,83899.69,83868.0,83868.01,3.91984
2026-09-30 11:51:00,83868.01,83872.01,83852.0,83852.01,2.4948
2026-09-30 11:52:00,83852.0,83852.01,83840.62,83840.63,3.31185
2026-09-30 11:53:00,83840.62,83856.01,83837.62,83837.62,8.703
2026-09-30 11:54:00,83837.62,83837.62,83820.01,83834.0,2.6154
2026-09-30 11:55:00,83834.01,83834.01,83832.0,83832.0,2.54883
2026-09-30 11:56:00,83832.01,83857.07,83832.0,83852.01,4.24218
2026-09-30 11:57:00,83852.01,83860.4,83852.0,83860.39,1.24471
2026-09-30 11:58:00,83860.4,83860.4,83849.91,83860.0,7.3365
2026-09-30 11:59:00,83860.01,83915.17,83860.01,83915.16,4.5347
2026-09-30 12:00:00,83915.17,83942.01,83899.99,83942.01,5.15943
2026-09-30 12:01:00,83942.01,83942.01,83905.57,83905.57,5.11173
2026-09-30 12:02:00,83905.57,83905.58,83866.0,83866.0,19.41474
2026-09-30 12:03:00,83866.0,83870.0,83831.83,83831.83,5.26399
2026-09-30 12:04:00,83831.83,83858.55,83831.82,83838.0,4.35712
2026-09-30 12:05:00,83838.0,83839.36,83819.61,83819.62,4.28697
2026-09-30 12:06:00,83819.61,83819.62,83788.53,83788.54,4.1518
2026-09-30 12:07:00,83788.54,83804.01,83768.89,83804.0,4.90242
2026-09-30 12:08:00,83804.01,83804.01,83790.06,83796.61,3.4254
2026-09-30 12:09:00,83796.6,83806.01,83796.0,83796.0,3.48721
2026-09-30 12:10:00,83796.0,83822.01,83796.0,83822.01,1.95579
2026-09-30 12:11:00,83822.0,83832.01,83822.0,83832.01,4.66564
2026-09-30 12:12:00,83832.01,83846.0,83832.0,83846.0,4.43464
2026-09-30 12:13:00,83846.0,83868.01,83846.0,83852.0,3.0546
2026-09-30 12:14:00,83852.01,83883.95,83852.0,83883.94,3.97985
2026-09-30 12:15:00,83883.95,83883.95,83814.0,83814.0,10.20658
2026-09-30 12:16:00,83814.01,83814.01,83768.0,83784.0,14.5687
2026-09-30 12:17:00,83784.0,83806.81,83768.01,83796.47,29.27346
2026-09-30 12:18:00,83796.46,83806.81,83796.46,83806.8,2.68681
2026-09-30 12:19:00,83806.8,83820.97,83802.77,83804.0,8.91393
2026-09-30 12:20:00,83804.0,83804.01,83774.44,83774.44,3.90663
2026-09-30 12:21:00,83774.45,83828.01,83774.45,83828.0,8.32176
2026-09-30 12:22:00,83828.0,83913.94,83828.0,83913.94,8.35705
2026-09-30 12:23:00,83913.94,83924.01,83842.49,83842.49,9.26945
2026-09-30 12:24:00,83842.49,83900.0,83842.49,83890.0,11.64207
2026-09-30 12:25:00,83890.01,83926.01,83890.0,83902.12,5.83281
2026-09-30 12:26:00,83902.12,83925.0,83889.63,83889.63,6.96464
2026-09-30 12:27:00,83889.64,83902.01,83888.27,83902.01,5.32246
2026-09-30 12:28:00,83902.01,83926.01,83888.27,83926.0,5.30673
2026-09-30 12:29:00,83926.01,83975.0,83890.86,83939.61,20.11953
2026-09-30 12:30:00,83939.61,84280.33,83874.0,84256.71,234.22932
2026-09-30 12:31:00,84254.86,84498.0,84250.78,84468.81,85.68416
2026-09-30 12:32:00,84468.8,84488.46,84400.0,84426.13,51.91293
2026-09-30 12:33:00,84426.12,84426.12,84284.14,84291.12,44.49461
2026-09-30 12:34:00,84291.13,84498.01,84275.75,84494.91,36.14577
2026-09-30 12:35:00,84494.9,84866.0,84482.34,84751.08,345.02271
2026-09-30 12:36:00,84751.07,84754.01,84593.69,84593.7,36.60688
2026-09-30 12:37:00,84593.7,84650.01,84550.0,84640.82,33.03243
2026-09-30 12:38:00,84640.82,84807.99,84636.62,84745.03,51.58392
2026-09-30 12:39:00,84745.03,84870.58,84730.81,84839.07,68.44251
2026-09-30 12:40:00,84839.06,85072.01,84000.0,85060.92,541.87428
2026-09-30 12:41:00,85060.92,85060.93,84640.0,84900.9,183.21669
2026-09-30 12:42:00,84900.9,84942.9,84594.55,84828.32,373.87663
2026-09-30 12:43:00,84828.31,84931.5,84819.56,84924.43,47.37509
2026-09-30 12:44:00,84924.43,84925.72,84780.65,84828.16,61.71971
2026-09-30 12:45:00,84828.17,84996.01,84828.15,84979.0,45.04988
2026-09-30 12:46:00,84979.01,84993.0,84905.68,84905.68,69.58059
2026-09-30 12:47:00,84905.68,84938.01,84741.25,84904.41,55.66939
2026-09-30 12:48:00,84904.41,85128.19,84904.41,85104.79,103.25811
2026-09-30 12:49:00,85104.78,85222.0,85068.0,85139.31,136.62993
2026-09-30 12:50:00,85139.31,85449.79,85139.31,85442.85,548.77966
2026-09-30 12:51:00,85442.85,85458.55,85302.77,85452.4,98.93597
2026-09-30 12:52:00,85452.39,85475.0,85394.28,85442.53,57.65719
2026-09-30 12:53:00,85442.52,85462.0,85379.64,85396.35,32.22421
2026-09-30 12:54:00,85396.34,85500.0,85396.34,85483.75,44.26373
2026-09-30 12:55:00,85483.75,85514.0,85443.32,85509.59,59.90718
2026-09-30 12:56:00,85509.59,85513.99,85386.34,85446.0,60.26244
2026-09-30 12:57:00,85446.0,85493.97,85446.0,85462.41,36.97786
2026-09-30 12:58:00,85462.4,85462.41,85310.17,85310.17,39.55854
2026-09-30 12:59:00,85310.18,85342.01,85290.32,85290.32,37.78535
2026-09-30 13:00:00,85290.32,85336.42,85244.28,85264.79,46.76812
2026-09-30 13:01:00,85264.79,85268.89,85135.36,85154.06,44.08848
2026-09-30 13:02:00,85154.05,85192.01,85104.65,85173.43,47.20889
2026-09-30 13:03:00,85173.43,85242.73,85118.84,85242.25,25.54598
2026-09-30 13:04:00,85242.24,85246.53,85206.88,85238.39,22.32754
2026-09-30 13:05:00,85238.39,85272.03,85205.81,85252.0,24.6257
2026-09-30 13:06:00,85252.0,85400.0,85250.06,85335.35,94.87794
2026-09-30 13:07:00,85335.36,85362.16,85279.18,85281.91,30.09845
2026-09-30 13:08:00,85281.92,85394.24,85281.91,85357.28,26.12143
2026-09-30 13:09:00,85357.28,85649.95,85357.28,85596.17,141.46975
2026-09-30 13:10:00,85596.0,85596.01,85472.0,85503.99,37.20116
2026-09-30 13:11:00,85504.0,85612.86,85485.63,85583.31,50.65508
2026-09-30 13:12:00,85583.3,85586.69,85498.0,85501.03,18.49833
2026-09-30 13:13:00,85501.03,85501.03,85412.3,85412.31,26.72059
2026-09-30 13:14:00,85412.31,85414.01,85373.52,85394.57,18.04178
2026-09-30 13:15:00,85394.57,85454.01,85394.57,85434.97,27.61524
2026-09-30 13:16:00,85434.96,85483.86,85410.48,85483.85,19.05287
2026-09-30 13:17:00,85483.86,85500.01,85412.11,85442.49,30.49089
2026-09-30 13:18:00,85442.49,85446.01,85412.71,85412.72,16.05879
2026-09-30 13:19:00,85412.72,85412.72,85310.25,85312.01,132.16396
2026-09-30 13:20:00,85312.01,85355.63,85300.0,85355.63,24.01287
2026-09-30 13:21:00,85355.64,85370.07,85304.59,85335.73,15.89433
2026-09-30 13:22:00,85335.73,85372.01,85313.91,85313.92,11.44434
2026-09-30 13:23:00,85313.91,85334.01,85304.59,85312.37,21.02341
2026-09-30 13:24:00,85312.35,85327.73,85304.59,85327.73,11.67566
2026-09-30 13:25:00,85327.72,85337.24,85300.01,85300.02,25.67515
2026-09-30 13:26:00,85300.03,85349.32,85300.03,85349.32,10.94549
2026-09-30 13:27:00,85349.31,85353.93,85300.0,85304.0,32.89445
2026-09-30 13:28:00,85304.01,85304.01,85170.0,85170.01,122.29991
2026-09-30 13:29:00,85170.0,85188.01,85168.0,85188.0,15.54612
2026-09-30 13:30:00,85188.01,85342.01,85159.14,85342.0,28.38767
2026-09-30 13:31:00,85342.01,85544.66,85342.01,85541.97,48.81558
2026-09-30 13:32:00,85541.97,85563.0,85356.54,85378.53,27.86928
2026-09-30 13:33:00,85378.53,85378.54,85260.0,85268.71,29.00181
2026-09-30 13:34:00,85268.71,85319.2,85230.0,85230.0,14.10483
2026-09-30 13:35:00,85230.0,85230.0,84772.34,84822.92,76.95772
2026-09-30 13:36:00,84822.92,84829.06,84619.39,84780.19,115.80245
2026-09-30 13:37:00,84780.2,84808.5,84587.88,84630.16,56.83117
2026-09-30 13:38:00,84630.15,84642.66,84301.12,84396.62,91.38202
2026-09-30 13:39:00,84396.38,84431.71,84200.0,84234.73,135.56827
2026-09-30 13:40:00,84234.72,84375.78,84019.39,84063.19,84.21968
2026-09-30 13:41:00,84063.18,84268.69,84043.4,84262.0,67.01702
2026-09-30 13:42:00,84261.99,84567.04,84241.23,84535.39,64.23354
2026-09-30 13:43:00,84535.38,84588.23,84435.74,84435.74,40.62119
2026-09-30 13:44:00,84435.48,84517.84,84411.71,84515.45,33.95811
2026-09-30 13:45:00,84515.46,84565.27,84400.0,84413.8,28.64262
2026-09-30 13:46:00,84413.81,84600.0,84400.0,84600.0,18.91161
2026-09-30 13:47:00,84599.99,84677.52,84552.64,84656.03,29.12474
2026-09-30 13:48:00,84656.02,84665.3,84500.0,84511.87,22.64919
2026-09-30 13:49:00,84511.99,84673.46,84476.8,84615.67,19.68601
2026-09-30 13:50:00,84615.68,84648.01,84544.28,84580.01,20.97259
2026-09-30 13:51:00,84580.0,84757.07,84580.0,84690.01,56.84647
2026-09-30 13:52:00,84690.01,84690.01,84582.08,84584.64,13.25129
2026-09-30 13:53:00,84584.65,84670.01,84522.05,84670.01,11.99845
2026-09-30 13:54:00,84670.01,84670.01,84578.0,84581.78,9.78255
2026-09-30 13:55:00,84581.78,84670.0,84562.0,84579.04,16.33529
2026-09-30 13:56:00,84578.35,84612.01,84526.01,84554.25,13.38433
2026-09-30 13:57:00,84554.26,84596.01,84476.8,84522.15,8.92103
2026-09-30 13:58:00,84522.02,84533.05,84476.8,84530.01,12.71812
2026-09-30 13:59:00,84530.0,84637.74,84530.0,84637.74,14.52366
2026-09-30 14:00:00,84637.74,84644.83,84460.17,84470.52,36.97381
2026-09-30 14:01:00,84470.52,84560.01,84354.01,84354.01,26.1006
2026-09-30 14:02:00,84354.0,84440.01,84286.12,84404.97,29.02778
2026-09-30 14:03:00,84404.97,84456.01,84386.0,84456.0,10.76499
2026-09-30 14:04:00,84456.01,84616.01,84456.0,84553.52,24.27968
2026-09-30 14:05:00,84552.01,84572.0,84516.0,84572.0,9.06971
2026-09-30 14:06:00,84572.01,84637.74,84544.0,84544.01,28.16265
2026-09-30 14:07:00,84544.01,84544.01,84342.0,84350.99,42.73324
2026-09-30 14:08:00,84350.99,84380.01,84275.35,84377.99,24.55139
2026-09-30 14:09:00,84378.0,84406.01,84322.0,84394.01,10.57209
2026-09-30 14:10:00,84394.0,84404.01,84272.0,84289.6,23.00215
2026-09-30 14:11:00,84289.61,84289.61,84138.59,84258.01,33.3717
2026-09-30 14:12:00,84258.0,84434.01,84256.0,84388.01,30.43741
2026-09-30 14:13:00,84388.0,84519.16,84356.0,84368.97,40.70756
2026-09-30 14:14:00,84368.97,84390.01,84329.7,84354.01,29.8901
2026-09-30 14:15:00,84354.01,84358.01,84255.0,84298.01,35.76079
2026-09-30 14:16:00,84298.01,84301.36,84169.86,84215.15,24.07787
2026-09-30 14:17:00,84214.88,84249.28,84107.68,84107.68,38.51463
2026-09-30 14:18:00,84107.68,84152.71,84009.0,84074.14,32.29603
2026-09-30 14:19:00,84074.14,84130.86,84022.21,84130.86,34.9192
2026-09-30 14:20:00,84130.86,84133.64,84063.18,84133.64,23.06694
2026-09-30 14:21:00,84133.64,84178.01,84078.01,84078.01,26.91909
2026-09-30 14:22:00,84078.01,84078.02,83850.01,83850.02,73.8802
2026-09-30 14:23:00,83850.02,83876.38,83647.28,83873.07,111.1502
2026-09-30 14:24:00,83873.08,83887.25,83827.86,83886.47,39.92642
2026-09-30 14:25:00,83886.47,83965.51,83886.47,83957.08,18.05772
2026-09-30 14:26:00,83957.07,83999.39,83902.74,83940.01,29.51327
2026-09-30 14:27:00,83940.0,83940.01,83735.18,83758.56,61.50345
2026-09-30 14:28:00,83758.57,83800.0,83669.6,83713.49,24.35484
2026-09-30 14:29:00,83713.48,83773.61,83656.07,83768.38,18.96161
2026-09-30 14:30:00,83768.38,83831.96,83711.61,83802.54,28.87344
2026-09-30 14:31:00,83802.55,83829.5,83732.0,83732.01,35.52398
2026-09-30 14:32:00,83732.01,83738.01,83373.0,83460.51,120.6092
2026-09-30 14:33:00,83460.5,83552.27,83373.76,83552.26,45.64162
2026-09-30 14:34:00,83552.27,83588.48,83437.57,83442.56,51.71748
2026-09-30 14:35:00,83442.55,83512.01,83379.62,83456.01,44.81059
2026-09-30 14:36:00,83456.01,83570.01,83446.28,83455.7,44.98662
2026-09-30 14:37:00,83455.7,83676.01,83455.7,83650.01,54.31378
2026-09-30 14:38:00,83650.01,83725.51,83624.4,83725.5,33.26953
2026-09-30 14:39:00,83725.5,83725.51,83620.0,83620.72,20.51796
2026-09-30 14:40:00,83620.72,83620.72,83500.0,83600.42,30.12065
2026-09-30 14:41:00,83600.41,83652.79,83512.81,83652.78,23.02655
2026-09-30 14:42:00,83652.79,83722.59,83640.01,83688.01,9.86219
2026-09-30 14:43:00,83688.01,83749.7,83586.01,83609.87,22.39278
2026-09-30 14:44:00,83609.87,83609.87,83544.61,83553.98,12.75316
2026-09-30 14:45:00,83553.98,83634.4,83544.61,83601.68,13.60541
2026-09-30 14:46:00,83601.68,83638.01,83580.0,83638.01,15.50207
2026-09-30 14:47:00,83638.01,83720.0,83615.28,83717.09,17.84586
2026-09-30 14:48:00,83717.08,83807.8,83710.0,83713.36,32.50757
2026-09-30 14:49:00,83713.36,83738.01,83680.0,83730.01,8.09858
2026-09-30 14:50:00,83730.01,83760.0,83686.01,83730.02,23.497
2026-09-30 14:51:00,83730.02,83795.17,83710.01,83730.78,26.01133
2026-09-30 14:52:00,83730.79,83884.01,83730.78,83806.0,36.42142
2026-09-30 14:53:00,83805.51,83880.01,83802.63,83820.73,13.80279
2026-09-30 14:54:00,83820.73,83887.25,83770.57,83868.07,35.15497
2026-09-30 14:55:00,83868.06,83974.01,83868.01,83974.0,34.42474
2026-09-30 14:56:00,83974.01,83987.78,83896.0,83896.0,28.43376
2026-09-30 14:57:00,83896.01,83925.99,83878.0,83879.09,15.05238
2026-09-30 14:58:00,83879.09,83879.09,83811.61,83814.3,13.64741
2026-09-30 14:59:00,83814.29,83832.99,83800.0,83800.01,12.99391
2026-09-30 15:00:00,83800.01,83841.64,83748.01,83823.29,31.49065
2026-09-30 15:01:00,83823.29,83838.0,83724.0,83838.0,16.82613
2026-09-30 15:02:00,83837.99,83838.0,83749.63,83764.0,15.09182
2026-09-30 15:03:00,83763.99,83928.01,83749.99,83928.0,28.29109
2026-09-30 15:04:00,83928.0,83928.0,83846.0,83898.01,13.32812
2026-09-30 15:05:00,83898.0,83945.76,83885.6,83912.3,8.99517
2026-09-30 15:06:00,83912.31,83912.31,83840.0,83908.0,25.07645
2026-09-30 15:07:00,83908.01,83922.01,83887.52,83890.84,4.93
2026-09-30 15:08:00,83890.85,83894.01,83868.0,83890.01,7.8536
2026-09-30 15:09:00,83890.0,83942.01,83888.0,83926.7,11.11443
2026-09-30 15:10:00,83926.71,83981.11,83926.7,83938.0,13.03917
2026-09-30 15:11:00,83938.01,84000.0,83938.0,83938.0,11.45331
2026-09-30 15:12:00,83938.0,83950.3,83856.0,83923.44,24.44861
2026-09-30 15:13:00,83923.44,83989.46,83923.44,83952.01,9.62491
2026-09-30 15:14:00,83952.0,84000.0,83943.6,83952.98,9.11345
2026-09-30 15:15:00,83952.98,83992.75,83936.0,83980.0,6.33731
2026-09-30 15:16:00,83980.0,84021.58,83958.0,84014.01,28.14893
2026-09-30 15:17:00,84014.0,84014.01,83894.01,83894.01,11.52699
2026-09-30 15:18:00,83894.02,83894.02,83794.0,83796.0,10.26205
2026-09-30 15:19:00,83796.0,83841.42,83760.0,83812.02,28.19435
2026-09-30 15:20:00,83812.03,83882.92,83786.97,83882.91,12.75107
2026-09-30 15:21:00,83882.91,83911.89,83856.83,83911.89,9.68457
2026-09-30 15:22:00,83911.89,83992.01,83888.0,83888.01,11.36086
2026-09-30 15:23:00,83888.0,83915.65,83846.0,83846.01,25.07447
2026-09-30 15:24:00,83846.0,83847.94,83720.01,83720.01,15.42749
2026-09-30 15:25:00,83720.0,83752.01,83696.0,83696.01,6.86594
2026-09-30 15:26:00,83696.0,83750.58,83694.0,83740.01,12.4515
2026-09-30 15:27:00,83740.01,83765.41,83694.0,83765.41,9.54053
2026-09-30 15:28:00,83765.41,83832.02,83752.0,83830.65,15.76522
2026-09-30 15:29:00,83830.65,83895.49,83830.65,83895.48,7.74459
2026-09-30 15:30:00,83895.49,84012.98,83895.48,84012.97,11.45271
2026-09-30 15:31:00,84012.98,84275.69,84012.97,84260.55,37.08545
2026-09-30 15:32:00,84260.56,84295.71,84160.9,84178.0,38.84487
2026-09-30 15:33:00,84178.0,84178.01,84112.01,84134.78,14.23796
2026-09-30 15:34:00,84134.79,84160.35,84109.35,84127.52,13.56139
2026-09-30 15:35:00,84127.52,84145.96,84114.25,84130.0,10.28971
2026-09-30 15:36:00,84130.0,84138.61,84112.0,84112.0,4.46374
2026-09-30 15:37:00,84112.0,84214.61,84064.04,84213.26,18.71246
2026-09-30 15:38:00,84213.26,84238.01,84174.0,84174.0,24.04956
2026-09-30 15:39:00,84174.0,84236.51,84161.59,84236.5,12.32875
2026-09-30 15:40:00,84236.51,84282.89,84204.17,84204.17,22.15684
2026-09-30 15:41:00,84204.18,84236.01,84169.58,84169.59,6.96059
2026-09-30 15:42:00,84169.59,84229.61,84169.59,84204.18,12.838
2026-09-30 15:43:00,84204.17,84204.18,84145.26,84170.01,13.29687
2026-09-30 15:44:00,84170.01,84170.01,84098.0,84114.01,8.75736
2026-09-30 15:45:00,84114.01,84156.7,84105.59,84140.71,6.56067
2026-09-30 15:46:00,84140.7,84182.01,84140.7,84182.01,12.56216
2026-09-30 15:47:00,84182.01,84214.52,84180.0,84211.97,11.57016
2026-09-30 15:48:00,84211.97,84286.01,84211.96,84278.96,18.5804
2026-09-30 15:49:00,84278.95,84278.96,84245.11,84274.49,7.1646
2026-09-30 15:50:00,84274.48,84285.27,84254.04,84264.14,7.60476
2026-09-30 15:51:00,84264.13,84289.29,84245.11,84245.12,6.88431
2026-09-30 15:52:00,84245.12,84263.29,84227.34,84234.01,6.42211
2026-09-30 15:53:00,84234.01,84250.84,84227.34,84250.83,7.28454
2026-09-30 15:54:00,84250.83,84260.97,84200.01,84200.01,8.58581
2026-09-30 15:55:00,84200.0,84200.01,84130.02,84130.03,6.64964
2026-09-30 15:56:00,84130.03,84166.01,84130.02,84166.0,3.46401
2026-09-30 15:57:00,84166.0,84166.0,84131.61,84131.61,8.90382
2026-09-30 15:58:00,84131.61,84144.52,84131.61,84144.51,3.7469
2026-09-30 15:59:00,84144.51,84144.52,84133.44,84134.43,4.15837
2026-09-30 16:00:00,84134.43,84160.25,84134.43,84160.25,8.71656
2026-09-30 16:01:00,84160.26,84167.16,84144.0,84167.16,5.36948
2026-09-30 16:02:00,84167.16,84260.01,84167.16,84246.01,18.09535
2026-09-30 16:03:00,84246.01,84274.01,84219.67,84274.0,9.17463
2026-09-30 16:04:00,84274.01,84291.24,84262.0,84281.72,13.16804
2026-09-30 16:05:00,84281.73,84326.01,84274.31,84326.01,13.55044
2026-09-30 16:06:00,84326.0,84341.44,84326.0,84341.44,17.79985
2026-09-30 16:07:00,84341.43,84345.43,84314.39,84314.39,10.75902
2026-09-30 16:08:00,84314.39,84331.66,84306.0,84331.65,3.21233
2026-09-30 16:09:00,84331.65,84385.32,84331.65,84385.31,14.47893
2026-09-30 16:10:00,84385.31,84385.31,84326.0,84326.0,3.98118
2026-09-30 16:11:00,84326.01,84342.01,84297.41,84329.92,24.43959
2026-09-30 16:12:00,84329.92,84333.15,84266.2,84266.2,11.58745
2026-09-30 16:13:00,84266.21,84337.07,84266.2,84337.07,5.93428
2026-09-30 16:14:00,84337.06,84361.99,84337.06,84361.98,5.0634
2026-09-30 16:15:00,84361.97,84391.5,84294.4,84341.08,14.05959
2026-09-30 16:16:00,84341.08,84358.01,84341.08,84354.46,3.57955
2026-09-30 16:17:00,84354.47,84354.47,84310.4,84321.7,18.75275
2026-09-30 16:18:00,84321.69,84379.15,84300.86,84379.14,9.28875
2026-09-30 16:19:00,84379.14,84414.7,84379.14,84391.5,14.26348
2026-09-30 16:20:00,84391.49,84399.99,84364.52,84399.99,6.78886
2026-09-30 16:21:00,84399.99,84422.11,84398.01,84415.35,11.09364
2026-09-30 16:22:00,84415.35,84460.0,84415.35,84438.0,8.77019
2026-09-30 16:23:00,84438.0,84462.01,84424.1,84455.87,15.54483
2026-09-30 16:24:00,84455.87,84490.01,84455.55,84466.14,18.43718
2026-09-30 16:25:00,84466.13,84479.7,84455.56,84472.01,2.40332
2026-09-30 16:26:00,84472.0,84472.0,84386.29,84401.37,15.73813
2026-09-30 16:27:00,84401.37,84401.37,84360.0,84370.01,15.94431
2026-09-30 16:28:00,84370.01,84400.24,84370.0,84374.01,5.75432
2026-09-30 16:29:00,84374.01,84374.01,84294.0,84294.0,23.622
2026-09-30 16:30:00,84294.01,84304.77,84259.84,84259.84,7.8838
2026-09-30 16:31:00,84259.85,84298.76,84259.84,84272.0,7.63801
2026-09-30 16:32:00,84272.0,84292.01,84268.0,84279.52,14.77072
2026-09-30 16:33:00,84279.51,84342.36,84279.51,84322.0,10.64621
2026-09-30 16:34:00,84322.01,84362.55,84322.0,84336.82,3.85631
2026-09-30 16:35:00,84336.82,84336.82,84269.68,84269.68,3.78188
2026-09-30 16:36:00,84269.68,84269.69,84217.78,84217.78,6.67349
2026-09-30 16:37:00,84217.79,84285.96,84217.78,84257.62,9.95266
2026-09-30 16:38:00,84257.63,84287.0,84251.19,84286.99,5.87719
2026-09-30 16:39:00,84286.99,84301.24,84274.0,84294.0,8.36401
2026-09-30 16:40:00,84294.01,84298.01,84270.99,84292.39,7.53261
2026-09-30 16:41:00,84292.4,84305.88,84270.25,84270.25,8.36377
2026-09-30 16:42:00,84270.25,84298.01,84266.72,84298.0,5.62799
2026-09-30 16:43:00,84298.01,84344.71,84298.0,84344.7,3.70333
2026-09-30 16:44:00,84344.7,84362.01,84344.0,84356.01,6.89148
2026-09-30 16:45:00,84356.01,84368.01,84334.62,84363.33,3.00737
2026-09-30 16:46:00,84363.34,84418.01,84357.56,84418.01,14.33824
2026-09-30 16:47:00,84418.0,84473.58,84418.0,84450.01,10.51546
2026-09-30 16:48:00,84450.0,84450.0,84370.09,84381.61,5.65862
2026-09-30 16:49:00,84381.6,84385.64,84360.0,84371.49,4.96615
2026-09-30 16:50:00,84371.49,84410.33,84371.49,84386.64,8.52346
2026-09-30 16:51:00,84386.63,84386.64,84351.79,84351.8,8.98936
2026-09-30 16:52:00,84351.8,84386.64,84340.29,84361.59,5.32785
2026-09-30 16:53:00,84361.6,84364.01,84348.33,84357.98,3.33973
2026-09-30 16:54:00,84357.99,84371.5,84351.27,84351.28,6.0204
2026-09-30 16:55:00,84351.28,84360.01,84325.75,84327.11,6.56592
2026-09-30 16:56:00,84327.11,84348.01,84309.42,84309.43,7.3802
2026-09-30 16:57:00,84309.42,84323.6,84309.42,84323.6,3.29429
2026-09-30 16:58:00,84323.59,84348.01,84322.0,84322.01,10.62577
2026-09-30 16:59:00,84322.01,84349.44,84322.0,84349.44,12.33632
2026-09-30 17:00:00,84349.44,84356.02,84320.29,84324.01,8.53399
2026-09-30 17:01:00,84324.01,84330.0,84320.3,84329.99,14.63261
2026-09-30 17:02:00,84329.99,84330.0,84308.01,84308.01,13.51163
2026-09-30 17:03:00,84308.0,84334.01,84294.11,84334.0,6.31002
2026-09-30 17:04:00,84334.01,84353.9,84283.57,84283.57,16.13818
2026-09-30 17:05:00,84283.58,84335.87,84283.57,84316.46,10.3385
2026-09-30 17:06:00,84316.47,84336.36,84300.0,84325.94,15.00925
2026-09-30 17:07:00,84325.94,84363.4,84325.94,84350.01,14.12929
2026-09-30 17:08:00,84350.0,84435.26,84350.0,84411.74,11.52655
2026-09-30 17:09:00,84411.75,84425.95,84310.0,84334.0,18.01326
2026-09-30 17:10:00,84334.01,84358.01,84334.0,84347.29,2.87296
2026-09-30 17:11:00,84347.29,84354.01,84293.97,84293.98,4.91325
2026-09-30 17:12:00,84293.97,84311.57,84293.97,84301.5,2.58965
2026-09-30 17:13:00,84301.5,84342.42,84281.99,84306.0,14.35958
2026-09-30 17:14:00,84306.0,84340.08,84298.0,84298.01,5.1479
2026-09-30 17:15:00,84298.0,84298.01,84185.36,84185.37,13.1271
2026-09-30 17:16:00,84185.36,84192.01,84174.0,84183.72,7.32517
2026-09-30 17:17:00,84183.72,84196.0,84161.58,84188.0,9.608
2026-09-30 17:18:00,84188.01,84256.0,84186.01,84236.8,21.97553
2026-09-30 17:19:00,84236.79,84236.8,84160.9,84160.91,4.80724
2026-09-30 17:20:00,84160.91,84166.01,84124.0,84138.0,9.87292
2026-09-30 17:21:00,84138.0,84200.0,84138.0,84190.01,4.82928
2026-09-30 17:22:00,84190.01,84190.01,84120.0,84120.0,4.48878
2026-09-30 17:23:00,84120.0,84120.01,84096.1,84112.01,6.22496
2026-09-30 17:24:00,84112.0,84136.45,84112.0,84130.0,4.50514
2026-09-30 17:25:00,84130.0,84130.01,84090.0,84090.0,5.44236
2026-09-30 17:26:00,84090.01,84090.01,84016.0,84016.01,15.87813
2026-09-30 17:27:00,84016.01,84128.01,84016.0,84128.01,9.37692
2026-09-30 17:28:00,84128.01,84146.75,84114.0,84138.68,7.80491
2026-09-30 17:29:00,84138.67,84217.37,84138.67,84217.37,8.82405
2026-09-30 17:30:00,84217.36,84217.36,84162.0,84164.01,3.90199
2026-09-30 17:31:00,84164.01,84166.01,84095.98,84106.01,9.40242
2026-09-30 17:32:00,84106.01,84140.0,84095.59,84102.01,12.21361
2026-09-30 17:33:00,84102.01,84104.01,84085.05,84092.35,16.70012
2026-09-30 17:34:00,84092.35,84092.36,84048.0,84048.01,16.22711
2026-09-30 17:35:00,84048.0,84066.01,84028.0,84037.32,7.10555
2026-09-30 17:36:00,84037.33,84085.03,84030.0,84034.01,17.16988
2026-09-30 17:37:00,84034.0,84034.01,83923.71,83923.72,45.03112
2026-09-30 17:38:00,83923.72,84017.16,83923.72,84017.16,10.18194
2026-09-30 17:39:00,84017.15,84042.01,84008.0,84008.01,4.76469
2026-09-30 17:40:00,84008.01,84014.87,83982.0,84014.86,4.68404
2026-09-30 17:41:00,84014.86,84022.25,84004.0,84022.25,3.7735
2026-09-30 17:42:00,84022.24,84038.01,84010.0,84038.0,13.17647
2026-09-30 17:43:00,84038.01,84055.6,84038.01,84046.01,2.8277
2026-09-30 17:44:00,84046.01,84046.01,84008.0,84008.0,7.6961
2026-09-30 17:45:00,84008.0,84014.01,83980.0,84014.0,4.69879
2026-09-30 17:46:00,84014.0,84053.11,84014.0,84053.11,5.71976
2026-09-30 17:47:00,84053.11,84158.01,84053.11,84056.01,21.55654
2026-09-30 17:48:00,84056.0,84115.66,84053.74,84115.65,4.88451
2026-09-30 17:49:00,84115.65,84115.66,84086.0,84104.99,5.38055
2026-09-30 17:50:00,84104.99,84138.16,84104.98,84119.83,7.18181
2026-09-30 17:51:00,84119.08,84119.08,84094.0,84094.01,3.99165
2026-09-30 17:52:00,84094.0,84094.0,84046.0,84046.0,4.32421
2026-09-30 17:53:00,84046.0,84046.0,84032.11,84032.12,1.36739
2026-09-30 17:54:00,84032.11,84043.22,84031.48,84031.49,3.21241
2026-09-30 17:55:00,84031.48,84031.49,84000.7,84026.01,8.25023
2026-09-30 17:56:00,84026.01,84026.01,84015.62,84015.62,7.32899
2026-09-30 17:57:00,84015.63,84015.63,84006.72,84006.73,3.9502
2026-09-30 17:58:00,84006.73,84035.36,84006.72,84035.35,10.09226
2026-09-30 17:59:00,84035.36,84050.15,84031.46,84031.46,33.76306
2026-09-30 18:00:00,84031.47,84078.55,84016.0,84040.01,13.81767
2026-09-30 18:01:00,84040.01,84043.1,83991.77,83991.78,4.76301
2026-09-30 18:02:00,83991.77,83991.8,83950.3,83952.0,8.24206
2026-09-30 18:03:00,83952.0,84014.01,83952.0,83978.36,10.22246
2026-09-30 18:04:00,83978.36,84042.71,83967.38,84040.04,16.59578
2026-09-30 18:05:00,84040.04,84040.04,83986.0,83986.0,4.07792
2026-09-30 18:06:00,83986.0,83986.0,83930.15,83952.8,9.15567
2026-09-30 18:07:00,83952.81,83994.01,83952.0,83994.01,4.58796
2026-09-30 18:08:00,83994.01,84026.01,83968.0,84026.0,8.2822
2026-09-30 18:09:00,84026.01,84066.01,84012.0,84066.0,6.64189
2026-09-30 18:10:00,84066.01,84066.01,84026.0,84026.01,5.06422
2026-09-30 18:11:00,84026.0,84066.01,84026.0,84066.01,4.7001
2026-09-30 18:12:00,84066.01,84070.01,84048.0,84070.0,3.41823
2026-09-30 18:13:00,84070.0,84070.01,84045.01,84045.02,1.81005
2026-09-30 18:14:00,84045.01,84062.25,84006.0,84006.0,18.68915
2026-09-30 18:15:00,84006.0,84024.65,83990.0,84000.01,10.6207
2026-09-30 18:16:00,84000.0,84020.46,84000.0,84000.0,5.74519
2026-09-30 18:17:00,84000.0,84000.0,83978.0,83978.01,2.76269
2026-09-30 18:18:00,83978.01,84000.01,83946.0,84000.0,5.88028
2026-09-30 18:19:00,84000.01,84000.01,83968.0,83982.15,12.66664
2026-09-30 18:20:00,83982.16,83998.01,83982.16,83996.51,4.57297
2026-09-30 18:21:00,83996.5,83996.51,83939.04,83946.02,8.34707
2026-09-30 18:22:00,83946.02,83962.02,83946.02,83958.01,1.5599
2026-09-30 18:23:00,83958.01,83958.01,83914.0,83914.0,6.40672
2026-09-30 18:24:00,83914.01,83928.01,83896.0,83900.37,5.04694
2026-09-30 18:25:00,83900.38,83900.38,83876.0,83880.99,7.1976
2026-09-30 18:26:00,83880.99,83908.92,83880.99,83907.56,19.60055
2026-09-30 18:27:00,83907.57,83907.57,83897.99,83897.99,8.25341
2026-09-30 18:28:00,83897.99,83914.01,83897.99,83904.69,10.81432
2026-09-30 18:29:00,83904.69,83919.82,83900.76,83919.81,4.90064
2026-09-30 18:30:00,83919.81,83945.46,83904.0,83945.46,9.56853
2026-09-30 18:31:00,83945.46,83945.46,83886.56,83886.57,4.22937
2026-09-30 18:32:00,83886.56,83886.56,83868.78,83868.79,9.67257
2026-09-30 18:33:00,83868.79,83883.65,83850.0,83880.0,9.20195
2026-09-30 18:34:00,83879.99,83879.99,83850.0,83864.0,4.46509
2026-09-30 18:35:00,83864.01,83864.01,83828.12,83828.12,5.18314
2026-09-30 18:36:00,83828.12,83834.27,83816.94,83816.94,4.85068
2026-09-30 18:37:00,83816.95,83816.95,83811.95,83811.96,4.83915
2026-09-30 18:38:00,83811.95,83827.8,83810.93,83827.8,3.9029
2026-09-30 18:39:00,83827.8,83829.29,83817.03,83817.04,9.8042
2026-09-30 18:40:00,83817.04,83862.87,83814.73,83862.01,14.22894
2026-09-30 18:41:00,83862.01,83862.01,83832.2,83847.98,4.79692
2026-09-30 18:42:00,83847.98,83849.03,83837.57,83849.03,1.57117
2026-09-30 18:43:00,83849.02,83876.01,83849.02,83870.01,7.0147
2026-09-30 18:44:00,83870.01,83877.21,83854.46,83854.46,2.09094
2026-09-30 18:45:00,83854.46,83854.47,83821.42,83829.21,2.79848
2026-09-30 18:46:00,83829.2,83843.0,83825.08,83827.0,2.7275
2026-09-30 18:47:00,83826.99,83827.0,83821.42,83821.42,4.24707
2026-09-30 18:48:00,83821.42,83821.42,83792.98,83792.99,3.71099
2026-09-30 18:49:00,83792.98,83866.88,83792.98,83866.88,30.798
2026-09-30 18:50:00,83866.87,83937.6,83866.87,83907.16,10.99918
2026-09-30 18:51:00,83907.15,83920.52,83898.0,83919.26,5.13149
2026-09-30 18:52:00,83919.26,83933.97,83884.0,83933.97,12.28111
2026-09-30 18:53:00,83933.96,83950.3,83904.85,83904.86,8.90295
2026-09-30 18:54:00,83904.85,83928.99,83899.02,83928.98,2.99536
2026-09-30 18:55:00,83928.99,83938.89,83922.0,83938.88,1.92443
2026-09-30 18:56:00,83938.88,83964.0,83936.0,83963.98,3.23547
2026-09-30 18:57:00,83963.97,83963.98,83939.95,83958.61,3.13457
2026-09-30 18:58:00,83958.61,83986.01,83954.57,83986.0,6.61251
2026-09-30 18:59:00,83986.0,83986.01,83950.0,83950.0,2.76698
2026-09-30 19:00:00,83950.01,83958.01,83903.7,83903.71,3.85642
2026-09-30 19:01:00,83903.7,83926.01,83886.21,83890.0,8.65378
2026-09-30 19:02:00,83890.0,83921.24,83878.0,83921.23,4.3232
2026-09-30 19:03:00,83921.24,83935.01,83916.28,83920.01,4.83728
2026-09-30 19:04:00,83920.0,83923.71,83908.0,83922.0,4.47628
2026-09-30 19:05:00,83922.0,83943.11,83892.0,83892.0,9.22722
2026-09-30 19:06:00,83892.0,83893.36,83876.03,83878.0,3.29513
2026-09-30 19:07:00,83878.0,83890.01,83878.0,83890.01,2.86214
2026-09-30 19:08:00,83890.0,83890.01,83838.0,83838.0,6.36018
2026-09-30 19:09:00,83838.0,83838.0,83824.0,83824.0,2.07575
2026-09-30 19:10:00,83824.0,83824.0,83792.98,83792.98,3.35221
2026-09-30 19:11:00,83792.98,83792.99,83776.0,83778.49,2.23963
2026-09-30 19:12:00,83778.5,83778.5,83728.65,83759.97,9.74135
2026-09-30 19:13:00,83759.97,83773.37,83749.99,83767.14,3.55932
2026-09-30 19:14:00,83767.15,83784.01,83756.0,83760.0,7.49242
2026-09-30 19:15:00,83760.0,83760.0,83721.0,83721.0,11.00766
2026-09-30 19:16:00,83721.01,83721.01,83708.0,83708.01,15.64237
2026-09-30 19:17:00,83708.0,83708.0,83613.8,83660.0,16.54027
2026-09-30 19:18:00,83660.0,83698.01,83644.0,83698.0,23.42891
2026-09-30 19:19:00,83698.0,83760.45,83698.0,83760.45,24.29181
2026-09-30 19:20:00,83760.45,83760.45,83732.0,83732.67,2.93108
2026-09-30 19:21:00,83732.66,83779.91,83732.66,83749.34,6.25077
2026-09-30 19:22:00,83749.34,83749.34,83730.0,83733.97,4.88257
2026-09-30 19:23:00,83733.98,83733.98,83710.0,83710.0,4.44526
2026-09-30 19:24:00,83710.01,83711.1,83696.1,83711.08,8.72434
2026-09-30 19:25:00,83711.09,83739.7,83708.0,83739.7,5.53974
2026-09-30 19:26:00,83739.7,83786.01,83739.7,83740.0,5.65063
2026-09-30 19:27:00,83740.0,83754.71,83740.0,83754.71,6.16834
2026-09-30 19:28:00,83754.7,83784.02,83754.7,83783.97,4.45189
2026-09-30 19:29:00,83783.97,83785.89,83749.24,83749.24,4.24349
2026-09-30 19:30:00,83749.24,83799.54,83749.24,83799.54,6.10586
2026-09-30 19:31:00,83799.54,83834.01,83799.53,83825.95,8.03928
2026-09-30 19:32:00,83825.95,83835.62,83822.0,83835.61,2.08838
2026-09-30 19:33:00,83835.62,83864.01,83835.61,83864.01,5.88788
2026-09-30 19:34:00,83864.01,83876.49,83832.02,83858.01,12.20256
2026-09-30 19:35:00,83858.02,83887.17,83852.76,83866.82,5.47081
2026-09-30 19:36:00,83866.83,83866.83,83864.67,83864.68,0.59803
2026-09-30 19:37:00,83864.68,83903.55,83864.67,83901.94,7.06945
2026-09-30 19:38:00,83901.94,83940.6,83901.93,83938.01,5.52338
2026-09-30 19:39:00,83938.0,83938.01,83888.22,83915.32,7.38831
2026-09-30 19:40:00,83915.31,83915.32,83858.0,83858.0,3.45656
2026-09-30 19:41:00,83858.0,83882.26,83848.0,83858.01,5.09411
2026-09-30 19:42:00,83858.01,83870.5,83833.21,83833.21,2.68345
2026-09-30 19:43:00,83833.22,83839.88,83824.0,83824.0,2.82412
2026-09-30 19:44:00,83824.01,83825.85,83824.0,83824.02,1.19593
2026-09-30 19:45:00,83824.01,83824.02,83816.94,83816.95,0.9861
2026-09-30 19:46:00,83816.94,83824.01,83816.94,83816.95,3.1157
2026-09-30 19:47:00,83816.94,83834.23,83721.62,83721.63,29.91511
2026-09-30 19:48:00,83721.62,83784.41,83688.0,83688.01,27.34737
2026-09-30 19:49:00,83688.01,83700.0,83686.0,83699.99,3.47559
2026-09-30 19:50:00,83699.99,83718.01,83646.82,83646.82,13.58245
2026-09-30 19:51:00,83646.82,83646.83,83541.32,83552.29,27.57934
2026-09-30 19:52:00,83552.28,83598.62,83529.41,83539.87,14.80001
2026-09-30 19:53:00,83539.87,83600.34,83510.0,83512.53,16.64179
2026-09-30 19:54:00,83512.53,83552.01,83508.61,83516.01,11.45258
2026-09-30 19:55:00,83516.0,83598.01,83503.18,83598.01,10.65382
2026-09-30 19:56:00,83598.0,83610.01,83560.91,83569.93,25.01128
2026-09-30 19:57:00,83569.92,83569.93,83556.0,83569.89,4.55706
2026-09-30 19:58:00,83569.9,83583.85,83564.0,83583.84,2.56061
2026-09-30 19:59:00,83583.84,83618.01,83583.84,83603.16,14.51094
2026-09-30 20:00:00,83603.16,83670.0,83592.24,83620.95,25.27888
2026-09-30 20:01:00,83620.94,83620.94,83548.0,83598.0,13.2925
2026-09-30 20:02:00,83598.0,83608.01,83550.0,83565.81,11.93757
2026-09-30 20:03:00,83565.81,83596.01,83560.0,83596.01,6.97304
2026-09-30 20:04:00,83596.01,83619.34,83560.03,83592.0,8.54211
2026-09-30 20:05:00,83592.0,83613.98,83586.0,83600.93,5.52367
2026-09-30 20:06:00,83600.94,83620.01,83530.11,83588.0,24.11581
2026-09-30 20:07:00,83588.0,83614.01,83588.0,83614.01,9.11227
2026-09-30 20:08:00,83614.01,83614.01,83598.0,83598.01,2.90252
2026-09-30 20:09:00,83598.01,83621.67,83590.99,83590.99,40.5909
2026-09-30 20:10:00,83590.99,83630.9,83590.99,83630.9,4.97007
2026-09-30 20:11:00,83630.9,83664.01,83625.44,83625.45,8.33633
2026-09-30 20:12:00,83625.44,83625.45,83625.44,83625.44,1.65531
2026-09-30 20:13:00,83625.44,83625.45,83612.06,83624.02,4.38433
2026-09-30 20:14:00,83624.01,83655.75,83624.01,83655.74,8.49905
2026-09-30 20:15:00,83655.75,83655.75,83639.45,83639.45,1.59359
2026-09-30 20:16:00,83639.45,83639.46,83617.04,83617.05,3.76853
2026-09-30 20:17:00,83617.05,83617.05,83608.0,83608.0,1.06972
2026-09-30 20:18:00,83608.0,83616.01,83601.64,83609.15,13.68973
2026-09-30 20:19:00,83609.14,83657.76,83609.14,83657.76,48.58998
2026-09-30 20:20:00,83657.76,83675.32,83657.75,83663.6,19.54615
2026-09-30 20:21:00,83663.59,83684.01,83660.01,83684.01,2.6859
2026-09-30 20:22:00,83684.01,83712.93,83684.01,83712.93,6.46114
2026-09-30 20:23:00,83712.93,83731.15,83712.93,83731.15,1.77743
2026-09-30 20:24:00,83731.15,83746.01,83717.02,83726.01,5.25233
2026-09-30 20:25:00,83726.01,83746.01,83726.01,83746.01,3.0182
2026-09-30 20:26:00,83746.01,83746.83,83746.0,83746.82,1.44911
2026-09-30 20:27:00,83746.82,83768.0,83746.82,83767.62,4.75516
2026-09-30 20:28:00,83767.63,83767.63,83748.0,83750.0,1.86221
2026-09-30 20:29:00,83750.0,83771.16,83725.98,83725.99,17.15959
2026-09-30 20:30:00,83725.99,83725.99,83707.3,83707.3,2.1582
2026-09-30 20:31:00,83707.3,83707.3,83664.0,83664.01,3.38103
2026-09-30 20:32:00,83664.01,83664.01,83649.82,83658.13,11.84916
2026-09-30 20:33:00,83658.14,83670.01,83651.36,83659.73,8.42102
2026-09-30 20:34:00,83659.73,83675.02,83636.59,83648.01,12.55823
2026-09-30 20:35:00,83648.01,83695.53,83648.01,83676.01,6.79958
2026-09-30 20:36:00,83676.01,83676.01,83664.32,83664.33,2.63582
2026-09-30 20:37:00,83664.32,83688.01,83648.04,83688.01,4.44497
2026-09-30 20:38:00,83688.0,83703.75,83688.0,83700.0,1.86819
2026-09-30 20:39:00,83700.0,83732.47,83700.0,83723.63,7.42515
2026-09-30 20:40:00,83723.64,83730.78,83723.63,83730.77,1.29175
2026-09-30 20:41:00,83730.77,83730.78,83717.94,83728.91,2.77182
2026-09-30 20:42:00,83728.92,83728.92,83695.0,83695.0,3.27679
2026-09-30 20:43:00,83695.0,83695.01,83686.0,83689.41,2.29572
2026-09-30 20:44:00,83689.41,83689.41,83689.4,83689.4,0.61915
2026-09-30 20:45:00,83689.4,83695.01,83686.0,83695.01,1.0775
2026-09-30 20:46:00,83695.01,83695.01,83681.21,83681.21,1.27738
2026-09-30 20:47:00,83681.22,83684.46,83678.25,83684.45,1.5421
2026-09-30 20:48:00,83684.46,83684.46,83672.07,83672.08,1.5717
2026-09-30 20:49:00,83672.07,83672.08,83640.02,83658.01,2.80437
2026-09-30 20:50:00,83658.01,83666.01,83650.0,83666.0,1.43015
2026-09-30 20:51:00,83666.01,83694.01,83666.0,83694.01,1.4194
2026-09-30 20:52:00,83694.01,83719.81,83694.0,83719.8,2.23319
2026-09-30 20:53:00,83719.81,83719.81,83716.0,83716.0,1.88705
2026-09-30 20:54:00,83716.0,83716.01,83702.38,83702.38,2.31898
2026-09-30 20:55:00,83702.39,83702.39,83672.0,83672.0,2.66721
2026-09-30 20:56:00,83672.01,83672.01,83652.8,83652.81,1.21249
2026-09-30 20:57:00,83652.81,83652.81,83638.38,83641.06,4.77229
2026-09-30 20:58:00,83641.06,83651.47,83641.06,83651.4,5.95935
2026-09-30 20:59:00,83651.39,83674.01,83651.39,83673.99,7.32633
2026-09-30 21:00:00,83673.99,83715.64,83673.99,83715.63,3.00539
2026-09-30 21:01:00,83715.64,83739.7,83707.66,83707.66,7.78182
2026-09-30 21:02:00,83707.66,83711.9,83696.01,83708.8,4.08845
2026-09-30 21:03:00,83708.81,83754.01,83708.8,83752.87,4.00598
2026-09-30 21:04:00,83752.87,83759.72,83752.87,83759.71,2.36873
2026-09-30 21:05:00,83759.71,83759.72,83744.0,83744.0,1.46616
2026-09-30 21:06:00,83744.0,83744.01,83735.08,83744.0,2.10753
2026-09-30 21:07:00,83744.01,83747.47,83740.0,83740.01,4.59781
2026-09-30 21:08:00,83740.0,83740.01,83728.94,83732.69,1.88041
2026-09-30 21:09:00,83732.69,83746.67,83730.42,83746.67,6.93398
2026-09-30 21:10:00,83746.67,83775.04,83746.67,83749.99,19.06153
2026-09-30 21:11:00,83749.99,83764.3,83734.05,83764.3,9.14091
2026-09-30 21:12:00,83764.3,83808.82,83764.29,83786.01,13.46963
2026-09-30 21:13:00,83786.01,83786.01,83756.0,83756.0,13.31648
2026-09-30 21:14:00,83756.01,83774.48,83756.0,83766.01,11.89722
2026-09-30 21:15:00,83766.01,83766.02,83744.0,83744.0,5.51675
2026-09-30 21:16:00,83744.0,83777.99,83734.87,83777.98,10.7076
2026-09-30 21:17:00,83777.99,83786.0,83777.98,83785.99,3.23617
2026-09-30 21:18:00,83785.99,83818.83,83785.99,83810.74,7.06767
2026-09-30 21:19:00,83810.74,83813.06,83790.0,83790.0,2.25127
2026-09-30 21:20:00,83790.01,83790.57,83790.0,83790.57,1.92933
2026-09-30 21:21:00,83790.58,83791.92,83786.7,83786.71,1.90192
2026-09-30 21:22:00,83786.7,83786.7,83780.0,83780.01,1.66838
2026-09-30 21:23:00,83780.0,83780.01,83780.0,83780.01,2.12686
2026-09-30 21:24:00,83780.0,83780.01,83727.02,83727.03,18.29807
2026-09-30 21:25:00,83727.03,83741.29,83727.02,83727.82,4.06881
2026-09-30 21:26:00,83727.82,83749.47,83727.81,83749.46,2.06024
2026-09-30 21:27:00,83749.47,83752.01,83749.46,83752.0,0.70865
2026-09-30 21:28:00,83752.01,83752.01,83749.46,83749.46,4.71511
2026-09-30 21:29:00,83749.47,83749.47,83725.99,83726.0,18.52112
2026-09-30 21:30:00,83726.0,83726.0,83720.0,83725.99,22.79894
2026-09-30 21:31:00,83725.99,83750.0,83725.99,83750.0,3.52196
2026-09-30 21:32:00,83750.0,83784.01,83749.99,83757.15,10.27982
2026-09-30 21:33:00,83757.16,83768.01,83757.15,83768.0,2.26096
2026-09-30 21:34:00,83768.01,83785.89,83768.0,83785.88,2.66416
2026-09-30 21:35:00,83785.88,83798.89,83785.88,83798.89,1.55826
2026-09-30 21:36:00,83798.88,83816.05,83798.88,83816.04,2.65832
2026-09-30 21:37:00,83816.04,83816.04,83788.0,83788.0,4.24931
2026-09-30 21:38:00,83788.01,83790.01,83788.0,83789.99,4.90903
2026-09-30 21:39:00,83790.0,83790.0,83759.74,83759.74,3.8346
2026-09-30 21:40:00,83759.74,83759.75,83744.0,83759.74,2.89838
2026-09-30 21:41:00,83759.74,83759.75,83748.5,83748.5,2.67125
2026-09-30 21:42:00,83748.51,83756.89,83744.0,83744.0,1.76016
2026-09-30 21:43:00,83744.0,83747.81,83740.45,83740.45,1.1394
2026-09-30 21:44:00,83740.46,83740.46,83707.76,83708.25,7.44525
2026-09-30 21:45:00,83708.26,83717.38,83708.25,83717.37,1.70506
2026-09-30 21:46:00,83717.38,83746.08,83717.37,83746.08,1.66938
2026-09-30 21:47:00,83746.08,83749.37,83746.07,83749.36,0.60655
2026-09-30 21:48:00,83749.37,83760.01,83744.0,83744.01,2.47116
2026-09-30 21:49:00,83744.0,83748.01,83735.0,83735.0,1.20223
2026-09-30 21:50:00,83735.0,83755.96,83734.86,83750.01,2.59555
2026-09-30 21:51:00,83750.01,83750.01,83726.41,83726.42,2.19381
2026-09-30 21:52:00,83726.42,83749.22,83722.01,83741.04,7.69853
2026-09-30 21:53:00,83741.04,83755.24,83738.0,83738.0,6.69296
2026-09-30 21:54:00,83738.01,83750.01,83738.0,83750.0,3.52878
2026-09-30 21:55:00,83750.0,83750.01,83749.6,83749.6,0.81253
2026-09-30 21:56:00,83749.61,83750.01,83742.78,83750.01,1.24682
2026-09-30 21:57:00,83750.0,83757.63,83750.0,83757.62,1.37101
2026-09-30 21:58:00,83757.63,83757.73,83757.63,83757.73,0.91342
2026-09-30 21:59:00,83757.72,83757.73,83757.72,83757.72,2.8311
2026-09-30 22:00:00,83757.73,83781.79,83757.73,83772.0,2.33692
2026-09-30 22:01:00,83772.01,83772.01,83752.0,83752.36,3.31346
2026-09-30 22:02:00,83752.36,83752.37,83752.36,83752.37,2.16618
2026-09-30 22:03:00,83752.36,83752.37,83708.0,83709.01,8.08444
2026-09-30 22:04:00,83709.01,83724.01,83709.01,83711.51,6.04871
2026-09-30 22:05:00,83711.52,83718.95,83711.51,83718.94,4.37296
2026-09-30 22:06:00,83718.94,83718.94,83652.84,83652.84,13.9634
2026-09-30 22:07:00,83652.85,83652.85,83580.29,83594.01,15.62846
2026-09-30 22:08:00,83594.01,83619.99,83590.92,83607.82,6.80725
2026-09-30 22:09:00,83607.83,83607.83,83600.52,83606.0,3.67608
2026-09-30 22:10:00,83606.0,83641.91,83606.0,83641.9,4.13875
2026-09-30 22:11:00,83641.91,83654.62,83641.9,83654.61,0.93038
2026-09-30 22:12:00,83654.61,83669.11,83654.61,83669.11,1.96815
2026-09-30 22:13:00,83669.11,83697.39,83669.1,83697.38,1.18173
2026-09-30 22:14:00,83697.38,83728.69,83697.38,83728.69,1.94967
2026-09-30 22:15:00,83728.69,83739.7,83728.68,83739.7,1.46569
2026-09-30 22:16:00,83739.7,83744.01,83739.69,83744.0,0.78396
2026-09-30 22:17:00,83744.01,83751.72,83744.0,83751.72,2.22619
2026-09-30 22:18:00,83751.72,83759.75,83714.71,83735.72,13.08292
2026-09-30 22:19:00,83735.72,83739.7,83735.71,83739.69,0.42474
2026-09-30 22:20:00,83739.7,83739.7,83736.66,83736.67,1.10519
2026-09-30 22:21:00,83736.67,83736.67,83736.0,83736.0,0.56593
2026-09-30 22:22:00,83736.0,83744.92,83735.75,83744.91,3.25511
2026-09-30 22:23:00,83744.91,83767.87,83744.91,83767.86,1.92292
2026-09-30 22:24:00,83767.87,83767.87,83767.86,83767.87,0.36838
2026-09-30 22:25:00,83767.87,83800.0,83767.86,83800.0,11.48706
2026-09-30 22:26:00,83800.0,83810.26,83799.99,83810.01,1.9702
2026-09-30 22:27:00,83810.0,83810.01,83808.38,83808.39,4.4868
2026-09-30 22:28:00,83808.38,83809.44,83808.38,83809.44,0.86872
2026-09-30 22:29:00,83809.44,83824.01,83809.43,83824.01,7.04151
2026-09-30 22:30:00,83824.0,83825.0,83816.5,83822.01,1.39218
2026-09-30 22:31:00,83822.01,83845.0,83822.01,83840.97,2.27395
2026-09-30 22:32:00,83840.98,83840.98,83827.57,83827.57,1.55674
2026-09-30 22:33:00,83827.57,83830.54,83816.0,83830.53,1.55763
2026-09-30 22:34:00,83830.53,83835.42,83830.53,83835.42,1.76522
2026-09-30 22:35:00,83835.41,83835.42,83835.41,83835.41,0.76887
2026-09-30 22:36:00,83835.42,83835.42,83833.18,83833.99,1.86799
2026-09-30 22:37:00,83833.98,83834.4,83829.94,83834.4,1.50526
2026-09-30 22:38:00,83834.4,83836.33,83834.39,83836.32,2.09797
2026-09-30 22:39:00,83836.33,83836.33,83818.0,83818.0,4.35639
2026-09-30 22:40:00,83818.0,83831.39,83818.0,83831.39,2.20282
2026-09-30 22:41:00,83831.4,83835.46,83831.39,83834.52,0.80192
2026-09-30 22:42:00,83834.52,83835.46,83834.52,83835.46,0.3006
2026-09-30 22:43:00,83835.46,83835.46,83802.0,83802.0,4.03849
2026-09-30 22:44:00,83802.01,83814.01,83802.0,83810.16,11.52883
2026-09-30 22:45:00,83810.17,83822.13,83810.16,83810.66,10.52536
2026-09-30 22:46:00,83810.65,83810.65,83804.0,83804.0,1.1138
2026-09-30 22:47:00,83804.0,83804.01,83798.0,83798.01,0.30867
2026-09-30 22:48:00,83798.01,83798.01,83773.98,83775.07,10.00887
2026-09-30 22:49:00,83775.08,83775.08,83754.0,83763.05,2.93781
2026-09-30 22:50:00,83763.04,83775.56,83753.38,83753.38,1.30233
2026-09-30 22:51:00,83753.38,83753.38,83715.22,83715.23,3.72511
2026-09-30 22:52:00,83715.22,83746.01,83715.22,83746.01,2.78084
2026-09-30 22:53:00,83746.0,83746.01,83724.36,83724.36,1.38463
2026-09-30 22:54:00,83724.37,83742.01,83724.36,83730.0,1.61897
2026-09-30 22:55:00,83730.0,83754.0,83710.0,83710.01,4.0051
2026-09-30 22:56:00,83710.01,83728.01,83710.0,83728.0,2.06286
2026-09-30 22:57:00,83728.01,83739.69,83704.0,83704.01,3.15279
2026-09-30 22:58:00,83704.01,83712.01,83700.0,83706.0,1.17899
2026-09-30 22:59:00,83706.01,83706.01,83685.85,83685.85,3.15135
2026-09-30 23:00:00,83685.86,83712.56,83677.13,83712.56,3.44198
2026-09-30 23:01:00,83712.56,83738.07,83712.56,83716.0,5.17045
2026-09-30 23:02:00,83716.01,83746.01,83716.0,83746.0,3.7319
2026-09-30 23:03:00,83746.01,83774.86,83720.0,83756.01,6.58016
2026-09-30 23:04:00,83756.0,83756.01,83734.0,83734.0,1.26825
2026-09-30 23:05:00,83734.0,83744.01,83716.0,83716.0,3.09949
2026-09-30 23:06:00,83716.01,83728.01,83700.0,83700.0,1.98594
2026-09-30 23:07:00,83700.01,83706.01,83682.0,83692.01,3.43271
2026-09-30 23:08:00,83692.0,83692.0,83646.0,83646.78,5.83272
2026-09-30 23:09:00,83646.77,83668.01,83646.77,83668.01,1.666
2026-09-30 23:10:00,83668.0,83668.0,83660.0,83660.0,1.04687
2026-09-30 23:11:00,83660.0,83660.01,83636.0,83636.0,2.50488
2026-09-30 23:12:00,83636.01,83660.0,83636.0,83659.99,3.41663
2026-09-30 23:13:00,83659.99,83709.0,83659.99,83709.0,88.45475
2026-09-30 23:14:00,83709.0,83726.01,83700.63,83700.63,26.06137
2026-09-30 23:15:00,83700.64,83711.43,83682.0,83682.0,9.05771
2026-09-30 23:16:00,83682.0,83749.04,83671.02,83729.64,11.54637
2026-09-30 23:17:00,83729.63,83739.7,83716.0,83716.02,4.63567
2026-09-30 23:18:00,83716.02,83733.86,83708.01,83718.57,6.71738
2026-09-30 23:19:00,83718.57,83728.46,83718.56,83728.46,0.96045
2026-09-30 23:20:00,83728.45,83728.46,83713.35,83720.46,1.44791
2026-09-30 23:21:00,83720.47,83836.07,83720.46,83756.01,20.9653
2026-09-30 23:22:00,83756.01,83756.01,83748.0,83748.01,0.83039
2026-09-30 23:23:00,83748.01,83766.01,83743.14,83766.0,4.06274
2026-09-30 23:24:00,83766.0,83766.01,83750.44,83759.23,3.37854
2026-09-30 23:25:00,83759.22,83771.61,83759.22,83764.0,1.01251
2026-09-30 23:26:00,83764.0,83774.86,83760.0,83770.0,0.97799
2026-09-30 23:27:00,83770.0,83770.01,83762.0,83762.01,1.04725
2026-09-30 23:28:00,83762.0,83762.01,83683.16,83683.17,82.42157
2026-09-30 23:29:00,83683.17,83683.17,83661.22,83662.01,41.18731
2026-09-30 23:30:00,83662.0,83681.87,83662.0,83681.86,4.58924
2026-09-30 23:31:00,83681.86,83684.51,83640.0,83640.0,12.27261
2026-09-30 23:32:00,83640.01,83640.01,83625.12,83626.13,7.97123
2026-09-30 23:33:00,83626.14,83626.14,83523.65,83562.68,24.62573
2026-09-30 23:34:00,83562.67,83608.59,83562.67,83602.01,7.03288
2026-09-30 23:35:00,83602.0,83625.08,83597.65,83608.0,6.35673
2026-09-30 23:36:00,83608.01,83687.99,83608.01,83636.01,16.35965
2026-09-30 23:37:00,83636.0,83669.05,83632.0,83669.04,9.0225
2026-09-30 23:38:00,83669.05,83674.57,83662.34,83664.0,15.00051
2026-09-30 23:39:00,83664.01,83664.01,83649.08,83649.08,3.48246
2026-09-30 23:40:00,83649.08,83650.0,83635.63,83647.69,5.24957
2026-09-30 23:41:00,83647.68,83654.83,83647.68,83652.01,4.17869
2026-09-30 23:42:00,83652.01,83652.01,83618.0,83618.01,4.65228
2026-09-30 23:43:00,83618.01,83618.53,83612.0,83618.53,8.3286
2026-09-30 23:44:00,83618.53,83621.6,83618.52,83621.6,3.27866
2026-09-30 23:45:00,83621.59,83621.6,83588.4,83588.4,4.83057
2026-09-30 23:46:00,83588.4,83588.4,83566.0,83580.67,12.81749
2026-09-30 23:47:00,83580.66,83596.08,83574.0,83574.01,7.72215
2026-09-30 23:48:00,83574.0,83574.0,83552.0,83563.63,5.58522
2026-09-30 23:49:00,83563.64,83582.01,83563.63,83575.31,5.05258
2026-09-30 23:50:00,83575.3,83612.19,83561.26,83574.0,19.92497
2026-09-30 23:51:00,83574.01,83652.29,83572.0,83584.01,52.50381
2026-09-30 23:52:00,83584.01,83634.4,83582.01,83599.74,48.19806
2026-09-30 23:53:00,83599.74,83654.01,83599.73,83630.27,23.45805
2026-09-30 23:54:00,83630.26,83634.0,83594.01,83599.29,11.4726
2026-09-30 23:55:00,83599.29,83599.29,83594.0,83594.01,3.17937
2026-09-30 23:56:00,83594.0,83594.01,83589.2,83589.21,3.67402
2026-09-30 23:57:00,83589.21,83594.54,83580.0,83586.09,6.18533
2026-09-30 23:58:00,83586.09,83604.62,83586.08,83604.62,3.12842
2026-09-30 23:59:00,83604.62,83623.6,83604.61,83623.6,3.19407
2026-10-01 00:00:00,83623.59,83660.01,83578.0,83578.01,28.93519
2026-10-01 00:01:00,83578.01,83578.01,83550.0,83557.25,12.74545
2026-10-01 00:02:00,83557.25,83557.26,83534.01,83534.02,6.99822
2026-10-01 00:03:00,83534.02,83554.83,83534.01,83554.83,8.85496
2026-10-01 00:04:00,83554.83,83559.39,83532.75,83534.89,9.67921
2026-10-01 00:05:00,83534.89,83536.29,83534.88,83536.28,3.05033
2026-10-01 00:06:00,83536.28,83536.29,83509.43,83518.75,9.96754
2026-10-01 00:07:00,83518.75,83542.96,83518.75,83542.96,4.88351
2026-10-01 00:08:00,83542.96,83552.24,83542.95,83552.23,3.11856
2026-10-01 00:09:00,83552.23,83552.23,83483.3,83483.31,25.39466
2026-10-01 00:10:00,83483.31,83496.01,83458.15,83472.95,12.47373
2026-10-01 00:11:00,83472.94,83524.0,83472.94,83524.0,6.11309
2026-10-01 00:12:00,83524.01,83550.59,83524.0,83546.24,4.65161
2026-10-01 00:13:00,83546.25,83546.25,83546.24,83546.24,5.14941
2026-10-01 00:14:00,83546.25,83546.25,83509.05,83509.05,7.19564
2026-10-01 00:15:00,83509.04,83512.44,83482.0,83482.01,11.70985
2026-10-01 00:16:00,83482.0,83506.76,83458.16,83458.17,12.91873
2026-10-01 00:17:00,83458.17,83484.0,83458.16,83458.29,7.69781
2026-10-01 00:18:00,83458.29,83472.15,83429.8,83458.09,11.16912
2026-10-01 00:19:00,83458.09,83458.09,83443.8,83455.8,5.49785
2026-10-01 00:20:00,83455.79,83507.95,83455.79,83502.16,5.78784
2026-10-01 00:21:00,83502.16,83509.84,83487.3,83487.3,4.52702
2026-10-01 00:22:00,83487.31,83493.99,83470.01,83470.02,12.83046
2026-10-01 00:23:00,83470.02,83475.97,83460.0,83460.01,3.91533
2026-10-01 00:24:00,83460.01,83487.55,83460.0,83470.61,19.67734
2026-10-01 00:25:00,83470.62,83487.47,83466.42,83487.47,3.92547
2026-10-01 00:26:00,83487.47,83502.42,83480.0,83480.5,7.11917
2026-10-01 00:27:00,83480.51,83480.51,83480.5,83480.5,3.07081
2026-10-01 00:28:00,83480.51,83480.51,83468.4,83478.01,5.10162
2026-10-01 00:29:00,83478.01,83502.35,83478.0,83488.01,5.03029
2026-10-01 00:30:00,83488.01,83488.01,83438.72,83463.53,11.20316
2026-10-01 00:31:00,83463.53,83492.01,83446.12,83492.0,7.57343
2026-10-01 00:32:00,83492.01,83495.21,83486.0,83486.0,6.61611
2026-10-01 00:33:00,83486.0,83486.01,83470.89,83479.44,4.71406
2026-10-01 00:34:00,83479.44,83492.22,83467.99,83468.01,5.43885
2026-10-01 00:35:00,83468.0,83468.0,83464.0,83464.01,3.2673
2026-10-01 00:36:00,83464.01,83516.0,83464.0,83516.0,5.30235
2026-10-01 00:37:00,83516.01,83518.01,83501.22,83501.65,7.40506
2026-10-01 00:38:00,83501.64,83501.65,83493.89,83498.43,5.45318
2026-10-01 00:39:00,83498.42,83532.01,83498.42,83521.92,6.49938
2026-10-01 00:40:00,83521.92,83524.01,83507.03,83524.01,5.1995
2026-10-01 00:41:00,83524.01,83554.56,83515.09,83515.1,11.77797
2026-10-01 00:42:00,83515.1,83529.1,83515.09,83529.09,5.04109
2026-10-01 00:43:00,83529.09,83529.1,83524.0,83529.09,5.49779
2026-10-01 00:44:00,83529.1,83570.72,83529.1,83570.72,3.75905
2026-10-01 00:45:00,83570.71,83591.41,83550.0,83550.0,10.96072
2026-10-01 00:46:00,83550.01,83550.01,83523.06,83528.48,6.24309
2026-10-01 00:47:00,83528.48,83528.49,83504.01,83506.0,5.25338
2026-10-01 00:48:00,83506.0,83524.71,83506.0,83524.71,5.82913
2026-10-01 00:49:00,83524.71,83537.85,83524.7,83537.84,3.64053
2026-10-01 00:50:00,83537.84,83541.88,83506.0,83506.01,6.96265
2026-10-01 00:51:00,83506.01,83521.41,83487.63,83521.41,6.62718
2026-10-01 00:52:00,83521.41,83529.09,83521.41,83529.09,2.60497
2026-10-01 00:53:00,83529.08,83530.92,83506.0,83506.0,6.05943
2026-10-01 00:54:00,83506.0,83507.99,83498.16,83498.16,5.04678
2026-10-01 00:55:00,83498.17,83529.1,83498.16,83529.1,6.99715
2026-10-01 00:56:00,83529.09,83547.38,83529.09,83539.02,5.01402
2026-10-01 00:57:00,83539.03,83539.03,83539.02,83539.02,3.50331
2026-10-01 00:58:00,83539.03,83539.03,83527.13,83532.0,6.86236
2026-10-01 00:59:00,83532.01,83533.03,83509.03,83509.03,6.15238
2026-10-01 01:00:00,83509.03,83520.74,83500.0,83510.65,9.77322
2026-10-01 01:01:00,83510.65,83524.76,83500.0,83500.01,7.90245
2026-10-01 01:02:00,83500.01,83560.6,83500.0,83542.01,7.42454
2026-10-01 01:03:00,83542.0,83583.52,83512.57,83512.57,17.81229
2026-10-01 01:04:00,83512.56,83541.34,83512.56,83533.06,5.18982
2026-10-01 01:05:00,83533.06,83587.72,83533.06,83587.72,14.77854
2026-10-01 01:06:00,83587.71,83590.0,83587.71,83590.0,4.57434
2026-10-01 01:07:00,83590.0,83614.01,83589.99,83595.65,6.485
2026-10-01 01:08:00,83595.65,83602.64,83581.88,83602.64,7.07599
2026-10-01 01:09:00,83602.64,83613.99,83601.58,83601.58,14.40414
2026-10-01 01:10:00,83601.59,83601.59,83585.8,83585.81,5.70272
2026-10-01 01:11:00,83585.8,83585.81,83558.0,83565.91,6.6889
2026-10-01 01:12:00,83565.92,83587.96,83565.92,83587.96,3.30969
2026-10-01 01:13:00,83588.01,83607.46,83588.01,83607.46,4.46036
2026-10-01 01:14:00,83607.46,83613.99,83590.0,83590.0,8.46807
2026-10-01 01:15:00,83590.0,83590.0,83533.06,83590.0,13.48229
2026-10-01 01:16:00,83590.01,83596.01,83588.0,83590.01,2.24735
2026-10-01 01:17:00,83590.01,83636.79,83590.0,83632.89,7.04946
2026-10-01 01:18:00,83632.89,83652.79,83632.89,83644.42,6.83089
2026-10-01 01:19:00,83644.41,83666.01,83642.67,83642.68,8.79148
2026-10-01 01:20:00,83642.67,83682.01,83637.25,83682.01,10.80333
2026-10-01 01:21:00,83682.0,83692.0,83652.0,83652.01,10.86044
2026-10-01 01:22:00,83652.0,83652.01,83634.99,83640.01,4.65306
2026-10-01 01:23:00,83640.01,83670.01,83640.01,83670.0,4.48743
2026-10-01 01:24:00,83670.01,83673.99,83654.35,83671.68,9.73656
2026-10-01 01:25:00,83671.68,83671.68,83671.67,83671.68,0.43758
2026-10-01 01:26:00,83671.68,83676.01,83671.67,83676.01,2.56577
2026-10-01 01:27:00,83676.01,83676.01,83658.0,83658.0,3.04419
2026-10-01 01:28:00,83658.0,83658.0,83648.74,83648.74,1.80796
2026-10-01 01:29:00,83648.75,83648.75,83635.0,83635.01,1.36523
2026-10-01 01:30:00,83635.01,83635.01,83564.0,83564.0,3.86279
2026-10-01 01:31:00,83564.0,83564.0,83500.03,83511.41,10.17286
2026-10-01 01:32:00,83511.4,83564.01,83511.4,83564.01,4.41743
2026-10-01 01:33:00,83564.0,83580.01,83560.75,83560.75,2.56921
2026-10-01 01:34:00,83560.75,83574.01,83560.75,83574.01,1.49938
2026-10-01 01:35:00,83574.0,83574.01,83516.73,83517.14,5.86704
2026-10-01 01:36:00,83517.14,83517.93,83500.0,83500.0,9.28652
2026-10-01 01:37:00,83500.01,83510.01,83482.2,83510.0,13.41926
2026-10-01 01:38:00,83510.0,83552.21,83501.9,83552.21,4.96349
2026-10-01 01:39:00,83552.2,83560.54,83552.2,83560.54,1.71483
2026-10-01 01:40:00,83560.54,83598.01,83560.53,83598.01,1.93127
2026-10-01 01:41:00,83598.01,83600.58,83552.0,83552.0,5.16018
2026-10-01 01:42:00,83552.01,83598.01,83552.0,83598.01,3.73119
2026-10-01 01:43:00,83598.0,83612.29,83598.0,83610.0,2.14008
2026-10-01 01:44:00,83610.01,83610.01,83600.52,83600.53,1.41902
2026-10-01 01:45:00,83600.52,83609.99,83568.01,83568.02,3.26617
2026-10-01 01:46:00,83568.02,83568.02,83550.0,83550.0,4.75251
2026-10-01 01:47:00,83550.0,83550.01,83533.89,83545.32,10.1604
2026-10-01 01:48:00,83545.32,83545.33,83544.48,83544.48,1.71205
2026-10-01 01:49:00,83544.49,83554.01,83512.0,83512.0,6.90019
2026-10-01 01:50:00,83512.01,83566.01,83512.0,83566.0,4.04685
2026-10-01 01:51:00,83566.01,83568.37,83550.0,83568.36,7.4028
2026-10-01 01:52:00,83568.37,83571.63,83522.0,83529.1,4.06692
2026-10-01 01:53:00,83529.09,83540.1,83512.0,83540.09,3.47008
2026-10-01 01:54:00,83540.1,83542.01,83536.0,83542.01,1.78781
2026-10-01 01:55:00,83542.0,83556.9,83524.36,83556.82,4.3518
2026-10-01 01:56:00,83556.82,83566.87,83556.82,83558.01,3.54981
2026-10-01 01:57:00,83558.0,83558.0,83530.0,83530.0,2.13954
2026-10-01 01:58:00,83530.0,83530.01,83520.0,83520.0,0.83823
2026-10-01 01:59:00,83520.0,83520.01,83518.07,83518.07,0.6346
2026-10-01 02:00:00,83518.07,83564.01,83518.07,83560.01,4.41968
2026-10-01 02:01:00,83560.01,83567.63,83560.0,83562.0,1.65301
2026-10-01 02:02:00,83562.01,83562.01,83528.0,83528.0,3.45073
2026-10-01 02:03:00,83528.01,83528.01,83519.65,83519.65,2.01547
2026-10-01 02:04:00,83519.65,83532.01,83508.67,83527.2,4.82306
2026-10-01 02:05:00,83527.2,83570.01,83527.2,83551.64,6.27478
2026-10-01 02:06:00,83551.64,83580.01,83544.08,83568.01,6.54966
2026-10-01 02:07:00,83568.0,83568.0,83530.0,83558.0,6.57795
2026-10-01 02:08:00,83558.01,83634.4,83558.01,83634.39,4.6767
2026-10-01 02:09:00,83634.39,83634.4,83626.0,83628.0,1.90431
2026-10-01 02:10:00,83628.01,83634.01,83618.0,83629.54,3.04038
2026-10-01 02:11:00,83629.54,83648.01,83622.0,83648.01,4.21367
2026-10-01 02:12:00,83648.01,83668.01,83640.0,83640.01,3.33301
2026-10-01 02:13:00,83640.01,83643.8,83628.0,83628.0,3.32168
2026-10-01 02:14:00,83628.01,83628.01,83600.0,83600.01,2.78553
2026-10-01 02:15:00,83600.01,83600.01,83581.73,83581.74,2.80284
2026-10-01 02:16:00,83581.74,83591.64,83568.01,83568.01,4.48182
2026-10-01 02:17:00,83568.01,83588.01,83568.01,83573.78,5.53778
2026-10-01 02:18:00,83573.77,83573.77,83520.0,83520.0,5.00695
2026-10-01 02:19:00,83520.0,83520.01,83514.0,83520.01,2.95577
2026-10-01 02:20:00,83520.01,83520.01,83468.0,83494.0,19.48245
2026-10-01 02:21:00,83494.01,83494.01,83457.48,83457.49,7.46253
2026-10-01 02:22:00,83457.48,83538.0,83457.48,83492.0,17.00219
2026-10-01 02:23:00,83492.01,83534.01,83492.0,83520.01,6.13316
2026-10-01 02:24:00,83520.01,83528.01,83512.0,83512.0,1.93883
2026-10-01 02:25:00,83512.0,83512.0,83446.02,83446.03,5.03442
2026-10-01 02:26:00,83446.03,83446.03,83439.0,83439.01,2.70143
2026-10-01 02:27:00,83439.01,83450.01,83425.82,83425.83,5.44387
2026-10-01 02:28:00,83425.82,83478.94,83425.82,83478.94,17.91638
2026-10-01 02:29:00,83478.94,83541.32,83478.94,83541.31,3.31595
2026-10-01 02:30:00,83541.32,83596.5,83541.31,83557.84,16.68233
2026-10-01 02:31:00,83557.84,83564.01,83538.0,83546.46,7.82038
2026-10-01 02:32:00,83546.46,83590.01,83546.45,83583.49,5.09308
2026-10-01 02:33:00,83583.49,83583.5,83558.01,83558.01,6.34124
2026-10-01 02:34:00,83558.01,83558.01,83520.0,83541.38,12.66269
2026-10-01 02:35:00,83541.38,83554.01,83536.03,83536.03,5.81915
2026-10-01 02:36:00,83536.03,83536.04,83500.0,83500.01,2.78385
2026-10-01 02:37:00,83500.01,83500.01,83467.6,83467.61,2.1709
2026-10-01 02:38:00,83467.6,83467.61,83441.89,83453.04,17.33229
2026-10-01 02:39:00,83453.05,83457.89,83423.92,83437.49,20.8511
2026-10-01 02:40:00,83437.49,83454.23,83432.42,83452.57,16.39889
2026-10-01 02:41:00,83452.57,83468.01,83451.88,83451.88,19.14013
2026-10-01 02:42:00,83451.89,83470.01,83448.31,83460.92,2.49471
2026-10-01 02:43:00,83460.92,83460.92,83453.71,83453.71,0.8982
2026-10-01 02:44:00,83453.72,83453.72,83447.75,83447.75,0.45026
2026-10-01 02:45:00,83447.75,83447.75,83424.96,83424.98,5.12291
2026-10-01 02:46:00,83424.98,83424.98,83424.97,83424.98,0.41483
2026-10-01 02:47:00,83424.98,83424.98,83423.8,83423.81,7.50972
2026-10-01 02:48:00,83423.81,83444.27,83423.8,83423.8,3.82221
2026-10-01 02:49:00,83423.8,83423.81,83410.39,83410.4,3.47361
2026-10-01 02:50:00,83410.4,83445.66,83410.39,83440.65,3.12545
2026-10-01 02:51:00,83439.96,83456.76,83434.21,83451.06,4.54116
2026-10-01 02:52:00,83451.06,83466.0,83451.05,83466.0,2.12324
2026-10-01 02:53:00,83466.0,83497.55,83465.99,83495.54,3.18268
2026-10-01 02:54:00,83495.55,83495.55,83490.82,83490.83,1.8973
2026-10-01 02:55:00,83490.83,83499.31,83486.0,83486.0,4.33812
2026-10-01 02:56:00,83486.0,83515.88,83486.0,83515.88,5.24237
2026-10-01 02:57:00,83515.87,83522.01,83515.87,83522.0,1.28707
2026-10-01 02:58:00,83522.01,83522.01,83504.3,83520.0,3.4275
2026-10-01 02:59:00,83520.01,83520.01,83490.78,83490.78,9.44359
2026-10-01 03:00:00,83490.78,83520.0,83484.0,83520.0,18.53398
2026-10-01 03:01:00,83519.99,83529.1,83519.99,83520.39,7.33934
2026-10-01 03:02:00,83520.39,83520.39,83502.0,83502.01,5.12297
2026-10-01 03:03:00,83502.0,83502.01,83484.16,83484.17,2.78793
2026-10-01 03:04:00,83484.17,83484.17,83455.53,83456.01,10.46793
2026-10-01 03:05:00,83456.01,83474.57,83456.0,83474.56,7.06427
2026-10-01 03:06:00,83474.56,83474.56,83424.58,83424.58,5.40414
2026-10-01 03:07:00,83424.59,83471.66,83424.58,83461.13,8.15593
2026-10-01 03:08:00,83461.14,83470.0,83461.13,83469.99,1.98043
2026-10-01 03:09:00,83469.99,83474.74,83462.74,83474.74,2.13666
2026-10-01 03:10:00,83474.73,83490.01,83474.73,83490.01,1.63859
2026-10-01 03:11:00,83490.01,83513.86,83490.01,83498.01,4.21553
2026-10-01 03:12:00,83498.01,83498.01,83491.6,83491.61,2.9128
2026-10-01 03:13:00,83491.61,83491.61,83482.0,83482.0,2.4587
2026-10-01 03:14:00,83482.0,83482.01,83474.0,83474.01,13.26164
2026-10-01 03:15:00,83474.01,83482.01,83474.0,83482.01,2.03978
2026-10-01 03:16:00,83482.01,83504.64,83480.5,83504.63,2.81825
2026-10-01 03:17:00,83504.64,83537.51,83504.63,83504.64,4.4143
2026-10-01 03:18:00,83504.64,83504.64,83473.79,83476.0,4.94673
2026-10-01 03:19:00,83476.01,83477.34,83476.0,83477.34,1.67347
2026-10-01 03:20:00,83477.33,83477.34,83462.13,83462.13,2.20304
2026-10-01 03:21:00,83462.13,83462.13,83441.07,83441.07,2.20085
2026-10-01 03:22:00,83441.07,83441.08,83441.07,83441.08,1.79838
2026-10-01 03:23:00,83441.08,83471.89,83441.07,83465.78,4.58357
2026-10-01 03:24:00,83465.79,83465.79,83448.87,83448.87,1.81763
2026-10-01 03:25:00,83448.88,83448.88,83448.87,83448.87,1.38025
2026-10-01 03:26:00,83448.88,83500.95,83448.87,83500.95,5.57922
2026-10-01 03:27:00,83500.95,83516.01,83500.95,83506.17,4.51452
2026-10-01 03:28:00,83506.18,83506.19,83506.17,83506.19,5.53871
2026-10-01 03:29:00,83506.18,83535.31,83506.18,83529.33,4.2486
2026-10-01 03:30:00,83529.32,83529.32,83498.02,83498.02,3.61899
2026-10-01 03:31:00,83498.02,83498.02,83470.0,83470.0,1.70713
2026-10-01 03:32:00,83470.0,83496.01,83470.0,83496.01,3.26445
2026-10-01 03:33:00,83496.01,83529.1,83496.0,83529.1,2.89968
2026-10-01 03:34:00,83529.1,83529.1,83524.0,83529.09,1.7871
2026-10-01 03:35:00,83529.1,83540.01,83526.95,83526.96,3.74376
2026-10-01 03:36:00,83526.96,83565.69,83526.95,83565.69,5.15397
2026-10-01 03:37:00,83566.01,83608.26,83566.01,83586.01,9.97477
2026-10-01 03:38:00,83586.01,83588.01,83582.89,83586.53,2.67783
2026-10-01 03:39:00,83586.53,83622.38,83586.53,83622.38,6.71512
2026-10-01 03:40:00,83622.38,83622.38,83616.01,83616.02,1.86914
2026-10-01 03:41:00,83616.01,83647.22,83616.01,83638.01,7.38257
2026-10-01 03:42:00,83638.01,83683.16,83638.0,83683.16,9.32726
2026-10-01 03:43:00,83683.16,83713.72,83683.16,83713.72,8.2417
2026-10-01 03:44:00,83713.73,83732.01,83713.72,83714.2,8.44638
2026-10-01 03:45:00,83714.2,83729.78,83678.31,83678.32,5.88317
2026-10-01 03:46:00,83678.31,83724.01,83676.0,83698.01,5.87334
2026-10-01 03:47:00,83698.01,83699.92,83680.0,83683.22,6.59002
2026-10-01 03:48:00,83683.21,83683.22,83638.89,83638.9,6.46275
2026-10-01 03:49:00,83638.9,83668.01,83638.2,83654.41,7.32453
2026-10-01 03:50:00,83654.42,83728.01,83654.41,83728.01,8.87481
2026-10-01 03:51:00,83728.0,83749.58,83724.0,83724.01,11.19248
2026-10-01 03:52:00,83724.01,83750.22,83724.0,83739.69,9.32095
2026-10-01 03:53:00,83739.69,83744.01,83739.69,83744.01,2.39482
2026-10-01 03:54:00,83744.01,83748.01,83722.95,83748.01,5.67262
2026-10-01 03:55:00,83748.01,83751.44,83704.92,83718.29,13.40186
2026-10-01 03:56:00,83718.3,83753.61,83718.29,83751.23,2.93074
2026-10-01 03:57:00,83751.24,83776.01,83751.23,83773.6,5.36782
2026-10-01 03:58:00,83773.61,83778.25,83764.0,83764.01,4.85726
2026-10-01 03:59:00,83764.01,83780.14,83750.0,83754.01,8.8211
2026-10-01 04:00:00,83754.01,83771.69,83754.01,83771.69,5.41892
2026-10-01 04:01:00,83771.69,83797.22,83771.68,83773.68,11.51974
2026-10-01 04:02:00,83773.67,83773.68,83765.07,83765.07,3.82577
2026-10-01 04:03:00,83765.07,83765.08,83765.07,83765.07,2.12105
2026-10-01 04:04:00,83765.07,83783.35,83760.7,83783.34,10.03116
2026-10-01 04:05:00,83783.34,83788.01,83773.46,83782.0,4.50804
2026-10-01 04:06:00,83782.01,83814.01,83782.0,83814.0,2.97121
2026-10-01 04:07:00,83814.0,83822.01,83783.64,83783.65,5.86965
2026-10-01 04:08:00,83783.64,83783.65,83760.94,83760.95,3.24012
2026-10-01 04:09:00,83760.95,83865.0,83760.95,83865.0,18.55604
2026-10-01 04:10:00,83865.0,83880.0,83858.71,83878.01,11.57578
2026-10-01 04:11:00,83878.01,83934.01,83874.0,83880.01,12.8991
2026-10-01 04:12:00,83880.01,83888.01,83869.08,83874.01,3.67846
2026-10-01 04:13:00,83874.01,83896.83,83874.0,83895.47,4.18806
2026-10-01 04:14:00,83895.47,83938.2,83895.47,83934.91,6.61296
2026-10-01 04:15:00,83934.91,83934.92,83896.0,83896.0,3.16107
2026-10-01 04:16:00,83896.0,83929.96,83895.79,83895.8,6.92894
2026-10-01 04:17:00,83895.8,83905.29,83810.0,83834.71,18.80155
2026-10-01 04:18:00,83834.7,83843.13,83790.11,83806.73,15.96102
2026-10-01 04:19:00,83806.75,83808.01,83746.0,83746.01,11.96852
2026-10-01 04:20:00,83746.02,83764.01,83724.0,83744.0,13.46402
2026-10-01 04:21:00,83744.01,83778.54,83720.4,83764.0,20.68798
2026-10-01 04:22:00,83764.01,83810.01,83756.04,83810.01,7.04813
2026-10-01 04:23:00,83810.0,83824.01,83805.5,83805.5,4.37441
2026-10-01 04:24:00,83805.51,83805.51,83788.0,83798.0,7.98091
2026-10-01 04:25:00,83798.01,83798.01,83790.0,83790.0,1.39141
2026-10-01 04:26:00,83790.0,83793.87,83790.0,83793.87,3.4525
2026-10-01 04:27:00,83793.86,83844.0,83793.86,83844.0,4.87745
2026-10-01 04:28:00,83843.99,83867.96,83840.0,83866.01,7.05797
2026-10-01 04:29:00,83866.0,83866.01,83850.98,83860.01,5.4416
2026-10-01 04:30:00,83860.0,83896.01,83860.0,83882.17,11.72653
2026-10-01 04:31:00,83882.16,83882.17,83846.0,83846.0,3.31809
2026-10-01 04:32:00,83846.0,83846.01,83797.54,83797.54,6.90394
2026-10-01 04:33:00,83797.55,83808.86,83782.84,83792.01,7.1099
2026-10-01 04:34:00,83792.0,83806.01,83792.0,83806.01,2.59173
2026-10-01 04:35:00,83806.01,83818.01,83806.0,83818.0,1.09387
2026-10-01 04:36:00,83818.01,83856.87,83818.0,83856.87,4.45473
2026-10-01 04:37:00,83856.87,83881.24,83856.86,83858.62,10.64092
2026-10-01 04:38:00,83858.62,83888.55,83858.62,83882.01,3.35485
2026-10-01 04:39:00,83882.02,83914.0,83878.0,83900.0,8.57246
2026-10-01 04:40:00,83900.01,83904.01,83890.0,83896.0,7.99541
2026-10-01 04:41:00,83896.01,83916.0,83896.0,83909.1,3.94727
2026-10-01 04:42:00,83909.1,83909.1,83900.0,83900.01,4.14841
2026-10-01 04:43:00,83900.0,83913.54,83900.0,83908.0,4.26871
2026-10-01 04:44:00,83908.01,83930.88,83908.0,83930.88,3.76847
2026-10-01 04:45:00,83930.88,83939.02,83930.87,83933.29,7.57937
2026-10-01 04:46:00,83933.3,84118.01,83933.3,84116.88,30.35548
2026-10-01 04:47:00,84116.89,84116.89,84024.01,84036.01,18.02684
2026-10-01 04:48:00,84036.01,84115.77,84036.01,84115.76,5.83053
2026-10-01 04:49:00,84115.76,84140.0,84094.28,84110.01,9.87045
2026-10-01 04:50:00,84110.01,84160.89,84106.0,84160.89,19.71784
2026-10-01 04:51:00,84160.89,84181.64,84138.0,84168.0,14.66395
2026-10-01 04:52:00,84168.0,84207.53,84160.0,84180.24,10.30585
2026-10-01 04:53:00,84180.23,84180.23,84100.0,84100.0,13.8125
2026-10-01 04:54:00,84100.0,84124.01,84100.0,84106.01,14.27365
2026-10-01 04:55:00,84106.01,84112.01,84046.01,84048.03,10.50771
2026-10-01 04:56:00,84048.02,84054.01,83993.35,83993.36,10.26089
2026-10-01 04:57:00,83993.35,84010.93,83993.35,84010.93,12.14084
2026-10-01 04:58:00,84010.93,84055.6,84010.92,84055.59,7.02819
2026-10-01 04:59:00,84055.59,84110.01,84055.59,84110.01,6.7453
2026-10-01 05:00:00,84110.01,84110.01,84052.32,84084.01,14.97128
2026-10-01 05:01:00,84084.01,84104.01,84048.0,84048.0,7.75113
2026-10-01 05:02:00,84048.0,84064.01,84032.0,84064.01,11.11426
2026-10-01 05:03:00,84064.02,84136.59,84064.02,84136.58,11.59114
2026-10-01 05:04:00,84136.59,84204.71,84136.59,84204.71,6.02865
2026-10-01 05:05:00,84204.72,84227.35,84184.31,84198.01,16.2403
2026-10-01 05:06:00,84198.02,84239.0,84176.0,84227.35,13.38026
2026-10-01 05:07:00,84227.35,84227.35,84170.98,84170.98,6.14925
2026-10-01 05:08:00,84170.98,84172.01,84162.0,84170.01,3.32938
2026-10-01 05:09:00,84170.01,84175.65,84160.01,84175.65,3.21928
2026-10-01 05:10:00,84175.65,84175.65,84164.01,84164.01,1.82702
2026-10-01 05:11:00,84164.01,84278.07,84164.01,84265.69,66.20935
2026-10-01 05:12:00,84265.7,84265.7,84240.0,84240.0,7.8038
2026-10-01 05:13:00,84240.01,84240.01,84230.17,84232.0,5.56134
2026-10-01 05:14:00,84232.0,84246.01,84224.0,84246.01,3.66177
2026-10-01 05:15:00,84246.0,84276.43,84238.98,84270.01,8.19507
2026-10-01 05:16:00,84270.01,84270.01,84260.45,84260.46,4.18874
2026-10-01 05:17:00,84260.46,84262.01,84254.0,84262.01,2.37713
2026-10-01 05:18:00,84262.0,84262.02,84250.82,84250.83,6.60882
2026-10-01 05:19:00,84250.83,84314.26,84250.82,84310.33,11.83318
2026-10-01 05:20:00,84310.33,84310.34,84285.45,84295.99,5.38949
2026-10-01 05:21:00,84295.99,84318.61,84285.92,84318.61,5.14312
2026-10-01 05:22:00,84318.6,84318.61,84298.0,84318.61,5.69998
2026-10-01 05:23:00,84318.61,84318.61,84273.06,84280.44,6.43573
2026-10-01 05:24:00,84280.44,84283.49,84263.56,84263.56,6.59508
2026-10-01 05:25:00,84263.57,84272.36,84263.56,84270.0,4.18215
2026-10-01 05:26:00,84270.0,84270.01,84258.0,84258.71,4.94436
2026-10-01 05:27:00,84258.72,84266.2,84258.71,84266.2,1.18598
2026-10-01 05:28:00,84266.19,84281.79,84266.19,84281.79,2.60687
2026-10-01 05:29:00,84281.79,84288.2,84278.01,84288.2,8.30398
2026-10-01 05:30:00,84288.21,84300.0,84284.0,84284.01,5.41101
2026-10-01 05:31:00,84284.01,84284.01,84280.08,84280.09,2.80284
2026-10-01 05:32:00,84280.08,84289.28,84276.0,84276.01,5.96683
2026-10-01 05:33:00,84276.01,84276.44,84255.02,84273.25,4.7078
2026-10-01 05:34:00,84273.25,84301.59,84273.25,84301.58,4.61112
2026-10-01 05:35:00,84301.58,84309.27,84291.53,84291.53,5.29035
2026-10-01 05:36:00,84291.54,84308.45,84274.41,84274.41,10.23546
2026-10-01 05:37:00,84274.42,84303.57,84270.32,84303.56,2.86964
2026-10-01 05:38:00,84303.56,84311.22,84300.04,84311.22,5.56414
2026-10-01 05:39:00,84311.22,84326.01,84293.11,84293.11,5.32977
2026-10-01 05:40:00,84293.12,84318.01,84293.11,84312.0,5.68815
2026-10-01 05:41:00,84312.0,84312.01,84273.84,84273.84,7.08336
2026-10-01 05:42:00,84273.84,84273.85,84264.98,84268.38,8.83601
2026-10-01 05:43:00,84268.38,84268.39,84224.0,84224.0,17.54445
2026-10-01 05:44:00,84224.01,84224.01,84208.0,84212.01,7.02991
2026-10-01 05:45:00,84212.01,84230.01,84212.01,84230.01,4.75086
2026-10-01 05:46:00,84230.01,84230.01,84226.75,84229.99,4.29355
2026-10-01 05:47:00,84229.99,84230.0,84229.99,84229.99,4.18456
2026-10-01 05:48:00,84229.99,84240.01,84229.99,84240.01,3.07313
2026-10-01 05:49:00,84240.01,84287.85,84240.0,84287.85,3.09434
2026-10-01 05:50:00,84287.85,84309.43,84287.85,84303.03,2.24469
2026-10-01 05:51:00,84303.02,84323.04,84303.02,84323.04,5.5773
2026-10-01 05:52:00,84323.03,84323.04,84323.03,84323.04,1.52973
2026-10-01 05:53:00,84323.03,84333.33,84320.36,84333.32,5.14715
2026-10-01 05:54:00,84333.33,84368.0,84333.33,84349.59,7.57715
2026-10-01 05:55:00,84349.59,84349.6,84316.0,84316.01,3.69501
2026-10-01 05:56:00,84316.01,84316.01,84304.21,84304.21,1.92816
2026-10-01 05:57:00,84304.21,84304.22,84280.55,84282.0,4.47038
2026-10-01 05:58:00,84282.0,84282.01,84264.63,84264.65,3.84367
2026-10-01 05:59:00,84264.65,84291.49,84264.64,84291.48,3.13611
2026-10-01 06:00:00,84291.49,84297.89,84290.13,84297.89,3.53434
2026-10-01 06:01:00,84297.89,84300.0,84240.35,84240.36,6.43296
2026-10-01 06:02:00,84240.35,84266.2,84240.35,84264.61,5.2521
2026-10-01 06:03:00,84264.61,84270.01,84264.61,84270.01,1.47187
2026-10-01 06:04:00,84270.0,84294.01,84270.0,84294.0,13.59849
2026-10-01 06:05:00,84294.01,84325.5,84294.01,84302.25,7.02068
2026-10-01 06:06:00,84302.25,84304.45,84296.69,84298.56,5.55046
2026-10-01 06:07:00,84298.56,84298.57,84278.91,84286.05,3.24028
2026-10-01 06:08:00,84286.05,84286.06,84279.19,84279.19,1.37249
2026-10-01 06:09:00,84279.2,84297.47,84279.19,84297.46,2.24065
2026-10-01 06:10:00,84297.46,84333.36,84297.46,84327.35,12.82716
2026-10-01 06:11:00,84327.35,84341.63,84327.35,84341.63,2.5966
2026-10-01 06:12:00,84341.63,84390.01,84341.62,84388.01,16.17643
2026-10-01 06:13:00,84388.0,84402.21,84379.32,84399.99,28.57471
2026-10-01 06:14:00,84400.0,84419.69,84376.01,84376.01,9.048
2026-10-01 06:15:00,84376.02,84376.02,84368.56,84375.81,3.20209
2026-10-01 06:16:00,84375.81,84384.09,84366.0,84366.01,9.494
2026-10-01 06:17:00,84366.01,84384.01,84366.0,84366.0,3.43567
2026-10-01 06:18:00,84366.01,84366.01,84350.91,84350.92,2.01358
2026-10-01 06:19:00,84350.91,84350.92,84324.37,84324.38,3.39176
2026-10-01 06:20:00,84324.38,84324.38,84313.47,84313.48,2.42295
2026-10-01 06:21:00,84313.47,84313.48,84310.01,84310.01,3.04971
2026-10-01 06:22:00,84310.01,84339.01,84310.01,84339.01,3.49838
2026-10-01 06:23:00,84339.01,84339.01,84306.51,84323.91,8.42907
2026-10-01 06:24:00,84323.91,84339.01,84323.91,84339.01,2.69029
2026-10-01 06:25:00,84339.01,84340.01,84312.01,84332.0,6.27742
2026-10-01 06:26:00,84332.0,84356.01,84332.0,84341.4,10.03327
2026-10-01 06:27:00,84341.4,84341.41,84322.84,84333.35,8.76021
2026-10-01 06:28:00,84333.35,84345.87,84323.79,84332.01,4.77025
2026-10-01 06:29:00,84332.01,84347.35,84332.0,84347.35,2.69221
2026-10-01 06:30:00,84347.34,84359.22,84332.0,84332.0,5.71751
2026-10-01 06:31:00,84332.01,84332.01,84288.96,84288.96,7.79405
2026-10-01 06:32:00,84288.96,84288.97,84182.68,84184.04,20.73378
2026-10-01 06:33:00,84184.05,84231.88,84177.33,84228.0,10.4796
2026-10-01 06:34:00,84228.0,84228.01,84208.06,84214.0,6.36008
2026-10-01 06:35:00,84214.0,84214.01,84214.0,84214.01,0.07611
