abertura,open,high,low,close,volume
2026-09-24 07:56:00,2698.02,2698.02,2694.62,2694.72,135.6721
2026-09-24 07:57:00,2694.72,2694.88,2693.21,2693.31,138.3136
2026-09-24 07:58:00,2693.32,2694.42,2692.86,2693.27,85.8285
2026-09-24 07:59:00,2693.28,2693.82,2693.0,2693.5,96.0687
2026-09-24 08:00:00,2693.5,2694.69,2693.5,2693.71,236.1053
2026-09-24 08:01:00,2693.71,2695.8,2692.86,2695.42,173.1766
2026-09-24 08:02:00,2695.42,2695.42,2692.07,2692.47,102.7691
2026-09-24 08:03:00,2692.47,2693.99,2692.09,2693.0,116.1177
2026-09-24 08:04:00,2693.01,2693.42,2691.86,2692.76,150.995
2026-09-24 08:05:00,2692.75,2692.97,2691.88,2692.69,196.6268
2026-09-24 08:06:00,2692.69,2693.17,2691.63,2691.9,178.495
2026-09-24 08:07:00,2691.9,2693.17,2691.61,2692.85,89.903
2026-09-24 08:08:00,2692.86,2694.77,2692.23,2692.24,258.2929
2026-09-24 08:09:00,2692.24,2692.98,2689.7,2691.92,248.9788
2026-09-24 08:10:00,2691.91,2691.91,2690.52,2690.94,166.2501
2026-09-24 08:11:00,2690.94,2690.94,2688.96,2689.19,272.7246
2026-09-24 08:12:00,2689.2,2689.94,2688.96,2688.96,100.7691
2026-09-24 08:13:00,2688.96,2688.96,2687.48,2687.48,183.1344
2026-09-24 08:14:00,2687.49,2688.6,2687.23,2687.58,312.2705
2026-09-24 08:15:00,2687.58,2687.76,2686.05,2687.08,201.2689
2026-09-24 08:16:00,2687.07,2688.79,2685.54,2688.37,585.0498
2026-09-24 08:17:00,2688.37,2689.75,2688.06,2688.06,257.1102
2026-09-24 08:18:00,2688.06,2688.06,2685.38,2686.05,970.2394
2026-09-24 08:19:00,2686.06,2687.32,2685.67,2685.67,137.7812
2026-09-24 08:20:00,2685.66,2685.66,2683.92,2683.92,242.9646
2026-09-24 08:21:00,2683.93,2683.93,2680.37,2680.56,699.8295
2026-09-24 08:22:00,2680.55,2681.59,2679.9,2680.69,216.9765
2026-09-24 08:23:00,2680.69,2682.34,2679.92,2679.92,204.5384
2026-09-24 08:24:00,2679.91,2680.87,2678.05,2679.59,259.9851
2026-09-24 08:25:00,2679.59,2681.14,2678.91,2678.91,108.8058
2026-09-24 08:26:00,2678.89,2678.89,2674.99,2675.17,383.9761
2026-09-24 08:27:00,2675.17,2676.26,2673.13,2676.21,249.1296
2026-09-24 08:28:00,2676.2,2676.2,2673.35,2673.46,611.305
2026-09-24 08:29:00,2673.46,2673.46,2669.98,2670.38,786.6379
2026-09-24 08:30:00,2670.39,2674.1,2669.15,2673.72,425.385
2026-09-24 08:31:00,2673.71,2676.24,2673.71,2675.6,217.8585
2026-09-24 08:32:00,2675.6,2677.07,2674.98,2677.06,112.5624
2026-09-24 08:33:00,2677.06,2677.07,2674.16,2675.08,187.3799
2026-09-24 08:34:00,2675.08,2675.09,2670.0,2670.01,199.7788
2026-09-24 08:35:00,2670.0,2671.57,2663.77,2671.03,1059.0198
2026-09-24 08:36:00,2671.04,2672.58,2669.47,2671.23,304.0614
2026-09-24 08:37:00,2671.23,2674.23,2670.89,2673.69,290.6
2026-09-24 08:38:00,2673.68,2673.99,2672.24,2673.13,155.725
2026-09-24 08:39:00,2673.14,2674.0,2672.68,2672.74,100.0459
2026-09-24 08:40:00,2672.74,2674.0,2672.74,2672.94,72.3739
2026-09-24 08:41:00,2672.94,2672.94,2671.04,2671.48,93.4097
2026-09-24 08:42:00,2671.47,2671.96,2670.0,2670.01,99.6033
2026-09-24 08:43:00,2670.0,2670.55,2669.05,2669.79,210.1487
2026-09-24 08:44:00,2669.79,2670.49,2669.05,2669.42,209.0355
2026-09-24 08:45:00,2669.42,2670.42,2668.36,2668.59,128.2954
2026-09-24 08:46:00,2668.6,2669.38,2668.29,2668.99,126.0525
2026-09-24 08:47:00,2668.99,2668.99,2665.62,2667.87,355.8238
2026-09-24 08:48:00,2667.87,2667.87,2664.44,2665.23,189.3986
2026-09-24 08:49:00,2665.22,2665.22,2655.5,2655.51,1789.047
2026-09-24 08:50:00,2655.51,2661.11,2655.51,2659.91,562.4304
2026-09-24 08:51:00,2659.91,2664.51,2659.91,2663.7,457.1467
2026-09-24 08:52:00,2663.71,2665.43,2663.7,2664.69,267.7713
2026-09-24 08:53:00,2664.68,2664.68,2662.02,2664.13,138.4752
2026-09-24 08:54:00,2664.14,2665.84,2663.27,2665.84,216.4308
2026-09-24 08:55:00,2665.83,2665.83,2664.1,2665.46,44.1232
2026-09-24 08:56:00,2665.45,2665.84,2665.44,2665.84,91.635
2026-09-24 08:57:00,2665.83,2665.84,2665.51,2665.84,34.8205
2026-09-24 08:58:00,2665.83,2667.14,2665.83,2667.13,177.3684
2026-09-24 08:59:00,2667.13,2669.3,2667.13,2669.3,122.6535
2026-09-24 09:00:00,2669.3,2673.23,2669.3,2672.09,367.6735
2026-09-24 09:01:00,2672.09,2673.75,2670.53,2671.74,106.5417
2026-09-24 09:02:00,2671.74,2672.19,2668.58,2668.58,103.4863
2026-09-24 09:03:00,2668.58,2669.05,2666.82,2667.06,123.0352
2026-09-24 09:04:00,2667.1,2668.63,2664.67,2664.7,325.483
2026-09-24 09:05:00,2664.71,2668.53,2664.71,2667.97,61.8227
2026-09-24 09:06:00,2667.96,2667.96,2664.95,2665.89,38.9775
2026-09-24 09:07:00,2665.9,2668.28,2665.9,2667.44,63.236
2026-09-24 09:08:00,2667.44,2668.34,2665.79,2667.18,51.7571
2026-09-24 09:09:00,2667.18,2668.34,2667.18,2667.3,34.4592
2026-09-24 09:10:00,2667.29,2667.46,2665.78,2665.79,52.2217
2026-09-24 09:11:00,2665.79,2666.12,2662.85,2662.86,166.7605
2026-09-24 09:12:00,2662.86,2663.05,2660.39,2660.39,252.8929
2026-09-24 09:13:00,2660.39,2662.75,2659.81,2662.23,121.8329
2026-09-24 09:14:00,2662.23,2662.23,2658.27,2659.22,294.8455
2026-09-24 09:15:00,2659.22,2660.92,2658.63,2659.99,84.1598
2026-09-24 09:16:00,2659.99,2659.99,2657.39,2658.26,186.9197
2026-09-24 09:17:00,2658.27,2659.81,2656.88,2657.85,155.7355
2026-09-24 09:18:00,2657.84,2658.45,2656.16,2658.45,146.7838
2026-09-24 09:19:00,2658.45,2660.38,2654.61,2660.36,378.6787
2026-09-24 09:20:00,2660.36,2661.75,2660.1,2661.02,202.571
2026-09-24 09:21:00,2661.02,2661.56,2659.4,2659.76,102.8343
2026-09-24 09:22:00,2659.75,2660.18,2655.86,2656.08,141.9015
2026-09-24 09:23:00,2656.08,2657.78,2656.08,2657.22,117.3918
2026-09-24 09:24:00,2657.23,2657.97,2656.13,2656.25,108.3352
2026-09-24 09:25:00,2656.26,2656.45,2655.0,2655.89,302.8637
2026-09-24 09:26:00,2655.88,2655.88,2651.27,2655.24,441.3575
2026-09-24 09:27:00,2655.24,2657.43,2654.51,2657.42,200.3441
2026-09-24 09:28:00,2657.42,2657.42,2653.56,2654.41,213.0985
2026-09-24 09:29:00,2654.42,2655.43,2654.42,2654.98,63.1663
2026-09-24 09:30:00,2654.98,2655.02,2645.07,2647.68,1387.2301
2026-09-24 09:31:00,2647.68,2649.82,2645.07,2647.55,444.5447
2026-09-24 09:32:00,2647.56,2647.56,2640.29,2641.66,817.3327
2026-09-24 09:33:00,2641.66,2642.97,2638.42,2641.44,960.3891
2026-09-24 09:34:00,2641.44,2641.44,2600.15,2633.72,6558.0286
2026-09-24 09:35:00,2633.72,2641.8,2628.37,2641.48,2454.0549
2026-09-24 09:36:00,2641.49,2645.54,2641.15,2645.09,1002.6858
2026-09-24 09:37:00,2645.1,2647.26,2644.64,2645.49,340.2913
2026-09-24 09:38:00,2645.44,2645.78,2641.3,2644.02,631.3734
2026-09-24 09:39:00,2644.02,2646.04,2642.96,2642.96,371.0898
2026-09-24 09:40:00,2642.95,2645.89,2642.95,2644.17,138.8568
2026-09-24 09:41:00,2644.16,2645.98,2642.32,2645.18,183.5834
2026-09-24 09:42:00,2645.23,2646.0,2644.75,2645.06,185.4797
2026-09-24 09:43:00,2645.06,2645.06,2640.09,2641.09,357.9217
2026-09-24 09:44:00,2641.08,2641.32,2638.99,2640.14,201.1749
2026-09-24 09:45:00,2640.15,2642.68,2638.99,2638.99,355.0711
2026-09-24 09:46:00,2638.99,2641.49,2636.77,2641.48,271.9465
2026-09-24 09:47:00,2641.48,2641.68,2638.19,2640.32,258.3501
2026-09-24 09:48:00,2640.32,2641.57,2638.54,2639.5,162.4335
2026-09-24 09:49:00,2639.49,2641.0,2638.83,2640.63,106.6328
2026-09-24 09:50:00,2640.64,2644.48,2640.59,2644.18,338.8141
2026-09-24 09:51:00,2644.18,2645.29,2641.99,2643.18,311.455
2026-09-24 09:52:00,2643.18,2646.24,2643.17,2646.22,182.2066
2026-09-24 09:53:00,2646.21,2646.44,2644.38,2644.83,168.7743
2026-09-24 09:54:00,2644.82,2646.09,2643.37,2645.85,217.4416
2026-09-24 09:55:00,2645.85,2647.5,2645.63,2646.67,266.2783
2026-09-24 09:56:00,2646.66,2646.66,2643.0,2643.01,648.0258
2026-09-24 09:57:00,2643.0,2643.0,2640.71,2640.71,279.8382
2026-09-24 09:58:00,2640.71,2642.64,2640.71,2642.4,279.8083
2026-09-24 09:59:00,2642.43,2642.84,2641.75,2642.4,66.521
2026-09-24 10:00:00,2642.41,2644.12,2641.03,2644.11,116.7347
2026-09-24 10:01:00,2644.11,2644.49,2642.83,2643.93,155.3716
2026-09-24 10:02:00,2643.92,2643.93,2643.0,2643.24,170.2046
2026-09-24 10:03:00,2643.24,2644.15,2643.0,2643.51,89.2269
2026-09-24 10:04:00,2643.51,2643.51,2641.69,2641.98,91.3442
2026-09-24 10:05:00,2641.97,2642.04,2640.71,2641.33,69.0124
2026-09-24 10:06:00,2641.32,2641.32,2640.01,2640.01,139.0285
2026-09-24 10:07:00,2640.02,2640.38,2636.08,2639.15,555.2849
2026-09-24 10:08:00,2639.15,2641.21,2637.63,2641.05,88.8408
2026-09-24 10:09:00,2641.04,2642.03,2640.07,2641.01,146.052
2026-09-24 10:10:00,2641.01,2642.98,2639.32,2642.15,258.7139
2026-09-24 10:11:00,2642.13,2644.09,2640.95,2640.96,163.9261
2026-09-24 10:12:00,2640.95,2640.95,2637.16,2637.17,192.3875
2026-09-24 10:13:00,2637.17,2638.57,2635.02,2636.26,263.1136
2026-09-24 10:14:00,2636.27,2640.41,2636.26,2640.4,112.2022
2026-09-24 10:15:00,2640.4,2640.4,2638.41,2638.65,110.3638
2026-09-24 10:16:00,2638.65,2642.01,2638.35,2642.01,210.5256
2026-09-24 10:17:00,2642.01,2643.12,2640.58,2641.19,361.6568
2026-09-24 10:18:00,2641.2,2641.74,2640.29,2640.51,105.5965
2026-09-24 10:19:00,2640.52,2641.32,2639.57,2640.02,161.1985
2026-09-24 10:20:00,2640.02,2640.02,2635.94,2635.95,276.7992
2026-09-24 10:21:00,2635.95,2636.01,2635.09,2635.84,163.1224
2026-09-24 10:22:00,2635.84,2636.93,2633.4,2635.09,231.2919
2026-09-24 10:23:00,2635.08,2638.98,2635.07,2635.99,304.9022
2026-09-24 10:24:00,2635.98,2638.6,2634.84,2636.23,185.3059
2026-09-24 10:25:00,2636.24,2637.38,2635.85,2636.8,79.1629
2026-09-24 10:26:00,2636.8,2638.78,2636.79,2638.03,68.3096
2026-09-24 10:27:00,2638.04,2638.04,2636.14,2636.95,51.0337
2026-09-24 10:28:00,2636.95,2638.0,2634.72,2636.49,166.7334
2026-09-24 10:29:00,2636.48,2640.08,2636.48,2638.8,325.5899
2026-09-24 10:30:00,2638.79,2638.8,2635.72,2635.73,270.0534
2026-09-24 10:31:00,2635.72,2636.0,2633.91,2635.39,142.4904
2026-09-24 10:32:00,2635.39,2637.04,2635.39,2636.37,58.0363
2026-09-24 10:33:00,2636.37,2638.46,2636.37,2636.71,83.7422
2026-09-24 10:34:00,2636.72,2637.97,2636.72,2637.96,50.488
2026-09-24 10:35:00,2637.96,2637.97,2636.72,2637.96,658.0526
2026-09-24 10:36:00,2637.96,2637.96,2635.92,2635.92,208.4893
2026-09-24 10:37:00,2635.92,2636.82,2635.92,2636.68,79.8219
2026-09-24 10:38:00,2636.68,2639.5,2636.68,2639.49,120.607
2026-09-24 10:39:00,2639.5,2641.0,2639.49,2640.75,198.6344
2026-09-24 10:40:00,2640.75,2642.73,2640.75,2642.73,326.1998
2026-09-24 10:41:00,2642.73,2644.09,2642.72,2643.79,162.4932
2026-09-24 10:42:00,2643.78,2644.32,2642.68,2643.24,163.8474
2026-09-24 10:43:00,2643.25,2643.41,2642.51,2642.51,114.1899
2026-09-24 10:44:00,2642.51,2642.52,2641.86,2641.87,49.491
2026-09-24 10:45:00,2641.87,2641.87,2641.09,2641.7,102.3359
2026-09-24 10:46:00,2641.7,2642.04,2641.47,2641.47,70.724
2026-09-24 10:47:00,2641.46,2642.38,2641.09,2641.82,46.1099
2026-09-24 10:48:00,2641.81,2642.74,2640.93,2642.62,77.3978
2026-09-24 10:49:00,2642.62,2649.46,2642.62,2648.54,733.0573
2026-09-24 10:50:00,2648.54,2649.46,2647.64,2648.37,152.8523
2026-09-24 10:51:00,2648.37,2649.46,2647.07,2647.08,122.5772
2026-09-24 10:52:00,2647.08,2647.31,2646.64,2646.97,42.697
2026-09-24 10:53:00,2646.97,2648.14,2646.96,2647.8,116.072
2026-09-24 10:54:00,2647.8,2648.27,2646.72,2646.72,96.1076
2026-09-24 10:55:00,2646.72,2646.9,2645.12,2646.9,209.5505
2026-09-24 10:56:00,2646.9,2646.9,2645.64,2646.15,34.4777
2026-09-24 10:57:00,2646.16,2648.33,2646.03,2647.81,51.0792
2026-09-24 10:58:00,2647.82,2648.56,2647.81,2648.19,46.9791
2026-09-24 10:59:00,2648.19,2648.2,2647.81,2648.19,42.1089
2026-09-24 11:00:00,2648.2,2651.52,2647.98,2650.68,243.0109
2026-09-24 11:01:00,2650.68,2652.1,2650.34,2651.0,109.3139
2026-09-24 11:02:00,2651.01,2651.01,2650.13,2650.24,86.5553
2026-09-24 11:03:00,2650.24,2651.94,2650.24,2651.94,61.3369
2026-09-24 11:04:00,2651.94,2651.94,2651.14,2651.28,157.8086
2026-09-24 11:05:00,2651.29,2651.29,2650.28,2650.44,71.9791
2026-09-24 11:06:00,2650.45,2651.26,2650.09,2650.1,89.5175
2026-09-24 11:07:00,2650.1,2650.99,2649.44,2649.6,123.3456
2026-09-24 11:08:00,2649.6,2650.15,2648.42,2648.42,119.7422
2026-09-24 11:09:00,2648.41,2650.93,2648.41,2650.93,103.7005
2026-09-24 11:10:00,2650.93,2651.29,2649.31,2649.34,56.9175
2026-09-24 11:11:00,2649.33,2650.14,2649.09,2649.68,57.8625
2026-09-24 11:12:00,2649.68,2649.92,2649.47,2649.92,25.0874
2026-09-24 11:13:00,2649.92,2649.92,2648.74,2648.91,89.8927
2026-09-24 11:14:00,2648.9,2650.57,2648.9,2650.0,119.4598
2026-09-24 11:15:00,2650.0,2652.0,2648.74,2651.31,133.5863
2026-09-24 11:16:00,2651.32,2651.85,2649.85,2651.61,71.0831
2026-09-24 11:17:00,2651.62,2651.93,2650.09,2650.14,84.6374
2026-09-24 11:18:00,2650.14,2650.54,2649.0,2649.89,36.8563
2026-09-24 11:19:00,2649.88,2650.66,2649.76,2650.16,30.275
2026-09-24 11:20:00,2650.15,2650.64,2649.52,2649.52,79.0645
2026-09-24 11:21:00,2649.52,2649.52,2648.81,2649.48,57.5278
2026-09-24 11:22:00,2649.47,2651.8,2649.47,2650.92,60.04
2026-09-24 11:23:00,2650.92,2652.29,2650.92,2652.29,82.4915
2026-09-24 11:24:00,2652.29,2652.54,2651.5,2652.53,50.6655
2026-09-24 11:25:00,2652.53,2652.54,2650.31,2650.56,53.9768
2026-09-24 11:26:00,2650.56,2651.46,2650.56,2651.14,56.8391
2026-09-24 11:27:00,2651.14,2651.14,2649.28,2649.88,73.3566
2026-09-24 11:28:00,2649.87,2649.89,2649.34,2649.34,11.9194
2026-09-24 11:29:00,2649.35,2649.92,2648.25,2648.28,120.9532
2026-09-24 11:30:00,2648.28,2649.21,2648.28,2648.82,34.3388
2026-09-24 11:31:00,2648.82,2650.16,2648.37,2648.48,122.0424
2026-09-24 11:32:00,2648.48,2648.48,2646.67,2647.47,377.6235
2026-09-24 11:33:00,2647.46,2647.82,2647.12,2647.12,42.005
2026-09-24 11:34:00,2647.12,2647.92,2646.36,2646.53,150.0912
2026-09-24 11:35:00,2646.54,2646.54,2645.0,2646.38,197.69
2026-09-24 11:36:00,2646.38,2646.38,2645.23,2645.23,44.2513
2026-09-24 11:37:00,2645.24,2646.38,2644.56,2644.57,91.1888
2026-09-24 11:38:00,2644.57,2644.57,2643.38,2644.44,159.8167
2026-09-24 11:39:00,2644.45,2645.78,2644.44,2645.78,15.3124
2026-09-24 11:40:00,2645.78,2646.24,2644.96,2645.69,67.8985
2026-09-24 11:41:00,2645.69,2646.21,2645.4,2645.4,38.0892
2026-09-24 11:42:00,2645.4,2645.83,2644.44,2644.44,66.3961
2026-09-24 11:43:00,2644.44,2646.28,2644.31,2646.01,122.5993
2026-09-24 11:44:00,2646.01,2646.81,2646.01,2646.8,56.0
2026-09-24 11:45:00,2646.81,2646.95,2645.94,2646.0,182.8777
2026-09-24 11:46:00,2646.0,2647.35,2645.38,2646.62,120.9865
2026-09-24 11:47:00,2646.62,2647.0,2646.34,2646.35,79.8569
2026-09-24 11:48:00,2646.35,2647.1,2644.84,2644.97,163.671
2026-09-24 11:49:00,2644.98,2645.58,2644.98,2645.58,34.644
2026-09-24 11:50:00,2645.58,2647.34,2645.58,2647.22,54.4673
2026-09-24 11:51:00,2647.23,2647.91,2646.75,2647.8,215.8086
2026-09-24 11:52:00,2647.8,2648.13,2643.48,2644.51,256.6293
2026-09-24 11:53:00,2644.51,2645.1,2644.51,2644.6,107.7282
2026-09-24 11:54:00,2644.6,2645.88,2644.41,2645.45,93.7371
2026-09-24 11:55:00,2645.45,2646.07,2645.17,2645.63,72.7417
2026-09-24 11:56:00,2645.62,2645.62,2644.31,2644.5,88.5028
2026-09-24 11:57:00,2644.5,2645.21,2644.44,2645.19,106.0098
2026-09-24 11:58:00,2645.2,2645.97,2645.2,2645.68,169.3371
2026-09-24 11:59:00,2645.68,2649.55,2645.53,2647.68,498.982
2026-09-24 12:00:00,2647.68,2647.68,2645.86,2645.86,87.3258
2026-09-24 12:01:00,2645.86,2645.86,2643.77,2643.85,109.5767
2026-09-24 12:02:00,2643.86,2646.9,2642.89,2645.76,171.8897
2026-09-24 12:03:00,2645.77,2646.25,2645.1,2645.1,95.4908
2026-09-24 12:04:00,2645.1,2645.35,2643.43,2643.43,151.0118
2026-09-24 12:05:00,2643.44,2645.0,2643.43,2644.99,51.9149
2026-09-24 12:06:00,2645.0,2645.17,2643.82,2644.4,84.3251
2026-09-24 12:07:00,2644.41,2644.93,2643.43,2644.31,184.0083
2026-09-24 12:08:00,2644.31,2648.93,2643.6,2648.86,662.6232
2026-09-24 12:09:00,2648.87,2648.87,2647.16,2647.56,97.6926
2026-09-24 12:10:00,2647.57,2649.72,2647.52,2649.55,133.4337
2026-09-24 12:11:00,2649.55,2649.56,2648.5,2648.5,100.2848
2026-09-24 12:12:00,2648.5,2650.0,2648.49,2649.17,96.8059
2026-09-24 12:13:00,2649.17,2649.17,2647.55,2648.08,135.987
2026-09-24 12:14:00,2648.08,2648.38,2646.99,2648.04,90.5936
2026-09-24 12:15:00,2648.03,2649.21,2647.79,2648.58,67.607
2026-09-24 12:16:00,2648.58,2649.1,2648.37,2648.92,173.9556
2026-09-24 12:17:00,2648.93,2650.41,2648.54,2649.29,95.9291
2026-09-24 12:18:00,2649.29,2649.56,2648.37,2648.38,65.0628
2026-09-24 12:19:00,2648.37,2648.38,2647.81,2647.84,69.1033
2026-09-24 12:20:00,2647.83,2649.39,2647.83,2649.24,64.2042
2026-09-24 12:21:00,2649.24,2650.09,2648.93,2650.05,63.0811
2026-09-24 12:22:00,2650.06,2651.99,2649.89,2651.78,155.1955
2026-09-24 12:23:00,2651.78,2651.9,2651.0,2651.72,127.6331
2026-09-24 12:24:00,2651.72,2654.08,2651.03,2653.94,239.1951
2026-09-24 12:25:00,2653.93,2653.94,2650.16,2651.45,239.1139
2026-09-24 12:26:00,2651.44,2651.44,2648.65,2648.65,97.1496
2026-09-24 12:27:00,2648.66,2649.15,2648.45,2649.15,67.7582
2026-09-24 12:28:00,2649.15,2649.15,2648.37,2649.14,40.4611
2026-09-24 12:29:00,2649.15,2649.15,2648.41,2648.49,90.0757
2026-09-24 12:30:00,2648.5,2649.49,2647.62,2648.37,146.6431
2026-09-24 12:31:00,2648.37,2648.38,2645.96,2645.96,171.3923
2026-09-24 12:32:00,2645.97,2645.97,2642.9,2642.9,258.1574
2026-09-24 12:33:00,2642.89,2642.89,2640.0,2641.82,278.0245
2026-09-24 12:34:00,2641.83,2643.19,2641.22,2642.29,163.5844
2026-09-24 12:35:00,2642.28,2642.35,2639.37,2640.33,124.9933
2026-09-24 12:36:00,2640.33,2641.78,2639.48,2641.78,115.3726
2026-09-24 12:37:00,2641.78,2642.87,2641.78,2641.96,94.633
2026-09-24 12:38:00,2641.95,2641.96,2641.3,2641.3,58.1516
2026-09-24 12:39:00,2641.29,2641.35,2640.65,2641.16,77.2392
2026-09-24 12:40:00,2641.16,2643.66,2641.16,2642.1,164.027
2026-09-24 12:41:00,2642.1,2643.64,2641.99,2643.64,93.521
2026-09-24 12:42:00,2643.65,2646.09,2643.65,2644.31,193.059
2026-09-24 12:43:00,2644.31,2644.31,2642.68,2642.69,65.009
2026-09-24 12:44:00,2642.68,2643.73,2642.29,2643.73,48.8486
2026-09-24 12:45:00,2643.72,2644.13,2642.97,2643.21,47.3201
2026-09-24 12:46:00,2643.2,2643.72,2642.29,2643.72,106.934
2026-09-24 12:47:00,2643.71,2644.0,2643.17,2643.78,36.3127
2026-09-24 12:48:00,2643.78,2645.39,2643.77,2644.43,125.2985
2026-09-24 12:49:00,2644.43,2644.43,2642.48,2642.48,89.5976
2026-09-24 12:50:00,2642.49,2642.49,2640.93,2641.43,222.7967
2026-09-24 12:51:00,2641.43,2643.9,2641.42,2642.6,1632.4974
2026-09-24 12:52:00,2642.6,2643.09,2642.43,2642.59,770.1926
2026-09-24 12:53:00,2642.59,2643.0,2640.93,2641.15,748.4681
2026-09-24 12:54:00,2641.16,2644.8,2641.16,2644.8,2296.9782
2026-09-24 12:55:00,2644.79,2646.03,2644.79,2646.03,65.841
2026-09-24 12:56:00,2646.02,2647.75,2645.85,2647.22,215.4224
2026-09-24 12:57:00,2647.21,2649.88,2647.17,2648.99,159.469
2026-09-24 12:58:00,2648.98,2648.98,2648.0,2648.76,29.124
2026-09-24 12:59:00,2648.76,2649.16,2648.75,2648.8,38.4097
2026-09-24 13:00:00,2648.8,2650.41,2648.8,2650.41,71.8151
2026-09-24 13:01:00,2650.41,2652.03,2649.57,2649.58,147.0139
2026-09-24 13:02:00,2649.57,2651.48,2649.57,2651.48,82.1897
2026-09-24 13:03:00,2651.47,2652.9,2651.47,2652.43,126.3223
2026-09-24 13:04:00,2652.44,2654.1,2652.44,2653.97,229.0447
2026-09-24 13:05:00,2653.97,2654.17,2652.87,2653.42,66.3662
2026-09-24 13:06:00,2653.43,2655.5,2653.42,2653.46,222.427
2026-09-24 13:07:00,2653.46,2654.12,2653.45,2654.12,49.2433
2026-09-24 13:08:00,2654.12,2654.37,2653.35,2654.26,97.7225
2026-09-24 13:09:00,2654.26,2655.5,2654.26,2654.47,159.1826
2026-09-24 13:10:00,2654.47,2655.54,2654.46,2655.44,159.2608
2026-09-24 13:11:00,2655.45,2655.7,2654.5,2654.5,76.6349
2026-09-24 13:12:00,2654.5,2655.94,2654.49,2655.28,109.3282
2026-09-24 13:13:00,2655.28,2657.08,2655.28,2657.03,151.0426
2026-09-24 13:14:00,2657.03,2657.41,2656.76,2657.4,331.7258
2026-09-24 13:15:00,2657.4,2657.43,2656.5,2657.09,113.3
2026-09-24 13:16:00,2657.1,2657.83,2657.1,2657.46,47.7544
2026-09-24 13:17:00,2657.47,2659.15,2657.47,2659.14,230.3776
2026-09-24 13:18:00,2659.15,2662.38,2659.15,2661.23,525.2986
2026-09-24 13:19:00,2661.23,2665.72,2661.16,2665.72,391.7553
2026-09-24 13:20:00,2665.73,2667.16,2664.62,2666.14,318.246
2026-09-24 13:21:00,2666.14,2666.66,2662.78,2662.96,207.6652
2026-09-24 13:22:00,2662.95,2664.3,2662.37,2662.78,198.9356
2026-09-24 13:23:00,2662.77,2662.77,2661.0,2661.77,140.7186
2026-09-24 13:24:00,2661.77,2661.78,2661.11,2661.31,42.6046
2026-09-24 13:25:00,2661.3,2662.66,2660.56,2662.65,180.2679
2026-09-24 13:26:00,2662.65,2663.25,2662.0,2662.0,104.6128
2026-09-24 13:27:00,2662.01,2663.61,2662.01,2662.4,101.7285
2026-09-24 13:28:00,2662.4,2663.07,2662.0,2662.15,79.8519
2026-09-24 13:29:00,2662.15,2662.15,2660.56,2660.57,162.0562
2026-09-24 13:30:00,2660.57,2663.48,2659.55,2663.42,293.3555
2026-09-24 13:31:00,2663.42,2670.0,2662.82,2669.59,691.5492
2026-09-24 13:32:00,2669.59,2678.67,2669.59,2672.2,1660.5106
2026-09-24 13:33:00,2672.2,2675.05,2670.33,2671.04,524.0987
2026-09-24 13:34:00,2671.05,2673.32,2669.69,2671.37,311.3214
2026-09-24 13:35:00,2671.38,2671.38,2665.54,2666.03,363.2346
2026-09-24 13:36:00,2666.02,2668.38,2665.0,2666.99,287.3975
2026-09-24 13:37:00,2666.98,2669.3,2665.85,2669.3,135.1506
2026-09-24 13:38:00,2669.3,2673.39,2668.9,2671.73,246.7164
2026-09-24 13:39:00,2671.73,2675.31,2670.75,2672.35,358.1736
2026-09-24 13:40:00,2672.34,2673.26,2667.01,2667.45,430.0164
2026-09-24 13:41:00,2667.44,2667.44,2662.27,2663.23,350.8748
2026-09-24 13:42:00,2663.24,2664.97,2662.77,2663.71,102.5269
2026-09-24 13:43:00,2663.71,2667.76,2663.62,2666.78,118.9005
2026-09-24 13:44:00,2666.78,2667.42,2665.18,2665.26,103.1069
2026-09-24 13:45:00,2665.27,2666.55,2661.19,2663.62,969.6555
2026-09-24 13:46:00,2663.62,2666.65,2662.98,2665.23,327.3204
2026-09-24 13:47:00,2665.24,2668.12,2664.19,2666.91,156.1254
2026-09-24 13:48:00,2666.91,2667.08,2663.09,2663.73,98.115
2026-09-24 13:49:00,2663.73,2663.91,2662.01,2662.09,235.9555
2026-09-24 13:50:00,2662.1,2663.99,2660.06,2663.62,247.5133
2026-09-24 13:51:00,2663.63,2664.71,2662.6,2662.77,103.827
2026-09-24 13:52:00,2662.78,2663.95,2662.03,2663.31,87.2499
2026-09-24 13:53:00,2663.31,2663.31,2661.13,2661.14,112.1236
2026-09-24 13:54:00,2661.14,2664.46,2661.14,2664.11,608.0701
2026-09-24 13:55:00,2664.1,2668.68,2664.04,2667.92,318.0329
2026-09-24 13:56:00,2667.91,2669.0,2665.92,2667.24,263.4285
2026-09-24 13:57:00,2667.24,2668.99,2666.91,2668.42,145.3521
2026-09-24 13:58:00,2668.41,2669.52,2667.62,2669.52,98.8864
2026-09-24 13:59:00,2669.53,2670.42,2669.53,2670.11,292.3042
2026-09-24 14:00:00,2670.11,2671.26,2668.47,2669.31,286.3153
2026-09-24 14:01:00,2669.31,2669.42,2666.7,2666.71,185.1953
2026-09-24 14:02:00,2666.71,2672.01,2666.47,2668.87,281.6614
2026-09-24 14:03:00,2668.86,2669.23,2667.0,2669.22,169.0507
2026-09-24 14:04:00,2669.23,2670.01,2668.68,2668.86,100.3903
2026-09-24 14:05:00,2668.86,2668.86,2667.0,2667.38,160.0507
2026-09-24 14:06:00,2667.38,2672.01,2667.3,2671.29,116.0074
2026-09-24 14:07:00,2671.3,2673.38,2671.09,2672.75,215.535
2026-09-24 14:08:00,2672.75,2672.75,2670.0,2671.41,188.7713
2026-09-24 14:09:00,2671.4,2671.4,2669.46,2669.46,103.5456
2026-09-24 14:10:00,2669.45,2670.51,2667.3,2669.57,91.6906
2026-09-24 14:11:00,2669.56,2669.8,2665.64,2665.65,214.2319
2026-09-24 14:12:00,2665.65,2667.1,2664.93,2664.94,205.6468
2026-09-24 14:13:00,2664.93,2667.8,2664.93,2667.64,161.1556
2026-09-24 14:14:00,2667.64,2668.31,2667.31,2667.32,59.853
2026-09-24 14:15:00,2667.32,2667.94,2665.41,2665.42,122.0657
2026-09-24 14:16:00,2665.42,2669.27,2665.41,2669.26,114.6131
2026-09-24 14:17:00,2669.26,2671.57,2668.07,2671.16,229.8368
2026-09-24 14:18:00,2671.16,2672.57,2670.87,2671.76,425.5209
2026-09-24 14:19:00,2671.77,2675.37,2671.77,2673.92,445.5683
2026-09-24 14:20:00,2673.93,2675.24,2672.68,2674.61,185.6037
2026-09-24 14:21:00,2674.62,2676.67,2673.06,2673.31,219.8711
2026-09-24 14:22:00,2673.31,2674.08,2672.85,2673.4,95.5376
2026-09-24 14:23:00,2673.39,2676.43,2672.28,2676.43,198.6925
2026-09-24 14:24:00,2676.46,2679.0,2676.42,2678.08,358.7312
2026-09-24 14:25:00,2678.09,2684.6,2678.08,2682.73,1129.0741
2026-09-24 14:26:00,2682.74,2685.71,2680.45,2680.85,758.4883
2026-09-24 14:27:00,2680.85,2687.36,2680.0,2686.18,1598.9134
2026-09-24 14:28:00,2686.17,2692.87,2685.61,2691.92,1079.9376
2026-09-24 14:29:00,2691.92,2697.27,2691.92,2694.03,1417.7738
2026-09-24 14:30:00,2694.02,2694.02,2688.51,2691.98,605.0811
2026-09-24 14:31:00,2691.98,2693.9,2689.67,2693.89,446.3618
2026-09-24 14:32:00,2693.9,2699.76,2693.9,2696.1,998.7964
2026-09-24 14:33:00,2696.11,2696.88,2693.53,2693.53,453.6137
2026-09-24 14:34:00,2693.52,2695.33,2690.12,2694.55,822.8848
2026-09-24 14:35:00,2694.54,2695.15,2693.35,2693.99,450.2366
2026-09-24 14:36:00,2693.94,2693.94,2688.93,2689.03,342.6782
2026-09-24 14:37:00,2689.03,2690.85,2687.27,2687.7,417.8228
2026-09-24 14:38:00,2687.7,2688.7,2685.0,2685.0,270.6578
2026-09-24 14:39:00,2685.01,2686.0,2682.51,2685.99,312.8998
2026-09-24 14:40:00,2685.99,2687.9,2685.25,2685.72,205.4552
2026-09-24 14:41:00,2685.71,2685.72,2683.2,2683.21,234.0732
2026-09-24 14:42:00,2683.21,2685.15,2683.11,2683.36,198.5807
2026-09-24 14:43:00,2683.37,2683.37,2681.01,2681.02,276.2086
2026-09-24 14:44:00,2681.01,2682.24,2680.19,2680.72,431.2257
2026-09-24 14:45:00,2680.71,2680.81,2677.0,2678.02,307.8733
2026-09-24 14:46:00,2678.01,2679.4,2676.26,2676.27,256.0405
2026-09-24 14:47:00,2676.26,2678.0,2675.45,2676.11,320.3821
2026-09-24 14:48:00,2676.11,2676.11,2667.8,2667.8,865.9126
2026-09-24 14:49:00,2667.81,2669.48,2662.53,2662.66,1426.5044
2026-09-24 14:50:00,2662.66,2667.62,2658.19,2659.84,1421.955
2026-09-24 14:51:00,2659.83,2663.31,2658.22,2660.33,658.6228
2026-09-24 14:52:00,2660.34,2660.49,2653.06,2653.6,1143.4758
2026-09-24 14:53:00,2653.6,2657.13,2644.97,2656.83,2517.8593
2026-09-24 14:54:00,2656.83,2661.51,2656.82,2661.1,571.713
2026-09-24 14:55:00,2661.1,2662.02,2658.29,2661.24,254.6064
2026-09-24 14:56:00,2661.25,2662.68,2658.93,2659.48,328.4792
2026-09-24 14:57:00,2659.48,2659.48,2654.05,2655.13,416.3743
2026-09-24 14:58:00,2655.13,2656.93,2654.86,2656.31,171.6735
2026-09-24 14:59:00,2656.3,2658.1,2654.62,2657.87,256.1258
2026-09-24 15:00:00,2657.86,2657.86,2652.32,2657.66,387.5609
2026-09-24 15:01:00,2657.66,2661.06,2657.66,2659.35,202.5576
2026-09-24 15:02:00,2659.34,2659.73,2653.82,2653.83,145.0972
2026-09-24 15:03:00,2653.83,2658.74,2653.57,2658.57,324.5631
2026-09-24 15:04:00,2658.57,2662.23,2658.57,2660.79,430.4483
2026-09-24 15:05:00,2660.79,2663.34,2660.29,2660.29,236.1067
2026-09-24 15:06:00,2660.29,2663.79,2660.29,2663.78,241.395
2026-09-24 15:07:00,2663.78,2663.79,2661.55,2661.93,135.8771
2026-09-24 15:08:00,2661.93,2663.79,2661.73,2663.78,70.4879
2026-09-24 15:09:00,2663.78,2663.79,2661.68,2661.74,86.2462
2026-09-24 15:10:00,2661.73,2663.42,2659.69,2659.69,94.1756
2026-09-24 15:11:00,2659.69,2663.79,2659.69,2663.79,119.614
2026-09-24 15:12:00,2663.78,2665.67,2663.6,2663.74,175.8725
2026-09-24 15:13:00,2663.74,2663.85,2661.2,2662.93,118.1675
2026-09-24 15:14:00,2662.93,2663.79,2661.82,2663.79,101.2649
2026-09-24 15:15:00,2663.78,2667.0,2663.17,2666.09,182.2399
2026-09-24 15:16:00,2666.1,2668.61,2665.21,2667.16,307.0292
2026-09-24 15:17:00,2667.16,2670.21,2667.16,2667.59,237.0351
2026-09-24 15:18:00,2667.58,2667.58,2663.13,2664.18,144.0538
2026-09-24 15:19:00,2664.18,2666.51,2663.95,2666.51,83.3847
2026-09-24 15:20:00,2666.5,2666.98,2665.31,2666.51,88.7651
2026-09-24 15:21:00,2666.51,2668.5,2666.38,2666.38,111.3113
2026-09-24 15:22:00,2666.38,2667.89,2666.31,2667.38,181.1914
2026-09-24 15:23:00,2667.39,2670.31,2666.75,2670.31,151.2287
2026-09-24 15:24:00,2670.3,2676.03,2670.18,2674.2,525.8983
2026-09-24 15:25:00,2674.2,2674.82,2670.76,2671.19,118.9535
2026-09-24 15:26:00,2671.19,2672.2,2668.58,2669.76,156.329
2026-09-24 15:27:00,2669.76,2670.55,2669.25,2670.43,168.7387
2026-09-24 15:28:00,2670.43,2670.44,2668.69,2668.88,198.9818
2026-09-24 15:29:00,2668.87,2670.24,2668.65,2670.0,112.0812
2026-09-24 15:30:00,2670.0,2671.47,2669.06,2669.06,94.3115
2026-09-24 15:31:00,2669.07,2672.51,2669.07,2672.51,120.6469
2026-09-24 15:32:00,2672.51,2672.51,2670.21,2671.34,100.7231
2026-09-24 15:33:00,2671.34,2673.77,2671.34,2672.49,141.4302
2026-09-24 15:34:00,2672.5,2674.32,2671.94,2673.87,221.5982
2026-09-24 15:35:00,2673.86,2679.32,2673.4,2677.62,683.4606
2026-09-24 15:36:00,2677.62,2680.01,2677.57,2679.69,208.8291
2026-09-24 15:37:00,2679.69,2685.72,2679.2,2683.39,730.7672
2026-09-24 15:38:00,2683.38,2684.05,2680.34,2680.55,190.2511
2026-09-24 15:39:00,2680.56,2681.9,2679.37,2681.02,275.9829
2026-09-24 15:40:00,2681.01,2682.79,2680.51,2680.53,123.8792
2026-09-24 15:41:00,2680.53,2682.85,2680.19,2681.51,207.1933
2026-09-24 15:42:00,2681.5,2681.5,2678.06,2679.01,129.1284
2026-09-24 15:43:00,2679.0,2679.96,2678.89,2679.52,88.1405
2026-09-24 15:44:00,2679.52,2682.96,2679.06,2682.57,317.9132
2026-09-24 15:45:00,2682.56,2683.0,2681.37,2681.38,305.0885
2026-09-24 15:46:00,2681.37,2681.68,2679.67,2679.67,180.2987
2026-09-24 15:47:00,2679.67,2681.58,2679.04,2680.1,592.0517
2026-09-24 15:48:00,2680.1,2681.97,2677.97,2677.97,416.2717
2026-09-24 15:49:00,2677.98,2681.12,2677.98,2680.37,158.9885
2026-09-24 15:50:00,2680.38,2681.52,2679.48,2679.81,87.3156
2026-09-24 15:51:00,2679.82,2680.25,2679.14,2680.23,157.441
2026-09-24 15:52:00,2680.22,2682.56,2679.97,2680.59,201.3684
2026-09-24 15:53:00,2680.59,2684.63,2680.58,2682.83,150.1144
2026-09-24 15:54:00,2682.83,2683.67,2682.15,2683.67,89.6328
2026-09-24 15:55:00,2683.67,2683.97,2682.87,2682.91,104.0644
2026-09-24 15:56:00,2682.91,2684.36,2682.34,2683.7,124.4048
2026-09-24 15:57:00,2683.7,2683.85,2681.67,2682.83,252.0238
2026-09-24 15:58:00,2682.83,2684.07,2681.65,2683.32,386.2274
2026-09-24 15:59:00,2683.32,2683.6,2682.87,2683.58,86.877
2026-09-24 16:00:00,2683.59,2684.36,2676.76,2676.89,251.0671
2026-09-24 16:01:00,2676.89,2679.19,2676.89,2677.77,276.2907
2026-09-24 16:02:00,2677.76,2678.69,2677.09,2677.48,76.2543
2026-09-24 16:03:00,2677.47,2677.48,2675.0,2675.13,304.1548
2026-09-24 16:04:00,2675.13,2676.03,2673.98,2676.03,168.0816
2026-09-24 16:05:00,2676.02,2676.89,2675.33,2676.09,161.1704
2026-09-24 16:06:00,2676.1,2677.37,2674.34,2674.41,84.0134
2026-09-24 16:07:00,2674.41,2674.41,2672.94,2673.06,112.6323
2026-09-24 16:08:00,2673.07,2675.82,2672.94,2675.82,124.6115
2026-09-24 16:09:00,2675.83,2676.01,2674.7,2675.01,60.2046
2026-09-24 16:10:00,2675.01,2675.75,2673.59,2673.79,91.6759
2026-09-24 16:11:00,2673.79,2673.79,2668.94,2670.27,359.5884
2026-09-24 16:12:00,2670.27,2671.03,2667.3,2667.44,569.4748
2026-09-24 16:13:00,2667.44,2668.88,2666.0,2667.35,280.3951
2026-09-24 16:14:00,2667.34,2674.36,2667.0,2674.26,220.2043
2026-09-24 16:15:00,2674.26,2685.0,2674.26,2682.89,1056.6696
2026-09-24 16:16:00,2682.89,2698.0,2682.69,2695.03,2586.6459
2026-09-24 16:17:00,2695.03,2699.27,2693.77,2697.6,1115.0212
2026-09-24 16:18:00,2697.6,2699.34,2688.84,2689.31,723.9752
2026-09-24 16:19:00,2689.31,2691.14,2686.61,2688.65,398.7184
2026-09-24 16:20:00,2688.67,2696.44,2688.21,2694.07,403.4707
2026-09-24 16:21:00,2694.07,2694.84,2691.53,2693.61,199.7702
2026-09-24 16:22:00,2693.6,2695.09,2691.27,2693.23,397.4923
2026-09-24 16:23:00,2693.24,2694.65,2692.7,2693.29,242.3091
2026-09-24 16:24:00,2693.28,2693.28,2691.33,2692.0,95.9085
2026-09-24 16:25:00,2692.0,2692.92,2688.55,2688.55,269.2387
2026-09-24 16:26:00,2688.55,2692.36,2688.55,2692.11,153.1781
2026-09-24 16:27:00,2692.1,2694.01,2690.6,2693.86,121.2054
2026-09-24 16:28:00,2693.85,2697.5,2693.75,2697.49,271.8809
2026-09-24 16:29:00,2697.5,2697.55,2695.48,2695.87,99.0717
2026-09-24 16:30:00,2695.88,2696.18,2692.21,2693.01,305.1605
2026-09-24 16:31:00,2693.01,2693.01,2689.7,2689.87,210.5236
2026-09-24 16:32:00,2689.86,2689.87,2687.12,2687.93,210.2239
2026-09-24 16:33:00,2687.93,2689.32,2687.03,2687.69,129.8149
2026-09-24 16:34:00,2687.69,2688.51,2687.18,2687.39,160.9773
2026-09-24 16:35:00,2687.38,2690.78,2685.7,2690.69,224.7357
2026-09-24 16:36:00,2690.69,2693.67,2690.69,2692.35,750.914
2026-09-24 16:37:00,2692.36,2692.71,2690.43,2690.89,164.4556
2026-09-24 16:38:00,2690.89,2693.99,2690.89,2691.63,112.3539
2026-09-24 16:39:00,2691.62,2693.29,2691.62,2693.29,185.78
2026-09-24 16:40:00,2693.29,2699.55,2692.77,2696.14,585.3479
2026-09-24 16:41:00,2696.14,2699.84,2696.14,2699.77,704.6069
2026-09-24 16:42:00,2699.78,2706.0,2699.09,2702.8,1834.6459
2026-09-24 16:43:00,2702.79,2703.21,2697.2,2697.69,782.3049
2026-09-24 16:44:00,2697.69,2697.69,2690.0,2690.01,579.3878
2026-09-24 16:45:00,2690.01,2691.69,2688.0,2691.69,298.9537
2026-09-24 16:46:00,2691.68,2693.14,2689.92,2692.97,208.594
2026-09-24 16:47:00,2692.96,2694.13,2691.23,2693.88,158.0101
2026-09-24 16:48:00,2693.87,2695.06,2692.61,2693.33,194.4752
2026-09-24 16:49:00,2693.33,2693.34,2691.47,2691.48,212.3363
2026-09-24 16:50:00,2691.48,2692.16,2688.0,2688.49,211.2599
2026-09-24 16:51:00,2688.49,2690.64,2688.27,2689.45,132.1834
2026-09-24 16:52:00,2689.44,2689.45,2686.77,2686.78,287.9823
2026-09-24 16:53:00,2686.78,2688.19,2685.09,2685.41,222.6621
2026-09-24 16:54:00,2685.42,2688.28,2685.01,2687.46,195.699
2026-09-24 16:55:00,2687.47,2687.47,2683.33,2683.46,311.2042
2026-09-24 16:56:00,2683.45,2686.22,2682.42,2686.1,179.6571
2026-09-24 16:57:00,2686.1,2688.28,2686.1,2686.59,127.6088
2026-09-24 16:58:00,2686.59,2689.64,2686.59,2688.53,114.6224
2026-09-24 16:59:00,2688.54,2688.68,2687.63,2687.63,92.607
2026-09-24 17:00:00,2687.62,2687.62,2682.82,2685.12,205.713
2026-09-24 17:01:00,2685.12,2689.18,2684.36,2688.17,171.9654
2026-09-24 17:02:00,2688.16,2688.41,2683.39,2688.41,181.08
2026-09-24 17:03:00,2688.42,2690.32,2688.27,2688.28,213.6369
2026-09-24 17:04:00,2688.28,2688.39,2683.64,2686.23,205.5619
2026-09-24 17:05:00,2686.23,2687.43,2684.02,2684.54,132.5795
2026-09-24 17:06:00,2684.55,2684.55,2681.6,2681.6,248.8688
2026-09-24 17:07:00,2681.59,2684.16,2681.54,2683.93,76.6926
2026-09-24 17:08:00,2683.92,2685.65,2682.82,2685.65,94.3016
2026-09-24 17:09:00,2685.66,2686.24,2685.29,2685.45,68.96
2026-09-24 17:10:00,2685.44,2685.44,2681.35,2684.26,132.9628
2026-09-24 17:11:00,2684.26,2684.26,2680.89,2682.72,168.0445
2026-09-24 17:12:00,2682.71,2682.95,2681.42,2681.42,147.6962
2026-09-24 17:13:00,2681.41,2682.74,2681.09,2682.73,67.3555
2026-09-24 17:14:00,2682.73,2685.84,2682.73,2685.43,164.0646
2026-09-24 17:15:00,2685.42,2685.43,2682.57,2684.46,165.7073
2026-09-24 17:16:00,2684.46,2688.28,2684.46,2687.21,212.3577
2026-09-24 17:17:00,2687.21,2688.02,2682.52,2682.52,169.3729
2026-09-24 17:18:00,2682.51,2684.65,2681.49,2683.34,153.4205
2026-09-24 17:19:00,2683.33,2683.33,2681.0,2681.0,181.6651
2026-09-24 17:20:00,2681.0,2682.16,2679.5,2681.36,273.1386
2026-09-24 17:21:00,2681.36,2683.36,2680.86,2681.15,133.057
2026-09-24 17:22:00,2681.16,2683.28,2680.69,2680.8,138.5799
2026-09-24 17:23:00,2680.8,2681.23,2677.67,2679.88,533.7646
2026-09-24 17:24:00,2679.87,2680.93,2676.97,2677.07,265.1171
2026-09-24 17:25:00,2677.07,2679.4,2677.06,2677.8,107.2486
2026-09-24 17:26:00,2677.8,2679.44,2677.0,2678.17,101.8646
2026-09-24 17:27:00,2678.17,2680.28,2678.16,2680.27,230.638
2026-09-24 17:28:00,2680.27,2682.15,2680.27,2681.13,118.1288
2026-09-24 17:29:00,2681.12,2683.2,2681.03,2682.84,120.1635
2026-09-24 17:30:00,2682.84,2684.2,2682.83,2684.19,100.3056
2026-09-24 17:31:00,2684.2,2685.05,2682.7,2682.71,116.2432
2026-09-24 17:32:00,2682.71,2682.97,2680.32,2682.02,213.9041
2026-09-24 17:33:00,2682.03,2682.03,2678.96,2678.96,184.4397
2026-09-24 17:34:00,2678.97,2679.47,2676.02,2676.06,244.1681
2026-09-24 17:35:00,2676.07,2678.25,2675.33,2677.01,243.3964
2026-09-24 17:36:00,2677.0,2678.43,2676.32,2678.43,105.1225
2026-09-24 17:37:00,2678.43,2678.7,2675.75,2675.75,171.4871
2026-09-24 17:38:00,2675.76,2676.35,2673.44,2674.75,405.2306
2026-09-24 17:39:00,2674.75,2678.47,2674.75,2677.34,87.1251
2026-09-24 17:40:00,2677.35,2677.54,2675.15,2675.61,93.8501
2026-09-24 17:41:00,2675.61,2676.49,2673.66,2675.33,161.3058
2026-09-24 17:42:00,2675.33,2676.88,2674.99,2674.99,147.1771
2026-09-24 17:43:00,2674.98,2674.98,2669.6,2671.41,481.0635
2026-09-24 17:44:00,2671.42,2672.58,2670.98,2671.94,202.6014
2026-09-24 17:45:00,2671.94,2671.95,2669.63,2671.95,146.1392
2026-09-24 17:46:00,2671.95,2673.16,2671.63,2672.47,101.1809
2026-09-24 17:47:00,2672.46,2673.47,2670.85,2673.47,90.6078
2026-09-24 17:48:00,2673.47,2674.22,2672.6,2673.74,196.335
2026-09-24 17:49:00,2673.75,2673.75,2671.4,2671.4,103.267
2026-09-24 17:50:00,2671.41,2673.21,2671.1,2673.08,78.6973
2026-09-24 17:51:00,2673.09,2673.09,2670.64,2670.81,125.517
2026-09-24 17:52:00,2670.81,2671.63,2670.11,2670.12,186.168
2026-09-24 17:53:00,2670.12,2671.12,2668.95,2668.96,169.1103
2026-09-24 17:54:00,2668.95,2668.96,2668.21,2668.21,132.8782
2026-09-24 17:55:00,2668.21,2668.65,2666.96,2668.13,252.411
2026-09-24 17:56:00,2668.13,2670.84,2667.9,2670.02,119.0057
2026-09-24 17:57:00,2670.02,2671.44,2669.54,2670.28,300.8674
2026-09-24 17:58:00,2670.28,2670.59,2669.13,2669.71,132.1897
2026-09-24 17:59:00,2669.72,2670.51,2669.22,2669.72,226.6305
2026-09-24 18:00:00,2669.71,2669.82,2667.96,2669.27,186.3222
2026-09-24 18:01:00,2669.27,2669.82,2666.28,2667.21,177.1178
2026-09-24 18:02:00,2667.21,2667.49,2663.09,2663.92,753.1996
2026-09-24 18:03:00,2663.93,2663.93,2660.38,2661.28,360.7628
2026-09-24 18:04:00,2661.27,2663.79,2661.02,2661.74,196.6902
2026-09-24 18:05:00,2661.74,2664.29,2661.73,2664.15,131.681
2026-09-24 18:06:00,2664.14,2667.58,2662.69,2666.61,207.7599
2026-09-24 18:07:00,2666.61,2666.99,2665.15,2665.4,151.5197
2026-09-24 18:08:00,2665.41,2672.17,2665.41,2671.47,524.0135
2026-09-24 18:09:00,2671.47,2673.56,2670.96,2673.43,238.3345
2026-09-24 18:10:00,2673.44,2674.43,2671.21,2673.99,258.3625
2026-09-24 18:11:00,2673.98,2675.72,2672.35,2672.41,169.7557
2026-09-24 18:12:00,2672.41,2674.33,2672.28,2672.96,175.45
2026-09-24 18:13:00,2672.97,2673.45,2671.94,2672.94,127.1771
2026-09-24 18:14:00,2672.93,2675.69,2672.44,2675.69,93.7069
2026-09-24 18:15:00,2675.69,2676.03,2674.52,2676.0,157.215
2026-09-24 18:16:00,2675.98,2677.97,2675.65,2677.35,104.1502
2026-09-24 18:17:00,2677.35,2678.74,2677.35,2678.73,256.5768
2026-09-24 18:18:00,2678.74,2680.0,2677.54,2678.68,334.7281
2026-09-24 18:19:00,2678.68,2678.69,2677.83,2678.27,88.719
2026-09-24 18:20:00,2678.28,2679.14,2676.82,2679.14,99.4611
2026-09-24 18:21:00,2679.14,2680.0,2679.13,2679.54,47.3548
2026-09-24 18:22:00,2679.54,2680.86,2679.4,2680.26,188.452
2026-09-24 18:23:00,2680.26,2680.69,2679.57,2680.16,80.3215
2026-09-24 18:24:00,2680.15,2680.66,2679.3,2680.66,102.6275
2026-09-24 18:25:00,2680.67,2685.7,2680.51,2680.93,593.7679
2026-09-24 18:26:00,2680.93,2685.01,2680.93,2683.3,193.3035
2026-09-24 18:27:00,2683.3,2684.4,2682.58,2684.4,93.7782
2026-09-24 18:28:00,2684.39,2685.42,2683.41,2683.85,94.2554
2026-09-24 18:29:00,2683.86,2684.47,2682.79,2683.19,232.609
2026-09-24 18:30:00,2683.2,2686.91,2683.2,2685.56,281.5445
2026-09-24 18:31:00,2685.56,2685.56,2683.8,2684.44,159.5225
2026-09-24 18:32:00,2684.44,2685.87,2682.83,2682.83,209.5822
2026-09-24 18:33:00,2682.84,2683.24,2682.54,2683.17,99.404
2026-09-24 18:34:00,2683.18,2683.3,2681.64,2681.97,214.5523
2026-09-24 18:35:00,2681.97,2681.98,2679.23,2679.59,167.9095
2026-09-24 18:36:00,2679.6,2682.16,2679.59,2680.11,129.3637
2026-09-24 18:37:00,2680.1,2684.54,2680.1,2682.29,221.2406
2026-09-24 18:38:00,2682.29,2689.96,2682.29,2688.53,609.2377
2026-09-24 18:39:00,2688.53,2691.66,2686.38,2686.59,577.6434
2026-09-24 18:40:00,2686.59,2686.64,2685.13,2686.18,111.7399
2026-09-24 18:41:00,2686.17,2686.81,2684.69,2686.47,103.8045
2026-09-24 18:42:00,2686.47,2688.01,2685.54,2687.59,611.5522
2026-09-24 18:43:00,2687.59,2687.59,2686.23,2686.94,96.7115
2026-09-24 18:44:00,2686.93,2687.63,2686.93,2687.38,62.8998
2026-09-24 18:45:00,2687.37,2688.68,2687.37,2687.94,106.6141
2026-09-24 18:46:00,2687.93,2688.16,2687.13,2687.3,129.1398
2026-09-24 18:47:00,2687.3,2688.34,2686.23,2686.24,94.2948
2026-09-24 18:48:00,2686.24,2688.0,2686.24,2688.0,101.2964
2026-09-24 18:49:00,2688.0,2689.27,2686.92,2688.72,132.5939
2026-09-24 18:50:00,2688.71,2693.36,2688.71,2692.66,508.7623
2026-09-24 18:51:00,2692.65,2692.65,2689.83,2691.63,153.8617
2026-09-24 18:52:00,2691.63,2691.91,2691.19,2691.2,68.1928
2026-09-24 18:53:00,2691.2,2691.77,2690.6,2690.94,180.2473
2026-09-24 18:54:00,2690.93,2691.54,2690.13,2691.54,107.3445
2026-09-24 18:55:00,2691.53,2693.48,2691.53,2693.48,133.3907
2026-09-24 18:56:00,2693.47,2693.68,2693.3,2693.44,42.6125
2026-09-24 18:57:00,2693.43,2694.62,2693.43,2694.61,114.5316
2026-09-24 18:58:00,2694.61,2694.62,2692.42,2692.7,155.4095
2026-09-24 18:59:00,2692.71,2692.93,2689.28,2690.12,1075.5177
2026-09-24 19:00:00,2690.13,2691.07,2688.83,2689.44,201.5749
2026-09-24 19:01:00,2689.44,2689.45,2685.93,2686.68,312.9163
2026-09-24 19:02:00,2686.68,2688.06,2684.84,2685.24,224.4225
2026-09-24 19:03:00,2685.25,2686.25,2684.19,2684.2,301.7599
2026-09-24 19:04:00,2684.2,2684.48,2682.91,2684.15,166.784
2026-09-24 19:05:00,2684.15,2684.46,2682.91,2684.44,122.4997
2026-09-24 19:06:00,2684.44,2685.52,2684.19,2685.19,126.7674
2026-09-24 19:07:00,2685.18,2688.16,2684.19,2686.99,269.6174
2026-09-24 19:08:00,2686.99,2687.89,2685.35,2686.77,947.6756
2026-09-24 19:09:00,2686.78,2689.41,2686.62,2689.33,172.9189
2026-09-24 19:10:00,2689.33,2690.04,2688.14,2688.15,122.4109
2026-09-24 19:11:00,2688.14,2689.12,2687.56,2689.12,114.3459
2026-09-24 19:12:00,2689.11,2690.14,2689.11,2690.14,122.2693
2026-09-24 19:13:00,2690.14,2692.29,2690.04,2692.29,167.4065
2026-09-24 19:14:00,2692.28,2692.93,2689.77,2689.77,157.3281
2026-09-24 19:15:00,2689.76,2691.85,2689.76,2691.13,156.2125
2026-09-24 19:16:00,2691.13,2691.99,2690.63,2691.98,104.2793
2026-09-24 19:17:00,2691.99,2695.52,2691.99,2693.79,1294.9455
2026-09-24 19:18:00,2693.79,2696.11,2693.0,2696.11,1081.499
2026-09-24 19:19:00,2696.11,2696.96,2693.59,2696.65,1227.9101
2026-09-24 19:20:00,2696.64,2696.93,2694.39,2694.4,466.596
2026-09-24 19:21:00,2694.4,2694.58,2692.35,2692.93,237.0358
2026-09-24 19:22:00,2692.92,2694.19,2692.22,2693.46,154.1884
2026-09-24 19:23:00,2693.46,2694.03,2692.57,2694.03,99.6326
2026-09-24 19:24:00,2694.03,2694.98,2694.0,2694.62,54.7572
2026-09-24 19:25:00,2694.62,2697.02,2694.62,2697.01,158.2249
2026-09-24 19:26:00,2697.01,2697.01,2696.24,2696.64,182.2505
2026-09-24 19:27:00,2696.64,2697.08,2696.21,2696.28,140.3919
2026-09-24 19:28:00,2696.27,2698.08,2695.03,2698.05,368.8506
2026-09-24 19:29:00,2698.06,2698.06,2696.58,2697.3,140.5389
2026-09-24 19:30:00,2697.3,2697.31,2695.64,2696.5,151.1342
2026-09-24 19:31:00,2696.51,2697.01,2695.54,2696.0,148.1867
2026-09-24 19:32:00,2696.0,2696.29,2695.0,2695.3,239.1578
2026-09-24 19:33:00,2695.29,2697.01,2695.2,2697.01,250.1725
2026-09-24 19:34:00,2697.02,2697.61,2696.92,2697.61,138.3029
2026-09-24 19:35:00,2697.62,2697.62,2694.03,2694.59,297.7989
2026-09-24 19:36:00,2694.59,2694.9,2694.39,2694.4,786.8585
2026-09-24 19:37:00,2694.4,2694.4,2692.43,2692.47,412.3227
2026-09-24 19:38:00,2692.47,2692.9,2692.35,2692.55,131.1921
2026-09-24 19:39:00,2692.55,2692.9,2692.35,2692.9,86.386
2026-09-24 19:40:00,2692.9,2693.92,2692.35,2693.45,242.5116
2026-09-24 19:41:00,2693.44,2694.39,2693.38,2694.39,90.4947
2026-09-24 19:42:00,2694.4,2695.69,2694.4,2695.42,140.2813
2026-09-24 19:43:00,2695.42,2695.69,2693.92,2694.92,238.3977
2026-09-24 19:44:00,2694.92,2696.44,2694.91,2695.83,90.4941
2026-09-24 19:45:00,2695.82,2698.0,2695.65,2698.0,123.6927
2026-09-24 19:46:00,2698.0,2698.23,2696.62,2697.87,189.5683
2026-09-24 19:47:00,2697.88,2699.0,2697.87,2698.23,195.3011
2026-09-24 19:48:00,2698.24,2698.97,2697.66,2698.51,189.6787
2026-09-24 19:49:00,2698.51,2698.97,2698.5,2698.84,58.7491
2026-09-24 19:50:00,2698.84,2700.7,2698.84,2699.34,448.4259
2026-09-24 19:51:00,2699.34,2701.04,2699.22,2701.04,119.6215
2026-09-24 19:52:00,2701.04,2701.24,2698.47,2698.47,233.9139
2026-09-24 19:53:00,2698.47,2698.47,2696.84,2698.22,197.7734
2026-09-24 19:54:00,2698.22,2699.56,2698.22,2698.57,130.3382
2026-09-24 19:55:00,2698.56,2698.57,2697.23,2697.66,110.1244
2026-09-24 19:56:00,2697.66,2697.67,2694.39,2695.32,332.4188
2026-09-24 19:57:00,2695.31,2695.56,2694.76,2694.77,98.037
2026-09-24 19:58:00,2694.76,2694.94,2692.5,2692.98,184.2609
2026-09-24 19:59:00,2692.98,2697.11,2692.98,2696.95,908.9311
2026-09-24 20:00:00,2696.94,2697.38,2694.68,2694.68,587.8643
2026-09-24 20:01:00,2694.68,2694.68,2692.4,2692.41,154.9516
2026-09-24 20:02:00,2692.4,2694.62,2692.4,2694.62,152.6753
2026-09-24 20:03:00,2694.61,2697.0,2694.16,2697.0,199.13
2026-09-24 20:04:00,2696.99,2697.28,2693.99,2693.99,124.7914
2026-09-24 20:05:00,2693.98,2693.99,2692.36,2692.36,84.0764
2026-09-24 20:06:00,2692.36,2693.12,2691.39,2693.12,98.8514
2026-09-24 20:07:00,2693.12,2693.39,2692.45,2692.94,88.8851
2026-09-24 20:08:00,2692.93,2695.21,2692.35,2695.21,156.8957
2026-09-24 20:09:00,2695.21,2695.21,2693.93,2693.93,96.5176
2026-09-24 20:10:00,2693.93,2694.21,2693.39,2693.73,95.7322
2026-09-24 20:11:00,2693.73,2694.21,2693.25,2693.26,94.6385
2026-09-24 20:12:00,2693.26,2693.41,2691.42,2693.4,200.4328
2026-09-24 20:13:00,2693.4,2693.4,2690.68,2690.69,169.6545
2026-09-24 20:14:00,2690.68,2690.69,2688.46,2688.51,287.9111
2026-09-24 20:15:00,2688.51,2689.21,2688.51,2688.99,54.8211
2026-09-24 20:16:00,2688.99,2690.19,2688.27,2689.22,279.9581
2026-09-24 20:17:00,2689.22,2690.24,2688.66,2690.19,173.85
2026-09-24 20:18:00,2690.19,2690.74,2689.46,2689.87,99.2416
2026-09-24 20:19:00,2689.88,2691.03,2689.27,2689.27,126.5482
2026-09-24 20:20:00,2689.28,2689.28,2687.45,2687.72,118.336
2026-09-24 20:21:00,2687.73,2688.37,2687.21,2687.21,115.3958
2026-09-24 20:22:00,2687.21,2688.75,2686.46,2687.9,238.9837
2026-09-24 20:23:00,2687.89,2688.03,2685.38,2685.45,193.0423
2026-09-24 20:24:00,2685.44,2685.45,2683.52,2683.53,193.8461
2026-09-24 20:25:00,2683.53,2684.68,2681.81,2684.68,682.4992
2026-09-24 20:26:00,2684.67,2685.39,2684.19,2685.21,265.0196
2026-09-24 20:27:00,2685.2,2688.46,2685.2,2686.62,990.7868
2026-09-24 20:28:00,2686.63,2689.87,2686.62,2689.86,230.1752
2026-09-24 20:29:00,2689.86,2689.86,2688.05,2688.7,108.0382
2026-09-24 20:30:00,2688.71,2689.01,2685.75,2687.28,156.7141
2026-09-24 20:31:00,2687.28,2688.35,2687.28,2688.27,58.3323
2026-09-24 20:32:00,2688.28,2688.28,2685.33,2685.33,117.2344
2026-09-24 20:33:00,2685.33,2685.33,2683.91,2683.91,107.3794
2026-09-24 20:34:00,2683.91,2687.33,2683.47,2687.08,147.7932
2026-09-24 20:35:00,2687.09,2687.49,2686.47,2687.49,67.9322
2026-09-24 20:36:00,2687.48,2687.49,2686.97,2686.97,41.5258
2026-09-24 20:37:00,2686.98,2687.28,2684.99,2685.65,65.3614
2026-09-24 20:38:00,2685.65,2686.52,2685.29,2686.15,43.2448
2026-09-24 20:39:00,2686.14,2688.98,2685.39,2688.17,1262.221
2026-09-24 20:40:00,2688.17,2689.69,2688.17,2688.85,126.2653
2026-09-24 20:41:00,2688.84,2689.76,2688.84,2688.94,66.1861
2026-09-24 20:42:00,2688.94,2689.61,2688.29,2688.6,61.7666
2026-09-24 20:43:00,2688.6,2689.14,2688.59,2688.88,26.829
2026-09-24 20:44:00,2688.87,2688.88,2687.94,2688.06,72.5963
2026-09-24 20:45:00,2688.06,2688.6,2687.63,2688.58,48.9265
2026-09-24 20:46:00,2688.57,2690.32,2688.57,2690.32,101.2061
2026-09-24 20:47:00,2690.32,2690.32,2688.41,2688.41,80.5631
2026-09-24 20:48:00,2688.4,2688.42,2687.49,2688.42,94.325
2026-09-24 20:49:00,2688.43,2690.87,2688.43,2690.39,129.595
2026-09-24 20:50:00,2690.39,2690.39,2689.39,2690.05,69.3001
2026-09-24 20:51:00,2690.05,2690.05,2689.79,2689.8,12.0494
2026-09-24 20:52:00,2689.8,2689.8,2688.27,2688.86,124.6285
2026-09-24 20:53:00,2688.85,2689.47,2688.61,2688.73,155.3066
2026-09-24 20:54:00,2688.73,2688.73,2686.99,2686.99,67.3651
2026-09-24 20:55:00,2687.0,2687.74,2686.23,2686.35,136.7152
2026-09-24 20:56:00,2686.35,2686.78,2686.35,2686.77,17.5067
2026-09-24 20:57:00,2686.78,2686.78,2685.25,2685.32,126.9515
2026-09-24 20:58:00,2685.32,2687.47,2685.32,2687.47,160.2224
2026-09-24 20:59:00,2687.48,2688.28,2687.47,2688.27,42.0894
2026-09-24 21:00:00,2688.28,2689.45,2688.28,2689.45,34.4156
2026-09-24 21:01:00,2689.45,2690.08,2688.72,2690.08,104.1332
2026-09-24 21:02:00,2690.08,2691.07,2688.31,2688.32,260.419
2026-09-24 21:03:00,2688.31,2688.71,2687.64,2687.98,85.4516
2026-09-24 21:04:00,2687.99,2687.99,2687.22,2687.65,80.7008
2026-09-24 21:05:00,2687.66,2687.99,2687.54,2687.57,66.5402
2026-09-24 21:06:00,2687.57,2687.99,2685.53,2686.27,119.7816
2026-09-24 21:07:00,2686.28,2686.76,2685.45,2685.74,68.3411
2026-09-24 21:08:00,2685.73,2687.03,2685.73,2686.37,86.6189
2026-09-24 21:09:00,2686.36,2686.92,2685.88,2685.89,44.8725
2026-09-24 21:10:00,2685.88,2687.62,2685.73,2687.62,79.8269
2026-09-24 21:11:00,2687.62,2687.62,2686.33,2686.33,59.6685
2026-09-24 21:12:00,2686.33,2687.67,2686.33,2687.67,41.5988
2026-09-24 21:13:00,2687.67,2687.99,2686.78,2686.79,56.0941
2026-09-24 21:14:00,2686.78,2687.0,2686.32,2686.33,53.7539
2026-09-24 21:15:00,2686.32,2688.63,2686.32,2688.63,47.9652
2026-09-24 21:16:00,2688.62,2689.32,2688.44,2688.79,44.9806
2026-09-24 21:17:00,2688.79,2688.79,2687.97,2688.5,107.3508
2026-09-24 21:18:00,2688.51,2689.12,2688.5,2688.88,49.3051
2026-09-24 21:19:00,2688.87,2689.1,2688.55,2688.56,34.2508
2026-09-24 21:20:00,2688.56,2689.88,2688.56,2689.17,305.9193
2026-09-24 21:21:00,2689.17,2690.32,2689.05,2690.31,57.6266
2026-09-24 21:22:00,2690.31,2690.32,2689.68,2689.68,42.1953
2026-09-24 21:23:00,2689.68,2689.69,2689.68,2689.69,3.5899
2026-09-24 21:24:00,2689.69,2689.86,2689.69,2689.85,38.9367
2026-09-24 21:25:00,2689.85,2690.32,2689.85,2690.15,57.7728
2026-09-24 21:26:00,2690.15,2690.15,2690.14,2690.15,29.2149
2026-09-24 21:27:00,2690.14,2690.15,2689.13,2689.33,179.1642
2026-09-24 21:28:00,2689.33,2689.33,2689.0,2689.01,28.3433
2026-09-24 21:29:00,2689.0,2689.07,2688.92,2689.07,31.4268
2026-09-24 21:30:00,2689.07,2689.08,2689.07,2689.08,11.7615
2026-09-24 21:31:00,2689.08,2690.1,2689.07,2690.09,48.1316
2026-09-24 21:32:00,2690.1,2691.4,2690.1,2691.4,86.0009
2026-09-24 21:33:00,2691.4,2692.36,2691.39,2692.2,128.3559
2026-09-24 21:34:00,2692.21,2692.21,2691.95,2691.95,93.3005
2026-09-24 21:35:00,2691.96,2692.9,2691.95,2692.63,181.8786
2026-09-24 21:36:00,2692.62,2693.02,2692.61,2692.62,168.8292
2026-09-24 21:37:00,2692.63,2692.63,2690.49,2690.52,145.825
2026-09-24 21:38:00,2690.52,2690.52,2688.64,2689.66,243.9237
2026-09-24 21:39:00,2689.66,2689.67,2689.12,2689.22,77.7801
2026-09-24 21:40:00,2689.23,2690.55,2689.23,2690.08,101.3359
2026-09-24 21:41:00,2690.08,2690.67,2690.08,2690.67,23.7736
2026-09-24 21:42:00,2690.67,2690.68,2690.41,2690.56,93.6684
2026-09-24 21:43:00,2690.55,2690.55,2688.82,2689.52,353.1106
2026-09-24 21:44:00,2689.52,2690.42,2689.52,2690.42,39.7944
2026-09-24 21:45:00,2690.42,2691.25,2687.96,2689.66,215.6121
2026-09-24 21:46:00,2689.66,2690.64,2689.66,2689.94,160.8527
2026-09-24 21:47:00,2689.94,2690.78,2689.86,2690.31,108.7177
2026-09-24 21:48:00,2690.31,2690.32,2690.03,2690.03,37.7728
2026-09-24 21:49:00,2690.03,2690.03,2687.92,2688.28,163.3048
2026-09-24 21:50:00,2688.28,2689.67,2688.27,2689.39,28.9948
2026-09-24 21:51:00,2689.39,2689.7,2689.31,2689.7,40.4513
2026-09-24 21:52:00,2689.69,2690.31,2689.58,2690.04,138.7826
2026-09-24 21:53:00,2690.05,2690.32,2689.8,2690.23,57.6386
2026-09-24 21:54:00,2690.22,2690.22,2688.64,2689.38,108.4696
2026-09-24 21:55:00,2689.38,2689.39,2687.73,2688.09,54.2058
2026-09-24 21:56:00,2688.09,2688.4,2687.96,2687.97,59.6802
2026-09-24 21:57:00,2687.97,2688.33,2687.58,2687.59,68.5444
2026-09-24 21:58:00,2687.59,2687.73,2686.23,2686.23,156.8344
2026-09-24 21:59:00,2686.24,2687.07,2686.16,2686.72,46.5527
2026-09-24 22:00:00,2686.72,2687.07,2684.7,2685.55,724.5137
2026-09-24 22:01:00,2685.54,2685.94,2683.56,2685.94,193.0805
2026-09-24 22:02:00,2685.93,2686.58,2684.7,2686.58,200.8177
2026-09-24 22:03:00,2686.58,2688.28,2686.57,2688.28,93.8232
2026-09-24 22:04:00,2688.28,2688.28,2687.19,2687.33,90.5354
2026-09-24 22:05:00,2687.32,2687.32,2683.72,2683.91,102.9942
2026-09-24 22:06:00,2683.9,2684.57,2683.47,2684.5,411.1962
2026-09-24 22:07:00,2684.5,2685.08,2683.47,2685.08,92.2789
2026-09-24 22:08:00,2685.07,2685.08,2684.29,2684.45,54.3093
2026-09-24 22:09:00,2684.45,2685.52,2684.45,2685.51,25.4686
2026-09-24 22:10:00,2685.5,2685.51,2684.93,2685.49,92.6501
2026-09-24 22:11:00,2685.49,2685.49,2684.93,2685.3,87.4043
2026-09-24 22:12:00,2685.29,2685.86,2685.09,2685.86,87.6472
2026-09-24 22:13:00,2685.85,2686.19,2684.52,2685.73,1126.5442
2026-09-24 22:14:00,2685.74,2686.85,2685.52,2685.78,323.7236
2026-09-24 22:15:00,2685.79,2686.48,2685.59,2686.47,51.9189
2026-09-24 22:16:00,2686.48,2686.48,2683.62,2683.62,215.1212
2026-09-24 22:17:00,2683.63,2683.63,2681.89,2682.16,186.9999
2026-09-24 22:18:00,2682.17,2682.17,2681.01,2681.52,138.7423
2026-09-24 22:19:00,2681.52,2682.45,2676.03,2677.81,757.8014
2026-09-24 22:20:00,2677.81,2678.52,2677.05,2678.52,166.9493
2026-09-24 22:21:00,2678.51,2678.78,2677.53,2678.78,75.5525
2026-09-24 22:22:00,2678.79,2679.2,2678.18,2678.69,194.6209
2026-09-24 22:23:00,2678.71,2679.28,2678.07,2678.66,70.3333
2026-09-24 22:24:00,2678.66,2681.15,2678.07,2681.13,311.6146
2026-09-24 22:25:00,2681.14,2682.85,2681.13,2682.65,661.0078
2026-09-24 22:26:00,2682.64,2682.64,2680.93,2681.66,109.4315
2026-09-24 22:27:00,2681.65,2682.02,2681.56,2682.02,76.0382
2026-09-24 22:28:00,2682.02,2682.24,2681.16,2681.27,45.9011
2026-09-24 22:29:00,2681.27,2681.27,2680.5,2680.64,46.2101
2026-09-24 22:30:00,2680.65,2680.99,2680.32,2680.7,71.5287
2026-09-24 22:31:00,2680.7,2682.94,2680.7,2682.43,70.1185
2026-09-24 22:32:00,2682.43,2682.51,2681.08,2681.71,44.5473
2026-09-24 22:33:00,2681.72,2683.55,2681.72,2683.54,126.9326
2026-09-24 22:34:00,2683.54,2683.55,2683.43,2683.43,37.2984
2026-09-24 22:35:00,2683.44,2683.96,2682.28,2682.28,42.3099
2026-09-24 22:36:00,2682.28,2684.11,2682.17,2682.81,632.5226
2026-09-24 22:37:00,2682.81,2682.93,2682.7,2682.93,25.8205
2026-09-24 22:38:00,2682.92,2682.92,2681.56,2681.56,74.627
2026-09-24 22:39:00,2681.54,2681.54,2680.95,2680.95,34.1872
2026-09-24 22:40:00,2680.95,2680.95,2679.78,2680.26,328.7126
2026-09-24 22:41:00,2680.25,2680.36,2679.93,2680.36,43.7628
2026-09-24 22:42:00,2680.35,2680.8,2680.11,2680.8,59.6244
2026-09-24 22:43:00,2680.8,2681.89,2680.8,2681.89,28.1026
2026-09-24 22:44:00,2681.88,2681.88,2681.19,2681.57,76.9667
2026-09-24 22:45:00,2681.57,2682.16,2681.57,2681.85,29.8101
2026-09-24 22:46:00,2681.86,2682.77,2681.85,2682.77,26.8904
2026-09-24 22:47:00,2682.78,2684.2,2682.78,2684.2,25.8707
2026-09-24 22:48:00,2684.19,2684.42,2684.19,2684.42,44.082
2026-09-24 22:49:00,2684.42,2684.89,2684.19,2684.88,32.3781
2026-09-24 22:50:00,2684.89,2684.99,2684.88,2684.99,16.2623
2026-09-24 22:51:00,2684.98,2685.0,2684.46,2684.99,44.3592
2026-09-24 22:52:00,2684.99,2685.0,2684.92,2684.92,15.7524
2026-09-24 22:53:00,2684.92,2684.93,2684.77,2684.77,28.3356
2026-09-24 22:54:00,2684.78,2685.43,2684.77,2685.08,112.4123
2026-09-24 22:55:00,2685.08,2685.08,2684.47,2684.52,42.29
2026-09-24 22:56:00,2684.52,2684.52,2684.36,2684.39,18.673
2026-09-24 22:57:00,2684.38,2684.43,2684.24,2684.28,30.5966
2026-09-24 22:58:00,2684.27,2684.28,2684.24,2684.24,12.3957
2026-09-24 22:59:00,2684.24,2685.53,2683.76,2685.53,76.0849
2026-09-24 23:00:00,2685.53,2685.84,2685.33,2685.84,61.5608
2026-09-24 23:01:00,2685.83,2686.24,2685.52,2685.7,74.9085
2026-09-24 23:02:00,2685.7,2686.62,2685.7,2686.24,134.7961
2026-09-24 23:03:00,2686.23,2687.47,2686.2,2687.47,78.5512
2026-09-24 23:04:00,2687.47,2687.71,2687.34,2687.71,94.5632
2026-09-24 23:05:00,2687.72,2688.74,2687.72,2688.74,122.1485
2026-09-24 23:06:00,2688.75,2688.86,2688.55,2688.86,47.4768
2026-09-24 23:07:00,2688.86,2688.94,2688.28,2688.94,163.2525
2026-09-24 23:08:00,2688.93,2689.02,2688.28,2688.48,93.8234
2026-09-24 23:09:00,2688.49,2688.52,2688.2,2688.45,94.4359
2026-09-24 23:10:00,2688.46,2689.21,2688.45,2688.77,69.9813
2026-09-24 23:11:00,2688.77,2688.77,2688.52,2688.52,14.8211
2026-09-24 23:12:00,2688.53,2688.9,2685.02,2685.2,230.6709
2026-09-24 23:13:00,2685.2,2686.09,2685.2,2686.09,52.1599
2026-09-24 23:14:00,2686.09,2686.09,2685.87,2685.87,19.4319
2026-09-24 23:15:00,2685.88,2685.88,2685.44,2685.66,47.8575
2026-09-24 23:16:00,2685.67,2686.87,2685.67,2686.86,44.2714
2026-09-24 23:17:00,2686.86,2687.61,2686.64,2687.61,195.0527
2026-09-24 23:18:00,2687.6,2689.21,2687.6,2688.28,107.2168
2026-09-24 23:19:00,2688.27,2688.27,2687.51,2687.52,57.5588
2026-09-24 23:20:00,2687.51,2688.24,2687.5,2688.04,92.3691
2026-09-24 23:21:00,2688.04,2689.74,2687.71,2689.54,105.8101
2026-09-24 23:22:00,2689.53,2690.32,2689.4,2690.27,131.1945
2026-09-24 23:23:00,2690.27,2690.28,2690.01,2690.01,32.7799
2026-09-24 23:24:00,2690.0,2690.74,2689.99,2690.73,49.9698
2026-09-24 23:25:00,2690.74,2691.01,2690.6,2691.01,77.2194
2026-09-24 23:26:00,2691.01,2691.96,2691.0,2691.59,76.2764
2026-09-24 23:27:00,2691.59,2693.08,2691.59,2693.07,199.5941
2026-09-24 23:28:00,2693.08,2693.18,2692.5,2692.8,69.4705
2026-09-24 23:29:00,2692.79,2692.9,2692.51,2692.89,102.1044
2026-09-24 23:30:00,2692.89,2693.18,2692.89,2693.17,28.4492
2026-09-24 23:31:00,2693.17,2693.18,2692.65,2692.82,71.96
2026-09-24 23:32:00,2692.82,2692.94,2690.63,2691.28,576.7285
2026-09-24 23:33:00,2691.29,2692.13,2691.28,2692.13,66.6642
2026-09-24 23:34:00,2692.13,2692.13,2691.18,2691.42,226.7128
2026-09-24 23:35:00,2691.42,2691.92,2691.42,2691.91,24.1524
2026-09-24 23:36:00,2691.91,2692.76,2691.91,2692.76,23.3118
2026-09-24 23:37:00,2692.75,2692.75,2691.98,2691.98,56.1564
2026-09-24 23:38:00,2691.98,2692.6,2691.71,2692.59,50.3219
2026-09-24 23:39:00,2692.6,2692.75,2691.42,2691.43,124.7762
2026-09-24 23:40:00,2691.42,2691.78,2691.42,2691.77,27.8547
2026-09-24 23:41:00,2691.77,2692.66,2691.71,2692.66,42.925
2026-09-24 23:42:00,2692.67,2692.67,2692.35,2692.35,155.9732
2026-09-24 23:43:00,2692.35,2692.36,2691.48,2691.69,62.2704
2026-09-24 23:44:00,2691.68,2691.69,2690.25,2690.25,84.9193
2026-09-24 23:45:00,2690.26,2690.34,2690.09,2690.19,89.9638
2026-09-24 23:46:00,2690.19,2690.2,2690.15,2690.15,71.0838
2026-09-24 23:47:00,2690.16,2690.19,2690.16,2690.18,14.3743
2026-09-24 23:48:00,2690.18,2690.35,2690.18,2690.32,33.9611
2026-09-24 23:49:00,2690.31,2690.31,2689.52,2690.07,56.6917
2026-09-24 23:50:00,2690.08,2691.05,2690.08,2691.04,64.7058
2026-09-24 23:51:00,2691.04,2691.04,2690.06,2690.32,81.8441
2026-09-24 23:52:00,2690.31,2690.32,2689.5,2689.5,30.7014
2026-09-24 23:53:00,2689.5,2689.5,2689.18,2689.18,31.9568
2026-09-24 23:54:00,2689.18,2689.18,2687.3,2687.4,170.4892
2026-09-24 23:55:00,2687.41,2688.02,2687.41,2688.01,87.614
2026-09-24 23:56:00,2688.02,2688.28,2688.01,2688.27,22.0915
2026-09-24 23:57:00,2688.27,2688.28,2687.95,2687.95,26.3278
2026-09-24 23:58:00,2687.95,2688.06,2687.95,2688.05,66.6494
2026-09-24 23:59:00,2688.06,2688.06,2688.05,2688.05,7.7352
2026-09-25 00:00:00,2688.06,2688.55,2688.05,2688.55,49.9574
2026-09-25 00:01:00,2688.55,2688.55,2688.54,2688.54,11.096
2026-09-25 00:02:00,2688.54,2689.22,2688.54,2689.21,13.7475
2026-09-25 00:03:00,2689.22,2691.36,2689.21,2691.26,42.0271
2026-09-25 00:04:00,2691.26,2692.36,2691.25,2692.35,56.3165
2026-09-25 00:05:00,2692.35,2693.27,2691.26,2693.2,116.575
2026-09-25 00:06:00,2693.2,2693.2,2690.73,2690.91,92.6981
2026-09-25 00:07:00,2690.91,2691.74,2690.9,2691.74,48.2066
2026-09-25 00:08:00,2691.73,2694.61,2691.49,2694.6,239.5557
2026-09-25 00:09:00,2694.61,2697.78,2694.39,2696.92,333.1264
2026-09-25 00:10:00,2696.93,2697.05,2693.98,2693.99,227.8854
2026-09-25 00:11:00,2694.0,2695.07,2692.89,2693.86,119.7916
2026-09-25 00:12:00,2693.86,2695.08,2693.34,2694.4,106.6058
2026-09-25 00:13:00,2694.4,2695.33,2694.39,2695.33,35.1028
2026-09-25 00:14:00,2695.33,2696.12,2694.63,2694.99,121.5684
2026-09-25 00:15:00,2694.99,2695.0,2692.93,2694.39,78.7239
2026-09-25 00:16:00,2694.39,2694.76,2693.05,2694.25,88.3072
2026-09-25 00:17:00,2694.26,2694.26,2692.35,2692.56,38.1608
2026-09-25 00:18:00,2692.56,2692.56,2691.35,2691.53,105.63
2026-09-25 00:19:00,2691.53,2691.99,2691.03,2691.58,45.0947
2026-09-25 00:20:00,2691.58,2692.96,2691.58,2692.46,82.6201
2026-09-25 00:21:00,2692.47,2692.47,2690.86,2691.17,67.64
2026-09-25 00:22:00,2691.18,2692.75,2690.86,2692.75,69.7594
2026-09-25 00:23:00,2692.75,2693.86,2692.74,2693.57,39.5287
2026-09-25 00:24:00,2693.57,2693.57,2691.9,2691.9,129.6307
2026-09-25 00:25:00,2691.91,2692.45,2691.16,2692.45,83.8233
2026-09-25 00:26:00,2692.45,2693.1,2691.52,2691.53,54.5209
2026-09-25 00:27:00,2691.52,2692.79,2691.52,2692.79,77.1455
2026-09-25 00:28:00,2692.79,2693.08,2691.48,2692.67,122.5311
2026-09-25 00:29:00,2692.67,2692.67,2691.06,2691.84,130.9721
2026-09-25 00:30:00,2691.83,2691.84,2689.44,2689.45,82.6098
2026-09-25 00:31:00,2689.44,2689.45,2688.87,2688.87,37.1998
2026-09-25 00:32:00,2688.87,2691.08,2688.87,2690.19,88.0655
2026-09-25 00:33:00,2690.19,2691.05,2689.12,2690.87,118.6128
2026-09-25 00:34:00,2690.87,2691.73,2689.39,2689.39,57.0732
2026-09-25 00:35:00,2689.4,2690.18,2689.19,2689.19,27.4325
2026-09-25 00:36:00,2689.19,2692.21,2688.36,2691.16,267.4357
2026-09-25 00:37:00,2691.17,2692.06,2690.39,2690.89,104.9352
2026-09-25 00:38:00,2690.9,2692.29,2690.66,2691.79,53.9926
2026-09-25 00:39:00,2691.78,2691.81,2691.03,2691.71,72.2008
2026-09-25 00:40:00,2691.71,2693.4,2691.39,2693.4,80.2901
2026-09-25 00:41:00,2693.39,2693.58,2693.15,2693.44,27.0539
2026-09-25 00:42:00,2693.45,2694.4,2691.5,2691.5,325.3473
2026-09-25 00:43:00,2691.5,2692.04,2691.15,2691.79,38.4715
2026-09-25 00:44:00,2691.79,2691.79,2690.47,2690.47,50.6493
2026-09-25 00:45:00,2690.48,2690.91,2689.2,2689.31,43.8272
2026-09-25 00:46:00,2689.31,2690.59,2689.31,2690.59,36.2238
2026-09-25 00:47:00,2690.59,2691.0,2689.08,2689.19,47.078
2026-09-25 00:48:00,2689.19,2690.28,2688.97,2689.72,86.6321
2026-09-25 00:49:00,2689.72,2691.73,2689.65,2691.27,97.9955
2026-09-25 00:50:00,2691.27,2691.29,2689.57,2689.58,33.6348
2026-09-25 00:51:00,2689.57,2691.15,2689.41,2690.85,38.4296
2026-09-25 00:52:00,2690.85,2690.85,2689.93,2689.93,42.4135
2026-09-25 00:53:00,2689.93,2689.93,2688.97,2689.92,63.0899
2026-09-25 00:54:00,2689.93,2691.9,2689.93,2691.25,57.5306
2026-09-25 00:55:00,2691.25,2691.25,2690.31,2690.32,45.7472
2026-09-25 00:56:00,2690.31,2691.0,2690.05,2690.32,40.1993
2026-09-25 00:57:00,2690.32,2691.41,2690.32,2690.32,44.7862
2026-09-25 00:58:00,2690.31,2690.76,2690.08,2690.25,65.0983
2026-09-25 00:59:00,2690.25,2690.78,2690.0,2690.78,26.6994
2026-09-25 01:00:00,2690.78,2690.78,2689.53,2690.64,35.7062
2026-09-25 01:01:00,2690.64,2693.43,2690.64,2693.42,66.2471
2026-09-25 01:02:00,2693.43,2696.11,2693.42,2695.73,121.5101
2026-09-25 01:03:00,2695.72,2695.73,2694.81,2695.45,51.4739
2026-09-25 01:04:00,2695.45,2697.39,2695.37,2696.43,181.3919
2026-09-25 01:05:00,2696.43,2696.44,2695.55,2696.07,118.9939
2026-09-25 01:06:00,2696.07,2696.07,2694.76,2695.34,117.1718
2026-09-25 01:07:00,2695.34,2696.12,2694.48,2694.9,57.135
2026-09-25 01:08:00,2694.91,2697.28,2694.9,2697.01,174.728
2026-09-25 01:09:00,2697.01,2698.0,2697.01,2697.99,61.1802
2026-09-25 01:10:00,2697.98,2698.0,2697.07,2697.24,91.374
2026-09-25 01:11:00,2697.25,2698.48,2697.11,2698.08,295.4063
2026-09-25 01:12:00,2698.07,2698.08,2695.39,2695.39,57.1777
2026-09-25 01:13:00,2695.39,2696.23,2695.09,2695.56,99.8485
2026-09-25 01:14:00,2695.56,2695.88,2693.96,2693.96,68.3264
2026-09-25 01:15:00,2693.97,2695.49,2693.96,2695.13,135.885
2026-09-25 01:16:00,2695.12,2695.12,2693.34,2693.86,55.6881
2026-09-25 01:17:00,2693.86,2697.15,2693.86,2696.44,85.5116
2026-09-25 01:18:00,2696.43,2697.59,2694.63,2696.44,109.301
2026-09-25 01:19:00,2696.44,2696.44,2694.52,2694.78,68.9425
2026-09-25 01:20:00,2694.77,2695.29,2693.32,2693.32,57.6349
2026-09-25 01:21:00,2693.32,2694.71,2693.1,2694.65,90.4825
2026-09-25 01:22:00,2694.64,2694.64,2692.64,2693.02,49.9787
2026-09-25 01:23:00,2693.02,2693.03,2691.04,2691.16,59.7919
2026-09-25 01:24:00,2691.16,2692.08,2690.84,2690.85,57.0552
2026-09-25 01:25:00,2690.84,2690.85,2688.82,2689.12,102.0624
2026-09-25 01:26:00,2689.12,2691.15,2689.12,2690.31,58.2556
2026-09-25 01:27:00,2690.31,2691.1,2690.02,2690.9,31.9686
2026-09-25 01:28:00,2690.91,2690.91,2689.29,2689.3,25.2555
2026-09-25 01:29:00,2689.3,2689.3,2688.86,2689.28,30.0138
2026-09-25 01:30:00,2689.28,2689.29,2684.46,2684.46,246.8942
2026-09-25 01:31:00,2684.46,2684.78,2683.1,2683.29,119.777
2026-09-25 01:32:00,2683.31,2686.57,2683.31,2685.1,126.9447
2026-09-25 01:33:00,2685.1,2685.32,2684.19,2684.19,38.8595
2026-09-25 01:34:00,2684.19,2684.38,2683.3,2684.21,29.6529
2026-09-25 01:35:00,2684.21,2684.44,2682.5,2684.44,71.0172
2026-09-25 01:36:00,2684.43,2684.44,2682.9,2682.9,64.4643
2026-09-25 01:37:00,2682.91,2684.37,2682.75,2682.99,129.8952
2026-09-25 01:38:00,2682.99,2683.47,2682.53,2683.43,49.9513
2026-09-25 01:39:00,2683.43,2686.2,2683.43,2685.61,51.2621
2026-09-25 01:40:00,2685.6,2685.6,2683.74,2683.98,103.9885
2026-09-25 01:41:00,2683.99,2687.12,2683.99,2686.91,75.493
2026-09-25 01:42:00,2686.9,2687.64,2686.83,2687.5,38.6098
2026-09-25 01:43:00,2687.51,2688.1,2687.27,2687.27,27.2672
2026-09-25 01:44:00,2687.27,2687.9,2686.9,2686.91,18.8294
2026-09-25 01:45:00,2686.9,2687.27,2686.9,2687.1,26.6792
2026-09-25 01:46:00,2687.1,2688.28,2687.1,2688.28,51.6156
2026-09-25 01:47:00,2688.28,2689.12,2686.95,2686.96,103.0953
2026-09-25 01:48:00,2686.95,2689.03,2686.95,2688.67,62.2527
2026-09-25 01:49:00,2688.67,2689.0,2688.41,2688.8,101.0688
2026-09-25 01:50:00,2688.8,2689.93,2687.94,2689.33,99.4166
2026-09-25 01:51:00,2689.34,2690.18,2688.52,2690.18,73.7613
2026-09-25 01:52:00,2690.18,2690.83,2689.76,2689.76,95.5555
2026-09-25 01:53:00,2689.75,2690.17,2687.64,2687.81,62.7751
2026-09-25 01:54:00,2687.82,2687.82,2687.42,2687.57,41.6912
2026-09-25 01:55:00,2687.56,2687.56,2687.2,2687.2,15.5156
2026-09-25 01:56:00,2687.21,2687.49,2687.17,2687.49,18.1725
2026-09-25 01:57:00,2687.48,2688.82,2687.42,2688.27,116.2351
2026-09-25 01:58:00,2688.27,2688.71,2687.66,2688.71,31.6159
2026-09-25 01:59:00,2688.71,2689.58,2688.71,2689.58,24.6475
2026-09-25 02:00:00,2689.58,2690.19,2689.24,2689.62,56.2155
2026-09-25 02:01:00,2689.62,2690.32,2689.23,2690.31,47.3662
2026-09-25 02:02:00,2690.32,2694.73,2690.32,2694.72,439.1426
2026-09-25 02:03:00,2694.72,2697.07,2694.4,2697.07,135.2078
2026-09-25 02:04:00,2697.07,2698.0,2696.89,2697.73,192.8406
2026-09-25 02:05:00,2697.73,2698.24,2697.63,2697.73,392.3635
2026-09-25 02:06:00,2697.74,2698.34,2697.04,2698.34,183.7128
2026-09-25 02:07:00,2698.33,2698.48,2696.72,2696.76,105.8882
2026-09-25 02:08:00,2696.76,2697.16,2695.71,2695.99,194.2764
2026-09-25 02:09:00,2695.98,2697.81,2695.9,2697.15,185.5838
2026-09-25 02:10:00,2697.16,2698.01,2696.56,2698.0,215.9985
2026-09-25 02:11:00,2698.01,2698.03,2697.67,2698.02,42.9195
2026-09-25 02:12:00,2698.03,2698.47,2697.54,2697.6,154.8769
2026-09-25 02:13:00,2697.6,2697.6,2696.73,2696.99,22.7157
2026-09-25 02:14:00,2696.98,2697.58,2696.57,2697.14,69.4338
2026-09-25 02:15:00,2697.14,2700.21,2695.58,2695.59,672.6769
2026-09-25 02:16:00,2695.59,2696.73,2694.62,2696.69,185.6557
2026-09-25 02:17:00,2696.69,2697.91,2696.69,2697.82,60.3328
2026-09-25 02:18:00,2697.82,2698.77,2697.63,2697.63,120.2389
2026-09-25 02:19:00,2697.63,2698.77,2697.29,2698.24,65.2898
2026-09-25 02:20:00,2698.3,2699.79,2697.25,2697.82,351.8222
2026-09-25 02:21:00,2697.82,2698.47,2697.31,2698.39,64.1374
2026-09-25 02:22:00,2698.35,2698.82,2696.72,2696.73,82.8198
2026-09-25 02:23:00,2696.73,2696.73,2695.8,2695.81,54.6198
2026-09-25 02:24:00,2695.8,2695.87,2694.3,2694.3,159.5088
2026-09-25 02:25:00,2694.31,2694.31,2692.8,2694.19,87.28
2026-09-25 02:26:00,2694.2,2694.2,2694.19,2694.2,13.8268
2026-09-25 02:27:00,2694.2,2694.4,2693.09,2693.1,60.9847
2026-09-25 02:28:00,2693.09,2693.1,2690.01,2690.01,85.0063
2026-09-25 02:29:00,2690.01,2691.77,2688.81,2691.62,422.2994
2026-09-25 02:30:00,2691.63,2692.01,2690.98,2692.01,146.5188
2026-09-25 02:31:00,2692.0,2693.06,2692.0,2692.04,115.4559
2026-09-25 02:32:00,2692.02,2692.28,2691.12,2692.27,76.9069
2026-09-25 02:33:00,2692.27,2692.85,2692.26,2692.36,116.0448
2026-09-25 02:34:00,2692.36,2692.36,2689.53,2689.53,87.6126
2026-09-25 02:35:00,2689.53,2689.53,2688.57,2688.58,84.8315
2026-09-25 02:36:00,2688.58,2688.81,2684.86,2684.86,215.0286
2026-09-25 02:37:00,2684.86,2685.81,2684.11,2684.4,340.8277
2026-09-25 02:38:00,2684.4,2684.41,2681.88,2683.95,642.6623
2026-09-25 02:39:00,2683.95,2684.08,2680.44,2682.16,255.8075
2026-09-25 02:40:00,2682.16,2683.79,2681.53,2681.54,96.4821
2026-09-25 02:41:00,2681.54,2682.52,2681.54,2682.22,62.4892
2026-09-25 02:42:00,2682.22,2684.04,2682.21,2684.04,54.0867
2026-09-25 02:43:00,2684.04,2685.6,2683.42,2684.84,91.683
2026-09-25 02:44:00,2684.84,2685.48,2684.0,2684.01,49.9377
2026-09-25 02:45:00,2684.01,2684.01,2683.08,2683.08,30.6596
2026-09-25 02:46:00,2683.08,2683.08,2678.64,2679.16,504.5625
2026-09-25 02:47:00,2679.16,2679.16,2677.59,2678.04,248.0299
2026-09-25 02:48:00,2678.04,2679.34,2677.33,2679.34,149.6492
2026-09-25 02:49:00,2679.34,2680.59,2678.97,2678.98,84.9657
2026-09-25 02:50:00,2678.98,2678.98,2677.0,2677.17,92.2877
2026-09-25 02:51:00,2677.18,2677.18,2675.75,2676.29,128.298
2026-09-25 02:52:00,2676.34,2678.07,2676.09,2678.06,65.5788
2026-09-25 02:53:00,2678.07,2678.07,2676.63,2676.63,79.0255
2026-09-25 02:54:00,2676.63,2676.95,2676.09,2676.47,53.7205
2026-09-25 02:55:00,2676.47,2676.94,2676.09,2676.18,123.6851
2026-09-25 02:56:00,2676.18,2676.19,2674.62,2674.79,136.2358
2026-09-25 02:57:00,2674.79,2677.0,2674.79,2674.92,186.2285
2026-09-25 02:58:00,2674.92,2676.79,2674.92,2676.43,126.3356
2026-09-25 02:59:00,2676.44,2676.79,2676.02,2676.79,74.5708
2026-09-25 03:00:00,2676.8,2677.15,2673.63,2675.1,259.9991
2026-09-25 03:01:00,2675.1,2675.9,2674.83,2675.24,58.7519
2026-09-25 03:02:00,2675.24,2676.04,2674.63,2675.15,334.6936
2026-09-25 03:03:00,2675.15,2675.7,2673.98,2675.69,199.2578
2026-09-25 03:04:00,2675.69,2676.31,2675.68,2676.3,63.2177
2026-09-25 03:05:00,2676.3,2677.68,2675.64,2677.68,206.1353
2026-09-25 03:06:00,2677.68,2678.07,2677.28,2677.62,168.9264
2026-09-25 03:07:00,2677.63,2678.84,2677.53,2678.84,59.4027
2026-09-25 03:08:00,2678.85,2679.55,2678.84,2679.46,58.0146
2026-09-25 03:09:00,2679.47,2679.47,2678.74,2679.01,65.4431
2026-09-25 03:10:00,2679.0,2679.07,2678.67,2678.67,76.5752
2026-09-25 03:11:00,2678.68,2679.55,2678.49,2679.55,63.6337
2026-09-25 03:12:00,2679.55,2679.82,2677.76,2678.7,285.7841
2026-09-25 03:13:00,2678.7,2678.71,2676.02,2676.03,114.1341
2026-09-25 03:14:00,2676.02,2676.71,2675.46,2676.47,85.371
2026-09-25 03:15:00,2676.47,2679.44,2676.47,2679.42,152.1613
2026-09-25 03:16:00,2679.42,2679.43,2675.54,2676.29,232.5048
2026-09-25 03:17:00,2676.29,2676.94,2675.92,2676.94,50.561
2026-09-25 03:18:00,2676.95,2676.95,2676.02,2676.81,81.7765
2026-09-25 03:19:00,2676.81,2676.81,2675.54,2676.6,94.1713
2026-09-25 03:20:00,2676.61,2677.31,2676.6,2677.31,63.3017
2026-09-25 03:21:00,2677.3,2678.3,2677.02,2677.28,161.7869
2026-09-25 03:22:00,2677.27,2677.86,2677.01,2677.86,109.08
2026-09-25 03:23:00,2677.86,2678.11,2676.86,2677.14,68.2212
2026-09-25 03:24:00,2677.14,2677.15,2676.02,2676.46,53.2921
2026-09-25 03:25:00,2676.46,2677.8,2676.46,2676.73,81.7683
2026-09-25 03:26:00,2676.72,2676.98,2676.56,2676.8,19.7516
2026-09-25 03:27:00,2676.8,2676.8,2676.02,2676.03,37.1066
2026-09-25 03:28:00,2676.02,2676.03,2674.98,2675.71,350.1288
2026-09-25 03:29:00,2675.7,2675.7,2675.56,2675.56,69.4798
2026-09-25 03:30:00,2675.56,2675.57,2673.46,2673.47,167.8815
2026-09-25 03:31:00,2673.47,2675.26,2673.0,2675.05,212.3439
2026-09-25 03:32:00,2675.05,2677.05,2674.73,2677.04,117.8597
2026-09-25 03:33:00,2677.05,2678.0,2677.05,2677.11,21.6077
2026-09-25 03:34:00,2677.1,2678.0,2677.1,2677.89,32.5009
2026-09-25 03:35:00,2677.9,2678.23,2677.56,2677.56,55.3006
2026-09-25 03:36:00,2677.56,2677.56,2676.45,2676.71,34.9824
2026-09-25 03:37:00,2676.71,2679.03,2676.71,2678.69,102.1617
2026-09-25 03:38:00,2678.7,2680.0,2678.69,2679.99,66.1582
2026-09-25 03:39:00,2680.0,2680.0,2679.91,2680.0,20.0301
2026-09-25 03:40:00,2680.0,2681.65,2680.0,2680.1,212.1673
2026-09-25 03:41:00,2680.1,2681.01,2679.82,2680.67,45.4031
2026-09-25 03:42:00,2680.66,2680.8,2678.87,2679.4,58.4831
2026-09-25 03:43:00,2679.4,2679.41,2678.48,2678.48,36.6151
2026-09-25 03:44:00,2678.48,2678.49,2676.89,2676.89,52.6764
2026-09-25 03:45:00,2676.89,2676.89,2674.76,2676.08,145.3
2026-09-25 03:46:00,2676.08,2676.45,2675.39,2676.44,46.96
2026-09-25 03:47:00,2676.44,2677.07,2675.68,2676.39,62.7145
2026-09-25 03:48:00,2676.39,2677.88,2676.39,2677.87,34.6611
2026-09-25 03:49:00,2677.88,2677.88,2676.18,2676.75,79.5722
2026-09-25 03:50:00,2676.74,2678.36,2676.62,2678.35,60.1139
2026-09-25 03:51:00,2678.36,2678.36,2677.22,2677.56,30.3614
2026-09-25 03:52:00,2677.57,2677.95,2675.49,2677.27,173.0991
2026-09-25 03:53:00,2677.27,2677.28,2677.27,2677.27,3.588
2026-09-25 03:54:00,2677.28,2677.28,2676.61,2676.66,65.8735
2026-09-25 03:55:00,2676.66,2678.07,2676.66,2678.07,36.266
2026-09-25 03:56:00,2678.07,2679.26,2678.06,2678.77,407.6337
2026-09-25 03:57:00,2678.76,2679.49,2678.69,2679.49,58.4364
2026-09-25 03:58:00,2679.48,2679.49,2678.79,2678.96,21.2025
2026-09-25 03:59:00,2678.96,2679.32,2678.8,2679.09,58.6114
2026-09-25 04:00:00,2679.1,2679.1,2678.06,2678.06,26.9584
2026-09-25 04:01:00,2678.07,2678.07,2677.34,2677.68,86.7871
2026-09-25 04:02:00,2677.68,2678.07,2677.19,2677.29,107.0139
2026-09-25 04:03:00,2677.3,2677.33,2675.7,2676.27,62.0684
2026-09-25 04:04:00,2676.28,2676.52,2675.78,2676.16,64.0063
2026-09-25 04:05:00,2676.15,2677.58,2676.15,2676.65,49.8073
2026-09-25 04:06:00,2676.65,2677.61,2676.58,2677.41,41.7542
2026-09-25 04:07:00,2677.41,2679.37,2677.35,2679.36,60.2243
2026-09-25 04:08:00,2679.37,2679.37,2678.57,2678.9,32.3292
2026-09-25 04:09:00,2678.9,2679.29,2678.61,2679.01,149.8199
2026-09-25 04:10:00,2679.01,2679.37,2677.51,2677.54,49.5606
2026-09-25 04:11:00,2677.54,2677.94,2675.8,2676.11,72.7353
2026-09-25 04:12:00,2676.11,2676.34,2674.86,2675.0,137.2584
2026-09-25 04:13:00,2674.99,2675.16,2674.56,2674.79,74.9831
2026-09-25 04:14:00,2674.8,2676.0,2673.0,2673.01,366.6256
2026-09-25 04:15:00,2673.01,2673.81,2671.94,2673.53,191.3957
2026-09-25 04:16:00,2673.53,2676.03,2673.53,2676.03,34.853
2026-09-25 04:17:00,2676.03,2676.59,2675.76,2675.78,78.2235
2026-09-25 04:18:00,2675.79,2675.79,2674.99,2675.52,28.2246
2026-09-25 04:19:00,2675.52,2676.19,2675.52,2676.19,40.3184
2026-09-25 04:20:00,2676.18,2676.18,2675.0,2675.0,26.7273
2026-09-25 04:21:00,2675.0,2676.19,2674.03,2676.18,115.9833
2026-09-25 04:22:00,2676.18,2676.41,2675.72,2675.73,90.4255
2026-09-25 04:23:00,2675.72,2676.06,2675.39,2675.58,96.6557
2026-09-25 04:24:00,2675.59,2675.95,2675.58,2675.94,49.7904
2026-09-25 04:25:00,2675.95,2676.34,2675.52,2676.34,72.061
2026-09-25 04:26:00,2676.34,2676.53,2675.5,2675.73,118.7931
2026-09-25 04:27:00,2675.74,2676.18,2675.73,2676.16,36.8461
2026-09-25 04:28:00,2676.17,2676.44,2675.72,2676.44,53.4939
2026-09-25 04:29:00,2676.44,2676.99,2676.44,2676.73,44.0807
2026-09-25 04:30:00,2676.73,2677.96,2676.72,2677.96,43.6789
2026-09-25 04:31:00,2677.95,2678.5,2677.31,2677.92,130.8552
2026-09-25 04:32:00,2677.93,2677.93,2677.28,2677.65,35.2952
2026-09-25 04:33:00,2677.64,2678.48,2677.64,2678.36,31.9035
2026-09-25 04:34:00,2678.36,2680.01,2678.36,2679.66,75.2931
2026-09-25 04:35:00,2679.67,2679.99,2679.59,2679.94,29.1614
2026-09-25 04:36:00,2679.95,2680.66,2679.88,2680.66,75.8552
2026-09-25 04:37:00,2680.66,2681.17,2680.66,2680.84,53.2513
2026-09-25 04:38:00,2680.85,2682.37,2680.84,2682.31,92.4081
2026-09-25 04:39:00,2682.3,2685.0,2681.91,2685.0,356.6878
2026-09-25 04:40:00,2685.0,2685.0,2684.99,2684.99,14.8846
2026-09-25 04:41:00,2684.99,2686.05,2684.6,2684.6,187.9169
2026-09-25 04:42:00,2684.6,2684.72,2684.21,2684.68,99.1397
2026-09-25 04:43:00,2684.68,2684.68,2683.93,2683.93,29.1979
2026-09-25 04:44:00,2683.93,2684.03,2683.56,2684.02,41.2072
2026-09-25 04:45:00,2684.03,2684.46,2683.21,2683.93,306.1413
2026-09-25 04:46:00,2683.93,2684.14,2683.65,2684.01,41.8034
2026-09-25 04:47:00,2684.0,2684.26,2683.51,2683.52,61.7517
2026-09-25 04:48:00,2683.51,2683.52,2680.1,2680.59,332.2182
2026-09-25 04:49:00,2680.59,2680.6,2680.0,2680.04,123.1074
2026-09-25 04:50:00,2680.04,2680.16,2679.65,2680.13,65.4322
2026-09-25 04:51:00,2680.13,2680.16,2680.13,2680.15,17.1113
2026-09-25 04:52:00,2680.16,2680.43,2680.15,2680.29,42.7096
2026-09-25 04:53:00,2680.26,2681.18,2679.79,2681.17,25.5773
2026-09-25 04:54:00,2681.18,2681.28,2680.9,2680.9,24.0942
2026-09-25 04:55:00,2680.89,2681.25,2680.89,2681.25,13.794
2026-09-25 04:56:00,2681.24,2682.03,2680.81,2680.81,100.4533
2026-09-25 04:57:00,2680.81,2681.18,2679.8,2679.8,64.5659
2026-09-25 04:58:00,2679.8,2679.99,2678.8,2679.98,111.2154
2026-09-25 04:59:00,2679.98,2680.3,2679.98,2680.3,12.985
2026-09-25 05:00:00,2680.29,2681.0,2679.95,2680.99,29.9788
2026-09-25 05:01:00,2681.0,2683.01,2681.0,2682.15,99.8472
2026-09-25 05:02:00,2682.16,2682.54,2681.6,2682.32,41.6445
2026-09-25 05:03:00,2682.32,2682.32,2681.88,2681.88,45.4748
2026-09-25 05:04:00,2681.89,2682.43,2681.36,2681.37,45.9057
2026-09-25 05:05:00,2681.37,2681.37,2679.53,2679.53,71.8124
2026-09-25 05:06:00,2679.53,2680.79,2679.53,2680.78,18.5144
2026-09-25 05:07:00,2680.78,2680.78,2677.19,2677.86,256.9432
2026-09-25 05:08:00,2677.86,2678.36,2677.37,2678.36,131.5189
2026-09-25 05:09:00,2678.36,2679.94,2678.36,2679.94,138.9122
2026-09-25 05:10:00,2679.94,2680.42,2679.81,2680.39,42.1625
2026-09-25 05:11:00,2680.39,2680.39,2678.49,2678.49,42.4032
2026-09-25 05:12:00,2678.5,2679.37,2678.49,2679.18,34.7177
2026-09-25 05:13:00,2679.18,2679.67,2678.83,2679.67,23.3523
2026-09-25 05:14:00,2679.66,2679.99,2678.49,2678.5,127.6912
2026-09-25 05:15:00,2678.5,2680.0,2678.49,2680.0,51.4654
2026-09-25 05:16:00,2680.0,2681.59,2679.99,2681.58,40.0459
2026-09-25 05:17:00,2681.59,2682.16,2680.23,2680.24,56.023
2026-09-25 05:18:00,2680.23,2680.23,2678.78,2678.78,19.6713
2026-09-25 05:19:00,2678.78,2678.96,2678.17,2678.17,33.2494
2026-09-25 05:20:00,2678.17,2678.52,2678.16,2678.4,9.6902
2026-09-25 05:21:00,2678.39,2678.78,2678.31,2678.78,35.3009
2026-09-25 05:22:00,2678.78,2678.78,2676.29,2676.68,77.6671
2026-09-25 05:23:00,2676.68,2676.74,2675.61,2675.61,87.0388
2026-09-25 05:24:00,2675.61,2677.73,2675.61,2676.95,126.3955
2026-09-25 05:25:00,2676.95,2678.07,2676.94,2677.8,48.1986
2026-09-25 05:26:00,2677.8,2679.17,2677.8,2678.99,57.2953
2026-09-25 05:27:00,2678.98,2679.53,2678.49,2679.32,52.9991
2026-09-25 05:28:00,2679.33,2679.84,2679.09,2679.83,110.3004
2026-09-25 05:29:00,2679.83,2680.11,2679.42,2680.01,222.6798
2026-09-25 05:30:00,2680.02,2680.89,2677.46,2677.72,528.3573
2026-09-25 05:31:00,2677.73,2678.42,2677.35,2678.41,34.3548
2026-09-25 05:32:00,2678.42,2678.49,2676.93,2676.93,94.4674
2026-09-25 05:33:00,2676.93,2679.08,2676.8,2678.82,105.3574
2026-09-25 05:34:00,2678.82,2679.08,2677.31,2677.31,33.0206
2026-09-25 05:35:00,2677.32,2679.33,2677.32,2679.33,69.21
2026-09-25 05:36:00,2679.32,2681.0,2678.37,2680.39,80.0146
2026-09-25 05:37:00,2680.35,2680.73,2680.19,2680.62,181.6462
2026-09-25 05:38:00,2680.63,2681.8,2680.63,2681.26,80.7932
2026-09-25 05:39:00,2681.25,2685.0,2681.07,2685.0,337.387
2026-09-25 05:40:00,2684.99,2685.0,2682.88,2682.88,117.2267
2026-09-25 05:41:00,2682.89,2682.98,2682.36,2682.44,57.7579
2026-09-25 05:42:00,2682.44,2682.44,2681.41,2681.41,90.5991
2026-09-25 05:43:00,2681.41,2681.9,2681.41,2681.9,15.7842
2026-09-25 05:44:00,2681.92,2682.26,2681.58,2681.7,55.7764
2026-09-25 05:45:00,2681.69,2682.5,2681.51,2682.5,103.2311
2026-09-25 05:46:00,2682.5,2682.5,2682.0,2682.0,22.7597
2026-09-25 05:47:00,2682.0,2682.38,2682.0,2682.37,16.5975
2026-09-25 05:48:00,2682.38,2682.38,2682.15,2682.15,23.6413
2026-09-25 05:49:00,2682.15,2682.38,2681.58,2681.58,58.745
2026-09-25 05:50:00,2681.57,2682.28,2681.54,2681.9,36.3316
2026-09-25 05:51:00,2681.9,2681.91,2681.52,2681.9,24.6021
2026-09-25 05:52:00,2681.91,2682.18,2681.64,2681.81,45.4624
2026-09-25 05:53:00,2681.8,2681.8,2681.03,2681.29,28.2687
2026-09-25 05:54:00,2681.35,2681.89,2681.34,2681.89,24.5189
2026-09-25 05:55:00,2681.89,2681.89,2681.01,2681.45,50.4926
2026-09-25 05:56:00,2681.45,2681.46,2680.5,2680.5,52.257
2026-09-25 05:57:00,2680.5,2680.68,2680.17,2680.18,74.9283
2026-09-25 05:58:00,2680.18,2680.7,2680.18,2680.44,50.9184
2026-09-25 05:59:00,2680.43,2680.44,2679.9,2679.94,11.0242
2026-09-25 06:00:00,2679.94,2680.46,2679.37,2679.37,67.68
2026-09-25 06:01:00,2679.38,2679.82,2678.85,2678.86,52.3797
2026-09-25 06:02:00,2678.85,2679.53,2678.85,2679.35,21.0298
2026-09-25 06:03:00,2679.35,2680.1,2678.87,2679.37,42.6972
2026-09-25 06:04:00,2679.38,2679.9,2679.37,2679.53,30.0122
2026-09-25 06:05:00,2679.53,2680.34,2679.44,2679.72,128.4654
2026-09-25 06:06:00,2679.71,2679.74,2678.48,2678.48,54.9802
2026-09-25 06:07:00,2678.48,2678.62,2677.98,2678.07,157.9319
2026-09-25 06:08:00,2678.07,2678.13,2677.5,2678.13,141.0385
2026-09-25 06:09:00,2678.13,2679.14,2675.62,2675.62,818.1997
2026-09-25 06:10:00,2675.61,2676.14,2674.98,2675.23,180.4097
2026-09-25 06:11:00,2675.23,2675.71,2674.74,2674.74,95.5711
2026-09-25 06:12:00,2674.75,2675.03,2672.88,2672.88,102.1717
2026-09-25 06:13:00,2672.87,2673.21,2671.04,2673.21,195.9283
2026-09-25 06:14:00,2673.22,2675.36,2672.58,2675.35,252.8425
2026-09-25 06:15:00,2675.35,2675.91,2673.41,2673.41,79.6672
2026-09-25 06:16:00,2673.41,2675.96,2672.98,2675.84,241.2333
2026-09-25 06:17:00,2675.84,2677.25,2675.82,2676.39,87.552
2026-09-25 06:18:00,2676.39,2677.2,2676.39,2676.97,69.9771
2026-09-25 06:19:00,2676.96,2679.66,2676.96,2679.66,109.101
2026-09-25 06:20:00,2679.66,2682.57,2679.66,2681.61,329.1413
2026-09-25 06:21:00,2681.62,2682.99,2681.44,2682.0,59.5475
2026-09-25 06:22:00,2681.99,2682.74,2680.38,2680.39,83.9742
2026-09-25 06:23:00,2680.39,2681.12,2680.39,2681.09,31.5859
2026-09-25 06:24:00,2681.09,2681.09,2680.57,2680.67,21.1004
2026-09-25 06:25:00,2680.67,2680.67,2679.3,2679.3,80.6572
2026-09-25 06:26:00,2679.3,2679.58,2678.88,2678.89,37.6881
2026-09-25 06:27:00,2678.88,2678.89,2675.84,2676.27,136.8983
2026-09-25 06:28:00,2676.28,2676.28,2675.43,2675.43,107.7347
2026-09-25 06:29:00,2675.44,2678.0,2675.44,2677.58,227.2851
2026-09-25 06:30:00,2677.58,2677.83,2676.15,2677.22,86.6946
2026-09-25 06:31:00,2677.21,2677.7,2676.91,2677.57,57.2372
2026-09-25 06:32:00,2677.56,2677.57,2676.68,2676.68,51.6441
2026-09-25 06:33:00,2676.68,2676.68,2674.2,2674.27,106.8042
2026-09-25 06:34:00,2674.26,2675.15,2674.2,2674.4,170.4785
2026-09-25 06:35:00,2674.41,2674.8,2673.99,2674.24,81.1305
2026-09-25 06:36:00,2674.25,2674.25,2672.36,2672.36,73.6241
2026-09-25 06:37:00,2672.37,2672.54,2672.36,2672.54,39.1153
2026-09-25 06:38:00,2672.53,2672.73,2671.65,2671.65,61.1265
2026-09-25 06:39:00,2671.64,2671.65,2669.59,2671.02,200.1233
2026-09-25 06:40:00,2671.02,2673.3,2671.02,2672.8,204.1713
2026-09-25 06:41:00,2672.79,2673.24,2671.95,2672.54,112.1273
2026-09-25 06:42:00,2672.53,2673.78,2671.94,2673.77,44.4133
2026-09-25 06:43:00,2673.78,2673.99,2673.19,2673.98,40.0499
2026-09-25 06:44:00,2673.99,2673.99,2673.2,2673.91,40.7545
2026-09-25 06:45:00,2673.91,2674.83,2673.59,2674.56,123.1653
2026-09-25 06:46:00,2674.56,2675.88,2673.99,2675.88,47.2287
2026-09-25 06:47:00,2675.87,2675.87,2672.58,2672.64,81.4047
2026-09-25 06:48:00,2672.65,2673.4,2672.22,2673.17,50.518
2026-09-25 06:49:00,2673.16,2673.54,2673.13,2673.45,17.383
2026-09-25 06:50:00,2673.44,2673.83,2672.79,2673.54,67.5844
2026-09-25 06:51:00,2673.54,2675.41,2673.53,2673.99,80.4888
2026-09-25 06:52:00,2673.99,2675.11,2673.99,2674.71,27.8973
2026-09-25 06:53:00,2674.7,2674.87,2673.98,2674.63,246.9079
2026-09-25 06:54:00,2674.63,2675.4,2674.62,2675.39,26.5427
2026-09-25 06:55:00,2675.39,2675.54,2674.82,2674.97,30.3473
2026-09-25 06:56:00,2674.96,2675.26,2674.7,2675.26,39.0673
2026-09-25 06:57:00,2675.25,2675.25,2674.54,2674.55,11.6711
2026-09-25 06:58:00,2674.55,2674.82,2674.37,2674.68,35.6216
2026-09-25 06:59:00,2674.66,2674.82,2674.51,2674.52,44.421
2026-09-25 07:00:00,2674.52,2675.52,2674.06,2675.52,45.3215
2026-09-25 07:01:00,2675.51,2675.52,2674.36,2674.79,27.7223
2026-09-25 07:02:00,2674.8,2675.38,2674.11,2674.28,65.2053
2026-09-25 07:03:00,2674.27,2674.98,2673.76,2674.35,25.9483
2026-09-25 07:04:00,2674.35,2674.62,2672.7,2672.71,94.6134
2026-09-25 07:05:00,2672.71,2673.78,2672.71,2673.77,96.6682
2026-09-25 07:06:00,2673.78,2674.12,2673.16,2674.12,56.3468
2026-09-25 07:07:00,2674.12,2675.0,2672.67,2672.74,106.4989
2026-09-25 07:08:00,2672.74,2673.02,2668.55,2668.88,246.1468
2026-09-25 07:09:00,2668.88,2671.59,2668.2,2671.59,223.6507
2026-09-25 07:10:00,2671.59,2672.44,2671.57,2672.44,41.7599
2026-09-25 07:11:00,2672.43,2672.85,2671.68,2672.27,54.3394
2026-09-25 07:12:00,2672.27,2672.27,2668.87,2668.88,81.6379
2026-09-25 07:13:00,2668.87,2670.39,2668.49,2669.97,225.8696
2026-09-25 07:14:00,2669.98,2671.43,2669.98,2670.62,123.5456
2026-09-25 07:15:00,2670.63,2672.63,2670.62,2672.63,66.3913
2026-09-25 07:16:00,2672.62,2674.51,2672.62,2673.8,429.841
2026-09-25 07:17:00,2673.8,2675.46,2673.79,2675.46,197.5816
2026-09-25 07:18:00,2675.47,2675.78,2675.46,2675.48,50.5653
2026-09-25 07:19:00,2675.48,2675.85,2675.21,2675.34,51.5853
2026-09-25 07:20:00,2675.34,2676.57,2675.21,2676.57,285.3899
2026-09-25 07:21:00,2676.57,2676.57,2675.53,2676.55,114.8694
2026-09-25 07:22:00,2676.56,2676.57,2676.02,2676.02,27.4629
2026-09-25 07:23:00,2676.02,2676.56,2675.45,2675.65,148.8726
2026-09-25 07:24:00,2675.65,2677.02,2675.65,2677.02,97.7898
2026-09-25 07:25:00,2677.02,2677.56,2677.01,2677.55,62.2352
2026-09-25 07:26:00,2677.56,2677.56,2677.18,2677.19,21.2758
2026-09-25 07:27:00,2677.18,2677.76,2676.44,2677.76,86.7532
2026-09-25 07:28:00,2677.76,2679.11,2677.76,2679.11,68.3009
2026-09-25 07:29:00,2679.1,2680.13,2679.1,2679.65,118.8011
2026-09-25 07:30:00,2679.64,2680.13,2679.17,2680.12,294.6919
2026-09-25 07:31:00,2680.12,2680.8,2679.01,2679.02,233.6906
2026-09-25 07:32:00,2679.01,2679.01,2675.13,2675.13,306.1651
2026-09-25 07:33:00,2675.13,2675.13,2672.92,2673.07,241.6634
2026-09-25 07:34:00,2673.06,2673.06,2671.43,2671.49,309.4417
2026-09-25 07:35:00,2671.49,2671.49,2669.35,2670.69,303.0159
2026-09-25 07:36:00,2670.69,2671.27,2669.97,2670.27,247.1548
2026-09-25 07:37:00,2670.27,2672.21,2669.69,2671.76,255.4927
2026-09-25 07:38:00,2671.76,2671.8,2669.53,2669.54,238.476
2026-09-25 07:39:00,2669.53,2669.59,2667.86,2668.13,285.3388
2026-09-25 07:40:00,2668.13,2668.68,2667.33,2667.58,282.5624
2026-09-25 07:41:00,2667.57,2669.69,2667.57,2669.68,204.212
2026-09-25 07:42:00,2669.68,2669.69,2669.27,2669.32,186.7914
2026-09-25 07:43:00,2669.32,2670.83,2669.32,2670.83,207.0682
2026-09-25 07:44:00,2670.82,2670.84,2670.2,2670.33,205.3083
2026-09-25 07:45:00,2670.32,2671.26,2669.09,2670.21,225.6463
2026-09-25 07:46:00,2670.2,2672.31,2670.2,2672.31,256.9424
2026-09-25 07:47:00,2672.3,2672.53,2671.81,2671.81,244.4862
2026-09-25 07:48:00,2671.81,2671.82,2670.56,2670.58,209.693
2026-09-25 07:49:00,2670.57,2671.97,2670.57,2671.62,188.4054
2026-09-25 07:50:00,2671.62,2672.15,2671.35,2672.13,219.2182
2026-09-25 07:51:00,2672.13,2672.14,2671.41,2672.12,207.2548
2026-09-25 07:52:00,2672.12,2672.13,2671.0,2671.55,197.6815
2026-09-25 07:53:00,2671.54,2672.2,2671.51,2671.82,240.7054
2026-09-25 07:54:00,2671.81,2672.06,2671.11,2671.11,198.78
2026-09-25 07:55:00,2671.11,2671.91,2671.11,2671.9,236.8115
2026-09-25 07:56:00,2671.9,2672.11,2671.32,2671.32,203.646
2026-09-25 07:57:00,2671.32,2672.09,2671.04,2671.52,260.6168
2026-09-25 07:58:00,2671.52,2671.97,2671.52,2671.96,215.4329
2026-09-25 07:59:00,2671.96,2672.81,2671.96,2672.04,230.9686
2026-09-25 08:00:00,2672.05,2673.99,2672.04,2673.99,228.2443
2026-09-25 08:01:00,2673.99,2675.45,2673.99,2675.42,136.7999
2026-09-25 08:02:00,2675.42,2676.57,2675.41,2676.47,209.9405
2026-09-25 08:03:00,2676.47,2677.44,2676.36,2677.43,145.5366
2026-09-25 08:04:00,2677.43,2678.03,2675.42,2675.42,220.6647
2026-09-25 08:05:00,2675.43,2676.34,2675.33,2675.61,93.1603
2026-09-25 08:06:00,2675.6,2676.15,2675.6,2676.15,39.7111
2026-09-25 08:07:00,2676.15,2676.15,2673.23,2674.51,116.3759
2026-09-25 08:08:00,2674.5,2676.53,2674.5,2676.19,130.6674
2026-09-25 08:09:00,2676.19,2677.06,2676.19,2676.57,49.2006
2026-09-25 08:10:00,2676.57,2677.31,2675.92,2676.37,92.4298
2026-09-25 08:11:00,2676.36,2678.03,2676.18,2677.51,86.5219
2026-09-25 08:12:00,2677.51,2678.87,2677.51,2678.86,99.2133
2026-09-25 08:13:00,2678.86,2680.32,2678.48,2678.49,291.5819
2026-09-25 08:14:00,2678.49,2679.38,2677.73,2678.29,336.6889
2026-09-25 08:15:00,2678.28,2680.59,2678.28,2680.58,390.5552
2026-09-25 08:16:00,2680.58,2681.64,2680.58,2681.22,244.6502
2026-09-25 08:17:00,2681.23,2684.08,2681.23,2683.95,360.7374
2026-09-25 08:18:00,2683.95,2684.08,2683.15,2684.06,132.5197
2026-09-25 08:19:00,2684.07,2685.0,2683.17,2685.0,298.2569
2026-09-25 08:20:00,2684.99,2685.0,2684.41,2684.42,59.4638
2026-09-25 08:21:00,2684.42,2691.12,2684.41,2690.59,954.2498
2026-09-25 08:22:00,2690.6,2692.0,2689.77,2689.77,311.2079
2026-09-25 08:23:00,2689.78,2690.55,2688.63,2690.55,362.6541
2026-09-25 08:24:00,2690.55,2692.97,2690.35,2691.15,355.4529
2026-09-25 08:25:00,2691.15,2694.17,2690.43,2693.75,327.8212
2026-09-25 08:26:00,2693.74,2694.4,2692.69,2693.98,247.8383
2026-09-25 08:27:00,2693.97,2695.51,2693.97,2695.31,264.942
2026-09-25 08:28:00,2695.3,2696.98,2694.18,2694.69,193.0933
2026-09-25 08:29:00,2694.68,2694.87,2692.35,2692.36,170.1051
2026-09-25 08:30:00,2692.35,2693.63,2691.72,2692.59,202.7886
2026-09-25 08:31:00,2692.6,2692.6,2690.18,2691.29,296.0931
2026-09-25 08:32:00,2691.29,2691.59,2690.0,2690.41,134.4775
2026-09-25 08:33:00,2690.4,2691.59,2690.4,2691.4,60.7535
2026-09-25 08:34:00,2691.4,2691.41,2689.52,2689.71,164.6178
2026-09-25 08:35:00,2689.71,2690.16,2689.44,2689.44,27.3579
2026-09-25 08:36:00,2689.45,2689.45,2688.28,2689.01,185.2661
2026-09-25 08:37:00,2689.0,2689.01,2688.49,2688.79,69.9126
2026-09-25 08:38:00,2688.79,2689.0,2688.3,2688.61,26.1568
2026-09-25 08:39:00,2688.6,2688.66,2687.0,2687.55,381.8771
2026-09-25 08:40:00,2687.56,2687.77,2687.27,2687.46,7.372
2026-09-25 08:41:00,2687.47,2687.47,2687.0,2687.13,28.1758
2026-09-25 08:42:00,2687.13,2687.56,2686.46,2686.64,87.1355
2026-09-25 08:43:00,2686.64,2687.01,2686.63,2687.0,41.3824
2026-09-25 08:44:00,2687.0,2687.28,2686.73,2686.81,31.2077
2026-09-25 08:45:00,2686.8,2687.08,2686.46,2686.47,43.3918
2026-09-25 08:46:00,2686.48,2687.6,2686.47,2687.18,55.4438
2026-09-25 08:47:00,2687.18,2687.63,2686.91,2686.91,80.0753
2026-09-25 08:48:00,2686.92,2686.98,2686.37,2686.53,172.0915
2026-09-25 08:49:00,2686.53,2686.87,2685.59,2685.6,166.4868
2026-09-25 08:50:00,2685.6,2686.83,2684.95,2686.83,332.0617
2026-09-25 08:51:00,2686.83,2688.28,2686.83,2688.28,93.8677
2026-09-25 08:52:00,2688.28,2689.44,2688.28,2689.27,98.1218
2026-09-25 08:53:00,2689.26,2689.78,2688.64,2689.34,82.707
2026-09-25 08:54:00,2689.33,2689.5,2688.14,2689.5,74.4512
2026-09-25 08:55:00,2689.5,2690.74,2689.49,2690.74,36.7411
2026-09-25 08:56:00,2690.73,2692.15,2690.31,2691.72,182.8663
2026-09-25 08:57:00,2691.72,2692.14,2691.1,2691.24,163.4195
2026-09-25 08:58:00,2691.23,2691.68,2691.0,2691.01,43.9197
2026-09-25 08:59:00,2691.0,2691.13,2690.37,2690.91,173.2709
2026-09-25 09:00:00,2690.9,2691.74,2690.74,2691.73,582.4507
2026-09-25 09:01:00,2691.73,2692.14,2691.48,2692.13,190.904
2026-09-25 09:02:00,2692.14,2693.31,2692.13,2693.31,552.5283
2026-09-25 09:03:00,2693.28,2693.6,2693.23,2693.24,143.1347
2026-09-25 09:04:00,2693.24,2695.35,2692.68,2694.78,370.7427
2026-09-25 09:05:00,2694.78,2696.0,2694.78,2695.96,176.4503
2026-09-25 09:06:00,2695.97,2697.04,2694.75,2696.96,512.3635
2026-09-25 09:07:00,2696.96,2698.0,2696.2,2697.47,411.5985
2026-09-25 09:08:00,2697.47,2700.14,2697.47,2698.2,661.7371
2026-09-25 09:09:00,2698.2,2698.55,2695.66,2696.36,330.9847
2026-09-25 09:10:00,2696.36,2696.36,2694.76,2694.77,157.554
2026-09-25 09:11:00,2694.76,2695.22,2694.76,2695.05,246.0542
2026-09-25 09:12:00,2695.06,2695.06,2694.66,2694.67,207.1759
2026-09-25 09:13:00,2694.66,2694.93,2693.7,2694.93,293.2565
2026-09-25 09:14:00,2694.94,2694.94,2693.76,2693.76,167.8107
2026-09-25 09:15:00,2693.75,2694.98,2693.54,2694.47,356.372
2026-09-25 09:16:00,2694.47,2695.22,2694.47,2695.15,78.4948
2026-09-25 09:17:00,2695.15,2695.15,2694.78,2694.79,21.5562
2026-09-25 09:18:00,2694.78,2696.68,2693.32,2696.67,409.2033
2026-09-25 09:19:00,2696.68,2696.68,2695.01,2695.97,132.628
2026-09-25 09:20:00,2695.95,2695.95,2694.01,2694.01,89.9726
2026-09-25 09:21:00,2694.02,2694.56,2693.75,2694.55,54.5638
2026-09-25 09:22:00,2694.55,2696.82,2694.55,2695.94,159.9841
2026-09-25 09:23:00,2695.94,2696.12,2695.01,2695.9,41.0029
2026-09-25 09:24:00,2695.9,2698.7,2695.9,2698.69,445.8024
2026-09-25 09:25:00,2698.7,2700.0,2698.03,2700.0,137.3533
2026-09-25 09:26:00,2700.0,2704.33,2699.44,2703.79,716.6696
2026-09-25 09:27:00,2703.79,2705.26,2703.16,2705.25,583.7898
2026-09-25 09:28:00,2705.25,2714.47,2705.25,2710.91,2013.081
2026-09-25 09:29:00,2710.9,2711.84,2710.5,2710.55,205.6941
2026-09-25 09:30:00,2710.54,2718.0,2708.26,2714.27,921.6599
2026-09-25 09:31:00,2714.27,2714.27,2710.55,2710.62,383.1194
2026-09-25 09:32:00,2710.62,2711.39,2708.68,2709.11,268.5601
2026-09-25 09:33:00,2709.11,2709.83,2708.32,2708.37,177.9951
2026-09-25 09:34:00,2708.36,2712.38,2708.36,2711.35,188.2965
2026-09-25 09:35:00,2711.35,2711.36,2710.13,2710.84,84.633
2026-09-25 09:36:00,2710.84,2712.63,2709.86,2709.86,193.2365
2026-09-25 09:37:00,2709.86,2710.0,2708.78,2708.78,104.4968
2026-09-25 09:38:00,2708.79,2709.57,2708.68,2709.56,136.2811
2026-09-25 09:39:00,2709.56,2710.31,2708.96,2710.31,133.2722
2026-09-25 09:40:00,2710.31,2710.43,2708.0,2708.0,128.5304
2026-09-25 09:41:00,2708.0,2708.01,2706.14,2706.15,247.4525
2026-09-25 09:42:00,2706.15,2706.39,2705.0,2705.44,204.4863
2026-09-25 09:43:00,2705.43,2705.68,2705.14,2705.26,65.1458
2026-09-25 09:44:00,2705.26,2706.26,2705.25,2706.26,122.6751
2026-09-25 09:45:00,2706.26,2706.69,2704.25,2704.26,190.4969
2026-09-25 09:46:00,2704.26,2704.9,2703.19,2704.87,234.0975
2026-09-25 09:47:00,2704.87,2706.36,2704.6,2705.48,188.9508
2026-09-25 09:48:00,2705.47,2705.47,2704.22,2704.9,115.5443
2026-09-25 09:49:00,2704.9,2705.23,2703.61,2704.25,117.8002
2026-09-25 09:50:00,2704.24,2704.43,2703.19,2703.34,86.7401
2026-09-25 09:51:00,2703.33,2703.4,2702.13,2702.29,188.6002
2026-09-25 09:52:00,2702.29,2703.14,2702.29,2702.43,117.4819
2026-09-25 09:53:00,2702.43,2704.31,2702.43,2704.31,87.2088
2026-09-25 09:54:00,2704.3,2704.31,2703.0,2703.04,92.582
2026-09-25 09:55:00,2703.04,2705.74,2702.56,2704.96,322.6292
2026-09-25 09:56:00,2704.95,2705.61,2704.81,2705.31,72.4302
2026-09-25 09:57:00,2705.31,2705.53,2704.61,2704.96,90.5522
2026-09-25 09:58:00,2704.95,2705.31,2704.6,2704.94,80.3664
2026-09-25 09:59:00,2704.94,2705.32,2704.34,2704.72,126.606
2026-09-25 10:00:00,2704.73,2704.79,2703.43,2703.59,68.1473
2026-09-25 10:01:00,2703.59,2703.59,2699.25,2699.25,259.6998
2026-09-25 10:02:00,2699.25,2699.26,2695.47,2695.47,338.9928
2026-09-25 10:03:00,2695.48,2695.9,2692.9,2694.4,342.5499
2026-09-25 10:04:00,2694.4,2696.26,2693.86,2696.2,80.6329
2026-09-25 10:05:00,2696.19,2696.19,2694.01,2694.96,87.1135
2026-09-25 10:06:00,2694.96,2696.46,2694.96,2695.8,84.7911
2026-09-25 10:07:00,2695.77,2696.92,2695.77,2696.29,60.1844
2026-09-25 10:08:00,2696.29,2697.52,2696.29,2697.51,55.1992
2026-09-25 10:09:00,2697.51,2698.1,2697.51,2698.1,119.4112
2026-09-25 10:10:00,2698.1,2700.08,2698.1,2700.08,54.84
2026-09-25 10:11:00,2700.08,2700.08,2699.52,2699.62,67.8605
2026-09-25 10:12:00,2699.63,2699.83,2699.46,2699.78,67.4209
2026-09-25 10:13:00,2699.78,2700.5,2699.53,2700.49,215.9637
2026-09-25 10:14:00,2700.49,2700.72,2700.09,2700.09,152.4904
2026-09-25 10:15:00,2700.1,2700.25,2699.62,2699.74,41.1243
2026-09-25 10:16:00,2699.74,2699.74,2698.13,2699.45,91.326
2026-09-25 10:17:00,2699.46,2701.07,2699.45,2700.16,209.7543
2026-09-25 10:18:00,2700.15,2700.49,2699.88,2699.9,65.0365
2026-09-25 10:19:00,2699.91,2700.24,2699.57,2699.71,54.1949
2026-09-25 10:20:00,2699.71,2702.56,2699.46,2702.56,206.6732
2026-09-25 10:21:00,2702.57,2702.57,2701.67,2702.35,73.1814
2026-09-25 10:22:00,2702.35,2702.44,2701.69,2702.14,140.0519
2026-09-25 10:23:00,2702.14,2704.39,2701.61,2703.9,186.9369
2026-09-25 10:24:00,2703.91,2705.22,2703.9,2705.15,101.691
2026-09-25 10:25:00,2705.14,2706.12,2705.14,2705.83,119.235
2026-09-25 10:26:00,2705.83,2707.76,2705.75,2707.22,184.4305
2026-09-25 10:27:00,2707.22,2710.34,2707.22,2709.52,378.3106
2026-09-25 10:28:00,2709.55,2714.19,2709.55,2714.09,425.857
2026-09-25 10:29:00,2714.08,2715.47,2713.04,2714.49,170.0152
2026-09-25 10:30:00,2714.49,2715.67,2711.12,2715.67,347.9627
2026-09-25 10:31:00,2715.68,2715.68,2710.72,2711.94,174.7758
2026-09-25 10:32:00,2711.93,2711.93,2710.0,2710.0,134.7375
2026-09-25 10:33:00,2710.0,2712.72,2709.48,2712.21,158.3356
2026-09-25 10:34:00,2712.21,2713.15,2711.24,2711.32,126.8998
2026-09-25 10:35:00,2711.32,2711.78,2710.72,2710.72,72.6343
2026-09-25 10:36:00,2710.72,2711.16,2710.36,2711.15,182.6736
2026-09-25 10:37:00,2711.16,2713.79,2711.16,2711.48,203.9882
2026-09-25 10:38:00,2711.47,2711.76,2710.49,2710.49,71.4882
2026-09-25 10:39:00,2710.49,2711.07,2709.0,2709.11,94.659
2026-09-25 10:40:00,2709.11,2710.01,2709.11,2709.9,95.4573
2026-09-25 10:41:00,2709.9,2710.87,2709.9,2710.73,56.1661
2026-09-25 10:42:00,2710.73,2712.24,2710.72,2712.24,82.9671
2026-09-25 10:43:00,2712.24,2713.13,2711.37,2711.42,201.1902
2026-09-25 10:44:00,2711.43,2713.27,2711.43,2713.1,70.3248
2026-09-25 10:45:00,2713.11,2714.09,2712.76,2714.09,75.6132
2026-09-25 10:46:00,2714.09,2714.8,2714.09,2714.79,67.6205
2026-09-25 10:47:00,2714.79,2714.8,2714.07,2714.79,57.5111
2026-09-25 10:48:00,2714.79,2714.81,2714.16,2714.81,136.4489
2026-09-25 10:49:00,2714.8,2716.41,2713.58,2716.4,228.4898
2026-09-25 10:50:00,2716.4,2716.6,2714.46,2715.65,411.3762
2026-09-25 10:51:00,2715.64,2717.44,2714.8,2717.25,330.7924
2026-09-25 10:52:00,2717.25,2717.26,2716.25,2716.26,177.2303
2026-09-25 10:53:00,2716.26,2717.45,2714.51,2716.93,211.1018
2026-09-25 10:54:00,2716.94,2719.28,2716.84,2718.24,413.3571
2026-09-25 10:55:00,2718.23,2718.5,2715.0,2715.0,202.954
2026-09-25 10:56:00,2715.0,2716.0,2714.54,2715.99,118.0872
2026-09-25 10:57:00,2715.99,2715.99,2714.5,2714.51,90.7728
2026-09-25 10:58:00,2714.5,2714.82,2712.99,2713.11,284.575
2026-09-25 10:59:00,2713.11,2713.98,2713.1,2713.98,86.6037
2026-09-25 11:00:00,2713.97,2714.67,2713.1,2713.43,110.5226
2026-09-25 11:01:00,2713.43,2716.28,2713.43,2716.28,92.1305
2026-09-25 11:02:00,2716.27,2716.28,2714.8,2715.31,75.9869
2026-09-25 11:03:00,2715.31,2716.85,2714.8,2716.04,205.6733
2026-09-25 11:04:00,2716.03,2719.28,2715.85,2718.9,148.33
2026-09-25 11:05:00,2718.89,2719.81,2718.89,2719.8,95.5965
2026-09-25 11:06:00,2719.8,2732.36,2719.41,2731.24,2677.0487
2026-09-25 11:07:00,2731.24,2735.4,2728.7,2730.61,1171.6268
2026-09-25 11:08:00,2730.61,2735.45,2730.19,2731.79,948.4523
2026-09-25 11:09:00,2731.78,2734.0,2731.52,2733.81,785.0135
2026-09-25 11:10:00,2733.81,2734.35,2731.1,2733.5,287.3089
2026-09-25 11:11:00,2733.5,2738.51,2733.42,2736.71,999.451
2026-09-25 11:12:00,2736.71,2740.0,2734.63,2740.0,974.0173
2026-09-25 11:13:00,2739.99,2739.99,2737.45,2737.88,517.0274
2026-09-25 11:14:00,2737.89,2742.42,2737.88,2740.61,881.314
2026-09-25 11:15:00,2740.6,2743.0,2737.99,2739.19,1103.98
2026-09-25 11:16:00,2739.18,2739.19,2735.65,2736.37,381.2685
2026-09-25 11:17:00,2736.36,2736.37,2734.72,2735.8,343.2514
2026-09-25 11:18:00,2735.8,2735.8,2732.25,2732.26,555.6717
2026-09-25 11:19:00,2732.26,2733.93,2732.25,2732.3,505.8608
2026-09-25 11:20:00,2732.29,2733.27,2731.81,2731.81,177.9753
2026-09-25 11:21:00,2731.81,2731.82,2729.4,2729.53,246.7304
2026-09-25 11:22:00,2729.53,2729.53,2728.76,2729.25,109.9765
2026-09-25 11:23:00,2729.26,2729.27,2725.01,2725.01,360.5997
2026-09-25 11:24:00,2725.02,2725.83,2722.01,2725.82,434.16
2026-09-25 11:25:00,2725.83,2726.5,2723.55,2724.83,463.3691
2026-09-25 11:26:00,2724.83,2728.98,2724.13,2727.69,793.618
2026-09-25 11:27:00,2727.69,2728.08,2726.13,2727.13,236.4129
2026-09-25 11:28:00,2727.13,2727.16,2725.38,2727.16,296.878
2026-09-25 11:29:00,2727.15,2727.16,2724.59,2726.72,353.2806
2026-09-25 11:30:00,2726.71,2726.97,2724.52,2724.99,796.9174
2026-09-25 11:31:00,2724.98,2725.71,2724.98,2725.5,104.9022
2026-09-25 11:32:00,2725.49,2726.58,2724.76,2726.58,216.8981
2026-09-25 11:33:00,2726.58,2726.58,2725.34,2725.35,213.418
2026-09-25 11:34:00,2725.34,2728.63,2725.23,2728.61,136.7863
2026-09-25 11:35:00,2728.61,2731.14,2728.6,2729.05,325.5027
2026-09-25 11:36:00,2729.06,2729.06,2726.0,2726.0,211.1026
2026-09-25 11:37:00,2726.01,2726.01,2724.8,2725.24,122.1459
2026-09-25 11:38:00,2725.25,2726.32,2725.02,2726.18,103.1396
2026-09-25 11:39:00,2726.18,2726.32,2724.8,2724.8,155.125
2026-09-25 11:40:00,2724.81,2725.0,2723.38,2723.38,423.903
2026-09-25 11:41:00,2723.39,2723.7,2722.34,2722.43,522.3149
2026-09-25 11:42:00,2722.42,2724.39,2722.42,2723.62,121.7383
2026-09-25 11:43:00,2723.58,2723.58,2722.56,2722.83,53.4156
2026-09-25 11:44:00,2722.83,2722.85,2722.01,2722.23,114.9905
2026-09-25 11:45:00,2722.23,2722.64,2720.0,2720.0,291.2008
2026-09-25 11:46:00,2720.0,2722.01,2719.17,2721.99,138.7275
2026-09-25 11:47:00,2722.0,2723.63,2722.0,2722.98,163.3504
2026-09-25 11:48:00,2722.98,2722.98,2719.0,2719.25,188.367
2026-09-25 11:49:00,2719.26,2721.82,2719.26,2719.34,89.6095
2026-09-25 11:50:00,2719.33,2720.34,2718.44,2719.93,179.3832
2026-09-25 11:51:00,2719.92,2721.61,2719.87,2721.47,216.7773
2026-09-25 11:52:00,2721.46,2721.47,2720.44,2720.44,124.0851
2026-09-25 11:53:00,2720.44,2720.44,2718.6,2718.6,114.505
2026-09-25 11:54:00,2718.6,2718.9,2717.75,2717.76,323.0181
2026-09-25 11:55:00,2717.76,2719.11,2717.76,2718.23,104.7096
2026-09-25 11:56:00,2718.22,2718.22,2716.99,2717.03,221.943
2026-09-25 11:57:00,2717.04,2717.25,2716.99,2717.07,156.1634
2026-09-25 11:58:00,2717.06,2717.36,2716.84,2716.88,74.6353
2026-09-25 11:59:00,2716.88,2717.93,2716.66,2717.53,83.3947
2026-09-25 12:00:00,2717.53,2719.49,2717.45,2719.4,200.6604
2026-09-25 12:01:00,2719.39,2720.88,2719.39,2720.61,177.2781
2026-09-25 12:02:00,2720.61,2721.9,2720.6,2720.61,230.6783
2026-09-25 12:03:00,2720.61,2723.12,2720.61,2721.6,348.1581
2026-09-25 12:04:00,2721.61,2722.25,2720.11,2720.94,298.0861
2026-09-25 12:05:00,2720.94,2720.94,2720.41,2720.76,60.584
2026-09-25 12:06:00,2720.76,2721.27,2720.14,2720.67,79.3518
2026-09-25 12:07:00,2720.68,2723.67,2719.85,2722.98,437.1728
2026-09-25 12:08:00,2722.98,2723.67,2722.97,2723.58,233.1377
2026-09-25 12:09:00,2723.57,2723.85,2722.88,2723.42,244.9497
2026-09-25 12:10:00,2723.41,2724.0,2722.47,2723.16,186.4972
2026-09-25 12:11:00,2723.16,2723.17,2719.99,2720.0,355.6314
2026-09-25 12:12:00,2720.0,2720.78,2719.14,2719.15,238.0067
2026-09-25 12:13:00,2719.14,2719.15,2709.88,2709.99,829.097
2026-09-25 12:14:00,2709.99,2712.77,2706.01,2711.47,868.8606
2026-09-25 12:15:00,2711.47,2711.47,2700.2,2700.26,1003.8706
2026-09-25 12:16:00,2700.26,2702.54,2690.82,2693.92,1659.4198
2026-09-25 12:17:00,2693.92,2698.61,2686.58,2687.81,1233.8852
2026-09-25 12:18:00,2687.8,2694.42,2686.59,2691.65,1090.8494
2026-09-25 12:19:00,2691.65,2691.65,2687.46,2691.65,468.1703
2026-09-25 12:20:00,2691.65,2698.07,2690.49,2697.72,472.5782
2026-09-25 12:21:00,2697.72,2699.83,2697.72,2699.72,160.3947
2026-09-25 12:22:00,2699.73,2704.0,2699.73,2703.99,383.8466
2026-09-25 12:23:00,2704.0,2708.0,2702.27,2703.9,1677.4944
2026-09-25 12:24:00,2703.9,2708.2,2703.9,2707.2,341.4624
2026-09-25 12:25:00,2707.2,2707.82,2705.26,2707.82,193.3346
2026-09-25 12:26:00,2707.82,2709.63,2706.98,2708.64,247.7371
2026-09-25 12:27:00,2708.64,2710.22,2706.93,2706.94,188.4673
2026-09-25 12:28:00,2706.93,2710.22,2706.93,2710.15,105.7692
2026-09-25 12:29:00,2710.15,2711.22,2710.15,2711.22,106.2084
2026-09-25 12:30:00,2711.22,2717.82,2711.13,2714.33,855.8939
2026-09-25 12:31:00,2714.33,2717.88,2712.5,2714.4,206.0854
2026-09-25 12:32:00,2714.39,2714.87,2710.33,2714.7,292.2725
2026-09-25 12:33:00,2714.66,2716.92,2713.52,2716.92,189.7069
2026-09-25 12:34:00,2716.92,2717.07,2714.0,2714.09,215.9191
2026-09-25 12:35:00,2714.09,2717.72,2713.87,2716.96,160.1928
2026-09-25 12:36:00,2716.96,2718.0,2716.6,2717.72,123.5985
2026-09-25 12:37:00,2717.73,2718.0,2716.32,2717.06,114.7106
2026-09-25 12:38:00,2717.06,2718.0,2715.65,2717.97,267.8253
2026-09-25 12:39:00,2717.96,2719.95,2717.0,2718.73,222.8701
2026-09-25 12:40:00,2718.73,2718.73,2716.1,2717.83,174.1364
2026-09-25 12:41:00,2717.82,2717.83,2715.45,2715.46,99.8276
2026-09-25 12:42:00,2715.46,2716.33,2714.85,2715.12,141.4441
2026-09-25 12:43:00,2715.13,2715.13,2711.93,2712.32,336.6617
2026-09-25 12:44:00,2712.33,2718.2,2712.33,2715.78,313.6234
2026-09-25 12:45:00,2715.79,2716.29,2710.69,2714.69,267.0979
2026-09-25 12:46:00,2714.72,2718.27,2711.75,2715.39,300.6984
2026-09-25 12:47:00,2715.38,2720.36,2714.6,2720.36,387.9326
2026-09-25 12:48:00,2720.36,2720.76,2716.14,2716.14,173.6485
2026-09-25 12:49:00,2716.13,2716.13,2713.3,2713.56,135.0179
2026-09-25 12:50:00,2713.56,2715.45,2713.56,2715.32,86.7775
2026-09-25 12:51:00,2715.31,2716.84,2713.91,2716.08,113.858
2026-09-25 12:52:00,2716.09,2716.09,2712.79,2713.4,92.4688
2026-09-25 12:53:00,2713.4,2715.27,2712.79,2715.17,239.9256
2026-09-25 12:54:00,2715.17,2716.62,2715.17,2716.05,45.5084
2026-09-25 12:55:00,2716.06,2718.96,2715.73,2718.21,202.3819
2026-09-25 12:56:00,2718.21,2720.0,2717.62,2720.0,152.5981
2026-09-25 12:57:00,2720.0,2720.0,2718.37,2718.86,145.7473
2026-09-25 12:58:00,2718.86,2720.48,2718.66,2720.48,77.3032
2026-09-25 12:59:00,2720.49,2720.49,2717.32,2717.72,62.7074
2026-09-25 13:00:00,2717.71,2717.71,2711.47,2711.56,254.9865
2026-09-25 13:01:00,2711.55,2714.39,2710.33,2714.39,206.1195
2026-09-25 13:02:00,2714.4,2716.01,2713.95,2714.75,109.5956
2026-09-25 13:03:00,2714.72,2717.38,2714.71,2716.07,153.9305
2026-09-25 13:04:00,2716.07,2717.56,2716.03,2717.31,119.4145
2026-09-25 13:05:00,2717.32,2721.42,2717.32,2720.93,313.7575
2026-09-25 13:06:00,2720.93,2722.37,2719.22,2719.22,766.4116
2026-09-25 13:07:00,2719.22,2719.23,2716.85,2717.37,118.5838
2026-09-25 13:08:00,2717.36,2719.44,2716.86,2716.86,139.678
2026-09-25 13:09:00,2716.85,2716.99,2716.04,2716.29,92.7316
2026-09-25 13:10:00,2716.29,2716.29,2714.21,2714.4,110.1071
2026-09-25 13:11:00,2714.4,2714.99,2714.23,2714.93,64.4878
2026-09-25 13:12:00,2714.94,2715.2,2714.36,2715.04,165.8472
2026-09-25 13:13:00,2715.03,2715.19,2713.9,2714.41,45.0647
2026-09-25 13:14:00,2714.41,2714.52,2713.9,2714.51,23.3111
2026-09-25 13:15:00,2714.52,2719.23,2714.45,2719.14,346.8044
2026-09-25 13:16:00,2719.15,2719.52,2716.85,2717.51,112.36
2026-09-25 13:17:00,2717.5,2717.5,2715.16,2715.31,83.0022
2026-09-25 13:18:00,2715.32,2715.49,2712.02,2712.24,301.6013
2026-09-25 13:19:00,2712.23,2712.78,2706.95,2707.08,262.998
2026-09-25 13:20:00,2707.09,2709.78,2707.09,2707.87,287.5704
2026-09-25 13:21:00,2707.88,2708.85,2705.29,2707.26,256.2947
2026-09-25 13:22:00,2707.27,2707.87,2706.52,2707.86,182.9746
2026-09-25 13:23:00,2707.86,2709.5,2707.72,2707.72,228.1069
2026-09-25 13:24:00,2707.7,2708.4,2705.27,2705.28,118.6339
2026-09-25 13:25:00,2705.29,2705.29,2702.49,2703.85,363.1912
2026-09-25 13:26:00,2703.84,2703.84,2699.99,2702.77,1259.1163
2026-09-25 13:27:00,2702.77,2702.77,2697.5,2699.25,449.9494
2026-09-25 13:28:00,2699.24,2704.39,2698.58,2703.98,395.9519
2026-09-25 13:29:00,2703.97,2703.97,2700.46,2700.46,119.9576
2026-09-25 13:30:00,2700.45,2700.45,2693.58,2697.04,536.4779
2026-09-25 13:31:00,2697.05,2697.6,2691.39,2693.09,552.9179
2026-09-25 13:32:00,2693.09,2693.33,2690.0,2692.78,315.9847
2026-09-25 13:33:00,2692.8,2695.51,2691.9,2695.51,221.0849
2026-09-25 13:34:00,2695.52,2697.54,2694.94,2697.53,299.7973
2026-09-25 13:35:00,2697.54,2708.59,2697.06,2708.58,1154.718
2026-09-25 13:36:00,2708.59,2711.16,2702.86,2702.87,423.2265
2026-09-25 13:37:00,2702.87,2703.89,2699.29,2702.27,298.5714
2026-09-25 13:38:00,2702.27,2703.21,2701.56,2702.15,139.4601
2026-09-25 13:39:00,2702.16,2702.59,2698.34,2701.16,174.3184
2026-09-25 13:40:00,2701.16,2704.14,2700.8,2702.35,247.2759
2026-09-25 13:41:00,2702.34,2702.59,2698.87,2699.64,121.4963
2026-09-25 13:42:00,2699.65,2700.24,2696.88,2699.26,250.2033
2026-09-25 13:43:00,2699.27,2699.61,2692.85,2693.13,307.4841
2026-09-25 13:44:00,2693.12,2696.01,2688.92,2696.0,868.3829
2026-09-25 13:45:00,2696.0,2697.98,2692.71,2694.37,271.0095
2026-09-25 13:46:00,2694.37,2694.37,2683.73,2684.04,1195.7992
2026-09-25 13:47:00,2684.05,2688.84,2680.0,2688.84,2192.847
2026-09-25 13:48:00,2688.84,2690.78,2686.17,2689.69,439.6231
2026-09-25 13:49:00,2689.69,2692.84,2689.27,2689.27,310.0247
2026-09-25 13:50:00,2689.28,2693.59,2688.2,2691.86,154.9255
2026-09-25 13:51:00,2691.9,2692.6,2689.71,2689.71,188.956
2026-09-25 13:52:00,2689.72,2695.63,2689.72,2695.62,526.9727
2026-09-25 13:53:00,2695.63,2696.61,2693.81,2696.61,320.6491
2026-09-25 13:54:00,2696.6,2700.94,2695.2,2700.47,307.3808
2026-09-25 13:55:00,2700.48,2701.28,2698.85,2701.28,194.2563
2026-09-25 13:56:00,2701.27,2701.52,2697.72,2697.75,149.6073
2026-09-25 13:57:00,2697.75,2697.75,2693.97,2695.26,110.4719
2026-09-25 13:58:00,2695.26,2696.17,2694.44,2695.0,145.2105
2026-09-25 13:59:00,2695.0,2695.69,2694.62,2695.3,112.1316
2026-09-25 14:00:00,2695.31,2698.21,2692.6,2695.3,227.7772
2026-09-25 14:01:00,2695.3,2695.87,2693.5,2693.51,154.9124
2026-09-25 14:02:00,2693.51,2694.11,2685.74,2686.23,1608.8569
2026-09-25 14:03:00,2686.23,2686.23,2677.18,2681.3,1679.6215
2026-09-25 14:04:00,2681.31,2682.32,2672.0,2672.7,1143.231
2026-09-25 14:05:00,2672.71,2676.1,2671.94,2673.62,641.9466
2026-09-25 14:06:00,2673.63,2681.84,2673.63,2678.13,853.3331
2026-09-25 14:07:00,2678.12,2682.26,2678.12,2681.43,367.4681
2026-09-25 14:08:00,2681.42,2687.6,2680.25,2687.6,458.5792
2026-09-25 14:09:00,2687.61,2689.28,2684.66,2685.36,471.952
2026-09-25 14:10:00,2685.36,2688.42,2684.73,2685.08,311.0764
2026-09-25 14:11:00,2685.09,2691.24,2685.09,2690.75,573.2006
2026-09-25 14:12:00,2690.75,2691.13,2689.89,2690.07,181.1992
2026-09-25 14:13:00,2690.08,2691.03,2688.58,2689.24,268.9482
2026-09-25 14:14:00,2689.23,2689.24,2684.53,2685.66,264.4956
2026-09-25 14:15:00,2685.65,2690.14,2681.96,2689.73,432.5821
2026-09-25 14:16:00,2689.73,2692.49,2685.58,2685.59,379.6201
2026-09-25 14:17:00,2685.59,2685.87,2682.03,2682.16,347.5205
2026-09-25 14:18:00,2682.17,2684.99,2681.67,2684.24,223.4071
2026-09-25 14:19:00,2684.24,2687.0,2681.12,2686.66,250.5092
2026-09-25 14:20:00,2686.65,2687.62,2684.39,2687.46,220.5835
2026-09-25 14:21:00,2687.46,2690.8,2687.46,2690.33,277.077
2026-09-25 14:22:00,2690.32,2692.41,2688.66,2689.4,179.5262
2026-09-25 14:23:00,2689.41,2690.87,2687.66,2687.67,175.7659
2026-09-25 14:24:00,2687.66,2689.14,2684.24,2685.14,310.8516
2026-09-25 14:25:00,2685.15,2688.28,2683.94,2686.53,1524.3389
2026-09-25 14:26:00,2686.52,2687.52,2685.44,2687.21,257.7965
2026-09-25 14:27:00,2687.21,2687.58,2684.88,2685.17,373.0698
2026-09-25 14:28:00,2685.18,2686.89,2684.63,2686.58,285.5888
2026-09-25 14:29:00,2686.58,2689.27,2686.53,2686.94,167.5294
2026-09-25 14:30:00,2686.95,2690.0,2686.4,2690.0,188.841
2026-09-25 14:31:00,2689.99,2693.71,2689.77,2693.7,365.4117
2026-09-25 14:32:00,2693.71,2693.86,2690.31,2692.98,202.9778
2026-09-25 14:33:00,2692.99,2693.81,2692.1,2692.69,198.3044
2026-09-25 14:34:00,2692.69,2696.69,2692.69,2696.18,415.6835
2026-09-25 14:35:00,2696.18,2697.22,2694.66,2695.78,203.8679
2026-09-25 14:36:00,2695.79,2698.09,2695.74,2696.44,723.893
2026-09-25 14:37:00,2696.44,2696.44,2694.55,2695.4,160.5611
2026-09-25 14:38:00,2695.41,2697.7,2695.41,2697.05,117.9035
2026-09-25 14:39:00,2697.04,2697.72,2695.14,2695.14,173.4317
2026-09-25 14:40:00,2695.15,2695.52,2688.99,2689.0,179.0128
2026-09-25 14:41:00,2688.99,2691.81,2688.99,2690.27,119.2613
2026-09-25 14:42:00,2690.26,2691.81,2688.88,2690.94,643.0915
2026-09-25 14:43:00,2690.94,2691.4,2683.88,2683.98,396.1854
2026-09-25 14:44:00,2683.97,2686.12,2683.89,2684.08,191.6935
2026-09-25 14:45:00,2684.08,2686.66,2679.4,2686.65,737.9957
2026-09-25 14:46:00,2686.65,2689.76,2684.46,2687.42,631.8625
2026-09-25 14:47:00,2687.41,2689.84,2686.13,2689.08,346.5479
2026-09-25 14:48:00,2689.1,2690.04,2687.8,2689.6,176.255
2026-09-25 14:49:00,2689.6,2691.97,2688.48,2689.24,275.6348
2026-09-25 14:50:00,2689.25,2689.51,2685.6,2686.81,163.4487
2026-09-25 14:51:00,2686.82,2688.28,2683.46,2683.47,212.3541
2026-09-25 14:52:00,2683.46,2684.06,2680.89,2682.47,408.3812
2026-09-25 14:53:00,2682.47,2687.03,2681.93,2686.75,165.9245
2026-09-25 14:54:00,2686.76,2688.74,2686.75,2688.64,127.144
2026-09-25 14:55:00,2688.63,2692.36,2688.63,2692.36,268.1549
2026-09-25 14:56:00,2692.36,2695.2,2691.96,2693.56,196.9481
2026-09-25 14:57:00,2693.57,2693.57,2692.63,2692.9,130.9233
2026-09-25 14:58:00,2692.91,2694.08,2692.33,2693.91,218.0276
2026-09-25 14:59:00,2693.9,2695.83,2693.9,2695.82,69.1265
2026-09-25 15:00:00,2695.83,2697.07,2694.06,2697.07,140.4063
2026-09-25 15:01:00,2697.07,2697.51,2695.42,2696.72,190.9648
2026-09-25 15:02:00,2696.73,2699.0,2695.18,2695.18,266.9873
2026-09-25 15:03:00,2695.18,2695.68,2692.17,2693.49,154.7935
2026-09-25 15:04:00,2693.48,2694.4,2689.43,2689.94,185.09
2026-09-25 15:05:00,2689.94,2694.12,2689.94,2691.16,164.506
2026-09-25 15:06:00,2691.16,2693.02,2690.61,2691.33,149.5086
2026-09-25 15:07:00,2691.34,2694.85,2691.22,2694.85,158.6838
2026-09-25 15:08:00,2694.84,2696.54,2694.01,2696.54,213.7511
2026-09-25 15:09:00,2696.53,2697.21,2695.49,2695.7,70.9305
2026-09-25 15:10:00,2695.69,2695.7,2693.2,2693.99,132.5538
2026-09-25 15:11:00,2693.99,2694.71,2692.35,2693.96,263.2558
2026-09-25 15:12:00,2693.97,2697.79,2693.97,2696.81,130.673
2026-09-25 15:13:00,2696.81,2698.0,2696.43,2696.44,211.1667
2026-09-25 15:14:00,2696.43,2697.85,2695.85,2697.71,95.2299
2026-09-25 15:15:00,2697.72,2698.48,2694.39,2696.69,307.2916
2026-09-25 15:16:00,2696.69,2698.39,2696.69,2698.0,354.478
2026-09-25 15:17:00,2698.0,2698.0,2695.52,2697.18,119.2956
2026-09-25 15:18:00,2697.17,2697.61,2695.09,2695.09,146.3886
2026-09-25 15:19:00,2695.09,2695.09,2691.01,2691.29,128.419
2026-09-25 15:20:00,2691.3,2691.3,2687.49,2691.08,491.6356
2026-09-25 15:21:00,2691.08,2695.3,2689.38,2695.29,659.6521
2026-09-25 15:22:00,2695.3,2695.51,2693.06,2693.09,174.9622
2026-09-25 15:23:00,2693.1,2694.66,2692.72,2693.63,275.9316
2026-09-25 15:24:00,2693.63,2693.66,2692.18,2692.59,299.7271
2026-09-25 15:25:00,2692.58,2692.79,2690.84,2690.91,237.3864
2026-09-25 15:26:00,2690.91,2691.78,2690.11,2691.17,145.1415
2026-09-25 15:27:00,2691.17,2691.55,2690.0,2690.32,54.3012
2026-09-25 15:28:00,2690.32,2691.23,2689.23,2689.57,190.3799
2026-09-25 15:29:00,2689.58,2690.29,2688.96,2689.95,108.2015
2026-09-25 15:30:00,2689.94,2694.23,2688.03,2688.77,269.2044
2026-09-25 15:31:00,2688.78,2690.0,2686.76,2688.98,159.9974
2026-09-25 15:32:00,2688.99,2692.84,2688.98,2689.25,226.042
2026-09-25 15:33:00,2689.24,2690.39,2686.76,2686.77,316.1264
2026-09-25 15:34:00,2686.76,2686.83,2684.28,2684.73,322.6446
2026-09-25 15:35:00,2684.74,2685.46,2682.49,2683.79,213.6078
2026-09-25 15:36:00,2683.79,2685.24,2682.97,2684.2,89.6995
2026-09-25 15:37:00,2684.19,2685.33,2682.15,2682.43,106.8506
2026-09-25 15:38:00,2682.42,2683.32,2679.11,2679.11,272.169
2026-09-25 15:39:00,2679.11,2679.93,2673.77,2674.52,919.2666
2026-09-25 15:40:00,2674.53,2678.34,2673.39,2678.34,715.8607
2026-09-25 15:41:00,2678.34,2679.15,2676.02,2676.02,416.2291
2026-09-25 15:42:00,2676.02,2677.05,2674.29,2676.79,107.9926
2026-09-25 15:43:00,2676.79,2678.07,2673.68,2673.68,193.574
2026-09-25 15:44:00,2673.68,2675.2,2673.0,2673.1,170.3199
2026-09-25 15:45:00,2673.1,2675.52,2673.1,2673.29,237.2535
2026-09-25 15:46:00,2673.29,2677.16,2672.72,2676.27,266.3682
2026-09-25 15:47:00,2676.27,2678.6,2674.0,2674.0,250.4707
2026-09-25 15:48:00,2674.0,2674.41,2672.94,2673.46,107.6079
2026-09-25 15:49:00,2673.46,2674.41,2671.94,2673.14,231.2421
2026-09-25 15:50:00,2673.15,2673.2,2671.27,2672.52,255.4069
2026-09-25 15:51:00,2672.51,2672.51,2669.62,2669.62,270.3886
2026-09-25 15:52:00,2669.62,2673.02,2668.84,2672.17,991.1794
2026-09-25 15:53:00,2672.17,2672.34,2669.43,2671.44,348.4387
2026-09-25 15:54:00,2671.44,2674.96,2670.41,2672.95,180.1227
2026-09-25 15:55:00,2672.95,2676.87,2672.95,2676.4,156.7325
2026-09-25 15:56:00,2676.39,2679.37,2675.59,2679.37,216.415
2026-09-25 15:57:00,2679.36,2680.36,2679.0,2679.89,270.1624
2026-09-25 15:58:00,2679.89,2683.46,2679.89,2683.45,158.9057
2026-09-25 15:59:00,2683.45,2686.9,2682.78,2686.9,199.2927
2026-09-25 16:00:00,2686.91,2691.33,2686.15,2691.24,490.3789
2026-09-25 16:01:00,2691.23,2691.97,2689.45,2691.0,238.6177
2026-09-25 16:02:00,2690.99,2694.75,2690.99,2694.2,343.4152
2026-09-25 16:03:00,2694.2,2695.35,2692.8,2695.34,272.1414
2026-09-25 16:04:00,2695.34,2695.9,2690.51,2692.92,212.5563
2026-09-25 16:05:00,2692.92,2696.27,2692.35,2695.59,468.5186
2026-09-25 16:06:00,2695.58,2698.25,2694.2,2696.63,272.1171
2026-09-25 16:07:00,2696.62,2696.63,2691.36,2693.41,312.4719
2026-09-25 16:08:00,2693.41,2694.87,2691.6,2692.05,269.298
2026-09-25 16:09:00,2692.05,2693.55,2691.05,2693.54,150.598
2026-09-25 16:10:00,2693.55,2694.66,2690.79,2691.13,621.4108
2026-09-25 16:11:00,2691.13,2691.9,2690.75,2691.89,82.0788
2026-09-25 16:12:00,2691.89,2693.84,2691.43,2693.44,269.3696
2026-09-25 16:13:00,2693.44,2693.44,2691.82,2691.83,189.7577
2026-09-25 16:14:00,2691.83,2693.32,2691.46,2693.32,68.1493
2026-09-25 16:15:00,2693.32,2696.29,2693.32,2695.81,150.5147
2026-09-25 16:16:00,2695.8,2697.23,2694.76,2696.14,291.2939
2026-09-25 16:17:00,2696.13,2696.39,2692.65,2692.65,115.639
2026-09-25 16:18:00,2692.64,2693.56,2691.14,2691.14,73.2596
2026-09-25 16:19:00,2691.15,2693.0,2690.47,2692.92,163.5207
2026-09-25 16:20:00,2692.91,2693.2,2690.0,2690.0,177.3274
2026-09-25 16:21:00,2690.01,2690.01,2687.87,2687.88,172.7503
2026-09-25 16:22:00,2687.89,2689.53,2687.43,2688.19,256.5876
2026-09-25 16:23:00,2688.19,2688.62,2686.41,2687.66,191.8766
2026-09-25 16:24:00,2687.67,2689.33,2687.67,2688.94,298.439
2026-09-25 16:25:00,2688.94,2690.25,2688.94,2689.11,223.6234
2026-09-25 16:26:00,2689.11,2693.4,2689.11,2693.33,247.6204
2026-09-25 16:27:00,2693.34,2693.8,2692.84,2692.84,198.0641
2026-09-25 16:28:00,2692.85,2692.85,2692.28,2692.57,119.5423
2026-09-25 16:29:00,2692.56,2693.08,2691.52,2692.17,129.1768
2026-09-25 16:30:00,2692.17,2692.34,2690.96,2692.17,108.739
2026-09-25 16:31:00,2692.18,2692.72,2691.17,2692.72,103.9074
2026-09-25 16:32:00,2692.72,2694.84,2692.59,2694.77,146.1217
2026-09-25 16:33:00,2694.78,2695.96,2693.47,2693.47,217.3311
2026-09-25 16:34:00,2693.47,2693.47,2685.0,2685.73,852.0572
2026-09-25 16:35:00,2685.72,2688.2,2684.66,2688.2,265.7485
2026-09-25 16:36:00,2688.19,2690.0,2688.06,2690.0,115.6643
2026-09-25 16:37:00,2690.0,2692.29,2689.99,2690.06,241.1748
2026-09-25 16:38:00,2690.06,2690.06,2687.1,2688.8,93.5476
2026-09-25 16:39:00,2688.8,2690.59,2688.8,2690.49,271.6113
2026-09-25 16:40:00,2690.49,2690.86,2688.53,2688.53,194.7708
2026-09-25 16:41:00,2688.54,2690.42,2688.54,2690.42,65.9178
2026-09-25 16:42:00,2690.43,2692.63,2689.74,2689.74,203.1926
2026-09-25 16:43:00,2689.75,2691.87,2689.74,2691.28,125.8071
2026-09-25 16:44:00,2691.28,2692.98,2689.8,2689.81,134.4093
2026-09-25 16:45:00,2689.8,2689.94,2687.82,2688.82,118.4355
2026-09-25 16:46:00,2688.83,2689.19,2687.92,2688.16,139.9334
2026-09-25 16:47:00,2688.15,2688.15,2685.11,2685.11,76.4781
2026-09-25 16:48:00,2685.1,2685.1,2682.26,2682.27,299.9926
2026-09-25 16:49:00,2682.27,2685.22,2681.93,2685.22,310.2663
2026-09-25 16:50:00,2685.23,2686.15,2685.0,2685.0,154.1129
2026-09-25 16:51:00,2685.01,2687.05,2685.0,2687.04,78.5423
2026-09-25 16:52:00,2687.05,2690.0,2687.04,2690.0,149.2087
2026-09-25 16:53:00,2690.0,2690.0,2686.72,2686.73,347.03
2026-09-25 16:54:00,2686.73,2688.48,2686.68,2687.74,104.0486
2026-09-25 16:55:00,2687.73,2687.74,2686.29,2687.48,66.3783
2026-09-25 16:56:00,2687.47,2687.81,2686.25,2686.57,80.1003
2026-09-25 16:57:00,2686.57,2686.58,2684.78,2684.78,66.9372
2026-09-25 16:58:00,2684.78,2684.78,2683.34,2683.47,60.7096
2026-09-25 16:59:00,2683.48,2683.71,2682.55,2683.71,155.6915
2026-09-25 17:00:00,2683.72,2685.12,2683.66,2684.79,201.3949
2026-09-25 17:01:00,2684.79,2689.92,2684.79,2689.92,129.926
2026-09-25 17:02:00,2689.92,2691.01,2688.42,2689.88,392.4465
2026-09-25 17:03:00,2689.89,2690.85,2689.88,2690.09,52.4339
2026-09-25 17:04:00,2690.09,2691.55,2689.96,2691.55,78.156
2026-09-25 17:05:00,2691.55,2692.19,2688.61,2688.63,125.5303
2026-09-25 17:06:00,2688.62,2689.58,2687.57,2687.92,152.6778
2026-09-25 17:07:00,2687.92,2688.73,2687.5,2688.56,126.5217
2026-09-25 17:08:00,2688.57,2688.97,2686.48,2688.97,64.0113
2026-09-25 17:09:00,2688.98,2691.23,2688.98,2691.22,78.7171
2026-09-25 17:10:00,2691.23,2691.23,2690.31,2690.31,68.1001
2026-09-25 17:11:00,2690.31,2690.96,2689.06,2689.34,156.6481
2026-09-25 17:12:00,2689.34,2690.53,2689.3,2690.36,71.1979
2026-09-25 17:13:00,2690.35,2691.48,2690.35,2691.28,63.8802
2026-09-25 17:14:00,2691.28,2691.54,2691.28,2691.53,20.9991
2026-09-25 17:15:00,2691.54,2693.06,2691.54,2693.06,116.7403
2026-09-25 17:16:00,2693.06,2693.37,2693.05,2693.37,82.1438
2026-09-25 17:17:00,2693.36,2693.71,2693.06,2693.07,100.7763
2026-09-25 17:18:00,2693.06,2693.3,2692.35,2693.3,31.5259
2026-09-25 17:19:00,2693.3,2693.3,2691.18,2691.27,166.9152
2026-09-25 17:20:00,2691.26,2691.98,2690.83,2690.99,63.7785
2026-09-25 17:21:00,2690.99,2691.0,2689.31,2689.48,54.8546
2026-09-25 17:22:00,2689.48,2690.43,2688.13,2688.31,164.9225
2026-09-25 17:23:00,2688.3,2689.59,2688.01,2689.1,62.8419
2026-09-25 17:24:00,2689.1,2690.0,2687.95,2688.35,544.5186
2026-09-25 17:25:00,2688.35,2688.35,2686.94,2687.01,46.0051
2026-09-25 17:26:00,2687.01,2687.75,2686.48,2686.48,62.23
2026-09-25 17:27:00,2686.48,2686.49,2684.97,2686.49,66.156
2026-09-25 17:28:00,2686.48,2686.48,2683.78,2683.78,151.5969
2026-09-25 17:29:00,2683.79,2683.79,2680.1,2680.1,236.8837
2026-09-25 17:30:00,2680.1,2680.54,2678.28,2680.54,477.2901
2026-09-25 17:31:00,2680.55,2680.65,2678.28,2678.84,284.9041
2026-09-25 17:32:00,2678.84,2684.2,2678.84,2683.21,115.9966
2026-09-25 17:33:00,2683.21,2684.69,2681.41,2681.42,168.5568
2026-09-25 17:34:00,2681.42,2683.12,2681.42,2682.64,96.9532
2026-09-25 17:35:00,2682.64,2682.64,2682.01,2682.41,63.955
2026-09-25 17:36:00,2682.41,2683.75,2681.95,2682.0,91.0904
2026-09-25 17:37:00,2682.0,2682.49,2682.0,2682.34,76.2535
2026-09-25 17:38:00,2682.34,2683.32,2682.34,2683.08,60.7647
2026-09-25 17:39:00,2683.08,2685.83,2681.8,2684.89,304.8856
2026-09-25 17:40:00,2684.9,2686.85,2684.7,2684.84,237.8728
2026-09-25 17:41:00,2684.84,2688.22,2684.61,2688.0,252.9053
2026-09-25 17:42:00,2688.01,2688.95,2687.64,2687.95,130.1851
2026-09-25 17:43:00,2687.95,2688.17,2687.22,2688.0,80.7899
2026-09-25 17:44:00,2688.0,2688.08,2686.23,2686.36,75.0796
2026-09-25 17:45:00,2686.36,2686.36,2685.06,2685.17,61.1252
2026-09-25 17:46:00,2685.17,2685.9,2684.22,2684.22,120.57
2026-09-25 17:47:00,2684.22,2684.22,2681.43,2682.67,215.1568
2026-09-25 17:48:00,2682.67,2684.2,2682.67,2683.32,79.3662
2026-09-25 17:49:00,2683.33,2684.76,2683.33,2684.76,122.2505
2026-09-25 17:50:00,2684.76,2684.77,2683.22,2683.26,81.2133
2026-09-25 17:51:00,2683.26,2683.58,2682.15,2682.16,64.8869
2026-09-25 17:52:00,2682.16,2682.18,2681.37,2681.98,56.2429
2026-09-25 17:53:00,2681.97,2682.18,2681.37,2682.01,52.9046
2026-09-25 17:54:00,2682.01,2682.98,2681.37,2682.78,83.1951
2026-09-25 17:55:00,2682.78,2684.2,2682.09,2684.16,101.7771
2026-09-25 17:56:00,2684.17,2684.8,2684.16,2684.45,43.3335
2026-09-25 17:57:00,2684.46,2684.46,2683.83,2683.94,45.1214
2026-09-25 17:58:00,2684.01,2684.57,2684.01,2684.47,55.0758
2026-09-25 17:59:00,2684.48,2685.96,2684.47,2685.91,79.3711
2026-09-25 18:00:00,2685.91,2688.28,2685.91,2688.28,135.9118
2026-09-25 18:01:00,2688.28,2689.62,2688.27,2689.62,104.8425
2026-09-25 18:02:00,2689.61,2690.88,2686.73,2687.25,324.862
2026-09-25 18:03:00,2687.26,2688.71,2686.94,2688.71,43.4347
2026-09-25 18:04:00,2688.71,2688.71,2687.0,2687.16,41.4333
2026-09-25 18:05:00,2687.16,2687.17,2686.07,2686.07,59.8581
2026-09-25 18:06:00,2686.08,2689.76,2686.07,2689.76,85.7452
2026-09-25 18:07:00,2689.75,2690.09,2689.32,2690.09,50.3498
2026-09-25 18:08:00,2690.09,2690.09,2688.73,2688.74,135.9561
2026-09-25 18:09:00,2688.73,2691.65,2688.34,2691.65,137.3747
2026-09-25 18:10:00,2691.64,2693.36,2690.87,2690.87,481.5711
2026-09-25 18:11:00,2690.87,2693.36,2690.24,2693.35,99.5199
2026-09-25 18:12:00,2693.35,2696.99,2693.15,2696.57,249.7876
2026-09-25 18:13:00,2696.57,2696.75,2695.01,2695.59,71.375
2026-09-25 18:14:00,2695.59,2695.59,2695.02,2695.06,81.1947
2026-09-25 18:15:00,2695.06,2695.8,2694.75,2695.43,69.8088
2026-09-25 18:16:00,2695.44,2695.8,2695.43,2695.44,41.6923
2026-09-25 18:17:00,2695.44,2698.11,2695.44,2697.42,329.1972
2026-09-25 18:18:00,2697.42,2698.08,2697.42,2697.96,51.7582
2026-09-25 18:19:00,2697.97,2698.88,2697.41,2698.53,260.9855
2026-09-25 18:20:00,2698.52,2699.5,2698.38,2698.38,191.5297
2026-09-25 18:21:00,2698.38,2698.39,2697.06,2697.06,96.7657
2026-09-25 18:22:00,2697.06,2697.06,2695.81,2695.87,209.8243
2026-09-25 18:23:00,2695.87,2696.44,2695.62,2696.22,67.3808
2026-09-25 18:24:00,2696.21,2697.0,2695.89,2697.0,49.2164
2026-09-25 18:25:00,2696.99,2698.67,2696.79,2698.31,219.6362
2026-09-25 18:26:00,2698.3,2698.3,2692.91,2692.92,416.8092
2026-09-25 18:27:00,2692.92,2693.48,2690.62,2690.63,262.0963
2026-09-25 18:28:00,2690.63,2694.01,2690.63,2694.0,109.2109
2026-09-25 18:29:00,2694.0,2694.01,2692.9,2693.69,87.4841
2026-09-25 18:30:00,2693.7,2695.2,2693.7,2694.58,71.8174
2026-09-25 18:31:00,2694.59,2695.19,2694.13,2694.13,51.2335
2026-09-25 18:32:00,2694.13,2694.78,2693.94,2693.98,36.3897
2026-09-25 18:33:00,2693.99,2694.26,2693.27,2693.28,54.6785
2026-09-25 18:34:00,2693.27,2693.92,2692.8,2693.5,41.8109
2026-09-25 18:35:00,2693.5,2695.82,2691.61,2695.68,333.9411
2026-09-25 18:36:00,2695.68,2695.69,2694.39,2694.39,83.21
2026-09-25 18:37:00,2694.39,2694.48,2692.35,2692.61,69.9823
2026-09-25 18:38:00,2692.62,2693.61,2692.29,2693.6,43.8314
2026-09-25 18:39:00,2693.6,2693.61,2691.61,2691.62,69.0929
2026-09-25 18:40:00,2691.61,2691.61,2691.11,2691.37,84.3117
2026-09-25 18:41:00,2691.36,2692.32,2691.35,2692.31,53.637
2026-09-25 18:42:00,2692.32,2693.21,2692.31,2692.68,98.7
2026-09-25 18:43:00,2692.68,2693.44,2692.68,2693.01,85.0076
2026-09-25 18:44:00,2693.01,2693.96,2693.01,2693.95,57.7392
2026-09-25 18:45:00,2693.96,2695.35,2693.96,2694.79,187.6108
2026-09-25 18:46:00,2694.78,2696.0,2694.6,2695.43,56.7161
2026-09-25 18:47:00,2695.43,2695.43,2693.78,2693.81,92.3653
2026-09-25 18:48:00,2693.82,2694.2,2693.29,2694.01,79.8106
2026-09-25 18:49:00,2694.01,2694.92,2693.88,2693.88,76.7899
2026-09-25 18:50:00,2693.89,2694.55,2693.83,2693.84,57.672
2026-09-25 18:51:00,2693.83,2694.77,2692.85,2693.3,69.0985
2026-09-25 18:52:00,2693.31,2693.99,2693.31,2693.99,71.1849
2026-09-25 18:53:00,2693.99,2694.0,2693.81,2693.95,17.8551
2026-09-25 18:54:00,2693.95,2694.0,2692.69,2693.99,96.5989
2026-09-25 18:55:00,2694.0,2695.24,2693.64,2693.87,201.0962
2026-09-25 18:56:00,2693.87,2693.87,2693.07,2693.43,42.0734
2026-09-25 18:57:00,2693.43,2694.21,2692.47,2694.21,148.321
2026-09-25 18:58:00,2694.21,2694.21,2693.29,2693.59,61.311
2026-09-25 18:59:00,2693.59,2693.6,2693.0,2693.37,24.0607
2026-09-25 19:00:00,2693.38,2694.21,2691.69,2691.7,106.0246
2026-09-25 19:01:00,2691.69,2693.29,2690.83,2692.64,196.5867
2026-09-25 19:02:00,2692.64,2692.65,2690.94,2690.95,65.3715
2026-09-25 19:03:00,2690.95,2691.34,2690.65,2691.34,57.5934
2026-09-25 19:04:00,2691.33,2691.8,2691.33,2691.63,39.4329
2026-09-25 19:05:00,2691.63,2693.59,2691.62,2692.79,46.9887
2026-09-25 19:06:00,2692.78,2694.21,2692.78,2693.66,45.8816
2026-09-25 19:07:00,2693.66,2695.3,2693.18,2694.93,126.3594
2026-09-25 19:08:00,2694.93,2694.94,2694.05,2694.46,58.3397
2026-09-25 19:09:00,2694.47,2694.59,2691.07,2691.24,219.2429
2026-09-25 19:10:00,2691.24,2692.19,2691.09,2692.19,91.6245
2026-09-25 19:11:00,2692.19,2693.7,2692.19,2692.88,40.155
2026-09-25 19:12:00,2692.88,2694.48,2692.87,2694.48,28.4787
2026-09-25 19:13:00,2694.49,2696.4,2694.49,2696.4,125.2527
2026-09-25 19:14:00,2696.39,2696.4,2696.1,2696.18,76.1569
2026-09-25 19:15:00,2696.19,2696.44,2695.01,2695.2,47.7037
2026-09-25 19:16:00,2695.2,2695.2,2693.01,2693.31,114.2428
2026-09-25 19:17:00,2693.31,2694.93,2693.31,2693.89,56.1569
2026-09-25 19:18:00,2693.89,2694.57,2693.88,2694.02,24.9157
2026-09-25 19:19:00,2694.02,2694.02,2692.99,2693.17,34.325
2026-09-25 19:20:00,2693.17,2693.71,2693.17,2693.71,23.2463
2026-09-25 19:21:00,2693.71,2695.24,2693.7,2693.96,52.712
2026-09-25 19:22:00,2693.96,2694.76,2693.96,2694.1,47.1641
2026-09-25 19:23:00,2694.1,2694.3,2693.1,2693.1,38.9728
2026-09-25 19:24:00,2693.1,2694.27,2691.78,2691.85,136.8909
2026-09-25 19:25:00,2691.81,2692.09,2690.84,2691.41,82.5104
2026-09-25 19:26:00,2691.41,2692.26,2691.41,2692.26,44.0366
2026-09-25 19:27:00,2692.26,2693.25,2691.96,2692.28,114.7314
2026-09-25 19:28:00,2692.28,2692.73,2692.27,2692.72,14.8979
2026-09-25 19:29:00,2692.72,2693.69,2692.72,2693.21,42.0095
2026-09-25 19:30:00,2693.2,2693.21,2692.39,2692.94,33.9355
2026-09-25 19:31:00,2692.93,2693.2,2691.78,2691.92,46.7871
2026-09-25 19:32:00,2691.91,2693.07,2691.73,2692.75,59.1087
2026-09-25 19:33:00,2692.75,2693.08,2692.47,2693.07,45.2911
2026-09-25 19:34:00,2693.07,2693.07,2691.61,2691.61,34.1424
2026-09-25 19:35:00,2691.61,2691.79,2691.29,2691.78,32.3702
2026-09-25 19:36:00,2691.79,2694.03,2691.78,2694.02,55.9697
2026-09-25 19:37:00,2694.02,2695.3,2693.91,2695.19,79.882
2026-09-25 19:38:00,2695.18,2696.39,2695.18,2695.28,55.7632
2026-09-25 19:39:00,2695.27,2695.51,2691.94,2692.17,274.7817
2026-09-25 19:40:00,2692.18,2692.34,2691.32,2691.52,53.8329
2026-09-25 19:41:00,2691.51,2691.78,2690.43,2690.54,93.4358
2026-09-25 19:42:00,2690.54,2691.4,2690.54,2690.99,131.4596
2026-09-25 19:43:00,2691.0,2691.75,2691.0,2691.75,19.3509
2026-09-25 19:44:00,2691.75,2691.89,2691.75,2691.88,18.2158
2026-09-25 19:45:00,2691.89,2694.21,2691.88,2694.21,44.864
2026-09-25 19:46:00,2694.21,2696.14,2694.21,2696.14,62.6467
2026-09-25 19:47:00,2696.14,2696.38,2695.25,2695.25,69.8017
2026-09-25 19:48:00,2695.25,2695.76,2694.84,2695.58,124.1458
2026-09-25 19:49:00,2695.58,2695.79,2694.98,2695.53,48.1548
2026-09-25 19:50:00,2695.53,2696.43,2695.52,2696.21,84.6594
2026-09-25 19:51:00,2696.21,2696.21,2695.01,2695.09,80.842
2026-09-25 19:52:00,2695.09,2695.1,2694.49,2694.72,38.7506
2026-09-25 19:53:00,2694.72,2694.72,2693.68,2694.23,76.5282
2026-09-25 19:54:00,2694.23,2694.57,2693.68,2693.69,50.3186
2026-09-25 19:55:00,2693.69,2693.83,2693.31,2693.31,50.0842
2026-09-25 19:56:00,2693.31,2693.32,2692.35,2693.02,90.853
2026-09-25 19:57:00,2693.01,2693.62,2693.01,2693.62,31.3632
2026-09-25 19:58:00,2693.61,2693.61,2692.18,2692.77,49.1537
2026-09-25 19:59:00,2692.78,2694.56,2692.78,2693.34,136.7526
2026-09-25 20:00:00,2693.34,2695.3,2693.12,2693.39,65.9847
2026-09-25 20:01:00,2693.4,2694.19,2693.18,2693.52,41.9282
2026-09-25 20:02:00,2693.52,2694.41,2693.45,2693.54,119.3103
2026-09-25 20:03:00,2693.54,2693.54,2692.35,2692.54,74.8052
2026-09-25 20:04:00,2692.55,2693.66,2689.56,2690.39,242.3127
2026-09-25 20:05:00,2690.4,2691.21,2690.31,2690.96,53.4589
2026-09-25 20:06:00,2690.95,2690.95,2690.51,2690.95,18.7177
2026-09-25 20:07:00,2690.94,2690.94,2689.95,2690.11,74.1578
2026-09-25 20:08:00,2690.1,2690.95,2690.1,2690.23,33.2642
2026-09-25 20:09:00,2690.22,2692.35,2690.22,2692.35,78.696
2026-09-25 20:10:00,2692.35,2692.36,2690.1,2690.11,132.618
2026-09-25 20:11:00,2690.1,2690.81,2690.1,2690.8,22.447
2026-09-25 20:12:00,2690.8,2691.18,2690.51,2691.18,132.7308
2026-09-25 20:13:00,2691.17,2691.18,2690.25,2690.62,74.9167
2026-09-25 20:14:00,2690.62,2690.62,2690.58,2690.62,35.8661
2026-09-25 20:15:00,2690.61,2691.09,2690.46,2690.82,39.4193
2026-09-25 20:16:00,2690.82,2691.4,2690.82,2691.0,278.2426
2026-09-25 20:17:00,2691.0,2691.64,2690.99,2691.23,97.765
2026-09-25 20:18:00,2691.24,2692.36,2691.24,2691.99,30.9034
2026-09-25 20:19:00,2691.99,2692.65,2691.99,2692.27,36.5073
2026-09-25 20:20:00,2692.26,2692.58,2692.26,2692.38,14.4145
2026-09-25 20:21:00,2692.39,2692.39,2690.93,2690.93,16.0142
2026-09-25 20:22:00,2690.94,2692.39,2690.93,2692.38,40.9969
2026-09-25 20:23:00,2692.39,2693.67,2692.38,2693.66,107.8348
2026-09-25 20:24:00,2693.66,2695.67,2693.66,2695.66,50.9271
2026-09-25 20:25:00,2695.66,2695.67,2694.55,2694.78,40.425
2026-09-25 20:26:00,2694.78,2694.82,2693.95,2694.74,30.9029
2026-09-25 20:27:00,2694.74,2694.74,2694.25,2694.25,36.8945
2026-09-25 20:28:00,2694.25,2694.37,2693.8,2693.8,49.5037
2026-09-25 20:29:00,2693.8,2693.82,2693.8,2693.82,9.7757
2026-09-25 20:30:00,2693.82,2693.82,2693.46,2693.73,50.714
2026-09-25 20:31:00,2693.73,2693.73,2693.3,2693.3,23.4114
2026-09-25 20:32:00,2693.31,2693.95,2693.29,2693.85,36.2385
2026-09-25 20:33:00,2693.86,2694.89,2693.86,2694.64,47.134
2026-09-25 20:34:00,2694.65,2694.65,2694.01,2694.64,42.1667
2026-09-25 20:35:00,2694.64,2694.78,2693.04,2693.05,53.6116
2026-09-25 20:36:00,2693.04,2693.6,2692.36,2693.6,60.04
2026-09-25 20:37:00,2693.59,2693.6,2692.58,2692.91,124.4513
2026-09-25 20:38:00,2692.91,2695.56,2691.67,2695.56,86.3997
2026-09-25 20:39:00,2695.56,2696.41,2693.51,2694.71,287.066
2026-09-25 20:40:00,2694.71,2695.14,2693.33,2693.34,88.7576
2026-09-25 20:41:00,2693.34,2693.51,2691.67,2691.68,37.8492
2026-09-25 20:42:00,2691.67,2691.68,2690.46,2691.4,81.8804
2026-09-25 20:43:00,2691.39,2692.89,2691.2,2692.89,31.4232
2026-09-25 20:44:00,2692.89,2692.89,2691.36,2692.54,80.4788
2026-09-25 20:45:00,2692.54,2692.54,2691.23,2691.23,93.2002
2026-09-25 20:46:00,2691.23,2691.24,2691.23,2691.24,12.2359
2026-09-25 20:47:00,2691.23,2691.23,2690.44,2690.92,46.95
2026-09-25 20:48:00,2690.93,2691.24,2690.92,2690.98,28.1933
2026-09-25 20:49:00,2690.98,2690.98,2690.0,2690.0,46.4585
2026-09-25 20:50:00,2690.0,2690.0,2687.8,2687.9,139.5828
2026-09-25 20:51:00,2687.9,2688.78,2687.72,2688.78,111.2754
2026-09-25 20:52:00,2688.78,2689.82,2688.57,2689.81,83.9206
2026-09-25 20:53:00,2689.81,2689.81,2687.94,2687.94,64.0921
2026-09-25 20:54:00,2687.94,2688.32,2685.76,2686.55,127.6539
2026-09-25 20:55:00,2686.54,2686.54,2683.89,2683.9,194.6454
2026-09-25 20:56:00,2683.89,2684.68,2683.89,2684.3,74.0561
2026-09-25 20:57:00,2684.3,2685.57,2684.2,2684.2,142.364
2026-09-25 20:58:00,2684.2,2684.7,2684.19,2684.69,73.6735
2026-09-25 20:59:00,2684.69,2685.17,2684.52,2684.74,105.6863
2026-09-25 21:00:00,2684.74,2685.6,2684.3,2685.6,92.414
2026-09-25 21:01:00,2685.59,2685.59,2684.47,2684.9,67.4654
2026-09-25 21:02:00,2684.91,2684.91,2683.59,2684.65,88.3906
2026-09-25 21:03:00,2684.65,2684.66,2683.02,2683.03,85.4988
2026-09-25 21:04:00,2683.03,2683.33,2681.86,2683.14,153.2014
2026-09-25 21:05:00,2683.13,2683.51,2680.35,2680.79,222.764
2026-09-25 21:06:00,2680.79,2680.79,2678.12,2679.46,380.4798
2026-09-25 21:07:00,2679.47,2679.9,2677.16,2677.62,294.8191
2026-09-25 21:08:00,2677.61,2679.75,2677.61,2679.44,88.1586
2026-09-25 21:09:00,2679.45,2679.84,2679.25,2679.26,85.3752
2026-09-25 21:10:00,2679.25,2680.04,2678.38,2679.78,92.9765
2026-09-25 21:11:00,2679.78,2679.78,2679.58,2679.58,17.0553
2026-09-25 21:12:00,2679.58,2680.74,2679.37,2680.74,57.4125
2026-09-25 21:13:00,2680.74,2680.74,2679.51,2679.69,81.2152
2026-09-25 21:14:00,2679.69,2680.27,2679.33,2679.33,119.4319
2026-09-25 21:15:00,2679.33,2679.72,2678.65,2678.65,72.7815
2026-09-25 21:16:00,2678.65,2678.81,2678.35,2678.37,57.7083
2026-09-25 21:17:00,2678.37,2678.97,2677.36,2678.97,156.0802
2026-09-25 21:18:00,2678.97,2678.97,2677.47,2678.18,134.4189
2026-09-25 21:19:00,2678.18,2678.4,2677.36,2677.82,117.0636
2026-09-25 21:20:00,2677.59,2678.73,2677.45,2678.73,17.0576
2026-09-25 21:21:00,2678.72,2679.13,2678.72,2678.87,37.4106
2026-09-25 21:22:00,2678.86,2678.87,2678.06,2678.06,26.1047
2026-09-25 21:23:00,2678.06,2678.75,2677.53,2678.75,55.5039
2026-09-25 21:24:00,2678.74,2679.17,2678.74,2679.17,20.1693
2026-09-25 21:25:00,2679.16,2679.16,2678.74,2678.74,74.2531
2026-09-25 21:26:00,2678.75,2679.9,2678.74,2679.19,54.6485
2026-09-25 21:27:00,2679.19,2680.0,2679.19,2679.99,47.1619
2026-09-25 21:28:00,2679.99,2680.65,2679.99,2680.65,17.3431
2026-09-25 21:29:00,2680.66,2681.17,2680.65,2680.89,79.8483
2026-09-25 21:30:00,2680.89,2681.43,2680.89,2681.43,43.9788
2026-09-25 21:31:00,2681.43,2681.87,2681.42,2681.87,30.1425
2026-09-25 21:32:00,2681.87,2681.87,2681.06,2681.06,81.8516
2026-09-25 21:33:00,2681.07,2681.07,2680.16,2680.16,34.2245
2026-09-25 21:34:00,2680.17,2680.17,2679.0,2679.88,80.1679
2026-09-25 21:35:00,2679.88,2680.77,2679.61,2680.76,177.4946
2026-09-25 21:36:00,2680.76,2681.01,2679.44,2679.45,171.8536
2026-09-25 21:37:00,2679.44,2679.67,2677.7,2677.89,129.094
2026-09-25 21:38:00,2677.89,2679.11,2677.53,2679.11,71.9632
2026-09-25 21:39:00,2679.1,2679.96,2679.1,2679.95,19.5192
2026-09-25 21:40:00,2679.96,2681.19,2679.96,2681.19,60.1697
2026-09-25 21:41:00,2681.19,2681.66,2681.01,2681.23,46.4336
2026-09-25 21:42:00,2681.24,2682.16,2681.24,2682.15,27.1495
2026-09-25 21:43:00,2682.16,2683.37,2681.82,2682.2,183.4156
2026-09-25 21:44:00,2682.21,2682.41,2682.21,2682.41,9.446
2026-09-25 21:45:00,2682.41,2682.41,2681.45,2681.45,76.6093
2026-09-25 21:46:00,2681.45,2681.85,2681.45,2681.85,19.0691
2026-09-25 21:47:00,2681.85,2682.03,2681.28,2681.29,63.9384
2026-09-25 21:48:00,2681.29,2681.7,2681.28,2681.69,14.0372
2026-09-25 21:49:00,2681.69,2682.82,2681.69,2682.81,59.5832
2026-09-25 21:50:00,2682.81,2683.12,2682.81,2683.12,10.6791
2026-09-25 21:51:00,2683.12,2683.12,2683.11,2683.12,8.8735
2026-09-25 21:52:00,2683.12,2683.63,2682.15,2682.15,117.025
2026-09-25 21:53:00,2682.15,2682.47,2681.45,2681.45,34.2264
2026-09-25 21:54:00,2681.46,2681.46,2681.17,2681.22,41.3069
2026-09-25 21:55:00,2681.22,2681.34,2680.6,2681.34,28.0935
2026-09-25 21:56:00,2681.33,2681.34,2681.33,2681.33,3.6774
2026-09-25 21:57:00,2681.34,2681.43,2680.37,2681.43,52.4668
2026-09-25 21:58:00,2681.43,2682.02,2681.12,2681.12,122.9338
2026-09-25 21:59:00,2681.11,2681.48,2680.72,2681.48,38.6296
2026-09-25 22:00:00,2681.47,2682.22,2681.06,2681.07,57.3786
2026-09-25 22:01:00,2681.06,2681.38,2680.18,2681.38,29.705
2026-09-25 22:02:00,2681.38,2682.59,2681.38,2682.58,45.3461
2026-09-25 22:03:00,2682.59,2683.86,2682.58,2683.85,86.3093
2026-09-25 22:04:00,2683.85,2684.57,2683.04,2683.64,81.993
2026-09-25 22:05:00,2683.65,2684.86,2683.65,2684.85,132.3908
2026-09-25 22:06:00,2684.85,2684.86,2684.68,2684.68,17.7824
2026-09-25 22:07:00,2684.68,2684.69,2684.06,2684.06,15.8197
2026-09-25 22:08:00,2684.06,2684.43,2684.06,2684.43,28.2939
2026-09-25 22:09:00,2684.42,2685.17,2684.42,2685.17,12.6201
2026-09-25 22:10:00,2685.17,2685.58,2685.17,2685.58,12.2329
2026-09-25 22:11:00,2685.59,2685.81,2685.36,2685.58,82.6934
2026-09-25 22:12:00,2685.58,2685.71,2685.36,2685.71,41.5352
2026-09-25 22:13:00,2685.7,2685.71,2685.63,2685.7,18.0391
2026-09-25 22:14:00,2685.71,2685.71,2685.7,2685.7,6.8962
2026-09-25 22:15:00,2685.71,2686.07,2685.7,2685.95,26.4247
2026-09-25 22:16:00,2685.96,2686.69,2685.96,2686.68,55.062
2026-09-25 22:17:00,2686.68,2687.01,2686.68,2687.0,33.173
2026-09-25 22:18:00,2687.0,2687.0,2686.23,2686.57,35.2013
2026-09-25 22:19:00,2686.57,2688.0,2686.57,2687.86,113.3607
2026-09-25 22:20:00,2687.86,2688.0,2687.29,2687.3,19.4099
2026-09-25 22:21:00,2687.3,2687.61,2686.95,2687.61,59.627
2026-09-25 22:22:00,2687.61,2688.28,2687.61,2688.27,30.6597
2026-09-25 22:23:00,2688.27,2688.28,2687.94,2688.08,36.2223
2026-09-25 22:24:00,2688.08,2688.5,2688.08,2688.49,19.6517
2026-09-25 22:25:00,2688.49,2688.8,2688.49,2688.8,16.3114
2026-09-25 22:26:00,2688.81,2688.81,2688.69,2688.7,12.9286
2026-09-25 22:27:00,2688.7,2688.7,2688.69,2688.69,11.344
2026-09-25 22:28:00,2688.69,2688.7,2687.28,2688.06,63.636
2026-09-25 22:29:00,2688.06,2688.44,2688.06,2688.29,17.5338
2026-09-25 22:30:00,2688.29,2688.7,2688.29,2688.7,14.9592
2026-09-25 22:31:00,2688.7,2689.8,2688.69,2689.8,19.5286
2026-09-25 22:32:00,2689.81,2690.49,2689.8,2690.49,128.3252
2026-09-25 22:33:00,2690.5,2691.59,2690.5,2691.58,70.319
2026-09-25 22:34:00,2691.59,2693.0,2691.58,2692.81,220.1996
2026-09-25 22:35:00,2692.81,2693.87,2692.8,2693.79,176.8988
2026-09-25 22:36:00,2693.8,2694.4,2693.79,2694.11,67.8437
2026-09-25 22:37:00,2694.11,2694.4,2693.37,2693.37,68.7071
2026-09-25 22:38:00,2693.37,2694.3,2693.37,2693.61,38.6017
2026-09-25 22:39:00,2693.61,2693.7,2693.61,2693.7,4.7728
2026-09-25 22:40:00,2693.7,2694.36,2693.6,2694.36,32.7754
2026-09-25 22:41:00,2694.35,2694.35,2692.74,2692.94,98.6409
2026-09-25 22:42:00,2692.93,2694.03,2692.93,2693.48,59.2768
2026-09-25 22:43:00,2693.47,2694.15,2693.15,2694.15,38.9828
2026-09-25 22:44:00,2694.16,2694.16,2692.35,2693.07,252.2005
2026-09-25 22:45:00,2693.08,2693.3,2693.08,2693.3,25.5916
2026-09-25 22:46:00,2693.3,2693.73,2693.29,2693.73,34.5955
2026-09-25 22:47:00,2693.73,2693.73,2692.33,2692.56,53.2318
2026-09-25 22:48:00,2692.57,2693.0,2692.56,2692.75,103.3554
2026-09-25 22:49:00,2692.75,2692.75,2692.63,2692.63,7.7039
2026-09-25 22:50:00,2692.64,2692.64,2692.63,2692.63,6.2152
2026-09-25 22:51:00,2692.64,2692.75,2692.63,2692.63,38.6625
2026-09-25 22:52:00,2692.64,2693.41,2692.63,2693.41,419.9607
2026-09-25 22:53:00,2693.41,2694.28,2693.4,2693.61,52.4028
2026-09-25 22:54:00,2693.6,2693.61,2693.6,2693.61,10.5293
2026-09-25 22:55:00,2693.61,2694.4,2693.6,2694.4,25.7729
2026-09-25 22:56:00,2694.39,2694.39,2694.03,2694.34,65.2114
2026-09-25 22:57:00,2694.33,2694.34,2693.6,2693.61,44.1958
2026-09-25 22:58:00,2693.61,2693.7,2693.17,2693.17,52.1575
2026-09-25 22:59:00,2693.17,2693.17,2691.81,2692.14,164.5415
2026-09-25 23:00:00,2692.14,2692.44,2692.12,2692.43,20.5361
2026-09-25 23:01:00,2692.43,2692.72,2692.38,2692.71,33.5233
2026-09-25 23:02:00,2692.72,2692.72,2692.71,2692.71,13.6468
2026-09-25 23:03:00,2692.72,2693.47,2692.59,2693.47,51.2131
2026-09-25 23:04:00,2693.46,2693.47,2692.71,2692.72,63.8956
2026-09-25 23:05:00,2692.71,2693.51,2692.71,2693.23,143.7983
2026-09-25 23:06:00,2693.22,2693.58,2693.22,2693.32,29.5362
2026-09-25 23:07:00,2693.33,2693.41,2693.23,2693.4,31.3316
2026-09-25 23:08:00,2693.4,2693.4,2692.95,2693.2,27.8898
2026-09-25 23:09:00,2693.2,2693.74,2693.2,2693.58,48.5816
2026-09-25 23:10:00,2693.57,2694.5,2693.57,2694.16,70.3072
2026-09-25 23:11:00,2694.16,2694.51,2694.15,2694.5,42.1751
2026-09-25 23:12:00,2694.51,2694.51,2694.15,2694.15,22.546
2026-09-25 23:13:00,2694.16,2694.16,2693.99,2694.0,21.309
2026-09-25 23:14:00,2693.99,2694.0,2693.87,2693.88,8.9148
2026-09-25 23:15:00,2693.88,2694.02,2693.87,2693.89,23.378
2026-09-25 23:16:00,2693.89,2693.91,2693.88,2693.91,5.9027
2026-09-25 23:17:00,2693.9,2693.91,2693.74,2693.74,16.2284
2026-09-25 23:18:00,2693.74,2693.75,2693.14,2693.3,21.8223
2026-09-25 23:19:00,2693.31,2693.41,2693.3,2693.4,19.9802
2026-09-25 23:20:00,2693.41,2693.41,2693.14,2693.15,24.6363
2026-09-25 23:21:00,2693.14,2693.65,2693.14,2693.65,14.9746
2026-09-25 23:22:00,2693.66,2693.91,2693.65,2693.86,45.3096
2026-09-25 23:23:00,2693.85,2693.85,2692.83,2693.23,30.2354
2026-09-25 23:24:00,2693.23,2693.24,2692.01,2692.01,46.9764
2026-09-25 23:25:00,2692.02,2692.22,2692.01,2692.01,28.1816
2026-09-25 23:26:00,2692.02,2692.77,2691.67,2692.76,43.8567
2026-09-25 23:27:00,2692.76,2692.77,2692.76,2692.77,9.6466
2026-09-25 23:28:00,2692.76,2693.18,2692.76,2693.17,17.4549
2026-09-25 23:29:00,2693.18,2693.33,2693.17,2693.32,25.5323
2026-09-25 23:30:00,2693.32,2693.56,2693.14,2693.33,35.4843
2026-09-25 23:31:00,2693.33,2693.4,2693.33,2693.39,8.5836
2026-09-25 23:32:00,2693.39,2694.05,2693.09,2694.04,46.0224
2026-09-25 23:33:00,2694.04,2694.05,2693.63,2693.63,29.6297
2026-09-25 23:34:00,2693.63,2693.64,2692.75,2692.82,31.3801
2026-09-25 23:35:00,2692.81,2693.21,2692.81,2693.21,13.2962
2026-09-25 23:36:00,2693.22,2693.63,2693.21,2693.31,15.9747
2026-09-25 23:37:00,2693.3,2693.31,2693.24,2693.24,12.0799
2026-09-25 23:38:00,2693.25,2693.34,2693.24,2693.32,6.6938
2026-09-25 23:39:00,2693.32,2693.33,2693.32,2693.33,3.4334
2026-09-25 23:40:00,2693.33,2693.33,2693.32,2693.32,3.6167
2026-09-25 23:41:00,2693.32,2693.33,2693.24,2693.25,9.7092
2026-09-25 23:42:00,2693.24,2693.24,2693.13,2693.14,6.4107
2026-09-25 23:43:00,2693.13,2693.13,2692.77,2692.78,16.2404
2026-09-25 23:44:00,2692.77,2692.78,2692.58,2692.59,9.0084
2026-09-25 23:45:00,2692.58,2692.59,2692.58,2692.58,5.7004
2026-09-25 23:46:00,2692.59,2692.6,2692.58,2692.59,40.7404
2026-09-25 23:47:00,2692.58,2692.59,2691.66,2691.66,12.6614
2026-09-25 23:48:00,2691.66,2692.08,2691.66,2692.07,26.0876
2026-09-25 23:49:00,2692.08,2692.26,2692.07,2692.26,9.2872
2026-09-25 23:50:00,2692.26,2692.51,2692.26,2692.5,50.039
2026-09-25 23:51:00,2692.49,2692.49,2691.79,2692.01,58.0628
2026-09-25 23:52:00,2692.01,2692.33,2692.0,2692.33,70.5456
2026-09-25 23:53:00,2692.34,2692.5,2692.03,2692.03,47.9723
2026-09-25 23:54:00,2692.03,2692.03,2691.43,2691.44,110.4192
2026-09-25 23:55:00,2691.44,2691.55,2691.44,2691.55,8.8135
2026-09-25 23:56:00,2691.55,2691.55,2691.18,2691.19,26.3297
2026-09-25 23:57:00,2691.19,2691.19,2690.7,2690.8,61.5716
2026-09-25 23:58:00,2690.79,2690.8,2690.7,2690.7,47.0313
2026-09-25 23:59:00,2690.7,2691.62,2690.7,2691.61,100.8028
2026-09-26 00:00:00,2691.62,2691.73,2691.36,2691.72,51.5813
2026-09-26 00:01:00,2691.72,2691.73,2690.99,2691.19,63.2678
2026-09-26 00:02:00,2691.2,2691.2,2689.82,2690.01,65.5517
2026-09-26 00:03:00,2690.01,2690.65,2690.0,2690.31,41.4876
2026-09-26 00:04:00,2690.32,2690.32,2689.46,2689.47,47.162
2026-09-26 00:05:00,2689.47,2689.77,2689.46,2689.77,13.2098
2026-09-26 00:06:00,2689.77,2690.52,2689.77,2690.02,57.2186
2026-09-26 00:07:00,2690.03,2692.0,2689.7,2691.77,58.4343
2026-09-26 00:08:00,2691.78,2694.6,2691.77,2693.46,92.9325
2026-09-26 00:09:00,2693.46,2693.46,2692.07,2692.07,37.4479
2026-09-26 00:10:00,2692.07,2692.2,2692.02,2692.02,18.9276
2026-09-26 00:11:00,2692.02,2692.55,2692.02,2692.19,15.5506
2026-09-26 00:12:00,2692.19,2692.2,2691.1,2691.11,24.011
2026-09-26 00:13:00,2691.11,2692.55,2691.0,2692.54,37.7457
2026-09-26 00:14:00,2692.54,2692.54,2691.51,2691.51,10.5274
2026-09-26 00:15:00,2691.5,2692.37,2691.5,2691.57,33.8713
2026-09-26 00:16:00,2691.56,2691.57,2689.85,2689.85,38.9044
2026-09-26 00:17:00,2689.86,2690.57,2689.85,2690.48,28.6613
2026-09-26 00:18:00,2690.47,2690.87,2690.47,2690.47,65.4345
2026-09-26 00:19:00,2690.47,2690.47,2689.66,2689.67,16.5445
2026-09-26 00:20:00,2689.66,2690.7,2689.55,2690.7,22.2625
2026-09-26 00:21:00,2690.7,2691.82,2690.7,2691.82,15.8287
2026-09-26 00:22:00,2691.83,2691.83,2690.48,2690.94,34.8311
2026-09-26 00:23:00,2690.93,2690.93,2690.31,2690.32,13.1227
2026-09-26 00:24:00,2690.31,2690.75,2690.31,2690.32,90.621
2026-09-26 00:25:00,2690.32,2690.48,2689.77,2690.48,28.1843
2026-09-26 00:26:00,2690.47,2690.48,2688.72,2688.85,40.5073
2026-09-26 00:27:00,2688.86,2688.86,2688.29,2688.56,89.7259
2026-09-26 00:28:00,2688.56,2688.57,2686.94,2687.27,82.1447
2026-09-26 00:29:00,2687.28,2687.28,2686.51,2686.63,133.4376
2026-09-26 00:30:00,2686.64,2687.0,2686.63,2686.75,59.5499
2026-09-26 00:31:00,2686.74,2686.75,2683.45,2683.45,412.669
2026-09-26 00:32:00,2683.45,2683.46,2682.41,2682.52,121.7144
2026-09-26 00:33:00,2682.49,2682.96,2682.15,2682.16,142.4238
2026-09-26 00:34:00,2682.16,2683.43,2681.85,2682.34,138.7653
2026-09-26 00:35:00,2682.33,2683.13,2681.26,2681.26,160.5733
2026-09-26 00:36:00,2681.26,2681.52,2681.26,2681.28,60.2416
2026-09-26 00:37:00,2681.27,2682.0,2681.27,2681.91,70.2013
2026-09-26 00:38:00,2681.91,2682.0,2681.27,2681.66,119.617
2026-09-26 00:39:00,2681.66,2682.15,2681.0,2682.15,98.8374
2026-09-26 00:40:00,2682.16,2684.65,2681.99,2684.65,95.1464
2026-09-26 00:41:00,2684.64,2684.64,2684.18,2684.63,81.2089
2026-09-26 00:42:00,2684.63,2686.52,2684.63,2686.52,82.4528
2026-09-26 00:43:00,2686.53,2686.91,2686.23,2686.24,114.1207
2026-09-26 00:44:00,2686.23,2686.24,2685.25,2685.26,148.8995
2026-09-26 00:45:00,2685.25,2686.12,2685.25,2686.12,53.0281
2026-09-26 00:46:00,2686.13,2687.01,2686.13,2687.01,86.2924
2026-09-26 00:47:00,2687.02,2687.48,2686.8,2687.05,102.0313
2026-09-26 00:48:00,2687.06,2687.06,2686.41,2686.42,112.5802
2026-09-26 00:49:00,2686.41,2687.64,2686.08,2687.64,56.4583
2026-09-26 00:50:00,2687.64,2688.78,2687.64,2688.78,64.7592
2026-09-26 00:51:00,2688.78,2689.14,2688.78,2689.14,58.737
2026-09-26 00:52:00,2689.13,2689.24,2686.65,2686.66,173.4161
2026-09-26 00:53:00,2686.66,2687.51,2686.65,2686.98,55.9673
2026-09-26 00:54:00,2686.97,2687.86,2686.45,2686.6,66.8723
2026-09-26 00:55:00,2686.61,2688.21,2686.61,2688.2,62.8894
2026-09-26 00:56:00,2688.2,2688.21,2687.88,2687.89,52.0337
2026-09-26 00:57:00,2687.88,2688.01,2687.33,2687.33,54.2816
2026-09-26 00:58:00,2687.34,2687.64,2687.25,2687.26,54.7161
2026-09-26 00:59:00,2687.25,2687.31,2686.38,2687.31,88.755
2026-09-26 01:00:00,2687.31,2688.92,2687.1,2688.65,124.7358
2026-09-26 01:01:00,2688.65,2690.31,2688.65,2690.31,113.1717
2026-09-26 01:02:00,2690.32,2691.24,2690.2,2690.63,122.2882
2026-09-26 01:03:00,2690.64,2691.98,2690.57,2691.98,81.233
2026-09-26 01:04:00,2691.98,2692.36,2689.12,2689.17,125.2347
2026-09-26 01:05:00,2689.18,2690.97,2688.87,2690.97,81.2193
2026-09-26 01:06:00,2690.97,2692.0,2690.67,2691.31,113.9618
2026-09-26 01:07:00,2691.3,2691.31,2690.18,2690.8,70.8926
2026-09-26 01:08:00,2690.8,2690.8,2690.0,2690.48,112.6746
2026-09-26 01:09:00,2690.49,2690.49,2689.0,2689.0,58.5694
2026-09-26 01:10:00,2689.0,2690.79,2688.83,2690.79,94.0226
2026-09-26 01:11:00,2690.79,2691.12,2690.3,2690.98,65.4027
2026-09-26 01:12:00,2690.97,2691.33,2687.96,2689.63,209.9972
2026-09-26 01:13:00,2689.68,2689.68,2689.3,2689.62,36.2243
2026-09-26 01:14:00,2689.62,2689.81,2689.59,2689.81,15.2308
2026-09-26 01:15:00,2689.8,2690.48,2689.39,2690.41,113.1962
2026-09-26 01:16:00,2690.42,2691.91,2690.41,2691.91,59.3239
2026-09-26 01:17:00,2691.9,2691.9,2691.05,2691.13,35.7149
2026-09-26 01:18:00,2691.12,2691.13,2689.59,2690.45,28.393
2026-09-26 01:19:00,2690.45,2691.28,2690.34,2690.35,27.2345
2026-09-26 01:20:00,2690.35,2691.21,2690.35,2691.21,140.6856
2026-09-26 01:21:00,2691.22,2691.86,2691.22,2691.82,48.7348
2026-09-26 01:22:00,2691.83,2691.83,2691.22,2691.22,47.2044
2026-09-26 01:23:00,2691.22,2691.22,2689.87,2690.45,49.8311
2026-09-26 01:24:00,2690.46,2690.46,2689.65,2689.65,15.6163
2026-09-26 01:25:00,2689.66,2689.98,2689.17,2689.51,31.88
2026-09-26 01:26:00,2689.51,2690.14,2688.97,2690.13,36.5323
2026-09-26 01:27:00,2690.13,2690.13,2689.18,2689.43,61.154
2026-09-26 01:28:00,2689.44,2689.48,2688.51,2689.22,36.9729
2026-09-26 01:29:00,2689.23,2689.23,2688.48,2688.71,47.9878
2026-09-26 01:30:00,2688.71,2689.0,2688.64,2688.64,19.8603
2026-09-26 01:31:00,2688.64,2689.41,2688.47,2689.16,27.9658
2026-09-26 01:32:00,2689.15,2689.6,2688.99,2689.59,21.261
2026-09-26 01:33:00,2689.59,2689.59,2689.36,2689.36,34.6294
2026-09-26 01:34:00,2689.37,2689.6,2689.37,2689.58,27.2014
2026-09-26 01:35:00,2689.58,2690.12,2689.58,2689.77,23.0917
2026-09-26 01:36:00,2689.78,2691.57,2689.78,2691.56,82.8849
2026-09-26 01:37:00,2691.57,2691.91,2691.52,2691.9,31.1503
2026-09-26 01:38:00,2691.91,2692.65,2691.88,2692.65,104.6796
2026-09-26 01:39:00,2692.65,2693.08,2692.65,2693.08,13.9601
2026-09-26 01:40:00,2693.07,2696.44,2693.07,2694.81,485.9151
2026-09-26 01:41:00,2694.81,2695.89,2693.95,2695.61,65.0555
2026-09-26 01:42:00,2695.62,2695.62,2694.14,2694.14,39.4958
2026-09-26 01:43:00,2694.13,2694.22,2693.94,2694.21,14.7538
2026-09-26 01:44:00,2694.22,2694.22,2694.21,2694.22,4.4957
2026-09-26 01:45:00,2694.21,2694.22,2694.21,2694.22,8.4866
2026-09-26 01:46:00,2694.21,2695.04,2694.21,2695.04,34.2156
2026-09-26 01:47:00,2695.04,2695.04,2694.04,2694.97,88.5184
2026-09-26 01:48:00,2694.97,2694.97,2693.31,2693.31,65.5475
2026-09-26 01:49:00,2693.31,2693.31,2692.85,2692.85,8.7207
2026-09-26 01:50:00,2692.85,2693.34,2692.85,2693.33,46.9711
2026-09-26 01:51:00,2693.33,2693.33,2692.52,2693.22,64.1928
2026-09-26 01:52:00,2693.23,2694.12,2693.23,2694.12,35.6138
2026-09-26 01:53:00,2694.12,2694.49,2694.12,2694.43,61.9008
2026-09-26 01:54:00,2694.42,2695.0,2694.11,2695.0,216.9934
2026-09-26 01:55:00,2694.99,2695.0,2693.23,2693.23,100.026
2026-09-26 01:56:00,2693.23,2693.24,2691.92,2692.39,98.4984
2026-09-26 01:57:00,2692.39,2692.5,2692.16,2692.43,25.9138
2026-09-26 01:58:00,2692.42,2692.71,2692.35,2692.7,14.2723
2026-09-26 01:59:00,2692.71,2692.71,2692.7,2692.7,11.8913
2026-09-26 02:00:00,2692.7,2692.71,2690.85,2690.87,73.0114
2026-09-26 02:01:00,2690.87,2690.88,2689.38,2689.51,111.4948
2026-09-26 02:02:00,2689.5,2689.93,2689.0,2689.48,31.8348
2026-09-26 02:03:00,2689.49,2691.83,2689.49,2691.49,31.8564
2026-09-26 02:04:00,2691.49,2691.49,2690.95,2691.26,7.4934
2026-09-26 02:05:00,2691.27,2692.71,2690.97,2690.97,37.845
2026-09-26 02:06:00,2690.96,2691.77,2690.15,2691.77,75.2688
2026-09-26 02:07:00,2691.76,2692.08,2691.08,2692.08,48.428
2026-09-26 02:08:00,2692.08,2692.29,2692.07,2692.28,16.4027
2026-09-26 02:09:00,2692.29,2692.29,2692.01,2692.01,15.9951
2026-09-26 02:10:00,2692.01,2692.57,2691.59,2691.59,17.0715
2026-09-26 02:11:00,2691.59,2692.58,2691.59,2692.58,15.1073
2026-09-26 02:12:00,2692.58,2693.42,2692.57,2693.4,41.9704
2026-09-26 02:13:00,2693.41,2693.91,2693.4,2693.9,13.3869
2026-09-26 02:14:00,2693.91,2695.19,2693.9,2695.18,56.5641
2026-09-26 02:15:00,2695.19,2695.81,2695.18,2695.25,60.146
2026-09-26 02:16:00,2695.25,2695.32,2695.18,2695.32,10.2761
2026-09-26 02:17:00,2695.31,2695.66,2694.39,2694.39,73.4612
2026-09-26 02:18:00,2694.4,2695.34,2694.16,2695.05,32.1921
2026-09-26 02:19:00,2695.04,2695.6,2695.04,2695.54,16.3515
2026-09-26 02:20:00,2695.55,2695.55,2694.17,2694.41,34.2626
2026-09-26 02:21:00,2694.41,2694.41,2693.37,2693.67,33.9676
2026-09-26 02:22:00,2693.67,2694.61,2693.66,2694.61,36.8139
2026-09-26 02:23:00,2694.6,2694.6,2693.66,2693.66,13.0808
2026-09-26 02:24:00,2693.66,2693.8,2693.11,2693.11,42.125
2026-09-26 02:25:00,2693.12,2694.0,2692.96,2693.99,49.3564
2026-09-26 02:26:00,2693.99,2694.0,2693.61,2693.61,26.1771
2026-09-26 02:27:00,2693.62,2694.0,2693.61,2693.94,35.2529
2026-09-26 02:28:00,2693.93,2694.3,2693.85,2694.06,44.6419
2026-09-26 02:29:00,2694.05,2694.06,2692.86,2692.93,91.0233
2026-09-26 02:30:00,2692.92,2693.07,2692.51,2693.07,24.9005
2026-09-26 02:31:00,2693.08,2693.14,2692.62,2692.62,50.5042
2026-09-26 02:32:00,2692.63,2693.39,2692.63,2693.38,49.7027
2026-09-26 02:33:00,2693.39,2693.39,2693.35,2693.35,11.494
2026-09-26 02:34:00,2693.35,2694.38,2693.35,2694.37,16.9931
2026-09-26 02:35:00,2694.38,2694.38,2693.27,2693.27,20.1939
2026-09-26 02:36:00,2693.27,2693.28,2692.68,2692.68,21.8446
2026-09-26 02:37:00,2692.65,2693.36,2692.17,2693.36,53.9731
2026-09-26 02:38:00,2693.36,2693.79,2693.02,2693.48,37.6304
2026-09-26 02:39:00,2693.49,2693.49,2691.62,2692.41,96.6519
2026-09-26 02:40:00,2692.42,2692.93,2692.35,2692.35,41.2981
2026-09-26 02:41:00,2692.35,2692.36,2691.77,2691.77,23.4812
2026-09-26 02:42:00,2691.78,2692.56,2691.0,2692.55,113.8884
2026-09-26 02:43:00,2692.55,2692.84,2692.43,2692.83,20.847
2026-09-26 02:44:00,2692.84,2692.84,2691.7,2691.71,27.93
2026-09-26 02:45:00,2691.71,2691.71,2691.7,2691.7,7.633
2026-09-26 02:46:00,2691.71,2692.57,2691.22,2691.7,89.808
2026-09-26 02:47:00,2691.7,2692.08,2691.69,2692.01,13.5764
2026-09-26 02:48:00,2692.01,2692.01,2692.0,2692.01,14.3587
2026-09-26 02:49:00,2692.01,2693.3,2692.01,2692.89,19.2551
2026-09-26 02:50:00,2692.89,2692.89,2692.14,2692.14,10.2519
2026-09-26 02:51:00,2692.15,2692.15,2691.64,2691.64,7.5645
2026-09-26 02:52:00,2691.65,2691.92,2691.37,2691.43,62.4395
2026-09-26 02:53:00,2691.43,2691.46,2691.08,2691.46,17.3067
2026-09-26 02:54:00,2691.46,2691.46,2690.86,2690.87,7.1133
2026-09-26 02:55:00,2690.87,2690.87,2690.57,2690.57,10.366
2026-09-26 02:56:00,2690.58,2691.04,2690.57,2691.04,30.0621
2026-09-26 02:57:00,2691.03,2691.04,2691.02,2691.03,8.0354
2026-09-26 02:58:00,2691.02,2691.06,2690.98,2691.06,60.5718
2026-09-26 02:59:00,2691.07,2691.4,2691.06,2691.15,28.2995
2026-09-26 03:00:00,2691.15,2691.15,2690.52,2690.84,21.0484
2026-09-26 03:01:00,2690.85,2690.85,2689.99,2689.99,34.1659
2026-09-26 03:02:00,2689.99,2690.0,2689.74,2689.75,32.4004
2026-09-26 03:03:00,2689.75,2690.0,2689.48,2690.0,21.7934
2026-09-26 03:04:00,2689.99,2690.36,2689.99,2690.25,6.0603
2026-09-26 03:05:00,2690.24,2690.46,2690.13,2690.13,23.8888
2026-09-26 03:06:00,2690.13,2690.55,2689.99,2690.55,13.9799
2026-09-26 03:07:00,2690.54,2690.55,2689.73,2689.82,22.6442
2026-09-26 03:08:00,2689.82,2689.88,2689.81,2689.88,12.3107
2026-09-26 03:09:00,2689.87,2690.24,2689.87,2690.24,14.5309
2026-09-26 03:10:00,2690.23,2690.23,2687.73,2687.96,213.1746
2026-09-26 03:11:00,2687.97,2688.03,2686.97,2686.98,72.0563
2026-09-26 03:12:00,2686.97,2686.98,2686.61,2686.62,15.2497
2026-09-26 03:13:00,2686.61,2686.62,2686.08,2686.09,38.1519
2026-09-26 03:14:00,2686.09,2687.44,2686.08,2687.43,31.6717
2026-09-26 03:15:00,2687.43,2687.48,2687.37,2687.38,8.4238
2026-09-26 03:16:00,2687.37,2687.5,2687.08,2687.49,21.949
2026-09-26 03:17:00,2687.49,2687.5,2687.49,2687.5,11.8602
2026-09-26 03:18:00,2687.5,2688.33,2687.49,2688.32,33.88
2026-09-26 03:19:00,2688.32,2688.62,2688.05,2688.59,23.7662
2026-09-26 03:20:00,2688.6,2688.6,2688.36,2688.51,26.4127
2026-09-26 03:21:00,2688.51,2689.74,2688.5,2689.74,15.3139
2026-09-26 03:22:00,2689.74,2689.74,2689.43,2689.43,22.8062
2026-09-26 03:23:00,2689.43,2689.44,2689.06,2689.06,5.1062
2026-09-26 03:24:00,2689.06,2689.07,2688.93,2688.94,11.5468
2026-09-26 03:25:00,2688.94,2689.92,2688.93,2689.91,76.9051
2026-09-26 03:26:00,2689.91,2690.89,2689.91,2690.66,81.9259
2026-09-26 03:27:00,2690.66,2690.66,2689.89,2690.0,27.7169
2026-09-26 03:28:00,2690.0,2690.29,2690.0,2690.29,12.5812
2026-09-26 03:29:00,2690.29,2690.29,2690.1,2690.11,16.8035
2026-09-26 03:30:00,2690.1,2690.75,2689.43,2690.75,89.0665
2026-09-26 03:31:00,2690.74,2691.51,2690.74,2691.51,28.283
2026-09-26 03:32:00,2691.5,2691.51,2691.27,2691.27,24.3138
2026-09-26 03:33:00,2691.27,2691.28,2690.63,2690.64,26.2897
2026-09-26 03:34:00,2690.64,2690.64,2689.31,2689.55,58.4341
2026-09-26 03:35:00,2689.55,2690.17,2689.55,2690.17,10.8221
2026-09-26 03:36:00,2690.18,2690.49,2690.1,2690.11,11.4579
2026-09-26 03:37:00,2690.11,2690.11,2690.1,2690.1,1.6955
2026-09-26 03:38:00,2690.11,2690.17,2690.1,2690.17,59.604
2026-09-26 03:39:00,2690.17,2691.0,2690.0,2690.0,63.5919
2026-09-26 03:40:00,2690.01,2690.01,2689.5,2689.5,9.8875
2026-09-26 03:41:00,2689.51,2689.51,2689.3,2689.3,4.821
2026-09-26 03:42:00,2689.31,2689.31,2688.53,2688.54,6.7658
2026-09-26 03:43:00,2688.53,2688.66,2688.34,2688.56,88.3825
2026-09-26 03:44:00,2688.55,2688.56,2688.55,2688.55,5.6348
2026-09-26 03:45:00,2688.56,2688.56,2688.37,2688.38,10.2876
2026-09-26 03:46:00,2688.38,2688.38,2688.37,2688.37,8.5824
2026-09-26 03:47:00,2688.38,2688.44,2688.37,2688.44,17.1195
2026-09-26 03:48:00,2688.43,2688.44,2688.37,2688.38,4.8816
2026-09-26 03:49:00,2688.37,2688.38,2688.27,2688.28,14.6568
2026-09-26 03:50:00,2688.27,2688.5,2688.27,2688.49,20.2894
2026-09-26 03:51:00,2688.49,2688.59,2688.49,2688.58,14.3153
2026-09-26 03:52:00,2688.58,2688.59,2687.8,2688.22,30.0825
2026-09-26 03:53:00,2688.22,2688.62,2688.22,2688.61,13.1532
2026-09-26 03:54:00,2688.62,2688.62,2688.23,2688.24,22.4427
2026-09-26 03:55:00,2688.23,2688.24,2687.86,2687.86,3.4654
2026-09-26 03:56:00,2687.87,2687.87,2687.86,2687.86,15.074
2026-09-26 03:57:00,2687.87,2687.87,2687.86,2687.86,14.7507
2026-09-26 03:58:00,2687.87,2687.98,2687.86,2687.97,27.721
2026-09-26 03:59:00,2687.98,2687.98,2687.97,2687.98,5.6192
2026-09-26 04:00:00,2687.98,2687.98,2687.97,2687.97,22.2194
2026-09-26 04:01:00,2687.98,2689.43,2687.98,2689.43,34.967
2026-09-26 04:02:00,2689.42,2689.88,2689.42,2689.87,25.5909
2026-09-26 04:03:00,2689.87,2689.87,2689.58,2689.59,19.5804
2026-09-26 04:04:00,2689.58,2689.6,2689.58,2689.59,10.4655
2026-09-26 04:05:00,2689.6,2689.61,2689.59,2689.61,18.9042
2026-09-26 04:06:00,2689.6,2690.01,2689.6,2690.01,14.4268
2026-09-26 04:07:00,2690.01,2690.2,2689.98,2690.07,35.5851
2026-09-26 04:08:00,2690.06,2691.0,2690.06,2690.67,79.7842
2026-09-26 04:09:00,2690.67,2690.67,2690.66,2690.66,15.2447
2026-09-26 04:10:00,2690.66,2690.68,2690.66,2690.67,22.2526
2026-09-26 04:11:00,2690.68,2690.83,2690.67,2690.82,17.1115
2026-09-26 04:12:00,2690.82,2690.83,2689.59,2689.9,104.8244
2026-09-26 04:13:00,2689.91,2690.41,2689.58,2689.58,52.2502
2026-09-26 04:14:00,2689.59,2689.59,2689.07,2689.07,18.6371
2026-09-26 04:15:00,2689.08,2690.1,2689.08,2690.09,84.9482
2026-09-26 04:16:00,2690.1,2690.1,2690.09,2690.09,26.3883
2026-09-26 04:17:00,2690.09,2690.09,2689.43,2689.61,20.4666
2026-09-26 04:18:00,2689.68,2690.44,2689.68,2690.13,66.7849
2026-09-26 04:19:00,2690.13,2690.82,2690.13,2690.7,41.5893
2026-09-26 04:20:00,2690.7,2691.51,2690.7,2691.33,45.4928
2026-09-26 04:21:00,2691.33,2691.4,2690.78,2690.8,190.1201
2026-09-26 04:22:00,2690.79,2690.8,2688.89,2688.89,178.8776
2026-09-26 04:23:00,2688.88,2688.88,2687.62,2687.63,28.3346
2026-09-26 04:24:00,2687.62,2687.62,2686.83,2686.84,13.9684
2026-09-26 04:25:00,2686.83,2687.78,2686.53,2687.38,161.5773
2026-09-26 04:26:00,2687.38,2688.2,2686.67,2686.67,230.8455
2026-09-26 04:27:00,2686.67,2686.96,2686.44,2686.44,47.4386
2026-09-26 04:28:00,2686.45,2686.69,2686.44,2686.69,11.1505
2026-09-26 04:29:00,2686.68,2686.69,2686.1,2686.1,58.5535
2026-09-26 04:30:00,2686.1,2686.1,2685.0,2685.74,123.6345
2026-09-26 04:31:00,2685.75,2686.87,2685.74,2686.87,55.4234
2026-09-26 04:32:00,2686.86,2686.88,2686.86,2686.88,15.0152
2026-09-26 04:33:00,2686.88,2687.27,2686.87,2687.27,13.491
2026-09-26 04:34:00,2687.28,2687.28,2685.93,2685.93,56.433
2026-09-26 04:35:00,2685.92,2686.61,2685.92,2686.6,290.9073
2026-09-26 04:36:00,2686.6,2687.36,2686.32,2687.36,320.4661
2026-09-26 04:37:00,2687.35,2687.35,2686.41,2686.41,27.4914
2026-09-26 04:38:00,2686.41,2686.7,2686.33,2686.7,18.0858
2026-09-26 04:39:00,2686.69,2687.49,2686.69,2687.49,17.6727
2026-09-26 04:40:00,2687.48,2687.49,2687.48,2687.49,8.3233
2026-09-26 04:41:00,2687.48,2687.86,2687.48,2687.86,19.2573
2026-09-26 04:42:00,2687.85,2688.69,2687.85,2688.69,38.9981
2026-09-26 04:43:00,2688.68,2689.17,2688.68,2688.77,22.0024
2026-09-26 04:44:00,2688.77,2688.86,2688.64,2688.85,20.113
2026-09-26 04:45:00,2688.85,2688.86,2688.77,2688.77,9.6947
2026-09-26 04:46:00,2688.77,2688.78,2688.77,2688.77,18.5765
2026-09-26 04:47:00,2688.77,2688.78,2688.77,2688.78,4.9971
2026-09-26 04:48:00,2688.78,2689.07,2688.77,2689.06,12.4297
2026-09-26 04:49:00,2689.06,2689.75,2689.06,2689.75,37.1642
2026-09-26 04:50:00,2689.75,2689.95,2689.74,2689.95,21.5449
2026-09-26 04:51:00,2689.96,2690.07,2689.95,2690.06,56.5254
2026-09-26 04:52:00,2690.05,2690.06,2689.83,2689.83,9.0442
2026-09-26 04:53:00,2689.83,2689.84,2689.83,2689.83,8.8976
2026-09-26 04:54:00,2689.83,2689.84,2689.82,2689.83,8.6979
2026-09-26 04:55:00,2689.83,2690.07,2689.82,2690.06,8.3274
2026-09-26 04:56:00,2690.07,2690.07,2689.66,2689.66,114.005
2026-09-26 04:57:00,2689.67,2689.67,2689.53,2689.53,3.9031
2026-09-26 04:58:00,2689.54,2689.54,2689.53,2689.54,3.8694
2026-09-26 04:59:00,2689.53,2689.54,2689.53,2689.54,5.7045
2026-09-26 05:00:00,2689.54,2689.54,2689.53,2689.54,7.3281
2026-09-26 05:01:00,2689.53,2689.6,2689.53,2689.6,9.4524
2026-09-26 05:02:00,2689.6,2689.6,2689.59,2689.59,2.8911
2026-09-26 05:03:00,2689.59,2689.6,2689.58,2689.58,29.2163
2026-09-26 05:04:00,2689.59,2689.59,2689.43,2689.43,74.7296
2026-09-26 05:05:00,2689.43,2689.44,2689.42,2689.43,25.8411
2026-09-26 05:06:00,2689.43,2689.43,2689.42,2689.43,7.501
2026-09-26 05:07:00,2689.42,2689.43,2689.42,2689.43,8.4314
2026-09-26 05:08:00,2689.43,2689.59,2689.42,2689.59,11.9471
2026-09-26 05:09:00,2689.59,2689.65,2689.59,2689.65,9.1289
2026-09-26 05:10:00,2689.64,2689.65,2689.53,2689.53,13.0168
2026-09-26 05:11:00,2689.53,2689.54,2689.24,2689.24,42.6692
2026-09-26 05:12:00,2689.23,2689.23,2687.99,2688.29,197.9197
2026-09-26 05:13:00,2688.28,2688.29,2686.95,2688.18,474.2482
2026-09-26 05:14:00,2688.17,2688.18,2688.08,2688.08,13.2917
2026-09-26 05:15:00,2688.09,2688.09,2687.41,2687.42,14.6997
2026-09-26 05:16:00,2687.41,2687.42,2687.07,2687.42,64.1356
2026-09-26 05:17:00,2687.42,2687.42,2687.22,2687.22,11.1977
2026-09-26 05:18:00,2687.23,2687.38,2686.43,2686.43,48.543
2026-09-26 05:19:00,2686.42,2687.8,2686.06,2687.79,75.2739
2026-09-26 05:20:00,2687.8,2688.09,2687.79,2688.08,10.1266
2026-09-26 05:21:00,2688.09,2689.0,2688.08,2688.99,13.7079
2026-09-26 05:22:00,2689.0,2689.0,2688.99,2689.0,7.7933
2026-09-26 05:23:00,2689.0,2689.6,2688.99,2689.59,19.116
2026-09-26 05:24:00,2689.59,2690.31,2689.59,2690.3,31.5274
2026-09-26 05:25:00,2690.31,2690.31,2689.83,2690.08,33.4959
2026-09-26 05:26:00,2690.08,2690.55,2690.08,2690.54,28.9758
2026-09-26 05:27:00,2690.55,2690.55,2688.12,2688.12,118.2062
2026-09-26 05:28:00,2688.13,2688.13,2687.44,2687.44,33.2835
2026-09-26 05:29:00,2687.44,2687.52,2687.44,2687.51,16.7153
2026-09-26 05:30:00,2687.52,2687.52,2686.87,2686.88,27.2228
2026-09-26 05:31:00,2686.87,2687.15,2685.97,2686.05,239.3551
2026-09-26 05:32:00,2686.06,2686.06,2686.05,2686.05,15.8146
2026-09-26 05:33:00,2686.06,2686.06,2686.05,2686.05,13.2897
2026-09-26 05:34:00,2686.05,2686.06,2685.73,2685.73,19.4256
2026-09-26 05:35:00,2685.73,2686.12,2685.73,2686.11,21.3196
2026-09-26 05:36:00,2686.1,2686.1,2685.6,2685.6,44.9061
2026-09-26 05:37:00,2685.6,2687.31,2685.37,2687.29,112.3133
2026-09-26 05:38:00,2687.29,2687.99,2687.18,2687.99,17.532
2026-09-26 05:39:00,2687.99,2688.33,2687.71,2688.03,35.8122
2026-09-26 05:40:00,2688.04,2688.23,2687.63,2688.23,40.7606
2026-09-26 05:41:00,2688.23,2688.78,2688.23,2688.54,36.8023
2026-09-26 05:42:00,2688.54,2688.6,2688.51,2688.56,11.2412
2026-09-26 05:43:00,2688.55,2688.62,2688.42,2688.62,40.4453
2026-09-26 05:44:00,2688.61,2688.62,2688.54,2688.54,16.0249
2026-09-26 05:45:00,2688.53,2688.53,2688.49,2688.5,16.6133
2026-09-26 05:46:00,2688.5,2689.25,2688.49,2689.25,22.3726
2026-09-26 05:47:00,2689.26,2689.29,2688.33,2688.48,89.713
2026-09-26 05:48:00,2688.48,2688.49,2687.91,2688.14,75.1315
2026-09-26 05:49:00,2688.14,2688.58,2688.14,2688.54,42.2073
2026-09-26 05:50:00,2688.53,2688.53,2688.05,2688.23,160.8394
2026-09-26 05:51:00,2688.22,2688.23,2685.88,2685.89,211.0943
2026-09-26 05:52:00,2685.88,2685.89,2685.88,2685.89,7.6665
2026-09-26 05:53:00,2685.88,2685.89,2685.88,2685.89,11.1055
2026-09-26 05:54:00,2685.88,2685.9,2685.88,2685.9,47.0156
2026-09-26 05:55:00,2685.9,2685.94,2685.89,2685.94,32.5417
2026-09-26 05:56:00,2685.94,2685.98,2685.94,2685.97,15.5812
2026-09-26 05:57:00,2685.97,2686.68,2685.97,2686.44,99.1135
2026-09-26 05:58:00,2686.43,2686.68,2686.31,2686.68,22.7626
2026-09-26 05:59:00,2686.68,2686.68,2686.47,2686.47,61.9229
2026-09-26 06:00:00,2686.47,2686.47,2686.19,2686.23,65.2793
2026-09-26 06:01:00,2686.23,2686.24,2686.13,2686.13,18.8265
2026-09-26 06:02:00,2686.13,2686.13,2685.0,2685.0,39.096
2026-09-26 06:03:00,2685.0,2685.03,2684.86,2685.02,73.5639
2026-09-26 06:04:00,2685.01,2686.43,2683.94,2686.33,547.9396
2026-09-26 06:05:00,2686.34,2686.34,2685.0,2685.72,513.0414
2026-09-26 06:06:00,2685.71,2686.08,2685.71,2686.07,17.6719
2026-09-26 06:07:00,2686.08,2686.08,2685.8,2685.8,55.6359
2026-09-26 06:08:00,2685.8,2685.8,2685.02,2685.03,19.953
2026-09-26 06:09:00,2685.03,2686.61,2685.02,2686.61,42.7083
2026-09-26 06:10:00,2686.61,2686.7,2686.61,2686.69,34.908
2026-09-26 06:11:00,2686.7,2686.7,2686.6,2686.61,34.5914
2026-09-26 06:12:00,2686.61,2686.61,2686.53,2686.53,24.5397
2026-09-26 06:13:00,2686.54,2686.54,2686.25,2686.25,70.3017
2026-09-26 06:14:00,2686.26,2686.26,2685.01,2685.01,47.484
2026-09-26 06:15:00,2685.01,2685.49,2685.0,2685.49,13.6743
2026-09-26 06:16:00,2685.48,2685.49,2685.0,2685.01,33.9305
2026-09-26 06:17:00,2685.01,2685.01,2683.46,2683.57,57.7667
2026-09-26 06:18:00,2683.58,2684.38,2683.58,2684.38,27.7386
2026-09-26 06:19:00,2684.39,2686.23,2684.39,2686.23,28.7299
2026-09-26 06:20:00,2686.23,2686.24,2686.23,2686.23,7.4665
2026-09-26 06:21:00,2686.24,2686.24,2685.5,2685.5,71.1934
2026-09-26 06:22:00,2685.51,2686.0,2685.22,2686.0,53.9301
2026-09-26 06:23:00,2685.99,2686.1,2685.21,2685.21,69.7463
2026-09-26 06:24:00,2685.21,2685.22,2685.2,2685.21,6.1296
2026-09-26 06:25:00,2685.2,2685.55,2684.99,2685.55,98.5751
2026-09-26 06:26:00,2685.54,2685.54,2683.72,2683.94,82.9951
2026-09-26 06:27:00,2683.94,2684.17,2683.94,2684.17,14.9339
2026-09-26 06:28:00,2684.18,2684.86,2683.88,2684.86,77.4986
2026-09-26 06:29:00,2684.86,2684.87,2684.61,2684.62,28.7418
2026-09-26 06:30:00,2684.62,2686.07,2684.62,2686.07,48.0591
2026-09-26 06:31:00,2686.06,2686.07,2685.45,2685.72,46.506
2026-09-26 06:32:00,2685.72,2687.4,2685.72,2687.4,27.5067
2026-09-26 06:33:00,2687.4,2687.4,2687.09,2687.12,38.3361
2026-09-26 06:34:00,2687.12,2687.12,2684.87,2684.87,65.3583
2026-09-26 06:35:00,2684.87,2684.87,2683.89,2683.89,25.5516
2026-09-26 06:36:00,2683.9,2684.43,2683.89,2684.43,31.1307
2026-09-26 06:37:00,2684.43,2684.56,2684.42,2684.55,10.7996
2026-09-26 06:38:00,2684.55,2685.3,2684.55,2685.3,23.828
2026-09-26 06:39:00,2685.3,2686.0,2685.29,2686.0,25.4092
2026-09-26 06:40:00,2686.0,2686.52,2685.95,2686.0,191.0141
2026-09-26 06:41:00,2686.0,2686.26,2684.66,2684.66,183.1625
2026-09-26 06:42:00,2684.64,2684.92,2684.24,2684.91,93.5489
2026-09-26 06:43:00,2684.91,2685.37,2684.71,2685.37,38.3193
2026-09-26 06:44:00,2685.36,2685.37,2685.36,2685.36,3.5437
2026-09-26 06:45:00,2685.37,2685.37,2685.36,2685.37,32.0982
2026-09-26 06:46:00,2685.37,2685.37,2685.36,2685.36,12.8955
2026-09-26 06:47:00,2685.37,2685.94,2685.14,2685.94,29.3076
2026-09-26 06:48:00,2685.94,2686.97,2685.94,2686.82,93.8449
2026-09-26 06:49:00,2686.81,2687.09,2686.81,2687.08,21.2875
2026-09-26 06:50:00,2687.08,2687.09,2686.31,2686.31,67.649
2026-09-26 06:51:00,2686.31,2686.32,2686.26,2686.27,37.0147
2026-09-26 06:52:00,2686.27,2686.33,2686.27,2686.33,14.3384
2026-09-26 06:53:00,2686.33,2686.33,2684.92,2684.98,55.5449
2026-09-26 06:54:00,2684.99,2685.27,2684.98,2685.27,20.0126
2026-09-26 06:55:00,2685.26,2685.61,2685.26,2685.6,11.1995
2026-09-26 06:56:00,2685.61,2686.19,2685.61,2686.18,19.5313
2026-09-26 06:57:00,2686.18,2686.41,2686.18,2686.41,6.3132
2026-09-26 06:58:00,2686.42,2686.8,2685.83,2685.84,95.7152
2026-09-26 06:59:00,2685.84,2685.84,2685.26,2685.69,58.0794
2026-09-26 07:00:00,2685.69,2686.19,2685.68,2686.19,14.7091
2026-09-26 07:01:00,2686.19,2686.23,2686.18,2686.22,25.1404
2026-09-26 07:02:00,2686.22,2686.3,2686.22,2686.29,25.9213
2026-09-26 07:03:00,2686.29,2688.0,2686.29,2687.99,139.3756
2026-09-26 07:04:00,2688.0,2689.22,2687.99,2689.22,42.7369
2026-09-26 07:05:00,2689.22,2689.63,2689.21,2689.63,26.162
2026-09-26 07:06:00,2689.63,2690.22,2689.62,2689.94,82.9858
2026-09-26 07:07:00,2689.95,2690.22,2689.61,2689.65,52.6669
2026-09-26 07:08:00,2689.66,2690.39,2689.65,2690.19,101.0224
2026-09-26 07:09:00,2690.19,2690.27,2688.9,2688.92,76.7889
2026-09-26 07:10:00,2688.92,2689.0,2688.91,2689.0,17.2318
2026-09-26 07:11:00,2688.99,2690.13,2688.99,2690.13,24.9192
2026-09-26 07:12:00,2690.14,2690.31,2689.85,2690.31,80.6993
2026-09-26 07:13:00,2690.31,2690.63,2690.3,2690.62,14.4994
2026-09-26 07:14:00,2690.62,2690.97,2690.62,2690.97,16.6076
2026-09-26 07:15:00,2690.97,2690.97,2690.91,2690.92,28.5474
2026-09-26 07:16:00,2690.92,2690.92,2690.17,2690.35,33.0726
2026-09-26 07:17:00,2690.35,2690.36,2689.89,2689.89,170.0991
2026-09-26 07:18:00,2689.89,2690.69,2689.89,2690.69,47.3648
2026-09-26 07:19:00,2690.68,2690.7,2690.68,2690.69,60.3319
2026-09-26 07:20:00,2690.7,2690.81,2690.69,2690.8,25.1181
2026-09-26 07:21:00,2690.81,2690.81,2690.8,2690.8,19.68
2026-09-26 07:22:00,2690.8,2691.13,2690.8,2691.12,22.9957
2026-09-26 07:23:00,2691.13,2691.13,2691.12,2691.13,9.6131
2026-09-26 07:24:00,2691.13,2691.15,2691.13,2691.15,44.5942
2026-09-26 07:25:00,2691.14,2691.14,2690.31,2690.32,103.2575
2026-09-26 07:26:00,2690.31,2690.32,2690.21,2690.22,8.1489
2026-09-26 07:27:00,2690.21,2690.22,2690.21,2690.22,9.6039
2026-09-26 07:28:00,2690.21,2690.22,2690.21,2690.21,8.3936
2026-09-26 07:29:00,2690.22,2690.22,2690.21,2690.21,5.2651
2026-09-26 07:30:00,2690.22,2690.22,2690.21,2690.21,16.3822
2026-09-26 07:31:00,2690.22,2690.22,2690.21,2690.21,36.3247
2026-09-26 07:32:00,2690.22,2690.22,2690.21,2690.21,21.762
2026-09-26 07:33:00,2690.21,2690.22,2689.89,2689.89,56.8736
2026-09-26 07:34:00,2689.9,2689.9,2689.81,2689.81,16.2497
2026-09-26 07:35:00,2689.81,2689.82,2689.81,2689.81,30.8346
2026-09-26 07:36:00,2689.82,2689.82,2689.8,2689.8,25.2275
2026-09-26 07:37:00,2689.8,2689.88,2689.8,2689.87,25.9718
2026-09-26 07:38:00,2689.88,2691.01,2689.87,2691.0,56.0874
2026-09-26 07:39:00,2691.0,2691.01,2691.0,2691.0,6.5466
2026-09-26 07:40:00,2691.0,2691.12,2690.97,2691.11,73.8997
2026-09-26 07:41:00,2691.11,2691.27,2690.7,2690.7,106.3237
2026-09-26 07:42:00,2690.71,2690.98,2690.55,2690.55,59.4981
2026-09-26 07:43:00,2690.55,2690.56,2689.18,2689.41,114.0118
2026-09-26 07:44:00,2689.41,2689.6,2689.41,2689.59,30.6193
2026-09-26 07:45:00,2689.6,2689.88,2689.59,2689.87,31.3824
2026-09-26 07:46:00,2689.87,2689.92,2689.87,2689.91,16.7219
2026-09-26 07:47:00,2689.92,2690.84,2689.92,2690.83,74.4146
2026-09-26 07:48:00,2690.83,2690.84,2690.57,2690.58,40.1048
2026-09-26 07:49:00,2690.58,2690.63,2690.4,2690.4,51.3946
2026-09-26 07:50:00,2690.4,2690.4,2690.35,2690.35,14.244
2026-09-26 07:51:00,2690.35,2690.36,2690.05,2690.05,69.7884
2026-09-26 07:52:00,2690.06,2690.06,2689.9,2689.9,27.6179
2026-09-26 07:53:00,2689.91,2689.91,2689.01,2689.05,52.9242
2026-09-26 07:54:00,2689.06,2689.26,2689.01,2689.26,63.0305
2026-09-26 07:55:00,2689.27,2691.36,2689.27,2691.16,181.3073
2026-09-26 07:56:00,2691.16,2691.16,2691.07,2691.15,76.0209
2026-09-26 07:57:00,2691.15,2691.16,2691.15,2691.15,9.843
2026-09-26 07:58:00,2691.15,2691.57,2691.15,2691.56,25.5655
2026-09-26 07:59:00,2691.56,2691.57,2691.15,2691.16,96.3224
2026-09-26 08:00:00,2691.15,2691.22,2690.67,2691.08,97.7992
2026-09-26 08:01:00,2691.1,2691.87,2689.7,2689.95,125.514
2026-09-26 08:02:00,2689.95,2690.01,2689.59,2689.59,143.8729
2026-09-26 08:03:00,2689.59,2689.6,2689.59,2689.6,9.1816
2026-09-26 08:04:00,2689.6,2689.6,2689.25,2689.25,33.6013
2026-09-26 08:05:00,2689.25,2689.26,2688.81,2688.81,63.8449
2026-09-26 08:06:00,2688.82,2688.94,2688.82,2688.93,51.2312
2026-09-26 08:07:00,2688.94,2688.98,2688.93,2688.98,10.5237
2026-09-26 08:08:00,2688.97,2689.79,2688.97,2689.78,38.2588
2026-09-26 08:09:00,2689.79,2689.83,2689.78,2689.82,4.7186
2026-09-26 08:10:00,2689.83,2689.83,2689.82,2689.82,18.8081
2026-09-26 08:11:00,2689.83,2689.83,2689.82,2689.83,16.1671
2026-09-26 08:12:00,2689.83,2689.83,2689.48,2689.48,62.0644
2026-09-26 08:13:00,2689.48,2689.48,2689.01,2689.02,48.9468
2026-09-26 08:14:00,2689.01,2689.55,2689.01,2689.55,79.6514
2026-09-26 08:15:00,2689.54,2689.76,2689.54,2689.76,10.7746
2026-09-26 08:16:00,2689.77,2689.8,2689.77,2689.8,13.5536
2026-09-26 08:17:00,2689.79,2689.8,2689.09,2689.09,75.1062
2026-09-26 08:18:00,2689.1,2689.1,2689.09,2689.09,10.6361
2026-09-26 08:19:00,2689.1,2689.1,2689.09,2689.1,28.5297
2026-09-26 08:20:00,2689.1,2689.34,2689.1,2689.11,38.2312
2026-09-26 08:21:00,2689.11,2689.12,2688.8,2688.81,43.1292
2026-09-26 08:22:00,2688.8,2688.81,2688.8,2688.8,7.8922
2026-09-26 08:23:00,2688.8,2688.81,2688.2,2688.21,72.2946
2026-09-26 08:24:00,2688.21,2688.21,2688.01,2688.14,138.6854
2026-09-26 08:25:00,2688.14,2688.2,2688.13,2688.15,15.3431
2026-09-26 08:26:00,2688.14,2689.38,2687.37,2689.32,152.1156
2026-09-26 08:27:00,2689.32,2689.73,2689.32,2689.73,25.0602
2026-09-26 08:28:00,2689.72,2689.83,2689.72,2689.83,24.2993
2026-09-26 08:29:00,2689.82,2690.14,2689.82,2690.14,19.1337
2026-09-26 08:30:00,2690.14,2691.09,2690.13,2691.09,37.3783
2026-09-26 08:31:00,2691.09,2692.42,2691.09,2692.42,88.4091
2026-09-26 08:32:00,2692.42,2695.0,2692.42,2695.0,407.6053
2026-09-26 08:33:00,2694.99,2696.04,2694.83,2696.04,149.7162
2026-09-26 08:34:00,2696.03,2696.44,2695.64,2696.44,129.1702
2026-09-26 08:35:00,2696.44,2697.42,2695.02,2696.97,207.3456
2026-09-26 08:36:00,2696.98,2697.43,2696.97,2697.31,34.5974
2026-09-26 08:37:00,2697.31,2697.79,2696.23,2696.3,138.345
2026-09-26 08:38:00,2696.3,2697.33,2696.29,2697.33,65.6303
2026-09-26 08:39:00,2697.33,2697.33,2695.45,2696.28,768.5683
2026-09-26 08:40:00,2696.27,2696.79,2693.02,2693.75,261.8251
2026-09-26 08:41:00,2693.76,2693.76,2693.08,2693.74,50.7089
2026-09-26 08:42:00,2693.73,2694.46,2693.73,2694.46,34.7345
2026-09-26 08:43:00,2694.45,2694.51,2694.45,2694.51,12.9404
2026-09-26 08:44:00,2694.51,2694.64,2694.51,2694.64,4.7832
2026-09-26 08:45:00,2694.65,2694.65,2693.77,2693.94,58.15
2026-09-26 08:46:00,2693.94,2693.95,2693.18,2693.18,52.2741
2026-09-26 08:47:00,2693.18,2693.18,2693.0,2693.01,83.9663
2026-09-26 08:48:00,2693.01,2693.05,2693.0,2693.05,11.9816
2026-09-26 08:49:00,2693.05,2693.05,2691.52,2691.9,65.9964
2026-09-26 08:50:00,2691.89,2691.92,2691.76,2691.92,143.8967
2026-09-26 08:51:00,2691.92,2691.92,2691.91,2691.91,5.0056
2026-09-26 08:52:00,2691.91,2691.94,2691.91,2691.93,22.1546
2026-09-26 08:53:00,2691.94,2692.06,2691.93,2692.06,3.4264
2026-09-26 08:54:00,2692.06,2692.06,2692.05,2692.06,8.5639
2026-09-26 08:55:00,2692.05,2692.74,2691.74,2691.74,170.2828
2026-09-26 08:56:00,2691.74,2691.75,2691.44,2691.45,31.6508
2026-09-26 08:57:00,2691.45,2691.45,2691.44,2691.45,32.4205
2026-09-26 08:58:00,2691.45,2691.45,2691.44,2691.45,7.6824
2026-09-26 08:59:00,2691.45,2691.45,2691.0,2691.01,27.6491
2026-09-26 09:00:00,2691.0,2691.01,2691.0,2691.01,12.0052
2026-09-26 09:01:00,2691.0,2691.01,2691.0,2691.01,30.612
2026-09-26 09:02:00,2691.01,2691.01,2690.76,2690.77,33.5176
2026-09-26 09:03:00,2690.77,2690.77,2690.76,2690.76,14.5194
2026-09-26 09:04:00,2690.76,2690.77,2690.76,2690.76,34.3479
2026-09-26 09:05:00,2690.77,2690.78,2690.76,2690.77,17.5157
2026-09-26 09:06:00,2690.77,2690.78,2690.29,2690.3,16.4274
2026-09-26 09:07:00,2690.29,2690.3,2690.07,2690.08,18.1386
2026-09-26 09:08:00,2690.08,2690.08,2690.07,2690.07,9.6825
2026-09-26 09:09:00,2690.07,2690.07,2689.49,2689.67,37.1239
2026-09-26 09:10:00,2689.68,2689.68,2686.92,2688.25,154.3153
2026-09-26 09:11:00,2688.24,2688.24,2686.41,2686.41,54.5839
2026-09-26 09:12:00,2686.42,2686.42,2684.8,2684.8,68.478
2026-09-26 09:13:00,2684.8,2684.81,2680.41,2680.41,659.6396
2026-09-26 09:14:00,2680.41,2683.87,2679.58,2682.52,998.8281
2026-09-26 09:15:00,2682.52,2682.52,2680.51,2682.46,95.2706
2026-09-26 09:16:00,2682.46,2683.44,2681.23,2681.23,144.7533
2026-09-26 09:17:00,2681.23,2681.99,2679.3,2681.99,129.9318
2026-09-26 09:18:00,2682.0,2682.55,2681.0,2682.54,76.8981
2026-09-26 09:19:00,2682.55,2684.31,2682.42,2684.31,76.8053
2026-09-26 09:20:00,2684.32,2684.64,2682.15,2682.15,94.0301
2026-09-26 09:21:00,2682.16,2683.55,2682.15,2683.41,52.4522
2026-09-26 09:22:00,2683.42,2684.2,2683.04,2684.2,39.8329
2026-09-26 09:23:00,2684.21,2684.35,2684.15,2684.19,54.0166
2026-09-26 09:24:00,2684.19,2684.19,2682.25,2682.25,103.4325
2026-09-26 09:25:00,2682.25,2682.78,2682.25,2682.25,59.8112
2026-09-26 09:26:00,2682.25,2682.58,2682.12,2682.13,31.4388
2026-09-26 09:27:00,2682.13,2683.23,2682.13,2683.13,94.2331
2026-09-26 09:28:00,2683.14,2683.37,2681.9,2681.9,60.2537
2026-09-26 09:29:00,2681.91,2682.61,2681.76,2682.16,59.3916
2026-09-26 09:30:00,2682.15,2682.16,2680.88,2680.89,41.9577
2026-09-26 09:31:00,2680.89,2681.82,2680.0,2681.81,47.2318
2026-09-26 09:32:00,2681.82,2681.82,2681.02,2681.64,49.7912
2026-09-26 09:33:00,2681.58,2681.98,2681.03,2681.85,55.0901
2026-09-26 09:34:00,2681.84,2682.5,2681.84,2682.06,47.0457
2026-09-26 09:35:00,2682.05,2682.06,2681.74,2681.74,38.5368
2026-09-26 09:36:00,2681.74,2682.03,2681.65,2681.89,22.2156
2026-09-26 09:37:00,2681.89,2682.03,2681.88,2682.01,42.1914
2026-09-26 09:38:00,2682.0,2682.13,2681.63,2681.64,110.8104
2026-09-26 09:39:00,2681.63,2681.64,2681.24,2681.61,29.673
2026-09-26 09:40:00,2681.61,2681.61,2681.08,2681.09,44.7334
2026-09-26 09:41:00,2681.08,2681.15,2681.08,2681.14,32.1075
2026-09-26 09:42:00,2681.15,2681.53,2681.14,2681.53,17.2989
2026-09-26 09:43:00,2681.52,2681.53,2680.9,2681.53,82.6934
2026-09-26 09:44:00,2681.52,2682.0,2681.52,2681.99,8.2744
2026-09-26 09:45:00,2681.99,2682.6,2681.7,2682.59,43.4126
2026-09-26 09:46:00,2682.6,2682.6,2682.59,2682.59,7.2771
2026-09-26 09:47:00,2682.59,2683.49,2682.59,2683.2,36.7639
2026-09-26 09:48:00,2683.2,2683.2,2682.12,2682.34,109.2623
2026-09-26 09:49:00,2682.33,2682.33,2681.96,2681.97,94.4941
2026-09-26 09:50:00,2681.97,2682.39,2681.9,2681.91,128.9196
2026-09-26 09:51:00,2681.91,2681.91,2681.44,2681.67,46.8551
2026-09-26 09:52:00,2681.67,2681.81,2681.67,2681.81,5.808
2026-09-26 09:53:00,2681.8,2681.81,2681.8,2681.8,8.5061
2026-09-26 09:54:00,2681.8,2681.81,2681.53,2681.53,58.0048
2026-09-26 09:55:00,2681.54,2681.71,2681.53,2681.7,12.9099
2026-09-26 09:56:00,2681.7,2681.89,2681.7,2681.71,62.4148
2026-09-26 09:57:00,2681.7,2682.53,2681.7,2682.08,64.0776
2026-09-26 09:58:00,2682.07,2682.13,2681.63,2682.13,36.8825
2026-09-26 09:59:00,2682.13,2682.6,2682.12,2682.6,19.3505
2026-09-26 10:00:00,2682.6,2682.94,2682.6,2682.78,36.0503
2026-09-26 10:01:00,2682.77,2683.18,2682.65,2682.88,34.4837
2026-09-26 10:02:00,2682.89,2684.5,2682.89,2684.5,103.4159
2026-09-26 10:03:00,2684.49,2685.26,2684.49,2684.62,108.7662
2026-09-26 10:04:00,2684.63,2685.65,2684.62,2685.53,56.0374
2026-09-26 10:05:00,2685.54,2685.71,2685.18,2685.71,29.5185
2026-09-26 10:06:00,2685.72,2685.94,2685.38,2685.38,18.8347
2026-09-26 10:07:00,2685.38,2685.38,2685.1,2685.11,13.5237
2026-09-26 10:08:00,2685.1,2685.11,2685.02,2685.02,20.4377
2026-09-26 10:09:00,2685.01,2688.67,2685.0,2687.83,399.9112
2026-09-26 10:10:00,2687.84,2687.84,2687.57,2687.81,68.1486
2026-09-26 10:11:00,2687.82,2688.39,2687.81,2688.09,155.5126
2026-09-26 10:12:00,2688.08,2688.28,2688.08,2688.28,12.2539
2026-09-26 10:13:00,2688.28,2688.28,2687.86,2687.87,18.9379
2026-09-26 10:14:00,2687.87,2687.94,2686.67,2687.16,112.6927
2026-09-26 10:15:00,2687.16,2687.69,2686.98,2687.69,29.7745
2026-09-26 10:16:00,2687.69,2687.96,2687.47,2687.96,26.8367
2026-09-26 10:17:00,2687.97,2688.62,2687.96,2688.62,9.2891
2026-09-26 10:18:00,2688.62,2688.88,2688.61,2688.87,34.8816
2026-09-26 10:19:00,2688.88,2689.43,2688.87,2689.42,22.7551
2026-09-26 10:20:00,2689.43,2689.43,2689.24,2689.24,14.6383
2026-09-26 10:21:00,2689.25,2690.32,2689.25,2689.74,106.7404
2026-09-26 10:22:00,2689.74,2689.74,2688.19,2688.42,57.0974
2026-09-26 10:23:00,2688.43,2689.21,2688.43,2689.21,39.15
2026-09-26 10:24:00,2689.21,2689.3,2689.07,2689.08,10.4182
2026-09-26 10:25:00,2689.08,2689.08,2688.32,2688.33,33.87
2026-09-26 10:26:00,2688.32,2688.33,2688.32,2688.33,22.7963
2026-09-26 10:27:00,2688.33,2688.33,2687.94,2687.94,16.5336
2026-09-26 10:28:00,2687.94,2687.94,2687.75,2687.76,11.3062
2026-09-26 10:29:00,2687.76,2688.33,2687.75,2688.32,39.1061
2026-09-26 10:30:00,2688.33,2688.34,2687.75,2687.76,62.2326
2026-09-26 10:31:00,2687.76,2688.04,2687.75,2688.03,8.7468
2026-09-26 10:32:00,2688.03,2688.04,2687.75,2687.76,20.4901
2026-09-26 10:33:00,2687.76,2687.76,2687.18,2687.24,74.993
2026-09-26 10:34:00,2687.25,2687.51,2686.93,2686.93,96.0029
2026-09-26 10:35:00,2686.94,2686.96,2686.53,2686.63,96.2221
2026-09-26 10:36:00,2686.62,2687.11,2686.27,2687.11,215.8436
2026-09-26 10:37:00,2687.1,2687.27,2687.1,2687.26,68.9515
2026-09-26 10:38:00,2687.27,2687.27,2686.46,2686.46,102.3109
2026-09-26 10:39:00,2686.46,2687.96,2686.46,2687.49,136.7634
2026-09-26 10:40:00,2687.48,2687.76,2687.48,2687.75,73.1289
2026-09-26 10:41:00,2687.75,2688.18,2687.75,2688.18,8.8731
2026-09-26 10:42:00,2688.18,2688.18,2687.76,2687.77,96.1481
2026-09-26 10:43:00,2687.77,2687.77,2687.14,2687.14,264.657
2026-09-26 10:44:00,2687.15,2687.86,2687.15,2687.85,21.2583
2026-09-26 10:45:00,2687.86,2688.52,2687.86,2688.52,115.3655
2026-09-26 10:46:00,2688.51,2688.58,2688.51,2688.58,9.4631
2026-09-26 10:47:00,2688.57,2688.58,2688.57,2688.57,37.3326
2026-09-26 10:48:00,2688.57,2688.73,2688.57,2688.64,117.72
2026-09-26 10:49:00,2688.64,2688.67,2688.6,2688.61,55.6186
2026-09-26 10:50:00,2688.61,2689.79,2688.6,2689.79,101.6988
2026-09-26 10:51:00,2689.78,2689.78,2688.83,2688.84,41.1086
2026-09-26 10:52:00,2688.83,2688.84,2688.27,2688.27,122.2484
2026-09-26 10:53:00,2688.27,2688.27,2687.11,2687.11,25.9847
2026-09-26 10:54:00,2687.11,2687.11,2686.71,2686.71,64.8393
2026-09-26 10:55:00,2686.71,2686.99,2685.8,2686.99,569.7789
2026-09-26 10:56:00,2686.99,2687.91,2686.99,2687.36,424.5723
2026-09-26 10:57:00,2687.35,2687.36,2687.35,2687.35,4.5824
2026-09-26 10:58:00,2687.35,2687.36,2687.34,2687.34,76.3816
2026-09-26 10:59:00,2687.35,2687.35,2687.34,2687.35,21.4779
2026-09-26 11:00:00,2687.35,2687.9,2687.34,2687.89,296.0175
2026-09-26 11:01:00,2687.9,2687.9,2685.79,2686.14,274.4836
2026-09-26 11:02:00,2686.15,2686.38,2686.02,2686.38,19.8612
2026-09-26 11:03:00,2686.37,2687.49,2686.37,2686.71,135.0626
2026-09-26 11:04:00,2686.71,2686.71,2686.18,2686.53,52.2402
2026-09-26 11:05:00,2686.53,2686.54,2685.38,2685.71,43.7102
2026-09-26 11:06:00,2685.7,2685.88,2685.43,2685.87,52.781
2026-09-26 11:07:00,2685.88,2686.23,2685.87,2686.22,29.4632
2026-09-26 11:08:00,2686.23,2687.83,2686.23,2686.73,104.0541
2026-09-26 11:09:00,2686.74,2686.8,2686.73,2686.8,17.0804
2026-09-26 11:10:00,2686.79,2686.86,2686.37,2686.59,97.3647
2026-09-26 11:11:00,2686.58,2686.89,2686.58,2686.89,15.3352
2026-09-26 11:12:00,2686.89,2687.18,2686.88,2687.16,39.5228
2026-09-26 11:13:00,2687.16,2688.03,2687.16,2688.02,13.4903
2026-09-26 11:14:00,2688.02,2688.03,2687.72,2687.72,38.0057
2026-09-26 11:15:00,2687.73,2687.83,2687.72,2687.83,23.6948
2026-09-26 11:16:00,2687.83,2689.28,2687.82,2689.27,51.1524
2026-09-26 11:17:00,2689.27,2689.99,2689.09,2689.6,75.6556
2026-09-26 11:18:00,2689.6,2690.46,2689.29,2690.46,148.2708
2026-09-26 11:19:00,2690.46,2690.46,2689.78,2689.79,29.5666
2026-09-26 11:20:00,2689.79,2690.1,2689.21,2689.21,32.0751
2026-09-26 11:21:00,2689.21,2689.22,2689.21,2689.22,12.4947
2026-09-26 11:22:00,2689.22,2689.22,2689.1,2689.1,20.132
2026-09-26 11:23:00,2689.1,2689.1,2688.85,2688.85,16.6105
2026-09-26 11:24:00,2688.85,2688.86,2688.85,2688.85,14.9418
2026-09-26 11:25:00,2688.86,2688.86,2688.79,2688.8,8.5355
2026-09-26 11:26:00,2688.8,2689.11,2688.79,2689.11,10.5396
2026-09-26 11:27:00,2689.1,2689.1,2688.27,2688.28,25.8671
2026-09-26 11:28:00,2688.27,2688.28,2688.1,2688.11,23.2188
2026-09-26 11:29:00,2688.1,2688.6,2688.1,2688.6,27.2
2026-09-26 11:30:00,2688.6,2688.61,2688.54,2688.55,25.5114
2026-09-26 11:31:00,2688.55,2688.55,2688.35,2688.35,19.7295
2026-09-26 11:32:00,2688.35,2688.6,2688.35,2688.6,19.9544
2026-09-26 11:33:00,2688.6,2688.93,2688.59,2688.92,29.4312
2026-09-26 11:34:00,2688.93,2688.93,2688.92,2688.93,6.7991
2026-09-26 11:35:00,2688.92,2690.14,2688.92,2690.14,30.5206
2026-09-26 11:36:00,2690.14,2690.14,2689.73,2689.74,109.983
2026-09-26 11:37:00,2689.74,2689.74,2689.73,2689.73,11.7817
2026-09-26 11:38:00,2689.73,2690.24,2689.73,2690.09,55.9999
2026-09-26 11:39:00,2690.1,2690.24,2690.09,2690.23,14.3274
2026-09-26 11:40:00,2690.24,2690.24,2690.0,2690.0,40.3289
2026-09-26 11:41:00,2690.01,2690.01,2689.98,2689.99,22.4564
2026-09-26 11:42:00,2689.99,2689.99,2689.98,2689.98,7.3203
2026-09-26 11:43:00,2689.99,2690.71,2689.98,2690.67,32.2271
2026-09-26 11:44:00,2690.67,2690.67,2690.31,2690.31,27.2966
2026-09-26 11:45:00,2690.31,2690.62,2690.31,2690.61,13.2478
2026-09-26 11:46:00,2690.61,2690.62,2690.61,2690.61,23.9862
2026-09-26 11:47:00,2690.62,2690.62,2690.31,2690.31,56.8911
2026-09-26 11:48:00,2690.32,2690.32,2689.98,2689.99,39.2608
2026-09-26 11:49:00,2689.98,2690.01,2689.98,2690.01,14.5746
2026-09-26 11:50:00,2690.01,2690.1,2690.01,2690.1,3.7882
2026-09-26 11:51:00,2690.1,2690.1,2690.09,2690.1,5.449
2026-09-26 11:52:00,2690.1,2690.1,2690.09,2690.1,12.0644
2026-09-26 11:53:00,2690.1,2690.11,2690.09,2690.09,57.2726
2026-09-26 11:54:00,2690.1,2690.1,2689.75,2689.75,19.094
2026-09-26 11:55:00,2689.75,2689.76,2689.75,2689.76,6.9592
2026-09-26 11:56:00,2689.75,2689.76,2689.75,2689.75,24.0102
2026-09-26 11:57:00,2689.75,2689.76,2689.09,2689.1,28.6209
2026-09-26 11:58:00,2689.09,2689.61,2689.09,2689.61,24.4448
2026-09-26 11:59:00,2689.61,2689.61,2689.48,2689.49,19.5151
2026-09-26 12:00:00,2689.48,2689.61,2689.38,2689.6,37.9642
2026-09-26 12:01:00,2689.61,2689.61,2689.6,2689.6,41.3818
2026-09-26 12:02:00,2689.6,2689.61,2689.14,2689.15,58.8442
2026-09-26 12:03:00,2689.15,2689.15,2688.2,2688.2,32.973
2026-09-26 12:04:00,2688.19,2688.2,2687.73,2687.73,48.5999
2026-09-26 12:05:00,2687.73,2689.3,2687.73,2689.3,53.0534
2026-09-26 12:06:00,2689.29,2689.59,2689.29,2689.59,56.342
2026-09-26 12:07:00,2689.59,2690.46,2689.39,2689.41,146.753
2026-09-26 12:08:00,2689.4,2689.41,2689.4,2689.41,29.4019
2026-09-26 12:09:00,2689.41,2690.25,2689.4,2689.63,96.6522
2026-09-26 12:10:00,2689.63,2689.63,2689.33,2689.33,23.1812
2026-09-26 12:11:00,2689.34,2689.34,2688.56,2688.56,50.4161
2026-09-26 12:12:00,2688.56,2688.56,2688.53,2688.53,21.4503
2026-09-26 12:13:00,2688.54,2688.96,2688.53,2688.95,51.2212
2026-09-26 12:14:00,2688.95,2689.75,2688.95,2689.63,143.5525
2026-09-26 12:15:00,2689.62,2690.98,2689.62,2690.98,37.0482
2026-09-26 12:16:00,2690.97,2691.42,2690.97,2691.42,27.6182
2026-09-26 12:17:00,2691.41,2692.38,2691.41,2692.03,204.32
2026-09-26 12:18:00,2692.02,2692.14,2692.02,2692.14,27.8582
2026-09-26 12:19:00,2692.13,2692.14,2691.0,2691.0,279.7829
2026-09-26 12:20:00,2690.99,2691.11,2690.31,2690.31,157.1405
2026-09-26 12:21:00,2690.32,2690.32,2689.52,2689.52,234.3416
2026-09-26 12:22:00,2689.53,2690.38,2689.52,2690.38,23.6299
2026-09-26 12:23:00,2690.38,2690.71,2690.38,2690.71,84.0374
2026-09-26 12:24:00,2690.71,2690.71,2689.57,2690.23,455.7763
2026-09-26 12:25:00,2690.24,2691.04,2690.23,2691.03,32.407
2026-09-26 12:26:00,2691.03,2691.03,2690.51,2690.69,220.2388
2026-09-26 12:27:00,2690.69,2690.83,2690.69,2690.83,16.4875
2026-09-26 12:28:00,2690.82,2690.89,2690.82,2690.89,19.7545
2026-09-26 12:29:00,2690.88,2690.89,2690.69,2690.75,253.3499
2026-09-26 12:30:00,2690.74,2691.0,2690.74,2690.82,16.9864
2026-09-26 12:31:00,2690.81,2690.98,2690.81,2690.97,17.5472
2026-09-26 12:32:00,2690.98,2690.98,2690.31,2690.37,109.1606
2026-09-26 12:33:00,2690.38,2690.71,2690.37,2690.68,292.6709
2026-09-26 12:34:00,2690.68,2690.69,2690.41,2690.42,196.7689
2026-09-26 12:35:00,2690.42,2690.61,2690.41,2690.61,174.2249
2026-09-26 12:36:00,2690.61,2690.61,2689.99,2689.99,51.4764
2026-09-26 12:37:00,2689.99,2689.99,2687.59,2687.6,195.4269
2026-09-26 12:38:00,2687.6,2687.6,2686.7,2686.97,82.7659
2026-09-26 12:39:00,2686.97,2687.58,2686.97,2687.58,196.3255
2026-09-26 12:40:00,2687.58,2687.59,2687.12,2687.13,24.5612
2026-09-26 12:41:00,2687.12,2687.13,2686.7,2686.73,120.2115
2026-09-26 12:42:00,2686.72,2687.0,2686.72,2686.75,454.4696
2026-09-26 12:43:00,2686.76,2687.29,2686.75,2687.28,53.8688
2026-09-26 12:44:00,2687.28,2687.29,2687.28,2687.28,15.637
2026-09-26 12:45:00,2687.28,2687.8,2687.28,2687.8,31.5673
2026-09-26 12:46:00,2687.8,2688.58,2687.8,2688.58,19.4452
2026-09-26 12:47:00,2688.57,2688.82,2688.57,2688.81,14.536
2026-09-26 12:48:00,2688.82,2688.83,2688.81,2688.82,17.9332
2026-09-26 12:49:00,2688.82,2688.87,2688.82,2688.87,6.1989
2026-09-26 12:50:00,2688.86,2688.87,2688.86,2688.87,20.5316
2026-09-26 12:51:00,2688.86,2688.87,2688.86,2688.86,11.6472
2026-09-26 12:52:00,2688.87,2688.87,2688.86,2688.87,3.0902
2026-09-26 12:53:00,2688.87,2688.89,2688.87,2688.89,29.2754
2026-09-26 12:54:00,2688.88,2688.88,2688.4,2688.41,58.3644
2026-09-26 12:55:00,2688.41,2688.41,2688.34,2688.41,349.8119
2026-09-26 12:56:00,2688.41,2688.41,2688.16,2688.16,108.9808
2026-09-26 12:57:00,2688.16,2688.25,2688.16,2688.25,48.9829
2026-09-26 12:58:00,2688.24,2689.07,2688.24,2689.06,656.3753
2026-09-26 12:59:00,2689.06,2689.07,2688.89,2688.9,47.6496
2026-09-26 13:00:00,2688.9,2689.19,2688.89,2689.19,50.2753
2026-09-26 13:01:00,2689.18,2690.31,2689.18,2690.3,84.6868
2026-09-26 13:02:00,2690.3,2690.75,2690.3,2690.75,73.004
2026-09-26 13:03:00,2690.75,2691.95,2689.15,2689.21,442.7156
2026-09-26 13:04:00,2689.21,2689.25,2689.21,2689.25,16.5732
2026-09-26 13:05:00,2689.25,2690.0,2689.24,2690.0,72.069
2026-09-26 13:06:00,2690.0,2690.68,2690.0,2690.67,34.7809
2026-09-26 13:07:00,2690.68,2691.19,2690.67,2691.18,46.8431
2026-09-26 13:08:00,2691.19,2691.42,2689.89,2689.89,118.8347
2026-09-26 13:09:00,2689.89,2690.02,2689.45,2689.46,40.1964
2026-09-26 13:10:00,2689.46,2689.46,2686.34,2687.08,169.0737
2026-09-26 13:11:00,2687.08,2687.08,2686.23,2686.24,104.7256
2026-09-26 13:12:00,2686.23,2687.58,2685.42,2687.58,176.6104
2026-09-26 13:13:00,2687.58,2687.58,2686.76,2687.32,41.3206
2026-09-26 13:14:00,2687.32,2688.15,2687.26,2687.26,92.4819
2026-09-26 13:15:00,2687.27,2688.46,2685.81,2685.82,192.7868
2026-09-26 13:16:00,2685.82,2686.27,2685.82,2686.27,35.357
2026-09-26 13:17:00,2686.27,2686.76,2686.08,2686.73,119.0406
2026-09-26 13:18:00,2686.73,2686.73,2686.23,2686.23,20.0875
2026-09-26 13:19:00,2686.24,2686.92,2686.22,2686.92,56.9533
2026-09-26 13:20:00,2686.92,2688.2,2686.92,2687.65,130.4613
2026-09-26 13:21:00,2687.64,2687.65,2687.42,2687.42,11.747
2026-09-26 13:22:00,2687.42,2687.42,2685.62,2685.62,92.4981
2026-09-26 13:23:00,2685.62,2686.04,2685.21,2685.81,44.623
2026-09-26 13:24:00,2685.8,2685.81,2684.99,2684.99,50.1183
2026-09-26 13:25:00,2684.99,2685.55,2684.99,2685.15,88.9705
2026-09-26 13:26:00,2685.14,2685.14,2683.29,2684.38,461.2024
2026-09-26 13:27:00,2684.38,2684.55,2683.32,2683.62,81.1103
2026-09-26 13:28:00,2683.61,2683.74,2682.0,2682.41,176.8628
2026-09-26 13:29:00,2682.42,2684.99,2682.42,2684.94,84.1419
2026-09-26 13:30:00,2684.95,2684.95,2683.84,2683.84,37.3713
2026-09-26 13:31:00,2683.84,2684.72,2683.84,2684.71,30.5522
2026-09-26 13:32:00,2684.71,2684.71,2683.5,2683.79,40.4948
2026-09-26 13:33:00,2683.78,2683.79,2683.23,2683.24,40.9511
2026-09-26 13:34:00,2683.23,2683.24,2682.98,2682.99,59.7929
2026-09-26 13:35:00,2682.98,2682.98,2682.41,2682.41,19.8581
2026-09-26 13:36:00,2682.41,2683.12,2682.0,2682.62,94.1934
2026-09-26 13:37:00,2682.63,2683.86,2682.62,2683.85,25.6123
2026-09-26 13:38:00,2683.85,2684.2,2683.85,2684.19,18.0469
2026-09-26 13:39:00,2684.2,2684.2,2683.84,2683.84,14.1512
2026-09-26 13:40:00,2683.84,2683.85,2683.7,2683.7,32.965
2026-09-26 13:41:00,2683.7,2683.7,2682.25,2683.01,98.0966
2026-09-26 13:42:00,2683.02,2683.53,2683.01,2683.52,27.873
2026-09-26 13:43:00,2683.52,2683.52,2683.43,2683.43,14.0723
2026-09-26 13:44:00,2683.43,2683.44,2683.41,2683.44,40.7624
2026-09-26 13:45:00,2683.44,2684.51,2683.43,2684.51,35.6561
2026-09-26 13:46:00,2684.52,2684.52,2684.51,2684.52,20.4403
2026-09-26 13:47:00,2684.52,2685.67,2684.52,2685.0,44.1825
2026-09-26 13:48:00,2685.0,2685.31,2684.57,2685.31,22.8806
2026-09-26 13:49:00,2685.3,2685.64,2685.28,2685.28,30.4746
2026-09-26 13:50:00,2685.28,2686.2,2685.23,2685.68,57.3824
2026-09-26 13:51:00,2685.67,2685.68,2685.04,2685.05,32.2652
2026-09-26 13:52:00,2685.05,2685.05,2684.63,2684.63,7.928
2026-09-26 13:53:00,2684.64,2684.92,2684.64,2684.92,21.7794
2026-09-26 13:54:00,2684.92,2686.23,2684.91,2686.22,53.0502
2026-09-26 13:55:00,2686.23,2686.34,2686.22,2686.34,13.3227
2026-09-26 13:56:00,2686.34,2686.97,2686.34,2686.97,32.4169
2026-09-26 13:57:00,2686.97,2686.97,2686.96,2686.96,8.6078
2026-09-26 13:58:00,2686.97,2686.97,2686.23,2686.23,55.2367
2026-09-26 13:59:00,2686.24,2686.73,2686.13,2686.73,126.2963
2026-09-26 14:00:00,2686.72,2686.73,2685.6,2685.83,84.9769
2026-09-26 14:01:00,2685.83,2686.59,2685.83,2686.4,28.6431
2026-09-26 14:02:00,2686.4,2686.76,2686.39,2686.53,36.0872
2026-09-26 14:03:00,2686.53,2686.69,2686.52,2686.68,46.069
2026-09-26 14:04:00,2686.68,2687.36,2686.54,2686.67,62.714
2026-09-26 14:05:00,2686.67,2686.67,2686.05,2686.06,36.05
2026-09-26 14:06:00,2686.05,2686.06,2685.6,2685.61,46.2169
2026-09-26 14:07:00,2685.61,2686.19,2685.6,2686.19,59.0403
2026-09-26 14:08:00,2686.19,2686.19,2686.18,2686.18,16.894
2026-09-26 14:09:00,2686.18,2686.54,2686.18,2686.29,40.6487
2026-09-26 14:10:00,2686.29,2686.84,2686.28,2686.83,39.303
2026-09-26 14:11:00,2686.84,2687.2,2686.84,2686.98,58.8677
2026-09-26 14:12:00,2686.99,2687.08,2686.52,2686.53,34.8935
2026-09-26 14:13:00,2686.53,2687.52,2686.53,2687.52,28.6406
2026-09-26 14:14:00,2687.51,2688.14,2687.51,2688.07,58.3898
2026-09-26 14:15:00,2688.07,2688.5,2688.06,2688.49,38.1671
2026-09-26 14:16:00,2688.49,2688.5,2688.05,2688.06,44.7473
2026-09-26 14:17:00,2688.05,2688.06,2687.08,2687.09,42.8815
2026-09-26 14:18:00,2687.08,2687.21,2687.08,2687.21,31.5144
2026-09-26 14:19:00,2687.2,2687.27,2687.2,2687.26,18.1309
2026-09-26 14:20:00,2687.27,2687.37,2687.26,2687.36,29.2674
2026-09-26 14:21:00,2687.36,2687.62,2687.29,2687.47,41.8337
2026-09-26 14:22:00,2687.52,2687.79,2687.52,2687.64,20.5904
2026-09-26 14:23:00,2687.63,2687.64,2687.63,2687.64,40.225
2026-09-26 14:24:00,2687.64,2687.64,2687.63,2687.63,29.4589
2026-09-26 14:25:00,2687.63,2687.85,2687.63,2687.8,34.3591
2026-09-26 14:26:00,2687.81,2688.05,2687.81,2688.05,23.1012
2026-09-26 14:27:00,2688.05,2688.38,2688.04,2688.22,36.1471
2026-09-26 14:28:00,2688.22,2688.22,2688.21,2688.21,17.4643
2026-09-26 14:29:00,2688.21,2688.57,2688.21,2688.56,20.2013
2026-09-26 14:30:00,2688.57,2688.71,2688.27,2688.27,32.9494
2026-09-26 14:31:00,2688.28,2688.9,2688.28,2688.9,15.9542
2026-09-26 14:32:00,2688.9,2689.48,2688.89,2689.3,119.8842
2026-09-26 14:33:00,2689.3,2689.56,2689.29,2689.55,13.5306
2026-09-26 14:34:00,2689.55,2689.55,2688.9,2688.91,75.4623
2026-09-26 14:35:00,2688.9,2688.91,2688.9,2688.91,7.9072
2026-09-26 14:36:00,2688.9,2688.91,2688.73,2688.73,30.2241
2026-09-26 14:37:00,2688.73,2688.89,2688.73,2688.89,11.7475
2026-09-26 14:38:00,2688.9,2688.9,2688.23,2688.23,35.149
2026-09-26 14:39:00,2688.23,2688.23,2687.85,2687.85,27.635
2026-09-26 14:40:00,2687.85,2688.67,2687.85,2688.67,33.6105
2026-09-26 14:41:00,2688.66,2688.67,2688.66,2688.67,13.0361
2026-09-26 14:42:00,2688.67,2688.69,2688.66,2688.68,25.9221
2026-09-26 14:43:00,2688.69,2688.93,2688.69,2688.93,27.6885
2026-09-26 14:44:00,2688.93,2688.93,2688.1,2688.65,120.5437
2026-09-26 14:45:00,2688.65,2688.66,2688.14,2688.18,27.0508
2026-09-26 14:46:00,2688.18,2688.76,2688.18,2688.76,31.1552
2026-09-26 14:47:00,2688.76,2688.76,2688.75,2688.76,8.8561
2026-09-26 14:48:00,2688.76,2688.76,2688.04,2688.04,77.9041
2026-09-26 14:49:00,2688.05,2688.1,2688.05,2688.1,17.1721
2026-09-26 14:50:00,2688.09,2689.34,2688.09,2689.33,81.5426
2026-09-26 14:51:00,2689.33,2689.34,2689.17,2689.18,50.1715
2026-09-26 14:52:00,2689.17,2689.34,2689.17,2689.34,26.28
2026-09-26 14:53:00,2689.33,2689.33,2689.09,2689.1,37.6151
2026-09-26 14:54:00,2689.09,2690.0,2689.04,2689.04,279.2997
2026-09-26 14:55:00,2689.04,2689.06,2688.75,2689.05,16.2438
2026-09-26 14:56:00,2689.05,2689.51,2689.05,2689.44,23.6895
2026-09-26 14:57:00,2689.44,2689.44,2688.9,2688.9,47.4695
2026-09-26 14:58:00,2688.9,2688.9,2688.45,2688.45,23.4199
2026-09-26 14:59:00,2688.46,2688.67,2688.46,2688.67,53.7833
2026-09-26 15:00:00,2688.66,2689.44,2688.66,2689.42,40.5483
2026-09-26 15:01:00,2689.43,2689.43,2688.71,2688.91,33.3745
2026-09-26 15:02:00,2688.91,2689.26,2688.91,2689.26,22.7524
2026-09-26 15:03:00,2689.25,2689.5,2689.25,2689.49,14.9678
2026-09-26 15:04:00,2689.5,2689.55,2689.49,2689.54,14.6622
2026-09-26 15:05:00,2689.55,2689.73,2689.55,2689.73,52.7771
2026-09-26 15:06:00,2689.72,2689.73,2689.41,2689.42,10.8064
2026-09-26 15:07:00,2689.41,2689.71,2688.99,2689.0,45.7331
2026-09-26 15:08:00,2688.99,2689.0,2688.99,2689.0,9.1865
2026-09-26 15:09:00,2689.0,2689.48,2688.99,2689.48,9.6815
2026-09-26 15:10:00,2689.48,2689.48,2689.47,2689.48,8.4836
2026-09-26 15:11:00,2689.48,2689.49,2689.47,2689.49,19.6165
2026-09-26 15:12:00,2689.49,2689.73,2689.48,2689.72,12.9332
2026-09-26 15:13:00,2689.72,2690.05,2689.49,2689.49,63.3689
2026-09-26 15:14:00,2689.49,2689.49,2689.38,2689.38,29.5062
2026-09-26 15:15:00,2689.38,2689.94,2689.38,2689.93,25.4772
2026-09-26 15:16:00,2689.94,2690.32,2689.93,2690.32,67.9766
2026-09-26 15:17:00,2690.32,2690.32,2690.31,2690.31,17.5206
2026-09-26 15:18:00,2690.31,2690.32,2690.31,2690.31,21.8588
2026-09-26 15:19:00,2690.31,2690.32,2689.89,2689.9,19.6213
2026-09-26 15:20:00,2689.89,2690.44,2689.89,2690.44,59.0713
2026-09-26 15:21:00,2690.43,2690.44,2689.98,2689.98,29.5484
2026-09-26 15:22:00,2689.98,2689.99,2689.54,2689.54,67.7336
2026-09-26 15:23:00,2689.55,2689.55,2689.43,2689.44,13.8785
2026-09-26 15:24:00,2689.44,2690.42,2689.44,2690.42,45.2574
2026-09-26 15:25:00,2690.42,2690.7,2690.33,2690.7,74.416
2026-09-26 15:26:00,2690.69,2690.7,2690.4,2690.41,56.8718
2026-09-26 15:27:00,2690.41,2690.97,2690.4,2690.97,41.0773
2026-09-26 15:28:00,2690.96,2691.0,2690.96,2691.0,52.8983
2026-09-26 15:29:00,2691.0,2691.0,2690.99,2691.0,21.0229
2026-09-26 15:30:00,2690.99,2692.35,2690.99,2692.34,163.9969
2026-09-26 15:31:00,2692.34,2692.62,2691.96,2692.62,59.3654
2026-09-26 15:32:00,2692.62,2695.0,2692.62,2694.67,257.641
2026-09-26 15:33:00,2694.67,2695.42,2694.46,2694.47,278.1375
2026-09-26 15:34:00,2694.47,2694.47,2693.57,2694.22,92.0123
2026-09-26 15:35:00,2694.21,2695.14,2693.36,2695.14,192.7114
2026-09-26 15:36:00,2695.13,2696.0,2695.13,2695.81,114.6328
2026-09-26 15:37:00,2695.81,2695.82,2694.41,2694.42,194.005
2026-09-26 15:38:00,2694.42,2694.68,2693.11,2693.12,50.8117
2026-09-26 15:39:00,2693.12,2693.72,2693.11,2693.72,35.2846
2026-09-26 15:40:00,2693.73,2694.12,2691.23,2691.35,150.5078
2026-09-26 15:41:00,2691.35,2692.69,2691.35,2692.66,50.2641
2026-09-26 15:42:00,2692.66,2692.66,2691.8,2692.13,47.6302
2026-09-26 15:43:00,2692.14,2692.14,2691.95,2691.96,46.4258
2026-09-26 15:44:00,2691.95,2693.38,2691.95,2693.38,53.5971
2026-09-26 15:45:00,2693.38,2693.53,2691.9,2691.9,71.1716
2026-09-26 15:46:00,2691.91,2691.91,2690.97,2690.98,28.592
2026-09-26 15:47:00,2690.98,2690.98,2690.46,2690.56,53.7708
2026-09-26 15:48:00,2690.55,2690.56,2690.31,2690.32,27.4925
2026-09-26 15:49:00,2690.32,2690.32,2690.0,2690.0,52.7265
2026-09-26 15:50:00,2690.0,2690.32,2690.0,2690.32,42.0783
2026-09-26 15:51:00,2690.32,2690.56,2690.18,2690.18,58.3368
2026-09-26 15:52:00,2690.18,2692.75,2690.17,2692.42,158.6241
2026-09-26 15:53:00,2692.42,2693.0,2691.69,2692.01,74.2475
2026-09-26 15:54:00,2692.02,2692.9,2692.01,2692.9,26.2828
2026-09-26 15:55:00,2692.89,2692.9,2692.02,2692.03,41.6866
2026-09-26 15:56:00,2692.03,2692.9,2692.02,2692.9,33.3634
2026-09-26 15:57:00,2692.89,2692.9,2692.89,2692.9,27.8892
2026-09-26 15:58:00,2692.89,2692.9,2692.89,2692.9,16.0288
2026-09-26 15:59:00,2692.9,2692.97,2692.89,2692.97,6.4455
2026-09-26 16:00:00,2692.97,2692.97,2691.85,2691.86,156.2369
2026-09-26 16:01:00,2691.85,2692.5,2691.49,2691.55,51.9251
2026-09-26 16:02:00,2691.55,2691.55,2691.06,2691.29,35.2795
2026-09-26 16:03:00,2691.28,2691.76,2691.28,2691.76,19.6151
2026-09-26 16:04:00,2691.76,2691.95,2691.76,2691.84,37.5972
2026-09-26 16:05:00,2691.83,2691.84,2691.75,2691.76,17.9593
2026-09-26 16:06:00,2691.76,2691.76,2691.63,2691.64,16.1505
2026-09-26 16:07:00,2691.64,2691.64,2691.4,2691.4,25.0972
2026-09-26 16:08:00,2691.41,2692.02,2691.4,2692.02,33.5704
2026-09-26 16:09:00,2692.01,2692.02,2692.01,2692.02,8.7186
2026-09-26 16:10:00,2692.01,2692.02,2691.47,2691.47,17.761
2026-09-26 16:11:00,2691.46,2691.63,2691.31,2691.62,20.7919
2026-09-26 16:12:00,2691.62,2691.63,2691.62,2691.62,7.4941
2026-09-26 16:13:00,2691.63,2691.63,2691.27,2691.28,44.7724
2026-09-26 16:14:00,2691.27,2691.44,2691.27,2691.44,25.2606
2026-09-26 16:15:00,2691.44,2691.44,2691.43,2691.43,4.1717
2026-09-26 16:16:00,2691.44,2691.44,2691.13,2691.14,17.8108
2026-09-26 16:17:00,2691.14,2691.14,2691.02,2691.03,19.2491
2026-09-26 16:18:00,2691.03,2691.58,2691.03,2691.58,16.0466
2026-09-26 16:19:00,2691.58,2691.58,2691.37,2691.37,29.4911
2026-09-26 16:20:00,2691.38,2691.38,2690.46,2690.46,28.3199
2026-09-26 16:21:00,2690.45,2690.45,2689.34,2689.69,32.2655
2026-09-26 16:22:00,2689.69,2690.0,2689.69,2690.0,15.3507
2026-09-26 16:23:00,2690.0,2690.69,2689.99,2690.69,22.6323
2026-09-26 16:24:00,2690.69,2690.69,2690.38,2690.39,30.8305
2026-09-26 16:25:00,2690.38,2690.39,2690.35,2690.36,10.2049
2026-09-26 16:26:00,2690.36,2690.36,2690.31,2690.32,53.723
2026-09-26 16:27:00,2690.31,2690.32,2689.34,2689.35,20.9878
2026-09-26 16:28:00,2689.35,2690.36,2689.34,2690.35,48.271
2026-09-26 16:29:00,2690.36,2690.94,2690.36,2690.92,48.8148
2026-09-26 16:30:00,2690.92,2691.13,2690.92,2691.13,7.5961
2026-09-26 16:31:00,2691.13,2693.3,2691.13,2693.29,91.8224
2026-09-26 16:32:00,2693.3,2694.08,2693.29,2693.92,60.9845
2026-09-26 16:33:00,2693.91,2694.08,2693.91,2694.08,50.8651
2026-09-26 16:34:00,2694.08,2694.08,2694.07,2694.08,34.3649
2026-09-26 16:35:00,2694.08,2694.08,2693.71,2693.72,20.1936
2026-09-26 16:36:00,2693.71,2693.72,2693.23,2693.23,39.0817
2026-09-26 16:37:00,2693.23,2693.3,2693.23,2693.3,8.7633
2026-09-26 16:38:00,2693.29,2693.3,2693.29,2693.29,6.0499
2026-09-26 16:39:00,2693.3,2693.3,2693.29,2693.3,7.7227
2026-09-26 16:40:00,2693.3,2693.3,2693.29,2693.29,10.1964
2026-09-26 16:41:00,2693.29,2693.3,2692.98,2692.99,30.709
2026-09-26 16:42:00,2692.98,2692.99,2692.98,2692.98,3.366
2026-09-26 16:43:00,2692.98,2692.99,2692.98,2692.98,6.5301
2026-09-26 16:44:00,2692.98,2692.99,2692.61,2692.61,21.2008
2026-09-26 16:45:00,2692.61,2692.62,2692.26,2692.27,6.5141
2026-09-26 16:46:00,2692.27,2692.27,2691.97,2692.04,20.8294
2026-09-26 16:47:00,2692.04,2693.06,2692.04,2692.56,78.9194
2026-09-26 16:48:00,2692.57,2692.57,2691.23,2691.23,91.0154
2026-09-26 16:49:00,2691.23,2692.18,2691.23,2692.17,27.2485
2026-09-26 16:50:00,2692.18,2692.2,2691.3,2691.3,40.3734
2026-09-26 16:51:00,2691.31,2691.31,2691.3,2691.3,11.7439
2026-09-26 16:52:00,2691.3,2691.31,2691.2,2691.21,11.5571
2026-09-26 16:53:00,2691.21,2691.45,2691.2,2691.2,19.9662
2026-09-26 16:54:00,2691.2,2691.58,2691.2,2691.58,43.9818
2026-09-26 16:55:00,2691.57,2691.58,2691.28,2691.29,23.7459
2026-09-26 16:56:00,2691.29,2691.29,2690.52,2690.52,540.6238
2026-09-26 16:57:00,2690.53,2691.86,2690.52,2691.85,123.8445
2026-09-26 16:58:00,2691.86,2691.86,2691.41,2691.41,16.7019
2026-09-26 16:59:00,2691.42,2691.58,2691.39,2691.58,19.6645
2026-09-26 17:00:00,2691.59,2691.63,2691.05,2691.18,47.2449
2026-09-26 17:01:00,2691.18,2691.8,2691.17,2691.8,30.2181
2026-09-26 17:02:00,2691.79,2691.8,2691.45,2691.46,29.044
2026-09-26 17:03:00,2691.46,2691.46,2690.36,2690.36,28.0926
2026-09-26 17:04:00,2690.37,2690.37,2689.87,2689.96,83.486
2026-09-26 17:05:00,2689.96,2689.96,2689.54,2689.55,8.146
2026-09-26 17:06:00,2689.54,2689.54,2688.57,2688.75,108.8068
2026-09-26 17:07:00,2688.74,2688.75,2687.51,2687.52,80.4755
2026-09-26 17:08:00,2687.51,2689.11,2687.51,2689.1,59.3952
2026-09-26 17:09:00,2689.11,2689.11,2688.97,2688.98,18.8898
2026-09-26 17:10:00,2688.97,2688.97,2687.99,2688.1,34.692
2026-09-26 17:11:00,2688.1,2688.1,2687.75,2687.97,36.0238
2026-09-26 17:12:00,2687.98,2688.56,2687.98,2688.55,31.7778
2026-09-26 17:13:00,2688.56,2688.85,2688.46,2688.46,41.1061
2026-09-26 17:14:00,2688.46,2688.47,2688.27,2688.27,12.0678
2026-09-26 17:15:00,2688.27,2688.27,2687.51,2687.62,22.441
2026-09-26 17:16:00,2687.63,2687.63,2687.51,2687.51,10.9597
2026-09-26 17:17:00,2687.51,2687.84,2687.51,2687.57,22.1948
2026-09-26 17:18:00,2687.57,2687.62,2687.57,2687.61,18.2627
2026-09-26 17:19:00,2687.62,2687.62,2686.95,2687.51,80.0646
2026-09-26 17:20:00,2687.52,2687.84,2687.51,2687.84,16.6929
2026-09-26 17:21:00,2687.83,2687.84,2687.21,2687.22,45.0495
2026-09-26 17:22:00,2687.21,2687.67,2686.95,2687.67,29.4899
2026-09-26 17:23:00,2687.67,2688.04,2687.66,2687.86,87.9414
2026-09-26 17:24:00,2687.86,2687.9,2687.5,2687.51,167.6151
2026-09-26 17:25:00,2687.51,2688.16,2687.5,2688.15,84.7399
2026-09-26 17:26:00,2688.16,2689.1,2688.16,2689.01,165.547
2026-09-26 17:27:00,2689.0,2689.01,2689.0,2689.0,6.1214
2026-09-26 17:28:00,2689.0,2689.01,2688.89,2688.91,57.3707
2026-09-26 17:29:00,2688.92,2688.92,2688.1,2688.15,42.8534
2026-09-26 17:30:00,2688.15,2688.9,2688.15,2688.72,43.6334
2026-09-26 17:31:00,2688.71,2688.72,2688.38,2688.38,10.8007
2026-09-26 17:32:00,2688.39,2688.59,2688.38,2688.59,43.0559
2026-09-26 17:33:00,2688.58,2688.75,2688.58,2688.74,43.4632
2026-09-26 17:34:00,2688.75,2688.75,2687.7,2687.7,38.2255
2026-09-26 17:35:00,2687.71,2688.45,2687.62,2688.28,80.5099
2026-09-26 17:36:00,2688.28,2688.92,2688.28,2688.91,9.4571
2026-09-26 17:37:00,2688.92,2689.07,2688.92,2689.06,11.7707
2026-09-26 17:38:00,2689.07,2689.07,2688.85,2688.86,10.3325
2026-09-26 17:39:00,2688.86,2689.11,2688.75,2689.11,36.356
2026-09-26 17:40:00,2689.12,2689.33,2688.03,2688.41,76.8771
2026-09-26 17:41:00,2688.41,2688.42,2687.64,2687.65,69.1126
2026-09-26 17:42:00,2687.65,2688.42,2687.65,2688.42,23.7343
2026-09-26 17:43:00,2688.41,2688.46,2688.41,2688.45,11.1309
2026-09-26 17:44:00,2688.45,2689.7,2688.45,2689.7,62.1688
2026-09-26 17:45:00,2689.69,2689.7,2689.65,2689.66,15.9012
2026-09-26 17:46:00,2689.65,2689.66,2689.65,2689.66,9.699
2026-09-26 17:47:00,2689.65,2690.32,2689.65,2690.32,26.0469
2026-09-26 17:48:00,2690.32,2690.68,2690.31,2690.68,27.2608
2026-09-26 17:49:00,2690.68,2690.72,2689.62,2689.62,146.0771
2026-09-26 17:50:00,2689.61,2689.62,2689.32,2689.32,15.5054
2026-09-26 17:51:00,2689.31,2689.31,2688.83,2688.84,64.2881
2026-09-26 17:52:00,2688.84,2689.39,2688.84,2689.38,58.9562
2026-09-26 17:53:00,2689.38,2689.39,2689.38,2689.39,5.8402
2026-09-26 17:54:00,2689.38,2689.39,2689.22,2689.23,30.0587
2026-09-26 17:55:00,2689.22,2689.23,2689.22,2689.23,3.2162
2026-09-26 17:56:00,2689.23,2690.76,2689.22,2690.76,83.8527
2026-09-26 17:57:00,2690.76,2690.76,2690.11,2690.11,32.8601
2026-09-26 17:58:00,2690.12,2690.12,2690.07,2690.07,9.2666
2026-09-26 17:59:00,2690.07,2690.57,2690.07,2690.57,29.3452
2026-09-26 18:00:00,2690.56,2690.56,2689.29,2689.3,38.4405
2026-09-26 18:01:00,2689.3,2689.3,2689.08,2689.08,16.4196
2026-09-26 18:02:00,2689.07,2689.99,2689.07,2689.99,31.5107
2026-09-26 18:03:00,2689.99,2691.0,2689.98,2690.97,70.6257
2026-09-26 18:04:00,2690.96,2691.04,2690.86,2690.86,26.7111
2026-09-26 18:05:00,2690.86,2690.86,2690.64,2690.65,16.4565
2026-09-26 18:06:00,2690.65,2691.01,2690.6,2690.61,21.4136
2026-09-26 18:07:00,2690.61,2690.61,2689.04,2689.05,21.0348
2026-09-26 18:08:00,2689.05,2689.05,2688.85,2688.85,20.7297
2026-09-26 18:09:00,2688.86,2688.86,2688.85,2688.86,13.9691
2026-09-26 18:10:00,2688.86,2688.86,2688.85,2688.86,27.5033
2026-09-26 18:11:00,2688.86,2688.86,2688.46,2688.46,11.008
2026-09-26 18:12:00,2688.47,2689.05,2688.46,2689.04,31.2668
2026-09-26 18:13:00,2689.05,2689.14,2689.04,2689.08,14.8074
2026-09-26 18:14:00,2689.08,2689.09,2688.04,2688.04,17.903
2026-09-26 18:15:00,2688.05,2688.05,2687.6,2687.61,9.2517
2026-09-26 18:16:00,2687.61,2687.61,2687.58,2687.59,20.3402
2026-09-26 18:17:00,2687.59,2687.59,2687.58,2687.59,4.9818
2026-09-26 18:18:00,2687.58,2688.14,2687.58,2688.02,19.731
2026-09-26 18:19:00,2688.02,2688.13,2687.69,2687.69,57.7809
2026-09-26 18:20:00,2687.69,2687.7,2687.61,2687.62,10.1429
2026-09-26 18:21:00,2687.61,2688.39,2687.61,2688.34,37.2176
2026-09-26 18:22:00,2688.33,2689.17,2688.33,2688.73,20.0797
2026-09-26 18:23:00,2688.73,2688.73,2688.19,2688.19,12.684
2026-09-26 18:24:00,2688.2,2688.2,2688.03,2688.04,3.7519
2026-09-26 18:25:00,2688.03,2688.04,2687.64,2687.89,32.2519
2026-09-26 18:26:00,2687.9,2688.01,2687.89,2688.0,19.4298
2026-09-26 18:27:00,2688.01,2688.45,2688.0,2688.45,14.6784
2026-09-26 18:28:00,2688.45,2688.45,2688.43,2688.43,6.1621
2026-09-26 18:29:00,2688.44,2688.44,2688.22,2688.23,22.5361
2026-09-26 18:30:00,2688.22,2688.23,2688.17,2688.18,9.8366
2026-09-26 18:31:00,2688.17,2688.18,2688.17,2688.18,6.8574
2026-09-26 18:32:00,2688.17,2688.23,2688.17,2688.23,37.0818
2026-09-26 18:33:00,2688.23,2688.86,2688.07,2688.75,208.3952
2026-09-26 18:34:00,2688.77,2688.77,2687.67,2687.68,23.86
2026-09-26 18:35:00,2687.68,2688.09,2687.68,2687.78,20.4529
2026-09-26 18:36:00,2687.78,2687.78,2687.05,2687.06,23.5376
2026-09-26 18:37:00,2687.05,2687.05,2686.76,2686.77,18.2091
2026-09-26 18:38:00,2686.77,2686.77,2686.4,2686.4,25.1237
2026-09-26 18:39:00,2686.4,2686.5,2686.3,2686.3,22.761
2026-09-26 18:40:00,2686.3,2686.3,2685.82,2685.82,26.8123
2026-09-26 18:41:00,2685.82,2685.87,2685.82,2685.83,31.1599
2026-09-26 18:42:00,2685.82,2685.83,2685.82,2685.82,22.2753
2026-09-26 18:43:00,2685.83,2685.83,2685.82,2685.83,5.9312
2026-09-26 18:44:00,2685.83,2685.83,2684.27,2684.47,70.9288
2026-09-26 18:45:00,2684.46,2684.52,2683.56,2683.86,139.3395
2026-09-26 18:46:00,2683.86,2684.19,2683.86,2684.18,28.5088
2026-09-26 18:47:00,2684.19,2684.53,2683.73,2683.74,43.6664
2026-09-26 18:48:00,2683.74,2684.13,2683.73,2684.12,17.9148
2026-09-26 18:49:00,2684.12,2684.44,2684.12,2684.38,34.0956
2026-09-26 18:50:00,2684.38,2684.38,2684.37,2684.38,9.053
2026-09-26 18:51:00,2684.37,2685.02,2683.73,2684.83,115.8032
2026-09-26 18:52:00,2684.83,2684.83,2684.52,2684.53,21.0385
2026-09-26 18:53:00,2684.53,2684.83,2684.52,2684.83,9.7911
2026-09-26 18:54:00,2684.83,2685.09,2684.83,2685.09,150.2397
2026-09-26 18:55:00,2685.09,2685.41,2685.09,2685.38,8.0709
2026-09-26 18:56:00,2685.38,2685.39,2685.33,2685.34,11.8434
2026-09-26 18:57:00,2685.33,2685.34,2685.0,2685.0,13.171
2026-09-26 18:58:00,2685.0,2685.01,2685.0,2685.0,4.9069
2026-09-26 18:59:00,2685.0,2685.01,2685.0,2685.01,3.0165
2026-09-26 19:00:00,2685.0,2685.38,2685.0,2685.37,26.9658
2026-09-26 19:01:00,2685.38,2686.02,2685.38,2686.01,23.2135
2026-09-26 19:02:00,2686.02,2686.64,2686.01,2686.64,26.097
2026-09-26 19:03:00,2686.63,2686.64,2686.28,2686.28,36.4778
2026-09-26 19:04:00,2686.29,2686.29,2686.28,2686.28,36.8758
2026-09-26 19:05:00,2686.28,2686.29,2686.28,2686.29,21.7315
2026-09-26 19:06:00,2686.28,2686.29,2686.28,2686.28,11.6531
2026-09-26 19:07:00,2686.29,2686.29,2686.0,2686.0,41.5445
2026-09-26 19:08:00,2686.0,2686.01,2686.0,2686.01,6.6736
2026-09-26 19:09:00,2686.0,2686.01,2686.0,2686.0,10.9008
2026-09-26 19:10:00,2686.01,2686.01,2685.98,2685.99,31.5273
2026-09-26 19:11:00,2685.98,2685.99,2685.91,2685.91,7.4164
2026-09-26 19:12:00,2685.91,2685.92,2685.91,2685.92,13.295
2026-09-26 19:13:00,2685.92,2685.92,2685.91,2685.92,39.3866
2026-09-26 19:14:00,2685.92,2685.92,2685.91,2685.92,5.8124
2026-09-26 19:15:00,2685.92,2685.92,2685.91,2685.91,1.6914
2026-09-26 19:16:00,2685.92,2685.92,2685.91,2685.92,7.3571
2026-09-26 19:17:00,2685.91,2685.92,2685.91,2685.92,11.3679
2026-09-26 19:18:00,2685.92,2685.92,2685.89,2685.9,7.9755
2026-09-26 19:19:00,2685.9,2685.9,2685.56,2685.57,11.9472
2026-09-26 19:20:00,2685.57,2685.57,2683.78,2683.78,19.0184
2026-09-26 19:21:00,2683.78,2684.05,2683.77,2684.05,57.0239
2026-09-26 19:22:00,2684.05,2684.13,2684.04,2684.13,21.5367
2026-09-26 19:23:00,2684.13,2684.14,2684.13,2684.14,12.2509
2026-09-26 19:24:00,2684.14,2684.54,2684.13,2684.54,17.3542
2026-09-26 19:25:00,2684.54,2684.64,2684.53,2684.64,45.8376
2026-09-26 19:26:00,2684.65,2684.65,2684.37,2684.37,15.1904
2026-09-26 19:27:00,2684.37,2684.37,2684.36,2684.37,13.9767
2026-09-26 19:28:00,2684.37,2684.37,2684.36,2684.37,9.4323
2026-09-26 19:29:00,2684.36,2684.37,2683.52,2683.52,50.1852
2026-09-26 19:30:00,2683.52,2683.52,2683.01,2683.41,52.6397
2026-09-26 19:31:00,2683.42,2683.61,2683.42,2683.61,24.1681
2026-09-26 19:32:00,2683.61,2683.61,2683.42,2683.43,15.8717
2026-09-26 19:33:00,2683.42,2683.43,2683.42,2683.43,12.21
2026-09-26 19:34:00,2683.42,2683.73,2683.42,2683.73,24.5233
2026-09-26 19:35:00,2683.72,2684.33,2683.72,2684.32,10.0453
2026-09-26 19:36:00,2684.33,2684.33,2683.92,2683.93,28.5653
2026-09-26 19:37:00,2683.93,2683.93,2683.65,2683.65,38.2561
2026-09-26 19:38:00,2683.66,2683.66,2683.0,2683.01,53.991
2026-09-26 19:39:00,2683.0,2683.01,2683.0,2683.01,55.6034
2026-09-26 19:40:00,2683.01,2683.2,2683.0,2683.01,176.8816
2026-09-26 19:41:00,2683.0,2683.08,2683.0,2683.07,28.5107
2026-09-26 19:42:00,2683.08,2683.08,2682.15,2682.81,130.5725
2026-09-26 19:43:00,2682.82,2683.13,2682.81,2683.13,10.4315
2026-09-26 19:44:00,2683.12,2683.31,2683.12,2683.31,8.773
2026-09-26 19:45:00,2683.3,2683.31,2683.3,2683.3,9.5111
2026-09-26 19:46:00,2683.31,2683.31,2683.3,2683.3,5.9533
2026-09-26 19:47:00,2683.31,2683.58,2683.3,2683.58,31.3403
2026-09-26 19:48:00,2683.58,2683.99,2683.58,2683.98,27.9231
2026-09-26 19:49:00,2683.99,2684.37,2683.98,2684.36,27.1793
2026-09-26 19:50:00,2684.37,2684.37,2683.73,2683.73,25.4289
2026-09-26 19:51:00,2683.73,2683.74,2683.73,2683.74,9.6933
2026-09-26 19:52:00,2683.74,2684.24,2683.41,2684.23,29.3073
2026-09-26 19:53:00,2684.23,2684.23,2683.8,2684.19,32.1569
2026-09-26 19:54:00,2684.2,2684.2,2684.19,2684.2,23.0881
2026-09-26 19:55:00,2684.19,2684.23,2684.19,2684.23,35.6858
2026-09-26 19:56:00,2684.24,2684.24,2684.23,2684.24,24.0264
2026-09-26 19:57:00,2684.24,2684.24,2684.23,2684.24,25.7566
2026-09-26 19:58:00,2684.24,2684.63,2684.23,2684.63,32.4148
2026-09-26 19:59:00,2684.63,2684.64,2684.62,2684.64,30.2333
2026-09-26 20:00:00,2684.63,2684.65,2684.02,2684.03,43.5611
2026-09-26 20:01:00,2684.02,2684.02,2683.6,2683.61,51.6204
2026-09-26 20:02:00,2683.61,2684.51,2683.61,2684.51,26.4152
2026-09-26 20:03:00,2684.51,2684.93,2684.51,2684.93,29.0137
2026-09-26 20:04:00,2684.93,2684.93,2684.2,2684.21,44.5001
2026-09-26 20:05:00,2684.2,2684.64,2684.2,2684.64,24.0414
2026-09-26 20:06:00,2684.64,2685.47,2684.64,2684.7,60.7115
2026-09-26 20:07:00,2684.7,2684.7,2684.19,2684.61,74.3937
2026-09-26 20:08:00,2684.61,2684.61,2683.86,2683.9,35.782
2026-09-26 20:09:00,2683.89,2683.9,2681.59,2681.91,193.4267
2026-09-26 20:10:00,2681.91,2682.83,2681.9,2682.66,44.2147
2026-09-26 20:11:00,2682.66,2684.3,2682.66,2683.06,401.4913
2026-09-26 20:12:00,2683.07,2683.13,2682.66,2682.66,45.5762
2026-09-26 20:13:00,2682.67,2682.67,2681.64,2682.15,113.8294
2026-09-26 20:14:00,2682.16,2682.16,2681.75,2681.98,90.6694
2026-09-26 20:15:00,2681.98,2682.81,2681.97,2682.45,88.5692
2026-09-26 20:16:00,2682.45,2682.45,2682.44,2682.45,26.3367
2026-09-26 20:17:00,2682.45,2682.8,2682.45,2682.8,34.9829
2026-09-26 20:18:00,2682.79,2683.07,2682.79,2682.85,32.0093
2026-09-26 20:19:00,2682.86,2682.86,2682.7,2682.71,25.5265
2026-09-26 20:20:00,2682.71,2682.71,2682.4,2682.69,29.7563
2026-09-26 20:21:00,2682.7,2682.7,2682.47,2682.48,29.5026
2026-09-26 20:22:00,2682.47,2683.04,2682.47,2683.03,59.9552
2026-09-26 20:23:00,2683.03,2683.11,2683.03,2683.1,27.8855
2026-09-26 20:24:00,2683.11,2683.12,2683.11,2683.12,11.3174
2026-09-26 20:25:00,2683.11,2684.07,2683.11,2683.96,41.3129
2026-09-26 20:26:00,2683.97,2683.97,2683.77,2683.78,87.1139
2026-09-26 20:27:00,2683.78,2683.78,2683.57,2683.57,18.1847
2026-09-26 20:28:00,2683.58,2684.74,2683.57,2684.74,72.1512
2026-09-26 20:29:00,2684.74,2684.74,2684.43,2684.51,40.6583
2026-09-26 20:30:00,2684.51,2684.51,2684.05,2684.05,17.2884
2026-09-26 20:31:00,2684.06,2684.15,2684.05,2684.14,29.9741
2026-09-26 20:32:00,2684.15,2684.15,2684.05,2684.06,20.5415
2026-09-26 20:33:00,2684.06,2684.56,2684.06,2684.55,58.538
2026-09-26 20:34:00,2684.55,2684.55,2684.54,2684.55,13.1468
2026-09-26 20:35:00,2684.54,2684.55,2684.05,2684.06,22.3818
2026-09-26 20:36:00,2684.06,2684.06,2684.05,2684.05,6.7365
2026-09-26 20:37:00,2684.06,2684.06,2683.91,2683.91,13.5333
2026-09-26 20:38:00,2683.92,2683.92,2683.0,2683.0,23.0541
2026-09-26 20:39:00,2683.01,2683.01,2675.0,2675.0,982.8157
2026-09-26 20:40:00,2675.01,2676.23,2671.42,2672.45,794.1535
2026-09-26 20:41:00,2672.45,2672.93,2667.79,2672.93,904.4097
2026-09-26 20:42:00,2672.93,2672.93,2670.76,2672.22,195.0827
2026-09-26 20:43:00,2672.22,2672.54,2669.99,2670.98,314.8362
2026-09-26 20:44:00,2670.98,2671.69,2670.49,2671.69,150.6703
2026-09-26 20:45:00,2671.7,2674.32,2671.7,2673.44,358.9724
2026-09-26 20:46:00,2673.44,2674.68,2673.43,2673.99,79.6048
2026-09-26 20:47:00,2673.99,2673.99,2664.79,2666.94,1373.1511
2026-09-26 20:48:00,2666.94,2668.07,2666.3,2667.82,276.8894
2026-09-26 20:49:00,2667.84,2668.03,2666.17,2666.17,134.8958
2026-09-26 20:50:00,2666.16,2670.53,2665.65,2670.52,165.2192
2026-09-26 20:51:00,2670.52,2672.8,2670.31,2672.8,197.5651
2026-09-26 20:52:00,2672.8,2673.19,2672.8,2673.07,87.6015
2026-09-26 20:53:00,2673.07,2674.08,2673.06,2674.08,24.6603
2026-09-26 20:54:00,2674.08,2674.67,2674.0,2674.67,80.9506
2026-09-26 20:55:00,2674.67,2676.36,2674.67,2676.2,89.278
2026-09-26 20:56:00,2676.19,2677.24,2676.05,2677.23,111.8212
2026-09-26 20:57:00,2677.23,2677.24,2676.05,2676.99,37.4318
2026-09-26 20:58:00,2676.99,2677.24,2676.99,2677.23,21.1999
2026-09-26 20:59:00,2677.23,2677.23,2676.87,2676.87,21.7976
2026-09-26 21:00:00,2676.87,2676.87,2676.24,2676.44,18.3945
2026-09-26 21:01:00,2676.44,2676.59,2676.06,2676.59,35.1876
2026-09-26 21:02:00,2676.58,2677.33,2676.58,2677.33,41.6865
2026-09-26 21:03:00,2677.33,2677.37,2677.24,2677.3,30.9325
2026-09-26 21:04:00,2677.31,2679.99,2677.31,2679.44,379.2715
2026-09-26 21:05:00,2679.44,2679.89,2678.64,2678.87,104.2118
2026-09-26 21:06:00,2678.88,2679.19,2678.87,2679.19,18.9956
2026-09-26 21:07:00,2679.19,2679.19,2678.19,2678.47,48.9991
2026-09-26 21:08:00,2678.46,2678.64,2678.31,2678.63,13.6202
2026-09-26 21:09:00,2678.64,2678.72,2678.62,2678.62,15.3488
2026-09-26 21:10:00,2678.62,2678.63,2678.62,2678.62,37.2653
2026-09-26 21:11:00,2678.62,2679.51,2678.62,2679.5,105.8796
2026-09-26 21:12:00,2679.49,2680.67,2679.49,2680.67,44.9662
2026-09-26 21:13:00,2680.66,2680.67,2680.22,2680.22,93.5075
2026-09-26 21:14:00,2680.23,2681.57,2680.14,2681.27,56.1387
2026-09-26 21:15:00,2681.27,2681.28,2681.26,2681.26,11.5598
2026-09-26 21:16:00,2681.27,2681.7,2681.2,2681.69,16.8378
2026-09-26 21:17:00,2681.69,2682.13,2681.69,2681.84,60.6101
2026-09-26 21:18:00,2681.84,2682.64,2681.84,2682.63,38.4147
2026-09-26 21:19:00,2682.63,2683.33,2682.63,2683.15,61.7875
2026-09-26 21:20:00,2683.15,2683.15,2682.25,2682.56,44.6396
2026-09-26 21:21:00,2682.56,2682.71,2681.83,2681.84,15.1997
2026-09-26 21:22:00,2681.83,2682.44,2681.83,2682.44,36.7431
2026-09-26 21:23:00,2682.43,2683.33,2682.21,2682.21,84.0545
2026-09-26 21:24:00,2682.2,2682.95,2682.2,2682.95,19.7072
2026-09-26 21:25:00,2682.95,2683.47,2682.95,2683.46,24.7538
2026-09-26 21:26:00,2683.46,2683.47,2683.46,2683.47,20.133
2026-09-26 21:27:00,2683.47,2687.0,2683.46,2686.48,277.7936
2026-09-26 21:28:00,2686.48,2687.75,2686.47,2687.19,165.0028
2026-09-26 21:29:00,2687.19,2688.0,2687.19,2687.86,102.721
2026-09-26 21:30:00,2687.87,2689.14,2686.69,2686.69,73.2554
2026-09-26 21:31:00,2686.69,2686.69,2685.89,2686.45,43.8657
2026-09-26 21:32:00,2686.45,2687.05,2686.45,2687.05,23.9661
2026-09-26 21:33:00,2687.07,2687.37,2687.06,2687.06,43.2287
2026-09-26 21:34:00,2687.07,2693.77,2687.06,2693.55,652.0649
2026-09-26 21:35:00,2693.47,2693.47,2690.06,2690.07,325.3283
2026-09-26 21:36:00,2690.06,2690.06,2688.79,2688.79,32.4669
2026-09-26 21:37:00,2688.8,2688.8,2688.5,2688.51,4.8032
2026-09-26 21:38:00,2688.51,2688.53,2687.8,2687.8,41.1609
2026-09-26 21:39:00,2687.79,2687.8,2686.95,2686.95,22.6078
2026-09-26 21:40:00,2686.94,2686.94,2686.47,2686.47,46.27
2026-09-26 21:41:00,2686.48,2686.95,2686.48,2686.94,32.7016
2026-09-26 21:42:00,2686.94,2686.95,2686.94,2686.95,13.8686
2026-09-26 21:43:00,2686.95,2687.46,2686.42,2686.44,115.8093
2026-09-26 21:44:00,2686.44,2686.64,2686.26,2686.27,47.8941
2026-09-26 21:45:00,2686.26,2686.27,2684.92,2685.43,68.1433
2026-09-26 21:46:00,2685.43,2685.89,2685.43,2685.54,93.7907
2026-09-26 21:47:00,2685.53,2685.54,2684.92,2684.98,18.1504
2026-09-26 21:48:00,2684.97,2684.98,2684.92,2684.92,34.3049
2026-09-26 21:49:00,2684.92,2686.05,2684.8,2684.81,40.3445
2026-09-26 21:50:00,2684.8,2684.8,2684.01,2684.01,17.4766
2026-09-26 21:51:00,2684.02,2684.63,2684.01,2684.63,18.4074
2026-09-26 21:52:00,2684.62,2685.9,2684.62,2685.51,48.3196
2026-09-26 21:53:00,2685.5,2685.5,2684.56,2685.43,32.178
2026-09-26 21:54:00,2685.42,2685.43,2684.89,2684.9,22.9539
2026-09-26 21:55:00,2684.9,2684.9,2684.55,2684.55,30.0469
2026-09-26 21:56:00,2684.56,2685.2,2684.32,2685.19,41.0738
2026-09-26 21:57:00,2685.2,2685.97,2685.2,2685.96,27.9161
2026-09-26 21:58:00,2685.97,2686.59,2685.97,2686.24,102.471
2026-09-26 21:59:00,2686.23,2686.32,2686.1,2686.31,11.3559
2026-09-26 22:00:00,2686.32,2686.78,2685.92,2686.78,22.6099
2026-09-26 22:01:00,2686.77,2688.0,2686.77,2687.6,37.0275
2026-09-26 22:02:00,2687.6,2687.6,2685.05,2685.71,100.4014
2026-09-26 22:03:00,2685.7,2686.8,2684.43,2686.55,56.7068
2026-09-26 22:04:00,2686.56,2688.13,2686.46,2688.06,64.266
2026-09-26 22:05:00,2688.07,2689.89,2688.07,2689.49,89.2578
2026-09-26 22:06:00,2689.49,2692.82,2689.07,2689.38,315.0464
2026-09-26 22:07:00,2689.38,2689.38,2688.48,2688.51,16.8249
2026-09-26 22:08:00,2688.5,2689.22,2688.5,2688.83,20.3938
2026-09-26 22:09:00,2688.83,2689.22,2688.38,2689.21,33.4245
2026-09-26 22:10:00,2689.22,2689.51,2688.86,2688.86,22.1126
2026-09-26 22:11:00,2688.87,2690.08,2688.87,2690.08,35.7881
2026-09-26 22:12:00,2690.08,2690.86,2690.01,2690.39,47.4348
2026-09-26 22:13:00,2690.39,2690.57,2690.04,2690.04,33.4344
2026-09-26 22:14:00,2690.03,2690.12,2689.42,2690.12,29.5206
2026-09-26 22:15:00,2690.12,2690.35,2690.12,2690.16,17.6011
2026-09-26 22:16:00,2690.17,2690.17,2689.78,2689.78,135.6126
2026-09-26 22:17:00,2689.77,2689.78,2688.08,2688.57,83.6288
2026-09-26 22:18:00,2688.57,2689.02,2688.28,2688.28,70.107
2026-09-26 22:19:00,2688.27,2688.4,2688.1,2688.39,9.5595
2026-09-26 22:20:00,2688.39,2688.4,2687.43,2687.79,45.3508
2026-09-26 22:21:00,2687.79,2687.85,2687.79,2687.85,5.6908
2026-09-26 22:22:00,2687.84,2688.03,2687.84,2688.02,4.4468
2026-09-26 22:23:00,2688.03,2688.99,2688.02,2688.72,38.6217
2026-09-26 22:24:00,2688.73,2690.32,2688.72,2689.84,65.4436
2026-09-26 22:25:00,2689.84,2689.84,2689.09,2689.22,49.415
2026-09-26 22:26:00,2689.23,2689.71,2689.16,2689.16,32.5419
2026-09-26 22:27:00,2689.16,2689.17,2688.77,2688.77,16.5514
2026-09-26 22:28:00,2688.78,2690.32,2688.78,2690.31,96.4414
2026-09-26 22:29:00,2690.32,2690.5,2690.09,2690.09,14.9919
2026-09-26 22:30:00,2690.08,2690.08,2689.06,2689.75,42.3715
2026-09-26 22:31:00,2689.75,2689.9,2688.71,2688.72,18.7709
2026-09-26 22:32:00,2688.71,2689.39,2688.71,2689.29,21.7599
2026-09-26 22:33:00,2689.29,2689.29,2688.32,2688.33,19.1605
2026-09-26 22:34:00,2688.33,2688.95,2688.32,2688.5,62.1667
2026-09-26 22:35:00,2688.51,2688.83,2688.35,2688.83,17.1336
2026-09-26 22:36:00,2688.83,2688.83,2687.34,2687.9,379.3646
2026-09-26 22:37:00,2687.9,2687.9,2687.69,2687.76,9.3865
2026-09-26 22:38:00,2687.76,2687.76,2687.59,2687.6,4.293
2026-09-26 22:39:00,2687.6,2687.75,2687.59,2687.75,36.8233
2026-09-26 22:40:00,2687.76,2687.76,2687.3,2687.3,4.2934
2026-09-26 22:41:00,2687.29,2687.3,2687.29,2687.3,9.3995
2026-09-26 22:42:00,2687.3,2687.82,2687.29,2687.82,8.4423
2026-09-26 22:43:00,2687.82,2687.98,2687.81,2687.97,9.637
2026-09-26 22:44:00,2687.98,2687.98,2687.15,2687.15,18.9241
2026-09-26 22:45:00,2687.14,2687.5,2687.14,2687.49,23.4611
2026-09-26 22:46:00,2687.5,2687.5,2687.39,2687.43,5.0039
2026-09-26 22:47:00,2687.44,2687.61,2687.43,2687.6,4.0171
2026-09-26 22:48:00,2687.61,2688.05,2687.6,2688.05,6.9531
2026-09-26 22:49:00,2688.04,2688.5,2688.04,2688.5,11.6256
2026-09-26 22:50:00,2688.5,2688.7,2688.49,2688.69,7.3397
2026-09-26 22:51:00,2688.7,2690.24,2688.69,2690.09,36.9797
2026-09-26 22:52:00,2690.1,2690.32,2690.09,2690.32,13.8375
2026-09-26 22:53:00,2690.32,2690.59,2690.32,2690.59,29.2202
2026-09-26 22:54:00,2690.59,2690.59,2688.99,2688.99,39.9301
2026-09-26 22:55:00,2688.98,2689.27,2688.54,2689.27,51.913
2026-09-26 22:56:00,2689.27,2689.58,2688.92,2688.92,44.1955
2026-09-26 22:57:00,2688.93,2689.23,2688.68,2688.68,26.5772
2026-09-26 22:58:00,2688.67,2688.68,2688.67,2688.67,4.4972
2026-09-26 22:59:00,2688.67,2688.85,2688.67,2688.85,13.5219
2026-09-26 23:00:00,2688.85,2689.84,2688.84,2689.84,32.48
2026-09-26 23:01:00,2689.84,2691.0,2689.84,2691.0,5.8462
2026-09-26 23:02:00,2691.0,2691.39,2690.82,2691.39,48.8568
2026-09-26 23:03:00,2691.38,2693.41,2691.38,2691.99,237.7974
2026-09-26 23:04:00,2692.0,2692.39,2691.59,2692.39,33.3648
2026-09-26 23:05:00,2692.39,2692.39,2691.0,2691.82,51.972
2026-09-26 23:06:00,2691.82,2691.83,2691.82,2691.82,11.2297
2026-09-26 23:07:00,2691.83,2692.0,2691.82,2691.99,23.0218
2026-09-26 23:08:00,2692.0,2692.19,2691.99,2692.19,18.3031
2026-09-26 23:09:00,2692.2,2692.72,2692.2,2692.72,21.2347
2026-09-26 23:10:00,2692.71,2693.45,2692.71,2693.13,57.4445
2026-09-26 23:11:00,2693.13,2693.33,2692.86,2693.32,44.1704
2026-09-26 23:12:00,2693.33,2693.33,2692.96,2693.08,24.1647
2026-09-26 23:13:00,2693.08,2693.19,2693.07,2693.18,53.8387
2026-09-26 23:14:00,2693.18,2693.3,2693.18,2693.3,20.0398
2026-09-26 23:15:00,2693.3,2695.34,2693.3,2694.01,455.611
2026-09-26 23:16:00,2694.0,2694.01,2693.29,2693.47,59.0655
2026-09-26 23:17:00,2693.47,2694.19,2693.14,2693.46,155.0389
2026-09-26 23:18:00,2693.47,2693.92,2693.33,2693.33,63.3015
2026-09-26 23:19:00,2693.33,2694.24,2693.23,2694.23,66.1715
2026-09-26 23:20:00,2694.23,2694.76,2694.23,2694.76,47.9038
2026-09-26 23:21:00,2694.76,2695.22,2694.75,2694.81,46.2782
2026-09-26 23:22:00,2694.81,2694.81,2694.19,2694.4,104.2762
2026-09-26 23:23:00,2694.39,2694.44,2694.11,2694.11,50.0104
2026-09-26 23:24:00,2694.11,2694.12,2694.11,2694.11,23.2418
2026-09-26 23:25:00,2694.12,2694.55,2694.12,2694.29,59.2847
2026-09-26 23:26:00,2694.29,2694.29,2693.79,2693.79,17.9794
2026-09-26 23:27:00,2693.8,2693.94,2693.79,2693.93,22.8869
2026-09-26 23:28:00,2693.94,2694.28,2693.64,2693.74,91.8509
2026-09-26 23:29:00,2693.74,2694.46,2693.7,2694.11,108.1257
2026-09-26 23:30:00,2694.11,2694.47,2694.11,2694.42,28.389
2026-09-26 23:31:00,2694.42,2694.57,2694.11,2694.12,37.2273
2026-09-26 23:32:00,2694.11,2694.76,2694.11,2694.76,47.8932
2026-09-26 23:33:00,2694.77,2696.0,2694.76,2696.0,74.8493
2026-09-26 23:34:00,2696.0,2696.26,2695.99,2695.99,141.5915
2026-09-26 23:35:00,2696.0,2696.08,2695.99,2696.08,41.5046
2026-09-26 23:36:00,2696.07,2696.08,2695.19,2695.19,25.7969
2026-09-26 23:37:00,2695.18,2695.18,2694.68,2694.69,27.0359
2026-09-26 23:38:00,2694.7,2695.23,2694.69,2695.23,43.1805
2026-09-26 23:39:00,2695.23,2695.81,2694.88,2695.36,671.8024
2026-09-26 23:40:00,2695.36,2695.61,2695.35,2695.57,10.7795
2026-09-26 23:41:00,2695.56,2695.57,2694.56,2694.57,26.2184
2026-09-26 23:42:00,2694.56,2694.57,2693.93,2693.93,37.0713
2026-09-26 23:43:00,2693.92,2693.92,2693.4,2693.4,32.1054
2026-09-26 23:44:00,2693.4,2693.41,2693.4,2693.41,9.3983
2026-09-26 23:45:00,2693.41,2694.19,2693.4,2694.19,36.6806
2026-09-26 23:46:00,2694.18,2694.6,2694.18,2694.59,11.9652
2026-09-26 23:47:00,2694.6,2694.6,2694.59,2694.59,13.1658
2026-09-26 23:48:00,2694.59,2695.6,2694.59,2695.6,61.015
2026-09-26 23:49:00,2695.59,2695.6,2695.59,2695.59,5.7374
2026-09-26 23:50:00,2695.59,2695.61,2695.32,2695.61,16.6068
2026-09-26 23:51:00,2695.61,2696.0,2695.6,2695.99,131.9777
2026-09-26 23:52:00,2695.99,2695.99,2695.33,2695.34,39.6465
2026-09-26 23:53:00,2695.33,2695.62,2695.33,2695.61,23.7531
2026-09-26 23:54:00,2695.61,2696.29,2695.61,2696.28,30.3397
2026-09-26 23:55:00,2696.28,2696.28,2695.91,2696.08,31.6131
2026-09-26 23:56:00,2696.08,2696.09,2696.08,2696.09,16.0819
2026-09-26 23:57:00,2696.09,2696.28,2696.08,2696.28,17.8811
2026-09-26 23:58:00,2696.28,2696.44,2696.27,2696.33,98.9344
2026-09-26 23:59:00,2696.32,2697.07,2696.32,2696.33,294.9509
2026-09-27 00:00:00,2696.33,2696.46,2696.11,2696.17,54.8961
2026-09-27 00:01:00,2696.18,2696.18,2694.56,2694.76,483.1384
2026-09-27 00:02:00,2694.76,2694.77,2694.56,2694.57,39.2598
2026-09-27 00:03:00,2694.56,2694.74,2693.42,2693.72,166.9078
2026-09-27 00:04:00,2693.73,2693.92,2693.43,2693.44,44.0795
2026-09-27 00:05:00,2693.44,2693.84,2693.44,2693.83,22.6164
2026-09-27 00:06:00,2693.83,2693.84,2693.77,2693.78,31.3511
2026-09-27 00:07:00,2693.77,2693.78,2693.39,2693.77,57.6398
2026-09-27 00:08:00,2693.77,2693.78,2693.77,2693.78,17.3664
2026-09-27 00:09:00,2693.78,2693.78,2693.77,2693.78,13.9133
2026-09-27 00:10:00,2693.78,2693.78,2692.66,2692.66,66.1003
2026-09-27 00:11:00,2692.66,2692.67,2691.77,2691.99,54.5314
2026-09-27 00:12:00,2692.0,2692.05,2691.99,2692.05,20.4995
2026-09-27 00:13:00,2692.04,2692.04,2691.99,2691.99,18.2909
2026-09-27 00:14:00,2692.0,2692.0,2691.99,2692.0,15.6364
2026-09-27 00:15:00,2691.99,2692.0,2691.99,2691.99,20.8803
2026-09-27 00:16:00,2691.99,2692.0,2691.05,2691.11,83.1838
2026-09-27 00:17:00,2691.11,2691.24,2691.1,2691.22,84.7137
2026-09-27 00:18:00,2691.21,2691.24,2691.21,2691.24,14.9581
2026-09-27 00:19:00,2691.24,2691.24,2690.48,2690.48,81.6436
2026-09-27 00:20:00,2690.48,2691.01,2690.11,2691.0,59.4126
2026-09-27 00:21:00,2691.01,2691.25,2691.0,2691.24,19.113
2026-09-27 00:22:00,2691.25,2691.25,2691.24,2691.25,26.3142
2026-09-27 00:23:00,2691.24,2691.25,2691.24,2691.24,15.6566
2026-09-27 00:24:00,2691.25,2691.25,2690.76,2690.76,46.6708
2026-09-27 00:25:00,2690.77,2691.18,2690.77,2691.17,20.3917
2026-09-27 00:26:00,2691.18,2691.19,2691.18,2691.19,15.2596
2026-09-27 00:27:00,2691.18,2691.2,2691.18,2691.2,21.1593
2026-09-27 00:28:00,2691.2,2691.96,2691.19,2691.95,18.0495
2026-09-27 00:29:00,2691.95,2692.45,2691.95,2692.45,13.1998
2026-09-27 00:30:00,2692.46,2692.95,2692.46,2692.7,47.5978
2026-09-27 00:31:00,2692.69,2693.64,2692.69,2693.34,19.0998
2026-09-27 00:32:00,2693.33,2694.15,2693.33,2694.14,24.5267
2026-09-27 00:33:00,2694.15,2695.0,2694.14,2694.99,55.777
2026-09-27 00:34:00,2695.0,2695.09,2694.98,2694.98,80.6303
2026-09-27 00:35:00,2694.98,2695.54,2694.75,2695.54,72.9704
2026-09-27 00:36:00,2695.53,2695.54,2694.77,2695.13,169.2478
2026-09-27 00:37:00,2695.12,2695.12,2694.45,2694.72,24.8563
2026-09-27 00:38:00,2694.73,2695.62,2694.72,2695.62,33.4744
2026-09-27 00:39:00,2695.62,2695.76,2695.61,2695.75,32.0334
2026-09-27 00:40:00,2695.76,2695.76,2695.72,2695.72,22.6503
2026-09-27 00:41:00,2695.72,2695.73,2695.46,2695.47,61.973
2026-09-27 00:42:00,2695.47,2695.48,2694.99,2695.0,147.9908
2026-09-27 00:43:00,2694.99,2695.0,2694.99,2694.99,19.5002
2026-09-27 00:44:00,2694.99,2695.0,2694.95,2694.96,20.9024
2026-09-27 00:45:00,2694.96,2695.94,2694.95,2695.5,154.4387
2026-09-27 00:46:00,2695.49,2695.5,2694.57,2694.57,31.3714
2026-09-27 00:47:00,2694.57,2694.58,2694.19,2694.2,83.6147
2026-09-27 00:48:00,2694.2,2694.21,2694.09,2694.1,62.4761
2026-09-27 00:49:00,2694.1,2694.1,2694.09,2694.09,40.4211
2026-09-27 00:50:00,2694.09,2694.1,2694.09,2694.1,36.9998
2026-09-27 00:51:00,2694.1,2694.68,2694.08,2694.08,41.9751
2026-09-27 00:52:00,2694.08,2694.08,2693.84,2693.85,16.7526
2026-09-27 00:53:00,2693.84,2693.85,2693.15,2693.22,51.489
2026-09-27 00:54:00,2693.22,2694.23,2693.22,2694.22,32.2512
2026-09-27 00:55:00,2694.23,2694.23,2694.02,2694.02,26.447
2026-09-27 00:56:00,2694.03,2694.23,2694.03,2694.22,20.4638
2026-09-27 00:57:00,2694.22,2694.23,2693.8,2693.81,51.4055
2026-09-27 00:58:00,2693.81,2693.81,2693.48,2693.5,72.554
2026-09-27 00:59:00,2693.49,2693.5,2693.49,2693.5,21.3356
2026-09-27 01:00:00,2693.49,2694.17,2693.49,2694.16,52.1671
2026-09-27 01:01:00,2694.17,2694.17,2692.54,2692.55,345.0298
2026-09-27 01:02:00,2692.56,2692.58,2692.55,2692.57,41.3403
2026-09-27 01:03:00,2692.58,2692.59,2692.56,2692.58,104.7067
2026-09-27 01:04:00,2692.58,2692.59,2692.49,2692.5,33.8617
2026-09-27 01:05:00,2692.49,2692.5,2692.01,2692.01,40.7119
2026-09-27 01:06:00,2692.02,2692.03,2692.01,2692.03,12.5869
2026-09-27 01:07:00,2692.03,2694.16,2692.02,2693.12,370.6398
2026-09-27 01:08:00,2693.12,2693.12,2693.11,2693.11,35.9122
2026-09-27 01:09:00,2693.12,2694.04,2693.11,2694.04,22.0842
2026-09-27 01:10:00,2694.04,2695.11,2694.04,2695.04,42.5431
2026-09-27 01:11:00,2695.04,2695.42,2695.03,2695.42,21.7903
2026-09-27 01:12:00,2695.43,2695.44,2695.42,2695.43,34.8569
2026-09-27 01:13:00,2695.44,2695.44,2695.43,2695.44,51.1293
2026-09-27 01:14:00,2695.44,2695.46,2695.43,2695.45,32.1341
2026-09-27 01:15:00,2695.45,2695.53,2695.45,2695.53,35.938
2026-09-27 01:16:00,2695.52,2695.97,2694.36,2694.37,183.7339
2026-09-27 01:17:00,2694.37,2694.79,2694.36,2694.79,34.7433
2026-09-27 01:18:00,2694.79,2694.8,2694.33,2694.33,129.9908
2026-09-27 01:19:00,2694.34,2694.34,2693.61,2693.67,21.8953
2026-09-27 01:20:00,2693.67,2693.68,2693.67,2693.67,8.4479
2026-09-27 01:21:00,2693.67,2693.68,2693.67,2693.68,2.0411
2026-09-27 01:22:00,2693.68,2694.01,2693.67,2694.0,33.1458
2026-09-27 01:23:00,2694.0,2694.01,2693.39,2693.4,76.3439
2026-09-27 01:24:00,2693.39,2693.39,2693.1,2693.12,70.3201
2026-09-27 01:25:00,2693.12,2693.68,2693.11,2693.55,63.8547
2026-09-27 01:26:00,2693.55,2694.07,2693.48,2694.07,48.5934
2026-09-27 01:27:00,2694.07,2694.07,2693.22,2693.22,33.8146
2026-09-27 01:28:00,2693.22,2693.23,2692.83,2692.83,32.0605
2026-09-27 01:29:00,2692.84,2692.84,2692.74,2692.74,11.2688
2026-09-27 01:30:00,2692.74,2693.0,2692.74,2692.99,45.9941
2026-09-27 01:31:00,2693.0,2693.0,2692.99,2692.99,31.4124
2026-09-27 01:32:00,2692.99,2693.0,2692.95,2693.0,33.3811
2026-09-27 01:33:00,2693.0,2693.73,2689.99,2691.21,3021.549
2026-09-27 01:34:00,2691.21,2691.36,2691.09,2691.36,91.1148
2026-09-27 01:35:00,2691.35,2692.03,2691.35,2692.03,14.5868
2026-09-27 01:36:00,2692.03,2692.25,2692.02,2692.25,13.0602
2026-09-27 01:37:00,2692.25,2692.35,2692.24,2692.34,16.425
2026-09-27 01:38:00,2692.34,2692.35,2692.33,2692.35,8.7414
2026-09-27 01:39:00,2692.35,2692.65,2692.26,2692.65,40.0963
2026-09-27 01:40:00,2692.65,2693.62,2692.64,2693.61,18.6578
2026-09-27 01:41:00,2693.61,2694.1,2692.75,2694.09,156.3911
2026-09-27 01:42:00,2694.09,2694.66,2694.09,2694.14,82.0591
2026-09-27 01:43:00,2694.14,2694.91,2694.14,2694.91,40.8456
2026-09-27 01:44:00,2694.91,2695.0,2694.9,2695.0,155.9032
2026-09-27 01:45:00,2695.0,2695.41,2694.99,2695.41,125.3899
2026-09-27 01:46:00,2695.41,2695.68,2695.4,2695.67,18.094
2026-09-27 01:47:00,2695.67,2696.01,2695.67,2696.01,47.4711
2026-09-27 01:48:00,2696.0,2696.01,2695.8,2695.81,107.4609
2026-09-27 01:49:00,2695.81,2695.82,2695.8,2695.81,16.9054
2026-09-27 01:50:00,2695.81,2699.0,2695.81,2698.48,725.6889
2026-09-27 01:51:00,2698.49,2705.31,2697.78,2704.6,1612.1523
2026-09-27 01:52:00,2704.61,2705.55,2701.47,2701.98,214.5461
2026-09-27 01:53:00,2701.98,2704.39,2701.98,2702.15,260.7122
2026-09-27 01:54:00,2702.16,2703.96,2702.16,2703.95,101.4453
2026-09-27 01:55:00,2703.95,2704.7,2703.12,2703.18,102.8224
2026-09-27 01:56:00,2703.17,2703.17,2701.88,2701.9,79.2072
2026-09-27 01:57:00,2701.9,2702.4,2701.9,2702.08,122.9247
2026-09-27 01:58:00,2702.07,2702.07,2701.07,2701.42,36.8623
2026-09-27 01:59:00,2701.41,2701.56,2700.73,2701.55,93.1461
2026-09-27 02:00:00,2701.56,2702.41,2701.15,2701.15,92.4523
2026-09-27 02:01:00,2701.14,2701.41,2701.14,2701.41,85.7898
2026-09-27 02:02:00,2701.41,2701.41,2699.37,2699.93,130.587
2026-09-27 02:03:00,2699.92,2700.38,2699.92,2700.04,46.5185
2026-09-27 02:04:00,2700.03,2700.03,2699.55,2699.57,105.009
2026-09-27 02:05:00,2699.58,2700.22,2699.57,2700.22,77.1051
2026-09-27 02:06:00,2700.21,2700.22,2699.6,2699.99,49.8597
2026-09-27 02:07:00,2700.0,2700.93,2700.0,2700.14,93.8234
2026-09-27 02:08:00,2700.14,2702.45,2700.14,2702.45,136.122
2026-09-27 02:09:00,2702.44,2704.62,2702.44,2703.98,151.127
2026-09-27 02:10:00,2703.98,2703.98,2702.21,2702.22,67.915
2026-09-27 02:11:00,2702.22,2703.22,2701.58,2701.58,150.9743
2026-09-27 02:12:00,2701.58,2701.59,2700.8,2700.81,56.4039
2026-09-27 02:13:00,2700.81,2700.81,2700.54,2700.54,28.7456
2026-09-27 02:14:00,2700.54,2702.43,2700.54,2702.24,103.6802
2026-09-27 02:15:00,2702.25,2702.58,2701.99,2702.27,53.9366
2026-09-27 02:16:00,2702.28,2702.64,2702.27,2702.41,35.5986
2026-09-27 02:17:00,2702.4,2703.43,2702.29,2703.16,53.9784
2026-09-27 02:18:00,2703.15,2703.16,2702.1,2702.1,32.1162
2026-09-27 02:19:00,2702.1,2703.0,2701.68,2703.0,133.1814
2026-09-27 02:20:00,2703.0,2703.46,2702.56,2703.31,154.4118
2026-09-27 02:21:00,2703.31,2704.0,2702.99,2704.0,100.6581
2026-09-27 02:22:00,2704.0,2706.09,2702.98,2703.78,253.7709
2026-09-27 02:23:00,2703.79,2703.79,2703.24,2703.43,68.9632
2026-09-27 02:24:00,2703.44,2704.11,2703.44,2703.81,35.3068
2026-09-27 02:25:00,2703.81,2703.96,2703.1,2703.96,66.1939
2026-09-27 02:26:00,2703.95,2703.95,2702.65,2703.08,62.7621
2026-09-27 02:27:00,2703.09,2703.99,2703.08,2703.99,39.127
2026-09-27 02:28:00,2703.98,2703.98,2703.4,2703.4,60.3951
2026-09-27 02:29:00,2703.39,2703.4,2703.39,2703.4,38.7175
2026-09-27 02:30:00,2703.39,2703.53,2703.39,2703.52,54.6371
2026-09-27 02:31:00,2703.53,2704.5,2703.52,2704.5,62.3834
2026-09-27 02:32:00,2704.49,2704.5,2702.65,2702.66,174.1568
2026-09-27 02:33:00,2702.66,2702.94,2702.65,2702.93,78.935
2026-09-27 02:34:00,2702.93,2702.93,2701.84,2701.84,60.2162
2026-09-27 02:35:00,2701.85,2701.85,2701.84,2701.85,21.1703
2026-09-27 02:36:00,2701.84,2701.85,2701.84,2701.85,18.1643
2026-09-27 02:37:00,2701.84,2701.85,2701.48,2701.49,42.8736
2026-09-27 02:38:00,2701.49,2701.49,2700.96,2700.96,30.8068
2026-09-27 02:39:00,2700.97,2700.97,2700.85,2700.86,32.1366
2026-09-27 02:40:00,2700.86,2700.86,2700.56,2700.57,57.9725
2026-09-27 02:41:00,2700.57,2700.67,2700.57,2700.66,134.8153
2026-09-27 02:42:00,2700.67,2700.68,2700.66,2700.67,26.1572
2026-09-27 02:43:00,2700.68,2700.68,2700.67,2700.67,37.7859
2026-09-27 02:44:00,2700.66,2700.67,2700.66,2700.66,12.1387
2026-09-27 02:45:00,2700.66,2700.67,2700.66,2700.67,5.4703
2026-09-27 02:46:00,2700.67,2700.67,2700.16,2700.17,20.9111
2026-09-27 02:47:00,2700.17,2700.17,2699.85,2699.85,94.2005
2026-09-27 02:48:00,2699.86,2699.86,2699.07,2699.07,37.9051
2026-09-27 02:49:00,2699.06,2699.74,2698.97,2699.74,82.551
2026-09-27 02:50:00,2699.74,2700.0,2699.73,2699.99,14.689
2026-09-27 02:51:00,2699.99,2700.05,2699.98,2700.05,12.5167
2026-09-27 02:52:00,2700.04,2700.04,2698.65,2698.66,69.1255
2026-09-27 02:53:00,2698.65,2698.65,2697.88,2698.26,65.9202
2026-09-27 02:54:00,2698.26,2698.26,2698.25,2698.25,26.1963
2026-09-27 02:55:00,2698.26,2698.26,2698.25,2698.26,25.5043
2026-09-27 02:56:00,2698.26,2698.26,2697.64,2697.88,70.0126
2026-09-27 02:57:00,2697.87,2697.88,2697.5,2697.73,63.6414
2026-09-27 02:58:00,2697.72,2697.92,2697.18,2697.81,171.5123
2026-09-27 02:59:00,2697.8,2697.87,2697.78,2697.87,97.3417
2026-09-27 03:00:00,2697.87,2698.55,2697.87,2698.54,26.6031
2026-09-27 03:01:00,2698.55,2698.69,2698.55,2698.69,16.277
2026-09-27 03:02:00,2698.69,2698.75,2698.68,2698.75,30.8391
2026-09-27 03:03:00,2698.75,2699.23,2698.74,2699.23,28.799
2026-09-27 03:04:00,2699.23,2699.23,2698.96,2698.97,38.5075
2026-09-27 03:05:00,2698.96,2700.37,2698.96,2700.37,69.0213
2026-09-27 03:06:00,2700.36,2700.37,2700.25,2700.36,26.5135
2026-09-27 03:07:00,2700.37,2700.59,2700.36,2700.58,51.0141
2026-09-27 03:08:00,2700.58,2700.85,2700.52,2700.85,63.0422
2026-09-27 03:09:00,2700.84,2700.85,2699.84,2699.84,64.0361
2026-09-27 03:10:00,2699.85,2699.85,2699.55,2699.57,25.0261
2026-09-27 03:11:00,2699.57,2699.57,2699.56,2699.57,26.7246
2026-09-27 03:12:00,2699.57,2699.57,2699.56,2699.56,18.6538
2026-09-27 03:13:00,2699.57,2699.71,2699.56,2699.71,34.4121
2026-09-27 03:14:00,2699.71,2700.1,2699.7,2700.1,27.548
2026-09-27 03:15:00,2700.09,2700.1,2699.63,2699.63,35.0773
2026-09-27 03:16:00,2699.61,2699.61,2698.98,2698.99,9.0893
2026-09-27 03:17:00,2698.98,2698.99,2698.98,2698.98,9.9893
2026-09-27 03:18:00,2698.98,2698.99,2698.98,2698.98,8.331
2026-09-27 03:19:00,2698.98,2698.99,2698.96,2698.97,15.9577
2026-09-27 03:20:00,2698.97,2698.97,2697.88,2697.95,1050.8739
2026-09-27 03:21:00,2697.96,2697.96,2697.78,2697.79,21.2608
2026-09-27 03:22:00,2697.79,2697.79,2697.78,2697.78,10.504
2026-09-27 03:23:00,2697.78,2697.79,2697.78,2697.79,15.7593
2026-09-27 03:24:00,2697.79,2697.79,2697.78,2697.78,35.7619
2026-09-27 03:25:00,2697.79,2697.89,2697.09,2697.18,1263.1777
2026-09-27 03:26:00,2697.18,2697.19,2695.83,2696.17,79.3764
2026-09-27 03:27:00,2696.17,2696.18,2696.17,2696.18,14.3864
2026-09-27 03:28:00,2696.18,2696.18,2695.99,2696.0,61.1505
2026-09-27 03:29:00,2696.0,2696.53,2695.99,2696.52,48.0228
2026-09-27 03:30:00,2696.52,2696.88,2696.52,2696.88,33.4562
2026-09-27 03:31:00,2696.88,2697.1,2696.88,2697.1,17.903
2026-09-27 03:32:00,2697.1,2697.77,2697.09,2697.76,49.2867
2026-09-27 03:33:00,2697.77,2698.63,2697.76,2698.63,56.2147
2026-09-27 03:34:00,2698.63,2698.63,2698.43,2698.43,54.6327
2026-09-27 03:35:00,2698.44,2698.44,2697.03,2697.03,38.8498
2026-09-27 03:36:00,2697.03,2697.03,2696.59,2696.77,52.57
2026-09-27 03:37:00,2696.78,2697.93,2696.77,2697.67,96.9951
2026-09-27 03:38:00,2697.66,2697.67,2697.23,2697.46,25.9324
2026-09-27 03:39:00,2697.47,2697.71,2697.23,2697.58,67.421
2026-09-27 03:40:00,2697.59,2698.13,2697.58,2698.13,16.8913
2026-09-27 03:41:00,2698.12,2698.13,2698.12,2698.12,17.2859
2026-09-27 03:42:00,2698.12,2698.13,2696.85,2697.23,59.0435
2026-09-27 03:43:00,2697.23,2697.55,2697.22,2697.54,10.4328
2026-09-27 03:44:00,2697.55,2697.55,2697.54,2697.54,7.1074
2026-09-27 03:45:00,2697.55,2697.55,2697.28,2697.29,14.3416
2026-09-27 03:46:00,2697.29,2697.29,2696.68,2696.68,26.6688
2026-09-27 03:47:00,2696.67,2696.67,2695.84,2696.5,47.3366
2026-09-27 03:48:00,2696.5,2697.51,2696.5,2697.07,345.6659
2026-09-27 03:49:00,2697.06,2697.06,2696.66,2696.66,50.9783
2026-09-27 03:50:00,2696.66,2696.67,2696.44,2696.44,33.8955
2026-09-27 03:51:00,2696.45,2696.45,2696.24,2696.4,12.4161
2026-09-27 03:52:00,2696.41,2697.08,2696.4,2697.07,28.828
2026-09-27 03:53:00,2697.07,2697.08,2697.07,2697.08,5.0515
2026-09-27 03:54:00,2697.07,2697.07,2696.43,2696.61,28.4235
2026-09-27 03:55:00,2696.61,2697.16,2696.6,2697.15,10.286
2026-09-27 03:56:00,2697.16,2697.37,2697.15,2697.36,14.5514
2026-09-27 03:57:00,2697.37,2697.37,2697.18,2697.19,6.3276
2026-09-27 03:58:00,2697.19,2697.19,2697.18,2697.18,4.8881
2026-09-27 03:59:00,2697.18,2697.38,2696.69,2696.69,41.1451
2026-09-27 04:00:00,2696.69,2697.03,2696.43,2697.02,16.0073
2026-09-27 04:01:00,2697.02,2697.03,2696.01,2696.01,33.7064
2026-09-27 04:02:00,2696.02,2696.22,2695.46,2695.47,56.8891
2026-09-27 04:03:00,2695.47,2695.47,2694.64,2694.65,128.5939
2026-09-27 04:04:00,2694.65,2695.66,2694.65,2695.66,20.4071
2026-09-27 04:05:00,2695.66,2695.66,2695.03,2695.58,93.7346
2026-09-27 04:06:00,2695.58,2696.06,2695.58,2696.05,35.1178
2026-09-27 04:07:00,2696.06,2697.36,2696.05,2697.36,15.344
2026-09-27 04:08:00,2697.36,2697.36,2696.57,2696.57,15.9571
2026-09-27 04:09:00,2696.57,2696.57,2696.18,2696.56,20.3066
2026-09-27 04:10:00,2696.55,2697.01,2696.55,2697.01,7.0408
2026-09-27 04:11:00,2697.01,2698.88,2697.01,2698.88,26.8358
2026-09-27 04:12:00,2698.87,2700.0,2698.87,2700.0,70.5327
2026-09-27 04:13:00,2700.0,2700.0,2699.81,2699.82,30.5995
2026-09-27 04:14:00,2699.82,2699.82,2699.46,2699.47,43.7454
2026-09-27 04:15:00,2699.46,2699.9,2699.25,2699.9,44.1353
2026-09-27 04:16:00,2699.9,2699.9,2698.93,2698.93,17.8792
2026-09-27 04:17:00,2698.94,2699.21,2698.01,2698.01,77.4406
2026-09-27 04:18:00,2698.0,2698.08,2697.11,2697.44,79.3283
2026-09-27 04:19:00,2697.44,2697.73,2697.44,2697.73,13.8708
2026-09-27 04:20:00,2697.73,2698.08,2697.72,2697.72,37.0515
2026-09-27 04:21:00,2697.73,2699.5,2697.73,2698.97,101.7135
2026-09-27 04:22:00,2698.98,2698.98,2698.47,2698.47,14.3333
2026-09-27 04:23:00,2698.48,2698.48,2697.34,2697.34,53.7596
2026-09-27 04:24:00,2697.35,2697.61,2697.31,2697.31,69.0288
2026-09-27 04:25:00,2697.31,2697.37,2697.24,2697.37,8.3288
2026-09-27 04:26:00,2697.37,2697.45,2697.36,2697.4,3.0174
2026-09-27 04:27:00,2697.39,2697.4,2697.03,2697.04,29.6929
2026-09-27 04:28:00,2697.04,2697.04,2696.12,2696.4,33.2824
2026-09-27 04:29:00,2696.4,2696.4,2695.66,2695.67,29.6943
2026-09-27 04:30:00,2695.67,2695.67,2695.34,2695.39,25.4452
2026-09-27 04:31:00,2695.39,2695.39,2694.39,2694.39,82.499
2026-09-27 04:32:00,2694.39,2694.4,2694.05,2694.1,43.5286
2026-09-27 04:33:00,2694.09,2694.1,2693.51,2693.52,52.6459
2026-09-27 04:34:00,2693.52,2693.52,2693.5,2693.5,47.7577
2026-09-27 04:35:00,2693.5,2694.43,2693.45,2694.43,78.629
2026-09-27 04:36:00,2694.42,2694.43,2693.98,2693.99,11.6684
2026-09-27 04:37:00,2693.99,2693.99,2693.25,2693.36,52.6616
2026-09-27 04:38:00,2693.37,2693.37,2692.92,2693.04,11.1251
2026-09-27 04:39:00,2693.04,2693.04,2692.92,2692.92,12.6829
2026-09-27 04:40:00,2692.92,2692.93,2692.92,2692.93,12.8882
2026-09-27 04:41:00,2692.93,2692.93,2692.92,2692.93,10.8688
2026-09-27 04:42:00,2692.92,2692.93,2692.44,2692.92,33.9856
2026-09-27 04:43:00,2692.91,2693.03,2692.12,2692.12,45.4121
2026-09-27 04:44:00,2692.12,2692.13,2691.84,2691.84,197.7417
2026-09-27 04:45:00,2691.85,2691.86,2691.84,2691.86,29.6469
2026-09-27 04:46:00,2691.86,2691.87,2691.42,2691.43,278.5739
2026-09-27 04:47:00,2691.43,2693.64,2691.42,2693.49,175.1447
2026-09-27 04:48:00,2693.48,2693.49,2693.48,2693.49,5.0734
2026-09-27 04:49:00,2693.49,2693.49,2692.93,2692.94,30.8419
2026-09-27 04:50:00,2692.93,2692.94,2692.43,2692.43,22.6232
2026-09-27 04:51:00,2692.36,2692.37,2692.25,2692.26,23.5555
2026-09-27 04:52:00,2692.26,2692.29,2692.25,2692.29,16.4539
2026-09-27 04:53:00,2692.29,2692.74,2692.28,2692.37,49.6043
2026-09-27 04:54:00,2692.38,2692.72,2692.38,2692.71,20.4179
2026-09-27 04:55:00,2692.71,2692.72,2692.71,2692.72,8.6884
2026-09-27 04:56:00,2692.71,2692.72,2692.58,2692.59,37.2355
2026-09-27 04:57:00,2692.58,2692.59,2692.58,2692.58,29.3609
2026-09-27 04:58:00,2692.59,2692.6,2692.58,2692.59,46.16
2026-09-27 04:59:00,2692.6,2692.6,2692.01,2692.02,47.0172
2026-09-27 05:00:00,2692.01,2692.02,2691.01,2692.01,227.0982
2026-09-27 05:01:00,2692.01,2692.02,2691.99,2691.99,56.2706
2026-09-27 05:02:00,2692.0,2693.85,2692.0,2693.83,231.8828
2026-09-27 05:03:00,2693.83,2694.41,2693.6,2694.41,47.5459
2026-09-27 05:04:00,2694.4,2694.99,2694.4,2694.61,66.1908
2026-09-27 05:05:00,2694.61,2695.0,2694.61,2695.0,13.9175
2026-09-27 05:06:00,2695.0,2695.49,2694.99,2695.48,71.289
2026-09-27 05:07:00,2695.47,2695.63,2695.47,2695.63,40.2676
2026-09-27 05:08:00,2695.64,2695.86,2695.64,2695.86,15.0031
2026-09-27 05:09:00,2695.86,2696.15,2695.48,2695.49,66.6331
2026-09-27 05:10:00,2695.48,2696.09,2695.48,2696.09,7.9973
2026-09-27 05:11:00,2696.09,2696.09,2695.27,2695.28,19.7307
2026-09-27 05:12:00,2695.27,2695.27,2694.91,2694.92,11.4388
2026-09-27 05:13:00,2694.92,2695.71,2694.92,2695.7,52.7285
2026-09-27 05:14:00,2695.7,2695.71,2695.38,2695.39,10.4221
2026-09-27 05:15:00,2695.38,2695.39,2695.38,2695.38,19.2564
2026-09-27 05:16:00,2695.39,2695.52,2695.12,2695.12,55.3497
2026-09-27 05:17:00,2695.13,2695.13,2694.9,2695.03,53.438
2026-09-27 05:18:00,2695.03,2695.99,2695.03,2695.98,37.8561
2026-09-27 05:19:00,2695.98,2696.33,2695.44,2696.33,47.2975
2026-09-27 05:20:00,2696.32,2696.33,2695.97,2695.97,46.9135
2026-09-27 05:21:00,2695.98,2696.27,2695.97,2696.26,27.7943
2026-09-27 05:22:00,2696.26,2696.7,2696.26,2696.69,23.7685
2026-09-27 05:23:00,2696.7,2696.85,2696.69,2696.85,11.478
2026-09-27 05:24:00,2696.85,2697.89,2696.84,2697.15,178.0023
2026-09-27 05:25:00,2697.14,2697.15,2697.07,2697.07,15.6697
2026-09-27 05:26:00,2697.08,2697.48,2697.08,2697.18,18.8946
2026-09-27 05:27:00,2697.17,2697.18,2697.06,2697.07,46.0981
2026-09-27 05:28:00,2697.06,2697.07,2697.06,2697.07,20.6365
2026-09-27 05:29:00,2697.07,2697.07,2697.0,2697.01,34.2901
2026-09-27 05:30:00,2697.01,2697.87,2696.73,2697.87,126.6044
2026-09-27 05:31:00,2697.87,2697.88,2697.27,2697.28,38.4551
2026-09-27 05:32:00,2697.27,2698.68,2697.27,2698.68,186.6097
2026-09-27 05:33:00,2698.67,2699.63,2698.67,2699.62,81.2452
2026-09-27 05:34:00,2699.62,2700.08,2699.62,2700.08,92.5881
2026-09-27 05:35:00,2700.08,2702.0,2700.08,2702.0,179.9572
2026-09-27 05:36:00,2701.99,2704.88,2701.99,2704.88,336.078
2026-09-27 05:37:00,2704.87,2712.13,2704.87,2707.23,1784.5583
2026-09-27 05:38:00,2707.22,2710.55,2707.22,2709.37,429.7536
2026-09-27 05:39:00,2709.36,2709.37,2704.54,2705.65,259.5443
2026-09-27 05:40:00,2705.65,2705.84,2703.47,2703.8,118.2049
2026-09-27 05:41:00,2703.81,2704.25,2703.8,2703.96,61.864
2026-09-27 05:42:00,2703.96,2704.25,2703.96,2704.24,73.1052
2026-09-27 05:43:00,2704.25,2704.25,2703.97,2704.24,92.7814
2026-09-27 05:44:00,2704.23,2705.49,2704.23,2705.19,61.1344
2026-09-27 05:45:00,2705.2,2706.75,2705.01,2705.77,30.0126
2026-09-27 05:46:00,2705.77,2707.54,2705.77,2706.98,87.9101
2026-09-27 05:47:00,2707.01,2708.08,2705.97,2705.99,41.9769
2026-09-27 05:48:00,2705.99,2707.19,2705.99,2707.03,27.4089
2026-09-27 05:49:00,2707.02,2707.17,2707.02,2707.17,78.7415
2026-09-27 05:50:00,2707.17,2707.17,2705.79,2705.79,100.8391
2026-09-27 05:51:00,2705.78,2705.79,2705.41,2705.41,6.4177
2026-09-27 05:52:00,2705.41,2705.41,2704.99,2705.06,33.767
2026-09-27 05:53:00,2705.07,2705.21,2704.73,2704.73,57.7076
2026-09-27 05:54:00,2704.73,2704.74,2704.48,2704.49,46.879
2026-09-27 05:55:00,2704.49,2705.04,2704.49,2704.77,72.8959
2026-09-27 05:56:00,2704.77,2705.06,2704.77,2705.06,19.1904
2026-09-27 05:57:00,2705.05,2705.06,2704.77,2704.78,57.6297
2026-09-27 05:58:00,2704.78,2705.04,2704.77,2705.04,20.7469
2026-09-27 05:59:00,2705.04,2705.2,2705.03,2705.03,37.2361
2026-09-27 06:00:00,2705.03,2705.75,2704.95,2705.65,66.9362
2026-09-27 06:01:00,2705.66,2706.3,2705.62,2706.3,22.5964
2026-09-27 06:02:00,2706.29,2706.9,2706.29,2706.9,33.3482
2026-09-27 06:03:00,2706.9,2707.36,2706.64,2706.64,49.9298
2026-09-27 06:04:00,2706.65,2707.32,2706.34,2707.32,79.174
2026-09-27 06:05:00,2707.31,2707.46,2707.0,2707.0,53.6414
2026-09-27 06:06:00,2707.01,2707.43,2707.0,2707.43,43.1238
2026-09-27 06:07:00,2707.44,2708.69,2707.44,2708.68,33.7197
2026-09-27 06:08:00,2708.68,2709.06,2708.68,2709.05,83.2689
2026-09-27 06:09:00,2709.05,2709.85,2709.04,2709.68,71.9664
2026-09-27 06:10:00,2709.67,2711.26,2709.46,2709.9,181.2439
2026-09-27 06:11:00,2709.9,2710.83,2709.2,2709.44,76.2032
2026-09-27 06:12:00,2709.45,2710.27,2709.45,2710.27,206.5442
2026-09-27 06:13:00,2710.26,2710.27,2710.09,2710.09,16.6162
2026-09-27 06:14:00,2710.09,2710.1,2709.71,2709.71,47.5629
2026-09-27 06:15:00,2709.72,2709.72,2708.88,2708.89,44.0894
2026-09-27 06:16:00,2708.88,2708.93,2707.87,2707.88,42.406
2026-09-27 06:17:00,2707.88,2709.35,2707.77,2709.27,155.5942
2026-09-27 06:18:00,2709.27,2710.62,2709.27,2709.28,98.2131
2026-09-27 06:19:00,2709.27,2710.18,2709.27,2710.17,68.3009
2026-09-27 06:20:00,2710.18,2711.54,2710.18,2710.95,142.2233
2026-09-27 06:21:00,2710.96,2711.0,2709.1,2710.08,181.1314
2026-09-27 06:22:00,2710.1,2710.25,2709.83,2710.06,33.7335
2026-09-27 06:23:00,2710.06,2710.98,2710.06,2710.97,46.0028
2026-09-27 06:24:00,2710.97,2711.0,2710.23,2710.5,125.7525
2026-09-27 06:25:00,2710.5,2710.97,2709.97,2709.98,82.5645
2026-09-27 06:26:00,2709.97,2710.54,2709.82,2710.03,53.0856
2026-09-27 06:27:00,2710.04,2711.87,2710.04,2711.08,258.5354
2026-09-27 06:28:00,2711.07,2711.08,2710.58,2710.59,53.5262
2026-09-27 06:29:00,2710.59,2710.6,2709.33,2709.33,69.4559
2026-09-27 06:30:00,2709.33,2709.78,2709.33,2709.78,47.3752
2026-09-27 06:31:00,2709.78,2709.78,2707.64,2708.11,141.5056
2026-09-27 06:32:00,2708.11,2708.12,2706.75,2706.93,104.0619
2026-09-27 06:33:00,2706.94,2706.94,2706.58,2706.59,32.7759
2026-09-27 06:34:00,2706.58,2707.45,2706.52,2707.44,61.3617
2026-09-27 06:35:00,2707.45,2708.3,2707.44,2708.3,24.2799
2026-09-27 06:36:00,2708.3,2708.31,2708.29,2708.3,11.1058
2026-09-27 06:37:00,2708.3,2709.32,2708.3,2709.31,53.376
2026-09-27 06:38:00,2709.32,2709.32,2708.37,2708.37,24.4827
2026-09-27 06:39:00,2708.37,2708.37,2706.65,2706.97,36.4
2026-09-27 06:40:00,2706.98,2708.37,2706.98,2708.36,44.8559
2026-09-27 06:41:00,2708.36,2708.37,2707.17,2707.17,40.2607
2026-09-27 06:42:00,2707.17,2707.17,2706.46,2707.01,50.7691
2026-09-27 06:43:00,2707.01,2707.46,2707.01,2707.45,21.7416
2026-09-27 06:44:00,2707.46,2707.46,2707.45,2707.46,20.5759
2026-09-27 06:45:00,2707.45,2707.46,2707.45,2707.45,24.5525
2026-09-27 06:46:00,2707.45,2707.55,2707.01,2707.02,39.4476
2026-09-27 06:47:00,2707.01,2707.55,2707.01,2707.5,37.6459
2026-09-27 06:48:00,2707.5,2707.5,2707.1,2707.1,13.0675
2026-09-27 06:49:00,2707.1,2707.79,2707.1,2707.27,48.0595
2026-09-27 06:50:00,2707.27,2707.27,2706.25,2706.25,47.1963
2026-09-27 06:51:00,2706.26,2706.26,2706.25,2706.26,20.5719
2026-09-27 06:52:00,2706.26,2707.45,2706.23,2707.08,101.5473
2026-09-27 06:53:00,2707.09,2707.09,2707.01,2707.08,50.796
2026-09-27 06:54:00,2707.08,2707.32,2707.08,2707.31,18.4091
2026-09-27 06:55:00,2707.31,2707.45,2706.7,2706.7,20.1377
2026-09-27 06:56:00,2706.71,2706.75,2706.71,2706.74,18.2465
2026-09-27 06:57:00,2706.75,2706.78,2706.0,2706.77,37.3135
2026-09-27 06:58:00,2706.77,2707.26,2706.77,2707.26,61.1763
2026-09-27 06:59:00,2707.25,2707.26,2707.25,2707.25,20.9735
2026-09-27 07:00:00,2707.26,2708.15,2706.57,2708.14,61.8871
2026-09-27 07:01:00,2708.14,2708.47,2707.92,2707.92,15.2558
2026-09-27 07:02:00,2707.93,2708.51,2707.93,2708.5,14.6569
2026-09-27 07:03:00,2708.51,2709.19,2708.28,2709.18,44.9565
2026-09-27 07:04:00,2709.18,2709.19,2708.72,2708.72,328.4756
2026-09-27 07:05:00,2708.72,2708.72,2707.6,2708.06,557.3609
2026-09-27 07:06:00,2708.07,2708.07,2706.82,2706.83,33.818
2026-09-27 07:07:00,2706.82,2706.83,2706.82,2706.82,2.9877
2026-09-27 07:08:00,2706.82,2706.83,2706.82,2706.83,30.4363
2026-09-27 07:09:00,2706.83,2707.86,2706.31,2706.31,94.3859
2026-09-27 07:10:00,2706.32,2707.2,2706.31,2707.0,31.2771
2026-09-27 07:11:00,2707.0,2707.57,2707.0,2707.03,44.0411
2026-09-27 07:12:00,2707.02,2707.02,2705.66,2706.5,114.8667
2026-09-27 07:13:00,2706.49,2706.92,2706.41,2706.41,45.4401
2026-09-27 07:14:00,2706.42,2706.75,2706.06,2706.75,49.9872
2026-09-27 07:15:00,2706.76,2707.4,2706.76,2707.14,73.6081
2026-09-27 07:16:00,2707.15,2707.49,2707.14,2707.49,87.8945
2026-09-27 07:17:00,2707.48,2707.87,2706.16,2706.16,104.0299
2026-09-27 07:18:00,2706.16,2706.17,2706.05,2706.05,78.0928
2026-09-27 07:19:00,2706.06,2706.39,2705.66,2706.38,110.4778
2026-09-27 07:20:00,2706.38,2706.41,2706.22,2706.41,15.8948
2026-09-27 07:21:00,2706.42,2706.62,2705.99,2706.52,122.7546
2026-09-27 07:22:00,2706.53,2706.72,2706.52,2706.56,45.0054
2026-09-27 07:23:00,2706.56,2707.39,2706.55,2707.23,87.1124
2026-09-27 07:24:00,2707.22,2707.23,2707.21,2707.22,9.8262
2026-09-27 07:25:00,2707.22,2707.39,2706.73,2707.39,66.2318
2026-09-27 07:26:00,2707.39,2708.01,2707.39,2707.39,41.8184
2026-09-27 07:27:00,2707.39,2707.4,2707.09,2707.09,13.9409
2026-09-27 07:28:00,2707.09,2707.99,2707.09,2707.99,41.5428
2026-09-27 07:29:00,2708.0,2708.17,2707.66,2707.86,76.3537
2026-09-27 07:30:00,2707.87,2708.18,2707.86,2708.1,52.4835
2026-09-27 07:31:00,2708.11,2708.46,2708.11,2708.45,17.5205
2026-09-27 07:32:00,2708.46,2709.79,2708.45,2709.78,82.1527
2026-09-27 07:33:00,2709.78,2711.13,2709.78,2711.12,134.8528
2026-09-27 07:34:00,2711.13,2711.19,2710.84,2711.06,27.2207
2026-09-27 07:35:00,2711.07,2712.0,2710.02,2710.03,77.8591
2026-09-27 07:36:00,2710.03,2710.47,2709.1,2710.11,72.5624
2026-09-27 07:37:00,2710.11,2710.12,2709.26,2709.27,18.6216
2026-09-27 07:38:00,2709.28,2709.62,2709.28,2709.61,53.5632
2026-09-27 07:39:00,2709.62,2710.19,2709.61,2710.18,12.7685
2026-09-27 07:40:00,2710.19,2714.0,2709.49,2713.85,618.5683
2026-09-27 07:41:00,2713.86,2715.36,2712.39,2712.56,362.4965
2026-09-27 07:42:00,2712.56,2712.92,2712.1,2712.63,137.8909
2026-09-27 07:43:00,2712.62,2712.62,2712.21,2712.52,25.6601
2026-09-27 07:44:00,2712.51,2712.52,2711.82,2711.93,54.376
2026-09-27 07:45:00,2711.93,2712.05,2711.93,2711.94,51.3951
2026-09-27 07:46:00,2711.94,2711.95,2711.82,2711.83,228.7042
2026-09-27 07:47:00,2711.83,2713.22,2711.83,2713.22,84.9952
2026-09-27 07:48:00,2713.21,2715.02,2713.21,2714.85,89.8328
2026-09-27 07:49:00,2714.85,2715.09,2713.95,2715.02,164.2213
2026-09-27 07:50:00,2715.01,2717.0,2714.95,2715.98,250.8884
2026-09-27 07:51:00,2715.98,2716.5,2715.18,2715.24,64.0363
2026-09-27 07:52:00,2715.23,2716.4,2715.0,2715.01,50.0748
2026-09-27 07:53:00,2715.0,2715.01,2712.84,2713.16,81.1771
2026-09-27 07:54:00,2713.15,2714.08,2712.79,2713.3,132.4518
2026-09-27 07:55:00,2713.29,2714.0,2713.22,2713.99,88.9289
2026-09-27 07:56:00,2713.99,2716.12,2713.99,2714.8,407.5615
2026-09-27 07:57:00,2714.8,2717.99,2714.54,2717.86,147.5694
2026-09-27 07:58:00,2717.86,2718.01,2716.84,2717.78,609.3854
2026-09-27 07:59:00,2717.77,2718.89,2717.77,2718.27,127.9152
2026-09-27 08:00:00,2718.27,2718.76,2715.48,2715.48,215.4343
2026-09-27 08:01:00,2715.49,2716.57,2715.08,2716.57,68.8869
2026-09-27 08:02:00,2716.57,2718.06,2715.39,2717.43,119.7571
2026-09-27 08:03:00,2717.44,2717.44,2716.11,2716.69,365.6893
2026-09-27 08:04:00,2716.68,2717.77,2716.39,2717.11,94.818
2026-09-27 08:05:00,2717.12,2718.74,2716.79,2717.75,122.6203
2026-09-27 08:06:00,2717.75,2718.9,2717.57,2718.9,95.8237
2026-09-27 08:07:00,2718.89,2719.32,2718.52,2718.52,152.6368
2026-09-27 08:08:00,2718.53,2719.28,2718.52,2719.19,36.2524
2026-09-27 08:09:00,2719.19,2720.43,2718.89,2718.89,490.5023
2026-09-27 08:10:00,2718.89,2719.9,2718.61,2719.89,273.0606
2026-09-27 08:11:00,2719.89,2720.39,2719.89,2720.38,69.3868
2026-09-27 08:12:00,2720.39,2720.58,2716.97,2717.14,278.7623
2026-09-27 08:13:00,2717.14,2717.63,2717.12,2717.62,42.0959
2026-09-27 08:14:00,2717.62,2718.66,2717.62,2718.12,251.0482
2026-09-27 08:15:00,2718.12,2719.49,2717.31,2718.9,404.8636
2026-09-27 08:16:00,2718.89,2719.5,2718.75,2719.38,78.697
2026-09-27 08:17:00,2719.37,2719.38,2718.51,2718.58,49.2587
2026-09-27 08:18:00,2718.58,2718.58,2715.13,2715.69,206.0038
2026-09-27 08:19:00,2715.7,2715.88,2715.0,2715.32,55.4654
2026-09-27 08:20:00,2715.33,2720.01,2715.32,2719.28,2840.3844
2026-09-27 08:21:00,2719.28,2720.36,2718.49,2718.49,376.5457
2026-09-27 08:22:00,2718.49,2718.49,2717.29,2717.29,109.4998
2026-09-27 08:23:00,2717.3,2717.32,2716.34,2716.59,60.9102
2026-09-27 08:24:00,2716.6,2716.67,2716.01,2716.59,64.8375
2026-09-27 08:25:00,2716.59,2717.04,2716.0,2717.04,67.0078
2026-09-27 08:26:00,2717.04,2717.47,2716.49,2717.4,46.7469
2026-09-27 08:27:00,2717.41,2717.41,2716.0,2716.01,50.3692
2026-09-27 08:28:00,2716.01,2716.71,2716.0,2716.71,40.5696
2026-09-27 08:29:00,2716.71,2717.2,2716.71,2716.95,46.8856
2026-09-27 08:30:00,2716.94,2717.09,2716.16,2716.16,65.4254
2026-09-27 08:31:00,2716.16,2717.01,2716.16,2716.97,169.8058
2026-09-27 08:32:00,2716.97,2720.0,2716.97,2719.48,243.8308
2026-09-27 08:33:00,2719.49,2724.12,2719.48,2722.54,601.1531
2026-09-27 08:34:00,2722.54,2722.54,2719.34,2720.15,279.617
2026-09-27 08:35:00,2720.14,2720.15,2717.62,2717.97,815.3029
2026-09-27 08:36:00,2717.98,2718.28,2717.13,2717.82,340.359
2026-09-27 08:37:00,2717.83,2718.59,2717.53,2718.21,243.9208
2026-09-27 08:38:00,2718.21,2718.22,2718.05,2718.05,124.0468
2026-09-27 08:39:00,2718.05,2719.1,2717.9,2717.9,176.4286
2026-09-27 08:40:00,2717.9,2717.91,2717.01,2717.01,56.4979
2026-09-27 08:41:00,2717.01,2717.01,2716.56,2716.56,164.6576
2026-09-27 08:42:00,2716.56,2716.57,2715.38,2715.86,143.0506
2026-09-27 08:43:00,2715.87,2716.2,2715.86,2716.09,62.8432
2026-09-27 08:44:00,2716.09,2716.34,2715.17,2716.33,271.8248
2026-09-27 08:45:00,2716.34,2716.4,2716.0,2716.0,67.4307
2026-09-27 08:46:00,2716.0,2716.01,2714.22,2714.23,98.0273
2026-09-27 08:47:00,2714.23,2714.91,2714.22,2714.9,94.5645
2026-09-27 08:48:00,2714.91,2716.2,2714.9,2716.2,132.0524
2026-09-27 08:49:00,2716.2,2716.2,2715.38,2716.14,142.6868
2026-09-27 08:50:00,2716.13,2716.14,2716.1,2716.1,64.0632
2026-09-27 08:51:00,2716.1,2716.16,2716.1,2716.15,80.0053
2026-09-27 08:52:00,2716.16,2716.84,2716.15,2716.41,95.8775
2026-09-27 08:53:00,2716.41,2716.5,2716.41,2716.49,44.3821
2026-09-27 08:54:00,2716.49,2716.5,2715.56,2715.75,101.8549
2026-09-27 08:55:00,2715.75,2715.75,2715.74,2715.75,56.787
2026-09-27 08:56:00,2715.74,2715.74,2713.59,2714.54,273.8421
2026-09-27 08:57:00,2714.54,2714.55,2713.77,2714.49,159.9281
2026-09-27 08:58:00,2714.49,2714.87,2714.49,2714.58,76.3391
2026-09-27 08:59:00,2714.59,2714.6,2714.58,2714.59,96.4623
2026-09-27 09:00:00,2714.59,2714.59,2713.09,2713.69,271.229
2026-09-27 09:01:00,2713.69,2713.69,2712.68,2712.79,177.1533
2026-09-27 09:02:00,2712.79,2712.8,2712.79,2712.8,19.8012
2026-09-27 09:03:00,2712.79,2713.4,2712.68,2713.4,179.3416
2026-09-27 09:04:00,2713.39,2713.4,2712.68,2712.68,125.7701
2026-09-27 09:05:00,2712.68,2712.68,2711.95,2711.95,115.9079
2026-09-27 09:06:00,2711.95,2711.95,2709.67,2710.15,448.8652
2026-09-27 09:07:00,2710.15,2710.16,2709.65,2709.66,139.4881
2026-09-27 09:08:00,2709.65,2709.66,2708.64,2708.64,140.431
2026-09-27 09:09:00,2708.65,2708.65,2707.0,2707.0,231.672
2026-09-27 09:10:00,2707.0,2707.0,2705.93,2706.67,286.9665
2026-09-27 09:11:00,2706.66,2708.1,2706.25,2708.1,422.5978
2026-09-27 09:12:00,2708.1,2709.26,2708.09,2709.06,146.462
2026-09-27 09:13:00,2709.05,2709.48,2708.28,2709.46,124.1053
2026-09-27 09:14:00,2709.46,2709.47,2709.14,2709.15,75.3045
2026-09-27 09:15:00,2709.15,2709.81,2709.14,2709.81,117.6613
2026-09-27 09:16:00,2709.8,2710.0,2708.62,2708.63,95.1446
2026-09-27 09:17:00,2708.62,2709.19,2708.22,2709.18,94.0005
2026-09-27 09:18:00,2709.18,2710.57,2709.18,2710.08,97.8029
2026-09-27 09:19:00,2710.08,2710.09,2709.25,2709.26,49.1822
2026-09-27 09:20:00,2709.25,2709.26,2708.99,2709.0,37.4666
2026-09-27 09:21:00,2708.99,2710.28,2708.99,2709.77,318.4121
2026-09-27 09:22:00,2709.77,2710.66,2709.68,2710.52,222.6406
2026-09-27 09:23:00,2710.52,2710.53,2709.73,2709.9,150.672
2026-09-27 09:24:00,2709.9,2710.48,2709.9,2710.47,80.8548
2026-09-27 09:25:00,2710.47,2711.56,2710.47,2711.0,128.4952
2026-09-27 09:26:00,2711.0,2711.0,2710.72,2710.73,25.78
2026-09-27 09:27:00,2710.72,2710.73,2709.15,2709.16,28.0446
2026-09-27 09:28:00,2709.15,2711.17,2709.15,2711.04,116.6106
2026-09-27 09:29:00,2711.04,2711.04,2710.83,2710.83,30.7293
2026-09-27 09:30:00,2710.84,2711.51,2710.83,2711.5,102.5685
2026-09-27 09:31:00,2711.51,2711.63,2711.5,2711.63,33.3182
2026-09-27 09:32:00,2711.62,2712.89,2711.48,2711.95,297.1927
2026-09-27 09:33:00,2711.95,2713.37,2711.95,2713.37,160.1582
2026-09-27 09:34:00,2713.36,2713.37,2713.0,2713.01,77.464
2026-09-27 09:35:00,2713.01,2713.01,2711.25,2711.31,130.9766
2026-09-27 09:36:00,2711.3,2711.74,2711.3,2711.74,65.6076
2026-09-27 09:37:00,2711.73,2712.05,2711.73,2712.03,44.0907
2026-09-27 09:38:00,2712.03,2713.05,2711.99,2713.04,79.2223
2026-09-27 09:39:00,2713.04,2713.57,2712.98,2713.57,47.3588
2026-09-27 09:40:00,2713.58,2713.58,2713.57,2713.58,21.0427
2026-09-27 09:41:00,2713.57,2713.58,2713.57,2713.58,19.4323
2026-09-27 09:42:00,2713.57,2713.59,2713.56,2713.56,66.1181
2026-09-27 09:43:00,2713.56,2713.57,2713.46,2713.46,20.3642
2026-09-27 09:44:00,2713.46,2713.59,2712.95,2713.59,102.2551
2026-09-27 09:45:00,2713.59,2716.07,2713.59,2716.06,340.8047
2026-09-27 09:46:00,2716.07,2716.68,2715.83,2715.88,212.7893
2026-09-27 09:47:00,2715.88,2715.88,2714.8,2714.89,161.1628
2026-09-27 09:48:00,2714.88,2716.71,2714.88,2715.56,249.234
2026-09-27 09:49:00,2715.55,2716.33,2715.55,2716.33,122.8943
2026-09-27 09:50:00,2716.33,2716.54,2716.25,2716.26,82.9761
2026-09-27 09:51:00,2716.26,2716.85,2715.65,2715.82,360.5042
2026-09-27 09:52:00,2715.81,2715.82,2715.44,2715.45,43.379
2026-09-27 09:53:00,2715.44,2715.45,2713.81,2713.91,127.8508
2026-09-27 09:54:00,2713.91,2713.91,2712.9,2713.67,374.8844
2026-09-27 09:55:00,2713.68,2713.68,2713.45,2713.45,61.099
2026-09-27 09:56:00,2713.45,2714.94,2713.37,2714.52,378.8387
2026-09-27 09:57:00,2714.52,2714.56,2714.52,2714.56,88.2304
2026-09-27 09:58:00,2714.56,2715.17,2714.51,2714.99,226.5398
2026-09-27 09:59:00,2714.99,2716.15,2714.79,2716.15,115.1906
2026-09-27 10:00:00,2716.14,2716.15,2715.25,2715.81,153.744
2026-09-27 10:01:00,2715.81,2715.82,2714.16,2715.71,218.9128
2026-09-27 10:02:00,2715.71,2716.45,2715.06,2715.75,231.4185
2026-09-27 10:03:00,2715.75,2716.01,2714.37,2714.37,220.2537
2026-09-27 10:04:00,2714.37,2714.38,2713.82,2713.82,56.32
2026-09-27 10:05:00,2713.83,2714.28,2713.82,2713.92,176.9106
2026-09-27 10:06:00,2713.92,2713.93,2712.72,2713.88,244.7225
2026-09-27 10:07:00,2713.88,2715.3,2713.8,2715.16,93.7893
2026-09-27 10:08:00,2715.16,2716.13,2715.16,2715.86,353.079
2026-09-27 10:09:00,2715.85,2715.86,2715.85,2715.86,26.0742
2026-09-27 10:10:00,2715.86,2717.0,2715.86,2716.96,133.4709
2026-09-27 10:11:00,2716.96,2717.54,2716.73,2717.51,182.7008
2026-09-27 10:12:00,2717.51,2718.0,2716.35,2716.74,177.2915
2026-09-27 10:13:00,2716.74,2717.87,2716.74,2717.4,258.8235
2026-09-27 10:14:00,2717.41,2717.41,2717.25,2717.26,200.6901
2026-09-27 10:15:00,2717.26,2719.51,2717.25,2717.81,420.9619
2026-09-27 10:16:00,2717.82,2718.52,2717.0,2717.01,114.7084
2026-09-27 10:17:00,2717.01,2717.01,2716.1,2716.61,198.2162
2026-09-27 10:18:00,2716.62,2716.69,2715.39,2715.54,176.5698
2026-09-27 10:19:00,2715.53,2715.53,2713.84,2714.46,107.3076
2026-09-27 10:20:00,2714.48,2714.54,2713.82,2713.82,73.198
2026-09-27 10:21:00,2713.82,2714.53,2712.82,2714.53,150.3349
2026-09-27 10:22:00,2714.53,2714.53,2713.34,2713.86,132.0151
2026-09-27 10:23:00,2713.85,2714.87,2713.85,2714.51,118.5771
2026-09-27 10:24:00,2714.5,2714.51,2713.86,2713.86,38.069
2026-09-27 10:25:00,2713.85,2714.0,2713.0,2713.63,115.1951
2026-09-27 10:26:00,2713.63,2713.63,2712.76,2712.76,98.8855
2026-09-27 10:27:00,2712.77,2713.93,2712.76,2712.79,347.5267
2026-09-27 10:28:00,2712.79,2712.79,2712.22,2712.79,328.8541
2026-09-27 10:29:00,2712.79,2712.79,2711.78,2711.78,144.5151
2026-09-27 10:30:00,2711.79,2711.8,2711.49,2711.49,83.2057
2026-09-27 10:31:00,2711.49,2711.5,2711.09,2711.09,100.1336
2026-09-27 10:32:00,2711.09,2711.19,2710.95,2710.95,102.1567
2026-09-27 10:33:00,2710.95,2710.96,2710.25,2710.25,74.2731
2026-09-27 10:34:00,2710.26,2710.84,2710.25,2710.84,116.2355
2026-09-27 10:35:00,2710.84,2711.05,2710.83,2711.05,44.4016
2026-09-27 10:36:00,2711.04,2711.05,2710.0,2710.01,107.1466
2026-09-27 10:37:00,2710.01,2710.11,2710.01,2710.1,79.7784
2026-09-27 10:38:00,2710.09,2710.1,2709.83,2709.99,74.9209
2026-09-27 10:39:00,2710.0,2710.0,2709.99,2709.99,19.9741
2026-09-27 10:40:00,2709.99,2710.0,2709.99,2710.0,28.634
2026-09-27 10:41:00,2709.99,2710.1,2709.99,2710.1,71.8277
2026-09-27 10:42:00,2710.1,2710.1,2709.42,2709.43,128.3813
2026-09-27 10:43:00,2709.42,2709.43,2709.42,2709.42,35.7625
2026-09-27 10:44:00,2709.42,2709.43,2709.42,2709.42,25.8647
2026-09-27 10:45:00,2709.42,2709.75,2709.38,2709.38,89.8505
2026-09-27 10:46:00,2709.38,2709.39,2709.38,2709.38,13.938
2026-09-27 10:47:00,2709.38,2709.39,2709.38,2709.39,29.3593
2026-09-27 10:48:00,2709.38,2709.84,2709.38,2709.82,93.6403
2026-09-27 10:49:00,2709.82,2712.03,2709.82,2711.1,256.9487
2026-09-27 10:50:00,2711.1,2711.11,2710.1,2710.11,73.1868
2026-09-27 10:51:00,2710.1,2710.11,2710.01,2710.02,36.2855
2026-09-27 10:52:00,2710.01,2710.02,2709.27,2709.28,69.1343
2026-09-27 10:53:00,2709.27,2709.28,2708.77,2708.77,26.1955
2026-09-27 10:54:00,2708.77,2709.14,2708.61,2709.14,139.88
2026-09-27 10:55:00,2709.13,2709.27,2709.13,2709.27,42.0841
2026-09-27 10:56:00,2709.26,2710.04,2709.26,2709.97,84.8482
2026-09-27 10:57:00,2709.98,2709.98,2709.69,2709.69,31.0158
2026-09-27 10:58:00,2709.69,2709.7,2709.5,2709.63,63.2182
2026-09-27 10:59:00,2709.64,2710.33,2709.63,2710.28,72.7852
2026-09-27 11:00:00,2710.27,2710.27,2709.56,2709.56,114.3935
2026-09-27 11:01:00,2709.57,2710.03,2709.56,2710.03,74.9366
2026-09-27 11:02:00,2710.02,2710.03,2709.56,2709.56,54.7475
2026-09-27 11:03:00,2709.56,2709.56,2708.69,2708.69,45.4499
2026-09-27 11:04:00,2708.69,2708.7,2708.53,2708.7,111.1221
2026-09-27 11:05:00,2708.7,2709.97,2708.7,2709.97,190.6301
2026-09-27 11:06:00,2709.96,2709.97,2709.48,2709.48,40.696
2026-09-27 11:07:00,2709.48,2709.49,2709.25,2709.26,23.8391
2026-09-27 11:08:00,2709.25,2710.18,2709.25,2710.18,95.7135
2026-09-27 11:09:00,2710.18,2710.4,2710.17,2710.39,28.18
2026-09-27 11:10:00,2710.4,2711.88,2710.39,2710.44,102.2426
2026-09-27 11:11:00,2710.45,2710.45,2710.35,2710.36,13.5618
2026-09-27 11:12:00,2710.35,2711.42,2710.35,2711.42,95.0768
2026-09-27 11:13:00,2711.41,2711.42,2710.15,2710.15,145.709
2026-09-27 11:14:00,2710.15,2710.15,2709.97,2709.97,17.0392
2026-09-27 11:15:00,2709.98,2709.98,2708.5,2709.43,522.8221
2026-09-27 11:16:00,2709.44,2709.44,2708.7,2708.71,72.937
2026-09-27 11:17:00,2708.71,2708.71,2707.18,2707.58,188.6073
2026-09-27 11:18:00,2707.57,2708.08,2707.57,2708.08,100.0762
2026-09-27 11:19:00,2708.07,2708.41,2708.07,2708.41,55.6616
2026-09-27 11:20:00,2708.41,2708.41,2708.07,2708.07,71.156
2026-09-27 11:21:00,2708.07,2708.88,2707.76,2708.3,293.0551
2026-09-27 11:22:00,2708.29,2709.85,2708.29,2709.85,124.5405
2026-09-27 11:23:00,2709.85,2709.85,2709.84,2709.85,33.5424
2026-09-27 11:24:00,2709.84,2710.36,2709.84,2710.32,91.6729
2026-09-27 11:25:00,2710.32,2710.33,2710.32,2710.32,66.448
2026-09-27 11:26:00,2710.32,2711.0,2710.32,2710.99,224.0271
2026-09-27 11:27:00,2710.99,2711.28,2710.99,2711.27,54.5029
2026-09-27 11:28:00,2711.27,2711.28,2709.97,2709.97,76.514
2026-09-27 11:29:00,2709.97,2709.97,2709.5,2709.5,57.1017
2026-09-27 11:30:00,2709.49,2709.91,2709.46,2709.82,124.0744
2026-09-27 11:31:00,2709.82,2710.08,2709.82,2710.07,75.9579
2026-09-27 11:32:00,2710.07,2710.08,2709.35,2709.36,80.6746
2026-09-27 11:33:00,2709.35,2709.36,2707.76,2707.77,105.1786
2026-09-27 11:34:00,2707.77,2707.77,2707.46,2707.46,42.4468
2026-09-27 11:35:00,2707.47,2708.37,2707.43,2707.81,213.6908
2026-09-27 11:36:00,2707.8,2707.81,2707.8,2707.81,44.6492
2026-09-27 11:37:00,2707.8,2708.49,2707.79,2708.49,93.3934
2026-09-27 11:38:00,2708.49,2708.49,2707.24,2707.25,91.1448
2026-09-27 11:39:00,2707.25,2708.11,2707.24,2708.1,111.4419
2026-09-27 11:40:00,2708.1,2708.5,2708.1,2708.49,41.9879
2026-09-27 11:41:00,2708.49,2708.99,2708.49,2708.68,88.0729
2026-09-27 11:42:00,2708.68,2708.69,2708.68,2708.69,21.9594
2026-09-27 11:43:00,2708.69,2708.69,2708.68,2708.69,19.2445
2026-09-27 11:44:00,2708.68,2709.77,2708.68,2709.25,49.8112
2026-09-27 11:45:00,2709.26,2709.26,2708.75,2708.76,81.0353
2026-09-27 11:46:00,2708.75,2708.75,2708.04,2708.04,16.1708
2026-09-27 11:47:00,2708.05,2708.05,2707.18,2707.19,33.8576
2026-09-27 11:48:00,2707.19,2707.31,2707.19,2707.31,83.0378
2026-09-27 11:49:00,2707.3,2707.31,2707.3,2707.3,23.8744
2026-09-27 11:50:00,2707.3,2708.3,2707.3,2708.05,121.1158
2026-09-27 11:51:00,2708.05,2708.51,2708.04,2708.51,38.6518
2026-09-27 11:52:00,2708.51,2709.68,2708.5,2709.68,198.6556
2026-09-27 11:53:00,2709.68,2709.98,2709.68,2709.98,59.4813
2026-09-27 11:54:00,2709.98,2710.27,2709.98,2710.23,30.3717
2026-09-27 11:55:00,2710.24,2710.73,2710.23,2710.72,73.2453
2026-09-27 11:56:00,2710.72,2710.73,2710.56,2710.64,91.7427
2026-09-27 11:57:00,2710.63,2710.64,2710.63,2710.63,24.3423
2026-09-27 11:58:00,2710.64,2710.91,2709.0,2709.42,190.514
2026-09-27 11:59:00,2709.41,2709.81,2709.41,2709.8,44.3302
2026-09-27 12:00:00,2709.81,2710.6,2709.8,2709.95,82.3445
2026-09-27 12:01:00,2709.94,2711.66,2709.94,2711.66,116.5617
2026-09-27 12:02:00,2711.65,2712.52,2711.65,2712.51,50.2344
2026-09-27 12:03:00,2712.51,2712.52,2712.43,2712.43,58.3961
2026-09-27 12:04:00,2712.43,2712.65,2712.43,2712.65,21.293
2026-09-27 12:05:00,2712.64,2714.03,2712.64,2714.03,75.5125
2026-09-27 12:06:00,2714.03,2714.04,2713.62,2714.04,92.7798
2026-09-27 12:07:00,2714.03,2714.04,2713.54,2713.54,69.3167
2026-09-27 12:08:00,2713.55,2713.55,2713.54,2713.55,16.3175
2026-09-27 12:09:00,2713.54,2714.73,2713.54,2714.73,100.7732
2026-09-27 12:10:00,2714.72,2714.81,2714.14,2714.15,81.8731
2026-09-27 12:11:00,2714.15,2714.15,2714.03,2714.03,20.2616
2026-09-27 12:12:00,2714.03,2715.56,2714.03,2715.55,122.9848
2026-09-27 12:13:00,2715.55,2715.55,2715.01,2715.02,62.7303
2026-09-27 12:14:00,2715.02,2715.41,2715.01,2715.41,43.1586
2026-09-27 12:15:00,2715.41,2715.63,2715.4,2715.63,25.2125
2026-09-27 12:16:00,2715.63,2717.6,2715.57,2715.58,146.4254
2026-09-27 12:17:00,2715.57,2715.58,2715.39,2715.39,13.6891
2026-09-27 12:18:00,2715.39,2715.39,2714.43,2714.59,98.6697
2026-09-27 12:19:00,2714.58,2714.59,2714.58,2714.59,36.5133
2026-09-27 12:20:00,2714.59,2715.0,2714.52,2714.52,77.2121
2026-09-27 12:21:00,2714.52,2714.63,2714.44,2714.44,117.5047
2026-09-27 12:22:00,2714.44,2714.45,2714.42,2714.43,17.2045
2026-09-27 12:23:00,2714.43,2714.43,2714.23,2714.23,33.0845
2026-09-27 12:24:00,2714.23,2714.24,2713.54,2713.78,171.6814
2026-09-27 12:25:00,2713.77,2713.78,2713.0,2713.0,49.2072
2026-09-27 12:26:00,2713.01,2713.84,2713.0,2713.83,76.1641
2026-09-27 12:27:00,2713.84,2713.84,2713.47,2713.47,43.382
2026-09-27 12:28:00,2713.48,2713.48,2713.47,2713.47,11.4546
2026-09-27 12:29:00,2713.47,2713.66,2713.47,2713.66,40.2375
2026-09-27 12:30:00,2713.67,2713.67,2712.98,2712.98,49.0825
2026-09-27 12:31:00,2712.99,2713.77,2712.98,2713.77,81.6413
2026-09-27 12:32:00,2713.77,2714.74,2713.76,2714.74,91.4576
2026-09-27 12:33:00,2714.73,2714.89,2714.73,2714.89,18.6644
2026-09-27 12:34:00,2714.89,2714.89,2714.88,2714.88,19.3622
2026-09-27 12:35:00,2714.89,2715.07,2714.89,2715.06,26.7216
2026-09-27 12:36:00,2715.07,2715.82,2715.06,2715.66,42.6567
2026-09-27 12:37:00,2715.66,2715.67,2714.44,2714.44,54.9426
2026-09-27 12:38:00,2714.44,2714.45,2714.21,2714.21,27.4743
2026-09-27 12:39:00,2714.22,2715.35,2714.22,2715.21,94.9858
2026-09-27 12:40:00,2715.22,2715.22,2714.89,2714.99,44.9271
2026-09-27 12:41:00,2714.99,2715.59,2714.99,2715.59,67.6003
2026-09-27 12:42:00,2715.58,2715.58,2715.35,2715.36,45.9915
2026-09-27 12:43:00,2715.35,2715.36,2715.19,2715.36,46.0498
2026-09-27 12:44:00,2715.35,2715.35,2714.98,2714.99,25.0028
2026-09-27 12:45:00,2714.98,2715.07,2714.85,2715.01,138.4681
2026-09-27 12:46:00,2715.01,2715.3,2714.55,2714.55,82.7978
2026-09-27 12:47:00,2714.55,2714.55,2714.24,2714.24,23.6017
2026-09-27 12:48:00,2714.24,2714.25,2713.8,2713.81,21.3809
2026-09-27 12:49:00,2713.81,2713.81,2713.8,2713.81,15.159
2026-09-27 12:50:00,2713.8,2713.81,2713.61,2713.62,48.192
2026-09-27 12:51:00,2713.61,2713.62,2713.61,2713.62,9.8551
2026-09-27 12:52:00,2713.61,2713.62,2713.56,2713.56,30.674
2026-09-27 12:53:00,2713.56,2713.57,2712.91,2712.92,18.9677
2026-09-27 12:54:00,2712.92,2713.0,2712.91,2713.0,88.1501
2026-09-27 12:55:00,2712.99,2712.99,2712.03,2712.03,106.697
2026-09-27 12:56:00,2712.04,2712.04,2710.23,2710.23,91.4019
2026-09-27 12:57:00,2710.23,2710.23,2710.0,2710.01,43.4794
2026-09-27 12:58:00,2710.01,2710.01,2708.12,2708.61,153.8856
2026-09-27 12:59:00,2708.6,2708.61,2707.35,2707.36,122.185
2026-09-27 13:00:00,2707.35,2707.36,2702.87,2702.88,860.4914
2026-09-27 13:01:00,2702.87,2703.0,2698.96,2702.99,947.585
2026-09-27 13:02:00,2702.99,2705.96,2700.83,2705.96,427.9656
2026-09-27 13:03:00,2705.96,2706.45,2703.56,2703.56,292.8558
2026-09-27 13:04:00,2703.56,2704.17,2701.7,2703.58,292.3339
2026-09-27 13:05:00,2703.57,2703.57,2701.89,2702.69,167.4554
2026-09-27 13:06:00,2702.69,2703.66,2700.79,2703.66,380.8611
2026-09-27 13:07:00,2703.65,2705.9,2703.35,2704.73,198.1064
2026-09-27 13:08:00,2704.73,2705.66,2704.63,2704.89,208.2057
2026-09-27 13:09:00,2704.89,2705.33,2704.43,2704.44,201.5093
2026-09-27 13:10:00,2704.44,2704.44,2703.39,2704.13,103.7894
2026-09-27 13:11:00,2704.14,2704.76,2703.37,2703.62,249.5701
2026-09-27 13:12:00,2703.62,2703.63,2699.75,2700.53,316.7179
2026-09-27 13:13:00,2700.53,2701.51,2699.57,2700.79,257.7713
2026-09-27 13:14:00,2700.8,2702.23,2698.21,2699.46,424.9734
2026-09-27 13:15:00,2699.45,2701.22,2699.0,2701.22,451.0681
2026-09-27 13:16:00,2701.22,2702.81,2700.53,2702.8,161.6721
2026-09-27 13:17:00,2702.8,2702.88,2702.52,2702.88,64.8423
2026-09-27 13:18:00,2702.88,2703.49,2702.32,2703.49,132.5934
2026-09-27 13:19:00,2703.5,2704.01,2703.11,2704.01,121.4763
2026-09-27 13:20:00,2704.0,2704.53,2703.49,2704.52,149.6831
2026-09-27 13:21:00,2704.52,2705.0,2704.28,2705.0,80.3218
2026-09-27 13:22:00,2705.0,2706.27,2705.0,2705.91,117.2467
2026-09-27 13:23:00,2705.91,2705.92,2705.9,2705.9,35.183
2026-09-27 13:24:00,2705.91,2706.26,2705.9,2706.26,46.1717
2026-09-27 13:25:00,2706.26,2707.4,2706.26,2707.19,113.231
2026-09-27 13:26:00,2707.19,2707.26,2706.83,2707.25,90.1094
2026-09-27 13:27:00,2707.26,2708.22,2707.26,2708.17,85.1505
2026-09-27 13:28:00,2708.17,2708.69,2708.16,2708.19,122.4517
2026-09-27 13:29:00,2708.2,2709.53,2708.2,2709.15,99.5446
2026-09-27 13:30:00,2709.15,2712.02,2709.15,2711.49,357.1332
2026-09-27 13:31:00,2711.5,2712.22,2710.29,2712.22,214.5532
2026-09-27 13:32:00,2712.21,2714.09,2712.21,2713.26,105.0369
2026-09-27 13:33:00,2713.26,2714.09,2711.63,2714.08,163.8628
2026-09-27 13:34:00,2714.09,2715.7,2710.26,2710.44,218.8114
2026-09-27 13:35:00,2710.44,2710.97,2709.4,2710.16,168.1351
2026-09-27 13:36:00,2710.17,2710.82,2708.4,2708.4,251.7532
2026-09-27 13:37:00,2708.41,2708.41,2706.05,2706.72,335.6155
2026-09-27 13:38:00,2706.73,2708.6,2704.59,2704.6,172.9276
2026-09-27 13:39:00,2704.6,2705.74,2704.6,2705.01,189.1451
2026-09-27 13:40:00,2705.01,2705.2,2704.51,2704.61,135.0018
2026-09-27 13:41:00,2704.61,2705.08,2704.14,2704.6,166.8435
2026-09-27 13:42:00,2704.6,2704.72,2704.6,2704.71,12.0813
2026-09-27 13:43:00,2704.72,2704.81,2704.7,2704.72,91.529
2026-09-27 13:44:00,2704.71,2704.71,2703.41,2703.47,214.2213
2026-09-27 13:45:00,2703.47,2705.19,2701.85,2705.19,291.8468
2026-09-27 13:46:00,2705.19,2705.76,2704.55,2704.65,155.8852
2026-09-27 13:47:00,2704.64,2705.58,2704.64,2705.25,242.7052
2026-09-27 13:48:00,2705.24,2707.31,2705.24,2707.31,71.045
2026-09-27 13:49:00,2707.3,2707.3,2706.59,2707.18,110.077
2026-09-27 13:50:00,2707.18,2707.45,2706.41,2706.41,74.0559
2026-09-27 13:51:00,2706.41,2706.42,2705.84,2705.84,20.9044
2026-09-27 13:52:00,2705.85,2705.85,2705.49,2705.82,61.0689
2026-09-27 13:53:00,2705.82,2706.11,2705.81,2706.01,36.7895
2026-09-27 13:54:00,2706.02,2706.15,2706.01,2706.08,21.6556
2026-09-27 13:55:00,2706.09,2706.9,2706.08,2706.89,15.5915
2026-09-27 13:56:00,2706.89,2707.68,2706.78,2707.67,80.6255
2026-09-27 13:57:00,2707.67,2708.69,2707.67,2708.68,113.6948
2026-09-27 13:58:00,2708.68,2709.46,2708.37,2709.2,313.6637
2026-09-27 13:59:00,2709.19,2709.68,2709.19,2709.67,36.039
2026-09-27 14:00:00,2709.68,2710.0,2709.68,2709.96,62.6043
2026-09-27 14:01:00,2709.96,2709.96,2706.35,2706.35,130.2708
2026-09-27 14:02:00,2706.35,2708.09,2705.33,2708.09,155.8311
2026-09-27 14:03:00,2708.09,2708.09,2706.54,2706.55,66.5341
2026-09-27 14:04:00,2706.55,2706.55,2704.41,2705.02,109.575
2026-09-27 14:05:00,2705.03,2706.33,2705.02,2706.2,68.528
2026-09-27 14:06:00,2706.21,2708.0,2706.21,2707.37,35.6282
2026-09-27 14:07:00,2707.38,2708.34,2707.38,2708.34,23.19
2026-09-27 14:08:00,2708.34,2709.11,2708.17,2708.6,113.3338
2026-09-27 14:09:00,2708.61,2710.0,2708.6,2709.99,34.7376
2026-09-27 14:10:00,2709.99,2710.0,2707.37,2707.37,181.9294
2026-09-27 14:11:00,2707.37,2708.03,2706.64,2707.22,80.6089
2026-09-27 14:12:00,2707.22,2707.22,2706.48,2706.49,36.7675
2026-09-27 14:13:00,2706.49,2707.13,2706.49,2706.75,32.1449
2026-09-27 14:14:00,2706.75,2706.75,2706.48,2706.75,26.361
2026-09-27 14:15:00,2706.75,2707.85,2706.74,2707.22,60.5851
2026-09-27 14:16:00,2707.21,2707.55,2706.61,2707.02,32.5035
2026-09-27 14:17:00,2707.02,2707.21,2706.18,2706.43,38.7085
2026-09-27 14:18:00,2706.42,2707.07,2705.51,2705.52,48.6367
2026-09-27 14:19:00,2705.51,2705.51,2703.99,2703.99,35.4412
2026-09-27 14:20:00,2703.99,2703.99,2701.85,2702.23,171.3568
2026-09-27 14:21:00,2702.22,2702.53,2701.63,2701.63,345.8335
2026-09-27 14:22:00,2701.63,2702.32,2701.63,2701.77,71.46
2026-09-27 14:23:00,2701.76,2701.76,2696.31,2696.79,569.0845
2026-09-27 14:24:00,2696.79,2699.44,2696.79,2697.39,249.7364
2026-09-27 14:25:00,2697.39,2699.24,2696.41,2698.81,225.9495
2026-09-27 14:26:00,2698.8,2699.17,2695.68,2696.26,141.3866
2026-09-27 14:27:00,2696.25,2696.26,2692.86,2694.05,317.6872
2026-09-27 14:28:00,2694.05,2695.26,2692.12,2692.12,172.919
2026-09-27 14:29:00,2692.13,2692.33,2689.0,2690.43,858.1704
2026-09-27 14:30:00,2690.44,2692.51,2689.3,2691.32,225.2086
2026-09-27 14:31:00,2691.33,2693.51,2691.09,2693.04,342.1886
2026-09-27 14:32:00,2693.06,2694.82,2693.05,2694.49,53.2461
2026-09-27 14:33:00,2694.49,2694.95,2692.11,2693.8,169.61
2026-09-27 14:34:00,2693.79,2694.31,2693.18,2693.75,129.332
2026-09-27 14:35:00,2693.75,2694.3,2690.0,2691.64,88.4894
2026-09-27 14:36:00,2691.64,2693.16,2691.63,2692.15,81.4049
2026-09-27 14:37:00,2692.15,2692.15,2689.0,2689.0,428.4163
2026-09-27 14:38:00,2689.01,2690.48,2688.0,2689.09,484.6757
2026-09-27 14:39:00,2689.09,2691.09,2689.05,2690.03,270.1003
2026-09-27 14:40:00,2690.02,2690.03,2687.9,2687.9,1206.5351
2026-09-27 14:41:00,2687.9,2690.25,2686.71,2689.45,251.8365
2026-09-27 14:42:00,2689.45,2690.8,2689.23,2690.67,91.1813
2026-09-27 14:43:00,2690.66,2691.98,2690.66,2690.76,112.2216
2026-09-27 14:44:00,2690.77,2691.32,2690.66,2690.67,43.4683
2026-09-27 14:45:00,2690.66,2692.0,2690.0,2691.36,145.5794
2026-09-27 14:46:00,2691.37,2691.45,2689.28,2689.67,73.6864
2026-09-27 14:47:00,2689.67,2690.18,2688.39,2688.39,77.7591
2026-09-27 14:48:00,2688.39,2688.4,2682.67,2686.6,831.6859
2026-09-27 14:49:00,2686.6,2688.13,2685.15,2688.04,282.4886
2026-09-27 14:50:00,2688.03,2689.03,2687.94,2688.46,157.685
2026-09-27 14:51:00,2688.46,2690.8,2686.7,2687.47,635.6129
2026-09-27 14:52:00,2687.47,2689.47,2687.47,2688.83,111.3421
2026-09-27 14:53:00,2688.82,2688.83,2687.64,2688.34,186.5615
2026-09-27 14:54:00,2688.33,2689.45,2687.72,2689.45,87.9686
2026-09-27 14:55:00,2689.45,2689.51,2688.82,2688.82,189.7029
2026-09-27 14:56:00,2688.82,2688.92,2688.03,2688.15,61.2408
2026-09-27 14:57:00,2688.14,2690.0,2688.04,2689.3,228.5608
2026-09-27 14:58:00,2689.3,2689.3,2687.72,2688.3,204.8152
2026-09-27 14:59:00,2688.29,2688.75,2687.94,2688.26,87.5319
2026-09-27 15:00:00,2688.25,2689.17,2686.86,2687.36,174.7712
2026-09-27 15:01:00,2687.36,2687.36,2683.46,2683.7,156.5249
2026-09-27 15:02:00,2683.7,2688.04,2682.46,2688.04,232.6594
2026-09-27 15:03:00,2688.03,2689.29,2684.89,2686.8,653.1766
2026-09-27 15:04:00,2686.79,2687.12,2683.49,2683.49,256.5159
2026-09-27 15:05:00,2683.5,2684.76,2682.05,2683.96,334.9117
2026-09-27 15:06:00,2683.96,2687.73,2683.12,2687.73,173.0487
2026-09-27 15:07:00,2687.74,2688.51,2686.48,2687.53,286.8791
2026-09-27 15:08:00,2687.52,2687.63,2687.49,2687.63,52.7292
2026-09-27 15:09:00,2687.63,2688.69,2687.63,2688.51,94.8178
2026-09-27 15:10:00,2688.51,2688.79,2688.03,2688.52,77.2114
2026-09-27 15:11:00,2688.52,2688.88,2687.64,2687.75,171.8911
2026-09-27 15:12:00,2687.75,2688.01,2687.61,2687.81,70.5487
2026-09-27 15:13:00,2687.8,2687.82,2686.73,2686.73,93.2453
2026-09-27 15:14:00,2686.74,2688.36,2686.73,2688.36,81.4326
2026-09-27 15:15:00,2688.37,2689.45,2688.0,2689.45,175.0612
2026-09-27 15:16:00,2689.45,2693.59,2689.45,2693.41,285.2195
2026-09-27 15:17:00,2693.4,2694.02,2690.71,2691.1,1802.1764
2026-09-27 15:18:00,2691.11,2691.92,2691.11,2691.15,87.9336
2026-09-27 15:19:00,2691.15,2691.22,2690.39,2690.93,67.3937
2026-09-27 15:20:00,2690.92,2691.65,2690.45,2690.73,74.2951
2026-09-27 15:21:00,2690.72,2691.3,2689.05,2691.29,187.4752
2026-09-27 15:22:00,2691.29,2691.74,2690.85,2691.74,58.0826
2026-09-27 15:23:00,2691.73,2691.86,2691.2,2691.69,49.2819
2026-09-27 15:24:00,2691.69,2691.69,2689.43,2690.02,118.2038
2026-09-27 15:25:00,2690.02,2690.81,2690.02,2690.23,48.838
2026-09-27 15:26:00,2690.22,2690.23,2686.72,2686.73,143.6571
2026-09-27 15:27:00,2686.73,2688.28,2684.65,2687.95,237.3394
2026-09-27 15:28:00,2687.95,2689.33,2687.95,2689.33,53.6323
2026-09-27 15:29:00,2689.32,2690.34,2689.32,2690.34,26.8937
2026-09-27 15:30:00,2690.34,2690.99,2689.54,2690.99,57.7158
2026-09-27 15:31:00,2690.99,2692.47,2688.55,2688.62,175.7082
2026-09-27 15:32:00,2688.61,2690.32,2688.61,2690.32,112.743
2026-09-27 15:33:00,2690.32,2690.39,2688.79,2689.26,68.1016
2026-09-27 15:34:00,2689.26,2689.82,2687.97,2687.97,139.1734
2026-09-27 15:35:00,2687.96,2688.61,2687.8,2688.27,57.7931
2026-09-27 15:36:00,2688.28,2690.05,2688.27,2689.26,59.7548
2026-09-27 15:37:00,2689.23,2689.96,2687.92,2688.27,47.636
2026-09-27 15:38:00,2688.27,2688.61,2687.77,2688.61,42.2217
2026-09-27 15:39:00,2688.62,2688.62,2688.33,2688.6,39.3832
2026-09-27 15:40:00,2688.6,2689.09,2688.55,2688.96,26.915
2026-09-27 15:41:00,2688.96,2689.31,2688.27,2688.27,52.2659
2026-09-27 15:42:00,2688.27,2689.31,2688.27,2688.86,58.881
2026-09-27 15:43:00,2688.87,2689.42,2688.52,2688.52,115.0689
2026-09-27 15:44:00,2688.53,2689.33,2687.6,2687.61,99.5123
2026-09-27 15:45:00,2687.6,2689.02,2687.6,2688.49,60.2723
2026-09-27 15:46:00,2688.49,2689.91,2688.49,2689.91,26.3532
2026-09-27 15:47:00,2689.91,2691.12,2689.91,2691.11,47.9127
2026-09-27 15:48:00,2691.12,2691.12,2690.48,2690.66,71.0192
2026-09-27 15:49:00,2690.65,2691.07,2690.65,2691.06,20.7522
2026-09-27 15:50:00,2691.07,2691.11,2690.39,2690.39,166.6555
2026-09-27 15:51:00,2690.39,2692.46,2690.39,2691.28,79.6357
2026-09-27 15:52:00,2691.28,2691.56,2690.55,2690.92,66.5497
2026-09-27 15:53:00,2690.92,2691.86,2690.07,2690.11,85.6199
2026-09-27 15:54:00,2690.11,2691.08,2689.4,2691.08,132.2435
2026-09-27 15:55:00,2691.09,2691.5,2691.08,2691.08,78.0038
2026-09-27 15:56:00,2691.08,2691.3,2690.56,2690.57,39.5423
2026-09-27 15:57:00,2690.56,2691.03,2690.12,2691.02,68.0753
2026-09-27 15:58:00,2691.02,2691.5,2691.01,2691.5,14.2607
2026-09-27 15:59:00,2691.5,2691.77,2689.11,2689.76,640.6288
2026-09-27 16:00:00,2689.76,2690.55,2689.21,2690.29,77.7176
2026-09-27 16:01:00,2690.29,2691.02,2689.97,2690.55,129.5413
2026-09-27 16:02:00,2690.55,2690.55,2689.26,2689.51,83.923
2026-09-27 16:03:00,2689.51,2689.86,2688.8,2689.86,134.0102
2026-09-27 16:04:00,2689.85,2692.21,2689.85,2692.21,45.3139
2026-09-27 16:05:00,2692.21,2692.47,2691.96,2692.4,56.8319
2026-09-27 16:06:00,2692.4,2693.49,2692.39,2693.49,61.7364
2026-09-27 16:07:00,2693.49,2693.91,2692.78,2692.79,66.162
2026-09-27 16:08:00,2692.78,2693.86,2692.6,2693.86,36.873
2026-09-27 16:09:00,2693.85,2693.85,2693.05,2693.68,28.6248
2026-09-27 16:10:00,2693.68,2693.68,2691.49,2691.49,84.3803
2026-09-27 16:11:00,2691.49,2691.9,2691.49,2691.79,90.0861
2026-09-27 16:12:00,2691.79,2692.17,2691.78,2692.16,23.5561
2026-09-27 16:13:00,2692.17,2692.68,2692.16,2692.39,39.6401
2026-09-27 16:14:00,2692.39,2692.83,2692.38,2692.82,23.636
2026-09-27 16:15:00,2692.82,2693.18,2692.55,2693.06,47.6077
2026-09-27 16:16:00,2693.06,2693.06,2692.13,2692.14,42.5008
2026-09-27 16:17:00,2692.13,2692.24,2691.09,2691.5,65.516
2026-09-27 16:18:00,2691.5,2693.03,2691.49,2693.03,14.8703
2026-09-27 16:19:00,2693.03,2694.02,2693.02,2693.84,36.3304
2026-09-27 16:20:00,2693.83,2694.73,2693.68,2694.72,57.5764
2026-09-27 16:21:00,2694.73,2696.37,2694.39,2694.79,161.9132
2026-09-27 16:22:00,2694.78,2695.27,2693.88,2694.01,160.1048
2026-09-27 16:23:00,2694.0,2694.19,2692.49,2693.07,78.4472
2026-09-27 16:24:00,2693.08,2693.6,2692.84,2692.84,66.9819
2026-09-27 16:25:00,2692.84,2693.36,2692.49,2692.51,56.7791
2026-09-27 16:26:00,2692.5,2692.75,2692.04,2692.05,56.789
2026-09-27 16:27:00,2692.05,2692.05,2690.87,2691.8,42.5112
2026-09-27 16:28:00,2691.79,2691.81,2691.39,2691.68,52.2913
2026-09-27 16:29:00,2691.67,2691.67,2690.69,2690.84,60.5789
2026-09-27 16:30:00,2690.83,2690.83,2688.14,2688.14,76.5354
2026-09-27 16:31:00,2688.15,2689.66,2687.5,2688.55,250.5009
2026-09-27 16:32:00,2688.55,2690.28,2687.72,2690.28,122.4176
2026-09-27 16:33:00,2690.27,2690.58,2689.56,2689.56,125.3984
2026-09-27 16:34:00,2689.56,2689.77,2688.94,2689.53,57.7799
2026-09-27 16:35:00,2689.53,2689.82,2686.47,2686.47,211.1857
2026-09-27 16:36:00,2686.48,2686.84,2685.58,2686.84,253.2263
2026-09-27 16:37:00,2686.85,2688.59,2686.53,2686.62,68.8487
2026-09-27 16:38:00,2686.61,2687.98,2686.19,2686.77,64.3029
2026-09-27 16:39:00,2686.77,2688.04,2686.77,2687.85,27.7737
2026-09-27 16:40:00,2687.85,2687.85,2687.07,2687.82,37.5719
2026-09-27 16:41:00,2687.81,2688.2,2687.35,2687.53,89.7686
2026-09-27 16:42:00,2687.53,2687.54,2686.77,2686.78,16.5377
2026-09-27 16:43:00,2686.77,2686.77,2684.81,2685.29,120.3162
2026-09-27 16:44:00,2685.28,2685.82,2685.28,2685.82,25.6548
2026-09-27 16:45:00,2685.82,2687.16,2685.81,2686.23,38.4791
2026-09-27 16:46:00,2686.23,2687.19,2686.23,2687.19,65.6981
2026-09-27 16:47:00,2687.19,2688.0,2687.19,2687.5,40.6729
2026-09-27 16:48:00,2687.49,2687.68,2687.09,2687.09,22.9299
2026-09-27 16:49:00,2687.09,2687.49,2686.34,2686.98,105.6428
2026-09-27 16:50:00,2686.98,2686.98,2686.33,2686.33,34.2113
2026-09-27 16:51:00,2686.33,2686.88,2686.03,2686.04,74.0638
2026-09-27 16:52:00,2686.04,2687.51,2686.03,2687.5,50.4739
2026-09-27 16:53:00,2687.5,2688.0,2687.31,2687.31,71.0667
2026-09-27 16:54:00,2687.31,2687.51,2686.41,2686.41,22.1175
2026-09-27 16:55:00,2686.41,2686.47,2686.26,2686.46,15.9531
2026-09-27 16:56:00,2686.46,2686.64,2686.03,2686.35,39.7808
2026-09-27 16:57:00,2686.35,2686.64,2686.13,2686.64,26.0781
2026-09-27 16:58:00,2686.64,2687.16,2686.64,2687.16,7.9452
2026-09-27 16:59:00,2687.16,2687.16,2686.0,2686.5,56.8432
2026-09-27 17:00:00,2686.5,2686.5,2686.08,2686.38,40.94
2026-09-27 17:01:00,2686.38,2687.01,2685.88,2685.88,77.21
2026-09-27 17:02:00,2685.88,2688.81,2685.88,2688.8,129.3669
2026-09-27 17:03:00,2688.8,2689.49,2688.73,2689.49,43.4933
2026-09-27 17:04:00,2689.49,2689.63,2689.31,2689.62,30.4812
2026-09-27 17:05:00,2689.62,2689.68,2689.31,2689.58,90.9403
2026-09-27 17:06:00,2689.58,2689.91,2687.38,2687.38,115.7424
2026-09-27 17:07:00,2687.39,2688.07,2685.81,2688.07,56.5232
2026-09-27 17:08:00,2688.08,2688.29,2687.49,2688.01,73.7265
2026-09-27 17:09:00,2688.01,2688.01,2687.39,2687.7,27.2206
2026-09-27 17:10:00,2687.7,2688.92,2687.69,2688.01,58.0599
2026-09-27 17:11:00,2688.02,2688.28,2687.39,2687.4,30.0223
2026-09-27 17:12:00,2687.4,2688.28,2687.4,2688.28,23.4742
2026-09-27 17:13:00,2688.27,2688.42,2687.81,2688.11,45.5212
2026-09-27 17:14:00,2688.11,2688.36,2688.11,2688.36,13.7936
2026-09-27 17:15:00,2688.35,2689.73,2688.35,2689.72,18.2953
2026-09-27 17:16:00,2689.73,2690.0,2688.99,2689.65,93.2609
2026-09-27 17:17:00,2689.66,2690.04,2689.65,2689.8,41.223
2026-09-27 17:18:00,2689.8,2689.8,2689.46,2689.66,38.8067
2026-09-27 17:19:00,2689.65,2689.66,2688.86,2688.86,37.0967
2026-09-27 17:20:00,2688.86,2689.62,2688.86,2689.09,28.1096
2026-09-27 17:21:00,2689.09,2689.15,2688.52,2688.52,23.1368
2026-09-27 17:22:00,2688.53,2688.55,2688.52,2688.55,13.2644
2026-09-27 17:23:00,2688.55,2688.55,2688.47,2688.47,14.8824
2026-09-27 17:24:00,2688.48,2688.48,2686.95,2688.26,142.6358
2026-09-27 17:25:00,2688.26,2688.39,2688.07,2688.12,14.9748
2026-09-27 17:26:00,2688.11,2688.15,2687.99,2688.15,41.588
2026-09-27 17:27:00,2688.14,2688.14,2687.49,2687.82,47.9615
2026-09-27 17:28:00,2687.82,2687.87,2687.43,2687.43,70.8258
2026-09-27 17:29:00,2687.43,2687.43,2686.24,2686.31,62.7775
2026-09-27 17:30:00,2686.32,2687.09,2686.31,2687.09,30.1302
2026-09-27 17:31:00,2687.09,2689.06,2686.81,2689.05,117.1542
2026-09-27 17:32:00,2689.05,2689.06,2687.95,2687.95,49.6708
2026-09-27 17:33:00,2687.96,2688.22,2687.64,2688.08,42.0031
2026-09-27 17:34:00,2688.08,2689.06,2688.07,2689.05,32.1261
2026-09-27 17:35:00,2689.06,2689.06,2689.05,2689.06,30.019
2026-09-27 17:36:00,2689.05,2689.62,2688.27,2688.27,151.7789
2026-09-27 17:37:00,2688.27,2688.28,2687.49,2687.49,18.3182
2026-09-27 17:38:00,2687.49,2687.79,2687.0,2687.79,27.6443
2026-09-27 17:39:00,2687.8,2688.64,2687.8,2688.18,51.9516
2026-09-27 17:40:00,2688.17,2688.17,2687.63,2687.77,35.8334
2026-09-27 17:41:00,2687.77,2687.77,2687.42,2687.43,45.6911
2026-09-27 17:42:00,2687.43,2687.43,2687.27,2687.27,32.184
2026-09-27 17:43:00,2687.27,2688.12,2687.27,2687.84,96.0708
2026-09-27 17:44:00,2687.85,2688.16,2687.84,2688.15,30.0575
2026-09-27 17:45:00,2688.15,2689.27,2688.15,2689.26,21.3889
2026-09-27 17:46:00,2689.27,2689.27,2689.26,2689.27,9.104
2026-09-27 17:47:00,2689.27,2689.7,2689.26,2689.69,19.6798
2026-09-27 17:48:00,2689.7,2690.18,2689.45,2690.18,28.9997
2026-09-27 17:49:00,2690.17,2691.68,2690.17,2691.68,86.4325
2026-09-27 17:50:00,2691.67,2691.68,2690.6,2690.61,39.8796
2026-09-27 17:51:00,2690.6,2691.08,2690.6,2690.86,21.1829
2026-09-27 17:52:00,2690.85,2690.86,2690.83,2690.84,21.133
2026-09-27 17:53:00,2690.83,2690.94,2690.83,2690.93,31.5872
2026-09-27 17:54:00,2690.94,2690.94,2690.67,2690.67,15.8104
2026-09-27 17:55:00,2690.68,2691.68,2690.67,2691.65,40.6003
2026-09-27 17:56:00,2691.65,2691.66,2690.97,2690.98,35.5048
2026-09-27 17:57:00,2690.97,2691.45,2690.97,2691.45,10.9095
2026-09-27 17:58:00,2691.44,2692.0,2691.36,2691.76,49.1149
2026-09-27 17:59:00,2691.75,2691.76,2691.35,2691.36,14.9071
2026-09-27 18:00:00,2691.35,2691.35,2690.88,2690.88,42.3564
2026-09-27 18:01:00,2690.89,2690.89,2690.12,2690.12,36.9381
2026-09-27 18:02:00,2690.13,2691.26,2690.12,2690.19,74.021
2026-09-27 18:03:00,2690.2,2690.55,2690.05,2690.06,19.9185
2026-09-27 18:04:00,2690.06,2690.06,2690.05,2690.05,13.002
2026-09-27 18:05:00,2690.06,2691.53,2690.05,2690.5,107.694
2026-09-27 18:06:00,2690.51,2690.81,2690.39,2690.39,28.8518
2026-09-27 18:07:00,2690.4,2690.4,2690.39,2690.4,4.1745
2026-09-27 18:08:00,2690.4,2690.4,2690.39,2690.39,3.3085
2026-09-27 18:09:00,2690.4,2690.4,2689.88,2690.39,50.2454
2026-09-27 18:10:00,2690.4,2691.26,2690.39,2691.04,83.3568
2026-09-27 18:11:00,2691.03,2692.12,2690.67,2692.12,131.1091
2026-09-27 18:12:00,2692.11,2692.11,2691.42,2691.42,71.5989
2026-09-27 18:13:00,2691.42,2692.7,2691.42,2692.7,45.001
2026-09-27 18:14:00,2692.7,2692.79,2692.6,2692.6,23.6443
2026-09-27 18:15:00,2692.61,2693.73,2692.6,2693.53,73.7874
2026-09-27 18:16:00,2693.54,2694.5,2693.54,2694.38,95.2819
2026-09-27 18:17:00,2694.39,2694.99,2694.39,2694.67,148.7735
2026-09-27 18:18:00,2694.67,2695.09,2694.66,2695.08,47.5734
2026-09-27 18:19:00,2695.08,2695.09,2694.84,2694.86,104.4255
2026-09-27 18:20:00,2694.86,2695.1,2694.39,2695.1,107.8625
2026-09-27 18:21:00,2695.11,2697.31,2695.1,2697.3,79.1909
2026-09-27 18:22:00,2697.3,2698.28,2695.86,2697.7,330.4726
2026-09-27 18:23:00,2697.69,2699.0,2694.75,2695.38,600.6471
2026-09-27 18:24:00,2695.38,2695.64,2695.37,2695.64,30.7474
2026-09-27 18:25:00,2695.63,2695.64,2694.29,2694.3,64.5675
2026-09-27 18:26:00,2694.29,2695.63,2694.29,2695.63,71.2439
2026-09-27 18:27:00,2695.63,2696.77,2695.63,2696.27,89.4556
2026-09-27 18:28:00,2696.27,2696.77,2696.0,2696.76,71.7971
2026-09-27 18:29:00,2696.77,2697.94,2696.76,2697.93,43.2442
2026-09-27 18:30:00,2697.93,2697.93,2695.83,2696.65,176.3874
2026-09-27 18:31:00,2696.65,2697.05,2696.03,2696.05,655.029
2026-09-27 18:32:00,2696.05,2696.88,2695.86,2696.31,154.2264
2026-09-27 18:33:00,2696.32,2697.15,2696.26,2697.14,89.671
2026-09-27 18:34:00,2697.15,2697.15,2695.99,2695.99,91.4339
2026-09-27 18:35:00,2695.98,2696.44,2695.97,2696.43,82.7618
2026-09-27 18:36:00,2696.44,2696.85,2696.14,2696.84,129.8611
2026-09-27 18:37:00,2696.85,2696.85,2696.34,2696.84,124.2339
2026-09-27 18:38:00,2696.84,2696.85,2696.0,2696.01,53.1511
2026-09-27 18:39:00,2696.0,2696.01,2695.95,2695.95,5.9148
2026-09-27 18:40:00,2695.95,2696.28,2695.95,2696.28,73.802
2026-09-27 18:41:00,2696.28,2696.28,2696.27,2696.27,18.491
2026-09-27 18:42:00,2696.28,2697.0,2696.27,2697.0,15.7481
2026-09-27 18:43:00,2697.0,2697.5,2696.99,2697.49,36.4191
2026-09-27 18:44:00,2697.5,2697.65,2697.21,2697.22,72.0816
2026-09-27 18:45:00,2697.22,2697.57,2696.53,2696.54,226.8941
2026-09-27 18:46:00,2696.54,2698.12,2696.53,2698.12,167.3572
2026-09-27 18:47:00,2698.11,2699.67,2697.92,2697.92,174.9862
2026-09-27 18:48:00,2697.91,2699.17,2697.9,2698.83,247.8971
2026-09-27 18:49:00,2698.84,2698.84,2698.42,2698.65,103.377
2026-09-27 18:50:00,2698.64,2698.65,2698.64,2698.64,17.3968
2026-09-27 18:51:00,2698.64,2698.64,2695.99,2697.11,224.797
2026-09-27 18:52:00,2697.11,2697.31,2697.1,2697.3,19.01
2026-09-27 18:53:00,2697.3,2697.31,2697.3,2697.31,6.9302
2026-09-27 18:54:00,2697.31,2697.31,2697.3,2697.31,41.4866
2026-09-27 18:55:00,2697.31,2697.5,2697.03,2697.04,137.4846
2026-09-27 18:56:00,2697.04,2697.5,2697.0,2697.5,72.2403
2026-09-27 18:57:00,2697.5,2697.53,2697.27,2697.52,143.8169
2026-09-27 18:58:00,2697.52,2698.71,2697.52,2698.0,109.2599
2026-09-27 18:59:00,2698.0,2698.27,2697.84,2698.26,89.3495
2026-09-27 19:00:00,2698.27,2698.74,2696.52,2696.52,114.1284
2026-09-27 19:01:00,2696.53,2697.3,2696.35,2696.35,202.8433
2026-09-27 19:02:00,2696.34,2696.35,2693.54,2693.67,132.7281
2026-09-27 19:03:00,2693.67,2694.15,2693.28,2694.14,130.6313
2026-09-27 19:04:00,2694.15,2694.15,2694.14,2694.15,14.5613
2026-09-27 19:05:00,2694.15,2694.64,2694.14,2694.63,25.6005
2026-09-27 19:06:00,2694.64,2694.91,2694.64,2694.9,20.2045
2026-09-27 19:07:00,2694.91,2694.91,2694.9,2694.9,33.5212
2026-09-27 19:08:00,2694.9,2694.91,2694.9,2694.9,10.0856
2026-09-27 19:09:00,2694.91,2695.29,2694.9,2695.28,49.0989
2026-09-27 19:10:00,2695.28,2695.3,2695.28,2695.3,12.9266
2026-09-27 19:11:00,2695.29,2695.31,2695.29,2695.31,8.6722
2026-09-27 19:12:00,2695.3,2695.31,2695.3,2695.3,10.8663
2026-09-27 19:13:00,2695.3,2695.31,2695.09,2695.1,150.2129
2026-09-27 19:14:00,2695.1,2695.12,2695.1,2695.12,71.6192
2026-09-27 19:15:00,2695.11,2695.95,2695.11,2695.95,32.6518
2026-09-27 19:16:00,2695.95,2695.95,2695.92,2695.92,41.7695
2026-09-27 19:17:00,2695.93,2695.93,2695.26,2695.26,51.7078
2026-09-27 19:18:00,2695.25,2696.39,2695.17,2696.38,179.5481
2026-09-27 19:19:00,2696.39,2696.79,2696.38,2696.79,55.4569
2026-09-27 19:20:00,2696.78,2696.92,2695.76,2695.76,93.4328
2026-09-27 19:21:00,2695.77,2695.92,2694.16,2694.41,164.8735
2026-09-27 19:22:00,2694.42,2694.42,2694.36,2694.37,19.0749
2026-09-27 19:23:00,2694.37,2694.38,2693.9,2693.9,46.1756
2026-09-27 19:24:00,2693.89,2694.3,2693.89,2694.3,53.771
2026-09-27 19:25:00,2694.3,2694.3,2694.29,2694.3,8.7383
2026-09-27 19:26:00,2694.29,2694.29,2693.25,2693.25,55.574
2026-09-27 19:27:00,2693.25,2693.25,2692.35,2692.44,336.2172
2026-09-27 19:28:00,2692.45,2692.45,2692.0,2692.01,44.7617
2026-09-27 19:29:00,2692.0,2692.15,2692.0,2692.14,39.2771
2026-09-27 19:30:00,2692.15,2692.47,2691.25,2691.25,94.8515
2026-09-27 19:31:00,2691.26,2692.21,2691.25,2692.21,39.1469
2026-09-27 19:32:00,2692.22,2692.28,2691.19,2691.19,55.7369
2026-09-27 19:33:00,2691.2,2691.2,2690.45,2690.79,98.7849
2026-09-27 19:34:00,2690.78,2690.97,2690.78,2690.97,14.2235
2026-09-27 19:35:00,2690.97,2690.97,2690.92,2690.92,28.1045
2026-09-27 19:36:00,2690.93,2690.93,2690.92,2690.92,6.5467
2026-09-27 19:37:00,2690.92,2693.76,2690.92,2693.32,116.6116
2026-09-27 19:38:00,2693.32,2694.0,2693.32,2693.99,19.0722
2026-09-27 19:39:00,2694.0,2694.0,2693.43,2693.55,74.8662
2026-09-27 19:40:00,2693.55,2694.0,2693.21,2693.22,66.8737
2026-09-27 19:41:00,2693.21,2694.55,2693.21,2694.55,39.0476
2026-09-27 19:42:00,2694.55,2694.55,2693.79,2693.8,52.2839
2026-09-27 19:43:00,2693.79,2693.8,2693.24,2693.24,31.7199
2026-09-27 19:44:00,2693.24,2693.24,2693.2,2693.21,14.0795
2026-09-27 19:45:00,2693.21,2693.62,2693.2,2693.58,45.0332
2026-09-27 19:46:00,2693.59,2694.99,2693.58,2694.99,35.1648
2026-09-27 19:47:00,2694.99,2695.07,2694.61,2694.61,38.7309
2026-09-27 19:48:00,2694.61,2694.63,2694.3,2694.3,36.5303
2026-09-27 19:49:00,2694.3,2694.3,2694.0,2694.19,34.7433
2026-09-27 19:50:00,2694.18,2694.19,2694.18,2694.19,16.8638
2026-09-27 19:51:00,2694.19,2694.19,2693.62,2693.63,25.7517
2026-09-27 19:52:00,2693.62,2693.63,2693.33,2693.33,18.8394
2026-09-27 19:53:00,2693.33,2693.33,2692.68,2692.69,20.114
2026-09-27 19:54:00,2692.69,2692.71,2692.46,2692.46,34.8716
2026-09-27 19:55:00,2692.46,2692.47,2692.46,2692.46,18.9946
2026-09-27 19:56:00,2692.46,2692.53,2692.46,2692.53,25.9719
2026-09-27 19:57:00,2692.53,2692.53,2692.41,2692.41,41.2509
2026-09-27 19:58:00,2692.41,2692.42,2691.4,2691.42,23.1081
2026-09-27 19:59:00,2691.43,2691.43,2691.42,2691.43,10.1069
2026-09-27 20:00:00,2691.43,2692.51,2691.43,2692.45,123.9687
2026-09-27 20:01:00,2692.46,2692.71,2692.46,2692.7,45.4121
2026-09-27 20:02:00,2692.71,2693.11,2692.71,2693.1,61.1189
2026-09-27 20:03:00,2693.11,2693.52,2693.1,2693.51,18.8419
2026-09-27 20:04:00,2693.52,2694.18,2693.52,2694.17,21.2817
2026-09-27 20:05:00,2694.18,2694.18,2692.91,2692.92,93.1753
2026-09-27 20:06:00,2692.91,2692.92,2692.6,2692.61,12.4088
2026-09-27 20:07:00,2692.61,2692.61,2692.6,2692.61,9.8673
2026-09-27 20:08:00,2692.61,2694.38,2692.6,2694.34,206.3293
2026-09-27 20:09:00,2694.34,2694.51,2694.34,2694.51,47.1308
2026-09-27 20:10:00,2694.5,2694.78,2694.5,2694.78,12.315
2026-09-27 20:11:00,2694.77,2695.76,2694.77,2695.42,99.1555
2026-09-27 20:12:00,2695.41,2695.42,2695.41,2695.41,18.451
2026-09-27 20:13:00,2695.42,2695.83,2695.41,2695.83,36.2145
2026-09-27 20:14:00,2695.83,2696.05,2695.83,2696.05,20.5653
2026-09-27 20:15:00,2696.04,2696.22,2696.04,2696.21,40.2092
2026-09-27 20:16:00,2696.22,2696.23,2695.51,2695.51,119.9273
2026-09-27 20:17:00,2695.51,2695.96,2695.4,2695.41,89.6862
2026-09-27 20:18:00,2695.41,2695.96,2695.04,2695.05,30.6332
2026-09-27 20:19:00,2695.05,2695.24,2695.02,2695.23,50.1894
2026-09-27 20:20:00,2695.24,2695.24,2693.69,2693.69,49.2785
2026-09-27 20:21:00,2693.69,2693.81,2690.38,2690.98,297.2436
2026-09-27 20:22:00,2690.98,2691.36,2690.49,2691.19,84.2048
2026-09-27 20:23:00,2691.19,2691.19,2689.39,2689.67,124.7369
2026-09-27 20:24:00,2689.67,2690.43,2689.52,2690.35,33.4776
2026-09-27 20:25:00,2690.36,2690.36,2689.15,2689.15,68.5282
2026-09-27 20:26:00,2689.15,2689.15,2688.13,2688.71,79.8427
2026-09-27 20:27:00,2688.72,2689.19,2688.72,2689.07,44.4841
2026-09-27 20:28:00,2689.06,2689.46,2688.53,2689.46,37.6208
2026-09-27 20:29:00,2689.45,2689.45,2688.71,2688.81,32.0737
2026-09-27 20:30:00,2688.81,2690.0,2688.81,2690.0,36.1366
2026-09-27 20:31:00,2690.0,2690.31,2690.0,2690.03,21.787
2026-09-27 20:32:00,2690.03,2690.13,2689.23,2689.23,45.3517
2026-09-27 20:33:00,2689.23,2689.48,2689.23,2689.47,8.0836
2026-09-27 20:34:00,2689.47,2690.47,2689.47,2690.22,38.576
2026-09-27 20:35:00,2690.21,2690.22,2689.9,2690.22,17.238
2026-09-27 20:36:00,2690.22,2691.07,2690.21,2691.07,35.4218
2026-09-27 20:37:00,2691.06,2691.07,2690.06,2690.06,29.0053
2026-09-27 20:38:00,2690.06,2690.06,2689.72,2689.97,54.9834
2026-09-27 20:39:00,2689.98,2690.71,2689.85,2689.86,72.2857
2026-09-27 20:40:00,2689.85,2690.36,2689.85,2690.36,5.84
2026-09-27 20:41:00,2690.36,2690.9,2690.0,2690.01,50.1843
2026-09-27 20:42:00,2690.01,2690.19,2690.01,2690.19,9.9238
2026-09-27 20:43:00,2690.18,2691.45,2690.18,2691.45,40.6064
2026-09-27 20:44:00,2691.46,2691.68,2691.45,2691.67,9.0542
2026-09-27 20:45:00,2691.67,2691.97,2691.13,2691.13,113.9968
2026-09-27 20:46:00,2691.13,2691.25,2690.88,2691.25,77.6377
2026-09-27 20:47:00,2691.24,2691.25,2687.88,2687.89,373.7701
2026-09-27 20:48:00,2687.88,2688.0,2687.88,2687.99,191.3889
2026-09-27 20:49:00,2688.0,2689.18,2687.13,2687.14,1180.4258
2026-09-27 20:50:00,2687.14,2688.01,2687.13,2687.73,76.0254
2026-09-27 20:51:00,2687.72,2688.01,2687.72,2687.99,34.5857
2026-09-27 20:52:00,2687.99,2688.25,2687.07,2688.24,54.1212
2026-09-27 20:53:00,2688.24,2688.25,2687.56,2687.64,33.7387
2026-09-27 20:54:00,2687.64,2687.64,2685.74,2685.75,206.2666
2026-09-27 20:55:00,2685.75,2686.02,2685.34,2686.02,79.5144
2026-09-27 20:56:00,2686.02,2686.46,2685.74,2686.46,134.5758
2026-09-27 20:57:00,2686.45,2686.69,2685.96,2686.62,109.3743
2026-09-27 20:58:00,2686.62,2686.62,2686.12,2686.13,31.0324
2026-09-27 20:59:00,2686.13,2686.13,2686.12,2686.13,6.154
2026-09-27 21:00:00,2686.13,2687.35,2686.13,2687.35,34.6271
2026-09-27 21:01:00,2687.35,2687.36,2687.12,2687.35,13.9841
2026-09-27 21:02:00,2687.35,2687.36,2686.32,2686.33,22.0644
2026-09-27 21:03:00,2686.32,2689.19,2686.32,2689.19,90.4028
2026-09-27 21:04:00,2689.18,2689.19,2688.61,2688.61,24.435
2026-09-27 21:05:00,2688.61,2688.61,2687.61,2687.61,36.3631
2026-09-27 21:06:00,2687.61,2687.99,2687.61,2687.99,40.7723
2026-09-27 21:07:00,2687.99,2688.22,2687.98,2688.22,22.094
2026-09-27 21:08:00,2688.21,2688.22,2688.21,2688.22,5.1953
2026-09-27 21:09:00,2688.21,2688.64,2688.21,2688.64,28.2275
2026-09-27 21:10:00,2688.63,2688.66,2688.63,2688.66,7.0356
2026-09-27 21:11:00,2688.66,2688.96,2688.66,2688.96,11.8511
2026-09-27 21:12:00,2688.96,2688.96,2688.95,2688.95,3.7602
2026-09-27 21:13:00,2688.96,2690.75,2688.95,2690.74,78.5659
2026-09-27 21:14:00,2690.75,2692.13,2690.74,2691.93,46.569
2026-09-27 21:15:00,2691.93,2693.11,2691.93,2692.33,141.526
2026-09-27 21:16:00,2692.34,2693.1,2689.98,2690.36,188.2246
2026-09-27 21:17:00,2690.36,2690.37,2690.32,2690.32,8.8754
2026-09-27 21:18:00,2690.32,2691.02,2689.9,2691.01,47.8672
2026-09-27 21:19:00,2691.01,2691.01,2690.0,2690.01,40.4672
2026-09-27 21:20:00,2690.0,2690.28,2689.8,2689.8,27.0531
2026-09-27 21:21:00,2689.8,2689.8,2689.33,2689.33,93.801
2026-09-27 21:22:00,2689.33,2689.4,2689.33,2689.37,13.001
2026-09-27 21:23:00,2689.38,2689.46,2689.37,2689.46,20.108
2026-09-27 21:24:00,2689.46,2690.32,2689.46,2690.31,30.3542
2026-09-27 21:25:00,2690.32,2691.08,2690.0,2690.0,49.611
2026-09-27 21:26:00,2690.01,2690.01,2688.89,2688.89,18.3878
2026-09-27 21:27:00,2688.89,2688.89,2688.06,2688.06,13.222
2026-09-27 21:28:00,2688.07,2688.07,2687.24,2687.36,76.8867
2026-09-27 21:29:00,2687.36,2687.53,2687.26,2687.26,56.8864
2026-09-27 21:30:00,2687.26,2687.26,2686.72,2686.72,24.0663
2026-09-27 21:31:00,2686.72,2687.69,2686.59,2687.69,84.923
2026-09-27 21:32:00,2687.69,2687.7,2686.92,2686.99,33.5795
2026-09-27 21:33:00,2686.99,2686.99,2686.59,2686.78,61.1213
2026-09-27 21:34:00,2686.78,2687.2,2686.52,2687.0,48.5083
2026-09-27 21:35:00,2687.0,2687.01,2685.0,2685.01,79.4549
2026-09-27 21:36:00,2685.01,2685.48,2679.0,2680.37,1393.008
2026-09-27 21:37:00,2680.37,2680.38,2675.28,2678.87,911.7893
2026-09-27 21:38:00,2678.87,2680.5,2677.74,2680.14,111.4322
2026-09-27 21:39:00,2680.13,2681.22,2680.0,2681.22,225.0167
2026-09-27 21:40:00,2681.22,2681.53,2679.83,2679.84,49.2256
2026-09-27 21:41:00,2679.84,2680.67,2679.84,2680.66,27.8573
2026-09-27 21:42:00,2680.66,2682.41,2680.65,2682.37,92.1512
2026-09-27 21:43:00,2682.36,2682.63,2682.26,2682.63,65.9401
2026-09-27 21:44:00,2682.63,2682.78,2680.31,2682.3,88.137
2026-09-27 21:45:00,2682.3,2682.77,2680.95,2682.28,65.0299
2026-09-27 21:46:00,2682.29,2683.8,2682.29,2683.79,50.2456
2026-09-27 21:47:00,2683.79,2684.56,2683.7,2684.39,42.1903
2026-09-27 21:48:00,2684.4,2684.87,2684.39,2684.87,69.8915
2026-09-27 21:49:00,2684.87,2684.87,2683.7,2684.5,28.4343
2026-09-27 21:50:00,2684.51,2685.02,2684.5,2684.99,50.8471
2026-09-27 21:51:00,2684.99,2685.02,2684.99,2685.02,3.1589
2026-09-27 21:52:00,2685.02,2685.03,2685.01,2685.03,27.7715
2026-09-27 21:53:00,2685.03,2685.03,2685.02,2685.02,41.4419
2026-09-27 21:54:00,2685.03,2685.03,2683.81,2684.05,82.7188
2026-09-27 21:55:00,2684.05,2684.99,2684.04,2684.99,22.3405
2026-09-27 21:56:00,2684.98,2685.0,2683.99,2684.81,58.824
2026-09-27 21:57:00,2684.81,2685.67,2684.81,2685.67,16.7526
2026-09-27 21:58:00,2685.66,2685.67,2684.85,2684.85,38.95
2026-09-27 21:59:00,2684.84,2685.21,2684.01,2684.44,142.3916
2026-09-27 22:00:00,2684.44,2686.46,2681.89,2682.32,229.7785
2026-09-27 22:01:00,2682.32,2683.47,2675.71,2677.94,716.8898
2026-09-27 22:02:00,2677.93,2677.93,2672.39,2676.86,739.9513
2026-09-27 22:03:00,2676.85,2677.95,2673.81,2677.06,306.69
2026-09-27 22:04:00,2677.06,2677.87,2675.67,2677.46,204.206
2026-09-27 22:05:00,2677.45,2679.24,2676.34,2678.35,159.7324
2026-09-27 22:06:00,2678.34,2681.12,2678.34,2678.66,145.8681
2026-09-27 22:07:00,2678.67,2678.72,2674.72,2676.85,306.3614
2026-09-27 22:08:00,2676.85,2676.85,2674.0,2674.97,163.7931
2026-09-27 22:09:00,2674.98,2676.63,2673.47,2676.1,195.3819
2026-09-27 22:10:00,2676.11,2676.55,2675.29,2676.55,83.941
2026-09-27 22:11:00,2676.55,2677.54,2675.32,2675.37,82.5582
2026-09-27 22:12:00,2675.38,2676.19,2675.0,2675.6,67.5595
2026-09-27 22:13:00,2675.6,2675.88,2672.8,2673.12,135.6357
2026-09-27 22:14:00,2673.12,2673.87,2672.11,2673.68,134.3488
2026-09-27 22:15:00,2673.68,2674.07,2671.44,2672.67,387.1158
2026-09-27 22:16:00,2672.67,2673.49,2672.03,2673.25,111.3989
2026-09-27 22:17:00,2673.25,2676.36,2673.25,2676.04,28.7274
2026-09-27 22:18:00,2676.04,2677.85,2675.77,2677.56,242.6513
2026-09-27 22:19:00,2677.56,2679.22,2677.1,2678.45,51.5114
2026-09-27 22:20:00,2678.45,2679.56,2676.91,2676.91,58.0043
2026-09-27 22:21:00,2676.91,2678.53,2676.54,2678.17,61.0931
2026-09-27 22:22:00,2678.17,2679.83,2678.17,2679.83,29.6172
2026-09-27 22:23:00,2679.83,2681.53,2679.82,2681.52,72.5796
2026-09-27 22:24:00,2681.53,2682.54,2681.52,2682.29,55.4158
2026-09-27 22:25:00,2682.3,2683.87,2682.3,2683.87,62.9025
2026-09-27 22:26:00,2683.88,2684.16,2683.28,2683.28,45.4243
2026-09-27 22:27:00,2683.28,2684.55,2683.28,2684.55,104.9708
2026-09-27 22:28:00,2684.55,2685.06,2684.55,2684.57,96.2456
2026-09-27 22:29:00,2684.56,2684.56,2683.37,2683.44,74.4386
2026-09-27 22:30:00,2683.43,2683.43,2680.73,2680.73,62.7329
2026-09-27 22:31:00,2680.73,2680.73,2678.99,2679.06,94.2482
2026-09-27 22:32:00,2679.05,2679.05,2677.7,2677.7,133.1478
2026-09-27 22:33:00,2677.7,2678.07,2675.34,2675.34,170.8502
2026-09-27 22:34:00,2675.35,2675.53,2672.46,2672.52,255.0564
2026-09-27 22:35:00,2672.52,2673.79,2671.43,2673.79,355.2588
2026-09-27 22:36:00,2673.79,2675.61,2672.77,2672.77,243.9518
2026-09-27 22:37:00,2672.77,2673.31,2671.08,2673.31,298.7374
2026-09-27 22:38:00,2673.32,2673.94,2672.6,2672.6,81.7948
2026-09-27 22:39:00,2672.6,2674.09,2672.6,2672.73,236.479
2026-09-27 22:40:00,2672.73,2672.73,2671.88,2672.29,77.2619
2026-09-27 22:41:00,2672.28,2672.28,2671.46,2671.46,92.9612
2026-09-27 22:42:00,2671.47,2671.96,2671.0,2671.36,153.4991
2026-09-27 22:43:00,2671.36,2671.81,2671.36,2671.6,46.1778
2026-09-27 22:44:00,2671.59,2671.81,2670.98,2670.99,123.2062
2026-09-27 22:45:00,2670.98,2670.98,2669.79,2670.34,414.4909
2026-09-27 22:46:00,2670.34,2670.47,2670.02,2670.06,98.8438
2026-09-27 22:47:00,2670.06,2671.8,2669.78,2671.79,115.7125
2026-09-27 22:48:00,2671.8,2671.81,2670.37,2670.37,63.2848
2026-09-27 22:49:00,2670.37,2671.76,2670.37,2671.63,98.6285
2026-09-27 22:50:00,2671.63,2673.19,2671.51,2672.81,125.2409
2026-09-27 22:51:00,2672.82,2673.39,2672.37,2672.94,138.344
2026-09-27 22:52:00,2672.95,2675.05,2672.95,2674.5,74.4159
2026-09-27 22:53:00,2674.5,2675.37,2674.5,2675.37,51.582
2026-09-27 22:54:00,2675.37,2675.37,2674.53,2674.96,48.5508
2026-09-27 22:55:00,2674.97,2676.13,2674.97,2675.86,98.3773
2026-09-27 22:56:00,2675.86,2675.86,2675.04,2675.79,57.9718
2026-09-27 22:57:00,2675.8,2676.29,2675.79,2676.16,53.7373
2026-09-27 22:58:00,2676.17,2676.17,2676.1,2676.1,25.7109
2026-09-27 22:59:00,2676.1,2676.11,2675.15,2675.71,53.8323
2026-09-27 23:00:00,2675.7,2680.0,2675.15,2680.0,240.7473
2026-09-27 23:01:00,2680.0,2680.24,2678.76,2680.24,142.2462
2026-09-27 23:02:00,2680.23,2681.36,2680.1,2680.1,103.177
2026-09-27 23:03:00,2680.11,2680.9,2678.58,2679.44,64.2387
2026-09-27 23:04:00,2679.44,2680.93,2679.44,2679.92,51.7537
2026-09-27 23:05:00,2679.91,2680.18,2678.0,2678.0,76.5077
2026-09-27 23:06:00,2678.0,2678.0,2676.02,2676.49,61.8861
2026-09-27 23:07:00,2676.49,2676.49,2675.59,2675.67,79.0754
2026-09-27 23:08:00,2675.67,2675.83,2674.44,2674.85,92.9054
2026-09-27 23:09:00,2674.85,2675.0,2674.05,2674.27,60.9548
2026-09-27 23:10:00,2674.27,2676.29,2673.89,2675.28,216.8769
2026-09-27 23:11:00,2675.27,2676.27,2675.06,2675.29,44.7212
2026-09-27 23:12:00,2675.3,2675.72,2675.06,2675.58,37.8219
2026-09-27 23:13:00,2675.57,2679.39,2675.41,2678.77,283.5328
2026-09-27 23:14:00,2678.76,2678.76,2676.44,2676.44,20.649
2026-09-27 23:15:00,2676.44,2677.47,2676.14,2676.28,56.2147
2026-09-27 23:16:00,2676.27,2679.36,2676.09,2679.25,46.6669
2026-09-27 23:17:00,2679.26,2680.64,2678.71,2678.92,104.764
2026-09-27 23:18:00,2678.93,2680.68,2678.92,2679.3,108.8383
2026-09-27 23:19:00,2679.31,2680.6,2679.28,2680.6,46.2926
2026-09-27 23:20:00,2680.61,2682.61,2680.6,2682.26,97.2087
2026-09-27 23:21:00,2682.25,2682.76,2681.75,2682.76,43.953
2026-09-27 23:22:00,2682.75,2683.11,2681.85,2682.84,45.9208
2026-09-27 23:23:00,2682.84,2683.11,2681.97,2681.97,42.6619
2026-09-27 23:24:00,2681.96,2683.74,2681.96,2683.73,100.628
2026-09-27 23:25:00,2683.73,2685.55,2683.73,2685.28,142.4041
2026-09-27 23:26:00,2685.29,2686.86,2685.29,2686.85,165.7931
2026-09-27 23:27:00,2686.86,2687.64,2685.32,2687.02,223.9372
2026-09-27 23:28:00,2687.02,2687.31,2685.02,2685.9,55.81
2026-09-27 23:29:00,2685.9,2686.0,2685.29,2685.36,30.3182
2026-09-27 23:30:00,2685.35,2687.3,2685.01,2687.1,141.4566
2026-09-27 23:31:00,2687.1,2687.36,2686.89,2687.08,78.1087
2026-09-27 23:32:00,2687.07,2687.7,2686.79,2687.24,82.3421
2026-09-27 23:33:00,2687.25,2687.63,2686.23,2686.95,90.5892
2026-09-27 23:34:00,2686.96,2687.4,2685.67,2687.39,77.6323
2026-09-27 23:35:00,2687.4,2687.9,2685.0,2686.12,116.9086
2026-09-27 23:36:00,2686.1,2686.15,2685.39,2685.62,30.4576
2026-09-27 23:37:00,2685.63,2686.92,2685.51,2686.58,46.4217
2026-09-27 23:38:00,2686.58,2686.98,2686.08,2686.09,51.1905
2026-09-27 23:39:00,2686.08,2686.81,2686.06,2686.81,81.3716
2026-09-27 23:40:00,2686.81,2686.81,2686.23,2686.38,60.6786
2026-09-27 23:41:00,2686.37,2686.37,2684.71,2685.09,57.0982
2026-09-27 23:42:00,2685.1,2685.1,2683.85,2684.03,146.1873
2026-09-27 23:43:00,2684.02,2684.03,2683.59,2683.91,30.5095
2026-09-27 23:44:00,2683.91,2684.03,2683.54,2683.55,78.7099
2026-09-27 23:45:00,2683.55,2684.37,2683.02,2683.34,95.0657
2026-09-27 23:46:00,2683.33,2684.85,2683.3,2684.85,17.4331
2026-09-27 23:47:00,2684.84,2686.07,2683.7,2686.06,133.1719
2026-09-27 23:48:00,2686.07,2686.91,2685.83,2686.9,116.2512
2026-09-27 23:49:00,2686.9,2687.46,2686.81,2686.83,98.9636
2026-09-27 23:50:00,2686.82,2687.8,2686.68,2687.8,49.9717
2026-09-27 23:51:00,2687.79,2688.0,2687.23,2688.0,56.5705
2026-09-27 23:52:00,2687.99,2690.55,2687.99,2690.54,153.576
2026-09-27 23:53:00,2690.54,2690.83,2690.09,2690.5,97.1231
2026-09-27 23:54:00,2690.5,2690.5,2688.71,2689.81,119.4181
2026-09-27 23:55:00,2689.81,2689.81,2689.46,2689.58,55.6104
2026-09-27 23:56:00,2689.58,2690.83,2689.57,2690.2,227.7359
2026-09-27 23:57:00,2690.2,2691.31,2689.25,2689.52,133.9463
2026-09-27 23:58:00,2689.52,2689.52,2686.44,2687.54,182.688
2026-09-27 23:59:00,2687.54,2688.66,2687.5,2688.65,22.4298
2026-09-28 00:00:00,2688.65,2689.08,2687.45,2688.91,271.5083
2026-09-28 00:01:00,2688.91,2691.21,2688.45,2691.2,114.9398
2026-09-28 00:02:00,2691.2,2691.93,2690.0,2690.0,61.2701
2026-09-28 00:03:00,2690.01,2690.72,2689.82,2690.63,155.4677
2026-09-28 00:04:00,2690.63,2691.38,2690.62,2690.93,92.7599
2026-09-28 00:05:00,2690.92,2690.99,2689.49,2689.86,181.4508
2026-09-28 00:06:00,2689.86,2690.71,2689.74,2690.1,32.2913
2026-09-28 00:07:00,2690.09,2690.22,2688.28,2688.97,54.4565
2026-09-28 00:08:00,2688.97,2688.97,2686.55,2686.55,65.2446
2026-09-28 00:09:00,2686.53,2686.73,2684.59,2685.28,62.8945
2026-09-28 00:10:00,2685.28,2686.28,2685.27,2685.36,64.5563
2026-09-28 00:11:00,2685.36,2686.76,2685.18,2685.19,98.5432
2026-09-28 00:12:00,2685.19,2685.6,2684.81,2685.6,31.7648
2026-09-28 00:13:00,2685.6,2686.0,2685.23,2685.64,74.4305
2026-09-28 00:14:00,2685.64,2687.28,2685.64,2686.54,78.6757
2026-09-28 00:15:00,2686.54,2687.81,2686.35,2687.27,49.5724
2026-09-28 00:16:00,2687.27,2689.47,2687.27,2689.01,83.244
2026-09-28 00:17:00,2689.01,2689.01,2688.28,2688.33,54.1234
2026-09-28 00:18:00,2688.33,2690.15,2688.03,2690.03,36.7036
2026-09-28 00:19:00,2690.04,2693.82,2690.03,2693.63,1037.566
2026-09-28 00:20:00,2693.63,2697.55,2693.63,2696.75,634.4437
2026-09-28 00:21:00,2696.73,2703.51,2696.69,2702.53,1208.8516
2026-09-28 00:22:00,2702.52,2703.03,2698.15,2698.15,316.3629
2026-09-28 00:23:00,2698.15,2699.96,2696.21,2698.32,384.5893
2026-09-28 00:24:00,2698.3,2698.3,2695.95,2695.95,204.8147
2026-09-28 00:25:00,2695.94,2696.26,2693.3,2696.25,180.7249
2026-09-28 00:26:00,2696.25,2697.5,2695.02,2695.03,150.0682
2026-09-28 00:27:00,2695.02,2695.54,2691.7,2691.7,218.6513
2026-09-28 00:28:00,2691.69,2691.74,2689.1,2691.46,156.6675
2026-09-28 00:29:00,2691.45,2693.34,2691.45,2692.93,101.6415
2026-09-28 00:30:00,2692.93,2692.99,2690.27,2690.91,137.4199
2026-09-28 00:31:00,2690.91,2690.91,2682.78,2684.53,391.191
2026-09-28 00:32:00,2684.53,2684.75,2677.92,2679.32,634.6459
2026-09-28 00:33:00,2679.37,2681.97,2677.21,2677.7,407.6921
2026-09-28 00:34:00,2677.77,2680.69,2675.63,2678.0,312.3075
2026-09-28 00:35:00,2678.12,2679.02,2673.02,2675.03,380.1625
2026-09-28 00:36:00,2675.04,2676.77,2673.27,2674.16,247.7072
2026-09-28 00:37:00,2674.16,2677.17,2673.89,2675.8,137.638
2026-09-28 00:38:00,2675.8,2677.81,2675.53,2677.63,120.6107
2026-09-28 00:39:00,2677.62,2677.62,2673.4,2673.41,253.6629
2026-09-28 00:40:00,2673.4,2673.93,2672.0,2673.6,247.5858
2026-09-28 00:41:00,2673.59,2675.53,2673.43,2675.53,104.7349
2026-09-28 00:42:00,2675.53,2676.43,2674.57,2675.53,165.6321
2026-09-28 00:43:00,2675.54,2676.91,2675.54,2676.29,85.1665
2026-09-28 00:44:00,2676.3,2677.88,2676.3,2677.82,70.1742
2026-09-28 00:45:00,2677.82,2682.12,2677.82,2682.12,243.2085
2026-09-28 00:46:00,2682.12,2684.03,2681.28,2682.67,167.8345
2026-09-28 00:47:00,2682.67,2685.0,2682.5,2685.0,89.4779
2026-09-28 00:48:00,2684.99,2687.02,2684.61,2687.01,126.8664
2026-09-28 00:49:00,2687.02,2688.36,2686.45,2687.06,220.3936
2026-09-28 00:50:00,2687.07,2688.48,2686.34,2688.02,94.6109
2026-09-28 00:51:00,2688.02,2690.01,2687.55,2689.15,120.7997
2026-09-28 00:52:00,2689.15,2689.39,2685.27,2685.27,125.5779
2026-09-28 00:53:00,2685.28,2685.34,2683.8,2683.8,66.3356
2026-09-28 00:54:00,2683.81,2684.58,2681.26,2681.26,226.0057
2026-09-28 00:55:00,2681.27,2682.12,2677.88,2677.88,263.6569
2026-09-28 00:56:00,2677.89,2678.71,2675.56,2675.57,230.6163
2026-09-28 00:57:00,2675.56,2675.56,2673.77,2674.15,213.0135
2026-09-28 00:58:00,2674.16,2677.37,2674.13,2674.72,192.3506
2026-09-28 00:59:00,2674.71,2674.95,2673.39,2673.51,182.7881
2026-09-28 01:00:00,2673.57,2675.65,2673.08,2674.0,401.6912
2026-09-28 01:01:00,2674.01,2674.82,2672.0,2672.59,329.4005
2026-09-28 01:02:00,2672.6,2675.64,2671.42,2674.64,384.1026
2026-09-28 01:03:00,2674.64,2675.64,2670.35,2672.38,386.8535
2026-09-28 01:04:00,2672.38,2674.46,2670.49,2674.46,298.6519
2026-09-28 01:05:00,2674.47,2674.54,2670.07,2670.22,360.6718
2026-09-28 01:06:00,2670.23,2672.9,2667.01,2672.29,851.3366
2026-09-28 01:07:00,2672.29,2679.41,2672.29,2679.02,383.5649
2026-09-28 01:08:00,2679.03,2679.18,2677.56,2679.18,123.6217
2026-09-28 01:09:00,2679.18,2679.67,2672.88,2673.93,217.1078
2026-09-28 01:10:00,2673.94,2674.75,2672.13,2672.56,199.7718
2026-09-28 01:11:00,2672.57,2673.42,2672.01,2673.42,111.1533
2026-09-28 01:12:00,2673.41,2674.35,2670.0,2670.46,355.3625
2026-09-28 01:13:00,2670.45,2670.56,2667.74,2668.48,195.2627
2026-09-28 01:14:00,2668.48,2670.2,2667.73,2667.73,141.599
2026-09-28 01:15:00,2667.74,2670.42,2666.55,2668.9,422.0294
2026-09-28 01:16:00,2668.9,2669.91,2666.83,2668.73,178.9089
2026-09-28 01:17:00,2668.72,2670.79,2666.3,2667.12,301.0683
2026-09-28 01:18:00,2667.12,2670.08,2666.76,2669.33,139.7845
2026-09-28 01:19:00,2669.33,2671.21,2666.52,2670.48,210.0242
2026-09-28 01:20:00,2670.49,2671.92,2670.12,2671.39,176.6569
2026-09-28 01:21:00,2671.4,2676.72,2671.39,2676.2,276.4393
2026-09-28 01:22:00,2676.2,2676.2,2672.53,2672.53,191.4354
2026-09-28 01:23:00,2672.53,2675.36,2671.15,2672.22,122.1092
2026-09-28 01:24:00,2672.22,2672.22,2670.98,2671.76,158.1731
2026-09-28 01:25:00,2671.75,2673.41,2671.06,2673.41,132.1802
2026-09-28 01:26:00,2673.4,2676.02,2673.4,2675.94,34.451
2026-09-28 01:27:00,2675.94,2676.72,2674.82,2674.83,71.3576
2026-09-28 01:28:00,2674.82,2674.88,2673.49,2674.49,77.5639
2026-09-28 01:29:00,2674.57,2676.03,2674.0,2674.41,81.5245
2026-09-28 01:30:00,2674.4,2677.22,2673.78,2674.73,162.3913
2026-09-28 01:31:00,2674.72,2676.25,2673.97,2674.19,113.8955
2026-09-28 01:32:00,2674.2,2675.11,2671.98,2674.2,126.6804
2026-09-28 01:33:00,2674.2,2675.3,2673.62,2673.63,166.0584
2026-09-28 01:34:00,2673.63,2674.85,2673.06,2673.12,110.4381
2026-09-28 01:35:00,2673.11,2673.82,2670.46,2672.33,154.45
2026-09-28 01:36:00,2672.33,2673.12,2670.9,2670.9,167.8144
2026-09-28 01:37:00,2670.87,2671.13,2670.14,2670.15,159.3155
2026-09-28 01:38:00,2670.14,2670.62,2668.27,2668.52,226.0288
2026-09-28 01:39:00,2668.51,2670.18,2666.99,2669.86,220.3828
2026-09-28 01:40:00,2669.87,2670.08,2667.08,2667.12,151.6311
2026-09-28 01:41:00,2667.13,2670.82,2667.09,2670.55,113.4238
2026-09-28 01:42:00,2670.56,2671.41,2668.91,2668.92,72.4918
2026-09-28 01:43:00,2668.92,2668.92,2667.09,2667.53,73.3403
2026-09-28 01:44:00,2667.52,2667.53,2665.0,2665.03,656.7519
2026-09-28 01:45:00,2665.02,2667.86,2665.01,2666.04,199.9484
2026-09-28 01:46:00,2666.03,2666.03,2665.01,2665.48,139.6786
2026-09-28 01:47:00,2665.49,2668.29,2665.48,2668.22,135.6286
2026-09-28 01:48:00,2668.22,2669.03,2665.45,2665.63,143.8502
2026-09-28 01:49:00,2665.63,2665.78,2653.0,2653.53,4034.4372
2026-09-28 01:50:00,2653.52,2658.76,2650.0,2658.0,2691.4742
2026-09-28 01:51:00,2657.99,2660.3,2656.91,2658.99,338.0213
2026-09-28 01:52:00,2658.99,2660.67,2656.94,2659.25,317.2846
2026-09-28 01:53:00,2659.25,2660.64,2658.83,2660.54,132.9784
2026-09-28 01:54:00,2660.54,2662.53,2659.02,2659.03,229.6589
2026-09-28 01:55:00,2659.02,2660.71,2658.81,2659.24,132.9715
2026-09-28 01:56:00,2659.24,2662.13,2658.25,2662.13,159.0465
2026-09-28 01:57:00,2662.14,2663.16,2656.66,2656.66,402.5249
2026-09-28 01:58:00,2656.66,2658.08,2656.0,2657.36,283.9645
2026-09-28 01:59:00,2657.36,2657.77,2656.94,2657.38,106.2443
2026-09-28 02:00:00,2657.38,2657.38,2652.64,2652.74,569.0052
2026-09-28 02:01:00,2652.75,2656.48,2651.29,2656.22,505.4231
2026-09-28 02:02:00,2656.22,2656.22,2651.98,2654.07,338.6447
2026-09-28 02:03:00,2654.07,2655.73,2651.0,2655.68,367.6259
2026-09-28 02:04:00,2655.72,2657.09,2654.12,2656.0,474.4809
2026-09-28 02:05:00,2655.99,2657.54,2654.81,2655.12,311.1644
2026-09-28 02:06:00,2655.13,2655.62,2652.79,2653.93,131.0129
2026-09-28 02:07:00,2653.94,2653.95,2651.34,2651.35,166.5241
2026-09-28 02:08:00,2651.35,2656.25,2650.72,2655.81,267.2197
2026-09-28 02:09:00,2655.82,2657.8,2655.61,2655.62,154.2356
2026-09-28 02:10:00,2655.62,2658.59,2655.29,2657.8,190.6391
2026-09-28 02:11:00,2657.81,2659.49,2657.69,2659.49,203.2933
2026-09-28 02:12:00,2659.49,2661.89,2659.49,2661.18,203.9782
2026-09-28 02:13:00,2661.18,2662.24,2661.17,2661.88,45.2476
2026-09-28 02:14:00,2661.88,2662.5,2660.42,2661.28,74.795
2026-09-28 02:15:00,2661.28,2661.97,2658.09,2659.72,126.5083
2026-09-28 02:16:00,2659.71,2659.73,2658.37,2658.69,139.6195
2026-09-28 02:17:00,2658.68,2660.56,2658.16,2658.16,527.501
2026-09-28 02:18:00,2658.17,2658.17,2655.81,2655.81,135.7036
2026-09-28 02:19:00,2655.8,2657.65,2655.13,2657.27,104.607
2026-09-28 02:20:00,2657.28,2658.04,2655.65,2657.08,222.5756
2026-09-28 02:21:00,2657.07,2658.57,2655.25,2655.26,169.9924
2026-09-28 02:22:00,2655.25,2655.25,2652.65,2653.66,273.424
2026-09-28 02:23:00,2653.66,2654.85,2653.49,2654.41,91.5133
2026-09-28 02:24:00,2654.34,2658.12,2653.96,2656.76,276.9762
2026-09-28 02:25:00,2656.76,2656.76,2655.0,2655.29,104.445
2026-09-28 02:26:00,2655.37,2659.01,2655.19,2658.69,103.8373
2026-09-28 02:27:00,2658.66,2659.64,2657.74,2658.13,135.4792
2026-09-28 02:28:00,2658.13,2658.13,2656.82,2656.96,84.3301
2026-09-28 02:29:00,2656.95,2657.0,2655.28,2655.77,104.1123
2026-09-28 02:30:00,2655.76,2655.97,2653.04,2653.15,203.5719
2026-09-28 02:31:00,2653.16,2653.57,2652.64,2652.65,331.6611
2026-09-28 02:32:00,2652.64,2653.0,2651.0,2651.0,259.0896
2026-09-28 02:33:00,2651.0,2651.85,2650.0,2650.31,400.4931
2026-09-28 02:34:00,2650.31,2652.3,2650.24,2651.66,151.6968
2026-09-28 02:35:00,2651.65,2653.94,2650.64,2653.62,323.5497
2026-09-28 02:36:00,2653.62,2655.0,2652.21,2652.74,219.5702
2026-09-28 02:37:00,2652.73,2652.73,2651.24,2652.13,113.8358
2026-09-28 02:38:00,2652.12,2655.0,2651.65,2651.66,110.0557
2026-09-28 02:39:00,2651.66,2652.0,2650.0,2651.74,282.453
2026-09-28 02:40:00,2651.74,2654.34,2651.73,2654.33,128.2233
2026-09-28 02:41:00,2654.34,2655.26,2652.0,2652.01,173.9772
2026-09-28 02:42:00,2652.01,2654.1,2651.52,2652.46,169.8347
2026-09-28 02:43:00,2652.46,2653.36,2652.02,2653.35,57.858
2026-09-28 02:44:00,2653.35,2653.86,2652.0,2653.03,139.3162
2026-09-28 02:45:00,2653.03,2654.43,2652.4,2653.73,106.8463
2026-09-28 02:46:00,2653.73,2654.56,2651.74,2652.35,275.2288
2026-09-28 02:47:00,2652.35,2652.63,2650.0,2650.17,239.4624
2026-09-28 02:48:00,2650.16,2650.17,2648.36,2649.98,347.5389
2026-09-28 02:49:00,2649.97,2652.2,2649.72,2651.65,185.043
2026-09-28 02:50:00,2651.66,2653.44,2651.48,2652.32,125.7413
2026-09-28 02:51:00,2652.32,2653.2,2651.01,2651.01,120.4478
2026-09-28 02:52:00,2651.02,2652.82,2651.02,2652.82,65.6848
2026-09-28 02:53:00,2652.83,2653.28,2652.24,2652.7,87.4924
2026-09-28 02:54:00,2652.69,2653.38,2652.22,2652.39,141.1005
2026-09-28 02:55:00,2652.39,2653.24,2652.34,2652.4,42.9262
2026-09-28 02:56:00,2652.4,2652.46,2651.58,2651.59,60.4968
2026-09-28 02:57:00,2651.58,2652.44,2651.38,2651.9,72.5188
2026-09-28 02:58:00,2651.91,2653.59,2651.91,2652.41,76.4517
2026-09-28 02:59:00,2652.41,2653.01,2652.05,2653.01,51.0561
2026-09-28 03:00:00,2653.02,2656.53,2653.02,2656.02,244.4206
2026-09-28 03:01:00,2656.02,2657.0,2655.13,2655.13,147.513
2026-09-28 03:02:00,2655.13,2656.03,2653.49,2653.65,132.5756
2026-09-28 03:03:00,2653.65,2654.93,2653.65,2654.65,57.6921
2026-09-28 03:04:00,2654.65,2655.89,2654.65,2655.89,63.7372
2026-09-28 03:05:00,2655.89,2656.98,2654.79,2654.79,91.6517
2026-09-28 03:06:00,2654.79,2656.0,2654.2,2654.6,139.2459
2026-09-28 03:07:00,2654.6,2657.47,2654.6,2656.93,201.794
2026-09-28 03:08:00,2656.93,2657.19,2656.31,2656.46,70.6043
2026-09-28 03:09:00,2656.46,2657.08,2656.14,2657.08,175.8773
2026-09-28 03:10:00,2657.08,2657.66,2656.66,2657.38,51.1266
2026-09-28 03:11:00,2657.37,2657.38,2654.35,2654.36,75.82
2026-09-28 03:12:00,2654.35,2654.9,2652.93,2653.51,157.9703
2026-09-28 03:13:00,2653.52,2657.0,2653.52,2656.87,63.7258
2026-09-28 03:14:00,2656.87,2656.87,2655.46,2655.47,183.2642
2026-09-28 03:15:00,2655.47,2656.48,2654.12,2654.13,392.7631
2026-09-28 03:16:00,2654.12,2656.1,2653.34,2656.09,166.3896
2026-09-28 03:17:00,2656.09,2657.66,2655.9,2657.66,97.9052
2026-09-28 03:18:00,2657.66,2658.02,2655.08,2655.41,79.3394
2026-09-28 03:19:00,2655.41,2657.87,2655.4,2655.84,69.3452
2026-09-28 03:20:00,2655.85,2657.36,2655.85,2656.87,104.7763
2026-09-28 03:21:00,2656.87,2656.87,2654.35,2654.35,171.7633
2026-09-28 03:22:00,2654.35,2654.35,2651.72,2651.9,177.2784
2026-09-28 03:23:00,2651.9,2653.41,2651.9,2652.1,84.459
2026-09-28 03:24:00,2652.1,2653.64,2651.73,2652.08,166.3097
2026-09-28 03:25:00,2652.08,2652.08,2649.0,2650.02,902.0604
2026-09-28 03:26:00,2650.02,2651.5,2648.03,2648.56,277.0642
2026-09-28 03:27:00,2648.56,2649.66,2647.57,2648.76,203.1592
2026-09-28 03:28:00,2648.75,2651.09,2648.75,2649.26,182.1109
2026-09-28 03:29:00,2649.26,2649.26,2642.0,2646.56,1012.9955
2026-09-28 03:30:00,2646.57,2647.18,2645.16,2646.15,343.2465
2026-09-28 03:31:00,2646.2,2648.09,2644.42,2647.59,314.1531
2026-09-28 03:32:00,2647.59,2647.92,2643.48,2643.81,576.6395
2026-09-28 03:33:00,2643.82,2645.6,2643.68,2643.96,368.9528
2026-09-28 03:34:00,2643.95,2647.47,2643.95,2646.03,147.8891
2026-09-28 03:35:00,2646.03,2648.81,2644.83,2648.49,234.2784
2026-09-28 03:36:00,2648.48,2650.71,2648.22,2650.71,215.9843
2026-09-28 03:37:00,2650.71,2653.79,2650.7,2652.4,257.6146
2026-09-28 03:38:00,2652.39,2654.06,2652.26,2654.05,60.7902
2026-09-28 03:39:00,2654.06,2654.06,2652.45,2653.75,61.1328
2026-09-28 03:40:00,2653.75,2653.75,2651.88,2652.03,266.1178
2026-09-28 03:41:00,2652.04,2653.19,2650.86,2653.19,184.4378
2026-09-28 03:42:00,2653.18,2654.17,2653.18,2653.85,113.1685
2026-09-28 03:43:00,2653.86,2655.12,2653.85,2654.47,104.1098
2026-09-28 03:44:00,2654.47,2654.98,2653.58,2653.85,70.5288
2026-09-28 03:45:00,2653.84,2654.38,2652.96,2653.17,83.3598
2026-09-28 03:46:00,2653.17,2653.21,2652.2,2652.42,54.9831
2026-09-28 03:47:00,2652.42,2653.99,2652.41,2653.68,92.6699
2026-09-28 03:48:00,2653.68,2653.69,2652.41,2653.03,122.0736
2026-09-28 03:49:00,2653.02,2655.8,2652.7,2654.01,278.1487
2026-09-28 03:50:00,2654.0,2654.99,2652.6,2654.99,71.8543
2026-09-28 03:51:00,2654.99,2655.38,2653.28,2654.17,73.7064
2026-09-28 03:52:00,2654.16,2654.16,2652.41,2653.06,66.2476
2026-09-28 03:53:00,2653.07,2654.5,2653.06,2653.51,71.8673
2026-09-28 03:54:00,2653.51,2654.97,2653.5,2653.85,101.6795
2026-09-28 03:55:00,2653.85,2653.86,2653.03,2653.31,75.2353
2026-09-28 03:56:00,2653.3,2653.65,2653.03,2653.03,155.3155
2026-09-28 03:57:00,2653.03,2653.11,2652.2,2652.2,101.8848
2026-09-28 03:58:00,2652.2,2652.21,2651.47,2652.07,106.3708
2026-09-28 03:59:00,2652.07,2652.09,2652.04,2652.08,148.3384
2026-09-28 04:00:00,2652.08,2652.96,2649.46,2649.46,294.159
2026-09-28 04:01:00,2649.46,2649.95,2648.54,2649.12,221.1027
2026-09-28 04:02:00,2649.12,2649.3,2648.16,2648.31,277.0739
2026-09-28 04:03:00,2648.3,2649.08,2647.18,2648.42,278.5645
2026-09-28 04:04:00,2648.43,2649.21,2646.94,2647.29,123.899
2026-09-28 04:05:00,2647.3,2649.78,2647.17,2649.78,174.5958
2026-09-28 04:06:00,2649.79,2652.13,2649.49,2652.01,175.7864
2026-09-28 04:07:00,2652.01,2653.0,2652.01,2653.0,98.9214
2026-09-28 04:08:00,2652.99,2654.44,2650.46,2650.46,106.9014
2026-09-28 04:09:00,2650.46,2652.39,2650.46,2651.73,96.3464
2026-09-28 04:10:00,2651.74,2653.36,2651.59,2653.35,112.9914
2026-09-28 04:11:00,2653.35,2653.36,2652.86,2653.09,57.1472
2026-09-28 04:12:00,2653.08,2654.15,2652.14,2654.15,181.9336
2026-09-28 04:13:00,2654.15,2655.34,2654.15,2654.44,160.0012
2026-09-28 04:14:00,2654.44,2655.17,2654.44,2654.78,55.8574
2026-09-28 04:15:00,2654.77,2655.06,2653.62,2653.91,137.6545
2026-09-28 04:16:00,2653.9,2654.27,2653.0,2653.14,264.1999
2026-09-28 04:17:00,2653.15,2656.18,2653.14,2656.17,158.4758
2026-09-28 04:18:00,2656.18,2658.97,2656.18,2658.97,199.5835
2026-09-28 04:19:00,2658.96,2659.22,2658.26,2658.59,57.7021
2026-09-28 04:20:00,2658.59,2659.51,2658.58,2658.6,329.462
2026-09-28 04:21:00,2658.6,2658.6,2657.66,2657.66,254.274
2026-09-28 04:22:00,2657.66,2658.24,2657.07,2658.24,76.1071
2026-09-28 04:23:00,2658.25,2658.93,2658.13,2658.91,65.6622
2026-09-28 04:24:00,2658.91,2660.16,2658.46,2658.68,252.4794
2026-09-28 04:25:00,2658.69,2659.52,2658.05,2659.52,310.4053
2026-09-28 04:26:00,2659.52,2659.62,2658.78,2658.8,237.5338
2026-09-28 04:27:00,2658.79,2659.22,2658.78,2658.91,186.2699
2026-09-28 04:28:00,2658.92,2659.53,2658.91,2659.09,134.9283
2026-09-28 04:29:00,2659.09,2659.1,2658.37,2658.37,24.6115
2026-09-28 04:30:00,2658.37,2658.57,2657.79,2657.92,107.6914
2026-09-28 04:31:00,2657.93,2658.27,2657.79,2658.01,279.565
2026-09-28 04:32:00,2658.01,2658.24,2658.01,2658.24,22.6513
2026-09-28 04:33:00,2658.23,2658.24,2658.01,2658.01,184.4817
2026-09-28 04:34:00,2658.01,2658.42,2658.01,2658.42,93.7633
2026-09-28 04:35:00,2658.43,2658.85,2657.67,2657.67,185.376
2026-09-28 04:36:00,2657.68,2658.01,2657.29,2657.62,166.0837
2026-09-28 04:37:00,2657.62,2657.62,2656.31,2656.99,254.0057
2026-09-28 04:38:00,2657.0,2657.57,2656.91,2657.36,610.7753
2026-09-28 04:39:00,2657.36,2657.57,2657.27,2657.27,97.3009
2026-09-28 04:40:00,2657.28,2657.48,2656.79,2657.29,52.6769
2026-09-28 04:41:00,2657.27,2657.48,2657.07,2657.48,31.2156
2026-09-28 04:42:00,2657.48,2659.7,2657.48,2659.7,340.2833
2026-09-28 04:43:00,2659.7,2660.3,2659.36,2659.66,84.3935
2026-09-28 04:44:00,2659.67,2659.67,2659.08,2659.17,57.4734
2026-09-28 04:45:00,2659.17,2659.18,2658.3,2658.71,46.1291
2026-09-28 04:46:00,2658.7,2658.73,2658.0,2658.0,35.8763
2026-09-28 04:47:00,2658.0,2658.0,2656.66,2656.67,91.2451
2026-09-28 04:48:00,2656.66,2656.66,2656.0,2656.07,57.0827
2026-09-28 04:49:00,2656.07,2656.43,2656.06,2656.18,45.3608
2026-09-28 04:50:00,2656.18,2658.1,2656.18,2658.1,133.8626
2026-09-28 04:51:00,2658.1,2658.11,2657.87,2658.08,74.0819
2026-09-28 04:52:00,2658.08,2659.5,2658.04,2659.21,36.877
2026-09-28 04:53:00,2659.2,2659.44,2659.07,2659.43,38.5162
2026-09-28 04:54:00,2659.44,2659.44,2658.79,2658.79,123.5592
2026-09-28 04:55:00,2658.8,2658.8,2657.96,2658.22,38.1552
2026-09-28 04:56:00,2658.22,2658.92,2658.21,2658.46,44.3643
2026-09-28 04:57:00,2658.45,2659.52,2658.31,2659.52,36.3657
2026-09-28 04:58:00,2659.51,2659.52,2659.24,2659.49,198.1502
2026-09-28 04:59:00,2659.49,2659.49,2658.47,2658.63,40.6035
2026-09-28 05:00:00,2658.62,2661.02,2658.62,2660.51,92.4316
2026-09-28 05:01:00,2660.51,2660.62,2659.6,2659.6,51.698
2026-09-28 05:02:00,2659.6,2659.6,2656.06,2656.37,72.5698
2026-09-28 05:03:00,2656.37,2656.49,2655.0,2655.88,65.1084
2026-09-28 05:04:00,2655.88,2655.88,2655.0,2655.04,43.507
2026-09-28 05:05:00,2655.04,2657.33,2655.0,2656.21,182.3995
2026-09-28 05:06:00,2656.21,2656.3,2655.13,2655.13,69.3756
2026-09-28 05:07:00,2655.12,2655.17,2654.36,2654.63,116.0915
2026-09-28 05:08:00,2654.62,2654.83,2653.82,2653.83,84.918
2026-09-28 05:09:00,2653.83,2653.83,2653.6,2653.61,90.9174
2026-09-28 05:10:00,2653.61,2653.61,2652.92,2653.16,188.0883
2026-09-28 05:11:00,2653.17,2653.17,2652.67,2652.67,53.6148
2026-09-28 05:12:00,2652.68,2653.5,2652.67,2652.73,58.0871
2026-09-28 05:13:00,2652.74,2652.74,2649.92,2651.3,546.6415
2026-09-28 05:14:00,2651.3,2651.48,2647.5,2651.18,621.5014
2026-09-28 05:15:00,2651.18,2652.72,2651.18,2652.18,122.0703
2026-09-28 05:16:00,2652.18,2652.18,2648.29,2649.63,238.5533
2026-09-28 05:17:00,2649.63,2650.26,2648.7,2650.26,224.8449
2026-09-28 05:18:00,2650.26,2650.48,2648.43,2650.14,85.2406
2026-09-28 05:19:00,2650.13,2651.22,2649.44,2650.12,169.2673
2026-09-28 05:20:00,2650.11,2651.32,2649.52,2649.98,108.5069
2026-09-28 05:21:00,2649.98,2650.14,2649.66,2650.08,80.8441
2026-09-28 05:22:00,2650.08,2650.08,2648.48,2648.49,215.4853
2026-09-28 05:23:00,2648.49,2648.49,2646.8,2646.81,327.7966
2026-09-28 05:24:00,2646.8,2647.04,2645.9,2645.9,150.6136
2026-09-28 05:25:00,2645.9,2647.31,2645.57,2645.57,231.5183
2026-09-28 05:26:00,2645.57,2647.55,2645.23,2647.54,108.5969
2026-09-28 05:27:00,2647.55,2648.98,2647.55,2648.56,94.9086
2026-09-28 05:28:00,2648.56,2649.4,2648.42,2648.84,320.0979
2026-09-28 05:29:00,2648.85,2648.85,2647.94,2647.94,66.8353
2026-09-28 05:30:00,2647.94,2647.94,2646.11,2646.11,326.5117
2026-09-28 05:31:00,2646.11,2647.5,2645.18,2645.18,198.5383
2026-09-28 05:32:00,2645.18,2645.19,2642.89,2643.49,754.9095
2026-09-28 05:33:00,2643.5,2643.76,2641.56,2641.68,550.6075
2026-09-28 05:34:00,2641.69,2642.0,2639.02,2640.38,1000.9731
2026-09-28 05:35:00,2640.37,2642.57,2640.37,2641.94,130.7303
2026-09-28 05:36:00,2641.93,2641.93,2639.86,2641.19,303.2863
2026-09-28 05:37:00,2641.18,2641.18,2639.56,2640.68,200.3744
2026-09-28 05:38:00,2640.69,2641.12,2635.69,2635.73,680.816
2026-09-28 05:39:00,2635.73,2638.09,2635.69,2637.05,400.5173
2026-09-28 05:40:00,2637.04,2641.22,2636.45,2640.91,369.6832
2026-09-28 05:41:00,2640.91,2643.21,2640.44,2643.2,328.2131
2026-09-28 05:42:00,2643.21,2647.36,2643.2,2647.35,339.8005
2026-09-28 05:43:00,2647.36,2648.22,2645.0,2648.22,203.8891
2026-09-28 05:44:00,2648.22,2651.0,2648.22,2651.0,251.3198
2026-09-28 05:45:00,2651.0,2652.78,2649.85,2650.16,124.9968
2026-09-28 05:46:00,2650.16,2652.82,2648.8,2651.89,242.5117
2026-09-28 05:47:00,2651.88,2654.39,2651.88,2653.55,396.8887
2026-09-28 05:48:00,2653.55,2653.75,2650.78,2650.79,177.4055
2026-09-28 05:49:00,2650.79,2651.01,2650.52,2650.67,79.9221
2026-09-28 05:50:00,2650.66,2650.95,2648.67,2648.68,121.5935
2026-09-28 05:51:00,2648.67,2649.02,2647.88,2649.02,180.1488
2026-09-28 05:52:00,2649.02,2649.66,2648.76,2649.65,66.7556
2026-09-28 05:53:00,2649.65,2649.65,2647.82,2647.83,160.538
2026-09-28 05:54:00,2647.83,2650.0,2647.83,2649.89,107.0193
2026-09-28 05:55:00,2649.89,2649.89,2648.8,2649.04,71.2543
2026-09-28 05:56:00,2649.04,2652.0,2649.04,2652.0,37.5782
2026-09-28 05:57:00,2651.99,2652.18,2651.61,2651.61,99.7576
2026-09-28 05:58:00,2651.62,2652.32,2651.61,2652.32,41.5851
2026-09-28 05:59:00,2652.32,2652.32,2651.63,2651.63,69.8206
2026-09-28 06:00:00,2651.64,2651.88,2650.41,2650.41,155.7899
2026-09-28 06:01:00,2650.41,2650.42,2649.44,2649.45,200.27
2026-09-28 06:02:00,2649.45,2650.26,2649.42,2649.79,99.7852
2026-09-28 06:03:00,2649.79,2651.08,2648.99,2649.46,731.1275
2026-09-28 06:04:00,2649.46,2651.14,2649.46,2650.0,184.5411
2026-09-28 06:05:00,2650.0,2652.44,2649.99,2652.41,150.4033
2026-09-28 06:06:00,2652.4,2655.52,2652.4,2654.74,280.2572
2026-09-28 06:07:00,2654.75,2656.0,2653.65,2654.43,222.5452
2026-09-28 06:08:00,2654.43,2654.55,2653.65,2654.34,351.7297
2026-09-28 06:09:00,2654.35,2655.73,2654.35,2655.67,275.0204
2026-09-28 06:10:00,2655.67,2655.77,2655.66,2655.77,29.7596
2026-09-28 06:11:00,2655.77,2656.68,2655.77,2656.22,178.7137
2026-09-28 06:12:00,2656.21,2656.56,2656.0,2656.13,61.4457
2026-09-28 06:13:00,2656.14,2656.55,2654.66,2654.66,170.2552
2026-09-28 06:14:00,2654.67,2654.67,2653.26,2653.5,122.8948
2026-09-28 06:15:00,2653.51,2653.51,2652.45,2652.96,102.9897
2026-09-28 06:16:00,2652.95,2654.69,2652.95,2654.23,166.3837
2026-09-28 06:17:00,2654.23,2654.23,2651.22,2651.22,107.0372
2026-09-28 06:18:00,2651.22,2651.26,2650.79,2650.79,105.5455
2026-09-28 06:19:00,2650.79,2650.79,2650.0,2650.27,43.4035
2026-09-28 06:20:00,2650.26,2651.37,2648.18,2648.48,330.1479
2026-09-28 06:21:00,2648.47,2650.4,2648.45,2650.28,141.641
2026-09-28 06:22:00,2650.29,2650.29,2647.09,2647.76,142.7699
2026-09-28 06:23:00,2647.76,2648.47,2647.09,2648.47,90.6848
2026-09-28 06:24:00,2648.47,2648.88,2647.29,2647.75,119.1045
2026-09-28 06:25:00,2647.74,2648.0,2647.25,2647.5,81.2273
2026-09-28 06:26:00,2647.49,2648.88,2647.3,2648.48,103.0762
2026-09-28 06:27:00,2648.47,2648.48,2647.06,2647.07,188.8175
2026-09-28 06:28:00,2647.06,2647.32,2647.0,2647.28,59.0261
2026-09-28 06:29:00,2647.28,2647.29,2646.83,2646.98,112.7482
2026-09-28 06:30:00,2646.98,2648.16,2646.21,2647.77,256.9539
2026-09-28 06:31:00,2647.78,2649.67,2647.77,2649.67,69.04
2026-09-28 06:32:00,2649.68,2650.91,2649.28,2650.56,101.3866
2026-09-28 06:33:00,2650.55,2650.55,2649.02,2650.17,172.1341
2026-09-28 06:34:00,2650.17,2650.82,2648.92,2650.44,136.8411
2026-09-28 06:35:00,2650.44,2651.52,2649.89,2650.88,104.7281
2026-09-28 06:36:00,2650.89,2651.16,2649.52,2649.53,50.7014
2026-09-28 06:37:00,2649.53,2649.53,2648.62,2648.69,184.2055
2026-09-28 06:38:00,2648.69,2649.62,2648.69,2648.74,110.3868
2026-09-28 06:39:00,2648.74,2648.75,2648.22,2648.75,67.8792
2026-09-28 06:40:00,2648.74,2649.95,2648.74,2649.18,107.2515
2026-09-28 06:41:00,2649.19,2650.99,2649.18,2650.57,100.9975
2026-09-28 06:42:00,2650.57,2652.35,2650.57,2652.34,86.1292
2026-09-28 06:43:00,2652.35,2653.03,2652.05,2652.05,120.6538
2026-09-28 06:44:00,2652.05,2652.06,2651.0,2651.0,68.9856
2026-09-28 06:45:00,2651.01,2652.0,2650.73,2651.99,95.2206
2026-09-28 06:46:00,2651.99,2652.34,2651.26,2651.26,52.8748
2026-09-28 06:47:00,2651.25,2651.25,2649.62,2650.68,86.9341
2026-09-28 06:48:00,2650.68,2650.69,2649.62,2650.03,109.7431
2026-09-28 06:49:00,2650.03,2650.1,2649.88,2650.09,61.6521
2026-09-28 06:50:00,2650.09,2650.1,2649.43,2649.44,82.1454
2026-09-28 06:51:00,2649.43,2649.54,2649.07,2649.2,168.4359
2026-09-28 06:52:00,2649.2,2649.52,2649.2,2649.52,97.7199
2026-09-28 06:53:00,2649.52,2650.91,2649.51,2650.91,161.8554
2026-09-28 06:54:00,2650.9,2650.91,2648.72,2648.73,124.4577
2026-09-28 06:55:00,2648.73,2649.21,2648.46,2648.46,73.867
2026-09-28 06:56:00,2648.46,2648.57,2648.22,2648.22,94.6938
2026-09-28 06:57:00,2648.23,2648.8,2648.22,2648.79,101.0191
2026-09-28 06:58:00,2648.79,2648.91,2648.75,2648.9,44.6235
2026-09-28 06:59:00,2648.9,2649.61,2648.9,2649.61,35.2877
2026-09-28 07:00:00,2649.61,2651.89,2649.6,2651.09,461.1275
2026-09-28 07:01:00,2651.09,2655.05,2650.81,2655.03,1041.8811
2026-09-28 07:02:00,2655.03,2655.65,2654.81,2655.64,297.7847
2026-09-28 07:03:00,2655.64,2656.51,2654.25,2654.74,161.83
2026-09-28 07:04:00,2654.74,2655.02,2653.13,2655.01,130.136
2026-09-28 07:05:00,2655.01,2655.01,2650.86,2650.86,653.5083
2026-09-28 07:06:00,2650.86,2651.01,2650.0,2650.0,703.485
2026-09-28 07:07:00,2650.0,2651.2,2649.77,2649.78,191.7717
2026-09-28 07:08:00,2649.77,2649.82,2649.4,2649.81,62.0811
2026-09-28 07:09:00,2649.81,2649.84,2649.41,2649.57,95.8307
2026-09-28 07:10:00,2649.57,2650.56,2648.54,2648.66,227.0995
2026-09-28 07:11:00,2648.67,2648.99,2648.66,2648.87,39.1973
2026-09-28 07:12:00,2648.87,2648.87,2647.57,2647.78,154.6318
2026-09-28 07:13:00,2647.79,2648.36,2647.57,2647.57,59.5395
2026-09-28 07:14:00,2647.57,2647.99,2647.05,2647.99,144.8341
2026-09-28 07:15:00,2647.99,2649.55,2647.78,2649.55,209.3991
2026-09-28 07:16:00,2649.55,2650.8,2649.49,2650.04,124.3018
2026-09-28 07:17:00,2650.04,2651.16,2649.26,2649.26,237.4903
2026-09-28 07:18:00,2649.26,2650.3,2649.26,2650.29,51.0796
2026-09-28 07:19:00,2650.29,2650.94,2650.01,2650.57,64.3314
2026-09-28 07:20:00,2650.57,2651.09,2649.94,2651.08,113.1943
2026-09-28 07:21:00,2651.08,2651.08,2649.71,2649.78,53.0882
2026-09-28 07:22:00,2649.78,2649.79,2647.7,2647.7,108.8509
2026-09-28 07:23:00,2647.7,2647.71,2645.68,2645.88,323.4446
2026-09-28 07:24:00,2645.88,2646.23,2644.28,2644.29,430.3563
2026-09-28 07:25:00,2644.28,2647.4,2643.98,2645.66,364.8991
2026-09-28 07:26:00,2645.66,2645.66,2644.28,2644.28,181.9648
2026-09-28 07:27:00,2644.29,2645.01,2643.74,2643.94,195.8131
2026-09-28 07:28:00,2643.94,2644.55,2643.31,2643.85,212.2065
2026-09-28 07:29:00,2643.85,2644.44,2643.83,2644.01,64.0397
2026-09-28 07:30:00,2644.02,2645.42,2644.01,2645.42,322.2331
2026-09-28 07:31:00,2645.42,2645.83,2644.08,2644.15,197.2345
2026-09-28 07:32:00,2644.15,2645.75,2643.61,2643.77,282.7404
2026-09-28 07:33:00,2643.77,2644.22,2643.58,2643.89,198.256
2026-09-28 07:34:00,2643.89,2645.48,2642.29,2645.27,226.7318
2026-09-28 07:35:00,2645.28,2646.91,2644.99,2645.82,270.7724
2026-09-28 07:36:00,2645.83,2647.0,2645.83,2646.73,100.6029
2026-09-28 07:37:00,2646.73,2647.25,2645.47,2647.09,173.995
2026-09-28 07:38:00,2647.09,2647.09,2645.21,2645.46,200.1631
2026-09-28 07:39:00,2645.46,2645.85,2643.48,2643.51,282.4881
2026-09-28 07:40:00,2643.51,2645.97,2643.51,2645.96,130.047
2026-09-28 07:41:00,2645.96,2647.05,2643.98,2644.15,264.8173
2026-09-28 07:42:00,2644.15,2644.33,2643.49,2644.03,99.6827
2026-09-28 07:43:00,2644.03,2644.2,2643.55,2643.55,170.8422
2026-09-28 07:44:00,2643.56,2643.96,2643.31,2643.95,89.8177
2026-09-28 07:45:00,2643.96,2645.01,2643.95,2644.47,153.1646
2026-09-28 07:46:00,2644.47,2644.97,2644.07,2644.48,152.9579
2026-09-28 07:47:00,2644.48,2645.08,2644.47,2644.97,90.3242
2026-09-28 07:48:00,2644.98,2647.25,2644.97,2646.69,107.4858
2026-09-28 07:49:00,2646.7,2647.1,2645.4,2645.91,150.5457
2026-09-28 07:50:00,2645.92,2646.16,2645.54,2646.05,268.7635
2026-09-28 07:51:00,2646.05,2646.81,2646.05,2646.62,132.5983
2026-09-28 07:52:00,2646.62,2646.62,2645.15,2645.26,200.6022
2026-09-28 07:53:00,2645.27,2645.28,2644.18,2644.84,204.9637
2026-09-28 07:54:00,2644.84,2646.0,2644.83,2646.0,57.1455
2026-09-28 07:55:00,2646.0,2648.76,2645.99,2648.75,182.8182
2026-09-28 07:56:00,2648.76,2649.18,2647.7,2647.71,232.5602
2026-09-28 07:57:00,2647.71,2648.02,2645.19,2645.19,264.05
2026-09-28 07:58:00,2645.2,2645.29,2644.4,2644.91,320.2765
2026-09-28 07:59:00,2644.92,2645.66,2643.26,2644.31,299.7293
2026-09-28 08:00:00,2644.31,2646.13,2642.31,2646.13,439.1063
2026-09-28 08:01:00,2646.14,2648.35,2646.14,2648.22,194.6101
2026-09-28 08:02:00,2648.22,2650.0,2648.22,2650.0,248.8328
2026-09-28 08:03:00,2650.0,2650.66,2647.66,2647.66,201.8065
2026-09-28 08:04:00,2647.67,2649.65,2647.64,2649.4,517.6466
2026-09-28 08:05:00,2649.39,2649.4,2646.58,2646.59,685.1052
2026-09-28 08:06:00,2646.59,2647.43,2645.25,2645.64,576.123
2026-09-28 08:07:00,2645.64,2646.56,2644.45,2644.46,739.7928
2026-09-28 08:08:00,2644.47,2648.91,2644.46,2647.4,659.2603
2026-09-28 08:09:00,2647.4,2648.22,2646.71,2647.14,682.1933
2026-09-28 08:10:00,2647.14,2648.1,2645.45,2647.85,968.4209
2026-09-28 08:11:00,2647.85,2649.25,2647.48,2648.97,1153.3307
2026-09-28 08:12:00,2648.97,2649.57,2648.14,2648.99,990.8762
2026-09-28 08:13:00,2649.0,2650.0,2648.14,2649.5,525.4747
2026-09-28 08:14:00,2649.5,2651.85,2649.25,2650.94,721.8927
2026-09-28 08:15:00,2650.93,2652.03,2650.0,2651.31,631.0856
2026-09-28 08:16:00,2651.31,2652.52,2650.48,2652.52,563.3546
2026-09-28 08:17:00,2652.52,2652.98,2651.38,2651.44,657.4576
2026-09-28 08:18:00,2651.44,2652.22,2649.65,2649.66,633.5406
2026-09-28 08:19:00,2649.66,2650.99,2649.19,2650.01,747.7087
2026-09-28 08:20:00,2650.01,2650.62,2648.67,2648.8,660.2064
2026-09-28 08:21:00,2648.8,2648.9,2647.87,2648.5,626.6555
2026-09-28 08:22:00,2648.5,2648.71,2647.67,2648.14,652.9154
2026-09-28 08:23:00,2648.14,2649.11,2647.46,2647.88,573.1056
2026-09-28 08:24:00,2647.87,2647.88,2643.36,2643.65,560.7399
2026-09-28 08:25:00,2643.66,2645.44,2643.65,2644.21,185.5425
2026-09-28 08:26:00,2644.21,2647.67,2644.2,2647.67,201.0058
2026-09-28 08:27:00,2647.67,2648.69,2645.73,2645.73,142.8459
2026-09-28 08:28:00,2645.73,2646.83,2645.72,2646.17,59.1713
2026-09-28 08:29:00,2646.17,2646.47,2645.73,2646.46,140.9015
2026-09-28 08:30:00,2646.47,2648.01,2646.47,2647.75,149.9806
2026-09-28 08:31:00,2647.74,2648.87,2647.74,2648.87,128.0043
2026-09-28 08:32:00,2648.88,2649.65,2648.87,2649.43,133.6766
2026-09-28 08:33:00,2649.42,2649.64,2649.0,2649.35,765.2904
2026-09-28 08:34:00,2649.36,2649.63,2648.24,2649.36,178.4443
2026-09-28 08:35:00,2649.35,2649.54,2648.24,2648.24,105.2217
2026-09-28 08:36:00,2648.24,2648.24,2645.3,2645.86,149.5344
2026-09-28 08:37:00,2645.87,2645.87,2642.87,2642.87,135.3909
2026-09-28 08:38:00,2642.87,2644.14,2640.1,2643.74,354.0195
2026-09-28 08:39:00,2643.75,2644.01,2642.17,2644.01,202.2668
2026-09-28 08:40:00,2644.0,2645.32,2643.35,2643.56,196.9225
2026-09-28 08:41:00,2643.56,2643.6,2641.31,2643.09,149.4659
2026-09-28 08:42:00,2643.1,2643.37,2641.9,2643.37,183.2088
2026-09-28 08:43:00,2643.37,2643.6,2642.58,2642.59,111.6465
2026-09-28 08:44:00,2642.58,2644.26,2642.58,2644.08,72.6284
2026-09-28 08:45:00,2644.08,2644.31,2643.68,2643.68,59.3366
2026-09-28 08:46:00,2643.69,2645.67,2643.68,2645.65,68.2621
2026-09-28 08:47:00,2645.66,2646.69,2645.66,2646.69,127.1943
2026-09-28 08:48:00,2646.68,2646.99,2646.68,2646.99,48.8816
2026-09-28 08:49:00,2646.98,2646.99,2646.04,2646.79,168.7662
2026-09-28 08:50:00,2646.8,2647.96,2646.79,2647.96,116.4203
2026-09-28 08:51:00,2647.96,2649.95,2647.95,2649.92,151.8063
2026-09-28 08:52:00,2649.92,2650.53,2648.87,2650.53,248.1959
2026-09-28 08:53:00,2650.52,2651.69,2650.52,2651.68,81.7402
2026-09-28 08:54:00,2651.69,2652.71,2650.41,2650.41,85.2699
2026-09-28 08:55:00,2650.42,2651.71,2650.26,2651.26,183.9849
2026-09-28 08:56:00,2651.25,2651.32,2650.75,2651.03,143.8132
2026-09-28 08:57:00,2650.98,2651.56,2650.97,2651.55,52.1261
2026-09-28 08:58:00,2651.56,2652.72,2650.7,2651.36,586.3099
2026-09-28 08:59:00,2651.37,2651.42,2651.09,2651.38,234.7664
2026-09-28 09:00:00,2651.38,2653.24,2651.38,2653.23,362.6511
2026-09-28 09:01:00,2653.23,2653.23,2650.83,2650.99,251.1982
2026-09-28 09:02:00,2650.98,2650.98,2646.69,2646.69,388.1008
2026-09-28 09:03:00,2646.69,2646.69,2643.12,2643.12,412.1689
2026-09-28 09:04:00,2643.13,2644.99,2642.12,2644.91,270.0075
2026-09-28 09:05:00,2644.92,2645.1,2643.58,2644.19,191.577
2026-09-28 09:06:00,2644.19,2644.2,2641.09,2641.09,235.157
2026-09-28 09:07:00,2641.1,2642.61,2640.0,2640.64,246.5314
2026-09-28 09:08:00,2640.68,2641.25,2637.38,2639.65,764.3376
2026-09-28 09:09:00,2639.65,2640.47,2637.63,2637.64,329.3878
2026-09-28 09:10:00,2637.64,2640.47,2637.64,2640.47,269.9741
2026-09-28 09:11:00,2640.46,2643.5,2639.84,2642.26,220.8408
2026-09-28 09:12:00,2642.27,2644.16,2642.26,2643.56,276.1
2026-09-28 09:13:00,2643.56,2646.04,2643.56,2646.04,113.741
2026-09-28 09:14:00,2646.05,2648.51,2646.04,2648.5,233.2374
2026-09-28 09:15:00,2648.5,2653.44,2648.5,2652.66,621.3469
2026-09-28 09:16:00,2652.67,2654.59,2649.28,2649.89,156.4574
2026-09-28 09:17:00,2649.89,2650.77,2648.72,2649.69,97.1349
2026-09-28 09:18:00,2649.69,2650.95,2649.69,2650.68,91.2495
2026-09-28 09:19:00,2650.69,2652.69,2650.68,2652.45,94.8397
2026-09-28 09:20:00,2652.44,2653.74,2652.14,2652.68,171.5946
2026-09-28 09:21:00,2652.69,2654.59,2652.57,2653.57,96.7183
2026-09-28 09:22:00,2653.56,2653.65,2652.4,2652.4,62.2129
2026-09-28 09:23:00,2652.4,2652.4,2650.53,2650.54,131.3029
2026-09-28 09:24:00,2650.54,2650.54,2649.48,2649.49,125.5546
2026-09-28 09:25:00,2649.49,2650.03,2649.3,2649.31,103.8448
2026-09-28 09:26:00,2649.31,2649.31,2646.81,2646.82,90.8983
2026-09-28 09:27:00,2646.81,2646.82,2645.0,2645.11,132.0992
2026-09-28 09:28:00,2645.11,2647.72,2645.1,2647.31,120.4334
2026-09-28 09:29:00,2647.42,2648.62,2647.31,2648.45,94.1484
2026-09-28 09:30:00,2648.44,2648.84,2647.36,2648.84,79.5458
2026-09-28 09:31:00,2648.83,2648.83,2647.48,2647.49,50.5963
2026-09-28 09:32:00,2647.5,2648.1,2646.53,2646.72,76.9502
2026-09-28 09:33:00,2646.72,2646.72,2645.41,2645.41,76.929
2026-09-28 09:34:00,2645.41,2645.63,2642.79,2642.95,156.0965
2026-09-28 09:35:00,2642.95,2643.56,2642.85,2642.88,55.5597
2026-09-28 09:36:00,2642.88,2642.89,2641.64,2642.06,120.8343
2026-09-28 09:37:00,2642.06,2642.07,2639.99,2639.99,932.1697
2026-09-28 09:38:00,2640.0,2641.18,2639.3,2639.35,448.6143
2026-09-28 09:39:00,2639.35,2640.65,2639.3,2639.3,1148.1291
2026-09-28 09:40:00,2639.31,2640.33,2639.31,2640.32,329.5698
2026-09-28 09:41:00,2640.33,2641.0,2639.74,2640.79,65.3417
2026-09-28 09:42:00,2640.78,2640.95,2639.3,2640.95,102.4158
2026-09-28 09:43:00,2640.94,2641.45,2640.5,2640.5,137.8814
2026-09-28 09:44:00,2640.49,2640.49,2638.78,2638.78,151.1999
2026-09-28 09:45:00,2638.79,2640.22,2638.78,2639.69,135.0594
2026-09-28 09:46:00,2639.69,2640.31,2639.41,2639.43,98.8169
2026-09-28 09:47:00,2639.44,2641.09,2639.44,2640.19,77.308
2026-09-28 09:48:00,2640.18,2641.5,2640.04,2641.5,87.4783
2026-09-28 09:49:00,2641.49,2642.18,2641.39,2642.18,224.939
2026-09-28 09:50:00,2642.19,2644.28,2642.19,2644.02,175.3453
2026-09-28 09:51:00,2644.02,2644.03,2643.07,2643.07,44.75
2026-09-28 09:52:00,2643.07,2643.87,2641.47,2641.47,103.2893
2026-09-28 09:53:00,2641.46,2641.46,2639.78,2639.78,137.0161
2026-09-28 09:54:00,2639.78,2640.76,2639.42,2639.42,54.7825
2026-09-28 09:55:00,2639.43,2640.26,2639.42,2640.01,227.421
2026-09-28 09:56:00,2640.0,2640.15,2639.0,2640.14,172.7799
2026-09-28 09:57:00,2640.14,2641.04,2639.77,2641.03,54.9503
2026-09-28 09:58:00,2641.03,2641.03,2640.53,2640.54,89.8119
2026-09-28 09:59:00,2640.53,2641.55,2640.36,2641.55,87.9515
2026-09-28 10:00:00,2641.56,2646.54,2641.56,2646.06,185.5963
2026-09-28 10:01:00,2646.07,2646.1,2645.37,2645.73,248.8637
2026-09-28 10:02:00,2645.73,2647.15,2645.73,2647.14,158.0824
2026-09-28 10:03:00,2647.14,2650.0,2647.14,2649.8,160.7231
2026-09-28 10:04:00,2649.79,2651.57,2649.24,2649.76,274.873
2026-09-28 10:05:00,2649.75,2649.96,2647.73,2647.79,182.5836
2026-09-28 10:06:00,2647.79,2649.22,2647.47,2649.08,91.3765
2026-09-28 10:07:00,2649.08,2649.4,2647.29,2647.29,255.7431
2026-09-28 10:08:00,2647.28,2647.56,2646.47,2646.89,111.404
2026-09-28 10:09:00,2646.89,2648.31,2646.89,2648.3,47.0465
2026-09-28 10:10:00,2648.3,2648.31,2646.29,2646.29,89.8199
2026-09-28 10:11:00,2646.28,2646.64,2645.03,2646.48,79.7963
2026-09-28 10:12:00,2646.48,2648.43,2645.48,2646.15,111.3991
2026-09-28 10:13:00,2646.14,2647.14,2645.39,2646.15,91.8277
2026-09-28 10:14:00,2646.16,2648.09,2645.82,2648.09,44.7294
2026-09-28 10:15:00,2648.09,2650.0,2648.08,2650.0,106.1759
2026-09-28 10:16:00,2650.0,2650.21,2649.53,2649.82,76.8675
2026-09-28 10:17:00,2649.82,2650.54,2648.31,2648.31,102.3145
2026-09-28 10:18:00,2648.31,2649.41,2647.28,2648.06,64.6618
2026-09-28 10:19:00,2648.05,2648.88,2647.28,2647.37,70.0635
2026-09-28 10:20:00,2647.36,2648.19,2646.82,2647.56,59.7558
2026-09-28 10:21:00,2647.54,2648.63,2647.07,2648.17,88.5489
2026-09-28 10:22:00,2648.17,2649.38,2648.17,2648.71,43.0709
2026-09-28 10:23:00,2648.72,2649.35,2648.06,2649.35,51.2248
2026-09-28 10:24:00,2649.34,2650.81,2649.34,2650.69,32.8707
2026-09-28 10:25:00,2650.69,2651.57,2649.87,2650.21,1187.433
2026-09-28 10:26:00,2650.2,2651.33,2650.2,2650.94,53.2472
2026-09-28 10:27:00,2650.93,2650.94,2648.09,2648.86,271.0199
2026-09-28 10:28:00,2648.85,2649.73,2648.59,2648.86,64.9063
2026-09-28 10:29:00,2648.86,2649.66,2648.43,2649.66,33.6629
2026-09-28 10:30:00,2649.67,2650.25,2648.04,2648.22,96.1108
2026-09-28 10:31:00,2648.23,2650.2,2648.23,2650.19,37.9303
2026-09-28 10:32:00,2650.19,2650.2,2648.34,2650.02,82.0151
2026-09-28 10:33:00,2650.02,2651.07,2649.56,2651.05,45.5003
2026-09-28 10:34:00,2651.08,2652.52,2651.08,2652.08,513.0364
2026-09-28 10:35:00,2652.09,2653.0,2652.02,2652.78,225.4135
2026-09-28 10:36:00,2652.79,2653.0,2652.56,2652.99,85.5275
2026-09-28 10:37:00,2653.0,2654.0,2652.81,2653.63,267.0256
2026-09-28 10:38:00,2653.64,2653.93,2652.56,2653.93,497.2242
2026-09-28 10:39:00,2653.93,2654.57,2653.82,2654.37,59.7942
2026-09-28 10:40:00,2654.37,2655.24,2654.36,2654.64,243.4824
2026-09-28 10:41:00,2654.63,2655.63,2654.63,2655.0,94.2007
2026-09-28 10:42:00,2654.99,2656.0,2654.63,2655.46,66.6216
2026-09-28 10:43:00,2655.46,2656.33,2655.41,2656.33,66.8084
2026-09-28 10:44:00,2656.33,2656.75,2656.32,2656.75,44.8322
2026-09-28 10:45:00,2656.74,2656.75,2655.14,2656.04,139.4639
2026-09-28 10:46:00,2656.04,2657.27,2655.23,2656.28,483.5319
2026-09-28 10:47:00,2656.29,2657.0,2655.0,2655.4,176.1869
2026-09-28 10:48:00,2655.39,2655.6,2654.1,2654.81,417.6563
2026-09-28 10:49:00,2654.81,2655.76,2654.18,2654.87,127.8682
2026-09-28 10:50:00,2654.86,2656.19,2654.29,2655.79,134.3613
2026-09-28 10:51:00,2655.79,2656.54,2655.31,2655.6,77.0837
2026-09-28 10:52:00,2655.61,2659.69,2655.6,2659.33,333.9671
2026-09-28 10:53:00,2659.32,2659.33,2657.31,2657.31,148.0912
2026-09-28 10:54:00,2657.31,2657.69,2656.35,2656.54,199.9867
2026-09-28 10:55:00,2656.55,2656.83,2655.64,2656.83,121.7948
2026-09-28 10:56:00,2656.84,2657.7,2656.32,2656.95,147.585
2026-09-28 10:57:00,2656.95,2657.68,2656.6,2657.08,46.0606
2026-09-28 10:58:00,2657.08,2657.08,2656.7,2656.73,101.078
2026-09-28 10:59:00,2656.74,2656.85,2656.52,2656.6,48.5342
2026-09-28 11:00:00,2656.6,2660.9,2656.6,2659.72,342.0234
2026-09-28 11:01:00,2659.73,2662.5,2658.75,2658.75,167.1018
2026-09-28 11:02:00,2658.76,2660.29,2658.34,2660.28,126.2206
2026-09-28 11:03:00,2660.27,2661.88,2659.1,2659.6,138.5744
2026-09-28 11:04:00,2659.6,2660.81,2658.22,2660.66,138.3961
2026-09-28 11:05:00,2660.67,2660.96,2659.02,2660.17,59.4224
2026-09-28 11:06:00,2660.17,2662.5,2660.1,2661.78,81.7826
2026-09-28 11:07:00,2661.79,2663.0,2661.03,2661.74,98.8342
2026-09-28 11:08:00,2661.74,2662.79,2661.48,2662.68,183.6495
2026-09-28 11:09:00,2662.68,2663.0,2662.22,2662.22,55.0054
2026-09-28 11:10:00,2662.22,2662.68,2661.48,2662.33,127.4426
2026-09-28 11:11:00,2662.32,2662.44,2661.49,2661.49,73.3536
2026-09-28 11:12:00,2661.48,2661.84,2661.0,2661.0,96.6413
2026-09-28 11:13:00,2661.0,2662.02,2660.31,2661.24,131.6685
2026-09-28 11:14:00,2661.25,2662.39,2660.76,2662.0,58.5837
2026-09-28 11:15:00,2662.0,2663.47,2661.45,2663.16,190.8777
2026-09-28 11:16:00,2663.17,2665.53,2661.58,2664.33,252.8315
2026-09-28 11:17:00,2664.33,2666.66,2664.13,2666.65,450.9761
2026-09-28 11:18:00,2666.65,2666.66,2664.07,2664.08,120.4839
2026-09-28 11:19:00,2664.08,2664.37,2662.0,2664.34,142.0228
2026-09-28 11:20:00,2664.34,2664.35,2662.0,2662.75,144.6971
2026-09-28 11:21:00,2662.74,2662.75,2661.54,2661.65,109.0739
2026-09-28 11:22:00,2661.66,2664.16,2661.65,2663.83,67.1998
2026-09-28 11:23:00,2663.82,2666.66,2663.82,2666.28,91.7765
2026-09-28 11:24:00,2666.28,2666.47,2664.63,2665.23,55.9842
2026-09-28 11:25:00,2665.24,2665.24,2663.51,2663.83,46.3272
2026-09-28 11:26:00,2663.84,2664.69,2663.71,2664.06,75.8741
2026-09-28 11:27:00,2664.06,2664.61,2663.68,2663.9,36.0015
2026-09-28 11:28:00,2663.9,2664.09,2663.65,2663.67,38.3652
2026-09-28 11:29:00,2663.66,2664.66,2663.66,2664.6,36.6446
2026-09-28 11:30:00,2664.6,2666.0,2663.97,2663.97,116.8843
2026-09-28 11:31:00,2663.97,2665.42,2663.97,2664.84,67.5054
2026-09-28 11:32:00,2664.83,2664.84,2663.42,2663.42,92.887
2026-09-28 11:33:00,2663.42,2663.75,2662.56,2663.74,53.9705
2026-09-28 11:34:00,2663.74,2665.94,2663.74,2665.94,61.6146
2026-09-28 11:35:00,2665.94,2666.19,2665.3,2665.42,49.8464
2026-09-28 11:36:00,2665.42,2665.98,2664.93,2665.98,66.5919
2026-09-28 11:37:00,2665.98,2667.57,2665.98,2666.74,128.9712
2026-09-28 11:38:00,2666.74,2667.56,2666.38,2667.09,69.5132
2026-09-28 11:39:00,2667.08,2668.17,2666.8,2668.17,155.9019
2026-09-28 11:40:00,2668.16,2668.82,2665.67,2667.83,538.9659
2026-09-28 11:41:00,2667.84,2668.15,2667.65,2667.94,83.9371
2026-09-28 11:42:00,2667.94,2669.13,2667.47,2667.87,138.0339
2026-09-28 11:43:00,2667.87,2669.4,2666.28,2666.53,1123.2503
2026-09-28 11:44:00,2666.52,2667.23,2665.7,2666.95,223.5458
2026-09-28 11:45:00,2666.9,2666.91,2665.07,2665.79,241.747
2026-09-28 11:46:00,2665.79,2666.19,2665.19,2665.38,64.9227
2026-09-28 11:47:00,2665.37,2665.38,2664.36,2664.36,114.7527
2026-09-28 11:48:00,2664.35,2664.78,2664.35,2664.66,71.3072
2026-09-28 11:49:00,2664.66,2664.81,2663.96,2663.97,45.7852
2026-09-28 11:50:00,2663.97,2663.97,2663.36,2663.47,103.8899
2026-09-28 11:51:00,2663.46,2663.83,2663.41,2663.82,33.8145
2026-09-28 11:52:00,2663.82,2664.55,2663.34,2663.91,79.5123
2026-09-28 11:53:00,2663.9,2664.56,2663.07,2663.19,64.6722
2026-09-28 11:54:00,2663.19,2663.2,2663.07,2663.08,16.8667
2026-09-28 11:55:00,2663.07,2664.62,2663.07,2664.54,75.8076
2026-09-28 11:56:00,2664.59,2668.13,2664.59,2667.39,219.1178
2026-09-28 11:57:00,2667.4,2669.53,2667.4,2669.53,172.3097
2026-09-28 11:58:00,2669.52,2669.53,2668.69,2668.8,78.6712
2026-09-28 11:59:00,2668.8,2669.53,2668.57,2669.0,73.1439
2026-09-28 12:00:00,2668.99,2668.99,2665.3,2666.33,187.0935
2026-09-28 12:01:00,2666.32,2667.37,2665.23,2667.15,113.0958
2026-09-28 12:02:00,2667.15,2667.16,2664.82,2666.43,190.7357
2026-09-28 12:03:00,2666.42,2666.64,2665.37,2666.64,157.1541
2026-09-28 12:04:00,2666.64,2673.93,2666.64,2673.93,1009.8697
2026-09-28 12:05:00,2673.92,2680.0,2673.45,2679.1,1157.0845
2026-09-28 12:06:00,2679.09,2689.69,2678.79,2685.8,1838.5817
2026-09-28 12:07:00,2685.8,2691.14,2683.67,2689.63,856.7888
2026-09-28 12:08:00,2689.63,2689.89,2684.82,2687.17,873.5981
2026-09-28 12:09:00,2687.18,2690.99,2687.17,2690.99,487.8973
2026-09-28 12:10:00,2690.99,2692.67,2685.16,2685.16,605.4628
2026-09-28 12:11:00,2685.16,2686.56,2683.06,2684.76,560.9429
2026-09-28 12:12:00,2684.76,2685.0,2682.24,2682.67,248.1645
2026-09-28 12:13:00,2682.67,2683.27,2681.45,2683.2,296.6467
2026-09-28 12:14:00,2683.2,2685.68,2682.86,2685.19,312.0299
2026-09-28 12:15:00,2685.19,2685.19,2682.55,2682.55,289.4417
2026-09-28 12:16:00,2682.56,2683.98,2681.58,2683.98,220.1937
2026-09-28 12:17:00,2683.98,2685.0,2683.0,2683.76,281.2209
2026-09-28 12:18:00,2683.75,2687.62,2683.62,2683.62,305.3092
2026-09-28 12:19:00,2683.62,2686.45,2683.62,2686.1,267.1179
2026-09-28 12:20:00,2686.1,2687.63,2685.69,2687.61,185.0522
2026-09-28 12:21:00,2687.6,2687.6,2685.0,2685.0,328.9015
2026-09-28 12:22:00,2685.01,2685.01,2682.44,2682.45,314.6937
2026-09-28 12:23:00,2682.44,2682.9,2681.87,2682.89,345.1767
2026-09-28 12:24:00,2682.9,2683.85,2682.19,2683.4,165.8026
2026-09-28 12:25:00,2683.41,2683.41,2679.28,2679.28,304.8819
2026-09-28 12:26:00,2679.29,2684.44,2679.16,2681.41,394.7105
2026-09-28 12:27:00,2681.42,2682.0,2680.55,2681.88,231.4484
2026-09-28 12:28:00,2681.87,2681.92,2679.03,2679.6,416.1883
2026-09-28 12:29:00,2679.61,2680.7,2679.56,2679.79,148.6798
2026-09-28 12:30:00,2679.8,2680.7,2677.83,2678.69,454.5388
2026-09-28 12:31:00,2678.69,2679.01,2677.79,2677.79,182.1881
2026-09-28 12:32:00,2677.79,2679.1,2677.08,2679.09,181.1372
2026-09-28 12:33:00,2679.1,2680.87,2678.9,2680.72,322.87
2026-09-28 12:34:00,2680.73,2682.85,2680.72,2682.84,175.7633
2026-09-28 12:35:00,2682.85,2683.03,2681.88,2683.02,327.2607
2026-09-28 12:36:00,2683.02,2683.02,2681.09,2681.99,250.5319
2026-09-28 12:37:00,2681.99,2682.0,2679.41,2679.41,160.7938
2026-09-28 12:38:00,2679.41,2679.41,2677.48,2677.49,217.8814
2026-09-28 12:39:00,2677.49,2678.39,2677.33,2677.9,149.1347
2026-09-28 12:40:00,2677.89,2678.02,2674.75,2675.01,260.7845
2026-09-28 12:41:00,2675.02,2676.49,2675.01,2675.75,181.3797
2026-09-28 12:42:00,2675.74,2675.91,2674.45,2674.75,373.539
2026-09-28 12:43:00,2674.76,2676.41,2674.76,2675.59,147.9559
2026-09-28 12:44:00,2675.59,2679.17,2675.58,2679.11,114.4306
2026-09-28 12:45:00,2679.11,2682.06,2679.11,2682.06,90.5442
2026-09-28 12:46:00,2682.06,2685.64,2682.05,2685.05,371.8353
2026-09-28 12:47:00,2685.05,2685.56,2683.15,2683.15,200.8904
2026-09-28 12:48:00,2683.15,2685.0,2682.15,2684.34,76.903
2026-09-28 12:49:00,2684.34,2684.53,2683.69,2684.08,104.6127
2026-09-28 12:50:00,2684.08,2685.0,2683.81,2684.41,140.752
2026-09-28 12:51:00,2684.4,2684.54,2683.21,2683.59,67.3343
2026-09-28 12:52:00,2683.6,2688.58,2683.59,2687.32,336.4205
2026-09-28 12:53:00,2687.32,2689.0,2685.05,2688.99,201.2601
2026-09-28 12:54:00,2688.99,2690.79,2688.47,2690.79,200.2853
2026-09-28 12:55:00,2690.8,2693.56,2688.17,2688.87,982.919
2026-09-28 12:56:00,2688.87,2689.13,2688.11,2688.93,281.4194
2026-09-28 12:57:00,2688.92,2691.19,2686.94,2691.13,1542.0828
2026-09-28 12:58:00,2691.12,2691.12,2689.95,2690.91,62.1716
2026-09-28 12:59:00,2690.91,2690.92,2689.43,2690.91,169.1659
2026-09-28 13:00:00,2690.91,2690.91,2686.63,2687.1,317.9348
2026-09-28 13:01:00,2687.09,2687.09,2685.82,2686.02,102.6188
2026-09-28 13:02:00,2686.03,2686.03,2684.02,2684.03,147.0283
2026-09-28 13:03:00,2684.03,2684.72,2683.67,2684.07,87.7826
2026-09-28 13:04:00,2684.07,2684.7,2683.71,2683.9,221.8827
2026-09-28 13:05:00,2683.9,2684.13,2683.41,2683.41,47.252
2026-09-28 13:06:00,2683.41,2684.6,2682.86,2684.0,59.231
2026-09-28 13:07:00,2684.0,2686.3,2684.0,2686.2,89.3122
2026-09-28 13:08:00,2686.2,2686.5,2683.9,2684.1,56.689
2026-09-28 13:09:00,2684.11,2684.11,2683.03,2683.6,263.0041
2026-09-28 13:10:00,2683.61,2683.61,2680.52,2681.6,193.5931
2026-09-28 13:11:00,2681.59,2683.62,2681.59,2683.13,50.6165
2026-09-28 13:12:00,2683.13,2684.42,2683.0,2683.01,155.9293
2026-09-28 13:13:00,2683.01,2684.83,2683.0,2684.65,77.3347
2026-09-28 13:14:00,2684.64,2685.41,2684.62,2685.27,84.4223
2026-09-28 13:15:00,2685.26,2686.38,2685.15,2686.02,84.2464
2026-09-28 13:16:00,2686.02,2687.21,2685.31,2685.31,86.7704
2026-09-28 13:17:00,2685.31,2687.04,2683.85,2683.86,76.844
2026-09-28 13:18:00,2683.85,2683.86,2681.27,2682.59,176.6382
2026-09-28 13:19:00,2682.59,2683.12,2681.8,2683.12,23.0583
2026-09-28 13:20:00,2683.11,2684.11,2682.96,2683.96,50.7299
2026-09-28 13:21:00,2683.86,2684.78,2683.04,2683.04,41.8281
2026-09-28 13:22:00,2683.03,2684.17,2682.36,2683.34,189.7005
2026-09-28 13:23:00,2683.34,2685.1,2683.32,2685.03,71.9433
2026-09-28 13:24:00,2685.02,2685.02,2684.49,2684.68,65.2036
2026-09-28 13:25:00,2684.69,2687.12,2684.35,2687.12,152.6134
2026-09-28 13:26:00,2687.11,2688.99,2687.11,2687.42,389.8016
2026-09-28 13:27:00,2687.41,2689.76,2687.29,2688.55,243.5719
2026-09-28 13:28:00,2688.54,2690.14,2688.11,2689.71,253.5426
2026-09-28 13:29:00,2689.71,2690.0,2689.05,2690.0,139.6525
2026-09-28 13:30:00,2689.99,2694.19,2686.66,2686.66,491.5355
2026-09-28 13:31:00,2686.66,2689.41,2683.95,2685.69,512.8417
2026-09-28 13:32:00,2685.69,2687.33,2684.37,2685.41,236.2052
2026-09-28 13:33:00,2685.37,2686.29,2682.45,2684.47,379.1586
2026-09-28 13:34:00,2684.47,2688.61,2684.19,2687.32,264.8589
2026-09-28 13:35:00,2687.31,2690.0,2682.94,2682.94,442.0588
2026-09-28 13:36:00,2682.94,2686.75,2681.26,2685.25,323.5597
2026-09-28 13:37:00,2685.24,2691.53,2685.24,2688.35,792.3667
2026-09-28 13:38:00,2688.36,2694.46,2688.36,2694.41,320.4949
2026-09-28 13:39:00,2694.41,2697.51,2694.38,2694.83,607.8673
2026-09-28 13:40:00,2694.83,2696.87,2692.82,2696.87,350.2363
2026-09-28 13:41:00,2696.87,2697.89,2694.14,2695.68,202.0135
2026-09-28 13:42:00,2695.68,2697.95,2695.68,2697.63,314.5372
2026-09-28 13:43:00,2697.64,2698.39,2696.67,2697.49,210.533
2026-09-28 13:44:00,2697.49,2697.49,2694.24,2697.23,196.2768
2026-09-28 13:45:00,2697.23,2698.56,2696.48,2696.72,262.3723
2026-09-28 13:46:00,2696.71,2697.77,2694.53,2697.75,203.552
2026-09-28 13:47:00,2697.74,2698.68,2695.57,2697.04,782.0963
2026-09-28 13:48:00,2697.08,2698.32,2696.65,2696.97,235.2178
2026-09-28 13:49:00,2696.97,2696.97,2692.01,2692.01,169.2396
2026-09-28 13:50:00,2692.0,2692.01,2687.57,2689.3,317.321
2026-09-28 13:51:00,2689.3,2689.31,2686.39,2687.0,160.8086
2026-09-28 13:52:00,2687.01,2690.57,2686.38,2689.61,112.2371
2026-09-28 13:53:00,2689.62,2693.41,2689.62,2692.88,101.6648
2026-09-28 13:54:00,2692.88,2695.82,2692.52,2695.53,228.2522
2026-09-28 13:55:00,2695.53,2697.86,2692.98,2692.98,203.7809
2026-09-28 13:56:00,2692.98,2692.98,2690.9,2692.51,105.1647
2026-09-28 13:57:00,2692.51,2693.12,2691.82,2692.04,84.7873
2026-09-28 13:58:00,2692.05,2692.54,2690.9,2690.91,75.3424
2026-09-28 13:59:00,2690.9,2692.06,2690.45,2690.65,111.393
2026-09-28 14:00:00,2690.65,2690.65,2685.26,2685.68,205.9488
2026-09-28 14:01:00,2685.67,2686.04,2683.2,2683.21,846.7929
2026-09-28 14:02:00,2683.21,2686.52,2683.21,2685.82,142.0753
2026-09-28 14:03:00,2685.82,2686.09,2682.58,2683.1,200.7344
2026-09-28 14:04:00,2683.11,2683.11,2680.51,2681.37,412.8315
2026-09-28 14:05:00,2681.37,2682.61,2680.01,2680.01,262.4945
2026-09-28 14:06:00,2680.01,2685.28,2678.58,2685.28,300.5258
2026-09-28 14:07:00,2685.32,2687.19,2684.3,2687.18,112.4694
2026-09-28 14:08:00,2687.19,2688.57,2686.17,2686.18,137.1491
2026-09-28 14:09:00,2686.19,2686.68,2684.18,2684.67,133.0084
2026-09-28 14:10:00,2684.66,2684.67,2683.43,2683.71,117.2097
2026-09-28 14:11:00,2683.71,2686.18,2682.28,2686.16,140.1612
2026-09-28 14:12:00,2686.16,2686.17,2684.23,2685.47,112.5405
2026-09-28 14:13:00,2685.47,2685.48,2682.58,2682.95,58.3152
2026-09-28 14:14:00,2682.95,2682.95,2679.91,2681.1,245.3771
2026-09-28 14:15:00,2681.1,2681.68,2678.17,2678.17,190.3623
2026-09-28 14:16:00,2678.17,2680.0,2676.15,2680.0,253.078
2026-09-28 14:17:00,2680.0,2683.1,2679.55,2680.23,237.9128
2026-09-28 14:18:00,2680.24,2680.73,2676.54,2676.6,229.262
2026-09-28 14:19:00,2676.6,2681.13,2676.53,2680.29,114.9292
2026-09-28 14:20:00,2680.29,2681.77,2678.12,2681.61,212.9345
2026-09-28 14:21:00,2681.61,2684.57,2681.34,2684.43,213.9287
2026-09-28 14:22:00,2684.44,2687.62,2684.44,2687.62,213.0969
2026-09-28 14:23:00,2687.62,2687.62,2686.0,2686.28,130.3935
2026-09-28 14:24:00,2686.28,2687.66,2684.53,2687.65,112.703
2026-09-28 14:25:00,2687.66,2687.9,2685.4,2686.16,191.9619
2026-09-28 14:26:00,2686.17,2686.17,2681.44,2682.15,208.2563
2026-09-28 14:27:00,2682.14,2683.39,2677.53,2677.64,301.4246
2026-09-28 14:28:00,2677.64,2677.64,2672.93,2672.94,713.1397
2026-09-28 14:29:00,2672.94,2672.94,2666.0,2671.9,738.0825
2026-09-28 14:30:00,2671.9,2675.96,2671.16,2674.99,436.6401
2026-09-28 14:31:00,2675.0,2675.39,2668.51,2668.51,349.8256
2026-09-28 14:32:00,2668.51,2673.54,2667.39,2671.99,523.4819
2026-09-28 14:33:00,2671.96,2675.67,2670.99,2674.07,186.0269
2026-09-28 14:34:00,2674.06,2676.89,2672.87,2675.86,179.599
2026-09-28 14:35:00,2675.87,2678.87,2674.47,2678.87,193.881
2026-09-28 14:36:00,2678.88,2682.41,2678.88,2680.31,309.9533
2026-09-28 14:37:00,2680.32,2683.13,2680.1,2680.26,84.1298
2026-09-28 14:38:00,2680.23,2680.23,2675.89,2676.8,241.331
2026-09-28 14:39:00,2676.8,2683.33,2676.57,2681.44,250.806
2026-09-28 14:40:00,2681.43,2682.0,2679.0,2679.35,222.6992
2026-09-28 14:41:00,2679.35,2679.35,2673.42,2673.89,336.184
2026-09-28 14:42:00,2673.88,2673.88,2666.93,2668.98,638.5521
2026-09-28 14:43:00,2668.99,2669.36,2660.5,2660.69,1074.5095
2026-09-28 14:44:00,2660.69,2663.54,2660.0,2663.23,310.5462
2026-09-28 14:45:00,2663.23,2664.98,2660.86,2664.44,253.9014
2026-09-28 14:46:00,2664.44,2666.72,2662.42,2665.38,226.9436
2026-09-28 14:47:00,2665.37,2665.37,2657.53,2658.81,563.1355
2026-09-28 14:48:00,2658.81,2665.96,2657.26,2665.11,335.1491
2026-09-28 14:49:00,2665.1,2666.4,2664.21,2665.92,190.2872
2026-09-28 14:50:00,2665.93,2670.58,2665.93,2668.27,434.7612
2026-09-28 14:51:00,2668.26,2669.9,2658.73,2659.0,415.2365
2026-09-28 14:52:00,2659.0,2659.42,2655.0,2658.04,563.7472
2026-09-28 14:53:00,2658.03,2663.35,2651.68,2663.12,1072.0839
2026-09-28 14:54:00,2663.11,2664.93,2662.71,2663.33,202.2517
2026-09-28 14:55:00,2663.33,2664.56,2659.73,2662.44,255.0117
2026-09-28 14:56:00,2662.44,2666.59,2660.84,2666.0,906.892
2026-09-28 14:57:00,2666.01,2668.09,2665.0,2667.11,166.7145
2026-09-28 14:58:00,2667.11,2667.71,2663.67,2664.99,132.411
2026-09-28 14:59:00,2664.98,2667.13,2664.56,2667.13,84.7211
2026-09-28 15:00:00,2667.13,2669.67,2666.36,2668.49,227.007
2026-09-28 15:01:00,2668.49,2670.0,2667.58,2668.6,132.8431
2026-09-28 15:02:00,2668.61,2670.58,2667.22,2669.77,118.6763
2026-09-28 15:03:00,2669.78,2670.94,2669.28,2670.3,97.5865
2026-09-28 15:04:00,2670.29,2670.29,2667.23,2667.55,273.5219
2026-09-28 15:05:00,2667.56,2670.07,2665.86,2670.07,162.3152
2026-09-28 15:06:00,2670.07,2670.48,2668.2,2670.47,184.6515
2026-09-28 15:07:00,2670.48,2670.54,2666.56,2667.78,314.9138
2026-09-28 15:08:00,2667.78,2669.42,2667.64,2668.17,156.7979
2026-09-28 15:09:00,2668.18,2677.49,2668.07,2677.15,492.0734
2026-09-28 15:10:00,2677.15,2678.5,2672.82,2672.83,313.0741
2026-09-28 15:11:00,2672.82,2672.82,2664.09,2664.1,625.237
2026-09-28 15:12:00,2664.11,2668.21,2661.6,2667.39,455.1339
2026-09-28 15:13:00,2667.42,2668.09,2662.64,2665.01,283.7237
2026-09-28 15:14:00,2665.01,2665.93,2663.24,2663.7,120.2093
2026-09-28 15:15:00,2663.64,2665.0,2660.8,2663.53,132.0121
2026-09-28 15:16:00,2663.53,2663.53,2661.29,2662.14,75.6493
2026-09-28 15:17:00,2662.14,2662.99,2657.39,2658.17,516.2525
2026-09-28 15:18:00,2658.17,2660.51,2657.6,2660.05,459.4289
2026-09-28 15:19:00,2660.06,2662.36,2659.11,2659.79,272.4616
2026-09-28 15:20:00,2659.79,2661.35,2658.33,2658.98,472.1858
2026-09-28 15:21:00,2659.01,2659.36,2655.56,2659.01,484.7061
2026-09-28 15:22:00,2659.01,2660.83,2656.58,2656.61,380.3506
2026-09-28 15:23:00,2656.6,2660.96,2654.05,2660.61,280.9664
2026-09-28 15:24:00,2660.6,2666.08,2659.86,2664.23,333.8334
2026-09-28 15:25:00,2664.23,2666.93,2661.53,2665.55,248.7259
2026-09-28 15:26:00,2665.55,2667.78,2663.47,2667.78,148.7565
2026-09-28 15:27:00,2667.79,2668.6,2666.8,2667.73,233.0229
2026-09-28 15:28:00,2667.74,2669.91,2667.57,2669.91,164.4068
2026-09-28 15:29:00,2669.9,2670.15,2667.19,2668.12,227.3115
2026-09-28 15:30:00,2668.12,2668.76,2665.63,2667.8,139.0732
2026-09-28 15:31:00,2667.8,2667.8,2665.62,2666.05,120.1363
2026-09-28 15:32:00,2666.06,2671.19,2666.06,2670.22,104.2254
2026-09-28 15:33:00,2670.23,2670.81,2668.68,2668.68,68.767
2026-09-28 15:34:00,2668.68,2669.69,2668.06,2669.6,66.5669
2026-09-28 15:35:00,2669.6,2671.25,2669.31,2671.25,116.0572
2026-09-28 15:36:00,2671.26,2678.31,2671.25,2677.6,696.3215
2026-09-28 15:37:00,2677.59,2678.23,2674.75,2677.49,376.8581
2026-09-28 15:38:00,2677.5,2680.6,2676.44,2678.92,444.5855
2026-09-28 15:39:00,2678.91,2679.13,2675.6,2679.13,108.4016
2026-09-28 15:40:00,2679.14,2679.38,2675.09,2675.5,429.0215
2026-09-28 15:41:00,2675.5,2677.94,2674.92,2677.94,195.3347
2026-09-28 15:42:00,2677.93,2678.87,2675.85,2676.28,120.9726
2026-09-28 15:43:00,2676.29,2676.86,2674.93,2674.93,232.7119
2026-09-28 15:44:00,2674.92,2675.49,2673.65,2674.73,407.7408
2026-09-28 15:45:00,2674.72,2677.33,2674.68,2676.35,262.7927
2026-09-28 15:46:00,2676.36,2679.03,2674.6,2675.57,128.2754
2026-09-28 15:47:00,2675.56,2676.55,2675.3,2676.55,53.6261
2026-09-28 15:48:00,2676.54,2676.55,2675.0,2675.01,97.0954
2026-09-28 15:49:00,2675.01,2675.46,2673.11,2675.45,277.0059
2026-09-28 15:50:00,2675.45,2679.03,2675.45,2677.78,146.212
2026-09-28 15:51:00,2677.78,2677.78,2675.77,2676.06,184.381
2026-09-28 15:52:00,2676.05,2677.62,2674.82,2676.11,139.7147
2026-09-28 15:53:00,2676.1,2677.54,2675.52,2676.73,163.4399
2026-09-28 15:54:00,2676.72,2679.91,2676.06,2679.91,221.057
2026-09-28 15:55:00,2679.91,2680.75,2678.82,2678.82,161.4982
2026-09-28 15:56:00,2678.81,2679.26,2677.58,2678.12,80.2344
2026-09-28 15:57:00,2678.12,2680.02,2677.36,2677.65,130.8193
2026-09-28 15:58:00,2677.66,2679.02,2677.66,2678.55,60.2739
2026-09-28 15:59:00,2678.54,2679.06,2677.58,2677.95,121.4321
2026-09-28 16:00:00,2677.94,2678.79,2675.59,2676.74,203.923
2026-09-28 16:01:00,2676.74,2679.62,2675.29,2676.44,113.348
2026-09-28 16:02:00,2676.47,2676.48,2673.12,2673.25,143.3008
2026-09-28 16:03:00,2673.24,2673.6,2671.0,2671.94,116.3437
2026-09-28 16:04:00,2671.95,2675.0,2671.94,2673.63,146.6297
2026-09-28 16:05:00,2673.63,2675.0,2672.06,2672.48,643.7102
2026-09-28 16:06:00,2672.48,2674.63,2672.1,2674.3,125.8975
2026-09-28 16:07:00,2674.29,2678.07,2673.41,2676.17,126.6391
2026-09-28 16:08:00,2676.17,2679.01,2676.17,2677.5,180.4966
2026-09-28 16:09:00,2677.5,2677.82,2675.53,2677.51,119.2256
2026-09-28 16:10:00,2677.52,2678.75,2676.84,2677.87,131.3888
2026-09-28 16:11:00,2677.87,2678.45,2676.94,2677.15,79.5949
2026-09-28 16:12:00,2677.15,2677.94,2674.36,2676.05,119.8537
2026-09-28 16:13:00,2676.04,2676.04,2675.11,2675.18,47.3814
2026-09-28 16:14:00,2675.18,2675.56,2673.87,2674.21,113.81
2026-09-28 16:15:00,2674.2,2674.42,2673.03,2673.17,64.0473
2026-09-28 16:16:00,2673.17,2679.01,2671.85,2678.72,356.3498
2026-09-28 16:17:00,2678.78,2685.82,2678.37,2685.69,675.6867
2026-09-28 16:18:00,2685.69,2687.78,2679.99,2680.06,624.6664
2026-09-28 16:19:00,2680.06,2685.52,2679.9,2685.52,180.5873
2026-09-28 16:20:00,2685.53,2689.46,2683.8,2686.88,741.3225
2026-09-28 16:21:00,2686.88,2693.0,2686.88,2689.92,1178.0491
2026-09-28 16:22:00,2689.92,2693.38,2689.42,2690.99,386.0304
2026-09-28 16:23:00,2690.99,2694.8,2688.19,2694.29,503.3236
2026-09-28 16:24:00,2694.28,2696.86,2692.54,2694.43,551.9892
2026-09-28 16:25:00,2694.43,2695.03,2692.66,2693.87,214.1654
2026-09-28 16:26:00,2693.87,2697.72,2693.49,2697.36,1334.912
2026-09-28 16:27:00,2697.36,2698.02,2696.0,2697.65,769.7082
2026-09-28 16:28:00,2697.65,2697.82,2695.66,2696.87,324.2877
2026-09-28 16:29:00,2696.88,2698.86,2693.08,2694.62,671.8808
2026-09-28 16:30:00,2694.61,2697.87,2694.52,2696.82,277.3268
2026-09-28 16:31:00,2696.82,2697.72,2694.43,2695.37,142.1343
2026-09-28 16:32:00,2695.37,2696.82,2692.01,2692.28,277.0075
2026-09-28 16:33:00,2692.29,2693.47,2690.24,2691.74,438.6019
2026-09-28 16:34:00,2691.74,2692.85,2690.44,2691.0,215.8546
2026-09-28 16:35:00,2690.99,2692.98,2690.25,2691.37,241.8833
2026-09-28 16:36:00,2691.37,2692.67,2691.01,2691.99,234.7061
2026-09-28 16:37:00,2691.99,2692.0,2690.24,2690.94,148.6235
2026-09-28 16:38:00,2690.95,2690.95,2687.8,2687.98,201.4325
2026-09-28 16:39:00,2687.98,2687.99,2686.77,2686.78,69.9254
2026-09-28 16:40:00,2686.77,2687.24,2685.92,2686.41,167.3768
2026-09-28 16:41:00,2686.41,2686.98,2682.94,2682.94,211.8757
2026-09-28 16:42:00,2682.95,2684.27,2682.07,2682.53,268.6439
2026-09-28 16:43:00,2682.52,2683.19,2682.26,2682.87,105.1063
2026-09-28 16:44:00,2682.87,2684.58,2682.31,2683.89,122.1774
2026-09-28 16:45:00,2683.9,2685.68,2683.57,2683.79,211.4608
2026-09-28 16:46:00,2683.78,2685.15,2681.94,2682.83,165.2016
2026-09-28 16:47:00,2682.83,2683.8,2681.67,2682.99,198.7358
2026-09-28 16:48:00,2682.99,2682.99,2681.11,2681.11,123.887
2026-09-28 16:49:00,2681.11,2681.8,2680.14,2680.22,137.213
2026-09-28 16:50:00,2680.22,2682.07,2679.48,2681.65,301.819
2026-09-28 16:51:00,2681.65,2682.08,2680.39,2682.08,106.4834
2026-09-28 16:52:00,2682.08,2684.8,2680.93,2684.29,146.8108
2026-09-28 16:53:00,2684.28,2686.03,2683.71,2685.82,199.266
2026-09-28 16:54:00,2685.82,2687.35,2685.7,2687.24,364.4706
2026-09-28 16:55:00,2687.24,2687.55,2686.46,2687.37,105.0209
2026-09-28 16:56:00,2687.37,2688.12,2686.15,2686.16,151.8345
2026-09-28 16:57:00,2686.16,2687.28,2686.09,2686.3,103.6708
2026-09-28 16:58:00,2686.31,2687.28,2686.31,2686.77,109.4641
2026-09-28 16:59:00,2686.78,2687.35,2686.53,2687.35,55.9184
2026-09-28 17:00:00,2687.35,2687.35,2683.11,2683.11,208.8334
2026-09-28 17:01:00,2683.12,2685.31,2683.12,2683.76,158.845
2026-09-28 17:02:00,2683.75,2688.12,2683.26,2688.12,407.4081
2026-09-28 17:03:00,2688.11,2688.73,2683.28,2685.05,427.4626
2026-09-28 17:04:00,2685.04,2685.47,2684.07,2684.44,119.8633
2026-09-28 17:05:00,2684.45,2684.45,2683.27,2684.11,67.618
2026-09-28 17:06:00,2684.11,2685.42,2682.07,2685.42,152.881
2026-09-28 17:07:00,2685.41,2685.41,2683.62,2683.63,101.4402
2026-09-28 17:08:00,2683.62,2683.63,2682.28,2682.35,47.599
2026-09-28 17:09:00,2682.35,2682.98,2682.35,2682.42,76.425
2026-09-28 17:10:00,2682.41,2682.99,2681.92,2682.43,167.3395
2026-09-28 17:11:00,2682.44,2697.8,2682.22,2696.97,1161.7973
2026-09-28 17:12:00,2696.98,2702.88,2696.62,2701.63,1858.3325
2026-09-28 17:13:00,2701.63,2717.97,2700.4,2715.44,4354.9553
2026-09-28 17:14:00,2715.44,2721.42,2712.57,2720.61,2507.4946
2026-09-28 17:15:00,2720.62,2720.62,2709.52,2713.72,1054.7934
2026-09-28 17:16:00,2713.71,2720.81,2713.4,2718.65,1028.6352
2026-09-28 17:17:00,2718.65,2720.65,2714.27,2715.75,989.6953
2026-09-28 17:18:00,2715.74,2716.21,2709.82,2709.82,483.7276
2026-09-28 17:19:00,2709.82,2711.07,2708.42,2709.02,414.7347
2026-09-28 17:20:00,2709.02,2709.47,2706.23,2709.33,475.4339
2026-09-28 17:21:00,2709.33,2709.33,2706.83,2706.83,397.0437
2026-09-28 17:22:00,2706.83,2707.65,2706.29,2707.21,218.1906
2026-09-28 17:23:00,2707.21,2710.7,2707.05,2708.08,270.0084
2026-09-28 17:24:00,2708.07,2709.34,2707.33,2708.12,272.3138
2026-09-28 17:25:00,2708.12,2708.12,2706.58,2707.3,80.85
2026-09-28 17:26:00,2707.3,2707.3,2703.09,2703.09,290.5292
2026-09-28 17:27:00,2703.09,2703.41,2699.03,2699.88,342.3152
2026-09-28 17:28:00,2699.89,2701.31,2699.15,2699.94,148.1574
2026-09-28 17:29:00,2699.94,2701.26,2698.95,2699.29,204.92
2026-09-28 17:30:00,2699.3,2704.34,2698.96,2704.1,251.2659
2026-09-28 17:31:00,2704.1,2704.11,2701.73,2703.49,149.3581
2026-09-28 17:32:00,2703.49,2704.96,2702.0,2704.55,355.4356
2026-09-28 17:33:00,2704.55,2704.55,2701.5,2701.5,80.7078
2026-09-28 17:34:00,2701.51,2701.51,2698.14,2698.19,270.405
2026-09-28 17:35:00,2698.19,2700.09,2698.11,2700.09,88.0478
2026-09-28 17:36:00,2700.1,2701.24,2699.41,2699.85,234.8925
2026-09-28 17:37:00,2699.86,2700.46,2695.97,2696.07,170.0892
2026-09-28 17:38:00,2696.06,2699.89,2695.5,2699.46,102.9017
2026-09-28 17:39:00,2699.47,2699.47,2698.41,2698.51,44.3805
2026-09-28 17:40:00,2698.51,2699.69,2698.04,2698.54,69.0283
2026-09-28 17:41:00,2698.55,2703.58,2698.55,2703.47,223.0721
2026-09-28 17:42:00,2703.47,2703.47,2700.09,2702.42,115.9363
2026-09-28 17:43:00,2702.43,2703.98,2701.88,2702.69,194.1204
2026-09-28 17:44:00,2702.69,2702.69,2701.5,2701.66,252.1032
2026-09-28 17:45:00,2701.67,2702.7,2700.3,2700.79,131.9985
2026-09-28 17:46:00,2700.79,2700.8,2699.1,2699.4,52.6815
2026-09-28 17:47:00,2699.39,2700.03,2698.15,2698.15,73.7314
2026-09-28 17:48:00,2698.15,2699.29,2697.95,2698.93,93.9517
2026-09-28 17:49:00,2698.93,2698.93,2696.75,2697.09,142.254
2026-09-28 17:50:00,2697.1,2697.1,2695.75,2695.76,67.3751
2026-09-28 17:51:00,2695.75,2696.03,2694.47,2695.78,167.3522
2026-09-28 17:52:00,2695.77,2697.58,2695.77,2697.58,69.8921
2026-09-28 17:53:00,2697.58,2697.73,2695.21,2695.22,69.9205
2026-09-28 17:54:00,2695.21,2695.95,2693.71,2693.71,147.2293
2026-09-28 17:55:00,2693.71,2695.43,2692.59,2695.41,197.7701
2026-09-28 17:56:00,2695.41,2696.31,2695.23,2695.7,84.0402
2026-09-28 17:57:00,2695.71,2697.53,2695.7,2697.17,133.6461
2026-09-28 17:58:00,2697.18,2697.18,2696.37,2696.37,47.8116
2026-09-28 17:59:00,2696.37,2696.75,2695.56,2695.71,64.6796
2026-09-28 18:00:00,2695.71,2695.74,2692.92,2693.09,112.437
2026-09-28 18:01:00,2693.1,2694.56,2692.33,2694.49,65.265
2026-09-28 18:02:00,2694.48,2698.42,2694.16,2698.42,175.5032
2026-09-28 18:03:00,2698.42,2698.42,2696.37,2696.37,106.3463
2026-09-28 18:04:00,2696.38,2698.41,2696.37,2697.91,143.5071
2026-09-28 18:05:00,2697.92,2698.23,2696.86,2697.21,94.623
2026-09-28 18:06:00,2697.21,2697.72,2695.29,2695.91,55.4977
2026-09-28 18:07:00,2695.91,2695.91,2694.38,2694.79,111.8634
2026-09-28 18:08:00,2694.79,2696.65,2694.41,2696.54,50.0263
2026-09-28 18:09:00,2696.54,2696.54,2694.91,2695.46,80.8543
2026-09-28 18:10:00,2695.45,2697.34,2695.28,2695.93,71.5791
2026-09-28 18:11:00,2695.94,2697.37,2695.72,2697.37,82.5873
2026-09-28 18:12:00,2697.37,2698.38,2697.15,2697.15,149.7646
2026-09-28 18:13:00,2697.16,2698.37,2697.16,2698.37,73.4731
2026-09-28 18:14:00,2698.37,2698.8,2698.32,2698.66,96.5572
2026-09-28 18:15:00,2698.66,2699.57,2697.35,2697.35,88.5936
2026-09-28 18:16:00,2697.35,2698.64,2696.86,2698.64,87.0933
2026-09-28 18:17:00,2698.64,2699.0,2695.63,2695.63,47.1509
2026-09-28 18:18:00,2695.63,2696.62,2695.3,2695.98,82.2566
2026-09-28 18:19:00,2695.97,2695.97,2694.52,2695.28,41.7592
2026-09-28 18:20:00,2695.29,2695.95,2694.37,2694.78,48.1988
2026-09-28 18:21:00,2694.79,2695.57,2694.59,2694.8,59.7285
2026-09-28 18:22:00,2694.79,2697.85,2694.79,2697.68,54.1199
2026-09-28 18:23:00,2697.68,2697.98,2695.43,2695.43,52.5112
2026-09-28 18:24:00,2695.44,2697.03,2694.88,2696.42,66.1855
2026-09-28 18:25:00,2696.41,2698.14,2695.54,2696.01,59.6805
2026-09-28 18:26:00,2696.0,2696.79,2695.24,2696.79,35.5129
2026-09-28 18:27:00,2696.8,2698.0,2696.8,2697.73,65.7229
2026-09-28 18:28:00,2697.72,2697.72,2695.26,2695.73,63.9627
2026-09-28 18:29:00,2695.73,2695.99,2695.56,2695.56,28.1344
2026-09-28 18:30:00,2695.55,2696.09,2692.95,2695.26,148.4677
2026-09-28 18:31:00,2695.26,2695.26,2691.68,2692.71,260.4883
2026-09-28 18:32:00,2692.71,2692.71,2688.5,2688.68,327.0178
2026-09-28 18:33:00,2688.69,2690.42,2688.26,2688.8,172.5456
2026-09-28 18:34:00,2688.8,2691.71,2688.62,2691.67,112.0593
2026-09-28 18:35:00,2691.66,2691.66,2690.24,2691.37,111.661
2026-09-28 18:36:00,2691.37,2691.45,2690.24,2691.44,60.9009
2026-09-28 18:37:00,2691.45,2692.23,2690.61,2690.96,98.2324
2026-09-28 18:38:00,2690.95,2691.78,2689.94,2689.99,95.9094
2026-09-28 18:39:00,2689.98,2689.98,2687.83,2688.82,148.6009
2026-09-28 18:40:00,2688.83,2689.15,2687.54,2688.58,219.2846
2026-09-28 18:41:00,2688.58,2689.42,2687.88,2689.42,84.8949
2026-09-28 18:42:00,2689.42,2690.25,2688.0,2688.22,180.8157
2026-09-28 18:43:00,2688.23,2688.94,2687.69,2688.94,89.0221
2026-09-28 18:44:00,2688.94,2690.34,2688.93,2690.34,69.4618
2026-09-28 18:45:00,2690.34,2690.34,2688.8,2688.95,121.3823
2026-09-28 18:46:00,2688.97,2690.01,2688.97,2689.71,63.3381
2026-09-28 18:47:00,2689.7,2692.1,2688.51,2692.1,90.7934
2026-09-28 18:48:00,2692.1,2695.11,2690.98,2693.2,206.8884
2026-09-28 18:49:00,2693.19,2693.2,2692.28,2692.64,81.2639
2026-09-28 18:50:00,2692.65,2693.89,2692.28,2692.29,62.1251
2026-09-28 18:51:00,2692.28,2693.65,2692.28,2693.64,60.0304
2026-09-28 18:52:00,2693.65,2696.01,2693.64,2696.0,151.6207
2026-09-28 18:53:00,2696.0,2699.04,2695.94,2697.84,255.3128
2026-09-28 18:54:00,2697.85,2698.28,2696.39,2698.27,100.3484
2026-09-28 18:55:00,2698.27,2698.53,2696.73,2697.77,109.8553
2026-09-28 18:56:00,2697.77,2699.75,2697.76,2698.46,97.87
2026-09-28 18:57:00,2698.46,2699.55,2698.46,2698.9,98.5223
2026-09-28 18:58:00,2698.91,2699.64,2698.91,2699.64,70.1841
2026-09-28 18:59:00,2699.63,2699.78,2699.22,2699.67,47.0154
2026-09-28 19:00:00,2699.68,2700.31,2697.59,2697.66,102.0081
2026-09-28 19:01:00,2697.67,2697.8,2693.65,2695.0,174.6329
2026-09-28 19:02:00,2694.99,2694.99,2692.29,2692.93,190.8797
2026-09-28 19:03:00,2692.92,2693.76,2692.28,2692.29,123.1114
2026-09-28 19:04:00,2692.28,2692.29,2690.73,2691.2,87.3669
2026-09-28 19:05:00,2691.2,2691.2,2689.63,2690.99,109.0804
2026-09-28 19:06:00,2690.99,2691.0,2687.96,2687.96,143.7334
2026-09-28 19:07:00,2687.96,2689.0,2687.1,2687.35,143.1785
2026-09-28 19:08:00,2687.36,2688.0,2686.51,2687.22,150.6403
2026-09-28 19:09:00,2687.21,2687.21,2684.09,2685.16,139.5689
2026-09-28 19:10:00,2685.17,2685.2,2683.58,2684.59,282.8816
2026-09-28 19:11:00,2684.58,2685.05,2683.72,2683.98,197.8809
2026-09-28 19:12:00,2683.98,2686.08,2683.98,2686.01,86.468
2026-09-28 19:13:00,2686.0,2687.66,2686.0,2687.46,57.0767
2026-09-28 19:14:00,2687.46,2687.46,2686.29,2686.29,82.0205
2026-09-28 19:15:00,2686.28,2686.28,2683.83,2685.82,152.324
2026-09-28 19:16:00,2685.83,2686.92,2684.11,2684.11,59.6105
2026-09-28 19:17:00,2684.12,2686.19,2683.67,2684.77,122.3351
2026-09-28 19:18:00,2684.77,2685.14,2683.33,2685.14,170.2209
2026-09-28 19:19:00,2685.14,2685.4,2683.58,2685.4,61.8825
2026-09-28 19:20:00,2685.4,2685.4,2683.58,2683.58,54.3806
2026-09-28 19:21:00,2683.58,2685.29,2683.05,2684.11,76.8366
2026-09-28 19:22:00,2684.11,2684.19,2682.64,2683.32,66.7412
2026-09-28 19:23:00,2683.33,2683.41,2682.66,2682.7,66.0866
2026-09-28 19:24:00,2682.7,2682.71,2682.21,2682.7,84.7615
2026-09-28 19:25:00,2682.71,2683.03,2682.22,2682.61,51.8456
2026-09-28 19:26:00,2682.61,2683.98,2682.5,2682.89,69.6011
2026-09-28 19:27:00,2682.9,2683.5,2682.54,2682.54,42.0439
2026-09-28 19:28:00,2682.54,2683.21,2682.45,2683.03,66.8992
2026-09-28 19:29:00,2683.02,2683.02,2681.02,2681.73,135.4869
2026-09-28 19:30:00,2681.73,2681.96,2680.4,2680.8,104.4302
2026-09-28 19:31:00,2680.81,2682.23,2679.98,2681.14,151.6467
2026-09-28 19:32:00,2681.14,2682.12,2678.52,2679.62,128.9195
2026-09-28 19:33:00,2679.63,2680.34,2675.42,2675.58,291.9686
2026-09-28 19:34:00,2675.59,2676.75,2674.54,2675.94,249.1291
2026-09-28 19:35:00,2675.94,2675.94,2674.02,2674.16,139.1158
2026-09-28 19:36:00,2674.17,2674.2,2673.0,2673.79,175.4749
2026-09-28 19:37:00,2673.78,2673.78,2669.01,2669.11,538.9614
2026-09-28 19:38:00,2669.11,2670.4,2667.5,2667.76,488.0379
2026-09-28 19:39:00,2667.76,2669.82,2666.42,2668.32,425.1778
2026-09-28 19:40:00,2668.31,2668.31,2665.0,2665.03,522.4616
2026-09-28 19:41:00,2665.02,2670.31,2665.0,2670.31,372.4025
2026-09-28 19:42:00,2670.31,2671.22,2668.98,2671.11,227.5456
2026-09-28 19:43:00,2671.1,2673.55,2671.04,2671.23,330.1228
2026-09-28 19:44:00,2671.23,2673.22,2670.72,2672.74,97.2089
2026-09-28 19:45:00,2672.75,2674.88,2672.31,2674.88,177.0397
2026-09-28 19:46:00,2674.88,2674.89,2673.0,2673.0,150.6265
2026-09-28 19:47:00,2673.0,2673.54,2671.53,2671.53,88.0878
2026-09-28 19:48:00,2671.53,2671.82,2670.39,2670.39,88.8973
2026-09-28 19:49:00,2670.39,2671.18,2670.0,2670.94,132.9233
2026-09-28 19:50:00,2670.94,2671.85,2670.3,2671.77,155.5784
2026-09-28 19:51:00,2671.77,2674.57,2671.31,2674.56,102.1999
2026-09-28 19:52:00,2674.56,2676.01,2674.39,2676.0,111.9265
2026-09-28 19:53:00,2676.0,2676.82,2676.0,2676.01,342.7484
2026-09-28 19:54:00,2676.01,2676.61,2675.01,2675.01,401.5986
2026-09-28 19:55:00,2675.0,2676.3,2674.0,2674.12,141.7406
2026-09-28 19:56:00,2674.11,2674.45,2673.89,2674.21,40.7438
2026-09-28 19:57:00,2674.21,2674.77,2673.89,2674.44,129.9857
2026-09-28 19:58:00,2674.44,2675.45,2674.44,2675.44,48.245
2026-09-28 19:59:00,2675.44,2675.44,2673.44,2673.5,202.9019
2026-09-28 20:00:00,2673.49,2676.21,2673.45,2674.66,119.7591
2026-09-28 20:01:00,2674.65,2674.66,2671.67,2672.01,216.277
2026-09-28 20:02:00,2672.01,2674.39,2670.96,2674.39,103.0653
2026-09-28 20:03:00,2674.39,2677.23,2674.39,2676.32,149.6535
2026-09-28 20:04:00,2676.32,2680.16,2675.94,2679.39,301.6659
2026-09-28 20:05:00,2679.39,2681.69,2679.04,2680.87,194.214
2026-09-28 20:06:00,2680.86,2683.09,2680.02,2683.09,121.7417
2026-09-28 20:07:00,2683.09,2684.64,2683.08,2684.63,183.5615
2026-09-28 20:08:00,2684.63,2685.71,2684.11,2685.49,195.376
2026-09-28 20:09:00,2685.49,2685.49,2684.3,2685.24,106.7428
2026-09-28 20:10:00,2685.25,2685.71,2684.63,2685.58,117.4636
2026-09-28 20:11:00,2685.57,2686.4,2685.12,2685.85,119.8139
2026-09-28 20:12:00,2685.85,2685.85,2683.05,2684.16,123.592
2026-09-28 20:13:00,2684.22,2685.81,2684.21,2685.69,48.3397
2026-09-28 20:14:00,2685.7,2685.92,2685.43,2685.47,49.4292
2026-09-28 20:15:00,2685.46,2685.46,2683.85,2683.85,51.1327
2026-09-28 20:16:00,2683.84,2683.84,2681.31,2681.31,112.7613
2026-09-28 20:17:00,2681.32,2682.03,2680.35,2680.36,61.4708
2026-09-28 20:18:00,2680.36,2681.68,2680.35,2681.49,72.0452
2026-09-28 20:19:00,2681.49,2682.9,2681.48,2682.89,159.1077
2026-09-28 20:20:00,2682.89,2683.27,2682.29,2682.3,32.8646
2026-09-28 20:21:00,2682.3,2682.82,2682.28,2682.82,48.8847
2026-09-28 20:22:00,2682.82,2682.82,2682.41,2682.59,66.4531
2026-09-28 20:23:00,2682.59,2682.8,2680.14,2680.14,72.5546
2026-09-28 20:24:00,2680.14,2683.48,2679.86,2683.47,80.4008
2026-09-28 20:25:00,2683.47,2683.48,2682.41,2682.42,66.8041
2026-09-28 20:26:00,2682.41,2682.41,2681.7,2681.85,28.2891
2026-09-28 20:27:00,2681.86,2681.86,2680.52,2680.85,66.1311
2026-09-28 20:28:00,2680.85,2681.2,2680.55,2681.19,36.5193
2026-09-28 20:29:00,2681.2,2682.26,2680.31,2680.36,53.7453
2026-09-28 20:30:00,2680.35,2680.36,2679.34,2679.34,60.5365
2026-09-28 20:31:00,2679.34,2680.08,2678.84,2679.82,59.8566
2026-09-28 20:32:00,2679.82,2680.36,2679.54,2680.31,62.1621
2026-09-28 20:33:00,2680.31,2682.47,2680.21,2682.23,79.8519
2026-09-28 20:34:00,2682.23,2682.31,2681.65,2682.3,64.0241
2026-09-28 20:35:00,2682.31,2682.86,2682.31,2682.85,22.1194
2026-09-28 20:36:00,2682.85,2682.85,2681.2,2681.21,61.1785
2026-09-28 20:37:00,2681.21,2681.21,2680.41,2680.78,33.7958
2026-09-28 20:38:00,2680.77,2681.51,2680.77,2681.5,18.668
2026-09-28 20:39:00,2681.5,2682.89,2681.02,2682.42,99.0122
2026-09-28 20:40:00,2682.42,2682.76,2681.94,2682.17,72.1478
2026-09-28 20:41:00,2682.16,2683.43,2682.16,2683.43,39.3752
2026-09-28 20:42:00,2683.42,2684.0,2682.5,2682.51,107.6277
2026-09-28 20:43:00,2682.5,2682.5,2680.02,2680.86,215.56
2026-09-28 20:44:00,2680.86,2680.86,2680.39,2680.39,22.6858
2026-09-28 20:45:00,2680.39,2680.39,2680.02,2680.02,18.3283
2026-09-28 20:46:00,2680.02,2681.73,2680.02,2681.72,53.1289
2026-09-28 20:47:00,2681.73,2682.76,2681.3,2681.3,39.1511
2026-09-28 20:48:00,2681.3,2681.42,2680.59,2681.18,38.1283
2026-09-28 20:49:00,2681.18,2681.19,2680.33,2681.0,84.3379
2026-09-28 20:50:00,2681.01,2681.01,2679.58,2679.58,43.2516
2026-09-28 20:51:00,2679.58,2680.14,2679.3,2679.95,80.0208
2026-09-28 20:52:00,2679.95,2679.95,2678.39,2678.99,79.217
2026-09-28 20:53:00,2678.99,2679.52,2678.99,2679.51,31.6554
2026-09-28 20:54:00,2679.51,2680.95,2679.5,2680.9,43.6035
2026-09-28 20:55:00,2680.87,2682.08,2680.87,2682.07,38.0007
2026-09-28 20:56:00,2682.07,2682.35,2682.07,2682.12,13.4867
2026-09-28 20:57:00,2682.11,2683.55,2682.11,2682.99,77.6648
2026-09-28 20:58:00,2682.99,2683.05,2682.3,2682.83,45.3949
2026-09-28 20:59:00,2682.83,2683.2,2682.82,2682.9,54.6622
2026-09-28 21:00:00,2682.9,2686.61,2682.9,2686.6,193.6281
2026-09-28 21:01:00,2686.61,2687.84,2686.61,2687.19,203.518
2026-09-28 21:02:00,2687.22,2688.2,2686.9,2687.84,193.3663
2026-09-28 21:03:00,2687.84,2688.56,2687.56,2687.76,79.1498
2026-09-28 21:04:00,2687.77,2689.74,2687.76,2689.3,227.3202
2026-09-28 21:05:00,2689.31,2690.0,2688.6,2688.6,89.1628
2026-09-28 21:06:00,2688.6,2689.53,2688.0,2688.89,77.3635
2026-09-28 21:07:00,2688.88,2688.88,2684.22,2684.23,302.6452
2026-09-28 21:08:00,2684.23,2688.13,2684.23,2687.61,120.637
2026-09-28 21:09:00,2687.61,2688.0,2687.14,2687.71,55.9836
2026-09-28 21:10:00,2687.71,2688.18,2686.74,2686.86,60.3389
2026-09-28 21:11:00,2686.86,2687.64,2686.68,2687.63,82.4687
2026-09-28 21:12:00,2687.63,2687.99,2687.33,2687.43,56.5193
2026-09-28 21:13:00,2687.42,2687.42,2686.67,2686.74,39.5552
2026-09-28 21:14:00,2686.73,2686.97,2686.16,2686.16,39.778
2026-09-28 21:15:00,2686.17,2686.61,2685.29,2685.29,72.4916
2026-09-28 21:16:00,2685.29,2685.91,2685.15,2685.27,39.3917
2026-09-28 21:17:00,2685.27,2685.27,2684.08,2684.09,25.2216
2026-09-28 21:18:00,2684.08,2684.09,2682.94,2683.09,88.4474
2026-09-28 21:19:00,2683.09,2684.75,2683.09,2684.75,37.3195
2026-09-28 21:20:00,2684.75,2684.75,2683.43,2683.43,41.9246
2026-09-28 21:21:00,2683.43,2683.48,2682.07,2682.07,240.3809
2026-09-28 21:22:00,2682.07,2682.24,2681.99,2682.0,63.4803
2026-09-28 21:23:00,2682.0,2682.0,2681.2,2681.2,97.8914
2026-09-28 21:24:00,2681.2,2682.0,2681.2,2681.99,41.1833
2026-09-28 21:25:00,2682.0,2682.46,2681.37,2682.46,141.5897
2026-09-28 21:26:00,2682.45,2682.45,2680.88,2681.24,53.7813
2026-09-28 21:27:00,2681.23,2681.23,2680.4,2680.47,33.8325
2026-09-28 21:28:00,2680.48,2681.27,2680.47,2681.05,84.7559
2026-09-28 21:29:00,2681.06,2681.39,2681.05,2681.39,25.1504
2026-09-28 21:30:00,2681.38,2682.44,2681.38,2682.44,25.415
2026-09-28 21:31:00,2682.43,2682.44,2679.82,2679.83,80.3966
2026-09-28 21:32:00,2679.82,2679.83,2678.56,2678.57,217.483
2026-09-28 21:33:00,2678.56,2680.31,2678.56,2680.18,65.3055
2026-09-28 21:34:00,2680.19,2682.01,2680.18,2682.0,243.3944
2026-09-28 21:35:00,2682.01,2682.29,2681.64,2681.87,45.8708
2026-09-28 21:36:00,2681.86,2682.81,2681.86,2682.5,40.7589
2026-09-28 21:37:00,2682.5,2682.81,2681.71,2682.3,64.8481
2026-09-28 21:38:00,2682.29,2682.29,2679.48,2679.8,63.4883
2026-09-28 21:39:00,2679.81,2680.32,2679.54,2680.31,144.5115
2026-09-28 21:40:00,2680.31,2680.69,2679.22,2680.68,146.3155
2026-09-28 21:41:00,2680.68,2680.69,2679.6,2680.69,84.5159
2026-09-28 21:42:00,2680.68,2680.83,2680.68,2680.82,4.7476
2026-09-28 21:43:00,2680.82,2681.1,2680.12,2680.59,79.1749
2026-09-28 21:44:00,2680.58,2681.07,2680.4,2680.93,114.3016
2026-09-28 21:45:00,2680.92,2680.92,2680.54,2680.55,12.8729
2026-09-28 21:46:00,2680.55,2680.56,2678.56,2678.56,82.931
2026-09-28 21:47:00,2678.56,2678.69,2677.67,2678.69,189.9014
2026-09-28 21:48:00,2678.68,2678.68,2678.12,2678.12,35.7728
2026-09-28 21:49:00,2678.12,2678.8,2678.12,2678.64,55.0035
2026-09-28 21:50:00,2678.63,2678.93,2677.69,2677.69,79.9588
2026-09-28 21:51:00,2677.69,2677.77,2677.22,2677.68,153.2695
2026-09-28 21:52:00,2677.68,2678.68,2677.68,2678.67,15.4388
2026-09-28 21:53:00,2678.67,2678.68,2676.91,2676.91,96.7823
2026-09-28 21:54:00,2676.91,2676.91,2675.0,2675.46,192.6488
2026-09-28 21:55:00,2675.47,2675.84,2674.48,2674.49,74.5672
2026-09-28 21:56:00,2674.49,2674.98,2674.49,2674.98,51.4588
2026-09-28 21:57:00,2674.98,2675.33,2674.97,2674.97,41.5808
2026-09-28 21:58:00,2674.97,2675.68,2674.32,2675.68,427.0118
2026-09-28 21:59:00,2675.67,2675.68,2674.36,2674.36,68.6446
2026-09-28 22:00:00,2674.37,2674.76,2672.03,2672.03,92.9721
2026-09-28 22:01:00,2672.03,2672.27,2671.42,2671.54,126.576
2026-09-28 22:02:00,2671.55,2673.22,2669.19,2673.22,374.3594
2026-09-28 22:03:00,2673.23,2675.27,2672.51,2672.71,158.8093
2026-09-28 22:04:00,2672.71,2673.9,2671.54,2672.2,147.5914
2026-09-28 22:05:00,2672.2,2672.2,2669.37,2669.37,67.4477
2026-09-28 22:06:00,2669.37,2669.67,2667.86,2669.13,382.6431
2026-09-28 22:07:00,2669.13,2669.9,2669.11,2669.26,77.6061
2026-09-28 22:08:00,2669.25,2673.79,2669.25,2673.7,215.3804
2026-09-28 22:09:00,2673.7,2673.7,2671.05,2671.98,97.1503
2026-09-28 22:10:00,2671.98,2672.72,2671.1,2671.85,63.8422
2026-09-28 22:11:00,2671.86,2671.86,2670.87,2671.39,82.4996
2026-09-28 22:12:00,2671.39,2672.13,2671.39,2672.12,10.8727
2026-09-28 22:13:00,2672.12,2672.68,2672.12,2672.6,24.7559
2026-09-28 22:14:00,2672.61,2672.69,2671.78,2671.79,44.4539
2026-09-28 22:15:00,2671.78,2671.78,2670.83,2670.83,39.2534
2026-09-28 22:16:00,2670.83,2671.7,2670.83,2671.69,55.9535
2026-09-28 22:17:00,2671.7,2674.76,2671.69,2674.38,113.2523
2026-09-28 22:18:00,2674.38,2675.14,2674.38,2674.56,62.2444
2026-09-28 22:19:00,2674.55,2674.9,2674.17,2674.78,51.3802
2026-09-28 22:20:00,2674.77,2674.77,2672.6,2674.09,70.0234
2026-09-28 22:21:00,2674.09,2674.67,2674.09,2674.67,18.5964
2026-09-28 22:22:00,2674.66,2674.67,2673.51,2673.52,40.6949
2026-09-28 22:23:00,2673.52,2673.54,2673.01,2673.54,43.4426
2026-09-28 22:24:00,2673.54,2673.94,2672.8,2673.39,85.0395
2026-09-28 22:25:00,2673.39,2673.79,2672.8,2673.79,18.5161
2026-09-28 22:26:00,2673.79,2675.27,2673.78,2675.13,42.4395
2026-09-28 22:27:00,2675.12,2675.74,2675.12,2675.73,25.2428
2026-09-28 22:28:00,2675.73,2675.74,2675.38,2675.39,88.6398
2026-09-28 22:29:00,2675.39,2675.39,2674.78,2675.12,38.3268
2026-09-28 22:30:00,2675.11,2676.09,2675.11,2676.08,65.045
2026-09-28 22:31:00,2676.09,2676.09,2675.14,2675.26,131.2189
2026-09-28 22:32:00,2675.26,2677.23,2675.25,2677.22,95.8655
2026-09-28 22:33:00,2677.23,2677.73,2677.22,2677.72,80.2163
2026-09-28 22:34:00,2677.73,2677.76,2676.4,2677.13,78.7931
2026-09-28 22:35:00,2677.14,2679.32,2677.14,2679.31,67.9658
2026-09-28 22:36:00,2679.32,2681.83,2679.31,2681.83,156.838
2026-09-28 22:37:00,2681.83,2683.76,2681.82,2683.76,118.5467
2026-09-28 22:38:00,2683.75,2684.64,2683.74,2684.49,105.0595
2026-09-28 22:39:00,2684.48,2684.83,2683.95,2683.96,88.6579
2026-09-28 22:40:00,2683.95,2685.14,2683.95,2685.14,45.8766
2026-09-28 22:41:00,2685.14,2685.14,2684.81,2684.87,58.7295
2026-09-28 22:42:00,2684.87,2684.87,2684.6,2684.61,22.8205
2026-09-28 22:43:00,2684.61,2685.14,2684.6,2684.71,33.7097
2026-09-28 22:44:00,2684.7,2684.89,2684.65,2684.85,71.8556
2026-09-28 22:45:00,2684.86,2685.71,2684.85,2685.57,123.1363
2026-09-28 22:46:00,2685.56,2685.79,2685.56,2685.78,11.356
2026-09-28 22:47:00,2685.78,2685.78,2684.54,2684.63,25.1775
2026-09-28 22:48:00,2684.63,2685.3,2684.63,2685.3,30.2333
2026-09-28 22:49:00,2685.3,2686.0,2685.3,2685.67,115.826
2026-09-28 22:50:00,2685.67,2685.68,2685.36,2685.68,17.4144
2026-09-28 22:51:00,2685.68,2686.3,2685.68,2686.3,60.2258
2026-09-28 22:52:00,2686.31,2686.88,2686.31,2686.53,37.0662
2026-09-28 22:53:00,2686.52,2686.53,2686.15,2686.15,21.041
2026-09-28 22:54:00,2686.16,2686.16,2686.06,2686.11,7.9536
2026-09-28 22:55:00,2686.11,2687.15,2686.11,2686.56,46.1174
2026-09-28 22:56:00,2686.56,2687.15,2686.15,2687.14,45.6243
2026-09-28 22:57:00,2687.14,2687.74,2686.69,2687.74,93.4387
2026-09-28 22:58:00,2687.75,2687.75,2686.92,2687.23,34.4789
2026-09-28 22:59:00,2687.22,2687.62,2687.22,2687.62,96.7431
2026-09-28 23:00:00,2687.62,2687.79,2687.59,2687.78,48.9441
2026-09-28 23:01:00,2687.79,2688.53,2687.79,2688.53,96.072
2026-09-28 23:02:00,2688.53,2691.54,2688.52,2691.54,244.6649
2026-09-28 23:03:00,2691.54,2692.39,2691.53,2692.38,122.0969
2026-09-28 23:04:00,2692.39,2694.41,2692.38,2693.14,469.2602
2026-09-28 23:05:00,2693.14,2693.14,2690.98,2690.99,210.3392
2026-09-28 23:06:00,2690.99,2691.0,2689.15,2690.24,156.066
2026-09-28 23:07:00,2690.24,2691.2,2689.27,2691.2,77.8232
2026-09-28 23:08:00,2691.21,2691.52,2690.02,2691.31,68.105
2026-09-28 23:09:00,2691.3,2691.46,2690.42,2690.42,47.0172
2026-09-28 23:10:00,2690.42,2690.42,2689.42,2689.58,34.7652
2026-09-28 23:11:00,2689.58,2689.58,2688.18,2688.53,221.7594
2026-09-28 23:12:00,2688.53,2689.25,2688.37,2688.37,25.7443
2026-09-28 23:13:00,2688.38,2688.38,2685.6,2685.6,141.0614
2026-09-28 23:14:00,2685.6,2686.6,2685.6,2686.6,82.4655
2026-09-28 23:15:00,2686.6,2688.18,2686.6,2687.38,70.01
2026-09-28 23:16:00,2687.39,2688.23,2686.96,2688.04,72.0413
2026-09-28 23:17:00,2688.04,2688.71,2688.03,2688.71,31.5588
2026-09-28 23:18:00,2688.7,2689.46,2688.7,2689.46,81.5611
2026-09-28 23:19:00,2689.47,2689.74,2688.82,2689.34,64.8232
2026-09-28 23:20:00,2689.35,2689.72,2688.97,2688.97,71.9639
2026-09-28 23:21:00,2688.96,2688.96,2688.03,2688.25,45.4504
2026-09-28 23:22:00,2688.24,2688.77,2688.24,2688.4,25.8957
2026-09-28 23:23:00,2688.39,2689.0,2688.18,2688.85,90.8127
2026-09-28 23:24:00,2688.84,2689.71,2688.67,2689.71,44.2759
2026-09-28 23:25:00,2689.7,2690.0,2688.77,2690.0,85.0477
2026-09-28 23:26:00,2690.0,2691.68,2690.0,2691.43,112.585
2026-09-28 23:27:00,2691.43,2691.61,2691.07,2691.21,39.0061
2026-09-28 23:28:00,2691.21,2691.22,2690.57,2690.57,63.1863
2026-09-28 23:29:00,2690.57,2690.87,2690.24,2690.87,35.1971
2026-09-28 23:30:00,2690.86,2691.46,2690.86,2690.89,138.8463
2026-09-28 23:31:00,2690.88,2690.89,2690.3,2690.64,27.9468
2026-09-28 23:32:00,2690.63,2691.55,2690.63,2691.55,36.1999
2026-09-28 23:33:00,2691.54,2691.55,2691.16,2691.44,25.5663
2026-09-28 23:34:00,2691.44,2691.6,2691.16,2691.24,37.5955
2026-09-28 23:35:00,2691.25,2692.29,2691.25,2692.29,54.6602
2026-09-28 23:36:00,2692.29,2692.72,2692.29,2692.49,82.5063
2026-09-28 23:37:00,2692.49,2692.5,2691.87,2691.88,61.4721
2026-09-28 23:38:00,2691.88,2692.07,2691.16,2691.87,21.8348
2026-09-28 23:39:00,2691.88,2692.39,2691.6,2692.38,40.6412
2026-09-28 23:40:00,2692.38,2693.26,2692.05,2693.25,131.5973
2026-09-28 23:41:00,2693.25,2693.25,2692.28,2692.29,24.736
2026-09-28 23:42:00,2692.28,2692.29,2691.54,2691.55,40.3903
2026-09-28 23:43:00,2691.54,2692.71,2691.31,2692.71,125.0318
2026-09-28 23:44:00,2692.71,2692.71,2692.28,2692.4,21.9788
2026-09-28 23:45:00,2692.39,2692.4,2690.24,2690.24,106.7884
2026-09-28 23:46:00,2690.25,2690.25,2689.17,2690.25,60.3055
2026-09-28 23:47:00,2690.25,2690.8,2690.25,2690.76,39.7158
2026-09-28 23:48:00,2690.76,2690.76,2690.09,2690.09,20.1898
2026-09-28 23:49:00,2690.09,2690.1,2690.09,2690.09,20.036
2026-09-28 23:50:00,2690.1,2690.1,2688.77,2689.51,55.2256
2026-09-28 23:51:00,2689.51,2689.99,2689.5,2689.74,53.1753
2026-09-28 23:52:00,2689.73,2690.24,2689.73,2690.24,116.6839
2026-09-28 23:53:00,2690.24,2690.73,2690.14,2690.73,49.2791
2026-09-28 23:54:00,2690.72,2691.2,2690.58,2691.19,20.2436
2026-09-28 23:55:00,2691.19,2691.2,2690.43,2690.45,21.7809
2026-09-28 23:56:00,2690.45,2690.78,2690.44,2690.77,91.3923
2026-09-28 23:57:00,2690.78,2690.78,2689.94,2689.98,75.9516
2026-09-28 23:58:00,2689.97,2689.97,2689.39,2689.39,4.587
2026-09-28 23:59:00,2689.4,2689.6,2688.7,2688.71,53.9296
2026-09-29 00:00:00,2688.71,2689.07,2687.43,2687.58,172.7117
2026-09-29 00:01:00,2687.58,2689.74,2687.58,2689.29,163.6709
2026-09-29 00:02:00,2689.28,2690.9,2689.28,2690.78,119.4353
2026-09-29 00:03:00,2690.78,2690.78,2688.85,2690.65,72.3202
2026-09-29 00:04:00,2690.66,2691.54,2690.65,2691.18,29.187
2026-09-29 00:05:00,2691.19,2691.31,2690.25,2690.25,11.0495
2026-09-29 00:06:00,2690.26,2691.72,2689.92,2691.29,41.043
2026-09-29 00:07:00,2691.28,2691.58,2690.75,2691.14,61.2824
2026-09-29 00:08:00,2691.14,2691.92,2690.0,2690.32,73.019
2026-09-29 00:09:00,2690.33,2690.83,2689.87,2689.88,29.8116
2026-09-29 00:10:00,2689.87,2689.87,2688.05,2688.06,62.5801
2026-09-29 00:11:00,2688.06,2688.79,2687.39,2688.78,42.0428
2026-09-29 00:12:00,2688.79,2689.74,2687.89,2689.74,31.55
2026-09-29 00:13:00,2689.74,2690.49,2689.07,2690.32,128.8813
2026-09-29 00:14:00,2690.32,2690.58,2690.32,2690.39,10.6663
2026-09-29 00:15:00,2690.39,2690.4,2688.27,2688.27,67.9521
2026-09-29 00:16:00,2688.27,2688.27,2686.99,2686.99,62.6739
2026-09-29 00:17:00,2686.99,2686.99,2685.3,2685.31,112.5557
2026-09-29 00:18:00,2685.31,2685.38,2684.79,2685.27,46.912
2026-09-29 00:19:00,2685.28,2687.23,2685.27,2686.59,65.7475
2026-09-29 00:20:00,2686.59,2686.6,2685.06,2685.42,58.621
2026-09-29 00:21:00,2685.43,2686.0,2684.94,2685.13,20.427
2026-09-29 00:22:00,2685.12,2685.13,2684.63,2684.66,44.0275
2026-09-29 00:23:00,2684.65,2684.66,2683.94,2684.11,92.7543
2026-09-29 00:24:00,2684.11,2684.31,2683.47,2684.11,148.39
2026-09-29 00:25:00,2684.11,2687.62,2683.62,2687.28,143.8708
2026-09-29 00:26:00,2687.27,2687.71,2686.62,2687.71,111.2626
2026-09-29 00:27:00,2687.72,2688.2,2685.81,2686.15,74.5678
2026-09-29 00:28:00,2686.15,2689.58,2686.15,2689.57,202.9766
2026-09-29 00:29:00,2689.58,2689.64,2688.2,2688.82,96.9412
2026-09-29 00:30:00,2688.82,2690.25,2688.82,2689.48,131.5149
2026-09-29 00:31:00,2689.47,2689.47,2687.28,2687.28,43.5583
2026-09-29 00:32:00,2687.27,2689.73,2686.95,2689.73,32.6359
2026-09-29 00:33:00,2689.73,2692.7,2689.73,2692.7,277.0305
2026-09-29 00:34:00,2692.7,2694.33,2692.3,2692.35,291.6048
2026-09-29 00:35:00,2692.36,2695.38,2692.36,2695.08,100.4526
2026-09-29 00:36:00,2695.07,2695.07,2693.92,2694.34,51.9032
2026-09-29 00:37:00,2694.33,2694.33,2691.32,2692.41,81.2582
2026-09-29 00:38:00,2692.41,2692.42,2690.59,2690.59,55.0591
2026-09-29 00:39:00,2690.59,2691.22,2689.94,2690.36,47.9114
2026-09-29 00:40:00,2690.35,2690.7,2690.3,2690.3,43.2417
2026-09-29 00:41:00,2690.31,2690.36,2689.73,2690.04,45.4511
2026-09-29 00:42:00,2690.03,2692.01,2690.03,2690.88,250.3198
2026-09-29 00:43:00,2690.88,2691.56,2690.24,2690.74,121.828
2026-09-29 00:44:00,2690.75,2691.78,2690.43,2691.0,210.9612
2026-09-29 00:45:00,2690.99,2690.99,2687.24,2687.67,144.8499
2026-09-29 00:46:00,2687.66,2687.66,2686.1,2686.1,167.3243
2026-09-29 00:47:00,2686.09,2687.67,2685.34,2686.16,308.7647
2026-09-29 00:48:00,2686.16,2686.24,2685.2,2685.37,94.8565
2026-09-29 00:49:00,2685.37,2685.37,2683.01,2683.01,98.4191
2026-09-29 00:50:00,2683.0,2683.0,2682.07,2682.08,59.2298
2026-09-29 00:51:00,2682.07,2682.07,2680.69,2680.69,169.8778
2026-09-29 00:52:00,2680.68,2680.69,2680.0,2680.36,82.9796
2026-09-29 00:53:00,2680.36,2681.0,2679.01,2681.0,167.5159
2026-09-29 00:54:00,2680.99,2680.99,2680.02,2680.47,51.3218
2026-09-29 00:55:00,2680.55,2682.29,2680.46,2681.19,74.007
2026-09-29 00:56:00,2681.18,2681.18,2679.46,2680.35,20.1313
2026-09-29 00:57:00,2680.36,2680.36,2677.98,2678.15,125.9185
2026-09-29 00:58:00,2678.16,2679.56,2678.16,2679.37,66.998
2026-09-29 00:59:00,2679.36,2679.36,2677.23,2677.23,50.0886
2026-09-29 01:00:00,2677.22,2678.37,2675.41,2676.39,380.5135
2026-09-29 01:01:00,2676.38,2677.99,2675.11,2677.42,81.5271
2026-09-29 01:02:00,2677.41,2681.24,2677.41,2680.46,115.5619
2026-09-29 01:03:00,2680.45,2680.97,2679.13,2679.13,63.7465
2026-09-29 01:04:00,2679.13,2679.26,2677.3,2677.3,43.8717
2026-09-29 01:05:00,2677.3,2677.3,2675.3,2676.62,84.0458
2026-09-29 01:06:00,2676.65,2677.21,2674.09,2674.1,120.8069
2026-09-29 01:07:00,2674.1,2674.92,2672.37,2672.59,225.6704
2026-09-29 01:08:00,2672.67,2673.61,2671.64,2671.64,117.2555
2026-09-29 01:09:00,2671.65,2671.9,2670.98,2671.1,122.1064
2026-09-29 01:10:00,2671.1,2671.62,2670.07,2670.38,228.773
2026-09-29 01:11:00,2670.38,2670.43,2669.33,2669.34,285.7243
2026-09-29 01:12:00,2669.33,2671.29,2669.06,2670.51,143.8111
2026-09-29 01:13:00,2670.5,2670.5,2667.84,2668.48,312.4429
2026-09-29 01:14:00,2668.48,2672.5,2668.48,2670.28,260.5343
2026-09-29 01:15:00,2670.29,2670.38,2668.29,2668.95,217.119
2026-09-29 01:16:00,2668.95,2668.95,2666.2,2666.2,322.8425
2026-09-29 01:17:00,2666.21,2666.63,2665.03,2665.64,385.0552
2026-09-29 01:18:00,2665.65,2667.46,2665.25,2665.94,204.134
2026-09-29 01:19:00,2665.93,2665.94,2660.0,2660.62,935.7776
2026-09-29 01:20:00,2660.62,2665.3,2660.61,2663.67,339.91
2026-09-29 01:21:00,2663.67,2667.17,2662.56,2666.06,226.9387
2026-09-29 01:22:00,2666.07,2669.25,2666.01,2669.25,149.3459
2026-09-29 01:23:00,2669.28,2670.72,2666.99,2667.1,144.6592
2026-09-29 01:24:00,2667.1,2668.14,2665.99,2667.74,201.7081
2026-09-29 01:25:00,2667.73,2667.85,2665.3,2666.33,66.5487
2026-09-29 01:26:00,2666.33,2668.16,2664.8,2664.81,221.784
2026-09-29 01:27:00,2664.8,2664.8,2662.99,2663.22,213.9935
2026-09-29 01:28:00,2663.21,2663.22,2661.87,2661.88,153.2313
2026-09-29 01:29:00,2661.87,2661.87,2659.59,2659.59,313.6935
2026-09-29 01:30:00,2659.59,2663.19,2658.46,2662.2,281.7801
2026-09-29 01:31:00,2662.21,2663.69,2660.43,2660.43,194.5722
2026-09-29 01:32:00,2660.43,2663.6,2657.24,2663.03,499.4665
2026-09-29 01:33:00,2663.04,2664.54,2663.04,2663.68,157.6356
2026-09-29 01:34:00,2663.68,2664.31,2661.83,2662.64,96.2674
2026-09-29 01:35:00,2662.64,2663.12,2659.59,2660.15,150.7234
2026-09-29 01:36:00,2660.14,2660.38,2656.66,2658.12,325.9699
2026-09-29 01:37:00,2658.12,2661.59,2658.12,2660.24,117.2328
2026-09-29 01:38:00,2660.24,2661.17,2659.41,2659.95,131.9023
2026-09-29 01:39:00,2659.95,2660.83,2659.22,2659.36,122.004
2026-09-29 01:40:00,2659.35,2660.08,2659.22,2659.67,60.7707
2026-09-29 01:41:00,2659.67,2662.24,2657.98,2662.24,140.2626
2026-09-29 01:42:00,2662.25,2665.07,2662.25,2665.06,170.6912
2026-09-29 01:43:00,2665.07,2665.72,2660.9,2660.91,107.7279
2026-09-29 01:44:00,2660.91,2664.13,2660.91,2663.74,413.9161
2026-09-29 01:45:00,2663.74,2668.87,2662.77,2668.87,208.4585
2026-09-29 01:46:00,2668.87,2670.25,2666.4,2666.4,194.2595
2026-09-29 01:47:00,2666.4,2666.81,2664.71,2664.97,135.6006
2026-09-29 01:48:00,2664.97,2665.78,2663.94,2664.05,164.0566
2026-09-29 01:49:00,2664.04,2665.57,2663.93,2663.94,65.5616
2026-09-29 01:50:00,2663.94,2663.94,2661.65,2661.65,106.7443
2026-09-29 01:51:00,2661.64,2662.4,2661.0,2661.23,137.7175
2026-09-29 01:52:00,2661.23,2665.31,2661.14,2665.31,139.4372
2026-09-29 01:53:00,2665.31,2667.78,2664.96,2667.21,65.4591
2026-09-29 01:54:00,2667.2,2667.2,2665.19,2666.4,50.2503
2026-09-29 01:55:00,2666.41,2667.6,2665.4,2665.72,173.0013
2026-09-29 01:56:00,2665.72,2667.02,2665.39,2666.52,36.169
2026-09-29 01:57:00,2666.52,2666.52,2664.79,2664.79,137.37
2026-09-29 01:58:00,2664.78,2667.22,2664.46,2665.18,223.3524
2026-09-29 01:59:00,2665.19,2666.35,2665.11,2665.61,67.8569
2026-09-29 02:00:00,2665.61,2667.85,2665.61,2667.58,138.2184
2026-09-29 02:01:00,2667.58,2667.67,2664.23,2664.69,125.5407
2026-09-29 02:02:00,2664.7,2665.01,2663.19,2663.99,125.8888
2026-09-29 02:03:00,2663.99,2664.09,2661.91,2661.91,38.8167
2026-09-29 02:04:00,2661.91,2664.21,2661.58,2663.18,134.1988
2026-09-29 02:05:00,2663.18,2663.18,2660.47,2660.48,99.8236
2026-09-29 02:06:00,2660.48,2661.18,2659.15,2661.18,121.3606
2026-09-29 02:07:00,2661.18,2662.5,2660.42,2661.65,78.7668
2026-09-29 02:08:00,2661.65,2662.97,2659.41,2659.41,111.7651
2026-09-29 02:09:00,2659.42,2661.18,2658.48,2659.01,700.7366
2026-09-29 02:10:00,2659.01,2660.78,2657.6,2657.6,201.0265
2026-09-29 02:11:00,2657.6,2659.17,2656.79,2656.8,119.027
2026-09-29 02:12:00,2656.79,2661.43,2656.67,2660.96,177.1272
2026-09-29 02:13:00,2660.96,2664.0,2659.59,2663.68,105.3755
2026-09-29 02:14:00,2663.68,2663.68,2659.82,2660.3,147.0411
2026-09-29 02:15:00,2660.3,2663.11,2660.3,2662.72,185.9322
2026-09-29 02:16:00,2662.72,2664.0,2661.52,2662.52,212.5986
2026-09-29 02:17:00,2662.52,2662.52,2660.0,2660.0,62.048
2026-09-29 02:18:00,2660.0,2662.1,2659.59,2661.23,41.2868
2026-09-29 02:19:00,2661.23,2663.68,2660.85,2663.68,53.8241
2026-09-29 02:20:00,2663.69,2665.73,2663.18,2663.7,336.1045
2026-09-29 02:21:00,2663.7,2663.7,2658.03,2658.03,194.5551
2026-09-29 02:22:00,2658.03,2658.1,2653.19,2655.52,729.0946
2026-09-29 02:23:00,2655.52,2657.67,2655.01,2657.18,175.0754
2026-09-29 02:24:00,2657.19,2658.22,2656.15,2656.38,74.0286
2026-09-29 02:25:00,2656.38,2657.01,2654.95,2656.93,100.0051
2026-09-29 02:26:00,2656.93,2656.93,2653.99,2654.92,172.2831
2026-09-29 02:27:00,2654.96,2657.28,2654.51,2654.88,72.6286
2026-09-29 02:28:00,2654.88,2655.36,2653.9,2655.04,101.9537
2026-09-29 02:29:00,2655.04,2656.23,2654.89,2656.23,69.3125
2026-09-29 02:30:00,2656.23,2658.62,2655.77,2655.77,208.3695
2026-09-29 02:31:00,2655.76,2657.53,2655.0,2657.38,38.9884
2026-09-29 02:32:00,2657.38,2657.38,2655.51,2655.52,40.9402
2026-09-29 02:33:00,2655.51,2655.75,2653.75,2653.97,70.9101
2026-09-29 02:34:00,2654.01,2655.0,2652.2,2652.29,336.788
2026-09-29 02:35:00,2652.3,2655.23,2652.3,2654.35,85.1241
2026-09-29 02:36:00,2654.34,2654.93,2653.09,2654.3,139.9108
2026-09-29 02:37:00,2654.29,2655.88,2654.29,2655.87,70.8849
2026-09-29 02:38:00,2655.87,2657.97,2655.52,2657.97,62.5876
2026-09-29 02:39:00,2657.98,2659.3,2656.91,2656.97,69.3174
2026-09-29 02:40:00,2656.98,2658.47,2656.85,2657.56,27.8658
2026-09-29 02:41:00,2657.55,2658.89,2656.77,2658.89,38.8628
2026-09-29 02:42:00,2658.89,2660.0,2656.84,2656.84,85.3954
2026-09-29 02:43:00,2656.84,2659.55,2656.79,2659.26,72.5941
2026-09-29 02:44:00,2659.25,2659.79,2658.47,2659.78,52.2055
2026-09-29 02:45:00,2659.78,2661.59,2659.77,2660.89,78.0411
2026-09-29 02:46:00,2660.89,2662.32,2660.89,2661.87,101.2373
2026-09-29 02:47:00,2661.87,2661.92,2660.19,2660.58,112.6703
2026-09-29 02:48:00,2660.58,2661.51,2660.19,2661.14,52.2172
2026-09-29 02:49:00,2661.14,2661.14,2658.46,2658.47,66.5072
2026-09-29 02:50:00,2658.46,2658.47,2656.88,2658.35,141.7735
2026-09-29 02:51:00,2658.35,2659.23,2655.43,2655.43,140.1664
2026-09-29 02:52:00,2655.43,2655.43,2653.94,2653.94,116.647
2026-09-29 02:53:00,2653.94,2655.67,2653.94,2655.32,64.6681
2026-09-29 02:54:00,2655.32,2655.8,2654.45,2655.8,46.1138
2026-09-29 02:55:00,2655.81,2657.08,2655.47,2657.07,40.1953
2026-09-29 02:56:00,2657.07,2657.07,2656.3,2656.39,29.1539
2026-09-29 02:57:00,2656.39,2657.05,2655.99,2656.67,48.4289
2026-09-29 02:58:00,2656.68,2657.56,2656.67,2657.24,56.1701
2026-09-29 02:59:00,2657.23,2657.69,2656.99,2657.63,44.1278
2026-09-29 03:00:00,2657.63,2659.89,2656.99,2659.89,60.3497
2026-09-29 03:01:00,2659.89,2660.72,2658.36,2659.54,54.8034
2026-09-29 03:02:00,2659.51,2660.53,2659.34,2660.26,71.3242
2026-09-29 03:03:00,2660.26,2663.16,2660.26,2661.65,121.1499
2026-09-29 03:04:00,2661.64,2661.64,2657.55,2657.55,108.899
2026-09-29 03:05:00,2657.56,2658.46,2657.48,2657.88,60.8573
2026-09-29 03:06:00,2657.88,2659.29,2657.88,2659.15,61.8603
2026-09-29 03:07:00,2659.16,2660.51,2659.16,2660.06,32.2488
2026-09-29 03:08:00,2660.06,2660.68,2658.93,2659.43,83.0574
2026-09-29 03:09:00,2659.43,2659.77,2658.84,2659.14,51.5235
2026-09-29 03:10:00,2659.14,2660.11,2659.14,2660.05,24.0722
2026-09-29 03:11:00,2660.04,2660.04,2659.25,2659.26,35.5908
2026-09-29 03:12:00,2659.26,2660.24,2659.06,2659.47,77.4375
2026-09-29 03:13:00,2659.46,2659.75,2658.69,2658.69,70.6132
2026-09-29 03:14:00,2658.69,2659.02,2656.99,2656.99,157.1103
2026-09-29 03:15:00,2656.99,2658.13,2655.4,2658.13,140.7528
2026-09-29 03:16:00,2658.14,2659.02,2656.99,2657.55,41.426
2026-09-29 03:17:00,2657.55,2658.96,2657.18,2658.7,54.509
2026-09-29 03:18:00,2658.7,2659.0,2657.56,2658.8,78.6611
2026-09-29 03:19:00,2658.81,2662.45,2658.81,2661.37,124.24
2026-09-29 03:20:00,2661.38,2663.29,2661.38,2663.29,127.3924
2026-09-29 03:21:00,2663.28,2665.13,2663.28,2663.69,117.9789
2026-09-29 03:22:00,2663.68,2664.02,2662.2,2662.52,82.5494
2026-09-29 03:23:00,2662.53,2664.28,2662.53,2664.24,111.475
2026-09-29 03:24:00,2664.23,2665.77,2664.23,2665.77,259.737
2026-09-29 03:25:00,2665.77,2666.77,2664.73,2665.99,271.8512
2026-09-29 03:26:00,2665.98,2667.07,2665.63,2666.38,54.9556
2026-09-29 03:27:00,2666.39,2666.7,2665.46,2666.7,54.6856
2026-09-29 03:28:00,2666.69,2667.8,2666.69,2667.79,82.329
2026-09-29 03:29:00,2667.8,2668.43,2667.77,2667.77,75.7841
2026-09-29 03:30:00,2667.77,2667.77,2664.31,2665.05,110.0567
2026-09-29 03:31:00,2665.05,2666.08,2664.33,2665.73,154.4005
2026-09-29 03:32:00,2665.73,2667.54,2665.55,2667.54,65.9725
2026-09-29 03:33:00,2667.55,2668.3,2667.52,2668.29,47.7239
2026-09-29 03:34:00,2668.29,2668.93,2668.27,2668.35,132.6721
2026-09-29 03:35:00,2668.36,2668.72,2667.29,2667.76,43.7181
2026-09-29 03:36:00,2667.76,2669.05,2667.76,2669.05,115.0808
2026-09-29 03:37:00,2669.04,2669.32,2667.79,2668.1,78.5162
2026-09-29 03:38:00,2668.1,2668.54,2666.71,2666.96,177.4691
2026-09-29 03:39:00,2666.96,2666.96,2666.67,2666.96,71.3519
2026-09-29 03:40:00,2666.96,2666.96,2666.28,2666.46,38.542
2026-09-29 03:41:00,2666.45,2667.85,2666.45,2667.84,171.0999
2026-09-29 03:42:00,2667.85,2668.32,2667.56,2668.31,37.7834
2026-09-29 03:43:00,2668.32,2668.32,2667.31,2667.43,31.5891
2026-09-29 03:44:00,2667.43,2667.62,2666.55,2666.55,30.5244
2026-09-29 03:45:00,2666.56,2666.58,2665.94,2666.05,86.249
2026-09-29 03:46:00,2666.06,2667.42,2666.05,2667.42,49.6998
2026-09-29 03:47:00,2667.42,2667.42,2666.31,2666.76,34.1778
2026-09-29 03:48:00,2666.75,2667.6,2666.45,2666.99,69.702
2026-09-29 03:49:00,2666.98,2667.35,2666.66,2667.35,11.9096
2026-09-29 03:50:00,2667.35,2667.73,2666.63,2667.13,41.3644
2026-09-29 03:51:00,2667.13,2667.13,2666.19,2666.19,32.0767
2026-09-29 03:52:00,2666.19,2666.77,2665.76,2666.07,30.4789
2026-09-29 03:53:00,2666.06,2669.05,2666.06,2667.78,47.472
2026-09-29 03:54:00,2667.77,2667.77,2665.92,2665.92,24.8296
2026-09-29 03:55:00,2665.92,2666.88,2665.64,2666.4,41.0975
2026-09-29 03:56:00,2666.41,2666.41,2665.45,2665.45,31.2174
2026-09-29 03:57:00,2665.45,2665.46,2664.99,2665.24,39.831
2026-09-29 03:58:00,2665.23,2665.23,2664.45,2664.49,51.4054
2026-09-29 03:59:00,2664.48,2665.21,2664.48,2665.2,70.6717
2026-09-29 04:00:00,2665.21,2665.91,2663.34,2663.57,104.0885
2026-09-29 04:01:00,2663.57,2666.0,2663.44,2666.0,93.2272
2026-09-29 04:02:00,2665.99,2666.86,2665.56,2665.82,52.8649
2026-09-29 04:03:00,2665.81,2665.81,2662.22,2663.35,89.3576
2026-09-29 04:04:00,2663.34,2664.63,2662.88,2664.49,36.5086
2026-09-29 04:05:00,2664.5,2664.5,2663.53,2664.01,77.9874
2026-09-29 04:06:00,2664.0,2664.44,2663.73,2664.44,35.4774
2026-09-29 04:07:00,2664.44,2665.46,2664.41,2664.42,32.5592
2026-09-29 04:08:00,2664.42,2664.42,2662.45,2662.61,84.2882
2026-09-29 04:09:00,2662.61,2664.42,2662.45,2664.41,67.7815
2026-09-29 04:10:00,2664.42,2665.97,2664.33,2665.95,225.235
2026-09-29 04:11:00,2665.96,2667.0,2665.95,2666.2,32.4388
2026-09-29 04:12:00,2666.19,2666.96,2665.72,2666.95,28.4153
2026-09-29 04:13:00,2666.95,2667.96,2666.95,2667.85,27.6415
2026-09-29 04:14:00,2667.84,2667.85,2666.94,2667.67,52.7154
2026-09-29 04:15:00,2667.66,2668.71,2667.66,2668.61,56.8971
2026-09-29 04:16:00,2668.61,2668.66,2668.34,2668.42,19.0321
2026-09-29 04:17:00,2668.42,2671.53,2668.42,2670.45,216.2524
2026-09-29 04:18:00,2670.45,2670.45,2669.0,2669.95,41.5719
2026-09-29 04:19:00,2669.96,2671.58,2669.96,2671.52,54.0194
2026-09-29 04:20:00,2671.53,2672.0,2670.27,2670.27,84.2854
2026-09-29 04:21:00,2670.28,2671.94,2670.13,2671.94,23.7278
2026-09-29 04:22:00,2671.93,2673.0,2671.93,2672.76,139.4348
2026-09-29 04:23:00,2672.76,2672.76,2671.26,2671.26,35.2472
2026-09-29 04:24:00,2671.26,2672.03,2671.25,2672.03,64.592
2026-09-29 04:25:00,2672.02,2672.29,2671.19,2671.2,35.0909
2026-09-29 04:26:00,2671.2,2671.25,2670.22,2670.22,197.2728
2026-09-29 04:27:00,2670.22,2670.23,2669.81,2670.16,40.4315
2026-09-29 04:28:00,2670.15,2670.15,2669.28,2670.08,60.5665
2026-09-29 04:29:00,2670.09,2670.1,2669.81,2669.82,59.4175
2026-09-29 04:30:00,2669.81,2669.87,2669.16,2669.48,49.9722
2026-09-29 04:31:00,2669.47,2669.62,2668.93,2669.13,131.6878
2026-09-29 04:32:00,2669.13,2669.47,2668.43,2668.8,24.6264
2026-09-29 04:33:00,2668.79,2668.79,2667.33,2667.47,60.8298
2026-09-29 04:34:00,2667.48,2667.48,2666.74,2666.74,66.873
2026-09-29 04:35:00,2666.74,2666.75,2664.19,2664.2,121.9535
2026-09-29 04:36:00,2664.2,2664.72,2663.95,2664.72,41.5967
2026-09-29 04:37:00,2664.71,2665.87,2664.59,2665.75,45.6998
2026-09-29 04:38:00,2665.76,2667.32,2665.76,2667.32,44.1683
2026-09-29 04:39:00,2667.32,2667.78,2666.56,2666.64,63.8295
2026-09-29 04:40:00,2666.67,2667.32,2666.47,2666.47,29.1105
2026-09-29 04:41:00,2666.47,2667.78,2666.46,2667.25,34.4563
2026-09-29 04:42:00,2667.25,2667.37,2666.05,2666.1,67.2617
2026-09-29 04:43:00,2666.09,2666.16,2665.75,2666.15,34.8643
2026-09-29 04:44:00,2666.16,2666.62,2665.76,2666.43,56.0557
2026-09-29 04:45:00,2666.42,2666.98,2666.1,2666.3,31.329
2026-09-29 04:46:00,2666.29,2666.29,2665.28,2665.28,44.7393
2026-09-29 04:47:00,2665.28,2665.28,2663.35,2663.36,125.4117
2026-09-29 04:48:00,2663.35,2663.48,2661.65,2662.86,95.7897
2026-09-29 04:49:00,2662.85,2663.45,2661.98,2662.44,63.5784
2026-09-29 04:50:00,2662.44,2662.92,2662.24,2662.92,47.2715
2026-09-29 04:51:00,2662.93,2667.22,2662.92,2667.21,66.4145
2026-09-29 04:52:00,2667.22,2668.41,2667.13,2667.82,157.2765
2026-09-29 04:53:00,2667.82,2668.39,2667.43,2668.38,54.3764
2026-09-29 04:54:00,2668.39,2668.39,2667.41,2667.58,111.7159
2026-09-29 04:55:00,2667.59,2668.11,2667.05,2668.1,74.551
2026-09-29 04:56:00,2668.1,2668.64,2667.77,2667.78,35.3555
2026-09-29 04:57:00,2667.77,2668.64,2667.48,2668.05,25.665
2026-09-29 04:58:00,2668.06,2668.26,2667.53,2668.26,14.5058
2026-09-29 04:59:00,2668.26,2668.27,2667.78,2668.07,11.5268
2026-09-29 05:00:00,2668.06,2669.63,2667.9,2669.62,76.5275
2026-09-29 05:01:00,2669.63,2670.52,2669.44,2670.49,90.0843
2026-09-29 05:02:00,2670.52,2670.91,2669.25,2669.9,48.3139
2026-09-29 05:03:00,2669.9,2670.94,2668.8,2668.81,51.0216
2026-09-29 05:04:00,2668.8,2669.45,2667.76,2668.45,102.0467
2026-09-29 05:05:00,2668.46,2669.44,2668.23,2668.38,74.1897
2026-09-29 05:06:00,2668.37,2668.37,2665.8,2666.24,34.9841
2026-09-29 05:07:00,2666.25,2666.57,2665.18,2665.18,29.3052
2026-09-29 05:08:00,2665.19,2665.19,2664.51,2664.68,91.8367
2026-09-29 05:09:00,2664.67,2666.01,2664.44,2666.01,55.0208
2026-09-29 05:10:00,2666.0,2666.01,2664.9,2665.97,185.0733
2026-09-29 05:11:00,2665.97,2667.84,2665.97,2667.84,93.5962
2026-09-29 05:12:00,2667.85,2668.76,2667.85,2668.57,79.3608
2026-09-29 05:13:00,2668.57,2668.9,2668.32,2668.63,25.6617
2026-09-29 05:14:00,2668.63,2669.42,2668.32,2669.41,31.2766
2026-09-29 05:15:00,2669.41,2669.88,2669.4,2669.4,52.5291
2026-09-29 05:16:00,2669.41,2670.86,2669.29,2669.36,79.3437
2026-09-29 05:17:00,2669.36,2669.55,2667.39,2669.55,73.4273
2026-09-29 05:18:00,2669.55,2672.02,2669.55,2671.53,134.4074
2026-09-29 05:19:00,2671.52,2673.33,2671.17,2671.86,118.1059
2026-09-29 05:20:00,2671.85,2671.85,2670.48,2670.56,112.5607
2026-09-29 05:21:00,2670.57,2671.6,2670.25,2670.31,49.6193
2026-09-29 05:22:00,2670.32,2670.77,2669.7,2670.6,197.5151
2026-09-29 05:23:00,2670.6,2671.48,2670.6,2671.11,33.2418
2026-09-29 05:24:00,2671.11,2673.4,2671.1,2673.15,159.1706
2026-09-29 05:25:00,2673.14,2673.9,2672.5,2673.63,150.6448
2026-09-29 05:26:00,2673.62,2673.77,2671.87,2671.87,72.6255
2026-09-29 05:27:00,2671.87,2671.99,2671.11,2671.54,37.5776
2026-09-29 05:28:00,2671.55,2672.58,2671.12,2672.57,52.1105
2026-09-29 05:29:00,2672.58,2672.58,2672.22,2672.27,35.4323
2026-09-29 05:30:00,2672.27,2672.28,2669.29,2669.3,153.6835
2026-09-29 05:31:00,2669.3,2669.3,2667.45,2667.45,45.9912
2026-09-29 05:32:00,2667.45,2668.25,2666.15,2666.16,132.6665
2026-09-29 05:33:00,2666.15,2666.15,2663.38,2663.38,151.0472
2026-09-29 05:34:00,2663.38,2663.38,2659.51,2659.52,463.7278
2026-09-29 05:35:00,2659.52,2661.07,2657.62,2660.68,170.75
2026-09-29 05:36:00,2660.67,2660.84,2657.01,2657.24,139.8248
2026-09-29 05:37:00,2657.24,2658.21,2656.0,2656.65,137.2593
2026-09-29 05:38:00,2656.68,2660.39,2656.56,2660.39,61.5832
2026-09-29 05:39:00,2660.4,2662.66,2660.4,2662.66,151.0443
2026-09-29 05:40:00,2662.67,2664.37,2662.66,2663.36,99.1582
2026-09-29 05:41:00,2663.37,2665.61,2662.58,2665.17,102.9299
2026-09-29 05:42:00,2665.16,2665.49,2664.57,2665.49,55.8724
2026-09-29 05:43:00,2665.5,2669.43,2665.5,2669.43,212.748
2026-09-29 05:44:00,2669.43,2670.23,2669.04,2669.47,94.6725
2026-09-29 05:45:00,2669.46,2669.79,2667.17,2667.29,47.3882
2026-09-29 05:46:00,2667.3,2667.65,2666.39,2666.4,61.739
2026-09-29 05:47:00,2666.4,2666.41,2664.75,2666.14,43.6004
2026-09-29 05:48:00,2666.14,2669.82,2665.73,2668.28,77.4503
2026-09-29 05:49:00,2668.27,2672.11,2668.27,2671.86,164.8276
2026-09-29 05:50:00,2671.85,2672.11,2671.17,2671.27,101.1046
2026-09-29 05:51:00,2671.28,2672.53,2671.27,2672.18,74.3621
2026-09-29 05:52:00,2672.18,2673.63,2672.06,2672.2,81.3168
2026-09-29 05:53:00,2672.18,2674.98,2672.0,2674.97,98.6456
2026-09-29 05:54:00,2674.98,2675.88,2674.36,2675.83,327.1363
2026-09-29 05:55:00,2675.82,2676.07,2675.31,2676.07,146.6215
2026-09-29 05:56:00,2676.06,2676.72,2675.82,2676.15,127.4539
2026-09-29 05:57:00,2676.16,2677.87,2674.78,2676.47,340.179
2026-09-29 05:58:00,2676.46,2676.46,2675.19,2675.75,77.9493
2026-09-29 05:59:00,2675.74,2676.54,2675.18,2676.54,60.5653
2026-09-29 06:00:00,2676.54,2677.99,2676.27,2676.35,94.8259
2026-09-29 06:01:00,2676.35,2677.42,2676.34,2677.28,75.8076
2026-09-29 06:02:00,2677.28,2677.95,2677.27,2677.95,68.9752
2026-09-29 06:03:00,2677.95,2679.96,2677.95,2679.41,454.8579
2026-09-29 06:04:00,2679.4,2680.0,2678.88,2679.47,76.9752
2026-09-29 06:05:00,2679.46,2680.36,2678.81,2680.15,151.4038
2026-09-29 06:06:00,2680.14,2680.87,2678.94,2680.6,212.5957
2026-09-29 06:07:00,2680.6,2684.23,2680.41,2683.38,400.8044
2026-09-29 06:08:00,2683.37,2685.27,2682.94,2685.26,282.8772
2026-09-29 06:09:00,2685.26,2689.65,2685.26,2688.19,857.0555
2026-09-29 06:10:00,2688.19,2690.25,2688.19,2689.91,509.4853
2026-09-29 06:11:00,2689.9,2691.48,2689.52,2691.27,239.4799
2026-09-29 06:12:00,2691.27,2692.18,2688.56,2688.79,500.2534
2026-09-29 06:13:00,2688.79,2691.07,2688.79,2690.99,441.3388
2026-09-29 06:14:00,2691.0,2693.81,2691.0,2693.81,248.9468
2026-09-29 06:15:00,2693.81,2694.0,2691.79,2692.02,452.11
2026-09-29 06:16:00,2692.02,2692.02,2688.89,2688.9,339.3959
2026-09-29 06:17:00,2688.9,2689.44,2687.88,2687.89,136.1411
2026-09-29 06:18:00,2687.88,2688.84,2687.56,2688.19,137.3971
2026-09-29 06:19:00,2688.2,2690.78,2688.2,2690.77,206.8506
2026-09-29 06:20:00,2690.77,2693.0,2690.24,2692.99,208.3721
2026-09-29 06:21:00,2693.0,2694.69,2693.0,2694.53,269.7415
2026-09-29 06:22:00,2694.53,2695.99,2693.6,2693.98,323.4488
2026-09-29 06:23:00,2693.99,2694.23,2692.25,2692.25,210.3873
2026-09-29 06:24:00,2692.24,2692.24,2690.89,2691.47,482.0995
2026-09-29 06:25:00,2691.48,2692.78,2691.47,2692.1,457.4676
2026-09-29 06:26:00,2692.1,2692.76,2691.88,2692.32,379.3515
2026-09-29 06:27:00,2692.32,2692.76,2691.69,2692.1,446.9372
2026-09-29 06:28:00,2692.1,2692.43,2692.03,2692.42,117.5361
2026-09-29 06:29:00,2692.43,2694.69,2692.43,2694.67,278.9272
2026-09-29 06:30:00,2694.68,2696.0,2694.32,2695.99,667.7427
2026-09-29 06:31:00,2696.0,2696.82,2695.99,2696.55,558.1651
2026-09-29 06:32:00,2696.55,2696.97,2694.85,2696.96,209.0934
2026-09-29 06:33:00,2696.96,2698.22,2696.14,2696.54,524.0236
2026-09-29 06:34:00,2696.54,2697.35,2695.49,2697.34,79.5597
2026-09-29 06:35:00,2697.34,2697.34,2696.0,2696.07,177.2419
2026-09-29 06:36:00,2696.08,2697.67,2695.67,2696.64,271.8192
2026-09-29 06:37:00,2696.65,2697.1,2696.18,2696.63,92.295
2026-09-29 06:38:00,2696.64,2696.88,2696.09,2696.09,131.6886
2026-09-29 06:39:00,2696.08,2697.53,2696.08,2697.52,92.8605
2026-09-29 06:40:00,2697.53,2698.45,2697.53,2698.44,179.349
2026-09-29 06:41:00,2698.44,2698.7,2698.44,2698.69,225.3889
2026-09-29 06:42:00,2698.69,2698.7,2698.45,2698.46,56.1102
2026-09-29 06:43:00,2698.45,2698.46,2698.45,2698.46,39.2431
2026-09-29 06:44:00,2698.45,2698.61,2698.45,2698.47,91.114
2026-09-29 06:45:00,2698.48,2698.48,2698.47,2698.48,358.8587
2026-09-29 06:46:00,2698.48,2698.71,2698.47,2698.7,180.6091
2026-09-29 06:47:00,2698.7,2698.85,2698.1,2698.11,145.3887
2026-09-29 06:48:00,2698.1,2698.98,2697.23,2698.41,588.0028
2026-09-29 06:49:00,2698.41,2698.64,2698.28,2698.4,66.5621
2026-09-29 06:50:00,2698.41,2698.61,2698.41,2698.6,55.3826
2026-09-29 06:51:00,2698.61,2705.46,2698.6,2704.93,2144.325
2026-09-29 06:52:00,2704.93,2706.47,2702.71,2703.14,567.4653
2026-09-29 06:53:00,2703.14,2706.95,2702.94,2706.94,486.2201
2026-09-29 06:54:00,2706.94,2707.92,2706.83,2707.8,469.5784
2026-09-29 06:55:00,2707.8,2709.0,2706.72,2708.99,560.5908
2026-09-29 06:56:00,2708.99,2709.0,2706.73,2707.01,294.1274
2026-09-29 06:57:00,2707.01,2707.01,2705.74,2706.59,419.1591
2026-09-29 06:58:00,2706.58,2706.59,2705.57,2706.24,168.744
2026-09-29 06:59:00,2706.24,2706.74,2706.21,2706.73,110.9188
2026-09-29 07:00:00,2706.74,2706.88,2701.98,2702.34,307.0623
2026-09-29 07:01:00,2702.33,2702.34,2700.46,2701.37,172.2762
2026-09-29 07:02:00,2701.36,2701.79,2700.4,2701.35,329.9635
2026-09-29 07:03:00,2701.35,2702.01,2700.79,2702.0,172.7864
2026-09-29 07:04:00,2702.01,2703.68,2702.01,2703.48,196.4124
2026-09-29 07:05:00,2703.48,2706.44,2703.47,2706.44,138.9631
2026-09-29 07:06:00,2706.44,2707.05,2705.98,2707.02,340.2527
2026-09-29 07:07:00,2707.02,2709.04,2707.01,2708.63,289.9842
2026-09-29 07:08:00,2708.62,2710.0,2707.49,2710.0,254.5324
2026-09-29 07:09:00,2709.99,2711.36,2709.26,2710.89,829.7362
2026-09-29 07:10:00,2710.88,2711.99,2708.99,2711.97,338.0145
2026-09-29 07:11:00,2711.98,2712.59,2710.89,2711.82,746.2489
2026-09-29 07:12:00,2711.81,2712.21,2710.41,2710.41,274.6166
2026-09-29 07:13:00,2710.41,2710.41,2707.28,2708.98,445.1763
2026-09-29 07:14:00,2708.99,2709.8,2708.0,2709.76,251.6593
2026-09-29 07:15:00,2709.76,2712.51,2709.76,2711.5,304.6321
2026-09-29 07:16:00,2711.5,2713.82,2711.09,2713.81,266.2354
2026-09-29 07:17:00,2713.81,2715.95,2713.43,2714.63,1271.4261
2026-09-29 07:18:00,2714.64,2716.66,2711.09,2712.71,739.2299
2026-09-29 07:19:00,2712.71,2713.96,2711.34,2713.44,301.7019
2026-09-29 07:20:00,2713.44,2715.21,2713.21,2713.84,280.7702
2026-09-29 07:21:00,2713.84,2713.9,2711.97,2712.55,390.728
2026-09-29 07:22:00,2712.56,2712.56,2710.24,2710.24,211.5831
2026-09-29 07:23:00,2710.24,2712.37,2710.1,2710.97,189.4469
2026-09-29 07:24:00,2710.97,2714.29,2710.97,2714.29,237.5323
2026-09-29 07:25:00,2714.29,2717.51,2714.28,2716.79,770.6343
2026-09-29 07:26:00,2716.79,2716.82,2714.75,2715.62,1272.5587
2026-09-29 07:27:00,2715.62,2716.83,2715.41,2716.55,387.6324
2026-09-29 07:28:00,2716.54,2717.62,2714.61,2714.61,683.2991
2026-09-29 07:29:00,2714.62,2714.62,2713.17,2713.5,197.2619
2026-09-29 07:30:00,2713.49,2714.8,2713.34,2713.75,504.4601
2026-09-29 07:31:00,2713.75,2713.76,2711.03,2711.9,270.699
2026-09-29 07:32:00,2711.9,2714.12,2711.9,2713.98,359.7953
2026-09-29 07:33:00,2713.97,2714.68,2712.83,2712.84,280.2399
2026-09-29 07:34:00,2712.83,2714.59,2712.43,2714.49,340.7631
2026-09-29 07:35:00,2714.49,2714.5,2713.44,2713.87,278.9914
2026-09-29 07:36:00,2713.87,2714.76,2713.1,2714.75,245.4722
2026-09-29 07:37:00,2714.75,2715.15,2713.98,2714.88,224.746
2026-09-29 07:38:00,2714.88,2715.45,2714.5,2715.2,403.4912
2026-09-29 07:39:00,2715.2,2719.96,2715.2,2717.09,2616.2486
2026-09-29 07:40:00,2717.08,2717.08,2715.14,2715.96,382.1328
2026-09-29 07:41:00,2715.95,2716.19,2713.85,2713.94,461.1145
2026-09-29 07:42:00,2713.94,2713.95,2711.99,2712.91,1353.1263
2026-09-29 07:43:00,2712.92,2713.16,2712.42,2712.95,349.0107
2026-09-29 07:44:00,2712.94,2713.48,2712.57,2713.21,236.1601
2026-09-29 07:45:00,2713.2,2714.17,2713.2,2713.52,294.7102
2026-09-29 07:46:00,2713.52,2713.53,2712.9,2713.38,235.7254
2026-09-29 07:47:00,2713.37,2714.28,2713.33,2713.91,255.5493
2026-09-29 07:48:00,2713.91,2713.94,2713.06,2713.36,317.2249
2026-09-29 07:49:00,2713.35,2714.51,2712.78,2712.79,340.8468
2026-09-29 07:50:00,2712.78,2712.83,2711.38,2712.44,736.8442
2026-09-29 07:51:00,2712.44,2713.5,2712.44,2713.11,269.0465
2026-09-29 07:52:00,2713.11,2714.49,2711.09,2711.82,2256.58
2026-09-29 07:53:00,2711.82,2712.05,2711.78,2711.94,285.4104
2026-09-29 07:54:00,2711.94,2713.0,2711.94,2713.0,325.0407
2026-09-29 07:55:00,2713.0,2713.0,2711.34,2711.34,230.3306
2026-09-29 07:56:00,2711.34,2711.57,2709.96,2711.4,1349.7981
2026-09-29 07:57:00,2711.39,2711.4,2709.43,2710.01,351.5107
2026-09-29 07:58:00,2710.0,2710.29,2709.85,2709.85,1108.7945
2026-09-29 07:59:00,2709.85,2712.36,2709.65,2712.36,452.0373
2026-09-29 08:00:00,2712.35,2715.3,2712.35,2715.15,608.9448
2026-09-29 08:01:00,2715.14,2715.83,2713.85,2715.83,165.7104
2026-09-29 08:02:00,2715.83,2716.78,2715.42,2716.0,275.5306
2026-09-29 08:03:00,2716.0,2716.23,2714.25,2716.03,163.7135
2026-09-29 08:04:00,2716.04,2718.0,2715.4,2716.03,278.5954
2026-09-29 08:05:00,2716.04,2716.04,2714.12,2715.19,465.4296
2026-09-29 08:06:00,2715.18,2716.33,2714.47,2715.63,171.7539
2026-09-29 08:07:00,2715.64,2715.64,2712.97,2712.97,88.2444
2026-09-29 08:08:00,2712.98,2714.57,2712.98,2713.65,116.5876
2026-09-29 08:09:00,2713.64,2715.0,2713.57,2714.99,103.4692
2026-09-29 08:10:00,2714.99,2716.8,2714.99,2716.09,279.2033
2026-09-29 08:11:00,2716.09,2716.46,2714.98,2716.46,540.2786
2026-09-29 08:12:00,2716.46,2718.0,2716.32,2716.93,450.8381
2026-09-29 08:13:00,2716.93,2718.82,2714.92,2717.27,1234.2929
2026-09-29 08:14:00,2717.27,2717.38,2715.59,2715.79,153.6254
2026-09-29 08:15:00,2715.79,2719.05,2715.79,2718.79,361.3592
2026-09-29 08:16:00,2718.79,2720.6,2718.79,2720.06,2883.0052
2026-09-29 08:17:00,2720.06,2720.5,2718.31,2718.54,972.3373
2026-09-29 08:18:00,2718.53,2719.26,2716.54,2716.74,169.5167
2026-09-29 08:19:00,2716.71,2718.25,2715.96,2717.41,158.4381
2026-09-29 08:20:00,2717.4,2718.76,2717.32,2718.41,121.6074
2026-09-29 08:21:00,2718.41,2728.41,2718.4,2728.11,2314.4245
2026-09-29 08:22:00,2728.11,2735.0,2727.6,2730.93,2057.0837
2026-09-29 08:23:00,2730.93,2730.94,2724.97,2728.3,2149.8968
2026-09-29 08:24:00,2728.3,2728.3,2724.1,2726.4,763.2738
2026-09-29 08:25:00,2726.4,2726.83,2724.59,2726.36,305.224
2026-09-29 08:26:00,2726.35,2727.54,2725.27,2727.35,344.428
2026-09-29 08:27:00,2727.35,2727.54,2726.43,2726.43,206.1914
2026-09-29 08:28:00,2726.43,2727.18,2723.91,2724.29,446.361
2026-09-29 08:29:00,2724.3,2724.3,2722.64,2723.44,168.4402
2026-09-29 08:30:00,2723.43,2723.74,2720.88,2720.89,305.9204
2026-09-29 08:31:00,2720.88,2720.89,2719.59,2719.61,1274.0903
2026-09-29 08:32:00,2719.62,2719.78,2717.49,2717.5,852.699
2026-09-29 08:33:00,2717.49,2717.49,2713.88,2714.91,332.9845
2026-09-29 08:34:00,2714.91,2716.05,2713.88,2715.29,161.2036
2026-09-29 08:35:00,2715.29,2715.99,2712.97,2712.98,260.1935
2026-09-29 08:36:00,2712.98,2712.98,2710.19,2711.23,525.6812
2026-09-29 08:37:00,2711.22,2712.38,2709.83,2712.04,1035.2777
2026-09-29 08:38:00,2712.04,2712.98,2710.42,2712.97,760.8915
2026-09-29 08:39:00,2712.98,2713.77,2712.71,2713.31,153.353
2026-09-29 08:40:00,2713.31,2714.42,2710.67,2710.67,111.7534
2026-09-29 08:41:00,2710.68,2713.12,2709.79,2713.12,273.3185
2026-09-29 08:42:00,2713.12,2713.86,2713.12,2713.81,141.6679
2026-09-29 08:43:00,2713.81,2714.06,2712.71,2712.71,59.399
2026-09-29 08:44:00,2712.71,2712.72,2711.12,2711.12,226.4314
2026-09-29 08:45:00,2711.12,2711.17,2709.64,2711.04,418.6069
2026-09-29 08:46:00,2711.05,2711.6,2709.66,2709.7,623.9515
2026-09-29 08:47:00,2709.7,2710.33,2708.14,2708.15,384.1601
2026-09-29 08:48:00,2708.15,2712.71,2708.15,2712.5,539.8738
2026-09-29 08:49:00,2712.5,2712.5,2711.13,2711.18,152.1731
2026-09-29 08:50:00,2711.18,2711.74,2710.27,2711.05,56.1937
2026-09-29 08:51:00,2711.05,2711.05,2710.25,2710.34,42.0152
2026-09-29 08:52:00,2710.34,2710.34,2706.96,2707.09,214.1443
2026-09-29 08:53:00,2707.08,2707.69,2707.08,2707.09,93.6542
2026-09-29 08:54:00,2707.08,2707.96,2706.33,2707.45,815.723
2026-09-29 08:55:00,2707.45,2709.84,2707.45,2709.39,119.74
2026-09-29 08:56:00,2709.4,2710.15,2709.39,2710.09,44.0027
2026-09-29 08:57:00,2710.09,2710.09,2708.62,2709.23,97.6712
2026-09-29 08:58:00,2709.23,2709.59,2708.62,2709.51,331.8584
2026-09-29 08:59:00,2709.5,2709.5,2708.84,2708.84,97.2524
2026-09-29 09:00:00,2708.83,2708.84,2705.03,2707.2,335.9016
2026-09-29 09:01:00,2707.19,2708.77,2706.68,2707.24,93.9935
2026-09-29 09:02:00,2707.24,2708.44,2706.06,2706.06,108.7904
2026-09-29 09:03:00,2706.07,2706.07,2703.89,2703.89,1170.2936
2026-09-29 09:04:00,2703.89,2706.51,2703.89,2706.45,285.1032
2026-09-29 09:05:00,2706.44,2706.9,2704.65,2704.66,113.9907
2026-09-29 09:06:00,2704.66,2706.0,2704.32,2705.6,371.0038
2026-09-29 09:07:00,2705.57,2705.78,2704.13,2704.26,474.9596
2026-09-29 09:08:00,2704.26,2705.7,2704.26,2705.24,378.2661
2026-09-29 09:09:00,2705.25,2705.25,2704.26,2704.27,384.4725
2026-09-29 09:10:00,2704.28,2705.59,2703.9,2704.77,588.2206
2026-09-29 09:11:00,2704.76,2704.77,2703.91,2704.18,404.6788
2026-09-29 09:12:00,2704.18,2705.29,2703.6,2704.7,1142.9412
2026-09-29 09:13:00,2704.7,2705.6,2704.59,2705.08,383.0565
2026-09-29 09:14:00,2705.09,2705.09,2703.7,2703.91,504.5743
2026-09-29 09:15:00,2703.9,2704.25,2702.9,2703.6,692.8331
2026-09-29 09:16:00,2703.6,2704.82,2703.44,2704.66,423.8957
2026-09-29 09:17:00,2704.66,2705.51,2704.38,2705.33,443.1775
2026-09-29 09:18:00,2705.33,2705.86,2704.43,2705.2,414.1757
2026-09-29 09:19:00,2705.2,2705.86,2704.77,2704.83,384.7313
2026-09-29 09:20:00,2704.83,2706.23,2704.73,2705.18,399.641
2026-09-29 09:21:00,2705.18,2706.47,2704.7,2705.96,468.6876
2026-09-29 09:22:00,2705.96,2705.96,2704.34,2704.35,390.2411
2026-09-29 09:23:00,2704.34,2704.77,2702.93,2702.94,434.2256
2026-09-29 09:24:00,2702.93,2704.63,2702.78,2704.63,377.7923
2026-09-29 09:25:00,2704.62,2705.75,2704.32,2705.75,309.4688
2026-09-29 09:26:00,2705.74,2705.74,2704.19,2704.76,149.8216
2026-09-29 09:27:00,2704.76,2705.45,2704.19,2705.45,100.9759
2026-09-29 09:28:00,2705.45,2706.15,2705.2,2705.64,108.981
2026-09-29 09:29:00,2705.64,2705.64,2704.57,2704.57,86.9463
2026-09-29 09:30:00,2704.57,2705.15,2704.28,2705.14,74.2081
2026-09-29 09:31:00,2705.15,2708.53,2705.14,2708.53,200.6793
2026-09-29 09:32:00,2708.52,2709.44,2708.42,2709.17,270.7098
2026-09-29 09:33:00,2709.16,2710.0,2709.15,2710.0,96.2773
2026-09-29 09:34:00,2710.0,2710.0,2708.62,2709.45,98.0707
2026-09-29 09:35:00,2709.46,2709.46,2707.96,2708.63,83.7354
2026-09-29 09:36:00,2708.62,2709.57,2707.87,2709.51,86.1449
2026-09-29 09:37:00,2709.51,2710.68,2708.96,2710.68,163.2565
2026-09-29 09:38:00,2710.68,2711.65,2710.67,2711.29,166.3116
2026-09-29 09:39:00,2711.3,2711.3,2710.49,2711.09,125.4395
2026-09-29 09:40:00,2711.09,2711.09,2709.58,2709.85,236.6425
2026-09-29 09:41:00,2709.86,2710.19,2709.51,2709.85,84.2695
2026-09-29 09:42:00,2709.85,2711.01,2709.43,2711.01,86.9856
2026-09-29 09:43:00,2711.01,2712.55,2711.01,2712.14,174.4812
2026-09-29 09:44:00,2712.13,2712.13,2711.31,2712.03,106.7406
2026-09-29 09:45:00,2712.04,2712.66,2711.33,2711.67,121.336
2026-09-29 09:46:00,2711.67,2713.0,2711.67,2713.0,217.4079
2026-09-29 09:47:00,2713.0,2718.25,2712.99,2717.63,506.0926
2026-09-29 09:48:00,2717.63,2718.18,2716.26,2716.97,268.4403
2026-09-29 09:49:00,2716.97,2718.8,2716.4,2718.8,148.2569
2026-09-29 09:50:00,2718.8,2720.79,2718.8,2720.38,334.5625
2026-09-29 09:51:00,2720.38,2720.38,2717.23,2717.23,287.9477
2026-09-29 09:52:00,2717.23,2719.62,2716.98,2719.62,431.2049
2026-09-29 09:53:00,2719.62,2720.81,2719.16,2720.73,172.1832
2026-09-29 09:54:00,2720.73,2722.0,2719.11,2719.11,271.4653
2026-09-29 09:55:00,2719.12,2721.59,2719.01,2720.56,278.3119
2026-09-29 09:56:00,2720.56,2720.96,2718.66,2718.78,171.9456
2026-09-29 09:57:00,2718.78,2718.79,2718.24,2718.24,174.9029
2026-09-29 09:58:00,2718.24,2718.24,2717.84,2718.09,80.4786
2026-09-29 09:59:00,2718.09,2718.1,2717.51,2717.63,56.5392
2026-09-29 10:00:00,2717.63,2717.64,2715.95,2715.96,59.5483
2026-09-29 10:01:00,2715.96,2716.63,2715.95,2716.35,94.7389
2026-09-29 10:02:00,2716.36,2717.55,2715.87,2715.98,200.7385
2026-09-29 10:03:00,2715.97,2717.3,2715.97,2716.36,56.7389
2026-09-29 10:04:00,2716.35,2717.22,2716.35,2716.8,31.1775
2026-09-29 10:05:00,2716.8,2717.06,2716.79,2717.05,21.6999
2026-09-29 10:06:00,2717.06,2717.55,2716.34,2717.13,55.9382
2026-09-29 10:07:00,2717.12,2718.72,2716.95,2718.71,124.5208
2026-09-29 10:08:00,2718.72,2719.21,2718.07,2718.3,128.1282
2026-09-29 10:09:00,2718.3,2720.52,2718.29,2720.51,131.4233
2026-09-29 10:10:00,2720.52,2720.52,2719.11,2719.58,92.255
2026-09-29 10:11:00,2719.58,2720.29,2719.36,2719.36,45.8273
2026-09-29 10:12:00,2719.37,2719.37,2717.75,2718.8,81.5292
2026-09-29 10:13:00,2718.79,2718.8,2717.75,2717.75,88.0514
2026-09-29 10:14:00,2717.75,2717.76,2715.98,2716.15,74.7527
2026-09-29 10:15:00,2716.15,2716.78,2715.98,2715.98,59.1239
2026-09-29 10:16:00,2715.98,2717.02,2715.98,2716.1,77.6955
2026-09-29 10:17:00,2716.09,2716.84,2715.97,2716.12,37.0606
2026-09-29 10:18:00,2716.12,2716.12,2715.0,2715.14,233.1153
2026-09-29 10:19:00,2715.14,2715.31,2715.0,2715.01,44.6887
2026-09-29 10:20:00,2715.0,2715.01,2714.44,2714.44,69.6753
2026-09-29 10:21:00,2714.45,2714.45,2712.11,2712.64,153.2979
2026-09-29 10:22:00,2712.63,2713.83,2712.63,2713.83,63.1801
2026-09-29 10:23:00,2713.83,2713.92,2712.71,2713.28,89.7584
2026-09-29 10:24:00,2713.28,2714.04,2713.06,2713.06,41.9673
2026-09-29 10:25:00,2713.06,2714.72,2713.06,2714.72,93.2831
2026-09-29 10:26:00,2714.73,2714.76,2714.23,2714.68,76.8335
2026-09-29 10:27:00,2714.68,2715.15,2714.68,2715.14,37.6857
2026-09-29 10:28:00,2715.14,2715.14,2714.05,2714.33,40.032
2026-09-29 10:29:00,2714.32,2715.08,2714.32,2715.07,48.8798
2026-09-29 10:30:00,2715.07,2715.08,2713.68,2713.78,61.8657
2026-09-29 10:31:00,2713.78,2713.79,2713.3,2713.38,42.4659
2026-09-29 10:32:00,2713.38,2713.79,2711.67,2712.94,227.8157
2026-09-29 10:33:00,2712.94,2713.35,2711.35,2711.35,62.7498
2026-09-29 10:34:00,2711.36,2712.92,2711.17,2712.91,114.2762
2026-09-29 10:35:00,2712.91,2712.91,2711.9,2712.63,132.2836
2026-09-29 10:36:00,2712.64,2712.89,2712.36,2712.89,39.3812
2026-09-29 10:37:00,2712.88,2713.51,2711.52,2712.04,123.8231
2026-09-29 10:38:00,2712.05,2712.18,2711.52,2711.52,100.9676
2026-09-29 10:39:00,2711.53,2711.99,2710.81,2711.98,92.3585
2026-09-29 10:40:00,2711.98,2713.79,2711.98,2713.62,53.844
2026-09-29 10:41:00,2713.62,2713.62,2711.52,2711.52,21.423
2026-09-29 10:42:00,2711.52,2712.4,2711.37,2711.49,185.2887
2026-09-29 10:43:00,2711.5,2711.57,2710.12,2710.62,166.5759
2026-09-29 10:44:00,2710.61,2710.82,2710.3,2710.68,70.3114
2026-09-29 10:45:00,2710.67,2711.04,2709.78,2711.03,59.9487
2026-09-29 10:46:00,2711.04,2712.05,2711.04,2712.04,63.866
2026-09-29 10:47:00,2712.05,2712.05,2710.15,2711.01,37.9756
2026-09-29 10:48:00,2711.0,2711.53,2710.67,2711.1,47.3424
2026-09-29 10:49:00,2711.09,2711.52,2711.09,2711.13,19.0505
2026-09-29 10:50:00,2711.13,2711.53,2711.09,2711.15,278.2074
2026-09-29 10:51:00,2711.15,2712.05,2711.15,2712.04,41.9499
2026-09-29 10:52:00,2712.04,2712.89,2712.04,2712.58,115.8404
2026-09-29 10:53:00,2712.59,2712.59,2712.4,2712.4,26.4027
2026-09-29 10:54:00,2712.41,2712.53,2712.4,2712.52,15.0588
2026-09-29 10:55:00,2712.53,2713.38,2712.34,2713.03,30.8105
2026-09-29 10:56:00,2713.02,2713.39,2712.48,2712.48,33.9063
2026-09-29 10:57:00,2712.48,2712.87,2712.02,2712.87,47.6572
2026-09-29 10:58:00,2712.86,2715.13,2712.86,2715.12,145.1652
2026-09-29 10:59:00,2715.13,2715.76,2714.8,2714.8,90.3683
2026-09-29 11:00:00,2714.8,2715.24,2714.8,2715.23,77.2294
2026-09-29 11:01:00,2715.23,2717.78,2715.23,2716.98,185.8766
2026-09-29 11:02:00,2716.97,2716.97,2715.11,2716.01,90.3091
2026-09-29 11:03:00,2716.01,2717.31,2715.31,2716.46,110.5523
2026-09-29 11:04:00,2716.46,2716.46,2715.13,2715.14,67.991
2026-09-29 11:05:00,2715.13,2716.69,2714.75,2716.68,62.9361
2026-09-29 11:06:00,2716.68,2719.64,2716.68,2719.63,112.6957
2026-09-29 11:07:00,2719.63,2719.64,2718.12,2719.19,87.7101
2026-09-29 11:08:00,2719.19,2721.0,2718.84,2718.85,585.1626
2026-09-29 11:09:00,2718.85,2719.91,2718.27,2718.93,74.9494
2026-09-29 11:10:00,2718.94,2719.59,2717.12,2717.12,151.4313
2026-09-29 11:11:00,2717.12,2718.91,2716.89,2717.87,183.273
2026-09-29 11:12:00,2717.88,2719.31,2717.46,2719.01,220.3671
2026-09-29 11:13:00,2719.0,2719.01,2717.58,2717.61,285.2991
2026-09-29 11:14:00,2717.61,2717.62,2716.43,2717.2,32.0121
2026-09-29 11:15:00,2717.19,2717.73,2715.15,2715.15,54.5464
2026-09-29 11:16:00,2715.14,2716.34,2715.14,2716.33,44.129
2026-09-29 11:17:00,2716.34,2716.88,2716.34,2716.79,169.7553
2026-09-29 11:18:00,2716.8,2718.42,2716.79,2718.41,107.1207
2026-09-29 11:19:00,2718.42,2718.56,2716.79,2716.79,196.6904
2026-09-29 11:20:00,2716.79,2717.46,2715.57,2717.46,102.0033
2026-09-29 11:21:00,2717.45,2717.81,2716.39,2717.8,50.8627
2026-09-29 11:22:00,2717.81,2718.17,2717.8,2717.88,38.3636
2026-09-29 11:23:00,2717.89,2718.09,2717.17,2717.73,46.8216
2026-09-29 11:24:00,2717.73,2718.25,2717.61,2718.09,28.6954
2026-09-29 11:25:00,2718.08,2718.36,2717.17,2717.17,70.0248
2026-09-29 11:26:00,2717.18,2718.64,2717.17,2718.63,129.8653
2026-09-29 11:27:00,2718.64,2719.37,2717.88,2719.36,114.3806
2026-09-29 11:28:00,2719.37,2719.37,2719.0,2719.0,78.6437
2026-09-29 11:29:00,2719.0,2719.01,2718.43,2718.43,27.524
2026-09-29 11:30:00,2718.43,2720.48,2718.43,2720.35,143.0776
2026-09-29 11:31:00,2720.36,2720.89,2720.18,2720.56,115.7038
2026-09-29 11:32:00,2720.56,2725.48,2720.55,2725.48,473.6333
2026-09-29 11:33:00,2725.49,2727.47,2724.48,2727.46,286.8944
2026-09-29 11:34:00,2727.46,2728.57,2726.79,2728.54,360.7536
2026-09-29 11:35:00,2728.53,2730.6,2727.18,2730.47,941.5363
2026-09-29 11:36:00,2730.47,2732.0,2728.1,2728.1,422.9689
2026-09-29 11:37:00,2728.11,2728.81,2725.28,2725.55,231.8928
2026-09-29 11:38:00,2725.55,2727.37,2724.99,2727.09,185.9044
2026-09-29 11:39:00,2727.05,2727.28,2725.53,2725.54,92.3758
2026-09-29 11:40:00,2725.55,2725.94,2724.5,2724.51,156.9163
2026-09-29 11:41:00,2724.5,2724.5,2722.99,2723.13,234.408
2026-09-29 11:42:00,2723.13,2723.14,2721.44,2721.68,210.3244
2026-09-29 11:43:00,2721.68,2723.75,2721.67,2723.2,109.1902
2026-09-29 11:44:00,2723.21,2724.98,2722.96,2724.97,185.2884
2026-09-29 11:45:00,2724.98,2726.2,2724.07,2725.37,165.5864
2026-09-29 11:46:00,2725.37,2728.28,2725.36,2728.27,200.7047
2026-09-29 11:47:00,2728.27,2729.34,2727.97,2728.51,97.8835
2026-09-29 11:48:00,2728.51,2729.18,2728.49,2729.18,107.6359
2026-09-29 11:49:00,2729.17,2733.88,2727.52,2733.36,929.0779
2026-09-29 11:50:00,2733.36,2738.51,2731.38,2736.03,2317.1147
2026-09-29 11:51:00,2736.03,2737.5,2727.79,2728.57,1160.6366
2026-09-29 11:52:00,2728.58,2733.94,2728.57,2732.62,548.2061
2026-09-29 11:53:00,2732.61,2733.73,2732.31,2732.31,226.8458
2026-09-29 11:54:00,2732.3,2735.57,2730.67,2735.36,579.0189
2026-09-29 11:55:00,2735.36,2735.36,2733.55,2733.55,222.0948
2026-09-29 11:56:00,2733.55,2735.53,2733.51,2735.01,222.905
2026-09-29 11:57:00,2735.0,2735.33,2733.09,2733.09,137.0686
2026-09-29 11:58:00,2733.1,2734.93,2733.1,2733.87,923.2758
2026-09-29 11:59:00,2733.87,2733.94,2732.3,2732.47,377.9002
2026-09-29 12:00:00,2732.47,2732.56,2729.94,2731.84,327.4565
2026-09-29 12:01:00,2731.83,2733.74,2731.83,2732.84,149.078
2026-09-29 12:02:00,2732.83,2732.83,2730.84,2731.72,512.4643
2026-09-29 12:03:00,2731.7,2732.57,2730.37,2730.37,725.0128
2026-09-29 12:04:00,2730.37,2732.2,2730.37,2731.37,183.151
2026-09-29 12:05:00,2731.37,2731.53,2729.68,2731.27,606.2796
2026-09-29 12:06:00,2731.28,2731.28,2729.63,2730.0,141.8678
2026-09-29 12:07:00,2729.99,2731.86,2729.99,2731.68,222.994
2026-09-29 12:08:00,2731.68,2731.68,2730.14,2730.14,402.4062
2026-09-29 12:09:00,2730.14,2731.0,2729.63,2730.14,139.1783
2026-09-29 12:10:00,2730.13,2730.64,2730.0,2730.28,32.3342
2026-09-29 12:11:00,2730.29,2730.29,2729.63,2729.88,59.8185
2026-09-29 12:12:00,2729.88,2731.0,2729.72,2729.74,81.0879
2026-09-29 12:13:00,2729.75,2732.86,2729.74,2731.92,149.4005
2026-09-29 12:14:00,2731.93,2732.68,2731.85,2731.85,74.4854
2026-09-29 12:15:00,2731.85,2737.87,2731.85,2736.21,824.0106
2026-09-29 12:16:00,2736.21,2740.7,2736.21,2740.28,1655.334
2026-09-29 12:17:00,2740.28,2744.87,2738.48,2744.46,2573.3842
2026-09-29 12:18:00,2744.47,2748.6,2742.16,2744.02,8026.2806
2026-09-29 12:19:00,2744.03,2744.44,2735.39,2736.35,751.2808
2026-09-29 12:20:00,2736.35,2736.67,2732.91,2734.4,793.8454
2026-09-29 12:21:00,2734.41,2735.47,2733.14,2733.15,250.9055
2026-09-29 12:22:00,2733.15,2735.89,2732.96,2734.41,130.0603
2026-09-29 12:23:00,2734.42,2735.48,2734.2,2735.24,334.4347
2026-09-29 12:24:00,2735.24,2735.41,2733.73,2734.52,483.3548
2026-09-29 12:25:00,2734.52,2734.66,2732.22,2732.9,132.0659
2026-09-29 12:26:00,2732.9,2734.99,2732.52,2734.99,170.6788
2026-09-29 12:27:00,2735.0,2737.61,2734.99,2736.37,185.7138
2026-09-29 12:28:00,2736.38,2737.22,2734.76,2735.97,84.2256
2026-09-29 12:29:00,2735.98,2737.21,2735.75,2737.21,133.6797
2026-09-29 12:30:00,2737.2,2739.8,2736.82,2739.63,219.1118
2026-09-29 12:31:00,2739.62,2740.64,2738.45,2740.09,420.1056
2026-09-29 12:32:00,2740.09,2741.32,2739.29,2739.29,1234.8092
2026-09-29 12:33:00,2739.29,2740.61,2739.29,2739.65,265.5953
2026-09-29 12:34:00,2739.65,2741.23,2739.64,2740.47,150.4334
2026-09-29 12:35:00,2740.48,2742.27,2737.37,2738.93,685.7322
2026-09-29 12:36:00,2738.94,2739.48,2738.09,2739.39,316.2126
2026-09-29 12:37:00,2739.39,2743.36,2739.39,2743.35,481.7384
2026-09-29 12:38:00,2743.35,2744.89,2743.32,2744.13,425.1549
2026-09-29 12:39:00,2744.13,2744.47,2743.1,2743.1,636.1842
2026-09-29 12:40:00,2743.1,2743.1,2739.27,2740.79,699.9866
2026-09-29 12:41:00,2740.79,2742.47,2740.67,2741.76,333.0824
2026-09-29 12:42:00,2741.77,2742.3,2739.65,2739.83,236.6233
2026-09-29 12:43:00,2739.84,2740.56,2739.31,2739.31,86.2191
2026-09-29 12:44:00,2739.31,2739.75,2738.45,2739.75,151.1719
2026-09-29 12:45:00,2739.74,2739.93,2736.12,2736.15,195.6805
2026-09-29 12:46:00,2736.15,2736.88,2735.44,2736.02,156.115
2026-09-29 12:47:00,2736.03,2738.3,2736.03,2737.47,608.4333
2026-09-29 12:48:00,2737.46,2738.05,2736.5,2738.05,188.8881
2026-09-29 12:49:00,2738.05,2738.06,2736.9,2736.9,351.3867
2026-09-29 12:50:00,2736.9,2736.9,2734.44,2734.44,93.4342
2026-09-29 12:51:00,2734.43,2735.25,2733.73,2735.24,114.7633
2026-09-29 12:52:00,2735.24,2737.4,2735.24,2736.57,101.6577
2026-09-29 12:53:00,2736.58,2736.58,2734.48,2734.49,87.0264
2026-09-29 12:54:00,2734.49,2736.22,2734.49,2736.21,158.1089
2026-09-29 12:55:00,2736.22,2736.37,2734.99,2735.44,127.1819
2026-09-29 12:56:00,2735.44,2737.71,2735.44,2736.99,235.9939
2026-09-29 12:57:00,2736.99,2737.0,2736.38,2736.59,137.7827
2026-09-29 12:58:00,2736.59,2736.83,2735.22,2735.48,838.6706
2026-09-29 12:59:00,2735.48,2737.95,2735.48,2736.83,127.8212
2026-09-29 13:00:00,2736.83,2738.96,2736.4,2736.41,217.5934
2026-09-29 13:01:00,2736.41,2736.83,2733.76,2736.83,151.0566
2026-09-29 13:02:00,2736.82,2737.76,2736.82,2737.59,148.3445
2026-09-29 13:03:00,2737.59,2738.14,2735.78,2735.78,116.5443
2026-09-29 13:04:00,2735.79,2737.68,2735.62,2737.23,141.5334
2026-09-29 13:05:00,2737.23,2738.47,2736.91,2737.88,103.8697
2026-09-29 13:06:00,2737.87,2737.87,2736.47,2737.29,141.8019
2026-09-29 13:07:00,2737.29,2738.0,2737.08,2737.99,116.307
2026-09-29 13:08:00,2737.99,2739.0,2737.83,2738.08,77.9156
2026-09-29 13:09:00,2738.09,2740.53,2738.08,2740.53,332.5307
2026-09-29 13:10:00,2740.53,2740.72,2738.37,2738.37,1349.6778
2026-09-29 13:11:00,2738.37,2738.37,2736.52,2737.28,214.0801
2026-09-29 13:12:00,2737.28,2737.62,2736.53,2736.82,54.954
2026-09-29 13:13:00,2736.82,2737.13,2736.53,2736.53,121.8335
2026-09-29 13:14:00,2736.53,2737.33,2736.1,2736.43,168.3466
2026-09-29 13:15:00,2736.43,2737.29,2732.94,2733.9,1367.479
2026-09-29 13:16:00,2733.91,2735.8,2733.91,2735.55,114.0823
2026-09-29 13:17:00,2735.55,2736.0,2734.82,2735.99,93.7196
2026-09-29 13:18:00,2736.0,2736.73,2734.32,2734.35,86.6344
2026-09-29 13:19:00,2734.38,2735.22,2734.38,2735.18,51.7256
2026-09-29 13:20:00,2735.19,2735.19,2734.38,2734.38,93.9972
2026-09-29 13:21:00,2734.38,2734.92,2733.98,2734.44,166.8573
2026-09-29 13:22:00,2734.44,2734.68,2733.77,2734.68,41.969
2026-09-29 13:23:00,2734.68,2735.19,2734.58,2735.05,97.3826
2026-09-29 13:24:00,2735.05,2736.21,2734.79,2736.2,176.0676
2026-09-29 13:25:00,2736.2,2738.25,2734.46,2734.54,185.7583
2026-09-29 13:26:00,2734.49,2735.19,2733.14,2734.61,148.0002
2026-09-29 13:27:00,2734.61,2737.98,2733.76,2737.66,147.2497
2026-09-29 13:28:00,2737.66,2739.28,2736.44,2737.22,755.6612
2026-09-29 13:29:00,2737.22,2738.68,2736.77,2737.22,113.2818
2026-09-29 13:30:00,2737.23,2737.23,2729.62,2732.38,522.6356
2026-09-29 13:31:00,2732.37,2734.45,2728.7,2729.24,327.1835
2026-09-29 13:32:00,2729.23,2731.39,2726.36,2726.88,348.3212
2026-09-29 13:33:00,2726.88,2727.54,2724.24,2724.71,1267.698
2026-09-29 13:34:00,2724.72,2728.2,2723.98,2727.65,518.4046
2026-09-29 13:35:00,2727.65,2729.24,2721.63,2721.63,595.6881
2026-09-29 13:36:00,2721.63,2727.5,2721.63,2725.77,336.4572
2026-09-29 13:37:00,2725.78,2729.1,2725.78,2727.68,317.1836
2026-09-29 13:38:00,2727.68,2728.96,2726.65,2728.95,315.8773
2026-09-29 13:39:00,2728.96,2730.8,2728.69,2729.49,214.148
2026-09-29 13:40:00,2729.49,2730.2,2726.59,2726.74,1166.0979
2026-09-29 13:41:00,2726.73,2727.93,2726.64,2727.3,136.9785
2026-09-29 13:42:00,2727.3,2729.14,2726.67,2727.28,208.0919
2026-09-29 13:43:00,2727.28,2731.0,2724.48,2724.48,680.6775
2026-09-29 13:44:00,2724.49,2727.01,2724.44,2725.89,166.9167
2026-09-29 13:45:00,2725.9,2727.35,2724.48,2724.64,147.0838
2026-09-29 13:46:00,2724.65,2726.49,2722.04,2722.04,378.7042
2026-09-29 13:47:00,2722.03,2724.98,2721.5,2723.48,287.6331
2026-09-29 13:48:00,2723.48,2724.98,2722.04,2722.32,336.4217
2026-09-29 13:49:00,2722.33,2725.95,2722.29,2725.94,177.0112
2026-09-29 13:50:00,2725.95,2727.22,2723.34,2725.87,271.4465
2026-09-29 13:51:00,2725.87,2727.75,2725.59,2726.43,322.9971
2026-09-29 13:52:00,2726.42,2730.79,2726.41,2730.79,433.5384
2026-09-29 13:53:00,2730.79,2734.08,2730.79,2732.96,401.1362
2026-09-29 13:54:00,2732.95,2734.98,2732.75,2734.96,182.9504
2026-09-29 13:55:00,2734.95,2734.97,2733.38,2734.81,127.794
2026-09-29 13:56:00,2734.81,2735.45,2732.79,2732.79,231.9788
2026-09-29 13:57:00,2732.78,2733.03,2729.17,2730.14,110.6687
2026-09-29 13:58:00,2730.14,2730.14,2727.72,2727.95,176.6086
2026-09-29 13:59:00,2727.95,2727.95,2726.82,2726.83,218.3684
2026-09-29 14:00:00,2726.83,2732.01,2726.82,2730.17,272.8793
2026-09-29 14:01:00,2730.22,2732.48,2725.81,2725.81,196.892
2026-09-29 14:02:00,2725.8,2726.0,2722.66,2723.01,581.6937
2026-09-29 14:03:00,2723.01,2725.19,2722.01,2724.42,358.2388
2026-09-29 14:04:00,2724.42,2724.42,2721.0,2722.59,176.9805
2026-09-29 14:05:00,2722.59,2723.91,2721.5,2722.83,166.0851
2026-09-29 14:06:00,2722.82,2722.82,2717.26,2718.33,538.3545
2026-09-29 14:07:00,2718.34,2719.62,2718.31,2719.61,206.6815
2026-09-29 14:08:00,2719.6,2723.0,2719.47,2721.1,191.3444
2026-09-29 14:09:00,2721.09,2721.09,2717.78,2718.51,251.5368
2026-09-29 14:10:00,2718.51,2721.1,2717.86,2720.73,214.3014
2026-09-29 14:11:00,2720.73,2721.11,2717.4,2718.09,615.0798
2026-09-29 14:12:00,2718.08,2718.08,2715.76,2717.25,201.2584
2026-09-29 14:13:00,2717.26,2721.08,2717.26,2718.97,189.6264
2026-09-29 14:14:00,2718.98,2719.9,2717.52,2717.53,122.7958
2026-09-29 14:15:00,2717.52,2718.62,2716.18,2716.79,139.7159
2026-09-29 14:16:00,2716.8,2716.92,2711.35,2713.5,968.5672
2026-09-29 14:17:00,2713.51,2717.21,2713.51,2715.05,549.9079
2026-09-29 14:18:00,2715.04,2717.06,2714.63,2717.04,124.4984
2026-09-29 14:19:00,2717.03,2720.63,2717.03,2720.63,248.5251
2026-09-29 14:20:00,2720.64,2722.72,2715.69,2715.69,427.0829
2026-09-29 14:21:00,2715.69,2717.27,2713.51,2717.25,493.9554
2026-09-29 14:22:00,2717.26,2718.24,2716.28,2718.24,147.4007
2026-09-29 14:23:00,2718.25,2718.25,2714.19,2715.31,191.3099
2026-09-29 14:24:00,2715.3,2715.3,2712.35,2714.62,690.6991
2026-09-29 14:25:00,2714.61,2717.87,2713.76,2717.82,493.9775
2026-09-29 14:26:00,2717.81,2720.58,2717.68,2720.58,456.3917
2026-09-29 14:27:00,2720.57,2720.98,2720.0,2720.98,191.6558
2026-09-29 14:28:00,2720.98,2720.98,2717.89,2718.29,179.2398
2026-09-29 14:29:00,2718.29,2718.29,2716.02,2716.02,83.6148
2026-09-29 14:30:00,2716.03,2716.2,2714.21,2715.82,153.2354
2026-09-29 14:31:00,2715.82,2719.45,2715.7,2718.25,109.4995
2026-09-29 14:32:00,2718.25,2719.47,2716.15,2717.87,66.8426
2026-09-29 14:33:00,2717.88,2718.25,2715.98,2717.28,71.5188
2026-09-29 14:34:00,2717.28,2717.9,2715.58,2715.59,211.9667
2026-09-29 14:35:00,2715.58,2715.59,2712.35,2714.1,271.1433
2026-09-29 14:36:00,2714.11,2714.11,2710.34,2710.62,398.3499
2026-09-29 14:37:00,2710.62,2711.97,2707.97,2710.88,1589.4003
2026-09-29 14:38:00,2710.88,2715.41,2710.88,2715.41,1074.3298
2026-09-29 14:39:00,2715.4,2716.1,2714.34,2716.1,180.618
2026-09-29 14:40:00,2716.11,2719.24,2716.1,2717.72,320.0888
2026-09-29 14:41:00,2717.73,2719.93,2717.06,2718.44,234.4627
2026-09-29 14:42:00,2718.43,2721.01,2717.22,2718.77,289.6428
2026-09-29 14:43:00,2718.77,2718.82,2715.44,2715.45,344.8322
2026-09-29 14:44:00,2715.45,2715.45,2713.16,2715.15,307.9967
2026-09-29 14:45:00,2715.14,2718.77,2715.14,2718.76,522.7093
2026-09-29 14:46:00,2718.77,2718.99,2717.35,2718.31,175.9981
2026-09-29 14:47:00,2718.3,2718.3,2714.28,2714.65,257.1501
2026-09-29 14:48:00,2714.66,2716.72,2714.65,2714.86,169.4062
2026-09-29 14:49:00,2714.86,2715.03,2710.61,2710.62,563.4458
2026-09-29 14:50:00,2710.61,2711.01,2708.21,2710.77,1023.3345
2026-09-29 14:51:00,2710.77,2715.14,2710.0,2715.14,201.0345
2026-09-29 14:52:00,2715.14,2715.86,2713.08,2713.36,184.7243
2026-09-29 14:53:00,2713.36,2713.91,2712.08,2713.43,119.5969
2026-09-29 14:54:00,2713.44,2714.85,2713.17,2714.85,125.554
2026-09-29 14:55:00,2714.84,2717.0,2714.84,2716.15,137.0175
2026-09-29 14:56:00,2716.16,2717.0,2715.71,2717.0,80.6897
2026-09-29 14:57:00,2717.0,2717.91,2715.44,2717.16,261.8462
2026-09-29 14:58:00,2717.15,2717.16,2714.55,2714.56,100.8345
2026-09-29 14:59:00,2714.55,2714.61,2710.75,2710.99,182.0569
2026-09-29 15:00:00,2710.99,2711.59,2707.79,2708.85,394.6495
2026-09-29 15:01:00,2708.84,2709.98,2705.3,2709.98,405.7346
2026-09-29 15:02:00,2709.98,2711.95,2708.18,2708.8,271.0895
2026-09-29 15:03:00,2708.79,2708.79,2706.37,2706.37,359.7412
2026-09-29 15:04:00,2706.37,2707.99,2704.0,2704.0,653.2843
2026-09-29 15:05:00,2703.99,2705.85,2696.61,2696.89,1446.1291
2026-09-29 15:06:00,2696.88,2701.79,2693.83,2700.54,858.5126
2026-09-29 15:07:00,2700.54,2700.54,2697.3,2698.02,356.6476
2026-09-29 15:08:00,2698.01,2699.66,2696.23,2698.96,577.9885
2026-09-29 15:09:00,2698.97,2701.72,2698.34,2701.41,261.0594
2026-09-29 15:10:00,2701.4,2703.83,2700.77,2700.91,404.3857
2026-09-29 15:11:00,2700.91,2701.2,2699.06,2699.55,148.0551
2026-09-29 15:12:00,2699.55,2699.55,2693.83,2693.84,464.4212
2026-09-29 15:13:00,2693.83,2693.84,2690.52,2691.65,1433.7445
2026-09-29 15:14:00,2691.65,2693.69,2690.47,2693.13,458.0114
2026-09-29 15:15:00,2693.13,2697.38,2692.72,2697.0,428.6016
2026-09-29 15:16:00,2697.0,2699.07,2697.0,2698.5,160.6921
2026-09-29 15:17:00,2698.51,2698.51,2693.46,2693.46,272.7371
2026-09-29 15:18:00,2693.47,2694.17,2688.71,2688.79,576.9566
2026-09-29 15:19:00,2688.78,2690.06,2686.99,2687.41,1383.1046
2026-09-29 15:20:00,2687.41,2688.98,2686.3,2686.94,354.5143
2026-09-29 15:21:00,2686.94,2689.48,2684.53,2688.56,673.8944
2026-09-29 15:22:00,2688.56,2690.09,2685.67,2686.0,516.3404
2026-09-29 15:23:00,2685.96,2686.55,2680.95,2680.96,908.7048
2026-09-29 15:24:00,2680.96,2681.38,2676.0,2677.6,2040.7445
2026-09-29 15:25:00,2677.6,2677.98,2674.1,2677.26,1282.549
2026-09-29 15:26:00,2677.26,2679.27,2675.09,2676.2,690.6244
2026-09-29 15:27:00,2676.2,2676.21,2672.35,2673.7,573.0419
2026-09-29 15:28:00,2673.7,2678.36,2671.41,2677.66,455.3552
2026-09-29 15:29:00,2677.67,2679.34,2676.5,2677.09,344.1461
2026-09-29 15:30:00,2677.08,2681.81,2675.99,2678.75,779.1118
2026-09-29 15:31:00,2678.75,2679.87,2676.51,2679.87,520.759
2026-09-29 15:32:00,2679.88,2682.46,2679.42,2682.46,301.5677
2026-09-29 15:33:00,2682.45,2683.42,2680.91,2681.52,497.5593
2026-09-29 15:34:00,2681.52,2683.53,2680.91,2681.25,412.204
2026-09-29 15:35:00,2681.26,2683.16,2679.63,2682.86,852.0198
2026-09-29 15:36:00,2682.86,2683.13,2681.31,2682.26,196.6764
2026-09-29 15:37:00,2682.29,2683.4,2682.0,2682.38,185.5085
2026-09-29 15:38:00,2682.38,2682.73,2681.31,2682.72,237.4182
2026-09-29 15:39:00,2682.73,2683.72,2682.51,2683.28,183.4523
2026-09-29 15:40:00,2683.28,2683.99,2682.73,2683.99,168.3919
2026-09-29 15:41:00,2683.99,2685.36,2681.3,2681.89,483.7179
2026-09-29 15:42:00,2681.88,2682.21,2680.03,2680.84,252.5842
2026-09-29 15:43:00,2680.84,2680.84,2678.91,2679.48,225.668
2026-09-29 15:44:00,2679.47,2681.48,2679.47,2681.39,247.7496
2026-09-29 15:45:00,2681.4,2684.12,2681.4,2681.67,327.7513
2026-09-29 15:46:00,2681.68,2682.27,2679.0,2679.01,493.3615
2026-09-29 15:47:00,2679.01,2684.9,2677.67,2684.11,656.9687
2026-09-29 15:48:00,2684.1,2686.59,2681.73,2686.58,470.3561
2026-09-29 15:49:00,2686.58,2686.58,2682.93,2683.06,178.3451
2026-09-29 15:50:00,2683.06,2683.98,2678.94,2679.24,308.9956
2026-09-29 15:51:00,2679.24,2679.51,2677.27,2677.57,267.6708
2026-09-29 15:52:00,2677.58,2677.89,2673.23,2673.24,502.9567
2026-09-29 15:53:00,2673.23,2675.64,2671.96,2671.97,909.9406
2026-09-29 15:54:00,2671.97,2671.97,2668.5,2670.95,1259.7701
2026-09-29 15:55:00,2670.95,2674.9,2670.95,2672.89,581.0767
2026-09-29 15:56:00,2672.87,2674.99,2672.86,2674.97,161.2503
2026-09-29 15:57:00,2674.98,2675.85,2671.39,2671.4,1050.3692
2026-09-29 15:58:00,2671.39,2672.08,2670.71,2670.72,136.6286
2026-09-29 15:59:00,2670.71,2674.17,2670.12,2674.17,266.5561
2026-09-29 16:00:00,2674.16,2676.05,2672.91,2674.61,581.047
2026-09-29 16:01:00,2674.6,2676.99,2674.25,2674.89,300.1669
2026-09-29 16:02:00,2674.9,2674.95,2672.84,2674.16,201.5902
2026-09-29 16:03:00,2674.17,2674.54,2672.77,2672.77,182.2491
2026-09-29 16:04:00,2672.77,2672.78,2671.35,2671.35,82.9537
2026-09-29 16:05:00,2671.35,2675.96,2670.87,2675.42,534.8801
2026-09-29 16:06:00,2675.41,2675.42,2672.48,2672.48,223.877
2026-09-29 16:07:00,2672.49,2673.97,2670.87,2673.7,122.2411
2026-09-29 16:08:00,2673.71,2673.91,2673.15,2673.15,81.7851
2026-09-29 16:09:00,2673.15,2673.69,2673.12,2673.64,103.3299
2026-09-29 16:10:00,2673.65,2677.98,2673.64,2676.88,197.8635
2026-09-29 16:11:00,2676.88,2677.18,2675.0,2676.45,114.0091
2026-09-29 16:12:00,2676.44,2677.28,2675.25,2675.25,145.5618
2026-09-29 16:13:00,2675.25,2676.45,2675.17,2675.65,88.5114
2026-09-29 16:14:00,2675.65,2675.65,2672.37,2675.08,236.6397
2026-09-29 16:15:00,2675.09,2676.57,2674.69,2675.55,141.5103
2026-09-29 16:16:00,2675.55,2679.47,2674.64,2679.05,247.0307
2026-09-29 16:17:00,2679.05,2679.93,2677.99,2678.08,135.5967
2026-09-29 16:18:00,2678.07,2679.05,2677.13,2678.82,100.9912
2026-09-29 16:19:00,2678.83,2679.36,2677.62,2678.82,148.2675
2026-09-29 16:20:00,2678.82,2681.08,2678.5,2680.17,86.9963
2026-09-29 16:21:00,2680.17,2682.29,2680.13,2680.52,165.6724
2026-09-29 16:22:00,2680.53,2681.95,2680.28,2680.95,156.2445
2026-09-29 16:23:00,2680.94,2680.99,2679.17,2680.99,129.131
2026-09-29 16:24:00,2680.99,2681.85,2680.46,2680.47,90.0161
2026-09-29 16:25:00,2680.46,2681.83,2679.3,2681.83,252.5706
2026-09-29 16:26:00,2681.82,2682.73,2681.49,2682.72,122.0377
2026-09-29 16:27:00,2682.73,2683.45,2682.29,2682.63,62.9913
2026-09-29 16:28:00,2682.62,2683.87,2682.62,2682.64,76.5117
2026-09-29 16:29:00,2682.63,2683.25,2682.11,2682.24,88.9967
2026-09-29 16:30:00,2682.25,2682.25,2678.77,2678.77,100.3151
2026-09-29 16:31:00,2678.77,2679.73,2677.49,2678.48,176.2733
2026-09-29 16:32:00,2678.49,2680.17,2677.97,2677.98,104.1355
2026-09-29 16:33:00,2677.98,2678.9,2677.91,2678.9,251.3941
2026-09-29 16:34:00,2678.9,2680.61,2677.97,2680.61,66.4965
2026-09-29 16:35:00,2680.61,2683.0,2680.61,2682.01,89.2417
2026-09-29 16:36:00,2682.01,2683.81,2681.51,2683.45,83.1217
2026-09-29 16:37:00,2683.46,2684.36,2682.52,2683.24,198.3179
2026-09-29 16:38:00,2683.24,2684.18,2682.63,2682.63,47.8716
2026-09-29 16:39:00,2682.64,2682.64,2679.27,2679.27,77.7652
2026-09-29 16:40:00,2679.26,2679.27,2675.73,2676.06,144.7725
2026-09-29 16:41:00,2676.06,2677.34,2674.52,2674.52,162.909
2026-09-29 16:42:00,2674.52,2676.01,2673.58,2674.45,197.3999
2026-09-29 16:43:00,2674.44,2675.38,2672.31,2673.61,192.3196
2026-09-29 16:44:00,2673.62,2674.3,2672.52,2672.86,92.6117
2026-09-29 16:45:00,2672.86,2673.75,2669.02,2669.58,734.302
2026-09-29 16:46:00,2669.58,2674.2,2669.36,2674.16,236.931
2026-09-29 16:47:00,2674.17,2674.87,2672.03,2672.4,76.5982
2026-09-29 16:48:00,2672.41,2673.61,2671.3,2673.19,161.3609
2026-09-29 16:49:00,2673.2,2673.72,2671.21,2672.75,167.0339
2026-09-29 16:50:00,2672.76,2675.24,2672.56,2675.23,73.538
2026-09-29 16:51:00,2675.24,2676.55,2674.29,2674.29,179.4058
2026-09-29 16:52:00,2674.3,2675.79,2673.4,2674.81,88.1514
2026-09-29 16:53:00,2674.82,2675.23,2672.06,2672.07,38.827
2026-09-29 16:54:00,2672.07,2672.71,2671.34,2671.37,118.8942
2026-09-29 16:55:00,2671.37,2671.79,2670.95,2671.16,90.0851
2026-09-29 16:56:00,2671.16,2671.46,2668.4,2669.99,595.5806
2026-09-29 16:57:00,2670.0,2674.08,2670.0,2673.33,72.1642
2026-09-29 16:58:00,2673.33,2676.17,2673.33,2675.86,88.304
2026-09-29 16:59:00,2675.87,2677.01,2675.86,2675.99,74.9324
2026-09-29 17:00:00,2675.99,2676.51,2675.0,2675.0,57.0616
2026-09-29 17:01:00,2675.0,2676.1,2674.24,2675.53,146.8581
2026-09-29 17:02:00,2675.54,2675.85,2673.54,2674.15,74.9338
2026-09-29 17:03:00,2674.15,2676.86,2673.52,2676.86,90.5431
2026-09-29 17:04:00,2676.86,2677.57,2675.65,2675.65,81.0995
2026-09-29 17:05:00,2675.66,2677.98,2675.02,2677.98,129.249
2026-09-29 17:06:00,2677.97,2679.3,2677.97,2678.99,124.2959
2026-09-29 17:07:00,2679.0,2679.0,2677.3,2677.72,73.3205
2026-09-29 17:08:00,2677.72,2678.87,2677.72,2678.87,66.5577
2026-09-29 17:09:00,2678.86,2679.82,2678.86,2679.01,85.4817
2026-09-29 17:10:00,2679.0,2679.18,2677.82,2677.82,96.8784
2026-09-29 17:11:00,2677.83,2679.99,2677.61,2677.65,425.9473
2026-09-29 17:12:00,2677.64,2678.65,2676.58,2678.1,103.9979
2026-09-29 17:13:00,2678.11,2679.37,2677.5,2678.75,74.2186
2026-09-29 17:14:00,2678.74,2679.99,2678.72,2679.99,120.3587
2026-09-29 17:15:00,2680.0,2680.57,2678.44,2678.44,145.6358
2026-09-29 17:16:00,2678.43,2678.56,2674.87,2676.12,72.1352
2026-09-29 17:17:00,2676.13,2677.56,2675.76,2676.84,90.9938
2026-09-29 17:18:00,2676.85,2677.89,2676.51,2676.67,49.7913
2026-09-29 17:19:00,2676.67,2677.73,2676.32,2677.33,41.6574
2026-09-29 17:20:00,2677.34,2677.6,2674.87,2674.88,130.8228
2026-09-29 17:21:00,2674.87,2674.87,2672.99,2673.0,168.2454
2026-09-29 17:22:00,2672.99,2673.47,2672.99,2673.15,79.4386
2026-09-29 17:23:00,2673.15,2676.26,2673.14,2675.23,51.9357
2026-09-29 17:24:00,2675.23,2676.36,2674.8,2675.49,49.1352
2026-09-29 17:25:00,2675.5,2676.16,2675.11,2675.52,64.7225
2026-09-29 17:26:00,2675.53,2676.19,2675.11,2676.07,104.5056
2026-09-29 17:27:00,2676.06,2676.62,2675.39,2676.62,138.7028
2026-09-29 17:28:00,2676.61,2677.21,2674.9,2674.91,59.6404
2026-09-29 17:29:00,2674.9,2677.63,2674.71,2677.62,54.4093
2026-09-29 17:30:00,2677.63,2679.11,2677.31,2677.79,205.1577
2026-09-29 17:31:00,2677.8,2679.18,2677.14,2678.99,89.75
2026-09-29 17:32:00,2678.99,2679.23,2676.7,2679.23,43.8322
2026-09-29 17:33:00,2679.24,2679.47,2677.79,2678.14,71.9751
2026-09-29 17:34:00,2678.15,2679.2,2676.65,2676.65,124.7294
2026-09-29 17:35:00,2676.56,2677.11,2674.44,2675.06,145.54
2026-09-29 17:36:00,2675.07,2676.31,2674.71,2674.73,38.884
2026-09-29 17:37:00,2674.73,2675.29,2673.99,2674.3,99.9733
2026-09-29 17:38:00,2674.3,2675.16,2673.44,2673.45,103.9535
2026-09-29 17:39:00,2673.44,2674.76,2673.44,2674.75,43.9659
2026-09-29 17:40:00,2674.75,2675.26,2674.3,2675.02,121.4242
2026-09-29 17:41:00,2675.03,2676.88,2674.89,2676.08,52.4125
2026-09-29 17:42:00,2676.08,2676.27,2675.11,2675.91,46.853
2026-09-29 17:43:00,2675.91,2675.91,2674.54,2675.19,44.4802
2026-09-29 17:44:00,2675.2,2675.46,2674.29,2674.29,50.3384
2026-09-29 17:45:00,2674.29,2676.29,2674.29,2676.17,45.9505
2026-09-29 17:46:00,2676.16,2676.55,2673.0,2673.01,159.5183
2026-09-29 17:47:00,2673.0,2674.01,2672.28,2673.4,86.9206
2026-09-29 17:48:00,2673.4,2673.89,2672.34,2673.27,41.5412
2026-09-29 17:49:00,2673.26,2673.83,2671.79,2671.87,57.9527
2026-09-29 17:50:00,2671.87,2672.68,2670.97,2670.97,190.657
2026-09-29 17:51:00,2670.97,2672.76,2669.59,2672.6,154.1832
2026-09-29 17:52:00,2672.6,2673.28,2672.1,2672.94,146.4432
2026-09-29 17:53:00,2672.93,2672.93,2670.62,2671.66,178.4601
2026-09-29 17:54:00,2671.65,2673.04,2671.26,2671.66,77.5345
2026-09-29 17:55:00,2671.66,2671.79,2671.07,2671.21,115.1552
2026-09-29 17:56:00,2671.22,2672.09,2671.0,2671.57,107.1005
2026-09-29 17:57:00,2671.57,2672.15,2670.79,2670.8,39.133
2026-09-29 17:58:00,2670.79,2671.24,2670.22,2671.24,118.7665
2026-09-29 17:59:00,2671.24,2673.77,2671.23,2673.76,34.7019
2026-09-29 18:00:00,2673.77,2681.92,2673.77,2681.92,668.1202
2026-09-29 18:01:00,2681.92,2683.2,2679.73,2680.5,434.8399
2026-09-29 18:02:00,2680.5,2681.91,2679.55,2680.86,128.8983
2026-09-29 18:03:00,2680.86,2680.86,2677.34,2678.01,109.0811
2026-09-29 18:04:00,2678.01,2681.71,2677.74,2681.68,154.5449
2026-09-29 18:05:00,2681.68,2682.81,2680.35,2681.98,135.4528
2026-09-29 18:06:00,2681.97,2684.71,2681.97,2684.12,208.926
2026-09-29 18:07:00,2684.11,2684.7,2680.34,2681.19,221.2465
2026-09-29 18:08:00,2681.19,2682.73,2680.63,2681.6,70.8885
2026-09-29 18:09:00,2681.6,2682.63,2679.59,2679.59,75.2397
2026-09-29 18:10:00,2679.6,2680.77,2679.47,2680.15,55.5989
2026-09-29 18:11:00,2680.15,2681.12,2680.15,2680.46,66.8616
2026-09-29 18:12:00,2680.47,2683.5,2680.47,2683.24,74.869
2026-09-29 18:13:00,2683.25,2684.7,2682.1,2684.21,70.0849
2026-09-29 18:14:00,2684.2,2684.71,2684.1,2684.49,68.75
2026-09-29 18:15:00,2684.49,2687.19,2684.33,2686.75,185.6787
2026-09-29 18:16:00,2686.76,2688.7,2686.76,2687.22,166.4707
2026-09-29 18:17:00,2687.22,2687.23,2684.62,2685.5,112.2741
2026-09-29 18:18:00,2685.5,2685.5,2683.99,2685.27,70.0385
2026-09-29 18:19:00,2685.26,2685.27,2684.49,2684.77,53.1446
2026-09-29 18:20:00,2684.78,2685.66,2683.62,2685.55,76.2821
2026-09-29 18:21:00,2685.55,2687.27,2685.25,2687.1,79.307
2026-09-29 18:22:00,2687.1,2688.51,2686.03,2688.44,88.6381
2026-09-29 18:23:00,2688.45,2689.36,2687.88,2688.34,310.2641
2026-09-29 18:24:00,2688.34,2688.34,2687.43,2687.45,54.4619
2026-09-29 18:25:00,2687.44,2688.18,2686.15,2686.84,81.8884
2026-09-29 18:26:00,2686.84,2687.39,2685.59,2685.59,54.7676
2026-09-29 18:27:00,2685.59,2686.6,2685.56,2685.87,62.9619
2026-09-29 18:28:00,2685.87,2688.18,2685.87,2687.82,36.8196
2026-09-29 18:29:00,2687.82,2687.82,2685.53,2685.53,87.9942
2026-09-29 18:30:00,2685.53,2688.62,2685.07,2686.79,236.9713
2026-09-29 18:31:00,2686.8,2687.27,2684.5,2687.27,169.0086
2026-09-29 18:32:00,2687.26,2689.52,2687.04,2689.51,69.9938
2026-09-29 18:33:00,2689.51,2690.48,2689.29,2689.51,187.0684
2026-09-29 18:34:00,2689.5,2691.4,2689.05,2691.39,115.1581
2026-09-29 18:35:00,2691.39,2691.39,2689.72,2690.92,95.2705
2026-09-29 18:36:00,2690.93,2693.0,2690.36,2692.82,144.8397
2026-09-29 18:37:00,2692.82,2693.24,2691.68,2692.08,119.7157
2026-09-29 18:38:00,2692.07,2693.95,2692.07,2693.83,88.5187
2026-09-29 18:39:00,2693.83,2694.54,2691.75,2691.75,136.743
2026-09-29 18:40:00,2691.74,2694.3,2691.47,2694.3,122.6829
2026-09-29 18:41:00,2694.31,2695.67,2694.1,2695.67,174.5261
2026-09-29 18:42:00,2695.68,2696.36,2694.59,2696.09,167.3086
2026-09-29 18:43:00,2696.1,2696.36,2695.13,2695.47,81.4935
2026-09-29 18:44:00,2695.47,2695.68,2694.59,2694.8,84.3875
2026-09-29 18:45:00,2694.8,2696.57,2694.51,2696.49,93.3377
2026-09-29 18:46:00,2696.48,2696.48,2695.58,2696.18,50.7356
2026-09-29 18:47:00,2696.18,2696.18,2693.58,2694.22,61.4771
2026-09-29 18:48:00,2694.22,2694.62,2693.47,2694.61,76.8535
2026-09-29 18:49:00,2694.62,2694.64,2693.98,2694.63,90.0739
2026-09-29 18:50:00,2694.64,2694.93,2693.09,2694.72,117.0185
2026-09-29 18:51:00,2694.71,2695.95,2694.68,2695.94,86.8487
2026-09-29 18:52:00,2696.0,2696.97,2695.47,2696.92,159.6439
2026-09-29 18:53:00,2696.93,2697.92,2696.1,2696.74,163.294
2026-09-29 18:54:00,2696.74,2696.74,2695.19,2695.19,52.2341
2026-09-29 18:55:00,2695.19,2695.29,2694.55,2694.85,66.8731
2026-09-29 18:56:00,2694.84,2695.3,2694.41,2694.42,27.2488
2026-09-29 18:57:00,2694.41,2694.42,2693.46,2693.46,67.7111
2026-09-29 18:58:00,2693.47,2694.38,2693.08,2693.95,146.4592
2026-09-29 18:59:00,2693.96,2696.24,2693.95,2695.86,152.5688
2026-09-29 19:00:00,2695.85,2696.31,2695.33,2696.15,119.2343
2026-09-29 19:01:00,2696.15,2696.45,2694.87,2695.44,57.0142
2026-09-29 19:02:00,2695.44,2697.5,2695.11,2696.88,82.5378
2026-09-29 19:03:00,2696.88,2698.0,2696.88,2696.89,67.0115
2026-09-29 19:04:00,2696.88,2698.7,2696.33,2698.69,113.8761
2026-09-29 19:05:00,2698.69,2698.7,2696.53,2697.83,124.5374
2026-09-29 19:06:00,2697.84,2699.21,2697.83,2699.21,47.8952
2026-09-29 19:07:00,2699.2,2700.0,2699.2,2699.54,85.0428
2026-09-29 19:08:00,2699.54,2699.88,2698.67,2698.78,109.466
2026-09-29 19:09:00,2698.77,2699.1,2698.37,2698.8,98.3734
2026-09-29 19:10:00,2698.8,2699.42,2698.45,2699.42,40.9416
2026-09-29 19:11:00,2699.41,2699.44,2698.01,2698.53,242.8936
2026-09-29 19:12:00,2698.54,2698.54,2697.78,2697.96,92.9626
2026-09-29 19:13:00,2697.96,2697.99,2697.5,2697.51,33.5959
2026-09-29 19:14:00,2697.5,2698.17,2696.68,2697.03,83.2188
2026-09-29 19:15:00,2697.04,2697.98,2695.84,2696.17,68.3274
2026-09-29 19:16:00,2696.18,2696.57,2695.59,2696.4,73.9431
2026-09-29 19:17:00,2696.4,2698.17,2695.59,2698.17,105.3151
2026-09-29 19:18:00,2698.17,2699.0,2698.16,2698.28,263.2388
2026-09-29 19:19:00,2698.28,2698.41,2696.89,2698.08,73.9103
2026-09-29 19:20:00,2698.07,2698.07,2697.05,2697.05,97.6438
2026-09-29 19:21:00,2697.04,2697.05,2696.2,2696.65,53.2647
2026-09-29 19:22:00,2696.64,2696.65,2696.0,2696.65,43.1638
2026-09-29 19:23:00,2696.65,2697.65,2696.64,2697.47,55.7051
2026-09-29 19:24:00,2697.47,2698.0,2697.13,2697.92,58.5737
2026-09-29 19:25:00,2697.92,2698.59,2697.86,2697.87,65.7658
2026-09-29 19:26:00,2697.87,2697.87,2696.09,2696.5,54.2483
2026-09-29 19:27:00,2696.51,2696.51,2695.77,2696.26,68.9889
2026-09-29 19:28:00,2696.26,2696.26,2695.08,2695.09,78.2339
2026-09-29 19:29:00,2695.08,2695.43,2695.08,2695.25,49.7356
2026-09-29 19:30:00,2695.24,2695.43,2694.11,2694.99,71.1899
2026-09-29 19:31:00,2694.99,2696.32,2694.8,2694.93,67.5757
2026-09-29 19:32:00,2694.93,2697.5,2694.92,2697.23,128.5304
2026-09-29 19:33:00,2697.23,2697.23,2696.42,2696.97,67.1467
2026-09-29 19:34:00,2696.98,2696.98,2696.22,2696.71,62.2289
2026-09-29 19:35:00,2696.72,2696.92,2696.04,2696.04,53.0675
2026-09-29 19:36:00,2696.03,2696.21,2695.77,2695.83,100.0819
2026-09-29 19:37:00,2695.83,2696.57,2695.0,2695.0,63.2254
2026-09-29 19:38:00,2695.01,2696.57,2694.6,2695.78,169.4946
2026-09-29 19:39:00,2695.77,2696.29,2695.77,2695.93,207.348
2026-09-29 19:40:00,2695.92,2695.95,2693.46,2693.82,254.6337
2026-09-29 19:41:00,2693.81,2693.82,2693.53,2693.6,141.7569
2026-09-29 19:42:00,2693.61,2693.73,2692.59,2693.1,222.3631
2026-09-29 19:43:00,2693.11,2693.47,2692.9,2692.9,67.757
2026-09-29 19:44:00,2692.9,2692.9,2689.67,2689.71,474.9878
2026-09-29 19:45:00,2689.71,2689.71,2687.53,2687.53,179.7537
2026-09-29 19:46:00,2687.52,2687.94,2686.59,2687.93,292.953
2026-09-29 19:47:00,2687.93,2692.98,2687.42,2691.81,470.8631
2026-09-29 19:48:00,2691.83,2692.43,2689.53,2689.78,198.4605
2026-09-29 19:49:00,2689.78,2691.64,2689.77,2690.66,161.1361
2026-09-29 19:50:00,2690.65,2691.64,2690.03,2690.16,227.8004
2026-09-29 19:51:00,2690.15,2692.17,2689.84,2691.9,132.6579
2026-09-29 19:52:00,2691.91,2692.28,2691.28,2691.68,81.9239
2026-09-29 19:53:00,2691.68,2691.92,2689.45,2691.92,67.7232
2026-09-29 19:54:00,2691.95,2692.11,2690.61,2690.86,52.8607
2026-09-29 19:55:00,2690.86,2691.2,2689.46,2691.05,117.0472
2026-09-29 19:56:00,2691.08,2691.87,2690.35,2691.01,98.8842
2026-09-29 19:57:00,2691.08,2691.25,2690.98,2691.09,30.5441
2026-09-29 19:58:00,2691.09,2691.09,2689.56,2689.56,55.1448
2026-09-29 19:59:00,2689.55,2690.84,2689.17,2690.01,194.4518
2026-09-29 20:00:00,2690.01,2690.32,2688.99,2690.32,168.5026
2026-09-29 20:01:00,2690.33,2690.86,2687.64,2687.64,102.1311
2026-09-29 20:02:00,2687.64,2688.39,2686.74,2688.15,126.9958
2026-09-29 20:03:00,2688.15,2688.68,2687.82,2688.09,74.8686
2026-09-29 20:04:00,2688.09,2689.31,2687.76,2688.18,144.8272
2026-09-29 20:05:00,2688.18,2689.36,2687.99,2689.12,103.0188
2026-09-29 20:06:00,2689.12,2690.49,2688.69,2690.09,50.9155
2026-09-29 20:07:00,2690.1,2692.03,2690.1,2691.74,245.0083
2026-09-29 20:08:00,2691.73,2691.73,2690.66,2691.08,57.8956
2026-09-29 20:09:00,2691.09,2692.17,2688.83,2688.84,92.2009
2026-09-29 20:10:00,2688.83,2688.83,2687.02,2687.02,31.1274
2026-09-29 20:11:00,2687.02,2687.76,2686.91,2687.37,64.1182
2026-09-29 20:12:00,2687.37,2688.56,2687.31,2688.56,66.1754
2026-09-29 20:13:00,2688.61,2689.88,2688.61,2689.79,20.7432
2026-09-29 20:14:00,2689.8,2690.52,2689.53,2689.99,33.4912
2026-09-29 20:15:00,2689.99,2691.06,2689.99,2691.06,48.0035
2026-09-29 20:16:00,2691.06,2691.68,2691.05,2691.68,19.0588
2026-09-29 20:17:00,2691.69,2692.82,2691.68,2692.82,46.1649
2026-09-29 20:18:00,2692.82,2693.24,2692.65,2693.24,95.7403
2026-09-29 20:19:00,2693.25,2693.47,2693.25,2693.4,15.3052
2026-09-29 20:20:00,2693.4,2693.47,2693.39,2693.47,31.4991
2026-09-29 20:21:00,2693.47,2693.47,2693.06,2693.07,22.3393
2026-09-29 20:22:00,2693.07,2693.24,2692.65,2692.65,39.1085
2026-09-29 20:23:00,2692.65,2692.81,2692.0,2692.0,87.7847
2026-09-29 20:24:00,2691.99,2691.99,2691.57,2691.8,57.9106
2026-09-29 20:25:00,2691.81,2692.09,2691.52,2691.82,27.4705
2026-09-29 20:26:00,2691.82,2693.99,2691.82,2693.99,53.3293
2026-09-29 20:27:00,2694.0,2694.19,2693.54,2693.55,29.6297
2026-09-29 20:28:00,2693.54,2693.54,2692.05,2692.28,27.2929
2026-09-29 20:29:00,2692.28,2692.41,2692.13,2692.18,12.2487
2026-09-29 20:30:00,2692.18,2692.18,2691.37,2691.87,18.9361
2026-09-29 20:31:00,2691.87,2691.87,2690.48,2690.48,12.99
2026-09-29 20:32:00,2690.47,2690.99,2690.46,2690.99,16.8819
2026-09-29 20:33:00,2690.99,2691.54,2690.99,2691.53,20.1859
2026-09-29 20:34:00,2691.53,2691.88,2690.36,2690.36,31.4395
2026-09-29 20:35:00,2690.37,2691.47,2690.36,2691.36,27.0475
2026-09-29 20:36:00,2691.36,2691.9,2691.23,2691.3,28.5627
2026-09-29 20:37:00,2691.31,2692.03,2691.3,2692.03,22.9043
2026-09-29 20:38:00,2692.03,2692.03,2691.37,2691.37,19.0334
2026-09-29 20:39:00,2691.38,2692.81,2691.38,2692.53,39.2573
2026-09-29 20:40:00,2692.52,2692.66,2692.44,2692.44,9.7661
2026-09-29 20:41:00,2692.44,2692.66,2692.44,2692.59,23.9016
2026-09-29 20:42:00,2692.59,2692.82,2692.5,2692.8,24.0881
2026-09-29 20:43:00,2692.79,2693.0,2692.14,2692.28,37.594
2026-09-29 20:44:00,2692.28,2692.72,2692.28,2692.52,26.0475
2026-09-29 20:45:00,2692.53,2692.53,2690.99,2691.0,26.5514
2026-09-29 20:46:00,2691.0,2691.61,2690.99,2691.3,32.6808
2026-09-29 20:47:00,2691.29,2691.63,2690.67,2691.62,32.2255
2026-09-29 20:48:00,2691.62,2691.96,2691.25,2691.95,23.0976
2026-09-29 20:49:00,2691.96,2693.16,2691.95,2692.56,46.7172
2026-09-29 20:50:00,2692.57,2692.58,2691.64,2691.94,57.9921
2026-09-29 20:51:00,2691.94,2692.65,2691.94,2692.21,24.783
2026-09-29 20:52:00,2692.22,2692.53,2692.11,2692.13,90.9999
2026-09-29 20:53:00,2692.12,2692.52,2691.66,2691.66,22.9177
2026-09-29 20:54:00,2691.67,2691.92,2691.16,2691.16,22.9696
2026-09-29 20:55:00,2691.17,2691.59,2691.17,2691.58,32.6948
2026-09-29 20:56:00,2691.59,2691.59,2690.91,2690.92,27.477
2026-09-29 20:57:00,2690.91,2691.32,2690.17,2691.03,177.661
2026-09-29 20:58:00,2691.03,2691.46,2690.74,2691.09,129.3408
2026-09-29 20:59:00,2691.1,2691.12,2689.25,2689.26,170.2347
2026-09-29 21:00:00,2689.25,2689.97,2689.21,2689.96,157.7274
2026-09-29 21:01:00,2689.96,2690.55,2689.27,2689.52,485.9444
2026-09-29 21:02:00,2689.52,2689.53,2688.24,2688.24,486.8622
2026-09-29 21:03:00,2688.24,2688.83,2687.39,2687.39,612.3786
2026-09-29 21:04:00,2687.39,2689.4,2686.13,2687.57,489.1647
2026-09-29 21:05:00,2687.58,2688.11,2687.39,2687.59,49.1506
2026-09-29 21:06:00,2687.59,2689.87,2687.39,2689.41,93.6566
2026-09-29 21:07:00,2689.4,2689.4,2688.32,2688.49,286.4068
2026-09-29 21:08:00,2688.48,2688.49,2687.35,2688.1,349.0237
2026-09-29 21:09:00,2688.1,2688.68,2687.23,2688.06,568.5683
2026-09-29 21:10:00,2688.06,2688.3,2687.8,2688.29,492.8456
2026-09-29 21:11:00,2688.3,2688.68,2688.29,2688.68,56.3394
2026-09-29 21:12:00,2688.68,2688.96,2688.67,2688.69,140.015
2026-09-29 21:13:00,2688.68,2688.89,2687.4,2688.89,390.2961
2026-09-29 21:14:00,2688.88,2689.83,2688.88,2689.83,549.6207
2026-09-29 21:15:00,2689.83,2690.22,2688.11,2688.11,789.8063
2026-09-29 21:16:00,2688.12,2688.12,2688.11,2688.12,28.7185
2026-09-29 21:17:00,2688.11,2688.53,2688.11,2688.24,47.9573
2026-09-29 21:18:00,2688.23,2688.44,2686.91,2687.28,110.7166
2026-09-29 21:19:00,2687.28,2687.28,2686.62,2686.62,28.9621
2026-09-29 21:20:00,2686.63,2686.63,2684.17,2684.33,129.3883
2026-09-29 21:21:00,2684.34,2684.4,2683.47,2683.78,387.5128
2026-09-29 21:22:00,2683.77,2683.78,2682.81,2682.81,214.0014
2026-09-29 21:23:00,2682.82,2683.7,2681.86,2682.25,424.6829
2026-09-29 21:24:00,2682.25,2683.28,2681.87,2682.55,830.1755
2026-09-29 21:25:00,2682.55,2682.55,2680.06,2681.24,490.2326
2026-09-29 21:26:00,2681.25,2681.59,2679.0,2679.0,318.9959
2026-09-29 21:27:00,2679.0,2679.27,2677.67,2678.54,619.5938
2026-09-29 21:28:00,2678.54,2679.3,2678.53,2678.54,139.3155
2026-09-29 21:29:00,2678.53,2680.53,2678.03,2679.33,619.8234
2026-09-29 21:30:00,2679.34,2680.11,2678.89,2679.82,447.4587
2026-09-29 21:31:00,2679.82,2680.4,2679.62,2679.63,175.7325
2026-09-29 21:32:00,2679.62,2679.95,2678.69,2679.62,235.7813
2026-09-29 21:33:00,2679.62,2680.88,2678.87,2680.6,286.6244
2026-09-29 21:34:00,2680.61,2680.61,2679.94,2680.22,103.3175
2026-09-29 21:35:00,2680.21,2680.21,2679.23,2679.24,137.9011
2026-09-29 21:36:00,2679.23,2680.03,2679.23,2680.02,160.168
2026-09-29 21:37:00,2680.02,2680.02,2678.92,2679.12,199.7114
2026-09-29 21:38:00,2679.12,2679.31,2678.04,2679.3,448.0243
2026-09-29 21:39:00,2679.3,2680.63,2679.3,2680.56,153.329
2026-09-29 21:40:00,2680.56,2681.59,2680.36,2681.18,89.7099
2026-09-29 21:41:00,2681.18,2681.19,2680.97,2680.97,6.8701
2026-09-29 21:42:00,2680.97,2681.69,2680.97,2681.68,51.205
2026-09-29 21:43:00,2681.69,2681.69,2680.7,2680.7,168.674
2026-09-29 21:44:00,2680.71,2681.08,2680.19,2680.55,69.2916
2026-09-29 21:45:00,2680.55,2680.55,2678.32,2678.55,146.8396
2026-09-29 21:46:00,2678.56,2678.56,2678.0,2678.2,35.1101
2026-09-29 21:47:00,2678.21,2678.28,2678.08,2678.28,23.5525
2026-09-29 21:48:00,2678.27,2678.28,2678.27,2678.27,37.6239
2026-09-29 21:49:00,2678.27,2678.54,2678.27,2678.54,54.1521
2026-09-29 21:50:00,2678.54,2678.75,2676.96,2677.6,1042.9077
2026-09-29 21:51:00,2677.6,2678.33,2677.59,2678.33,478.3306
2026-09-29 21:52:00,2678.33,2678.75,2678.23,2678.75,105.0316
2026-09-29 21:53:00,2678.75,2679.15,2678.74,2678.75,93.7557
2026-09-29 21:54:00,2678.74,2678.94,2678.12,2678.63,85.8631
2026-09-29 21:55:00,2678.63,2678.63,2678.46,2678.46,41.7298
2026-09-29 21:56:00,2678.47,2678.47,2677.6,2677.6,46.2721
2026-09-29 21:57:00,2677.6,2677.79,2677.28,2677.79,17.3762
2026-09-29 21:58:00,2677.79,2678.95,2677.78,2678.77,107.8114
2026-09-29 21:59:00,2678.77,2679.44,2678.76,2679.44,8.7875
2026-09-29 22:00:00,2679.44,2681.67,2678.9,2681.67,148.7848
2026-09-29 22:01:00,2681.67,2683.28,2681.44,2683.28,106.9739
2026-09-29 22:02:00,2683.27,2683.56,2683.27,2683.56,72.3173
2026-09-29 22:03:00,2683.56,2684.39,2683.55,2684.39,66.7458
2026-09-29 22:04:00,2684.4,2686.08,2684.14,2684.9,168.5318
2026-09-29 22:05:00,2684.9,2685.41,2682.35,2683.07,142.6374
2026-09-29 22:06:00,2683.06,2683.57,2681.9,2681.9,34.459
2026-09-29 22:07:00,2681.9,2682.23,2681.89,2681.91,40.5907
2026-09-29 22:08:00,2681.92,2682.57,2680.76,2682.57,69.3074
2026-09-29 22:09:00,2682.58,2683.45,2681.83,2683.45,71.6894
2026-09-29 22:10:00,2683.45,2683.86,2682.28,2683.85,53.6907
2026-09-29 22:11:00,2683.85,2683.85,2682.84,2682.88,90.6376
2026-09-29 22:12:00,2682.87,2684.18,2682.2,2684.18,134.9842
2026-09-29 22:13:00,2684.18,2686.17,2684.17,2686.17,60.94
2026-09-29 22:14:00,2686.16,2686.16,2684.24,2684.24,71.2259
2026-09-29 22:15:00,2684.23,2684.29,2680.3,2680.59,269.1263
2026-09-29 22:16:00,2680.6,2681.92,2680.02,2680.02,115.3724
2026-09-29 22:17:00,2680.01,2680.32,2679.5,2680.32,78.379
2026-09-29 22:18:00,2680.33,2681.08,2679.78,2679.92,147.1633
2026-09-29 22:19:00,2679.92,2683.71,2679.23,2682.82,257.0134
2026-09-29 22:20:00,2682.82,2683.44,2681.31,2681.31,61.5902
2026-09-29 22:21:00,2681.31,2681.31,2680.37,2680.58,36.5081
2026-09-29 22:22:00,2680.58,2682.57,2680.27,2682.57,546.046
2026-09-29 22:23:00,2682.57,2682.95,2682.54,2682.55,20.0736
2026-09-29 22:24:00,2682.55,2683.07,2682.37,2682.39,43.7478
2026-09-29 22:25:00,2682.38,2683.02,2682.24,2683.02,22.7324
2026-09-29 22:26:00,2683.07,2683.89,2682.41,2682.41,71.1632
2026-09-29 22:27:00,2682.41,2682.78,2681.37,2681.38,54.6333
2026-09-29 22:28:00,2681.37,2681.38,2681.08,2681.09,14.151
2026-09-29 22:29:00,2681.08,2681.09,2680.6,2680.69,38.983
2026-09-29 22:30:00,2680.68,2680.68,2678.35,2678.63,179.4482
2026-09-29 22:31:00,2678.62,2679.06,2675.0,2676.78,525.8742
2026-09-29 22:32:00,2676.79,2678.96,2676.78,2677.67,63.0763
2026-09-29 22:33:00,2677.68,2678.21,2677.27,2677.28,69.4874
2026-09-29 22:34:00,2677.28,2678.71,2677.27,2678.29,38.9978
2026-09-29 22:35:00,2678.29,2678.61,2677.76,2678.6,28.4167
2026-09-29 22:36:00,2678.6,2679.32,2678.59,2678.6,24.8997
2026-09-29 22:37:00,2678.6,2680.0,2678.6,2680.0,24.5735
2026-09-29 22:38:00,2680.0,2680.0,2679.47,2679.47,38.2051
2026-09-29 22:39:00,2679.48,2679.48,2678.86,2679.39,21.2477
2026-09-29 22:40:00,2679.39,2679.39,2679.38,2679.39,6.7342
2026-09-29 22:41:00,2679.39,2680.71,2679.38,2680.71,40.9574
2026-09-29 22:42:00,2680.71,2681.49,2680.7,2681.49,44.4772
2026-09-29 22:43:00,2681.49,2681.49,2680.99,2681.0,79.6125
2026-09-29 22:44:00,2680.99,2681.49,2680.99,2681.48,14.0477
2026-09-29 22:45:00,2681.48,2682.67,2680.66,2680.66,117.9153
2026-09-29 22:46:00,2680.67,2682.05,2680.67,2681.49,104.9362
2026-09-29 22:47:00,2681.49,2681.8,2680.08,2681.07,174.0587
2026-09-29 22:48:00,2681.08,2681.6,2681.04,2681.04,87.3899
2026-09-29 22:49:00,2681.04,2681.6,2680.9,2681.53,68.8352
2026-09-29 22:50:00,2681.52,2682.57,2681.2,2682.56,66.0473
2026-09-29 22:51:00,2682.56,2682.91,2682.19,2682.91,52.1122
2026-09-29 22:52:00,2682.91,2682.91,2682.53,2682.53,18.2316
2026-09-29 22:53:00,2682.54,2682.87,2682.53,2682.87,29.5464
2026-09-29 22:54:00,2682.87,2683.57,2682.49,2682.5,60.5152
2026-09-29 22:55:00,2682.5,2683.19,2682.5,2683.19,12.3487
2026-09-29 22:56:00,2683.19,2683.19,2682.16,2682.65,32.2272
2026-09-29 22:57:00,2682.65,2682.65,2682.43,2682.45,45.5438
2026-09-29 22:58:00,2682.45,2682.45,2682.22,2682.23,18.1738
2026-09-29 22:59:00,2682.22,2682.22,2681.5,2681.83,107.6518
2026-09-29 23:00:00,2681.84,2682.18,2681.69,2681.97,74.9755
2026-09-29 23:01:00,2681.97,2682.72,2681.96,2682.54,77.1287
2026-09-29 23:02:00,2682.53,2683.79,2682.02,2682.98,137.3337
2026-09-29 23:03:00,2682.97,2684.18,2682.97,2684.18,67.7418
2026-09-29 23:04:00,2684.18,2686.15,2684.18,2686.15,113.0106
2026-09-29 23:05:00,2686.15,2687.93,2686.15,2687.92,124.6805
2026-09-29 23:06:00,2687.92,2687.92,2686.49,2687.59,204.4735
2026-09-29 23:07:00,2687.58,2688.51,2686.37,2687.77,548.2823
2026-09-29 23:08:00,2687.78,2688.45,2684.46,2684.48,387.5899
2026-09-29 23:09:00,2684.47,2685.59,2684.47,2685.59,69.0478
2026-09-29 23:10:00,2685.59,2686.44,2685.58,2686.44,97.0531
2026-09-29 23:11:00,2686.43,2686.44,2685.96,2686.29,78.4783
2026-09-29 23:12:00,2686.3,2686.35,2686.29,2686.34,23.8277
2026-09-29 23:13:00,2686.35,2687.27,2686.34,2687.27,37.8986
2026-09-29 23:14:00,2687.27,2688.0,2687.27,2687.86,45.692
2026-09-29 23:15:00,2687.85,2687.85,2686.97,2686.98,55.0398
2026-09-29 23:16:00,2686.98,2687.27,2686.28,2687.27,89.6936
2026-09-29 23:17:00,2687.26,2687.27,2686.07,2686.44,119.0867
2026-09-29 23:18:00,2686.44,2686.45,2684.68,2685.06,31.8471
2026-09-29 23:19:00,2685.05,2685.67,2684.7,2684.74,63.229
2026-09-29 23:20:00,2684.73,2684.73,2683.14,2683.15,116.4774
2026-09-29 23:21:00,2683.15,2683.15,2682.22,2682.54,365.3517
2026-09-29 23:22:00,2682.55,2682.83,2682.32,2682.61,33.8962
2026-09-29 23:23:00,2682.6,2682.61,2681.91,2682.12,38.678
2026-09-29 23:24:00,2682.11,2682.29,2681.26,2681.27,114.9635
2026-09-29 23:25:00,2681.26,2682.37,2680.84,2681.76,135.2754
2026-09-29 23:26:00,2681.76,2682.13,2681.75,2682.13,22.3863
2026-09-29 23:27:00,2682.12,2683.51,2682.12,2682.93,57.0309
2026-09-29 23:28:00,2682.93,2682.93,2681.66,2681.66,20.6504
2026-09-29 23:29:00,2681.66,2681.76,2680.48,2680.95,90.3746
2026-09-29 23:30:00,2680.95,2680.95,2680.0,2680.12,45.2807
2026-09-29 23:31:00,2680.12,2680.12,2679.7,2679.71,41.0008
2026-09-29 23:32:00,2679.7,2679.71,2678.98,2678.99,28.6604
2026-09-29 23:33:00,2678.99,2679.39,2678.99,2679.39,18.2566
2026-09-29 23:34:00,2679.39,2679.39,2677.88,2678.48,168.9095
2026-09-29 23:35:00,2678.51,2679.6,2678.38,2679.23,193.1178
2026-09-29 23:36:00,2679.22,2679.41,2678.79,2678.84,22.7822
2026-09-29 23:37:00,2678.84,2679.18,2678.79,2678.79,35.2483
2026-09-29 23:38:00,2678.8,2679.11,2678.56,2678.95,141.5216
2026-09-29 23:39:00,2678.95,2679.63,2678.71,2679.62,39.6953
2026-09-29 23:40:00,2679.63,2679.63,2679.16,2679.16,17.7372
2026-09-29 23:41:00,2679.16,2679.16,2677.17,2677.28,138.8897
2026-09-29 23:42:00,2677.28,2677.29,2676.74,2676.75,45.6845
2026-09-29 23:43:00,2676.74,2676.75,2675.81,2675.81,64.9529
2026-09-29 23:44:00,2675.8,2677.6,2675.8,2677.59,83.9631
2026-09-29 23:45:00,2677.6,2678.85,2677.59,2678.38,159.7427
2026-09-29 23:46:00,2678.37,2678.96,2678.37,2678.66,72.9935
2026-09-29 23:47:00,2678.67,2679.31,2678.3,2679.3,19.4764
2026-09-29 23:48:00,2679.3,2679.3,2678.0,2678.95,36.4827
2026-09-29 23:49:00,2678.96,2679.17,2678.96,2679.15,5.4661
2026-09-29 23:50:00,2679.15,2679.31,2678.95,2679.18,28.8309
2026-09-29 23:51:00,2679.17,2679.17,2678.38,2678.98,25.3162
2026-09-29 23:52:00,2678.97,2679.04,2678.61,2679.04,16.1404
2026-09-29 23:53:00,2679.03,2679.04,2678.0,2678.0,27.566
2026-09-29 23:54:00,2678.0,2678.0,2677.2,2677.67,121.0658
2026-09-29 23:55:00,2677.68,2677.98,2677.67,2677.97,20.214
2026-09-29 23:56:00,2677.98,2678.29,2677.85,2677.86,14.0118
2026-09-29 23:57:00,2677.86,2677.86,2677.57,2677.58,39.4235
2026-09-29 23:58:00,2677.58,2677.8,2677.58,2677.8,14.4115
2026-09-29 23:59:00,2677.79,2677.98,2677.79,2677.98,42.2143
2026-09-30 00:00:00,2677.98,2679.0,2677.97,2678.03,62.7072
2026-09-30 00:01:00,2678.04,2678.35,2677.51,2677.8,69.8782
2026-09-30 00:02:00,2677.8,2679.93,2677.6,2679.23,74.6349
2026-09-30 00:03:00,2679.23,2679.44,2678.23,2679.11,60.9045
2026-09-30 00:04:00,2679.1,2679.1,2676.63,2677.91,122.6926
2026-09-30 00:05:00,2677.92,2679.32,2677.36,2678.71,75.0826
2026-09-30 00:06:00,2678.71,2679.13,2677.48,2677.76,29.4084
2026-09-30 00:07:00,2677.76,2677.76,2676.81,2677.44,34.5249
2026-09-30 00:08:00,2677.44,2677.44,2675.56,2675.57,102.6636
2026-09-30 00:09:00,2675.56,2675.85,2675.02,2675.02,46.8463
2026-09-30 00:10:00,2675.03,2675.04,2674.34,2674.34,239.5346
2026-09-30 00:11:00,2674.35,2674.35,2670.46,2671.78,724.8671
2026-09-30 00:12:00,2671.77,2671.79,2671.17,2671.79,107.8039
2026-09-30 00:13:00,2671.78,2672.64,2671.78,2671.91,37.4877
2026-09-30 00:14:00,2671.91,2672.29,2671.9,2671.92,15.0359
2026-09-30 00:15:00,2671.93,2672.28,2671.41,2672.28,32.5716
2026-09-30 00:16:00,2672.28,2672.36,2672.27,2672.28,34.1314
2026-09-30 00:17:00,2672.28,2672.68,2670.85,2670.85,129.4462
2026-09-30 00:18:00,2670.85,2670.86,2670.04,2670.05,132.9544
2026-09-30 00:19:00,2670.04,2670.41,2669.8,2669.98,184.0471
2026-09-30 00:20:00,2669.99,2669.99,2668.6,2668.9,253.7701
2026-09-30 00:21:00,2668.89,2669.56,2668.28,2669.24,110.5596
2026-09-30 00:22:00,2669.25,2669.55,2668.74,2668.77,70.1099
2026-09-30 00:23:00,2668.77,2668.97,2668.49,2668.97,44.0602
2026-09-30 00:24:00,2668.97,2670.23,2668.97,2669.08,297.6521
2026-09-30 00:25:00,2669.08,2670.83,2668.68,2670.56,70.1383
2026-09-30 00:26:00,2670.56,2671.44,2669.05,2671.43,123.1386
2026-09-30 00:27:00,2671.44,2672.58,2670.8,2671.43,350.5243
2026-09-30 00:28:00,2671.43,2674.09,2671.43,2674.09,97.7973
2026-09-30 00:29:00,2674.09,2674.3,2673.41,2673.41,71.8287
2026-09-30 00:30:00,2673.41,2673.94,2672.73,2673.43,161.1521
2026-09-30 00:31:00,2673.43,2673.73,2672.01,2673.73,63.334
2026-09-30 00:32:00,2673.73,2673.74,2672.21,2673.72,74.9001
2026-09-30 00:33:00,2673.72,2674.3,2673.71,2674.3,16.2758
2026-09-30 00:34:00,2674.3,2675.69,2674.21,2675.69,46.5544
2026-09-30 00:35:00,2675.69,2676.09,2673.58,2674.51,49.6169
2026-09-30 00:36:00,2674.52,2674.54,2671.78,2671.78,35.8238
2026-09-30 00:37:00,2671.78,2671.79,2670.66,2671.78,64.3032
2026-09-30 00:38:00,2671.79,2671.79,2671.21,2671.56,44.6876
2026-09-30 00:39:00,2671.57,2671.77,2671.11,2671.38,18.5635
2026-09-30 00:40:00,2671.39,2672.86,2671.0,2672.22,57.76
2026-09-30 00:41:00,2672.23,2673.33,2672.22,2672.73,59.1542
2026-09-30 00:42:00,2672.74,2672.74,2671.12,2671.78,29.5397
2026-09-30 00:43:00,2671.79,2671.79,2670.12,2670.12,23.6219
2026-09-30 00:44:00,2670.13,2670.9,2670.12,2670.62,38.9561
2026-09-30 00:45:00,2670.62,2670.75,2668.97,2669.15,48.8488
2026-09-30 00:46:00,2669.14,2670.65,2668.68,2670.57,146.1269
2026-09-30 00:47:00,2670.56,2671.27,2669.37,2669.4,199.6457
2026-09-30 00:48:00,2669.4,2669.4,2668.39,2668.4,98.6433
2026-09-30 00:49:00,2668.4,2669.43,2668.08,2668.53,511.5171
2026-09-30 00:50:00,2668.53,2668.73,2668.27,2668.27,65.0437
2026-09-30 00:51:00,2668.27,2668.32,2668.27,2668.31,48.2624
2026-09-30 00:52:00,2668.32,2669.05,2668.32,2668.65,78.4381
2026-09-30 00:53:00,2668.64,2668.66,2668.33,2668.65,34.5663
2026-09-30 00:54:00,2668.65,2669.71,2668.49,2668.75,63.4285
2026-09-30 00:55:00,2668.75,2670.5,2668.64,2670.23,69.1763
2026-09-30 00:56:00,2670.24,2671.39,2670.16,2670.93,129.7044
2026-09-30 00:57:00,2670.94,2673.62,2670.92,2673.61,71.601
2026-09-30 00:58:00,2673.62,2673.62,2671.89,2672.89,98.9812
2026-09-30 00:59:00,2672.9,2672.9,2671.82,2672.62,91.5035
2026-09-30 01:00:00,2672.62,2672.62,2670.84,2671.36,51.9246
2026-09-30 01:01:00,2671.36,2672.12,2670.44,2671.57,166.5025
2026-09-30 01:02:00,2671.57,2673.7,2671.39,2673.68,100.1042
2026-09-30 01:03:00,2673.68,2673.68,2672.24,2673.23,60.9265
2026-09-30 01:04:00,2673.23,2673.23,2671.78,2671.78,75.0502
2026-09-30 01:05:00,2671.79,2673.27,2671.78,2673.27,37.2951
2026-09-30 01:06:00,2673.27,2673.27,2672.13,2672.13,29.3336
2026-09-30 01:07:00,2672.12,2672.12,2670.97,2671.78,107.9499
2026-09-30 01:08:00,2671.79,2671.79,2671.08,2671.78,40.986
2026-09-30 01:09:00,2671.79,2674.39,2671.79,2674.31,78.1966
2026-09-30 01:10:00,2674.31,2674.51,2672.15,2672.69,126.3572
2026-09-30 01:11:00,2672.7,2674.96,2672.7,2674.61,28.5249
2026-09-30 01:12:00,2674.61,2674.88,2672.66,2672.66,24.9256
2026-09-30 01:13:00,2672.65,2672.8,2671.78,2672.32,40.2118
2026-09-30 01:14:00,2672.32,2672.78,2672.22,2672.77,41.4519
2026-09-30 01:15:00,2672.78,2673.26,2672.3,2672.94,64.8716
2026-09-30 01:16:00,2672.94,2673.79,2672.75,2673.07,43.748
2026-09-30 01:17:00,2673.07,2674.12,2672.57,2672.96,42.6647
2026-09-30 01:18:00,2672.97,2673.09,2672.31,2672.32,37.4202
2026-09-30 01:19:00,2672.32,2672.56,2672.0,2672.17,56.1611
2026-09-30 01:20:00,2672.17,2672.52,2672.17,2672.39,24.7599
2026-09-30 01:21:00,2672.4,2673.84,2672.29,2672.93,58.6353
2026-09-30 01:22:00,2672.93,2673.53,2672.53,2673.21,131.3598
2026-09-30 01:23:00,2673.22,2675.34,2673.21,2675.27,81.7093
2026-09-30 01:24:00,2675.28,2676.03,2674.92,2676.03,88.9934
2026-09-30 01:25:00,2676.03,2677.08,2675.96,2676.71,253.2247
2026-09-30 01:26:00,2676.71,2676.74,2675.58,2676.0,134.1113
2026-09-30 01:27:00,2676.0,2676.0,2674.23,2674.24,63.733
2026-09-30 01:28:00,2674.23,2674.24,2673.48,2673.99,48.4595
2026-09-30 01:29:00,2673.98,2673.99,2672.24,2672.24,24.0277
2026-09-30 01:30:00,2672.24,2672.68,2669.05,2671.69,310.6926
2026-09-30 01:31:00,2671.68,2671.89,2668.69,2668.84,214.5409
2026-09-30 01:32:00,2668.83,2669.9,2668.69,2669.9,55.8877
2026-09-30 01:33:00,2669.89,2670.3,2668.68,2670.12,54.3983
2026-09-30 01:34:00,2670.13,2670.97,2669.0,2669.0,28.5657
2026-09-30 01:35:00,2669.0,2670.82,2668.76,2670.06,443.8543
2026-09-30 01:36:00,2670.06,2670.8,2669.4,2670.07,64.8982
2026-09-30 01:37:00,2670.07,2670.81,2669.28,2669.6,61.1368
2026-09-30 01:38:00,2669.59,2669.92,2668.68,2668.68,152.2983
2026-09-30 01:39:00,2668.69,2669.82,2668.68,2669.82,48.2952
2026-09-30 01:40:00,2669.82,2670.0,2669.36,2669.36,29.2671
2026-09-30 01:41:00,2669.36,2669.92,2668.99,2669.92,37.3189
2026-09-30 01:42:00,2669.91,2670.89,2669.67,2670.82,69.3222
2026-09-30 01:43:00,2670.81,2672.0,2670.81,2672.0,26.3433
2026-09-30 01:44:00,2671.99,2672.89,2671.99,2672.24,95.7618
2026-09-30 01:45:00,2672.24,2672.76,2670.97,2671.19,48.8069
2026-09-30 01:46:00,2671.2,2673.55,2671.2,2673.23,61.064
2026-09-30 01:47:00,2673.23,2673.34,2671.79,2672.86,80.2831
2026-09-30 01:48:00,2672.87,2673.61,2671.46,2672.35,1175.4843
2026-09-30 01:49:00,2672.35,2674.85,2672.12,2674.05,379.4751
2026-09-30 01:50:00,2674.05,2674.23,2672.97,2674.23,76.039
2026-09-30 01:51:00,2674.23,2675.57,2673.49,2675.19,513.6761
2026-09-30 01:52:00,2675.19,2676.84,2673.96,2673.96,436.254
2026-09-30 01:53:00,2673.97,2673.97,2672.47,2672.89,111.4266
2026-09-30 01:54:00,2672.89,2673.65,2672.22,2673.24,75.0164
2026-09-30 01:55:00,2673.23,2673.23,2671.03,2671.13,198.0639
2026-09-30 01:56:00,2671.13,2671.92,2671.13,2671.35,32.5438
2026-09-30 01:57:00,2671.35,2673.3,2671.06,2673.18,703.3133
2026-09-30 01:58:00,2673.18,2673.18,2671.66,2671.66,43.6897
2026-09-30 01:59:00,2671.66,2672.72,2671.66,2672.57,83.3171
2026-09-30 02:00:00,2672.58,2674.28,2671.47,2673.83,63.1075
2026-09-30 02:01:00,2673.83,2674.81,2673.46,2674.81,48.6377
2026-09-30 02:02:00,2674.8,2674.8,2672.52,2672.52,45.399
2026-09-30 02:03:00,2672.52,2674.02,2672.24,2672.9,42.1657
2026-09-30 02:04:00,2672.91,2674.79,2672.91,2674.78,68.0156
2026-09-30 02:05:00,2674.78,2675.37,2674.39,2674.4,54.24
2026-09-30 02:06:00,2674.4,2675.77,2674.4,2675.77,34.9403
2026-09-30 02:07:00,2675.78,2678.32,2675.78,2677.75,174.9914
2026-09-30 02:08:00,2677.74,2677.98,2675.88,2675.89,87.4463
2026-09-30 02:09:00,2675.88,2675.88,2673.57,2674.68,276.0281
2026-09-30 02:10:00,2674.67,2674.67,2672.86,2673.48,97.1953
2026-09-30 02:11:00,2673.49,2673.49,2672.86,2673.46,105.7362
2026-09-30 02:12:00,2673.45,2673.46,2671.89,2671.9,108.4254
2026-09-30 02:13:00,2671.89,2673.89,2671.13,2672.99,119.0397
2026-09-30 02:14:00,2672.98,2672.99,2671.89,2672.07,43.2835
2026-09-30 02:15:00,2672.08,2672.41,2670.76,2672.41,102.8821
2026-09-30 02:16:00,2672.41,2672.41,2669.38,2669.39,117.1254
2026-09-30 02:17:00,2669.39,2670.41,2669.14,2669.15,164.5563
2026-09-30 02:18:00,2669.15,2670.7,2668.92,2669.01,124.4859
2026-09-30 02:19:00,2669.02,2669.37,2668.92,2668.92,61.4897
2026-09-30 02:20:00,2668.93,2669.15,2668.68,2668.92,155.5781
2026-09-30 02:21:00,2668.91,2671.79,2668.89,2671.78,61.8079
2026-09-30 02:22:00,2671.79,2672.68,2671.64,2672.68,47.4131
2026-09-30 02:23:00,2672.68,2675.19,2671.78,2671.79,118.2957
2026-09-30 02:24:00,2671.79,2672.69,2670.64,2670.64,51.1335
2026-09-30 02:25:00,2670.64,2671.72,2669.99,2670.33,77.5321
2026-09-30 02:26:00,2670.32,2671.14,2669.87,2669.87,103.4329
2026-09-30 02:27:00,2669.87,2669.87,2668.95,2668.95,26.4356
2026-09-30 02:28:00,2668.95,2668.96,2668.9,2668.91,34.8705
2026-09-30 02:29:00,2668.9,2668.95,2668.68,2668.94,49.3045
2026-09-30 02:30:00,2668.95,2670.24,2668.67,2668.67,52.9614
2026-09-30 02:31:00,2668.67,2670.26,2668.67,2669.82,85.6816
2026-09-30 02:32:00,2669.82,2669.82,2668.63,2668.64,41.3456
2026-09-30 02:33:00,2668.63,2668.64,2668.5,2668.5,49.6652
2026-09-30 02:34:00,2668.49,2669.21,2667.41,2667.51,409.1344
2026-09-30 02:35:00,2667.51,2667.89,2667.49,2667.6,69.1232
2026-09-30 02:36:00,2667.59,2667.6,2666.27,2667.46,292.5901
2026-09-30 02:37:00,2667.45,2668.73,2666.62,2666.97,221.0033
2026-09-30 02:38:00,2666.97,2667.65,2666.19,2667.47,80.2222
2026-09-30 02:39:00,2667.47,2668.69,2666.99,2668.68,48.5573
2026-09-30 02:40:00,2668.69,2672.05,2668.69,2672.04,38.8153
2026-09-30 02:41:00,2672.05,2672.52,2671.39,2672.39,111.0058
2026-09-30 02:42:00,2672.39,2672.39,2670.18,2670.18,49.8616
2026-09-30 02:43:00,2670.18,2671.18,2669.98,2670.94,28.821
2026-09-30 02:44:00,2670.94,2672.24,2670.94,2672.23,71.7221
2026-09-30 02:45:00,2672.23,2672.52,2671.3,2672.52,48.7226
2026-09-30 02:46:00,2672.51,2673.66,2672.51,2673.12,93.0073
2026-09-30 02:47:00,2673.12,2675.72,2673.11,2675.72,79.5347
2026-09-30 02:48:00,2675.71,2676.15,2674.62,2675.04,88.6314
2026-09-30 02:49:00,2675.04,2675.96,2675.0,2675.0,49.2513
2026-09-30 02:50:00,2675.0,2675.21,2674.74,2675.21,23.1749
2026-09-30 02:51:00,2675.21,2676.09,2675.21,2675.74,179.1907
2026-09-30 02:52:00,2675.67,2678.01,2675.2,2677.11,302.8244
2026-09-30 02:53:00,2677.11,2677.12,2676.55,2676.62,41.6527
2026-09-30 02:54:00,2676.62,2676.87,2676.18,2676.76,71.1132
2026-09-30 02:55:00,2676.75,2676.85,2675.91,2676.0,82.8204
2026-09-30 02:56:00,2676.0,2676.12,2674.01,2674.13,147.6251
2026-09-30 02:57:00,2674.13,2674.69,2674.13,2674.35,43.744
2026-09-30 02:58:00,2674.34,2674.7,2674.0,2674.0,43.7183
2026-09-30 02:59:00,2673.99,2674.49,2673.68,2674.49,96.5547
2026-09-30 03:00:00,2674.49,2676.25,2674.49,2674.49,134.3215
2026-09-30 03:01:00,2674.48,2674.48,2672.27,2672.27,51.6659
2026-09-30 03:02:00,2672.27,2674.11,2672.27,2673.33,100.5617
2026-09-30 03:03:00,2673.33,2674.11,2673.32,2674.11,31.9003
2026-09-30 03:04:00,2674.1,2675.49,2674.1,2674.87,39.5906
2026-09-30 03:05:00,2674.87,2675.76,2674.75,2675.75,139.4731
2026-09-30 03:06:00,2675.74,2675.74,2674.51,2674.85,23.0334
2026-09-30 03:07:00,2674.85,2674.85,2673.57,2674.0,79.9695
2026-09-30 03:08:00,2673.99,2674.0,2672.62,2673.57,58.6011
2026-09-30 03:09:00,2673.57,2674.94,2673.57,2674.6,34.9302
2026-09-30 03:10:00,2674.59,2674.88,2673.48,2673.49,30.2251
2026-09-30 03:11:00,2673.48,2673.48,2673.05,2673.06,39.3979
2026-09-30 03:12:00,2673.05,2673.81,2673.05,2673.58,65.3992
2026-09-30 03:13:00,2673.57,2673.57,2673.34,2673.35,35.79
2026-09-30 03:14:00,2673.34,2673.7,2673.3,2673.32,86.2504
2026-09-30 03:15:00,2673.32,2673.5,2673.32,2673.5,33.5165
2026-09-30 03:16:00,2673.49,2673.5,2670.0,2670.09,163.0678
2026-09-30 03:17:00,2670.09,2670.33,2669.0,2669.03,135.6384
2026-09-30 03:18:00,2669.02,2669.02,2668.08,2668.08,75.6432
2026-09-30 03:19:00,2668.08,2668.75,2668.0,2668.1,104.9476
2026-09-30 03:20:00,2668.1,2669.29,2668.08,2669.28,413.1602
2026-09-30 03:21:00,2669.29,2669.9,2669.21,2669.89,57.4787
2026-09-30 03:22:00,2669.89,2672.16,2669.89,2672.16,46.5444
2026-09-30 03:23:00,2672.15,2672.38,2671.7,2671.83,123.7064
2026-09-30 03:24:00,2671.84,2671.84,2670.76,2671.43,40.9685
2026-09-30 03:25:00,2671.44,2671.52,2670.4,2670.4,42.4283
2026-09-30 03:26:00,2670.4,2670.87,2669.68,2670.75,40.7672
2026-09-30 03:27:00,2670.76,2671.19,2670.39,2670.94,73.1593
2026-09-30 03:28:00,2670.94,2671.91,2670.94,2671.54,57.9149
2026-09-30 03:29:00,2671.55,2671.79,2671.39,2671.39,24.9059
2026-09-30 03:30:00,2671.4,2671.79,2670.42,2670.42,45.073
2026-09-30 03:31:00,2670.42,2670.43,2669.87,2669.92,28.8347
2026-09-30 03:32:00,2669.92,2670.07,2669.91,2670.06,32.5614
2026-09-30 03:33:00,2670.07,2671.79,2670.07,2671.79,39.4393
2026-09-30 03:34:00,2671.79,2671.79,2671.56,2671.78,11.6964
2026-09-30 03:35:00,2671.79,2672.37,2670.49,2670.94,44.4574
2026-09-30 03:36:00,2670.94,2672.81,2670.71,2672.8,59.3644
2026-09-30 03:37:00,2672.81,2674.14,2672.81,2673.91,27.0361
2026-09-30 03:38:00,2673.91,2674.14,2673.74,2674.14,26.4361
2026-09-30 03:39:00,2674.14,2675.48,2674.14,2675.03,122.8571
2026-09-30 03:40:00,2675.02,2675.16,2674.63,2675.15,28.1022
2026-09-30 03:41:00,2675.16,2676.35,2675.15,2675.94,145.0024
2026-09-30 03:42:00,2675.95,2676.31,2675.16,2675.16,144.68
2026-09-30 03:43:00,2675.15,2675.69,2674.64,2675.63,60.8681
2026-09-30 03:44:00,2675.63,2675.63,2674.72,2674.77,89.1691
2026-09-30 03:45:00,2674.77,2674.77,2673.16,2673.16,53.2028
2026-09-30 03:46:00,2673.16,2673.17,2672.69,2672.86,13.1477
2026-09-30 03:47:00,2672.87,2674.46,2672.86,2673.78,38.9904
2026-09-30 03:48:00,2673.79,2673.79,2673.33,2673.33,37.8496
2026-09-30 03:49:00,2673.33,2673.99,2673.07,2673.07,34.5941
2026-09-30 03:50:00,2673.08,2673.98,2672.61,2673.87,95.249
2026-09-30 03:51:00,2673.86,2673.86,2672.43,2672.43,55.2928
2026-09-30 03:52:00,2672.42,2672.43,2672.0,2672.16,104.027
2026-09-30 03:53:00,2672.16,2672.56,2671.08,2671.79,287.6621
2026-09-30 03:54:00,2671.78,2672.0,2671.78,2672.0,47.3992
2026-09-30 03:55:00,2672.0,2672.75,2671.05,2671.05,1130.0702
2026-09-30 03:56:00,2671.06,2671.47,2670.0,2670.0,167.0115
2026-09-30 03:57:00,2670.0,2670.62,2669.99,2670.0,212.7681
2026-09-30 03:58:00,2669.99,2671.33,2669.99,2671.33,593.7975
2026-09-30 03:59:00,2671.33,2672.25,2671.32,2671.55,188.388
2026-09-30 04:00:00,2671.54,2672.09,2670.77,2671.49,229.1864
2026-09-30 04:01:00,2671.5,2672.0,2671.23,2672.0,60.5244
2026-09-30 04:02:00,2671.99,2674.64,2671.99,2674.63,79.2196
2026-09-30 04:03:00,2674.62,2674.88,2674.45,2674.88,58.8106
2026-09-30 04:04:00,2674.88,2675.7,2674.73,2675.7,119.6542
2026-09-30 04:05:00,2675.7,2676.22,2675.53,2675.53,73.1315
2026-09-30 04:06:00,2675.53,2676.1,2674.28,2674.3,54.5602
2026-09-30 04:07:00,2674.3,2674.63,2673.83,2674.63,89.9576
2026-09-30 04:08:00,2674.63,2674.63,2673.62,2673.62,58.7292
2026-09-30 04:09:00,2673.62,2673.62,2672.5,2673.15,49.9051
2026-09-30 04:10:00,2673.15,2673.45,2672.92,2673.06,43.7839
2026-09-30 04:11:00,2673.05,2674.1,2673.05,2674.09,43.3146
2026-09-30 04:12:00,2674.1,2674.31,2673.85,2673.85,25.8961
2026-09-30 04:13:00,2673.85,2674.88,2673.84,2674.8,42.1191
2026-09-30 04:14:00,2674.79,2674.88,2674.14,2674.14,159.114
2026-09-30 04:15:00,2674.15,2675.63,2674.15,2675.62,34.4985
2026-09-30 04:16:00,2675.63,2675.92,2675.62,2675.73,39.8453
2026-09-30 04:17:00,2675.74,2676.0,2675.74,2676.0,15.8554
2026-09-30 04:18:00,2675.99,2676.6,2675.99,2676.59,79.9665
2026-09-30 04:19:00,2676.6,2676.6,2675.01,2675.01,134.3549
2026-09-30 04:20:00,2675.01,2675.88,2674.99,2675.19,167.1235
2026-09-30 04:21:00,2675.19,2676.45,2674.91,2676.44,59.9131
2026-09-30 04:22:00,2676.45,2676.45,2675.67,2675.67,30.0938
2026-09-30 04:23:00,2675.68,2675.68,2674.63,2674.63,26.2177
2026-09-30 04:24:00,2674.64,2674.64,2673.75,2673.75,121.6575
2026-09-30 04:25:00,2673.75,2676.15,2673.56,2675.73,182.9484
2026-09-30 04:26:00,2675.74,2675.74,2675.03,2675.04,136.0231
2026-09-30 04:27:00,2675.03,2675.04,2674.19,2674.36,32.2907
2026-09-30 04:28:00,2674.36,2674.37,2673.03,2673.03,59.0617
2026-09-30 04:29:00,2673.02,2673.22,2672.56,2672.89,91.7138
2026-09-30 04:30:00,2672.89,2673.23,2672.88,2673.23,58.0249
2026-09-30 04:31:00,2673.22,2673.22,2672.06,2672.2,43.3757
2026-09-30 04:32:00,2672.21,2672.28,2671.78,2671.79,53.5857
2026-09-30 04:33:00,2671.79,2671.79,2671.48,2671.48,41.0271
2026-09-30 04:34:00,2671.49,2671.49,2671.23,2671.23,31.9477
2026-09-30 04:35:00,2671.23,2674.03,2670.87,2674.02,279.7557
2026-09-30 04:36:00,2674.02,2674.57,2673.29,2674.14,107.3632
2026-09-30 04:37:00,2674.15,2674.27,2672.65,2673.09,73.8084
2026-09-30 04:38:00,2673.09,2673.87,2673.08,2673.35,21.763
2026-09-30 04:39:00,2673.36,2673.36,2672.97,2673.35,29.4646
2026-09-30 04:40:00,2673.35,2673.36,2672.23,2672.23,70.1464
2026-09-30 04:41:00,2672.23,2673.27,2671.96,2673.09,85.3017
2026-09-30 04:42:00,2673.09,2673.09,2672.61,2672.61,27.9663
2026-09-30 04:43:00,2672.62,2673.13,2672.62,2672.69,85.7469
2026-09-30 04:44:00,2672.69,2672.69,2672.68,2672.69,13.7915
2026-09-30 04:45:00,2672.68,2672.85,2672.68,2672.69,27.3236
2026-09-30 04:46:00,2672.69,2672.78,2672.68,2672.68,14.0953
2026-09-30 04:47:00,2672.69,2672.69,2672.68,2672.69,26.9716
2026-09-30 04:48:00,2672.69,2672.92,2672.68,2672.92,51.6258
2026-09-30 04:49:00,2672.92,2672.92,2671.59,2671.59,64.91
2026-09-30 04:50:00,2671.58,2671.72,2671.18,2671.55,87.4264
2026-09-30 04:51:00,2671.54,2671.55,2670.76,2670.76,93.7735
2026-09-30 04:52:00,2670.77,2670.77,2670.47,2670.47,95.7425
2026-09-30 04:53:00,2670.47,2671.04,2670.37,2670.37,77.5127
2026-09-30 04:54:00,2670.38,2670.38,2670.16,2670.16,14.5844
2026-09-30 04:55:00,2670.17,2670.97,2670.16,2670.96,47.8861
2026-09-30 04:56:00,2670.97,2670.97,2670.86,2670.86,61.4456
2026-09-30 04:57:00,2670.86,2670.86,2670.27,2670.27,25.4061
2026-09-30 04:58:00,2670.28,2670.73,2670.28,2670.38,68.2647
2026-09-30 04:59:00,2670.37,2670.37,2669.99,2670.0,84.7863
2026-09-30 05:00:00,2669.99,2673.54,2669.99,2673.54,98.3403
2026-09-30 05:01:00,2673.53,2674.15,2673.27,2674.15,126.2246
2026-09-30 05:02:00,2674.14,2674.7,2672.51,2672.51,77.6981
2026-09-30 05:03:00,2672.51,2673.16,2671.55,2671.55,57.9233
2026-09-30 05:04:00,2671.56,2671.79,2671.14,2671.79,50.0115
2026-09-30 05:05:00,2671.78,2671.78,2670.6,2671.63,61.3182
2026-09-30 05:06:00,2671.64,2672.97,2671.63,2672.39,45.6459
2026-09-30 05:07:00,2672.39,2672.55,2671.1,2671.1,68.2113
2026-09-30 05:08:00,2671.11,2671.11,2670.4,2670.68,113.6104
2026-09-30 05:09:00,2670.67,2671.44,2670.09,2671.06,45.0647
2026-09-30 05:10:00,2671.05,2671.05,2670.06,2670.18,58.5326
2026-09-30 05:11:00,2670.18,2670.85,2670.05,2670.45,64.9097
2026-09-30 05:12:00,2670.44,2670.91,2669.37,2669.38,68.309
2026-09-30 05:13:00,2669.37,2669.75,2668.95,2668.95,203.2326
2026-09-30 05:14:00,2668.96,2668.96,2668.68,2668.68,155.0738
2026-09-30 05:15:00,2668.68,2668.68,2667.73,2667.74,106.4548
2026-09-30 05:16:00,2667.73,2667.83,2667.03,2667.66,209.687
2026-09-30 05:17:00,2667.67,2668.06,2667.6,2667.88,73.0871
2026-09-30 05:18:00,2667.87,2669.4,2667.87,2668.83,90.057
2026-09-30 05:19:00,2668.84,2670.33,2668.58,2669.93,80.052
2026-09-30 05:20:00,2669.92,2671.11,2668.97,2670.33,89.2753
2026-09-30 05:21:00,2670.32,2670.34,2669.57,2669.63,16.6957
2026-09-30 05:22:00,2669.62,2669.97,2669.45,2669.97,84.4477
2026-09-30 05:23:00,2669.96,2671.63,2669.96,2671.62,40.1723
2026-09-30 05:24:00,2671.62,2674.1,2671.62,2674.1,77.6103
2026-09-30 05:25:00,2674.09,2675.0,2671.78,2671.79,257.3053
2026-09-30 05:26:00,2671.79,2671.79,2671.57,2671.57,73.9994
2026-09-30 05:27:00,2671.57,2673.22,2671.29,2672.14,134.9999
2026-09-30 05:28:00,2672.14,2674.14,2672.14,2674.13,95.5571
2026-09-30 05:29:00,2674.14,2675.0,2674.14,2675.0,123.1446
2026-09-30 05:30:00,2675.0,2677.98,2674.82,2677.98,245.7811
2026-09-30 05:31:00,2677.97,2679.3,2677.72,2679.29,146.1907
2026-09-30 05:32:00,2679.3,2680.62,2677.29,2677.51,318.5356
2026-09-30 05:33:00,2677.51,2677.51,2675.43,2676.7,107.4902
2026-09-30 05:34:00,2676.7,2677.61,2676.49,2677.04,252.5141
2026-09-30 05:35:00,2677.03,2679.92,2675.97,2678.27,323.282
2026-09-30 05:36:00,2678.26,2678.66,2677.27,2678.24,71.915
2026-09-30 05:37:00,2678.25,2678.25,2676.83,2677.42,169.057
2026-09-30 05:38:00,2677.42,2677.76,2676.83,2677.75,80.7136
2026-09-30 05:39:00,2677.76,2678.56,2677.59,2677.59,67.009
2026-09-30 05:40:00,2677.6,2677.6,2676.5,2676.5,83.6501
2026-09-30 05:41:00,2676.5,2677.0,2676.49,2676.88,58.9423
2026-09-30 05:42:00,2676.88,2676.89,2676.88,2676.89,16.3697
2026-09-30 05:43:00,2676.88,2677.69,2676.88,2677.69,39.686
2026-09-30 05:44:00,2677.68,2679.0,2677.68,2678.41,86.2599
2026-09-30 05:45:00,2678.42,2678.63,2678.14,2678.15,31.0106
2026-09-30 05:46:00,2678.15,2679.07,2677.56,2677.56,85.0223
2026-09-30 05:47:00,2677.56,2677.57,2677.12,2677.12,15.965
2026-09-30 05:48:00,2677.13,2677.13,2675.86,2676.03,85.8507
2026-09-30 05:49:00,2676.03,2676.04,2675.83,2675.83,16.938
2026-09-30 05:50:00,2675.83,2676.33,2675.83,2675.93,158.8233
2026-09-30 05:51:00,2675.94,2675.94,2674.45,2674.45,124.445
2026-09-30 05:52:00,2674.45,2674.45,2673.63,2673.63,75.9348
2026-09-30 05:53:00,2673.63,2673.64,2673.29,2673.3,39.6983
2026-09-30 05:54:00,2673.29,2673.3,2673.25,2673.25,28.9517
2026-09-30 05:55:00,2673.25,2673.25,2672.99,2673.03,22.4309
2026-09-30 05:56:00,2673.04,2673.43,2673.03,2673.43,24.7692
2026-09-30 05:57:00,2673.43,2674.45,2672.47,2672.47,381.0233
2026-09-30 05:58:00,2672.48,2676.07,2671.78,2675.81,318.543
2026-09-30 05:59:00,2675.81,2676.04,2674.67,2675.09,97.6546
2026-09-30 06:00:00,2675.09,2676.24,2673.6,2676.24,115.4212
2026-09-30 06:01:00,2676.25,2676.89,2674.94,2675.57,60.0158
2026-09-30 06:02:00,2675.57,2675.57,2673.9,2675.22,68.2377
2026-09-30 06:03:00,2675.23,2675.23,2673.21,2673.81,52.5496
2026-09-30 06:04:00,2673.81,2674.07,2673.05,2674.06,109.6121
2026-09-30 06:05:00,2674.07,2675.26,2673.78,2675.02,132.3909
2026-09-30 06:06:00,2675.01,2675.01,2673.42,2673.43,29.3506
2026-09-30 06:07:00,2673.43,2673.43,2672.0,2672.35,79.426
2026-09-30 06:08:00,2672.35,2672.64,2671.29,2671.51,100.9295
2026-09-30 06:09:00,2671.5,2671.79,2670.22,2670.23,178.6383
2026-09-30 06:10:00,2670.23,2671.37,2670.22,2670.92,52.1174
2026-09-30 06:11:00,2670.93,2670.93,2669.76,2669.77,192.4805
2026-09-30 06:12:00,2669.76,2669.77,2668.32,2668.48,353.5086
2026-09-30 06:13:00,2668.49,2668.49,2667.91,2667.92,72.4428
2026-09-30 06:14:00,2667.91,2668.57,2665.0,2665.69,796.7026
2026-09-30 06:15:00,2665.73,2668.0,2665.73,2666.03,321.7157
2026-09-30 06:16:00,2666.04,2667.03,2665.13,2665.98,123.3968
2026-09-30 06:17:00,2665.98,2667.16,2665.89,2666.06,88.7204
2026-09-30 06:18:00,2666.07,2667.46,2665.3,2667.23,246.101
2026-09-30 06:19:00,2667.24,2667.45,2665.88,2665.88,59.7104
2026-09-30 06:20:00,2665.89,2667.38,2665.11,2666.77,337.5741
2026-09-30 06:21:00,2666.77,2667.74,2666.77,2667.17,447.9841
2026-09-30 06:22:00,2667.17,2667.39,2665.76,2666.25,70.7909
2026-09-30 06:23:00,2666.25,2666.88,2665.84,2665.9,400.2561
2026-09-30 06:24:00,2665.9,2665.9,2664.52,2664.52,220.1074
2026-09-30 06:25:00,2664.51,2665.16,2664.45,2664.5,165.6572
2026-09-30 06:26:00,2664.49,2664.5,2663.25,2663.82,259.0961
2026-09-30 06:27:00,2663.81,2664.25,2663.64,2664.23,157.1871
2026-09-30 06:28:00,2664.23,2667.54,2664.23,2666.9,216.4056
2026-09-30 06:29:00,2666.9,2667.33,2666.0,2666.62,163.4109
2026-09-30 06:30:00,2666.61,2666.61,2664.39,2665.14,118.338
2026-09-30 06:31:00,2665.13,2665.58,2664.45,2665.13,178.5994
2026-09-30 06:32:00,2665.13,2665.13,2663.24,2664.1,113.2479
2026-09-30 06:33:00,2664.1,2664.95,2662.58,2662.58,184.8043
2026-09-30 06:34:00,2662.59,2664.14,2662.58,2664.14,122.242
2026-09-30 06:35:00,2664.13,2664.67,2663.39,2663.45,264.197
2026-09-30 06:36:00,2663.44,2664.87,2663.3,2664.09,101.628
2026-09-30 06:37:00,2664.09,2664.29,2662.65,2662.66,179.1587
2026-09-30 06:38:00,2662.66,2664.26,2662.66,2663.75,93.4859
2026-09-30 06:39:00,2663.76,2663.89,2662.0,2662.0,142.8315
2026-09-30 06:40:00,2662.01,2663.34,2660.13,2662.44,331.5021
2026-09-30 06:41:00,2662.43,2662.76,2660.0,2660.01,248.9757
2026-09-30 06:42:00,2660.01,2663.18,2660.01,2663.17,132.3705
2026-09-30 06:43:00,2663.17,2663.73,2662.25,2662.87,84.9014
2026-09-30 06:44:00,2662.88,2663.77,2662.53,2663.29,89.3522
2026-09-30 06:45:00,2663.28,2663.29,2660.15,2661.37,101.7823
2026-09-30 06:46:00,2661.37,2661.38,2660.19,2660.26,103.5515
2026-09-30 06:47:00,2660.26,2660.37,2658.82,2659.4,438.5463
2026-09-30 06:48:00,2659.4,2659.4,2657.62,2658.59,976.94
2026-09-30 06:49:00,2658.58,2659.03,2656.92,2659.02,770.3353
2026-09-30 06:50:00,2659.03,2659.91,2658.94,2658.94,175.8052
2026-09-30 06:51:00,2658.95,2661.08,2658.95,2661.08,107.8073
2026-09-30 06:52:00,2661.08,2663.01,2661.08,2663.0,155.1296
2026-09-30 06:53:00,2663.01,2663.27,2662.55,2663.27,415.8268
2026-09-30 06:54:00,2663.27,2664.28,2663.26,2664.27,63.517
2026-09-30 06:55:00,2664.28,2668.27,2664.28,2668.18,422.5942
2026-09-30 06:56:00,2668.18,2668.19,2664.35,2664.36,405.0659
2026-09-30 06:57:00,2664.36,2664.73,2664.35,2664.73,25.1382
2026-09-30 06:58:00,2664.72,2665.59,2664.72,2664.73,29.9372
2026-09-30 06:59:00,2664.72,2664.73,2662.07,2662.07,113.5085
2026-09-30 07:00:00,2662.08,2662.22,2660.22,2660.87,285.2928
2026-09-30 07:01:00,2660.87,2664.4,2660.87,2663.58,135.499
2026-09-30 07:02:00,2663.58,2665.46,2663.57,2665.04,184.5693
2026-09-30 07:03:00,2665.04,2665.59,2664.76,2664.76,80.4717
2026-09-30 07:04:00,2664.77,2664.77,2663.36,2663.36,66.8623
2026-09-30 07:05:00,2663.35,2663.35,2662.24,2663.31,162.3565
2026-09-30 07:06:00,2663.31,2663.31,2661.49,2662.49,109.6835
2026-09-30 07:07:00,2662.49,2662.93,2661.85,2662.55,56.0696
2026-09-30 07:08:00,2662.55,2663.41,2662.55,2663.29,103.5031
2026-09-30 07:09:00,2663.3,2663.46,2662.2,2663.46,41.4702
2026-09-30 07:10:00,2663.46,2663.46,2662.91,2663.31,49.2488
2026-09-30 07:11:00,2663.32,2663.32,2662.44,2662.47,37.9027
2026-09-30 07:12:00,2662.46,2662.52,2661.97,2661.98,55.1682
2026-09-30 07:13:00,2661.97,2662.43,2661.77,2662.43,100.3945
2026-09-30 07:14:00,2662.44,2663.07,2662.29,2662.3,26.3142
2026-09-30 07:15:00,2662.3,2663.39,2662.29,2663.39,98.5577
2026-09-30 07:16:00,2663.39,2665.38,2663.39,2665.38,83.7104
2026-09-30 07:17:00,2665.37,2665.59,2664.87,2665.56,69.434
2026-09-30 07:18:00,2665.55,2667.04,2665.24,2666.77,145.9236
2026-09-30 07:19:00,2666.78,2670.57,2666.78,2670.57,203.487
2026-09-30 07:20:00,2670.57,2672.34,2669.69,2670.03,166.168
2026-09-30 07:21:00,2670.03,2670.19,2669.68,2670.15,36.6501
2026-09-30 07:22:00,2670.16,2671.17,2669.45,2669.54,107.8106
2026-09-30 07:23:00,2669.53,2671.79,2669.52,2671.78,63.6559
2026-09-30 07:24:00,2671.78,2672.34,2670.41,2671.92,231.0002
2026-09-30 07:25:00,2671.91,2673.29,2671.08,2672.14,201.8396
2026-09-30 07:26:00,2672.15,2673.22,2671.6,2672.87,221.6269
2026-09-30 07:27:00,2672.88,2673.2,2671.68,2672.05,104.5618
2026-09-30 07:28:00,2672.06,2672.06,2671.19,2671.19,56.7189
2026-09-30 07:29:00,2671.19,2671.9,2670.58,2671.89,91.8821
2026-09-30 07:30:00,2671.89,2672.34,2670.21,2672.1,112.0802
2026-09-30 07:31:00,2672.1,2672.18,2670.81,2671.31,110.9735
2026-09-30 07:32:00,2671.32,2671.8,2670.81,2670.88,108.8365
2026-09-30 07:33:00,2670.88,2672.03,2670.42,2671.78,89.9711
2026-09-30 07:34:00,2671.79,2672.27,2671.66,2671.85,116.8347
2026-09-30 07:35:00,2671.86,2674.0,2671.86,2673.99,106.2612
2026-09-30 07:36:00,2673.99,2675.59,2673.99,2675.22,150.2925
2026-09-30 07:37:00,2675.22,2675.43,2674.62,2674.85,91.995
2026-09-30 07:38:00,2674.85,2675.0,2673.47,2674.29,121.3111
2026-09-30 07:39:00,2674.3,2675.03,2674.29,2674.29,95.2762
2026-09-30 07:40:00,2674.3,2675.3,2674.29,2674.88,81.5547
2026-09-30 07:41:00,2674.88,2675.01,2674.87,2675.01,53.1448
2026-09-30 07:42:00,2675.01,2675.01,2674.1,2674.54,118.828
2026-09-30 07:43:00,2674.55,2674.8,2674.55,2674.8,77.4696
2026-09-30 07:44:00,2674.8,2676.26,2674.79,2676.26,385.5538
2026-09-30 07:45:00,2676.27,2676.83,2676.26,2676.31,220.7364
2026-09-30 07:46:00,2676.32,2676.48,2674.65,2675.32,397.3696
2026-09-30 07:47:00,2675.31,2675.51,2674.1,2674.88,284.5972
2026-09-30 07:48:00,2674.88,2675.61,2674.88,2675.6,68.862
2026-09-30 07:49:00,2675.61,2676.14,2675.39,2676.14,150.4007
2026-09-30 07:50:00,2676.14,2677.31,2676.09,2677.31,157.4537
2026-09-30 07:51:00,2677.3,2677.98,2676.35,2676.84,196.9116
2026-09-30 07:52:00,2676.84,2677.5,2676.83,2677.04,84.9437
2026-09-30 07:53:00,2677.04,2677.4,2676.52,2676.82,118.1355
2026-09-30 07:54:00,2676.83,2677.1,2676.0,2676.01,100.8651
2026-09-30 07:55:00,2676.01,2676.56,2676.0,2676.0,80.3561
2026-09-30 07:56:00,2676.01,2676.01,2675.27,2675.27,120.3348
2026-09-30 07:57:00,2675.27,2675.28,2674.45,2674.66,198.6874
2026-09-30 07:58:00,2674.66,2675.22,2674.66,2675.22,200.8041
2026-09-30 07:59:00,2675.22,2675.48,2674.46,2674.87,209.0344
2026-09-30 08:00:00,2674.87,2674.87,2673.32,2673.49,101.506
2026-09-30 08:01:00,2673.5,2674.68,2673.28,2673.28,107.8061
2026-09-30 08:02:00,2673.27,2673.27,2671.92,2672.63,101.4631
2026-09-30 08:03:00,2672.63,2674.05,2672.39,2674.04,126.0808
2026-09-30 08:04:00,2674.03,2674.03,2671.39,2671.82,115.8975
2026-09-30 08:05:00,2671.84,2672.12,2670.83,2670.86,86.6985
2026-09-30 08:06:00,2670.87,2671.68,2670.86,2670.87,81.4202
2026-09-30 08:07:00,2670.86,2670.87,2669.1,2669.1,194.7745
2026-09-30 08:08:00,2669.11,2669.37,2668.94,2669.36,71.8255
2026-09-30 08:09:00,2669.36,2669.38,2668.94,2668.94,81.6652
2026-09-30 08:10:00,2668.94,2668.94,2668.0,2668.68,164.8473
2026-09-30 08:11:00,2668.68,2668.68,2667.39,2667.56,87.5436
2026-09-30 08:12:00,2667.57,2667.97,2667.56,2667.64,66.8589
2026-09-30 08:13:00,2667.63,2667.64,2667.17,2667.17,42.4175
2026-09-30 08:14:00,2667.16,2667.31,2666.91,2666.95,140.443
2026-09-30 08:15:00,2666.95,2667.39,2665.96,2667.38,86.8699
2026-09-30 08:16:00,2667.39,2668.77,2667.35,2668.77,143.6011
2026-09-30 08:17:00,2668.76,2670.62,2668.76,2670.09,150.001
2026-09-30 08:18:00,2670.09,2672.01,2670.09,2672.01,89.4771
2026-09-30 08:19:00,2672.01,2672.14,2669.07,2669.07,104.8049
2026-09-30 08:20:00,2669.07,2670.82,2668.41,2670.61,132.2273
2026-09-30 08:21:00,2670.61,2671.47,2669.74,2671.47,74.123
2026-09-30 08:22:00,2671.46,2671.47,2669.95,2669.96,95.0313
2026-09-30 08:23:00,2669.96,2670.93,2669.95,2670.04,54.0465
2026-09-30 08:24:00,2670.05,2670.05,2667.73,2669.27,217.5442
2026-09-30 08:25:00,2669.27,2669.55,2669.07,2669.07,52.5969
2026-09-30 08:26:00,2669.06,2670.08,2668.05,2669.91,84.4243
2026-09-30 08:27:00,2669.92,2670.35,2669.22,2670.35,33.8629
2026-09-30 08:28:00,2670.34,2670.73,2669.7,2670.21,92.1494
2026-09-30 08:29:00,2670.2,2670.21,2668.69,2668.7,58.2599
2026-09-30 08:30:00,2668.69,2668.85,2666.51,2666.92,355.7793
2026-09-30 08:31:00,2666.91,2666.92,2665.58,2665.67,115.3016
2026-09-30 08:32:00,2665.68,2666.02,2665.0,2665.76,876.4184
2026-09-30 08:33:00,2665.77,2666.3,2665.0,2665.0,854.3634
2026-09-30 08:34:00,2665.0,2666.92,2665.0,2666.65,248.6774
2026-09-30 08:35:00,2666.66,2667.0,2665.66,2666.09,53.2653
2026-09-30 08:36:00,2666.09,2666.52,2665.52,2665.53,44.0676
2026-09-30 08:37:00,2665.52,2666.97,2665.23,2666.57,40.0833
2026-09-30 08:38:00,2666.56,2669.46,2666.56,2669.45,59.9491
2026-09-30 08:39:00,2669.45,2670.15,2669.03,2669.55,68.494
2026-09-30 08:40:00,2669.55,2670.38,2669.37,2670.31,42.5939
2026-09-30 08:41:00,2670.31,2670.32,2668.47,2669.28,67.0139
2026-09-30 08:42:00,2669.28,2669.29,2667.8,2668.19,52.1553
2026-09-30 08:43:00,2668.18,2668.49,2667.67,2668.01,57.0149
2026-09-30 08:44:00,2668.02,2668.8,2668.01,2668.79,38.4161
2026-09-30 08:45:00,2668.8,2670.09,2668.79,2669.1,46.2642
2026-09-30 08:46:00,2669.09,2671.41,2669.09,2671.41,51.2415
2026-09-30 08:47:00,2671.42,2672.98,2671.41,2672.23,145.4294
2026-09-30 08:48:00,2672.23,2673.86,2672.2,2673.75,151.3149
2026-09-30 08:49:00,2673.75,2674.0,2672.92,2673.57,45.219
2026-09-30 08:50:00,2673.58,2674.0,2672.32,2672.65,78.686
2026-09-30 08:51:00,2672.66,2672.66,2669.77,2670.26,208.358
2026-09-30 08:52:00,2670.25,2671.15,2669.67,2669.67,50.8984
2026-09-30 08:53:00,2669.67,2669.92,2669.66,2669.67,29.1888
2026-09-30 08:54:00,2669.67,2670.36,2669.45,2669.86,44.3922
2026-09-30 08:55:00,2669.85,2670.61,2669.54,2670.61,43.3337
2026-09-30 08:56:00,2670.62,2671.11,2670.35,2671.11,27.5073
2026-09-30 08:57:00,2671.11,2671.41,2671.11,2671.41,14.3913
2026-09-30 08:58:00,2671.4,2672.27,2671.28,2671.94,29.3643
2026-09-30 08:59:00,2671.94,2671.95,2671.1,2671.11,52.4047
2026-09-30 09:00:00,2671.1,2671.71,2670.58,2671.59,33.456
2026-09-30 09:01:00,2671.6,2672.14,2671.6,2671.8,19.5079
2026-09-30 09:02:00,2671.79,2674.45,2671.7,2674.38,61.5289
2026-09-30 09:03:00,2674.38,2674.38,2673.78,2674.32,23.6851
2026-09-30 09:04:00,2674.33,2675.66,2674.32,2675.66,71.7721
2026-09-30 09:05:00,2675.65,2676.48,2675.12,2676.47,115.4431
2026-09-30 09:06:00,2676.48,2678.35,2675.8,2678.22,236.416
2026-09-30 09:07:00,2678.16,2678.16,2676.3,2676.61,25.8003
2026-09-30 09:08:00,2676.6,2678.75,2675.92,2676.02,168.0409
2026-09-30 09:09:00,2676.02,2677.98,2675.41,2677.98,183.3194
2026-09-30 09:10:00,2677.97,2680.0,2677.97,2679.2,254.4423
2026-09-30 09:11:00,2679.2,2679.22,2678.53,2678.67,158.136
2026-09-30 09:12:00,2678.68,2679.14,2677.59,2678.47,84.2416
2026-09-30 09:13:00,2678.47,2678.7,2678.2,2678.2,24.5316
2026-09-30 09:14:00,2678.2,2679.16,2678.2,2678.65,73.7793
2026-09-30 09:15:00,2678.64,2678.65,2678.27,2678.27,8.7174
2026-09-30 09:16:00,2678.28,2678.28,2677.28,2677.29,14.3447
2026-09-30 09:17:00,2677.28,2678.37,2677.28,2677.68,104.7425
2026-09-30 09:18:00,2677.67,2678.66,2677.56,2678.66,30.9585
2026-09-30 09:19:00,2678.67,2679.38,2678.41,2679.13,125.7085
2026-09-30 09:20:00,2679.12,2680.82,2678.44,2680.64,631.5884
2026-09-30 09:21:00,2680.64,2681.95,2679.93,2681.07,105.5335
2026-09-30 09:22:00,2681.08,2681.67,2680.39,2680.98,217.4982
2026-09-30 09:23:00,2680.97,2682.63,2680.97,2682.62,114.503
2026-09-30 09:24:00,2682.62,2684.6,2682.33,2684.6,187.7079
2026-09-30 09:25:00,2684.6,2685.95,2683.57,2683.85,374.9383
2026-09-30 09:26:00,2683.84,2684.04,2683.14,2683.94,65.7755
2026-09-30 09:27:00,2683.93,2686.87,2683.93,2686.86,236.49
2026-09-30 09:28:00,2686.86,2686.86,2685.83,2686.19,102.1029
2026-09-30 09:29:00,2686.18,2686.18,2685.61,2686.06,33.8995
2026-09-30 09:30:00,2686.05,2689.52,2684.7,2684.88,473.2636
2026-09-30 09:31:00,2684.88,2688.93,2684.7,2687.7,207.343
2026-09-30 09:32:00,2687.7,2699.85,2687.7,2697.65,1598.7033
2026-09-30 09:33:00,2697.66,2697.66,2693.66,2695.14,943.9064
2026-09-30 09:34:00,2695.14,2696.1,2692.92,2692.94,235.4372
2026-09-30 09:35:00,2692.93,2692.94,2689.55,2692.11,1466.9127
2026-09-30 09:36:00,2692.1,2692.85,2691.01,2691.9,165.7717
2026-09-30 09:37:00,2691.9,2691.91,2690.24,2690.48,196.3101
2026-09-30 09:38:00,2690.47,2690.97,2689.67,2690.54,232.6423
2026-09-30 09:39:00,2690.53,2690.97,2689.12,2689.12,139.536
2026-09-30 09:40:00,2689.12,2689.13,2687.44,2687.45,268.0894
2026-09-30 09:41:00,2687.44,2687.45,2686.29,2687.36,122.5526
2026-09-30 09:42:00,2687.36,2689.36,2687.14,2689.11,126.8511
2026-09-30 09:43:00,2689.1,2689.1,2687.72,2687.72,90.1368
2026-09-30 09:44:00,2687.72,2689.47,2687.72,2689.26,130.2561
2026-09-30 09:45:00,2689.25,2689.51,2687.32,2687.46,90.2813
2026-09-30 09:46:00,2687.45,2688.49,2687.18,2688.49,89.8152
2026-09-30 09:47:00,2688.49,2688.87,2687.72,2688.87,83.3736
2026-09-30 09:48:00,2688.87,2689.52,2688.87,2689.46,43.1195
2026-09-30 09:49:00,2689.46,2690.2,2688.8,2690.19,76.2895
2026-09-30 09:50:00,2690.2,2690.6,2689.48,2690.17,52.5787
2026-09-30 09:51:00,2690.17,2692.05,2690.16,2691.68,65.1735
2026-09-30 09:52:00,2691.68,2691.68,2688.87,2688.98,206.6726
2026-09-30 09:53:00,2688.97,2689.12,2688.12,2689.06,139.0539
2026-09-30 09:54:00,2689.06,2690.5,2689.06,2690.32,151.3767
2026-09-30 09:55:00,2690.22,2691.18,2690.22,2690.46,206.0689
2026-09-30 09:56:00,2690.46,2690.46,2689.41,2689.55,107.2255
2026-09-30 09:57:00,2689.54,2689.85,2689.54,2689.84,40.9143
2026-09-30 09:58:00,2689.85,2689.85,2688.28,2688.67,170.2765
2026-09-30 09:59:00,2688.68,2688.68,2688.36,2688.67,93.4487
2026-09-30 10:00:00,2688.68,2692.05,2688.67,2691.34,436.352
2026-09-30 10:01:00,2691.33,2691.9,2690.2,2690.21,122.5222
2026-09-30 10:02:00,2690.2,2690.61,2689.09,2689.86,243.9401
2026-09-30 10:03:00,2689.86,2689.87,2689.04,2689.04,122.4931
2026-09-30 10:04:00,2689.04,2690.86,2689.03,2690.02,156.2405
2026-09-30 10:05:00,2690.01,2690.14,2689.55,2690.14,78.4417
2026-09-30 10:06:00,2690.14,2690.72,2690.14,2690.32,101.8919
2026-09-30 10:07:00,2690.32,2691.26,2690.05,2690.44,100.9547
2026-09-30 10:08:00,2690.43,2691.29,2690.43,2691.29,101.5788
2026-09-30 10:09:00,2691.29,2691.6,2690.58,2690.94,116.4712
2026-09-30 10:10:00,2690.94,2690.94,2690.43,2690.94,61.9128
2026-09-30 10:11:00,2690.93,2691.29,2690.93,2691.29,62.6441
2026-09-30 10:12:00,2691.28,2691.75,2691.02,2691.6,94.2349
2026-09-30 10:13:00,2691.6,2692.05,2691.6,2691.66,156.2387
2026-09-30 10:14:00,2691.65,2693.07,2689.84,2689.84,289.704
2026-09-30 10:15:00,2689.83,2691.0,2688.79,2689.05,164.3864
2026-09-30 10:16:00,2689.05,2689.07,2687.56,2688.7,352.7188
2026-09-30 10:17:00,2688.7,2690.37,2688.7,2689.88,97.1321
2026-09-30 10:18:00,2689.87,2689.93,2688.46,2688.92,62.149
2026-09-30 10:19:00,2688.93,2690.87,2688.93,2690.37,78.7554
2026-09-30 10:20:00,2690.36,2692.1,2690.36,2692.1,46.3473
2026-09-30 10:21:00,2692.1,2694.84,2692.1,2694.02,300.4732
2026-09-30 10:22:00,2694.03,2694.03,2691.43,2691.44,115.8835
2026-09-30 10:23:00,2691.43,2692.62,2691.39,2691.55,184.799
2026-09-30 10:24:00,2691.54,2692.83,2691.54,2692.82,130.8053
2026-09-30 10:25:00,2692.83,2694.67,2692.82,2694.66,126.5319
2026-09-30 10:26:00,2694.66,2695.0,2694.38,2695.0,74.5635
2026-09-30 10:27:00,2694.99,2695.0,2692.83,2692.84,207.3793
2026-09-30 10:28:00,2692.83,2693.13,2692.4,2693.13,91.4734
2026-09-30 10:29:00,2693.13,2693.13,2693.05,2693.05,25.5135
2026-09-30 10:30:00,2693.04,2694.92,2692.93,2694.92,92.5669
2026-09-30 10:31:00,2694.93,2696.94,2694.92,2696.94,153.8777
2026-09-30 10:32:00,2696.95,2697.7,2696.47,2697.17,184.8632
2026-09-30 10:33:00,2697.17,2697.7,2696.22,2697.7,319.778
2026-09-30 10:34:00,2697.69,2697.7,2696.94,2697.15,52.2342
2026-09-30 10:35:00,2697.15,2697.26,2696.22,2696.67,205.6906
2026-09-30 10:36:00,2696.66,2697.12,2696.22,2696.25,91.4304
2026-09-30 10:37:00,2696.24,2696.61,2696.0,2696.04,148.9601
2026-09-30 10:38:00,2696.04,2697.03,2696.03,2697.03,95.0075
2026-09-30 10:39:00,2697.02,2697.03,2694.28,2694.65,205.2718
2026-09-30 10:40:00,2694.65,2694.67,2693.85,2693.88,88.6655
2026-09-30 10:41:00,2693.89,2693.89,2692.58,2692.9,142.7275
2026-09-30 10:42:00,2692.9,2694.07,2692.57,2693.33,132.4235
2026-09-30 10:43:00,2693.33,2694.06,2692.77,2694.06,76.9343
2026-09-30 10:44:00,2694.06,2694.49,2693.93,2694.11,66.7453
2026-09-30 10:45:00,2694.11,2694.49,2693.36,2693.46,69.5335
2026-09-30 10:46:00,2693.46,2693.79,2693.23,2693.28,93.1423
2026-09-30 10:47:00,2693.28,2693.98,2693.22,2693.98,73.9891
2026-09-30 10:48:00,2693.98,2694.11,2693.08,2693.85,47.9033
2026-09-30 10:49:00,2693.84,2694.62,2693.36,2693.47,67.1745
2026-09-30 10:50:00,2693.47,2694.32,2693.46,2693.91,70.134
2026-09-30 10:51:00,2693.91,2694.18,2693.57,2694.17,71.6783
2026-09-30 10:52:00,2694.18,2695.73,2694.18,2695.31,140.7548
2026-09-30 10:53:00,2695.32,2695.44,2694.75,2695.44,44.4852
2026-09-30 10:54:00,2695.43,2695.86,2695.43,2695.73,136.6849
2026-09-30 10:55:00,2695.74,2695.74,2695.06,2695.09,165.0729
2026-09-30 10:56:00,2695.1,2695.9,2694.06,2695.59,143.4577
2026-09-30 10:57:00,2695.57,2695.67,2695.26,2695.66,96.9489
2026-09-30 10:58:00,2695.66,2695.69,2695.06,2695.69,225.7898
2026-09-30 10:59:00,2695.68,2695.7,2695.59,2695.61,108.6449
2026-09-30 11:00:00,2695.6,2695.6,2691.93,2691.93,261.276
2026-09-30 11:01:00,2691.92,2691.92,2688.93,2689.49,585.0933
2026-09-30 11:02:00,2689.49,2689.49,2689.05,2689.34,79.82
2026-09-30 11:03:00,2689.34,2691.21,2689.34,2691.21,260.4045
2026-09-30 11:04:00,2691.2,2691.2,2689.86,2690.17,161.4131
2026-09-30 11:05:00,2690.17,2690.63,2689.84,2689.84,74.1442
2026-09-30 11:06:00,2689.83,2689.83,2688.19,2688.19,187.1141
2026-09-30 11:07:00,2688.2,2688.2,2685.37,2686.69,158.5418
2026-09-30 11:08:00,2686.69,2690.1,2686.68,2689.24,242.4507
2026-09-30 11:09:00,2689.23,2690.37,2688.33,2688.33,169.5455
2026-09-30 11:10:00,2688.33,2688.6,2688.25,2688.59,87.4456
2026-09-30 11:11:00,2688.59,2688.6,2687.93,2688.16,60.7278
2026-09-30 11:12:00,2688.16,2690.79,2688.16,2690.79,93.411
2026-09-30 11:13:00,2690.79,2691.67,2690.5,2690.5,119.872
2026-09-30 11:14:00,2690.5,2691.16,2689.55,2690.36,88.1397
2026-09-30 11:15:00,2690.36,2690.82,2689.9,2689.9,57.8903
2026-09-30 11:16:00,2689.9,2689.92,2689.3,2689.73,66.7389
2026-09-30 11:17:00,2689.72,2689.74,2688.66,2689.21,155.2507
2026-09-30 11:18:00,2689.2,2690.37,2689.2,2690.37,36.179
2026-09-30 11:19:00,2690.37,2691.0,2687.77,2687.77,102.3758
2026-09-30 11:20:00,2687.77,2687.99,2687.26,2687.73,124.4137
2026-09-30 11:21:00,2687.73,2688.83,2687.73,2688.05,105.9369
2026-09-30 11:22:00,2688.04,2689.7,2687.93,2689.69,71.3616
2026-09-30 11:23:00,2689.7,2694.51,2689.69,2694.51,211.9761
2026-09-30 11:24:00,2694.51,2695.79,2694.2,2694.38,157.8277
2026-09-30 11:25:00,2694.37,2695.13,2693.84,2694.99,106.0387
2026-09-30 11:26:00,2694.99,2695.14,2694.19,2694.19,71.5899
2026-09-30 11:27:00,2694.2,2694.2,2692.97,2693.26,97.116
2026-09-30 11:28:00,2693.25,2693.73,2692.58,2693.47,124.6363
2026-09-30 11:29:00,2693.46,2694.42,2693.45,2693.48,83.0553
2026-09-30 11:30:00,2693.48,2693.92,2692.79,2693.13,107.1861
2026-09-30 11:31:00,2693.12,2693.4,2691.85,2691.91,178.1938
2026-09-30 11:32:00,2691.9,2692.18,2691.84,2692.17,37.0663
2026-09-30 11:33:00,2692.18,2693.23,2692.17,2693.22,90.7718
2026-09-30 11:34:00,2693.23,2694.81,2693.22,2694.8,53.8043
2026-09-30 11:35:00,2694.8,2695.85,2694.8,2695.84,45.9876
2026-09-30 11:36:00,2695.84,2696.0,2694.34,2696.0,147.4589
2026-09-30 11:37:00,2695.99,2697.41,2695.99,2697.1,255.3871
2026-09-30 11:38:00,2697.09,2699.5,2697.09,2698.81,192.4029
2026-09-30 11:39:00,2698.82,2699.32,2697.89,2699.31,284.775
2026-09-30 11:40:00,2699.32,2699.86,2699.05,2699.86,181.0536
2026-09-30 11:41:00,2699.86,2700.0,2697.97,2697.98,501.41
2026-09-30 11:42:00,2697.97,2697.98,2696.86,2697.89,158.848
2026-09-30 11:43:00,2697.89,2699.66,2697.79,2699.34,150.8738
2026-09-30 11:44:00,2699.33,2699.66,2698.23,2699.07,63.2369
2026-09-30 11:45:00,2699.06,2699.07,2698.0,2698.01,69.9883
2026-09-30 11:46:00,2698.01,2700.0,2697.51,2698.87,246.3023
2026-09-30 11:47:00,2698.88,2698.88,2695.39,2697.11,323.2484
2026-09-30 11:48:00,2697.11,2697.43,2696.23,2696.74,57.4649
2026-09-30 11:49:00,2696.75,2697.37,2696.17,2696.86,155.9588
2026-09-30 11:50:00,2696.85,2696.88,2695.42,2695.68,114.9345
2026-09-30 11:51:00,2695.67,2696.26,2695.03,2695.53,107.9048
2026-09-30 11:52:00,2695.54,2695.85,2695.28,2695.29,69.5075
2026-09-30 11:53:00,2695.28,2696.57,2695.28,2695.91,125.1747
2026-09-30 11:54:00,2695.91,2695.91,2695.33,2695.53,48.3271
2026-09-30 11:55:00,2695.52,2695.53,2695.2,2695.34,54.2776
2026-09-30 11:56:00,2695.34,2696.27,2695.33,2695.5,94.5332
2026-09-30 11:57:00,2695.51,2696.21,2695.51,2695.94,71.5703
2026-09-30 11:58:00,2695.94,2696.46,2695.88,2696.46,42.172
2026-09-30 11:59:00,2696.46,2698.07,2696.46,2697.8,64.2462
2026-09-30 12:00:00,2697.79,2698.82,2696.89,2698.5,92.9385
2026-09-30 12:01:00,2698.5,2698.5,2696.46,2696.58,146.3478
2026-09-30 12:02:00,2696.59,2697.19,2695.51,2695.51,104.3812
2026-09-30 12:03:00,2695.51,2695.99,2695.16,2695.16,49.4831
2026-09-30 12:04:00,2695.17,2697.0,2695.16,2696.19,111.8474
2026-09-30 12:05:00,2696.19,2696.21,2694.44,2694.44,96.7235
2026-09-30 12:06:00,2694.45,2694.72,2693.46,2693.46,152.2785
2026-09-30 12:07:00,2693.47,2693.47,2692.61,2693.46,169.1445
2026-09-30 12:08:00,2693.47,2694.0,2692.87,2694.0,55.7681
2026-09-30 12:09:00,2694.0,2695.2,2693.99,2694.37,108.6532
2026-09-30 12:10:00,2694.38,2695.27,2694.37,2695.27,38.1725
2026-09-30 12:11:00,2695.27,2696.0,2695.04,2695.93,71.3601
2026-09-30 12:12:00,2695.93,2696.57,2695.8,2696.57,37.153
2026-09-30 12:13:00,2696.58,2698.28,2696.58,2697.63,94.5561
2026-09-30 12:14:00,2697.66,2699.51,2697.66,2699.51,114.3757
2026-09-30 12:15:00,2699.51,2699.66,2695.68,2696.2,164.4043
2026-09-30 12:16:00,2696.2,2696.21,2693.48,2694.53,105.2632
2026-09-30 12:17:00,2694.52,2695.71,2693.59,2694.86,70.7157
2026-09-30 12:18:00,2694.85,2695.26,2694.24,2694.83,74.3767
2026-09-30 12:19:00,2694.82,2696.07,2694.63,2694.63,87.7815
2026-09-30 12:20:00,2694.64,2695.15,2693.17,2693.47,90.2612
2026-09-30 12:21:00,2693.47,2695.69,2693.47,2695.69,99.4624
2026-09-30 12:22:00,2695.68,2698.89,2695.31,2698.89,99.4927
2026-09-30 12:23:00,2698.89,2699.0,2696.21,2696.22,136.9665
2026-09-30 12:24:00,2696.22,2698.89,2696.21,2698.38,105.3681
2026-09-30 12:25:00,2698.39,2699.99,2698.38,2698.73,131.0934
2026-09-30 12:26:00,2698.73,2699.66,2697.11,2697.11,233.4493
2026-09-30 12:27:00,2697.11,2697.62,2696.95,2697.5,119.5243
2026-09-30 12:28:00,2697.49,2697.77,2696.36,2697.71,158.6086
2026-09-30 12:29:00,2697.71,2708.2,2697.71,2703.59,1258.2736
2026-09-30 12:30:00,2703.75,2717.88,2700.1,2715.18,3002.7687
2026-09-30 12:31:00,2715.18,2722.0,2714.5,2721.63,2358.5433
2026-09-30 12:32:00,2721.62,2724.06,2717.0,2718.53,1850.5777
2026-09-30 12:33:00,2718.53,2718.55,2712.57,2714.53,1018.8264
2026-09-30 12:34:00,2714.53,2724.61,2712.85,2724.23,1267.1477
2026-09-30 12:35:00,2724.23,2729.76,2722.8,2725.36,2059.3252
2026-09-30 12:36:00,2725.35,2725.98,2721.35,2721.68,3555.0229
2026-09-30 12:37:00,2721.68,2722.41,2717.94,2720.86,2871.0539
2026-09-30 12:38:00,2720.85,2725.7,2719.63,2723.84,1396.3029
2026-09-30 12:39:00,2723.84,2728.0,2723.31,2727.72,694.8592
2026-09-30 12:40:00,2727.78,2733.0,2727.78,2730.48,2950.8946
2026-09-30 12:41:00,2730.48,2732.18,2728.97,2729.08,1091.8483
2026-09-30 12:42:00,2729.07,2729.22,2724.75,2725.02,700.832
2026-09-30 12:43:00,2725.02,2730.0,2724.85,2729.66,588.6118
2026-09-30 12:44:00,2729.66,2730.0,2728.56,2729.73,838.2178
2026-09-30 12:45:00,2729.72,2735.0,2728.79,2734.9,1535.5605
2026-09-30 12:46:00,2734.9,2736.95,2730.64,2730.64,1312.5091
2026-09-30 12:47:00,2730.63,2730.64,2726.48,2729.46,1747.3459
2026-09-30 12:48:00,2729.36,2733.95,2729.36,2733.95,628.7632
2026-09-30 12:49:00,2733.94,2735.0,2732.37,2732.64,2655.018
2026-09-30 12:50:00,2732.64,2736.99,2732.63,2736.39,1892.5691
2026-09-30 12:51:00,2736.39,2737.0,2735.01,2736.88,997.415
2026-09-30 12:52:00,2736.88,2737.79,2736.0,2737.21,617.7354
2026-09-30 12:53:00,2737.21,2737.5,2736.35,2737.18,846.0636
2026-09-30 12:54:00,2737.18,2738.0,2736.71,2737.68,429.8634
2026-09-30 12:55:00,2737.67,2738.13,2737.03,2737.92,902.7924
2026-09-30 12:56:00,2737.92,2738.51,2733.73,2734.29,1037.6556
2026-09-30 12:57:00,2734.3,2737.95,2734.3,2736.96,706.4623
2026-09-30 12:58:00,2736.96,2737.22,2734.07,2734.08,290.8869
2026-09-30 12:59:00,2734.08,2734.43,2731.0,2731.01,437.3631
2026-09-30 13:00:00,2731.0,2732.95,2730.18,2730.24,638.7284
2026-09-30 13:01:00,2730.25,2730.59,2727.53,2728.36,3190.4676
2026-09-30 13:02:00,2728.37,2729.81,2726.98,2729.36,625.4097
2026-09-30 13:03:00,2729.36,2731.84,2728.24,2731.55,580.0492
2026-09-30 13:04:00,2731.55,2731.55,2730.26,2731.12,411.2177
2026-09-30 13:05:00,2731.13,2731.57,2730.62,2731.57,388.9317
2026-09-30 13:06:00,2731.56,2733.73,2730.62,2732.1,596.0546
2026-09-30 13:07:00,2732.1,2732.63,2730.11,2730.12,416.1387
2026-09-30 13:08:00,2730.12,2733.0,2730.0,2732.11,527.1069
2026-09-30 13:09:00,2732.11,2737.0,2732.1,2736.19,907.0251
2026-09-30 13:10:00,2736.19,2736.19,2731.16,2732.37,588.7543
2026-09-30 13:11:00,2732.37,2737.34,2731.41,2736.56,529.7307
2026-09-30 13:12:00,2736.57,2737.08,2735.34,2736.31,638.7768
2026-09-30 13:13:00,2736.31,2736.72,2734.08,2735.03,505.4973
2026-09-30 13:14:00,2735.03,2735.03,2732.7,2733.73,521.4079
2026-09-30 13:15:00,2733.74,2734.96,2732.83,2734.87,403.309
2026-09-30 13:16:00,2734.88,2737.98,2734.6,2737.97,450.0972
2026-09-30 13:17:00,2737.97,2737.99,2732.34,2733.21,590.2996
2026-09-30 13:18:00,2733.22,2733.34,2731.71,2731.72,261.2875
2026-09-30 13:19:00,2731.71,2731.72,2727.62,2728.07,547.849
2026-09-30 13:20:00,2728.07,2728.07,2726.8,2728.03,526.589
2026-09-30 13:21:00,2728.04,2729.42,2725.58,2726.4,512.3719
2026-09-30 13:22:00,2726.41,2727.92,2725.58,2725.62,325.5972
2026-09-30 13:23:00,2725.62,2727.54,2725.43,2726.83,233.764
2026-09-30 13:24:00,2726.83,2726.91,2725.64,2725.88,279.7858
2026-09-30 13:25:00,2725.88,2725.88,2723.92,2723.93,294.2593
2026-09-30 13:26:00,2723.93,2726.83,2723.92,2726.82,254.1819
2026-09-30 13:27:00,2726.83,2727.22,2724.38,2724.81,315.4002
2026-09-30 13:28:00,2724.81,2724.81,2718.46,2719.62,1078.9881
2026-09-30 13:29:00,2719.63,2722.87,2719.63,2722.63,322.1124
2026-09-30 13:30:00,2722.64,2726.68,2721.3,2726.65,412.8653
2026-09-30 13:31:00,2726.66,2734.16,2726.66,2734.15,827.3871
2026-09-30 13:32:00,2734.15,2735.62,2729.1,2730.04,619.4761
2026-09-30 13:33:00,2730.03,2730.04,2724.43,2725.5,452.6814
2026-09-30 13:34:00,2725.5,2726.57,2723.09,2723.95,310.1639
2026-09-30 13:35:00,2723.94,2723.94,2704.93,2707.21,2817.9752
2026-09-30 13:36:00,2707.21,2708.03,2699.65,2707.77,1365.1672
2026-09-30 13:37:00,2707.77,2708.83,2701.82,2702.83,433.7858
2026-09-30 13:38:00,2702.83,2703.33,2695.45,2699.61,1383.6903
2026-09-30 13:39:00,2699.62,2701.34,2695.01,2697.76,1123.6174
2026-09-30 13:40:00,2697.76,2702.5,2690.0,2691.18,1078.6323
2026-09-30 13:41:00,2691.17,2697.59,2690.14,2696.86,679.7799
2026-09-30 13:42:00,2696.86,2706.32,2696.46,2704.7,784.9592
2026-09-30 13:43:00,2704.7,2705.33,2701.18,2701.18,650.2353
2026-09-30 13:44:00,2701.18,2704.0,2700.0,2703.31,528.5189
2026-09-30 13:45:00,2703.32,2705.61,2699.4,2700.32,859.6529
2026-09-30 13:46:00,2700.29,2707.0,2699.4,2707.0,782.5082
2026-09-30 13:47:00,2706.99,2709.62,2705.52,2709.01,808.1711
2026-09-30 13:48:00,2709.0,2709.0,2703.36,2704.0,371.213
2026-09-30 13:49:00,2704.0,2708.5,2703.07,2706.21,265.4851
2026-09-30 13:50:00,2706.2,2707.39,2703.87,2704.93,204.0496
2026-09-30 13:51:00,2704.99,2709.33,2704.99,2707.11,563.0254
2026-09-30 13:52:00,2707.11,2707.11,2704.58,2704.93,228.5415
2026-09-30 13:53:00,2704.93,2708.96,2703.66,2708.96,280.5499
2026-09-30 13:54:00,2708.95,2709.99,2706.63,2708.51,169.7898
2026-09-30 13:55:00,2708.5,2710.58,2706.93,2707.09,674.21
2026-09-30 13:56:00,2707.08,2708.37,2705.67,2706.7,175.1432
2026-09-30 13:57:00,2706.7,2708.96,2704.63,2706.83,246.6012
2026-09-30 13:58:00,2706.83,2707.53,2705.8,2707.15,165.7712
2026-09-30 13:59:00,2707.16,2710.0,2707.16,2710.0,175.3851
2026-09-30 14:00:00,2710.0,2710.58,2704.24,2705.1,345.5013
2026-09-30 14:01:00,2705.1,2710.09,2700.87,2701.14,490.1146
2026-09-30 14:02:00,2701.18,2705.67,2700.87,2703.46,679.5169
2026-09-30 14:03:00,2703.46,2706.29,2703.25,2706.29,256.7322
2026-09-30 14:04:00,2706.29,2710.37,2706.22,2707.96,233.9987
2026-09-30 14:05:00,2707.97,2709.53,2707.47,2709.53,186.2459
2026-09-30 14:06:00,2709.54,2713.52,2709.54,2710.14,323.1492
2026-09-30 14:07:00,2710.14,2710.15,2703.91,2704.21,448.6271
2026-09-30 14:08:00,2704.21,2704.69,2701.0,2704.47,242.0345
2026-09-30 14:09:00,2704.48,2705.52,2702.05,2704.22,171.8992
2026-09-30 14:10:00,2704.21,2704.66,2701.0,2701.01,151.1517
2026-09-30 14:11:00,2701.01,2701.27,2693.47,2698.96,842.1616
2026-09-30 14:12:00,2698.95,2705.04,2698.81,2703.27,574.2326
2026-09-30 14:13:00,2703.28,2707.0,2700.85,2701.17,666.4655
2026-09-30 14:14:00,2701.17,2705.0,2700.85,2702.43,232.83
2026-09-30 14:15:00,2702.43,2702.96,2697.82,2700.36,444.01
2026-09-30 14:16:00,2700.36,2700.67,2695.0,2696.76,388.0894
2026-09-30 14:17:00,2696.76,2697.93,2693.5,2693.92,458.4777
2026-09-30 14:18:00,2693.92,2694.66,2690.01,2692.35,465.4354
2026-09-30 14:19:00,2692.42,2694.37,2690.97,2694.24,280.9289
2026-09-30 14:20:00,2694.24,2695.73,2691.72,2695.72,196.7873
2026-09-30 14:21:00,2695.73,2696.59,2692.12,2692.12,464.5458
2026-09-30 14:22:00,2692.12,2692.12,2684.91,2685.25,1406.1301
2026-09-30 14:23:00,2685.25,2685.51,2676.31,2684.69,2150.5811
2026-09-30 14:24:00,2684.7,2685.52,2681.46,2684.04,653.985
2026-09-30 14:25:00,2684.05,2686.07,2683.73,2686.02,788.2302
2026-09-30 14:26:00,2686.03,2686.67,2684.16,2685.67,808.8509
2026-09-30 14:27:00,2685.66,2685.66,2679.56,2680.58,625.5449
2026-09-30 14:28:00,2680.58,2681.73,2677.49,2679.38,632.9557
2026-09-30 14:29:00,2679.38,2680.74,2677.33,2680.72,372.7697
2026-09-30 14:30:00,2680.73,2683.15,2678.31,2682.0,328.408
2026-09-30 14:31:00,2682.0,2682.79,2679.16,2679.16,826.2043
2026-09-30 14:32:00,2679.16,2680.01,2672.72,2673.0,1888.0026
2026-09-30 14:33:00,2673.0,2675.26,2670.0,2675.26,2135.9331
2026-09-30 14:34:00,2675.26,2676.0,2669.0,2669.01,2812.5458
2026-09-30 14:35:00,2669.01,2671.63,2668.0,2669.59,1629.3849
2026-09-30 14:36:00,2669.59,2671.76,2668.17,2668.37,1046.8968
2026-09-30 14:37:00,2668.38,2676.71,2668.37,2675.22,493.7884
2026-09-30 14:38:00,2675.21,2677.98,2675.0,2677.97,470.9341
2026-09-30 14:39:00,2677.97,2677.98,2675.0,2675.05,292.1719
2026-09-30 14:40:00,2675.05,2675.57,2671.85,2675.2,566.9665
2026-09-30 14:41:00,2675.19,2677.52,2672.1,2677.52,671.0477
2026-09-30 14:42:00,2677.52,2677.99,2676.36,2677.86,423.5592
2026-09-30 14:43:00,2677.85,2679.93,2674.87,2674.91,638.2111
2026-09-30 14:44:00,2674.91,2676.0,2673.83,2673.96,255.8927
2026-09-30 14:45:00,2673.96,2676.68,2673.25,2675.8,331.8926
2026-09-30 14:46:00,2675.79,2677.89,2675.31,2677.89,223.1324
2026-09-30 14:47:00,2677.89,2680.03,2676.99,2678.72,208.4156
2026-09-30 14:48:00,2678.72,2681.24,2678.46,2678.8,359.2529
2026-09-30 14:49:00,2678.8,2680.51,2677.68,2680.36,335.8056
2026-09-30 14:50:00,2680.37,2681.63,2679.0,2680.4,293.2303
2026-09-30 14:51:00,2680.4,2681.64,2679.61,2680.64,363.9964
2026-09-30 14:52:00,2680.64,2683.0,2680.04,2680.14,368.7851
2026-09-30 14:53:00,2680.09,2682.14,2680.03,2680.08,363.4978
2026-09-30 14:54:00,2680.09,2681.59,2679.16,2680.44,304.8628
2026-09-30 14:55:00,2680.44,2682.64,2680.32,2682.43,328.4079
2026-09-30 14:56:00,2682.45,2682.88,2680.45,2680.45,517.4945
2026-09-30 14:57:00,2680.46,2681.16,2679.75,2680.67,158.0126
2026-09-30 14:58:00,2680.66,2680.67,2678.65,2678.66,191.2057
2026-09-30 14:59:00,2678.66,2679.8,2678.17,2678.2,87.254
2026-09-30 15:00:00,2678.2,2680.87,2677.14,2680.22,335.8124
2026-09-30 15:01:00,2680.22,2681.54,2677.35,2681.54,171.304
2026-09-30 15:02:00,2681.54,2681.54,2678.57,2678.74,312.8095
2026-09-30 15:03:00,2678.75,2682.25,2678.46,2682.25,205.7626
2026-09-30 15:04:00,2682.24,2682.24,2680.55,2682.13,236.0345
2026-09-30 15:05:00,2682.15,2682.86,2681.23,2681.23,156.461
2026-09-30 15:06:00,2681.23,2681.24,2679.08,2681.07,248.8618
2026-09-30 15:07:00,2681.08,2681.08,2679.34,2679.9,118.7699
2026-09-30 15:08:00,2679.89,2680.89,2679.18,2680.31,163.7564
2026-09-30 15:09:00,2680.32,2682.78,2680.12,2681.47,249.6274
2026-09-30 15:10:00,2681.47,2684.93,2681.47,2682.74,458.0834
2026-09-30 15:11:00,2682.73,2685.55,2681.3,2681.3,262.4912
2026-09-30 15:12:00,2681.3,2682.04,2677.98,2680.95,574.6447
2026-09-30 15:13:00,2680.96,2682.93,2680.96,2681.17,198.2208
2026-09-30 15:14:00,2681.16,2682.52,2680.06,2681.0,330.1008
2026-09-30 15:15:00,2681.0,2682.41,2680.0,2681.61,174.6462
2026-09-30 15:16:00,2681.61,2683.14,2680.97,2682.78,146.9687
2026-09-30 15:17:00,2682.78,2682.78,2677.8,2677.86,144.5216
2026-09-30 15:18:00,2677.86,2677.86,2675.0,2675.0,638.3591
2026-09-30 15:19:00,2675.01,2677.15,2674.4,2675.23,485.4531
2026-09-30 15:20:00,2675.23,2676.85,2674.41,2676.09,268.317
2026-09-30 15:21:00,2676.08,2677.27,2674.55,2677.27,177.2076
2026-09-30 15:22:00,2677.28,2680.0,2677.28,2677.35,208.1662
2026-09-30 15:23:00,2677.36,2678.39,2675.92,2675.93,361.7692
2026-09-30 15:24:00,2675.93,2676.05,2672.32,2672.32,277.0372
2026-09-30 15:25:00,2672.33,2673.63,2672.0,2672.0,242.8942
2026-09-30 15:26:00,2672.0,2673.73,2671.72,2673.05,301.1044
2026-09-30 15:27:00,2673.04,2674.44,2671.85,2673.97,174.2478
2026-09-30 15:28:00,2673.96,2675.66,2673.05,2675.66,92.2406
2026-09-30 15:29:00,2675.65,2677.58,2675.65,2677.57,64.4956
2026-09-30 15:30:00,2677.58,2681.01,2677.58,2681.01,257.1427
2026-09-30 15:31:00,2681.0,2686.67,2681.0,2686.66,563.8319
2026-09-30 15:32:00,2686.66,2687.27,2684.46,2685.12,187.8395
2026-09-30 15:33:00,2685.12,2685.75,2683.36,2684.77,161.802
2026-09-30 15:34:00,2684.78,2685.07,2683.19,2683.2,131.0009
2026-09-30 15:35:00,2683.2,2684.18,2682.48,2682.48,255.6283
2026-09-30 15:36:00,2682.48,2682.75,2681.24,2681.3,118.8178
2026-09-30 15:37:00,2681.31,2687.27,2679.97,2687.26,371.7761
2026-09-30 15:38:00,2687.26,2688.66,2686.03,2687.12,458.6021
2026-09-30 15:39:00,2687.11,2688.38,2686.9,2687.72,108.5723
2026-09-30 15:40:00,2687.71,2688.65,2686.57,2687.16,141.4572
2026-09-30 15:41:00,2687.16,2687.82,2684.52,2684.52,148.0441
2026-09-30 15:42:00,2684.52,2687.87,2684.35,2687.06,228.0825
2026-09-30 15:43:00,2687.06,2687.06,2683.0,2684.67,224.613
2026-09-30 15:44:00,2684.67,2684.68,2681.07,2681.31,187.8745
2026-09-30 15:45:00,2681.31,2683.75,2680.4,2683.74,162.7791
2026-09-30 15:46:00,2683.75,2685.94,2683.37,2685.94,77.1315
2026-09-30 15:47:00,2685.94,2686.8,2685.36,2686.4,92.107
2026-09-30 15:48:00,2686.4,2689.51,2686.15,2689.5,368.865
2026-09-30 15:49:00,2689.51,2689.51,2688.19,2689.15,117.1338
2026-09-30 15:50:00,2689.15,2689.66,2687.83,2687.84,81.0113
2026-09-30 15:51:00,2687.84,2688.74,2686.89,2687.14,86.0068
2026-09-30 15:52:00,2687.14,2687.8,2686.3,2686.42,67.2076
2026-09-30 15:53:00,2686.42,2687.23,2686.16,2687.07,56.8208
2026-09-30 15:54:00,2687.07,2687.27,2685.0,2685.01,64.0972
2026-09-30 15:55:00,2685.01,2685.01,2683.3,2683.3,58.8541
2026-09-30 15:56:00,2683.3,2685.01,2683.11,2684.66,88.0951
2026-09-30 15:57:00,2684.67,2685.25,2684.0,2684.01,52.5836
2026-09-30 15:58:00,2684.01,2684.18,2683.52,2683.98,30.7878
2026-09-30 15:59:00,2683.97,2684.01,2683.27,2683.72,51.6137
2026-09-30 16:00:00,2683.73,2683.73,2682.93,2682.97,83.2367
2026-09-30 16:01:00,2682.97,2683.49,2681.98,2683.07,105.8527
2026-09-30 16:02:00,2683.08,2686.37,2683.08,2685.04,113.3132
2026-09-30 16:03:00,2685.03,2687.03,2684.4,2687.03,102.3157
2026-09-30 16:04:00,2687.03,2687.27,2686.71,2686.97,48.9837
2026-09-30 16:05:00,2686.97,2688.0,2686.72,2687.99,77.0728
2026-09-30 16:06:00,2688.0,2688.2,2687.86,2688.2,263.0236
2026-09-30 16:07:00,2688.2,2688.4,2687.46,2687.5,57.1876
2026-09-30 16:08:00,2687.49,2687.83,2687.03,2687.82,39.1242
2026-09-30 16:09:00,2687.83,2688.39,2687.82,2688.38,75.1763
2026-09-30 16:10:00,2688.39,2688.98,2687.87,2687.87,77.8772
2026-09-30 16:11:00,2687.88,2688.39,2687.12,2687.61,203.8681
2026-09-30 16:12:00,2687.6,2687.6,2685.73,2685.74,214.3702
2026-09-30 16:13:00,2685.73,2687.77,2685.73,2687.77,54.908
2026-09-30 16:14:00,2687.77,2688.96,2687.76,2688.75,57.5857
2026-09-30 16:15:00,2688.76,2689.29,2686.81,2688.23,115.99
2026-09-30 16:16:00,2688.23,2689.5,2688.23,2689.39,42.8123
2026-09-30 16:17:00,2689.39,2689.39,2688.01,2688.02,87.4581
2026-09-30 16:18:00,2688.02,2689.36,2687.27,2689.36,42.2637
2026-09-30 16:19:00,2689.37,2690.81,2689.37,2690.01,128.2587
2026-09-30 16:20:00,2690.01,2690.37,2689.05,2689.89,164.2303
2026-09-30 16:21:00,2689.9,2691.78,2689.9,2691.03,108.6872
2026-09-30 16:22:00,2691.03,2692.61,2691.03,2692.13,103.0136
2026-09-30 16:23:00,2692.13,2692.99,2692.08,2692.81,167.7916
2026-09-30 16:24:00,2692.8,2693.0,2692.41,2693.0,60.6338
2026-09-30 16:25:00,2693.0,2693.29,2692.48,2692.69,251.6868
2026-09-30 16:26:00,2692.7,2693.21,2690.69,2691.17,92.9582
2026-09-30 16:27:00,2691.17,2691.18,2688.19,2689.21,190.5952
2026-09-30 16:28:00,2689.21,2690.37,2689.01,2689.61,113.6546
2026-09-30 16:29:00,2689.61,2689.61,2688.06,2688.06,163.6109
2026-09-30 16:30:00,2688.06,2688.36,2686.48,2686.53,138.8079
2026-09-30 16:31:00,2686.54,2687.83,2686.3,2686.3,64.7866
2026-09-30 16:32:00,2686.3,2686.85,2685.34,2685.91,81.4123
2026-09-30 16:33:00,2685.91,2687.93,2685.33,2686.53,442.9497
2026-09-30 16:34:00,2686.54,2688.2,2686.53,2687.69,112.8517
2026-09-30 16:35:00,2687.69,2687.69,2685.33,2685.33,42.5679
2026-09-30 16:36:00,2685.33,2685.33,2683.66,2683.66,604.9559
2026-09-30 16:37:00,2683.66,2686.77,2683.66,2685.72,67.6741
2026-09-30 16:38:00,2685.73,2687.09,2685.15,2686.93,140.4678
2026-09-30 16:39:00,2686.93,2688.2,2686.0,2687.06,127.2381
2026-09-30 16:40:00,2687.07,2687.8,2686.63,2687.26,39.3208
2026-09-30 16:41:00,2687.27,2689.09,2687.24,2687.97,106.287
2026-09-30 16:42:00,2687.97,2689.09,2687.4,2688.36,51.1296
2026-09-30 16:43:00,2688.37,2690.8,2688.19,2690.79,87.0998
2026-09-30 16:44:00,2690.79,2692.12,2690.79,2692.04,123.5718
2026-09-30 16:45:00,2692.04,2692.12,2690.29,2691.57,54.2502
2026-09-30 16:46:00,2691.57,2693.0,2690.58,2693.0,127.4634
2026-09-30 16:47:00,2693.0,2694.89,2692.99,2693.47,206.2993
2026-09-30 16:48:00,2693.46,2693.46,2690.6,2691.04,77.0371
2026-09-30 16:49:00,2691.04,2691.49,2690.36,2690.69,70.7861
2026-09-30 16:50:00,2690.68,2692.89,2690.68,2692.17,42.947
2026-09-30 16:51:00,2692.17,2692.59,2691.68,2691.69,30.1443
2026-09-30 16:52:00,2691.68,2693.0,2691.26,2691.78,54.8434
2026-09-30 16:53:00,2691.78,2692.55,2691.78,2692.55,88.6224
2026-09-30 16:54:00,2692.55,2693.83,2692.49,2693.19,103.8746
2026-09-30 16:55:00,2693.18,2694.33,2693.11,2693.67,65.5277
2026-09-30 16:56:00,2693.66,2694.68,2693.66,2693.99,78.3515
2026-09-30 16:57:00,2693.99,2695.45,2693.98,2695.23,181.8382
2026-09-30 16:58:00,2695.23,2696.0,2694.32,2694.38,183.5881
2026-09-30 16:59:00,2694.38,2695.83,2694.38,2695.83,152.2662
2026-09-30 17:00:00,2695.83,2695.99,2694.83,2694.83,97.7319
2026-09-30 17:01:00,2694.83,2695.08,2694.32,2694.32,60.2779
2026-09-30 17:02:00,2694.32,2694.75,2694.03,2694.11,205.9531
2026-09-30 17:03:00,2694.11,2694.95,2693.7,2694.94,184.8011
2026-09-30 17:04:00,2694.93,2695.95,2692.94,2692.95,173.7295
2026-09-30 17:05:00,2692.94,2695.36,2692.71,2694.12,81.2976
2026-09-30 17:06:00,2694.12,2695.98,2693.66,2694.97,102.8713
2026-09-30 17:07:00,2694.96,2695.67,2694.23,2694.89,270.5528
2026-09-30 17:08:00,2694.9,2698.0,2694.9,2697.49,242.1744
2026-09-30 17:09:00,2697.49,2697.5,2692.94,2693.86,383.1687
2026-09-30 17:10:00,2693.86,2695.11,2693.83,2694.94,31.4932
2026-09-30 17:11:00,2694.95,2695.31,2692.3,2692.82,906.8864
2026-09-30 17:12:00,2692.82,2693.84,2692.4,2693.37,68.5032
2026-09-30 17:13:00,2693.36,2693.36,2691.6,2691.88,997.0379
2026-09-30 17:14:00,2691.88,2693.79,2691.88,2692.74,239.0428
2026-09-30 17:15:00,2692.75,2692.75,2689.41,2689.41,674.5172
2026-09-30 17:16:00,2689.41,2690.26,2688.25,2689.0,804.4285
2026-09-30 17:17:00,2689.0,2689.0,2686.89,2687.93,964.1787
2026-09-30 17:18:00,2687.94,2690.37,2686.9,2690.36,814.3303
2026-09-30 17:19:00,2690.37,2690.63,2687.94,2687.94,190.0995
2026-09-30 17:20:00,2687.95,2687.95,2686.25,2686.71,331.1731
2026-09-30 17:21:00,2686.71,2688.23,2686.48,2687.66,136.1245
2026-09-30 17:22:00,2687.65,2688.07,2685.49,2685.63,113.3667
2026-09-30 17:23:00,2685.63,2685.94,2684.93,2685.31,125.9472
2026-09-30 17:24:00,2685.32,2686.14,2685.0,2685.5,291.6675
2026-09-30 17:25:00,2685.49,2685.5,2684.45,2684.45,68.1706
2026-09-30 17:26:00,2684.46,2684.46,2681.37,2681.63,304.4312
2026-09-30 17:27:00,2681.62,2685.5,2681.62,2685.5,55.1654
2026-09-30 17:28:00,2685.5,2686.07,2684.73,2685.19,140.0356
2026-09-30 17:29:00,2685.19,2687.12,2685.18,2687.11,85.6992
2026-09-30 17:30:00,2687.12,2687.12,2685.32,2685.33,118.6734
2026-09-30 17:31:00,2685.32,2685.32,2683.57,2683.68,203.0325
2026-09-30 17:32:00,2683.67,2685.11,2683.0,2683.55,190.7909
2026-09-30 17:33:00,2683.54,2683.54,2682.07,2682.23,95.5168
2026-09-30 17:34:00,2682.23,2682.35,2680.6,2680.63,231.7468
2026-09-30 17:35:00,2680.63,2681.6,2680.0,2680.34,106.1405
2026-09-30 17:36:00,2680.33,2681.91,2680.02,2680.17,60.3026
2026-09-30 17:37:00,2680.16,2680.36,2676.71,2677.05,586.8324
2026-09-30 17:38:00,2677.06,2679.43,2676.45,2679.43,247.6897
2026-09-30 17:39:00,2679.43,2681.15,2679.43,2679.5,100.2208
2026-09-30 17:40:00,2679.5,2679.51,2678.64,2679.4,38.5365
2026-09-30 17:41:00,2679.4,2680.21,2679.1,2680.2,20.7224
2026-09-30 17:42:00,2680.2,2680.66,2679.34,2680.66,35.1838
2026-09-30 17:43:00,2680.66,2681.6,2680.66,2681.12,130.7145
2026-09-30 17:44:00,2681.11,2681.12,2679.28,2679.28,39.8533
2026-09-30 17:45:00,2679.28,2680.7,2678.15,2680.26,66.3115
2026-09-30 17:46:00,2680.25,2681.48,2680.25,2681.3,38.1795
2026-09-30 17:47:00,2681.3,2685.53,2681.3,2681.69,211.2021
2026-09-30 17:48:00,2681.7,2684.18,2681.68,2684.12,98.7991
2026-09-30 17:49:00,2684.12,2684.18,2682.85,2683.98,73.6812
2026-09-30 17:50:00,2683.98,2685.36,2683.92,2684.53,69.762
2026-09-30 17:51:00,2684.53,2684.69,2683.22,2683.22,19.3658
2026-09-30 17:52:00,2683.23,2683.52,2681.66,2681.66,49.8705
2026-09-30 17:53:00,2681.66,2681.66,2681.23,2681.44,44.411
2026-09-30 17:54:00,2681.44,2681.44,2680.21,2680.21,20.1846
2026-09-30 17:55:00,2680.21,2680.22,2679.25,2680.17,48.7722
2026-09-30 17:56:00,2680.16,2681.07,2680.16,2680.72,175.1921
2026-09-30 17:57:00,2680.72,2680.73,2680.5,2680.5,33.9619
2026-09-30 17:58:00,2680.5,2682.3,2680.49,2682.3,86.1059
2026-09-30 17:59:00,2682.29,2682.84,2682.29,2682.72,89.9202
2026-09-30 18:00:00,2682.71,2684.7,2682.08,2682.74,215.2777
2026-09-30 18:01:00,2682.74,2682.86,2681.07,2681.07,30.9685
2026-09-30 18:02:00,2681.08,2681.16,2680.02,2680.02,151.3169
2026-09-30 18:03:00,2680.03,2681.87,2680.0,2680.02,82.2381
2026-09-30 18:04:00,2680.02,2682.82,2679.48,2682.41,217.2289
2026-09-30 18:05:00,2682.4,2682.4,2680.6,2680.6,40.9551
2026-09-30 18:06:00,2680.54,2680.54,2678.23,2679.04,116.7776
2026-09-30 18:07:00,2679.05,2681.08,2678.89,2681.08,74.604
2026-09-30 18:08:00,2681.07,2682.65,2679.65,2682.65,102.8598
2026-09-30 18:09:00,2682.65,2684.12,2681.26,2683.65,57.2699
2026-09-30 18:10:00,2683.66,2683.97,2681.29,2681.53,68.9894
2026-09-30 18:11:00,2681.52,2683.64,2681.52,2683.08,57.9673
2026-09-30 18:12:00,2683.08,2683.81,2682.94,2683.81,47.5503
2026-09-30 18:13:00,2683.8,2683.8,2682.25,2682.42,55.9687
2026-09-30 18:14:00,2682.41,2682.94,2681.18,2681.18,81.8534
2026-09-30 18:15:00,2681.18,2682.04,2680.61,2681.25,113.9883
2026-09-30 18:16:00,2681.27,2682.22,2681.19,2681.2,77.3731
2026-09-30 18:17:00,2681.19,2681.35,2680.02,2680.03,45.9198
2026-09-30 18:18:00,2680.03,2681.46,2679.13,2681.45,77.4776
2026-09-30 18:19:00,2681.45,2681.91,2680.47,2681.9,110.9726
2026-09-30 18:20:00,2681.91,2682.49,2681.55,2682.42,77.9714
2026-09-30 18:21:00,2682.42,2682.42,2680.13,2680.94,190.2606
2026-09-30 18:22:00,2680.95,2681.26,2680.74,2681.08,46.633
2026-09-30 18:23:00,2681.08,2681.08,2679.16,2679.16,45.2467
2026-09-30 18:24:00,2679.17,2679.47,2678.14,2678.14,119.5009
2026-09-30 18:25:00,2678.15,2678.25,2677.54,2677.68,212.4254
2026-09-30 18:26:00,2677.68,2678.95,2677.68,2678.43,75.3441
2026-09-30 18:27:00,2678.43,2679.17,2678.23,2678.28,89.9161
2026-09-30 18:28:00,2678.29,2679.89,2678.28,2679.08,150.7043
2026-09-30 18:29:00,2679.07,2679.97,2678.92,2679.97,66.9997
2026-09-30 18:30:00,2679.96,2681.29,2679.4,2681.29,192.6985
2026-09-30 18:31:00,2681.29,2681.3,2678.31,2678.31,58.0342
2026-09-30 18:32:00,2678.3,2678.3,2677.65,2677.74,58.5006
2026-09-30 18:33:00,2677.74,2678.71,2677.1,2677.73,215.8465
2026-09-30 18:34:00,2677.7,2677.71,2676.5,2677.26,96.9381
2026-09-30 18:35:00,2677.25,2677.25,2675.55,2675.71,87.9493
2026-09-30 18:36:00,2675.7,2675.91,2674.87,2674.88,235.2126
2026-09-30 18:37:00,2674.87,2674.88,2674.41,2674.84,113.7194
2026-09-30 18:38:00,2674.84,2674.99,2674.41,2674.73,49.1151
2026-09-30 18:39:00,2674.74,2674.74,2674.14,2674.14,36.2763
2026-09-30 18:40:00,2674.15,2676.77,2673.89,2675.16,328.7252
2026-09-30 18:41:00,2675.16,2675.24,2674.32,2674.5,61.9112
2026-09-30 18:42:00,2674.49,2674.77,2674.1,2674.77,42.6405
2026-09-30 18:43:00,2674.77,2675.56,2674.18,2674.53,32.1741
2026-09-30 18:44:00,2674.53,2675.14,2674.33,2674.46,28.6473
2026-09-30 18:45:00,2674.46,2674.68,2673.8,2674.67,159.4875
2026-09-30 18:46:00,2674.67,2675.65,2674.09,2674.86,101.8787
2026-09-30 18:47:00,2674.87,2675.95,2674.72,2675.33,49.6917
2026-09-30 18:48:00,2675.33,2675.33,2674.65,2674.66,46.1932
2026-09-30 18:49:00,2674.65,2675.94,2674.65,2675.94,115.9518
2026-09-30 18:50:00,2675.95,2678.75,2675.95,2677.65,64.7332
2026-09-30 18:51:00,2677.66,2677.98,2677.3,2677.92,131.1247
2026-09-30 18:52:00,2677.92,2679.56,2677.57,2679.52,139.2662
2026-09-30 18:53:00,2679.51,2680.03,2677.73,2677.73,98.7197
2026-09-30 18:54:00,2677.72,2678.5,2677.32,2678.44,33.5963
2026-09-30 18:55:00,2678.45,2678.68,2678.06,2678.68,22.9872
2026-09-30 18:56:00,2678.67,2679.35,2678.33,2679.35,33.0859
2026-09-30 18:57:00,2679.34,2679.63,2678.65,2679.34,20.5727
2026-09-30 18:58:00,2679.35,2680.58,2679.03,2680.41,122.2542
2026-09-30 18:59:00,2680.4,2680.4,2678.5,2679.15,56.8604
2026-09-30 19:00:00,2679.16,2680.0,2678.8,2678.81,34.5715
2026-09-30 19:01:00,2678.8,2679.82,2677.46,2677.99,85.1638
2026-09-30 19:02:00,2677.99,2679.91,2677.55,2679.9,77.645
2026-09-30 19:03:00,2679.91,2680.35,2679.41,2679.49,159.1798
2026-09-30 19:04:00,2679.49,2680.05,2679.49,2680.02,69.2943
2026-09-30 19:05:00,2680.02,2680.88,2679.0,2679.01,221.7196
2026-09-30 19:06:00,2679.01,2679.12,2678.88,2678.92,58.5437
2026-09-30 19:07:00,2678.92,2679.63,2678.92,2679.62,40.7907
2026-09-30 19:08:00,2679.62,2679.63,2678.04,2678.04,61.4344
2026-09-30 19:09:00,2678.03,2678.03,2677.55,2677.55,33.6591
2026-09-30 19:10:00,2677.56,2677.56,2676.0,2676.0,20.0688
2026-09-30 19:11:00,2676.0,2676.01,2675.17,2675.17,119.8574
2026-09-30 19:12:00,2675.17,2675.18,2673.37,2674.48,179.439
2026-09-30 19:13:00,2674.48,2674.87,2673.89,2674.23,145.9777
2026-09-30 19:14:00,2674.24,2674.46,2673.9,2673.9,60.6337
2026-09-30 19:15:00,2673.89,2673.89,2672.72,2672.73,135.0863
2026-09-30 19:16:00,2672.72,2673.03,2672.72,2673.0,507.2879
2026-09-30 19:17:00,2673.0,2673.0,2670.09,2671.5,1046.0806
2026-09-30 19:18:00,2671.51,2673.25,2670.96,2673.25,118.9155
2026-09-30 19:19:00,2673.25,2675.06,2673.24,2675.06,44.9165
2026-09-30 19:20:00,2675.05,2675.34,2673.84,2674.35,75.7738
2026-09-30 19:21:00,2674.36,2676.07,2674.35,2674.88,81.6817
2026-09-30 19:22:00,2674.87,2674.87,2673.89,2673.89,33.6897
2026-09-30 19:23:00,2673.9,2673.9,2672.68,2672.68,27.1344
2026-09-30 19:24:00,2672.67,2672.68,2671.93,2672.17,41.6834
2026-09-30 19:25:00,2672.17,2673.34,2672.1,2673.34,74.0174
2026-09-30 19:26:00,2673.34,2674.88,2673.33,2673.33,71.1785
2026-09-30 19:27:00,2673.33,2673.98,2673.33,2673.89,21.5721
2026-09-30 19:28:00,2673.89,2674.79,2673.89,2674.01,36.3932
2026-09-30 19:29:00,2674.01,2674.3,2672.93,2672.93,51.367
2026-09-30 19:30:00,2672.93,2674.78,2672.92,2674.78,62.2294
2026-09-30 19:31:00,2674.77,2675.66,2674.77,2675.41,44.8395
2026-09-30 19:32:00,2675.41,2675.74,2674.7,2675.47,69.8055
2026-09-30 19:33:00,2675.48,2677.07,2675.47,2677.07,142.177
2026-09-30 19:34:00,2677.08,2677.21,2675.95,2676.74,99.8513
2026-09-30 19:35:00,2676.75,2677.97,2676.74,2677.62,154.6116
2026-09-30 19:36:00,2677.63,2678.63,2677.62,2678.61,52.4288
2026-09-30 19:37:00,2678.61,2679.48,2678.61,2679.41,77.3686
2026-09-30 19:38:00,2679.4,2680.56,2679.4,2680.37,60.515
2026-09-30 19:39:00,2680.36,2680.36,2678.9,2679.51,36.6546
2026-09-30 19:40:00,2679.51,2679.51,2677.98,2677.99,37.0613
2026-09-30 19:41:00,2677.98,2678.2,2677.05,2677.05,28.0838
2026-09-30 19:42:00,2677.04,2677.42,2676.25,2676.26,40.9293
2026-09-30 19:43:00,2676.25,2676.26,2675.66,2675.8,39.7147
2026-09-30 19:44:00,2675.79,2676.39,2675.79,2676.32,28.9907
2026-09-30 19:45:00,2676.31,2676.32,2675.12,2675.12,26.3825
2026-09-30 19:46:00,2675.13,2675.24,2674.47,2674.82,234.6344
2026-09-30 19:47:00,2674.82,2675.85,2673.01,2673.38,191.9732
2026-09-30 19:48:00,2673.38,2674.88,2673.21,2673.21,140.6897
2026-09-30 19:49:00,2673.22,2673.61,2672.84,2673.1,33.8996
2026-09-30 19:50:00,2673.1,2673.1,2670.68,2670.69,162.2184
2026-09-30 19:51:00,2670.68,2670.68,2668.68,2669.84,717.1829
2026-09-30 19:52:00,2669.85,2671.18,2669.05,2669.6,219.4836
2026-09-30 19:53:00,2669.6,2671.68,2669.01,2669.02,118.6217
2026-09-30 19:54:00,2669.01,2669.6,2668.14,2668.24,107.1502
2026-09-30 19:55:00,2668.23,2671.86,2667.94,2671.86,203.4034
2026-09-30 19:56:00,2671.86,2671.86,2669.54,2670.28,77.0493
2026-09-30 19:57:00,2670.27,2670.28,2669.24,2669.25,76.3729
2026-09-30 19:58:00,2669.25,2669.7,2668.4,2669.69,71.6117
2026-09-30 19:59:00,2669.69,2670.48,2669.16,2669.61,222.8723
2026-09-30 20:00:00,2669.62,2671.32,2669.07,2670.99,297.472
2026-09-30 20:01:00,2670.99,2671.15,2668.64,2670.12,177.1121
2026-09-30 20:02:00,2670.12,2671.09,2669.78,2670.19,108.8469
2026-09-30 20:03:00,2670.2,2671.22,2670.0,2671.22,83.034
2026-09-30 20:04:00,2671.21,2671.47,2670.07,2671.44,102.7585
2026-09-30 20:05:00,2671.43,2672.01,2671.29,2671.49,354.6097
2026-09-30 20:06:00,2671.48,2672.26,2669.8,2671.46,582.8647
2026-09-30 20:07:00,2671.47,2672.87,2671.07,2672.47,240.7855
2026-09-30 20:08:00,2672.48,2672.48,2671.69,2671.7,39.8811
2026-09-30 20:09:00,2671.69,2672.55,2671.69,2672.22,64.0802
2026-09-30 20:10:00,2672.23,2673.15,2672.06,2673.0,81.0681
2026-09-30 20:11:00,2672.99,2674.0,2672.99,2673.25,62.6915
2026-09-30 20:12:00,2673.25,2673.26,2673.21,2673.21,13.8365
2026-09-30 20:13:00,2673.22,2674.0,2672.77,2673.9,32.0555
2026-09-30 20:14:00,2673.89,2674.88,2673.89,2674.84,86.772
2026-09-30 20:15:00,2674.84,2675.47,2674.79,2675.46,27.0343
2026-09-30 20:16:00,2675.47,2675.47,2675.09,2675.46,56.6869
2026-09-30 20:17:00,2675.47,2675.47,2675.15,2675.45,18.8553
2026-09-30 20:18:00,2675.46,2675.94,2675.45,2675.94,35.1878
2026-09-30 20:19:00,2675.94,2676.56,2675.7,2676.54,49.7891
2026-09-30 20:20:00,2676.55,2677.3,2676.54,2677.08,72.4216
2026-09-30 20:21:00,2677.08,2677.98,2677.08,2677.98,67.6091
2026-09-30 20:22:00,2677.99,2679.48,2677.99,2679.3,86.8887
2026-09-30 20:23:00,2679.3,2680.0,2679.3,2679.63,86.8257
2026-09-30 20:24:00,2679.63,2680.0,2679.22,2679.23,36.1178
2026-09-30 20:25:00,2679.23,2680.09,2679.23,2680.09,28.5736
2026-09-30 20:26:00,2680.09,2680.09,2679.9,2679.91,70.8554
2026-09-30 20:27:00,2679.91,2680.56,2679.91,2680.55,28.8832
2026-09-30 20:28:00,2680.55,2681.08,2680.49,2681.08,23.23
2026-09-30 20:29:00,2681.07,2681.75,2680.02,2680.02,104.7551
2026-09-30 20:30:00,2680.02,2681.0,2679.85,2679.89,36.226
2026-09-30 20:31:00,2679.88,2679.88,2679.09,2679.09,39.8752
2026-09-30 20:32:00,2679.09,2679.1,2678.91,2678.97,61.2991
2026-09-30 20:33:00,2678.96,2679.74,2678.96,2679.4,69.7908
2026-09-30 20:34:00,2679.4,2679.85,2679.0,2679.64,88.6827
2026-09-30 20:35:00,2679.63,2681.45,2679.63,2680.46,116.3185
2026-09-30 20:36:00,2680.45,2680.98,2679.63,2679.64,37.2938
2026-09-30 20:37:00,2679.64,2680.73,2679.27,2680.73,60.8971
2026-09-30 20:38:00,2680.72,2681.05,2680.69,2680.69,49.8405
2026-09-30 20:39:00,2680.69,2681.76,2680.0,2681.02,129.9517
2026-09-30 20:40:00,2681.02,2681.03,2681.02,2681.02,11.1466
2026-09-30 20:41:00,2681.02,2681.03,2680.45,2681.02,32.6899
2026-09-30 20:42:00,2681.02,2681.02,2679.86,2679.87,60.6229
2026-09-30 20:43:00,2679.86,2680.19,2679.76,2680.19,62.6912
2026-09-30 20:44:00,2680.18,2680.57,2680.18,2680.57,25.858
2026-09-30 20:45:00,2680.56,2681.28,2680.5,2681.28,28.7744
2026-09-30 20:46:00,2681.27,2681.28,2680.75,2680.76,24.6533
2026-09-30 20:47:00,2680.76,2682.07,2680.75,2681.08,87.4512
2026-09-30 20:48:00,2681.08,2681.31,2680.64,2680.81,36.3236
2026-09-30 20:49:00,2680.81,2681.08,2680.14,2681.07,22.3
2026-09-30 20:50:00,2681.07,2681.6,2680.82,2681.14,70.2728
2026-09-30 20:51:00,2681.14,2682.08,2681.14,2682.08,29.2204
2026-09-30 20:52:00,2682.07,2682.5,2682.07,2682.5,55.7412
2026-09-30 20:53:00,2682.49,2682.5,2682.38,2682.38,31.7319
2026-09-30 20:54:00,2682.38,2682.38,2681.82,2681.82,39.1617
2026-09-30 20:55:00,2681.82,2681.82,2680.9,2680.9,37.2653
2026-09-30 20:56:00,2680.9,2680.9,2680.19,2680.3,52.4121
2026-09-30 20:57:00,2680.29,2680.71,2680.29,2680.71,33.64
2026-09-30 20:58:00,2680.71,2681.52,2680.7,2681.51,29.3533
2026-09-30 20:59:00,2681.51,2682.52,2681.51,2682.52,29.4318
2026-09-30 21:00:00,2682.51,2684.1,2682.51,2683.22,78.807
2026-09-30 21:01:00,2683.22,2683.98,2682.78,2682.79,53.3243
2026-09-30 21:02:00,2682.79,2682.79,2682.0,2682.45,42.2338
2026-09-30 21:03:00,2682.44,2683.6,2682.44,2683.4,39.2417
2026-09-30 21:04:00,2683.4,2683.51,2683.39,2683.51,7.95
2026-09-30 21:05:00,2683.5,2683.5,2682.61,2682.61,21.942
2026-09-30 21:06:00,2682.61,2683.6,2682.31,2683.59,33.1565
2026-09-30 21:07:00,2683.6,2683.6,2683.15,2683.43,45.7352
2026-09-30 21:08:00,2683.44,2684.1,2683.26,2684.1,53.3764
2026-09-30 21:09:00,2684.09,2684.1,2683.85,2684.1,46.0905
2026-09-30 21:10:00,2684.1,2685.0,2684.1,2684.12,176.8384
2026-09-30 21:11:00,2684.11,2685.34,2683.79,2685.34,121.0157
2026-09-30 21:12:00,2685.33,2685.91,2685.27,2685.27,203.3246
2026-09-30 21:13:00,2685.27,2685.27,2684.06,2684.07,75.8974
2026-09-30 21:14:00,2684.07,2684.18,2683.78,2683.82,97.9018
2026-09-30 21:15:00,2683.82,2683.98,2683.67,2683.72,51.8188
2026-09-30 21:16:00,2683.72,2684.51,2683.51,2684.5,99.6896
2026-09-30 21:17:00,2684.51,2684.77,2684.11,2684.45,21.851
2026-09-30 21:18:00,2684.45,2685.19,2684.41,2684.41,99.7027
2026-09-30 21:19:00,2684.42,2684.8,2683.36,2683.37,43.1205
2026-09-30 21:20:00,2683.37,2683.62,2683.36,2683.62,19.5546
2026-09-30 21:21:00,2683.62,2683.62,2683.61,2683.61,1.3643
2026-09-30 21:22:00,2683.61,2683.73,2683.5,2683.73,40.6364
2026-09-30 21:23:00,2683.73,2683.81,2683.72,2683.81,16.4028
2026-09-30 21:24:00,2683.84,2683.85,2683.07,2683.07,48.4864
2026-09-30 21:25:00,2683.08,2683.78,2683.07,2683.68,48.8028
2026-09-30 21:26:00,2683.68,2684.18,2683.68,2684.17,21.0642
2026-09-30 21:27:00,2684.18,2684.34,2684.18,2684.33,5.664
2026-09-30 21:28:00,2684.33,2684.33,2684.19,2684.2,7.5242
2026-09-30 21:29:00,2684.19,2684.2,2683.98,2683.99,38.7223
2026-09-30 21:30:00,2683.99,2683.99,2683.79,2683.79,28.0667
2026-09-30 21:31:00,2683.79,2683.8,2683.56,2683.57,27.5382
2026-09-30 21:32:00,2683.56,2684.86,2683.56,2684.86,41.2089
2026-09-30 21:33:00,2684.85,2686.02,2684.85,2686.02,52.5571
2026-09-30 21:34:00,2686.03,2686.03,2685.84,2685.85,76.0713
2026-09-30 21:35:00,2685.84,2685.85,2685.84,2685.85,17.6168
2026-09-30 21:36:00,2685.84,2685.85,2685.84,2685.84,6.5855
2026-09-30 21:37:00,2685.85,2685.85,2684.74,2685.23,108.0084
2026-09-30 21:38:00,2685.24,2686.03,2685.24,2686.02,27.6566
2026-09-30 21:39:00,2686.02,2686.03,2685.52,2685.52,33.3657
2026-09-30 21:40:00,2685.52,2685.68,2685.13,2685.21,42.6411
2026-09-30 21:41:00,2685.2,2685.2,2684.23,2684.23,24.2348
2026-09-30 21:42:00,2684.23,2684.24,2684.0,2684.0,12.3981
2026-09-30 21:43:00,2683.99,2685.18,2683.99,2684.41,122.2461
2026-09-30 21:44:00,2684.41,2684.42,2683.46,2683.46,32.0668
2026-09-30 21:45:00,2683.46,2684.01,2683.45,2683.97,10.408
2026-09-30 21:46:00,2683.96,2684.32,2683.39,2684.32,21.3289
2026-09-30 21:47:00,2684.33,2684.33,2684.32,2684.33,33.1106
2026-09-30 21:48:00,2684.32,2685.03,2684.32,2684.37,25.3987
2026-09-30 21:49:00,2684.38,2684.38,2684.37,2684.37,19.6216
2026-09-30 21:50:00,2684.37,2684.38,2683.25,2683.74,151.3032
2026-09-30 21:51:00,2683.74,2683.74,2682.63,2683.03,70.9492
2026-09-30 21:52:00,2683.03,2683.61,2682.65,2683.61,66.9592
2026-09-30 21:53:00,2683.62,2683.78,2683.05,2683.78,24.2121
2026-09-30 21:54:00,2683.78,2684.18,2683.77,2684.17,8.6116
2026-09-30 21:55:00,2684.18,2684.18,2684.17,2684.17,5.7349
2026-09-30 21:56:00,2684.17,2684.79,2684.17,2684.79,15.7638
2026-09-30 21:57:00,2684.78,2684.79,2684.78,2684.78,3.9138
2026-09-30 21:58:00,2684.78,2684.8,2684.3,2684.3,39.5801
2026-09-30 21:59:00,2684.3,2684.32,2683.9,2684.31,20.2051
2026-09-30 22:00:00,2684.31,2684.8,2684.25,2684.26,28.8259
2026-09-30 22:01:00,2684.26,2684.32,2683.79,2683.8,43.2521
2026-09-30 22:02:00,2683.8,2683.8,2683.42,2683.42,46.0673
2026-09-30 22:03:00,2683.43,2683.43,2682.31,2683.08,81.6274
2026-09-30 22:04:00,2683.07,2683.08,2682.07,2682.23,75.1274
2026-09-30 22:05:00,2682.23,2682.23,2681.81,2681.93,107.1167
2026-09-30 22:06:00,2681.93,2681.93,2679.82,2679.83,115.0181
2026-09-30 22:07:00,2679.83,2680.0,2678.76,2679.13,148.7822
2026-09-30 22:08:00,2679.13,2679.4,2678.42,2679.36,206.2651
2026-09-30 22:09:00,2679.35,2679.35,2678.79,2678.81,21.8765
2026-09-30 22:10:00,2678.8,2680.01,2678.53,2680.0,95.6523
2026-09-30 22:11:00,2680.0,2680.73,2680.0,2680.25,30.4326
2026-09-30 22:12:00,2680.25,2681.08,2680.25,2680.5,24.3876
2026-09-30 22:13:00,2680.5,2681.08,2680.5,2681.07,22.9334
2026-09-30 22:14:00,2681.07,2682.62,2681.07,2682.62,151.0642
2026-09-30 22:15:00,2682.62,2682.79,2682.62,2682.79,9.6316
2026-09-30 22:16:00,2682.79,2682.97,2682.79,2682.97,77.1488
2026-09-30 22:17:00,2682.97,2684.05,2682.96,2683.79,31.3802
2026-09-30 22:18:00,2683.79,2684.18,2683.79,2684.11,87.0749
2026-09-30 22:19:00,2684.11,2684.7,2684.11,2684.69,25.8827
2026-09-30 22:20:00,2684.69,2685.25,2684.67,2684.67,55.853
2026-09-30 22:21:00,2684.68,2685.33,2684.6,2685.33,25.5915
2026-09-30 22:22:00,2685.32,2685.51,2685.32,2685.51,35.2598
2026-09-30 22:23:00,2685.51,2686.98,2685.51,2686.15,141.2312
2026-09-30 22:24:00,2686.16,2686.59,2686.15,2686.16,49.5654
2026-09-30 22:25:00,2686.15,2687.74,2686.15,2687.67,167.3964
2026-09-30 22:26:00,2687.68,2688.04,2687.68,2688.04,42.9561
2026-09-30 22:27:00,2688.04,2689.59,2688.04,2689.24,136.5044
2026-09-30 22:28:00,2689.24,2689.24,2688.55,2688.55,22.5976
2026-09-30 22:29:00,2688.56,2689.4,2688.56,2688.93,48.0244
2026-09-30 22:30:00,2688.93,2689.4,2688.68,2689.4,57.2075
2026-09-30 22:31:00,2689.39,2689.99,2689.15,2689.15,46.87
2026-09-30 22:32:00,2689.15,2690.0,2688.89,2690.0,43.1945
2026-09-30 22:33:00,2689.99,2690.0,2689.73,2690.0,77.2559
2026-09-30 22:34:00,2690.0,2690.0,2689.99,2690.0,19.3175
2026-09-30 22:35:00,2690.0,2691.0,2690.0,2690.33,201.9397
2026-09-30 22:36:00,2690.33,2691.55,2690.33,2691.04,109.5387
2026-09-30 22:37:00,2691.05,2691.19,2690.93,2691.19,82.8576
2026-09-30 22:38:00,2691.19,2691.9,2691.18,2691.6,107.4784
2026-09-30 22:39:00,2691.59,2691.59,2690.34,2691.05,113.1045
2026-09-30 22:40:00,2691.08,2692.5,2691.07,2692.04,150.5836
2026-09-30 22:41:00,2692.05,2692.56,2691.11,2691.56,232.4376
2026-09-30 22:42:00,2691.56,2692.28,2691.56,2691.93,25.8821
2026-09-30 22:43:00,2691.92,2691.92,2690.59,2690.84,44.3017
2026-09-30 22:44:00,2690.84,2691.34,2690.84,2691.34,12.7146
2026-09-30 22:45:00,2691.36,2691.73,2690.46,2690.73,45.0293
2026-09-30 22:46:00,2690.72,2691.41,2690.46,2690.46,33.276
2026-09-30 22:47:00,2690.46,2690.9,2690.46,2690.89,36.3856
2026-09-30 22:48:00,2690.9,2690.9,2689.96,2690.15,41.5479
2026-09-30 22:49:00,2690.16,2690.16,2689.24,2690.0,30.854
2026-09-30 22:50:00,2690.0,2690.37,2689.13,2689.13,49.0523
2026-09-30 22:51:00,2689.14,2689.21,2688.36,2688.71,32.7377
2026-09-30 22:52:00,2688.72,2690.0,2688.72,2689.99,22.4597
2026-09-30 22:53:00,2689.99,2689.99,2688.48,2688.49,25.3848
2026-09-30 22:54:00,2688.48,2689.26,2688.48,2688.67,24.7164
2026-09-30 22:55:00,2688.67,2690.16,2688.0,2688.17,78.2034
2026-09-30 22:56:00,2688.17,2689.31,2688.17,2689.31,20.3745
2026-09-30 22:57:00,2689.3,2689.47,2687.82,2687.82,39.6635
2026-09-30 22:58:00,2687.81,2688.28,2687.65,2688.0,54.6475
2026-09-30 22:59:00,2688.0,2688.0,2686.73,2687.0,79.0419
2026-09-30 23:00:00,2687.0,2689.0,2686.74,2688.99,54.3449
2026-09-30 23:01:00,2689.0,2690.25,2688.99,2689.51,34.5166
2026-09-30 23:02:00,2689.52,2691.52,2689.51,2691.52,122.3917
2026-09-30 23:03:00,2691.52,2693.3,2690.09,2691.64,183.0124
2026-09-30 23:04:00,2691.64,2691.94,2690.44,2690.44,30.6767
2026-09-30 23:05:00,2690.44,2691.04,2689.17,2689.18,36.7853
2026-09-30 23:06:00,2689.18,2690.19,2688.19,2688.31,53.1307
2026-09-30 23:07:00,2688.3,2688.92,2687.26,2688.09,73.745
2026-09-30 23:08:00,2688.08,2688.08,2685.48,2686.32,153.6893
2026-09-30 23:09:00,2686.33,2687.18,2685.88,2687.18,47.1422
2026-09-30 23:10:00,2687.18,2687.18,2686.53,2686.53,21.2574
2026-09-30 23:11:00,2686.54,2686.81,2686.16,2686.16,56.5105
2026-09-30 23:12:00,2686.16,2687.64,2686.15,2687.39,34.4182
2026-09-30 23:13:00,2687.39,2688.87,2687.39,2688.87,81.6233
2026-09-30 23:14:00,2688.86,2689.76,2688.0,2688.17,94.1956
2026-09-30 23:15:00,2688.16,2689.36,2687.91,2688.0,46.52
2026-09-30 23:16:00,2687.99,2690.94,2687.27,2689.88,209.9093
2026-09-30 23:17:00,2689.88,2689.88,2688.67,2688.67,97.7832
2026-09-30 23:18:00,2688.66,2689.43,2688.57,2689.31,14.1246
2026-09-30 23:19:00,2689.31,2690.37,2689.31,2690.32,12.962
2026-09-30 23:20:00,2690.32,2690.33,2689.4,2690.19,21.6642
2026-09-30 23:21:00,2690.19,2694.33,2690.19,2690.48,408.7888
2026-09-30 23:22:00,2690.49,2690.49,2690.48,2690.49,15.3617
2026-09-30 23:23:00,2690.49,2691.75,2690.48,2691.49,35.9538
2026-09-30 23:24:00,2691.5,2691.62,2690.92,2691.62,30.3767
2026-09-30 23:25:00,2691.62,2692.14,2691.21,2691.22,77.9733
2026-09-30 23:26:00,2691.21,2691.85,2690.79,2691.24,39.8087
2026-09-30 23:27:00,2691.24,2691.24,2690.85,2690.86,2.6469
2026-09-30 23:28:00,2690.86,2690.86,2689.35,2689.35,57.3809
2026-09-30 23:29:00,2689.35,2689.35,2689.08,2689.21,41.1947
2026-09-30 23:30:00,2689.2,2689.34,2689.0,2689.34,20.5102
2026-09-30 23:31:00,2689.35,2689.35,2687.26,2687.27,44.6324
2026-09-30 23:32:00,2687.26,2687.27,2686.66,2686.67,26.7399
2026-09-30 23:33:00,2686.66,2686.66,2684.52,2686.04,73.1223
2026-09-30 23:34:00,2686.04,2687.52,2686.03,2687.51,51.5841
2026-09-30 23:35:00,2687.51,2688.13,2686.87,2687.87,43.4848
2026-09-30 23:36:00,2687.87,2690.44,2687.87,2688.7,110.7751
2026-09-30 23:37:00,2688.7,2689.78,2688.62,2689.77,38.1049
2026-09-30 23:38:00,2689.77,2690.01,2689.46,2689.86,37.8162
2026-09-30 23:39:00,2689.85,2689.85,2689.52,2689.53,6.407
2026-09-30 23:40:00,2689.52,2690.21,2689.3,2690.21,59.3338
2026-09-30 23:41:00,2690.2,2690.61,2690.12,2690.12,31.8701
2026-09-30 23:42:00,2690.13,2690.13,2688.89,2689.11,77.1238
2026-09-30 23:43:00,2689.12,2689.66,2689.05,2689.55,31.0643
2026-09-30 23:44:00,2689.55,2689.66,2689.43,2689.55,16.5783
2026-09-30 23:45:00,2689.54,2689.55,2688.62,2688.63,226.8231
2026-09-30 23:46:00,2688.63,2688.63,2688.19,2688.4,28.0215
2026-09-30 23:47:00,2688.4,2688.64,2687.51,2687.51,48.2176
2026-09-30 23:48:00,2687.51,2687.51,2686.58,2687.5,50.2017
2026-09-30 23:49:00,2687.5,2688.32,2687.5,2687.94,30.255
2026-09-30 23:50:00,2687.93,2687.93,2686.43,2686.64,380.6922
2026-09-30 23:51:00,2686.65,2688.44,2686.17,2686.18,187.1759
2026-09-30 23:52:00,2686.19,2686.8,2685.73,2686.59,88.7757
2026-09-30 23:53:00,2686.59,2686.95,2686.4,2686.58,50.0647
2026-09-30 23:54:00,2686.57,2686.57,2684.95,2684.95,62.8594
2026-09-30 23:55:00,2684.96,2684.96,2684.66,2684.66,22.0904
2026-09-30 23:56:00,2684.66,2684.8,2684.66,2684.79,53.9854
2026-09-30 23:57:00,2684.79,2684.99,2684.79,2684.99,23.8875
2026-09-30 23:58:00,2685.0,2685.4,2684.99,2685.4,67.6798
2026-09-30 23:59:00,2685.4,2686.52,2685.39,2686.01,35.5307
2026-10-01 00:00:00,2686.01,2686.81,2684.17,2684.18,205.3698
2026-10-01 00:01:00,2684.17,2684.6,2684.17,2684.18,60.7087
2026-10-01 00:02:00,2684.17,2684.18,2683.31,2683.31,56.8643
2026-10-01 00:03:00,2683.33,2684.18,2683.33,2684.17,91.1015
2026-10-01 00:04:00,2684.18,2684.18,2683.72,2683.72,46.4181
2026-10-01 00:05:00,2683.73,2684.06,2683.36,2683.36,70.9543
2026-10-01 00:06:00,2683.36,2683.44,2683.0,2683.43,60.9139
2026-10-01 00:07:00,2683.44,2685.01,2683.44,2685.01,101.4837
2026-10-01 00:08:00,2685.02,2685.3,2684.04,2684.04,35.9126
2026-10-01 00:09:00,2684.04,2684.04,2682.69,2682.69,49.4205
2026-10-01 00:10:00,2682.69,2683.01,2682.07,2682.39,113.7931
2026-10-01 00:11:00,2682.39,2683.39,2682.28,2683.37,117.1985
2026-10-01 00:12:00,2683.36,2684.58,2683.36,2683.93,146.0581
2026-10-01 00:13:00,2683.93,2684.27,2683.66,2683.66,149.929
2026-10-01 00:14:00,2683.66,2683.67,2682.3,2682.3,71.7651
2026-10-01 00:15:00,2682.3,2682.44,2681.35,2681.35,139.4432
2026-10-01 00:16:00,2681.34,2682.42,2680.53,2680.53,145.6615
2026-10-01 00:17:00,2680.53,2681.85,2679.27,2679.27,226.0191
2026-10-01 00:18:00,2679.27,2680.18,2678.54,2679.15,113.5872
2026-10-01 00:19:00,2679.15,2680.0,2679.15,2679.74,68.0533
2026-10-01 00:20:00,2679.75,2681.65,2679.75,2681.65,204.634
2026-10-01 00:21:00,2681.65,2682.63,2681.65,2682.63,26.1538
2026-10-01 00:22:00,2682.64,2682.64,2681.72,2681.86,33.9188
2026-10-01 00:23:00,2681.86,2681.89,2680.84,2681.07,117.5472
2026-10-01 00:24:00,2681.08,2682.7,2681.07,2682.4,55.6742
2026-10-01 00:25:00,2682.39,2684.02,2682.19,2684.02,35.8136
2026-10-01 00:26:00,2684.02,2684.58,2683.11,2683.12,127.5014
2026-10-01 00:27:00,2683.12,2683.29,2683.11,2683.12,40.3678
2026-10-01 00:28:00,2683.12,2683.12,2682.89,2683.09,25.4034
2026-10-01 00:29:00,2683.09,2683.63,2682.42,2682.52,71.077
2026-10-01 00:30:00,2682.51,2682.57,2681.23,2682.57,234.2224
2026-10-01 00:31:00,2682.57,2683.29,2681.49,2683.29,65.4827
2026-10-01 00:32:00,2683.28,2683.29,2682.62,2682.72,38.2248
2026-10-01 00:33:00,2682.71,2682.72,2681.75,2682.14,36.2042
2026-10-01 00:34:00,2682.14,2682.53,2681.36,2681.37,18.6613
2026-10-01 00:35:00,2681.37,2681.72,2681.13,2681.72,41.8993
2026-10-01 00:36:00,2681.72,2683.58,2681.61,2683.58,103.0365
2026-10-01 00:37:00,2683.59,2683.83,2682.6,2682.6,28.4366
2026-10-01 00:38:00,2682.6,2683.34,2682.07,2683.34,26.5463
2026-10-01 00:39:00,2683.33,2684.58,2683.33,2684.38,74.3114
2026-10-01 00:40:00,2684.39,2685.0,2684.38,2685.0,50.9449
2026-10-01 00:41:00,2685.0,2686.23,2685.0,2685.03,117.1829
2026-10-01 00:42:00,2685.02,2686.15,2684.81,2686.01,53.3213
2026-10-01 00:43:00,2686.0,2686.08,2685.52,2686.08,74.8891
2026-10-01 00:44:00,2686.08,2687.75,2686.07,2687.73,65.8983
2026-10-01 00:45:00,2687.73,2687.76,2686.76,2686.77,355.1797
2026-10-01 00:46:00,2686.77,2687.66,2686.35,2686.83,300.5052
2026-10-01 00:47:00,2686.84,2688.12,2685.7,2686.68,964.0194
2026-10-01 00:48:00,2686.67,2687.21,2686.67,2686.94,69.8352
2026-10-01 00:49:00,2686.94,2687.15,2686.87,2686.87,35.6158
2026-10-01 00:50:00,2686.88,2687.22,2685.85,2685.86,115.2124
2026-10-01 00:51:00,2685.85,2686.84,2685.09,2686.84,84.2583
2026-10-01 00:52:00,2686.85,2686.89,2686.15,2686.89,39.8351
2026-10-01 00:53:00,2686.88,2686.89,2685.32,2685.32,53.8252
2026-10-01 00:54:00,2685.32,2685.5,2684.17,2684.18,41.3554
2026-10-01 00:55:00,2684.18,2685.66,2684.17,2685.66,61.8127
2026-10-01 00:56:00,2685.65,2686.12,2685.6,2685.61,35.2351
2026-10-01 00:57:00,2685.61,2685.61,2685.6,2685.61,7.4165
2026-10-01 00:58:00,2685.6,2686.52,2685.6,2686.36,57.5443
2026-10-01 00:59:00,2686.36,2686.37,2684.96,2684.96,63.5054
2026-10-01 01:00:00,2684.95,2685.83,2684.4,2684.5,130.5224
2026-10-01 01:01:00,2684.5,2685.28,2684.5,2685.0,68.5728
2026-10-01 01:02:00,2685.01,2687.01,2685.01,2686.61,42.8451
2026-10-01 01:03:00,2686.61,2687.46,2684.88,2684.89,81.8016
2026-10-01 01:04:00,2684.89,2685.94,2684.48,2685.29,54.0131
2026-10-01 01:05:00,2685.28,2685.88,2684.57,2685.87,167.4068
2026-10-01 01:06:00,2685.87,2686.78,2685.87,2686.49,38.0168
2026-10-01 01:07:00,2686.5,2687.3,2686.43,2686.62,59.523
2026-10-01 01:08:00,2686.62,2687.75,2685.92,2687.75,77.5539
2026-10-01 01:09:00,2687.74,2687.94,2687.51,2687.51,68.5035
2026-10-01 01:10:00,2687.51,2687.51,2687.1,2687.5,35.2994
2026-10-01 01:11:00,2687.5,2687.5,2686.32,2687.04,61.9376
2026-10-01 01:12:00,2687.05,2688.09,2686.84,2688.08,63.3358
2026-10-01 01:13:00,2688.09,2688.4,2687.97,2688.4,93.7303
2026-10-01 01:14:00,2688.4,2688.46,2687.9,2687.9,30.4075
2026-10-01 01:15:00,2687.9,2688.19,2686.0,2688.19,153.5179
2026-10-01 01:16:00,2688.2,2688.52,2688.19,2688.51,34.6141
2026-10-01 01:17:00,2688.51,2690.75,2688.51,2690.37,113.1046
2026-10-01 01:18:00,2690.37,2690.86,2690.0,2690.24,38.2053
2026-10-01 01:19:00,2690.25,2690.8,2690.0,2690.24,39.8246
2026-10-01 01:20:00,2690.24,2691.68,2690.23,2691.68,24.344
2026-10-01 01:21:00,2691.68,2692.08,2690.69,2691.23,52.5062
2026-10-01 01:22:00,2691.23,2691.31,2690.8,2691.3,39.522
2026-10-01 01:23:00,2691.31,2692.08,2691.3,2692.07,33.2201
2026-10-01 01:24:00,2692.07,2692.29,2691.7,2692.29,40.6764
2026-10-01 01:25:00,2692.29,2692.43,2692.28,2692.43,65.5139
2026-10-01 01:26:00,2692.44,2693.16,2692.44,2693.05,144.2253
2026-10-01 01:27:00,2693.04,2693.16,2691.93,2691.93,49.6575
2026-10-01 01:28:00,2691.93,2691.94,2691.61,2691.63,14.3862
2026-10-01 01:29:00,2691.64,2691.64,2691.01,2691.01,10.1542
2026-10-01 01:30:00,2691.02,2691.05,2689.75,2689.75,99.8152
2026-10-01 01:31:00,2689.75,2689.75,2688.04,2689.14,345.9151
2026-10-01 01:32:00,2689.14,2691.05,2689.14,2690.64,49.8619
2026-10-01 01:33:00,2690.64,2691.05,2690.24,2690.24,26.4875
2026-10-01 01:34:00,2690.25,2691.05,2690.25,2690.56,41.9626
2026-10-01 01:35:00,2690.57,2690.57,2689.02,2689.37,141.6814
2026-10-01 01:36:00,2689.36,2689.93,2687.8,2688.17,230.8493
2026-10-01 01:37:00,2688.17,2688.18,2686.92,2687.92,236.3815
2026-10-01 01:38:00,2687.91,2689.85,2687.03,2689.85,126.785
2026-10-01 01:39:00,2689.85,2689.86,2689.85,2689.85,27.0452
2026-10-01 01:40:00,2689.86,2690.73,2689.85,2690.72,56.5766
2026-10-01 01:41:00,2690.73,2690.73,2688.77,2689.06,181.5543
2026-10-01 01:42:00,2689.13,2691.2,2689.13,2691.19,42.8024
2026-10-01 01:43:00,2691.19,2691.5,2691.19,2691.21,31.9839
2026-10-01 01:44:00,2691.21,2691.21,2690.99,2691.0,19.5371
2026-10-01 01:45:00,2691.0,2691.41,2689.57,2689.58,59.5467
2026-10-01 01:46:00,2689.57,2689.58,2689.06,2689.57,125.203
2026-10-01 01:47:00,2689.58,2689.62,2688.89,2689.35,163.0191
2026-10-01 01:48:00,2689.36,2689.66,2689.35,2689.66,16.6881
2026-10-01 01:49:00,2689.65,2690.37,2689.38,2689.44,273.933
2026-10-01 01:50:00,2689.43,2691.4,2689.43,2691.29,127.1353
2026-10-01 01:51:00,2691.3,2691.4,2690.25,2691.4,147.6835
2026-10-01 01:52:00,2691.4,2691.58,2688.4,2689.3,236.5428
2026-10-01 01:53:00,2689.3,2690.77,2689.3,2690.76,85.665
2026-10-01 01:54:00,2690.76,2690.76,2689.62,2690.71,81.9267
2026-10-01 01:55:00,2690.72,2691.91,2690.22,2691.91,147.9184
2026-10-01 01:56:00,2691.91,2692.0,2691.42,2691.42,23.4306
2026-10-01 01:57:00,2691.41,2691.41,2690.09,2690.24,46.7822
2026-10-01 01:58:00,2690.24,2690.71,2690.0,2690.36,25.9382
2026-10-01 01:59:00,2690.36,2690.36,2690.0,2690.01,101.4724
2026-10-01 02:00:00,2690.0,2691.99,2690.0,2691.38,66.6633
2026-10-01 02:01:00,2691.37,2692.29,2690.51,2690.51,50.85
2026-10-01 02:02:00,2690.51,2690.51,2689.44,2689.94,182.5963
2026-10-01 02:03:00,2689.94,2690.44,2689.07,2689.63,163.4159
2026-10-01 02:04:00,2689.63,2690.11,2688.66,2690.1,209.7283
2026-10-01 02:05:00,2690.1,2692.44,2690.1,2690.86,131.2336
2026-10-01 02:06:00,2690.86,2692.28,2690.24,2691.07,50.2175
2026-10-01 02:07:00,2691.06,2691.07,2689.18,2690.88,111.9732
2026-10-01 02:08:00,2690.89,2693.68,2690.89,2693.44,121.2947
2026-10-01 02:09:00,2693.43,2693.7,2692.99,2693.46,41.7877
2026-10-01 02:10:00,2693.46,2693.86,2693.2,2693.73,39.8681
2026-10-01 02:11:00,2693.73,2694.33,2693.6,2694.32,63.9618
2026-10-01 02:12:00,2694.33,2694.61,2693.18,2693.18,67.5606
2026-10-01 02:13:00,2693.18,2693.19,2691.87,2691.87,27.1387
2026-10-01 02:14:00,2691.88,2691.88,2691.06,2691.06,19.9077
2026-10-01 02:15:00,2691.07,2691.07,2690.6,2690.6,55.0891
2026-10-01 02:16:00,2690.6,2691.25,2690.36,2690.37,17.1286
2026-10-01 02:17:00,2690.37,2690.68,2690.0,2690.01,64.04
2026-10-01 02:18:00,2690.0,2690.01,2687.76,2687.77,267.6097
2026-10-01 02:19:00,2687.77,2688.16,2687.26,2687.27,354.8488
2026-10-01 02:20:00,2687.27,2687.27,2685.14,2686.41,339.449
2026-10-01 02:21:00,2686.41,2686.42,2684.63,2685.38,1132.3044
2026-10-01 02:22:00,2685.37,2688.77,2685.37,2686.15,549.7798
2026-10-01 02:23:00,2686.16,2688.6,2686.16,2688.14,286.568
2026-10-01 02:24:00,2688.14,2688.83,2687.22,2687.22,245.1768
2026-10-01 02:25:00,2687.23,2687.23,2685.34,2685.34,217.7765
2026-10-01 02:26:00,2685.34,2685.83,2684.74,2684.92,143.0532
2026-10-01 02:27:00,2684.92,2685.89,2684.17,2685.14,198.1937
2026-10-01 02:28:00,2685.14,2686.99,2685.14,2686.99,138.5485
2026-10-01 02:29:00,2686.99,2689.14,2686.99,2689.14,107.2906
2026-10-01 02:30:00,2689.14,2691.24,2688.84,2689.18,455.9308
2026-10-01 02:31:00,2689.16,2689.95,2688.78,2689.45,146.9757
2026-10-01 02:32:00,2689.45,2691.25,2689.44,2691.24,62.5067
2026-10-01 02:33:00,2691.24,2691.24,2690.01,2690.01,129.3774
2026-10-01 02:34:00,2690.01,2690.01,2689.24,2689.68,87.5166
2026-10-01 02:35:00,2689.68,2690.37,2689.49,2689.49,92.1135
2026-10-01 02:36:00,2689.49,2689.5,2687.49,2688.2,188.8199
2026-10-01 02:37:00,2688.2,2688.2,2687.26,2687.26,30.2379
2026-10-01 02:38:00,2687.26,2687.26,2685.67,2686.13,62.3955
2026-10-01 02:39:00,2686.13,2686.23,2685.68,2686.05,55.7037
2026-10-01 02:40:00,2686.05,2686.87,2686.05,2686.7,59.6601
2026-10-01 02:41:00,2686.71,2686.88,2686.69,2686.69,10.2519
2026-10-01 02:42:00,2686.69,2687.27,2686.44,2686.55,38.9369
2026-10-01 02:43:00,2686.56,2686.56,2686.15,2686.16,60.6519
2026-10-01 02:44:00,2686.15,2686.7,2686.04,2686.04,46.8908
2026-10-01 02:45:00,2686.04,2686.04,2685.16,2685.28,17.8312
2026-10-01 02:46:00,2685.28,2685.34,2685.28,2685.3,67.0866
2026-10-01 02:47:00,2685.31,2685.4,2685.3,2685.31,51.9119
2026-10-01 02:48:00,2685.3,2685.68,2684.25,2684.26,344.2981
2026-10-01 02:49:00,2684.25,2685.0,2684.25,2685.0,75.682
2026-10-01 02:50:00,2685.0,2685.52,2684.99,2685.22,57.1864
2026-10-01 02:51:00,2685.22,2685.65,2684.61,2685.65,75.6503
2026-10-01 02:52:00,2685.64,2686.09,2685.13,2686.09,152.86
2026-10-01 02:53:00,2686.1,2687.27,2686.1,2686.91,256.7374
2026-10-01 02:54:00,2686.9,2687.7,2686.8,2687.27,111.6696
2026-10-01 02:55:00,2687.27,2687.68,2687.23,2687.23,43.8489
2026-10-01 02:56:00,2687.23,2688.2,2687.22,2688.19,44.3883
2026-10-01 02:57:00,2688.2,2688.2,2687.74,2687.92,28.1312
2026-10-01 02:58:00,2687.92,2688.01,2687.06,2687.89,87.4848
2026-10-01 02:59:00,2687.89,2688.06,2687.02,2687.02,52.9299
2026-10-01 03:00:00,2687.02,2690.01,2687.02,2688.67,1166.1688
2026-10-01 03:01:00,2688.66,2689.26,2688.66,2689.13,90.6962
2026-10-01 03:02:00,2689.12,2689.61,2688.19,2688.85,229.9484
2026-10-01 03:03:00,2688.86,2688.96,2687.48,2687.48,31.8956
2026-10-01 03:04:00,2687.47,2687.47,2686.15,2686.22,54.0257
2026-10-01 03:05:00,2686.21,2686.48,2685.7,2686.18,156.9804
2026-10-01 03:06:00,2686.17,2686.17,2685.11,2685.12,51.629
2026-10-01 03:07:00,2685.11,2687.02,2685.11,2686.87,132.3815
2026-10-01 03:08:00,2686.87,2687.01,2686.58,2686.84,27.1263
2026-10-01 03:09:00,2686.83,2687.27,2686.77,2686.99,167.0422
2026-10-01 03:10:00,2687.0,2688.14,2687.0,2688.13,57.2037
2026-10-01 03:11:00,2688.14,2688.91,2688.14,2688.62,50.3821
2026-10-01 03:12:00,2688.61,2688.62,2688.55,2688.55,3.741
2026-10-01 03:13:00,2688.56,2688.56,2688.0,2688.01,10.1942
2026-10-01 03:14:00,2688.0,2688.36,2688.0,2688.2,34.3596
2026-10-01 03:15:00,2688.19,2688.87,2688.17,2688.87,17.9871
2026-10-01 03:16:00,2688.87,2689.77,2688.79,2689.17,187.0666
2026-10-01 03:17:00,2689.17,2689.76,2688.27,2688.28,78.6027
2026-10-01 03:18:00,2688.27,2688.27,2687.24,2687.43,40.4736
2026-10-01 03:19:00,2687.43,2687.51,2687.43,2687.5,56.0141
2026-10-01 03:20:00,2687.5,2687.51,2686.48,2686.48,19.4735
2026-10-01 03:21:00,2686.48,2686.48,2685.26,2685.27,20.1411
2026-10-01 03:22:00,2685.27,2686.16,2685.27,2686.15,32.4115
2026-10-01 03:23:00,2686.15,2686.73,2686.15,2686.72,28.4706
2026-10-01 03:24:00,2686.73,2686.73,2686.26,2686.26,62.0668
2026-10-01 03:25:00,2686.26,2686.51,2685.69,2686.51,67.4885
2026-10-01 03:26:00,2686.51,2687.62,2686.51,2687.62,72.99
2026-10-01 03:27:00,2687.63,2688.07,2686.99,2687.42,25.1034
2026-10-01 03:28:00,2687.43,2687.64,2687.18,2687.2,57.2926
2026-10-01 03:29:00,2687.2,2687.99,2687.2,2687.73,85.6464
2026-10-01 03:30:00,2687.73,2687.73,2686.58,2686.59,48.4151
2026-10-01 03:31:00,2686.58,2686.58,2685.71,2685.71,35.0609
2026-10-01 03:32:00,2685.71,2687.27,2685.71,2687.09,100.6758
2026-10-01 03:33:00,2687.08,2689.06,2687.08,2688.56,51.9567
2026-10-01 03:34:00,2688.56,2688.82,2688.14,2688.67,50.3918
2026-10-01 03:35:00,2688.68,2688.87,2688.49,2688.85,54.2982
2026-10-01 03:36:00,2688.85,2690.04,2688.72,2690.04,24.9435
2026-10-01 03:37:00,2690.05,2691.0,2690.04,2690.24,92.5129
2026-10-01 03:38:00,2690.24,2690.7,2690.18,2690.4,56.0736
2026-10-01 03:39:00,2690.39,2691.55,2690.39,2691.43,91.0789
2026-10-01 03:40:00,2691.42,2691.42,2690.68,2690.68,86.3394
2026-10-01 03:41:00,2690.68,2691.55,2690.68,2691.54,17.6157
2026-10-01 03:42:00,2691.55,2693.0,2691.54,2693.0,167.3618
2026-10-01 03:43:00,2693.0,2693.46,2692.96,2693.4,42.3601
2026-10-01 03:44:00,2693.39,2693.7,2692.5,2692.5,116.393
2026-10-01 03:45:00,2692.51,2692.96,2690.92,2690.93,168.8658
2026-10-01 03:46:00,2690.93,2692.48,2690.92,2691.45,57.3447
2026-10-01 03:47:00,2691.46,2691.83,2690.87,2690.89,39.6079
2026-10-01 03:48:00,2690.89,2690.89,2690.24,2690.39,176.5478
2026-10-01 03:49:00,2690.39,2691.27,2690.38,2691.27,43.5404
2026-10-01 03:50:00,2691.27,2692.77,2691.27,2692.77,70.8574
2026-10-01 03:51:00,2692.77,2693.47,2692.37,2692.38,168.6231
2026-10-01 03:52:00,2692.38,2694.08,2692.37,2694.07,192.9464
2026-10-01 03:53:00,2694.08,2694.08,2694.07,2694.08,31.0988
2026-10-01 03:54:00,2694.08,2694.4,2693.01,2694.4,145.2402
2026-10-01 03:55:00,2694.4,2695.41,2694.03,2694.03,147.5869
2026-10-01 03:56:00,2694.04,2696.0,2694.03,2696.0,197.0862
2026-10-01 03:57:00,2695.99,2696.38,2695.67,2696.31,124.956
2026-10-01 03:58:00,2696.32,2696.62,2696.19,2696.59,81.0545
2026-10-01 03:59:00,2696.59,2696.94,2696.03,2696.07,45.8597
2026-10-01 04:00:00,2696.08,2696.57,2696.04,2696.55,59.6449
2026-10-01 04:01:00,2696.55,2697.81,2696.54,2697.69,257.338
2026-10-01 04:02:00,2697.69,2697.81,2697.13,2697.36,59.9654
2026-10-01 04:03:00,2697.37,2697.81,2696.98,2697.51,84.9157
2026-10-01 04:04:00,2697.52,2697.81,2697.22,2697.68,160.66
2026-10-01 04:05:00,2697.68,2697.69,2696.85,2697.67,86.3307
2026-10-01 04:06:00,2697.67,2698.7,2697.67,2698.7,80.2142
2026-10-01 04:07:00,2698.7,2698.86,2697.0,2697.0,81.709
2026-10-01 04:08:00,2697.0,2697.0,2695.71,2696.37,322.9843
2026-10-01 04:09:00,2696.38,2698.72,2696.38,2698.64,203.4098
2026-10-01 04:10:00,2698.66,2699.0,2698.41,2698.85,139.4954
2026-10-01 04:11:00,2698.85,2699.27,2698.41,2698.41,200.4046
2026-10-01 04:12:00,2698.41,2698.84,2698.14,2698.74,104.6011
2026-10-01 04:13:00,2698.74,2699.66,2698.74,2699.34,104.8211
2026-10-01 04:14:00,2699.35,2699.85,2699.35,2699.75,285.5876
2026-10-01 04:15:00,2699.6,2699.6,2698.93,2698.94,75.1704
2026-10-01 04:16:00,2698.94,2699.72,2698.93,2698.98,81.5141
2026-10-01 04:17:00,2698.97,2698.98,2696.95,2697.74,54.1459
2026-10-01 04:18:00,2697.73,2698.13,2697.03,2697.2,59.2587
2026-10-01 04:19:00,2697.21,2697.67,2697.2,2697.27,42.1291
2026-10-01 04:20:00,2697.28,2697.64,2696.73,2697.2,88.6464
2026-10-01 04:21:00,2697.2,2698.16,2697.14,2698.06,262.0879
2026-10-01 04:22:00,2698.06,2698.71,2697.78,2698.24,307.0075
2026-10-01 04:23:00,2698.24,2698.36,2698.1,2698.1,38.6078
2026-10-01 04:24:00,2698.1,2698.12,2697.08,2697.47,61.4617
2026-10-01 04:25:00,2697.47,2697.47,2697.16,2697.25,19.4904
2026-10-01 04:26:00,2697.25,2697.31,2696.69,2697.31,36.8367
2026-10-01 04:27:00,2697.31,2697.57,2697.22,2697.56,61.5384
2026-10-01 04:28:00,2697.57,2698.02,2697.56,2698.01,43.2707
2026-10-01 04:29:00,2698.01,2698.02,2697.59,2697.6,95.8688
2026-10-01 04:30:00,2697.6,2698.44,2697.6,2698.29,126.5847
2026-10-01 04:31:00,2698.3,2698.3,2697.59,2697.59,47.4442
2026-10-01 04:32:00,2697.59,2697.59,2693.96,2693.97,278.844
2026-10-01 04:33:00,2693.96,2694.38,2693.46,2693.6,31.1511
2026-10-01 04:34:00,2693.61,2694.05,2693.6,2694.04,12.2738
2026-10-01 04:35:00,2694.04,2694.05,2693.87,2693.88,29.0109
2026-10-01 04:36:00,2693.87,2695.92,2693.87,2695.92,49.4718
2026-10-01 04:37:00,2695.92,2696.36,2695.3,2695.69,108.9443
2026-10-01 04:38:00,2695.69,2696.1,2695.67,2696.03,152.58
2026-10-01 04:39:00,2696.02,2697.28,2696.02,2697.16,106.4544
2026-10-01 04:40:00,2697.16,2697.71,2696.76,2697.41,62.4212
2026-10-01 04:41:00,2697.4,2697.71,2697.4,2697.7,28.9371
2026-10-01 04:42:00,2697.7,2697.71,2697.69,2697.69,58.9048
2026-10-01 04:43:00,2697.7,2698.11,2697.69,2698.07,75.8031
2026-10-01 04:44:00,2698.07,2699.09,2698.07,2699.09,86.7909
2026-10-01 04:45:00,2699.08,2699.44,2699.01,2699.44,51.1396
2026-10-01 04:46:00,2699.44,2711.6,2699.43,2711.53,1468.3416
2026-10-01 04:47:00,2711.53,2711.86,2705.24,2706.3,492.8178
2026-10-01 04:48:00,2706.3,2708.15,2706.3,2707.58,154.6459
2026-10-01 04:49:00,2707.58,2710.52,2707.16,2709.46,91.8541
2026-10-01 04:50:00,2709.47,2710.43,2708.46,2709.55,296.6765
2026-10-01 04:51:00,2709.59,2710.68,2709.25,2709.93,131.5486
2026-10-01 04:52:00,2709.91,2711.92,2709.69,2711.53,135.7075
2026-10-01 04:53:00,2711.53,2711.53,2707.4,2707.4,115.0097
2026-10-01 04:54:00,2707.4,2708.18,2707.26,2708.16,85.9736
2026-10-01 04:55:00,2708.16,2708.6,2705.55,2706.07,233.6721
2026-10-01 04:56:00,2706.06,2706.61,2704.96,2705.02,122.1486
2026-10-01 04:57:00,2705.02,2706.25,2705.02,2706.25,232.5693
2026-10-01 04:58:00,2706.24,2706.25,2705.17,2705.86,59.9084
2026-10-01 04:59:00,2705.86,2707.57,2705.86,2707.57,50.3068
2026-10-01 05:00:00,2707.57,2708.42,2706.91,2708.42,176.2707
2026-10-01 05:01:00,2708.41,2709.04,2705.52,2705.52,121.8323
2026-10-01 05:02:00,2705.53,2706.06,2705.18,2705.99,92.1395
2026-10-01 05:03:00,2706.0,2709.67,2706.0,2709.66,157.6014
2026-10-01 05:04:00,2709.66,2711.0,2709.66,2711.0,244.3825
2026-10-01 05:05:00,2711.0,2712.39,2709.88,2710.48,367.4906
2026-10-01 05:06:00,2710.48,2713.35,2709.85,2712.0,191.952
2026-10-01 05:07:00,2712.0,2712.0,2709.38,2709.9,157.2419
2026-10-01 05:08:00,2709.89,2710.42,2709.78,2710.3,57.3235
2026-10-01 05:09:00,2710.3,2710.56,2709.93,2710.56,103.6998
2026-10-01 05:10:00,2710.55,2711.05,2710.13,2710.94,44.9709
2026-10-01 05:11:00,2710.95,2712.68,2710.95,2712.32,142.5377
2026-10-01 05:12:00,2712.33,2713.15,2711.78,2712.44,87.8243
2026-10-01 05:13:00,2712.44,2712.78,2712.44,2712.53,51.8118
2026-10-01 05:14:00,2712.52,2713.44,2712.45,2713.34,66.1779
2026-10-01 05:15:00,2713.34,2714.55,2712.8,2714.27,212.594
2026-10-01 05:16:00,2714.26,2714.44,2713.6,2713.94,124.8062
2026-10-01 05:17:00,2713.94,2713.94,2712.83,2713.79,94.3736
2026-10-01 05:18:00,2713.8,2714.0,2713.48,2713.49,55.1171
2026-10-01 05:19:00,2713.49,2715.0,2713.49,2714.94,168.7869
2026-10-01 05:20:00,2714.94,2715.0,2714.7,2714.99,59.2795
2026-10-01 05:21:00,2715.0,2715.5,2714.76,2715.33,104.2893
2026-10-01 05:22:00,2715.33,2716.21,2715.04,2715.22,110.2755
2026-10-01 05:23:00,2715.23,2715.23,2713.05,2713.33,140.8712
2026-10-01 05:24:00,2713.32,2714.19,2713.19,2713.19,47.2613
2026-10-01 05:25:00,2713.19,2713.45,2713.05,2713.06,99.7497
2026-10-01 05:26:00,2713.05,2713.06,2712.18,2713.06,91.9195
2026-10-01 05:27:00,2713.06,2713.45,2712.99,2713.45,29.8438
2026-10-01 05:28:00,2713.44,2714.67,2713.44,2714.67,43.599
2026-10-01 05:29:00,2714.67,2714.68,2713.81,2714.49,47.3896
2026-10-01 05:30:00,2714.49,2715.58,2714.1,2714.27,181.2265
2026-10-01 05:31:00,2714.27,2714.51,2713.6,2714.48,62.6468
2026-10-01 05:32:00,2714.49,2714.76,2714.26,2714.4,46.3458
2026-10-01 05:33:00,2714.39,2714.9,2714.15,2714.75,41.7795
2026-10-01 05:34:00,2714.74,2715.99,2714.74,2715.99,115.2833
2026-10-01 05:35:00,2715.98,2716.21,2715.82,2716.21,50.3141
2026-10-01 05:36:00,2716.21,2716.67,2715.22,2715.77,98.1254
2026-10-01 05:37:00,2715.77,2716.4,2715.52,2716.4,80.8406
2026-10-01 05:38:00,2716.4,2717.04,2716.0,2717.04,97.2555
2026-10-01 05:39:00,2717.04,2719.96,2717.03,2717.11,432.3869
2026-10-01 05:40:00,2717.11,2719.42,2717.11,2718.15,226.7544
2026-10-01 05:41:00,2718.15,2718.25,2716.79,2716.79,164.0052
2026-10-01 05:42:00,2716.78,2716.79,2715.57,2716.06,58.1355
2026-10-01 05:43:00,2716.07,2716.07,2715.3,2715.3,242.7608
2026-10-01 05:44:00,2715.3,2715.31,2714.6,2714.61,177.1705
2026-10-01 05:45:00,2714.61,2714.94,2714.61,2714.8,59.9357
2026-10-01 05:46:00,2714.79,2715.0,2714.79,2714.99,106.5327
2026-10-01 05:47:00,2715.0,2715.15,2714.68,2714.69,174.337
2026-10-01 05:48:00,2714.7,2715.18,2714.7,2715.01,55.5734
2026-10-01 05:49:00,2715.01,2717.82,2715.0,2717.82,49.8973
2026-10-01 05:50:00,2717.83,2718.72,2717.51,2717.51,307.0874
2026-10-01 05:51:00,2717.52,2717.97,2717.05,2717.61,125.9717
2026-10-01 05:52:00,2717.61,2717.62,2717.23,2717.62,47.8252
2026-10-01 05:53:00,2717.62,2718.74,2717.61,2718.73,64.3305
2026-10-01 05:54:00,2718.74,2719.87,2718.74,2719.0,117.6478
2026-10-01 05:55:00,2719.0,2719.0,2718.16,2718.16,25.6586
2026-10-01 05:56:00,2718.17,2718.25,2717.36,2717.37,141.9068
2026-10-01 05:57:00,2717.36,2717.88,2717.14,2717.75,167.0786
2026-10-01 05:58:00,2717.75,2717.76,2717.29,2717.29,197.0126
2026-10-01 05:59:00,2717.29,2717.96,2717.09,2717.96,19.5426
2026-10-01 06:00:00,2717.96,2718.2,2717.68,2718.2,126.8171
2026-10-01 06:01:00,2718.19,2718.2,2715.47,2716.2,301.2664
2026-10-01 06:02:00,2716.2,2717.13,2716.13,2716.54,173.6563
2026-10-01 06:03:00,2716.54,2716.69,2716.19,2716.69,100.1771
2026-10-01 06:04:00,2716.68,2717.11,2716.38,2717.11,241.9132
2026-10-01 06:05:00,2717.11,2717.68,2716.45,2716.45,48.0686
2026-10-01 06:06:00,2716.42,2716.43,2715.59,2715.59,61.4204
2026-10-01 06:07:00,2715.58,2715.58,2714.94,2715.38,84.9457
2026-10-01 06:08:00,2715.38,2715.38,2714.51,2715.12,420.1338
2026-10-01 06:09:00,2715.12,2716.0,2715.12,2715.99,124.7493
2026-10-01 06:10:00,2715.99,2716.66,2715.54,2716.37,107.4355
2026-10-01 06:11:00,2716.37,2718.0,2716.37,2718.0,30.4463
2026-10-01 06:12:00,2718.0,2719.98,2717.99,2719.97,310.0683
2026-10-01 06:13:00,2719.98,2720.0,2719.5,2719.87,84.356
2026-10-01 06:14:00,2719.87,2721.19,2719.87,2721.12,781.0886
2026-10-01 06:15:00,2721.13,2721.13,2719.47,2719.48,85.3003
2026-10-01 06:16:00,2719.47,2720.07,2719.09,2719.43,156.2369
2026-10-01 06:17:00,2719.42,2719.93,2717.97,2717.97,355.2623
2026-10-01 06:18:00,2717.97,2718.32,2717.82,2717.83,118.8016
2026-10-01 06:19:00,2717.82,2717.83,2716.75,2717.0,65.0453
2026-10-01 06:20:00,2717.01,2717.06,2716.86,2716.99,60.8685
2026-10-01 06:21:00,2716.99,2717.23,2716.99,2717.23,65.0735
2026-10-01 06:22:00,2717.23,2719.31,2717.23,2718.23,463.6074
2026-10-01 06:23:00,2718.23,2718.25,2715.96,2717.8,144.5854
2026-10-01 06:24:00,2717.81,2720.0,2717.17,2720.0,718.6227
2026-10-01 06:25:00,2719.99,2720.89,2718.46,2720.87,497.8342
2026-10-01 06:26:00,2720.87,2721.99,2719.23,2719.23,193.6468
2026-10-01 06:27:00,2719.23,2720.45,2719.17,2719.78,142.7575
2026-10-01 06:28:00,2719.78,2721.18,2719.77,2721.02,160.152
2026-10-01 06:29:00,2721.02,2722.0,2720.88,2721.68,201.7859
2026-10-01 06:30:00,2721.68,2721.94,2719.54,2720.48,220.4964
2026-10-01 06:31:00,2720.48,2720.48,2718.25,2718.25,103.8512
2026-10-01 06:32:00,2718.25,2718.74,2714.53,2714.53,321.8826
2026-10-01 06:33:00,2714.52,2718.06,2714.52,2716.77,211.6394
2026-10-01 06:34:00,2716.77,2717.37,2716.09,2716.09,91.0683
2026-10-01 06:35:00,2716.1,2717.68,2716.1,2717.68,20.7061
