abertura,open,high,low,close,volume
2026-09-24 07:57:00,115.51,115.54,115.47,115.47,594.449
2026-09-24 07:58:00,115.47,115.49,115.43,115.47,696.107
2026-09-24 07:59:00,115.46,115.53,115.45,115.52,631.687
2026-09-24 08:00:00,115.52,115.55,115.47,115.49,683.346
2026-09-24 08:01:00,115.5,115.64,115.46,115.64,1070.047
2026-09-24 08:02:00,115.64,115.64,115.49,115.5,1022.71
2026-09-24 08:03:00,115.5,115.52,115.46,115.47,125.283
2026-09-24 08:04:00,115.47,115.5,115.45,115.49,432.024
2026-09-24 08:05:00,115.5,115.53,115.47,115.52,1067.935
2026-09-24 08:06:00,115.51,115.52,115.43,115.47,319.63
2026-09-24 08:07:00,115.46,115.54,115.46,115.52,527.878
2026-09-24 08:08:00,115.52,115.64,115.47,115.47,731.512
2026-09-24 08:09:00,115.46,115.51,115.37,115.46,698.19
2026-09-24 08:10:00,115.47,115.47,115.4,115.44,539.621
2026-09-24 08:11:00,115.43,115.43,115.3,115.3,390.992
2026-09-24 08:12:00,115.3,115.36,115.29,115.3,257.973
2026-09-24 08:13:00,115.29,115.29,115.22,115.24,622.846
2026-09-24 08:14:00,115.24,115.27,115.21,115.25,378.642
2026-09-24 08:15:00,115.25,115.26,115.14,115.15,356.844
2026-09-24 08:16:00,115.14,115.24,115.08,115.21,498.195
2026-09-24 08:17:00,115.21,115.31,115.19,115.25,1209.56
2026-09-24 08:18:00,115.24,115.24,115.11,115.12,1049.047
2026-09-24 08:19:00,115.12,115.16,115.08,115.09,500.899
2026-09-24 08:20:00,115.09,115.1,115.03,115.03,369.257
2026-09-24 08:21:00,115.03,115.03,114.9,114.91,719.247
2026-09-24 08:22:00,114.91,114.91,114.82,114.88,986.52
2026-09-24 08:23:00,114.88,114.92,114.81,114.81,831.35
2026-09-24 08:24:00,114.81,114.85,114.73,114.79,618.896
2026-09-24 08:25:00,114.8,114.85,114.77,114.77,1567.495
2026-09-24 08:26:00,114.76,114.76,114.59,114.59,1636.07
2026-09-24 08:27:00,114.6,114.64,114.48,114.6,1861.211
2026-09-24 08:28:00,114.6,114.6,114.43,114.43,1422.205
2026-09-24 08:29:00,114.43,114.43,114.3,114.35,3904.201
2026-09-24 08:30:00,114.35,114.53,114.29,114.51,4850.784
2026-09-24 08:31:00,114.5,114.61,114.47,114.58,2991.627
2026-09-24 08:32:00,114.58,114.59,114.47,114.54,1183.566
2026-09-24 08:33:00,114.54,114.58,114.37,114.45,770.84
2026-09-24 08:34:00,114.45,114.45,114.2,114.22,1579.921
2026-09-24 08:35:00,114.22,114.34,114.0,114.3,4153.756
2026-09-24 08:36:00,114.3,114.34,114.22,114.28,1533.374
2026-09-24 08:37:00,114.28,114.34,114.21,114.33,1057.644
2026-09-24 08:38:00,114.33,114.36,114.26,114.3,1625.383
2026-09-24 08:39:00,114.29,114.38,114.29,114.33,1246.298
2026-09-24 08:40:00,114.32,114.38,114.3,114.3,544.685
2026-09-24 08:41:00,114.29,114.32,114.24,114.25,861.543
2026-09-24 08:42:00,114.24,114.26,114.18,114.19,608.374
2026-09-24 08:43:00,114.19,114.23,114.15,114.2,736.408
2026-09-24 08:44:00,114.2,114.2,114.13,114.13,3455.939
2026-09-24 08:45:00,114.12,114.2,114.06,114.08,1580.087
2026-09-24 08:46:00,114.08,114.09,113.96,113.97,3994.695
2026-09-24 08:47:00,113.96,113.97,113.73,113.84,4038.329
2026-09-24 08:48:00,113.84,113.85,113.65,113.7,21094.391
2026-09-24 08:49:00,113.69,113.69,113.34,113.36,17808.602
2026-09-24 08:50:00,113.37,113.59,113.37,113.51,3537.54
2026-09-24 08:51:00,113.52,113.78,113.52,113.77,2951.166
2026-09-24 08:52:00,113.76,113.83,113.74,113.8,1460.81
2026-09-24 08:53:00,113.8,113.83,113.71,113.72,804.873
2026-09-24 08:54:00,113.72,113.87,113.66,113.86,2160.548
2026-09-24 08:55:00,113.87,113.89,113.77,113.88,1292.493
2026-09-24 08:56:00,113.89,113.91,113.85,113.89,444.3
2026-09-24 08:57:00,113.9,113.93,113.87,113.93,657.309
2026-09-24 08:58:00,113.93,114.0,113.92,113.99,878.74
2026-09-24 08:59:00,113.99,114.21,113.99,114.14,20459.729
2026-09-24 09:00:00,114.15,114.31,114.15,114.28,10507.562
2026-09-24 09:01:00,114.28,114.33,114.2,114.23,1034.454
2026-09-24 09:02:00,114.22,114.25,113.99,113.99,1413.284
2026-09-24 09:03:00,113.98,114.03,113.91,113.96,1476.365
2026-09-24 09:04:00,113.96,114.04,113.85,113.85,1828.3
2026-09-24 09:05:00,113.86,114.02,113.8,113.91,4680.356
2026-09-24 09:06:00,113.9,113.9,113.75,113.81,1333.624
2026-09-24 09:07:00,113.82,113.95,113.82,113.89,1664.724
2026-09-24 09:08:00,113.89,113.93,113.81,113.89,2728.296
2026-09-24 09:09:00,113.89,113.98,113.89,113.92,1099.703
2026-09-24 09:10:00,113.91,113.93,113.84,113.87,597.267
2026-09-24 09:11:00,113.86,113.88,113.72,113.75,1185.808
2026-09-24 09:12:00,113.76,113.77,113.66,113.67,1928.083
2026-09-24 09:13:00,113.66,113.74,113.63,113.69,1166.456
2026-09-24 09:14:00,113.7,113.7,113.57,113.6,1254.771
2026-09-24 09:15:00,113.59,113.64,113.53,113.59,1679.011
2026-09-24 09:16:00,113.59,113.59,113.34,113.42,2409.097
2026-09-24 09:17:00,113.42,113.61,113.42,113.5,2293.812
2026-09-24 09:18:00,113.49,113.49,113.36,113.42,3629.826
2026-09-24 09:19:00,113.41,113.49,113.24,113.48,2550.146
2026-09-24 09:20:00,113.49,113.57,113.47,113.53,809.482
2026-09-24 09:21:00,113.52,113.52,113.43,113.47,736.546
2026-09-24 09:22:00,113.46,113.47,113.35,113.38,1769.575
2026-09-24 09:23:00,113.39,113.44,113.35,113.42,1199.175
2026-09-24 09:24:00,113.42,113.46,113.35,113.38,1300.501
2026-09-24 09:25:00,113.39,113.44,113.33,113.43,2771.018
2026-09-24 09:26:00,113.43,113.43,113.27,113.4,1916.964
2026-09-24 09:27:00,113.4,113.47,113.36,113.46,3024.533
2026-09-24 09:28:00,113.47,113.51,113.33,113.38,6561.574
2026-09-24 09:29:00,113.38,113.43,113.37,113.43,476.883
2026-09-24 09:30:00,113.42,113.43,113.14,113.2,3175.474
2026-09-24 09:31:00,113.2,113.3,113.02,113.19,7699.247
2026-09-24 09:32:00,113.19,113.19,112.96,113.07,12236.043
2026-09-24 09:33:00,113.06,113.08,112.71,112.72,10547.466
2026-09-24 09:34:00,112.72,112.86,112.58,112.68,12952.661
2026-09-24 09:35:00,112.68,113.0,112.52,113.0,8448.663
2026-09-24 09:36:00,113.0,113.27,112.94,113.24,3256.747
2026-09-24 09:37:00,113.24,113.43,113.2,113.35,2720.281
2026-09-24 09:38:00,113.35,113.35,113.14,113.25,1400.217
2026-09-24 09:39:00,113.26,113.32,113.18,113.2,1513.402
2026-09-24 09:40:00,113.19,113.33,113.19,113.3,1138.492
2026-09-24 09:41:00,113.29,113.3,113.19,113.3,1451.839
2026-09-24 09:42:00,113.29,113.4,113.24,113.32,2998.134
2026-09-24 09:43:00,113.33,113.33,113.07,113.17,4728.013
2026-09-24 09:44:00,113.17,113.2,113.12,113.18,669.654
2026-09-24 09:45:00,113.17,113.31,113.13,113.23,3347.799
2026-09-24 09:46:00,113.22,113.33,113.1,113.33,3775.463
2026-09-24 09:47:00,113.33,113.34,113.14,113.26,2245.598
2026-09-24 09:48:00,113.25,113.3,113.15,113.18,903.963
2026-09-24 09:49:00,113.17,113.23,113.12,113.21,775.735
2026-09-24 09:50:00,113.21,113.36,113.2,113.34,2799.049
2026-09-24 09:51:00,113.33,113.38,113.2,113.28,3540.603
2026-09-24 09:52:00,113.28,113.46,113.28,113.46,1137.859
2026-09-24 09:53:00,113.45,113.47,113.3,113.35,2723.647
2026-09-24 09:54:00,113.34,113.35,113.27,113.3,592.418
2026-09-24 09:55:00,113.3,113.4,113.3,113.35,716.657
2026-09-24 09:56:00,113.34,113.37,113.2,113.22,2383.382
2026-09-24 09:57:00,113.21,113.21,113.11,113.11,469.193
2026-09-24 09:58:00,113.12,113.17,113.1,113.13,2131.702
2026-09-24 09:59:00,113.14,113.17,113.1,113.15,3698.052
2026-09-24 10:00:00,113.14,113.2,113.07,113.2,4274.557
2026-09-24 10:01:00,113.19,113.21,113.15,113.17,1370.776
2026-09-24 10:02:00,113.17,113.18,113.11,113.15,770.288
2026-09-24 10:03:00,113.15,113.17,113.12,113.16,1050.812
2026-09-24 10:04:00,113.16,113.16,113.08,113.1,646.961
2026-09-24 10:05:00,113.1,113.1,113.03,113.05,865.44
2026-09-24 10:06:00,113.05,113.05,112.94,112.94,1268.236
2026-09-24 10:07:00,112.94,112.96,112.8,112.96,3294.162
2026-09-24 10:08:00,112.96,113.06,112.93,113.05,1062.412
2026-09-24 10:09:00,113.05,113.11,113.02,113.03,769.987
2026-09-24 10:10:00,113.04,113.15,112.97,113.13,2013.692
2026-09-24 10:11:00,113.12,113.25,113.08,113.08,4318.467
2026-09-24 10:12:00,113.08,113.08,112.97,112.98,3824.261
2026-09-24 10:13:00,112.98,112.98,112.83,112.87,1603.828
2026-09-24 10:14:00,112.87,113.08,112.87,113.08,994.095
2026-09-24 10:15:00,113.07,113.07,112.97,112.98,777.02
2026-09-24 10:16:00,112.98,113.27,112.98,113.27,5873.618
2026-09-24 10:17:00,113.27,113.29,113.13,113.18,4682.227
2026-09-24 10:18:00,113.17,113.27,113.13,113.21,3836.049
2026-09-24 10:19:00,113.22,113.26,113.14,113.15,3000.32
2026-09-24 10:20:00,113.15,113.2,113.02,113.02,1245.591
2026-09-24 10:21:00,113.02,113.05,113.0,113.03,768.663
2026-09-24 10:22:00,113.02,113.07,113.0,113.0,628.405
2026-09-24 10:23:00,113.0,113.18,113.0,113.02,3816.476
2026-09-24 10:24:00,113.02,113.13,112.98,112.99,1525.63
2026-09-24 10:25:00,112.99,113.04,112.96,112.99,517.787
2026-09-24 10:26:00,112.98,113.08,112.95,113.03,836.259
2026-09-24 10:27:00,113.04,113.04,112.93,112.96,1534.696
2026-09-24 10:28:00,112.96,113.04,112.93,112.96,2059.786
2026-09-24 10:29:00,112.96,113.15,112.96,113.06,2994.998
2026-09-24 10:30:00,113.07,113.07,112.91,112.91,1065.743
2026-09-24 10:31:00,112.92,112.95,112.86,112.89,4985.711
2026-09-24 10:32:00,112.88,112.91,112.85,112.86,517.474
2026-09-24 10:33:00,112.85,112.93,112.73,112.75,6562.459
2026-09-24 10:34:00,112.75,112.82,112.75,112.81,2123.421
2026-09-24 10:35:00,112.82,112.91,112.78,112.91,8688.53
2026-09-24 10:36:00,112.91,112.92,112.84,112.87,6055.98
2026-09-24 10:37:00,112.88,112.97,112.88,112.95,1078.844
2026-09-24 10:38:00,112.94,113.09,112.94,113.09,2581.206
2026-09-24 10:39:00,113.08,113.15,113.08,113.15,1642.435
2026-09-24 10:40:00,113.14,113.31,113.14,113.31,8477.95
2026-09-24 10:41:00,113.31,113.4,113.26,113.39,3030.185
2026-09-24 10:42:00,113.38,113.45,113.36,113.39,3967.402
2026-09-24 10:43:00,113.38,113.41,113.38,113.4,290.345
2026-09-24 10:44:00,113.4,113.41,113.36,113.36,777.687
2026-09-24 10:45:00,113.37,113.37,113.29,113.31,1634.623
2026-09-24 10:46:00,113.32,113.33,113.28,113.28,591.409
2026-09-24 10:47:00,113.29,113.33,113.25,113.27,1271.418
2026-09-24 10:48:00,113.28,113.28,113.22,113.25,634.525
2026-09-24 10:49:00,113.25,113.5,113.23,113.45,6582.985
2026-09-24 10:50:00,113.44,113.58,113.43,113.47,2104.692
2026-09-24 10:51:00,113.46,113.58,113.43,113.49,1084.044
2026-09-24 10:52:00,113.5,113.52,113.43,113.48,727.232
2026-09-24 10:53:00,113.48,113.51,113.45,113.46,425.142
2026-09-24 10:54:00,113.46,113.46,113.34,113.34,2281.627
2026-09-24 10:55:00,113.34,113.42,113.29,113.42,740.484
2026-09-24 10:56:00,113.42,113.42,113.33,113.35,230.133
2026-09-24 10:57:00,113.36,113.44,113.36,113.4,278.818
2026-09-24 10:58:00,113.41,113.45,113.4,113.4,337.267
2026-09-24 10:59:00,113.4,113.41,113.36,113.37,155.125
2026-09-24 11:00:00,113.36,113.6,113.35,113.49,10831.089
2026-09-24 11:01:00,113.49,113.53,113.47,113.48,2189.84
2026-09-24 11:02:00,113.49,113.49,113.42,113.42,410.37
2026-09-24 11:03:00,113.42,113.52,113.42,113.51,488.371
2026-09-24 11:04:00,113.52,113.57,113.51,113.53,456.516
2026-09-24 11:05:00,113.53,113.53,113.46,113.51,745.236
2026-09-24 11:06:00,113.5,113.56,113.47,113.47,1857.652
2026-09-24 11:07:00,113.47,113.48,113.4,113.43,1497.779
2026-09-24 11:08:00,113.44,113.47,113.4,113.4,888.216
2026-09-24 11:09:00,113.41,113.45,113.39,113.45,454.077
2026-09-24 11:10:00,113.45,113.46,113.36,113.37,737.112
2026-09-24 11:11:00,113.36,113.39,113.34,113.37,813.076
2026-09-24 11:12:00,113.36,113.42,113.34,113.37,1946.069
2026-09-24 11:13:00,113.37,113.4,113.3,113.38,1563.142
2026-09-24 11:14:00,113.38,113.45,113.38,113.42,714.792
2026-09-24 11:15:00,113.41,113.46,113.33,113.4,1644.106
2026-09-24 11:16:00,113.41,113.44,113.37,113.42,1477.59
2026-09-24 11:17:00,113.43,113.44,113.36,113.38,1338.443
2026-09-24 11:18:00,113.38,113.41,113.34,113.39,638.523
2026-09-24 11:19:00,113.38,113.43,113.38,113.4,374.255
2026-09-24 11:20:00,113.4,113.41,113.36,113.38,869.979
2026-09-24 11:21:00,113.39,113.39,113.36,113.39,191.077
2026-09-24 11:22:00,113.39,113.48,113.39,113.47,1893.38
2026-09-24 11:23:00,113.46,113.52,113.44,113.52,763.815
2026-09-24 11:24:00,113.51,113.54,113.49,113.54,634.203
2026-09-24 11:25:00,113.54,113.54,113.45,113.47,984.63
2026-09-24 11:26:00,113.48,113.53,113.48,113.49,1385.44
2026-09-24 11:27:00,113.49,113.52,113.42,113.43,2121.941
2026-09-24 11:28:00,113.44,113.47,113.4,113.41,194.238
2026-09-24 11:29:00,113.4,113.42,113.34,113.34,359.658
2026-09-24 11:30:00,113.35,113.37,113.28,113.31,1743.665
2026-09-24 11:31:00,113.3,113.41,113.3,113.32,742.227
2026-09-24 11:32:00,113.33,113.34,113.26,113.28,2318.615
2026-09-24 11:33:00,113.29,113.29,113.2,113.2,418.309
2026-09-24 11:34:00,113.21,113.27,113.16,113.2,941.543
2026-09-24 11:35:00,113.2,113.2,113.13,113.19,280.629
2026-09-24 11:36:00,113.2,113.2,113.16,113.17,205.321
2026-09-24 11:37:00,113.17,113.21,113.12,113.13,745.807
2026-09-24 11:38:00,113.13,113.18,113.07,113.14,3135.733
2026-09-24 11:39:00,113.14,113.21,113.13,113.19,445.535
2026-09-24 11:40:00,113.18,113.21,113.15,113.18,776.418
2026-09-24 11:41:00,113.17,113.21,113.15,113.16,774.866
2026-09-24 11:42:00,113.16,113.18,113.13,113.14,867.206
2026-09-24 11:43:00,113.13,113.22,113.1,113.19,2662.019
2026-09-24 11:44:00,113.2,113.23,113.2,113.23,650.414
2026-09-24 11:45:00,113.23,113.23,113.15,113.15,1309.448
2026-09-24 11:46:00,113.16,113.24,113.09,113.24,783.768
2026-09-24 11:47:00,113.23,113.26,113.2,113.24,606.493
2026-09-24 11:48:00,113.23,113.28,113.23,113.28,1194.347
2026-09-24 11:49:00,113.28,113.29,113.26,113.28,833.678
2026-09-24 11:50:00,113.28,113.33,113.26,113.26,1585.786
2026-09-24 11:51:00,113.27,113.36,113.25,113.33,649.892
2026-09-24 11:52:00,113.34,113.37,113.1,113.12,4687.233
2026-09-24 11:53:00,113.12,113.18,113.1,113.11,1402.868
2026-09-24 11:54:00,113.12,113.16,113.06,113.14,970.579
2026-09-24 11:55:00,113.14,113.16,113.12,113.16,957.102
2026-09-24 11:56:00,113.15,113.17,113.1,113.17,697.137
2026-09-24 11:57:00,113.17,113.23,113.16,113.21,1457.411
2026-09-24 11:58:00,113.22,113.27,113.21,113.26,1078.939
2026-09-24 11:59:00,113.25,113.44,113.24,113.35,4873.477
2026-09-24 12:00:00,113.34,113.41,113.28,113.3,2701.028
2026-09-24 12:01:00,113.3,113.3,113.18,113.19,1147.864
2026-09-24 12:02:00,113.19,113.32,113.17,113.29,846.625
2026-09-24 12:03:00,113.3,113.32,113.23,113.23,512.707
2026-09-24 12:04:00,113.23,113.3,113.21,113.22,411.891
2026-09-24 12:05:00,113.22,113.36,113.22,113.36,578.163
2026-09-24 12:06:00,113.36,113.38,113.31,113.37,806.939
2026-09-24 12:07:00,113.37,113.38,113.32,113.36,436.813
2026-09-24 12:08:00,113.36,113.59,113.31,113.58,1269.512
2026-09-24 12:09:00,113.58,113.58,113.53,113.53,2722.942
2026-09-24 12:10:00,113.54,113.68,113.53,113.67,2959.9
2026-09-24 12:11:00,113.67,113.7,113.62,113.62,1047.404
2026-09-24 12:12:00,113.62,113.73,113.62,113.67,2269.195
2026-09-24 12:13:00,113.67,113.67,113.54,113.55,621.358
2026-09-24 12:14:00,113.54,113.58,113.5,113.53,781.966
2026-09-24 12:15:00,113.52,113.59,113.51,113.55,652.619
2026-09-24 12:16:00,113.56,113.58,113.51,113.55,430.952
2026-09-24 12:17:00,113.55,113.61,113.53,113.54,687.663
2026-09-24 12:18:00,113.54,113.55,113.46,113.48,1640.603
2026-09-24 12:19:00,113.47,113.48,113.43,113.45,354.212
2026-09-24 12:20:00,113.44,113.57,113.44,113.57,428.997
2026-09-24 12:21:00,113.57,113.65,113.54,113.55,2724.735
2026-09-24 12:22:00,113.56,113.67,113.55,113.64,746.591
2026-09-24 12:23:00,113.64,113.64,113.59,113.6,912.811
2026-09-24 12:24:00,113.59,113.75,113.54,113.75,1395.974
2026-09-24 12:25:00,113.75,113.75,113.56,113.68,3085.529
2026-09-24 12:26:00,113.67,113.67,113.51,113.51,689.073
2026-09-24 12:27:00,113.5,113.53,113.49,113.51,406.15
2026-09-24 12:28:00,113.51,113.51,113.47,113.5,682.704
2026-09-24 12:29:00,113.5,113.5,113.46,113.49,1713.955
2026-09-24 12:30:00,113.49,113.57,113.46,113.51,344.54
2026-09-24 12:31:00,113.51,113.51,113.42,113.44,489.064
2026-09-24 12:32:00,113.44,113.44,113.29,113.3,321.747
2026-09-24 12:33:00,113.29,113.29,113.16,113.23,534.454
2026-09-24 12:34:00,113.22,113.32,113.18,113.28,668.668
2026-09-24 12:35:00,113.28,113.28,113.11,113.17,2028.89
2026-09-24 12:36:00,113.17,113.24,113.13,113.24,333.768
2026-09-24 12:37:00,113.25,113.33,113.24,113.29,459.506
2026-09-24 12:38:00,113.3,113.3,113.26,113.28,633.047
2026-09-24 12:39:00,113.28,113.31,113.25,113.3,869.783
2026-09-24 12:40:00,113.31,113.4,113.31,113.34,1107.286
2026-09-24 12:41:00,113.35,113.43,113.35,113.43,1236.252
2026-09-24 12:42:00,113.44,113.55,113.44,113.45,1409.424
2026-09-24 12:43:00,113.45,113.51,113.41,113.43,416.263
2026-09-24 12:44:00,113.43,113.52,113.43,113.52,908.856
2026-09-24 12:45:00,113.51,113.54,113.43,113.44,2114.961
2026-09-24 12:46:00,113.43,113.48,113.39,113.47,4510.207
2026-09-24 12:47:00,113.48,113.48,113.39,113.41,12319.131
2026-09-24 12:48:00,113.42,113.54,113.42,113.52,735.23
2026-09-24 12:49:00,113.53,113.53,113.44,113.45,377.511
2026-09-24 12:50:00,113.44,113.45,113.38,113.41,1171.219
2026-09-24 12:51:00,113.41,113.51,113.41,113.49,743.602
2026-09-24 12:52:00,113.49,113.55,113.48,113.54,234.537
2026-09-24 12:53:00,113.54,113.58,113.5,113.5,918.104
2026-09-24 12:54:00,113.51,113.66,113.51,113.65,581.014
2026-09-24 12:55:00,113.65,113.7,113.65,113.7,484.472
2026-09-24 12:56:00,113.69,113.8,113.69,113.79,2185.85
2026-09-24 12:57:00,113.78,113.92,113.78,113.88,1513.74
2026-09-24 12:58:00,113.88,113.88,113.81,113.86,645.284
2026-09-24 12:59:00,113.87,113.88,113.81,113.84,898.597
2026-09-24 13:00:00,113.84,113.99,113.82,113.99,2004.863
2026-09-24 13:01:00,114.0,114.07,113.9,113.9,2539.165
2026-09-24 13:02:00,113.91,114.04,113.89,114.04,2458.956
2026-09-24 13:03:00,114.04,114.18,114.03,114.12,2271.834
2026-09-24 13:04:00,114.13,114.23,114.11,114.19,1754.878
2026-09-24 13:05:00,114.2,114.21,114.14,114.15,1534.718
2026-09-24 13:06:00,114.16,114.24,114.14,114.16,2309.946
2026-09-24 13:07:00,114.15,114.21,114.14,114.21,1150.188
2026-09-24 13:08:00,114.21,114.23,114.14,114.23,908.506
2026-09-24 13:09:00,114.22,114.27,114.22,114.26,757.853
2026-09-24 13:10:00,114.26,114.33,114.26,114.32,1087.16
2026-09-24 13:11:00,114.31,114.35,114.23,114.23,1973.487
2026-09-24 13:12:00,114.23,114.3,114.23,114.28,535.041
2026-09-24 13:13:00,114.27,114.37,114.27,114.35,1301.715
2026-09-24 13:14:00,114.36,114.37,114.26,114.31,1024.134
2026-09-24 13:15:00,114.3,114.31,114.26,114.28,715.869
2026-09-24 13:16:00,114.28,114.34,114.25,114.3,1396.867
2026-09-24 13:17:00,114.3,114.39,114.29,114.39,884.324
2026-09-24 13:18:00,114.38,114.46,114.34,114.45,1513.297
2026-09-24 13:19:00,114.45,114.54,114.42,114.52,2937.469
2026-09-24 13:20:00,114.52,114.84,114.5,114.73,8243.145
2026-09-24 13:21:00,114.73,114.74,114.5,114.53,3942.178
2026-09-24 13:22:00,114.54,114.62,114.53,114.55,1936.635
2026-09-24 13:23:00,114.55,114.55,114.43,114.5,962.886
2026-09-24 13:24:00,114.51,114.51,114.46,114.48,552.258
2026-09-24 13:25:00,114.47,114.6,114.42,114.59,2485.086
2026-09-24 13:26:00,114.6,114.67,114.59,114.6,2650.003
2026-09-24 13:27:00,114.6,114.62,114.54,114.58,1627.786
2026-09-24 13:28:00,114.57,114.62,114.56,114.57,1304.51
2026-09-24 13:29:00,114.57,114.58,114.49,114.51,1327.587
2026-09-24 13:30:00,114.52,114.7,114.46,114.69,2509.397
2026-09-24 13:31:00,114.7,115.02,114.66,115.01,5654.178
2026-09-24 13:32:00,115.02,115.42,115.02,115.1,10720.924
2026-09-24 13:33:00,115.1,115.26,115.08,115.1,9041.876
2026-09-24 13:34:00,115.1,115.21,115.04,115.2,4741.155
2026-09-24 13:35:00,115.19,115.19,114.86,114.91,3870.31
2026-09-24 13:36:00,114.91,115.06,114.91,115.02,4840.514
2026-09-24 13:37:00,115.02,115.11,114.98,115.09,2229.893
2026-09-24 13:38:00,115.09,115.3,115.05,115.22,3365.699
2026-09-24 13:39:00,115.21,115.33,115.14,115.28,7194.115
2026-09-24 13:40:00,115.28,115.35,115.02,115.02,7859.918
2026-09-24 13:41:00,115.02,115.03,114.74,114.76,2504.009
2026-09-24 13:42:00,114.76,114.82,114.7,114.76,2620.342
2026-09-24 13:43:00,114.76,114.95,114.76,114.84,1984.215
2026-09-24 13:44:00,114.84,114.86,114.73,114.76,3294.325
2026-09-24 13:45:00,114.76,114.84,114.7,114.71,3200.837
2026-09-24 13:46:00,114.72,114.89,114.7,114.83,2233.729
2026-09-24 13:47:00,114.84,114.93,114.78,114.88,8133.226
2026-09-24 13:48:00,114.88,114.93,114.73,114.77,2627.033
2026-09-24 13:49:00,114.78,114.79,114.68,114.71,1013.292
2026-09-24 13:50:00,114.71,114.73,114.55,114.7,3267.528
2026-09-24 13:51:00,114.71,114.76,114.63,114.63,3360.324
2026-09-24 13:52:00,114.62,114.68,114.58,114.65,2092.459
2026-09-24 13:53:00,114.64,114.64,114.48,114.49,1148.226
2026-09-24 13:54:00,114.49,114.7,114.49,114.7,1229.312
2026-09-24 13:55:00,114.7,114.88,114.7,114.86,3787.333
2026-09-24 13:56:00,114.86,114.89,114.78,114.84,1417.152
2026-09-24 13:57:00,114.83,114.91,114.79,114.89,864.824
2026-09-24 13:58:00,114.9,114.95,114.85,114.94,913.414
2026-09-24 13:59:00,114.94,115.04,114.94,114.97,2534.052
2026-09-24 14:00:00,114.98,115.04,114.87,114.95,3923.213
2026-09-24 14:01:00,114.96,115.02,114.87,114.88,1436.765
2026-09-24 14:02:00,114.88,115.07,114.83,114.97,2595.064
2026-09-24 14:03:00,114.97,115.02,114.86,115.02,1669.593
2026-09-24 14:04:00,115.01,115.08,114.97,115.04,1520.337
2026-09-24 14:05:00,115.04,115.04,114.9,114.9,1386.254
2026-09-24 14:06:00,114.91,115.13,114.9,115.09,1540.714
2026-09-24 14:07:00,115.09,115.24,115.09,115.23,2617.593
2026-09-24 14:08:00,115.22,115.22,115.09,115.13,1237.082
2026-09-24 14:09:00,115.12,115.13,115.01,115.01,931.812
2026-09-24 14:10:00,115.02,115.08,114.9,115.02,1726.842
2026-09-24 14:11:00,115.01,115.15,114.96,115.0,2869.392
2026-09-24 14:12:00,114.99,115.0,114.84,114.85,5790.396
2026-09-24 14:13:00,114.84,115.03,114.84,115.01,1086.914
2026-09-24 14:14:00,115.01,115.03,114.94,114.94,1666.987
2026-09-24 14:15:00,114.95,115.0,114.87,114.88,1058.264
2026-09-24 14:16:00,114.88,115.14,114.85,115.14,2306.638
2026-09-24 14:17:00,115.14,115.25,115.12,115.22,4272.703
2026-09-24 14:18:00,115.23,115.25,115.17,115.19,1702.899
2026-09-24 14:19:00,115.2,115.36,115.19,115.33,2223.432
2026-09-24 14:20:00,115.33,115.38,115.29,115.37,2170.247
2026-09-24 14:21:00,115.37,115.58,115.37,115.4,4613.491
2026-09-24 14:22:00,115.39,115.43,115.31,115.33,2559.679
2026-09-24 14:23:00,115.33,115.42,115.28,115.41,1734.185
2026-09-24 14:24:00,115.41,115.48,115.35,115.48,1134.997
2026-09-24 14:25:00,115.49,115.74,115.48,115.72,3699.068
2026-09-24 14:26:00,115.72,115.9,115.72,115.8,8475.939
2026-09-24 14:27:00,115.8,116.04,115.73,115.98,8779.078
2026-09-24 14:28:00,115.98,116.35,115.92,116.3,14125.988
2026-09-24 14:29:00,116.3,116.44,116.23,116.33,6922.874
2026-09-24 14:30:00,116.33,116.35,116.02,116.19,6188.818
2026-09-24 14:31:00,116.18,116.27,115.99,116.19,5833.808
2026-09-24 14:32:00,116.2,116.43,116.2,116.32,10548.507
2026-09-24 14:33:00,116.32,116.4,116.25,116.3,4371.555
2026-09-24 14:34:00,116.3,116.41,116.21,116.39,4193.156
2026-09-24 14:35:00,116.38,116.42,116.25,116.29,2352.641
2026-09-24 14:36:00,116.28,116.28,116.08,116.1,5625.602
2026-09-24 14:37:00,116.1,116.25,116.04,116.07,2773.765
2026-09-24 14:38:00,116.08,116.1,115.84,115.84,5367.177
2026-09-24 14:39:00,115.84,115.96,115.8,115.95,2691.905
2026-09-24 14:40:00,115.95,116.09,115.94,116.07,2383.85
2026-09-24 14:41:00,116.07,116.08,115.94,116.02,3099.494
2026-09-24 14:42:00,116.03,116.1,115.95,115.96,1069.005
2026-09-24 14:43:00,115.95,116.01,115.87,115.87,1864.227
2026-09-24 14:44:00,115.87,115.9,115.77,115.85,3300.224
2026-09-24 14:45:00,115.85,115.85,115.63,115.74,4596.354
2026-09-24 14:46:00,115.73,115.84,115.66,115.67,3034.251
2026-09-24 14:47:00,115.67,115.68,115.6,115.66,1542.268
2026-09-24 14:48:00,115.66,115.66,115.21,115.22,7774.672
2026-09-24 14:49:00,115.22,115.28,114.84,114.85,9863.651
2026-09-24 14:50:00,114.85,115.1,114.62,114.7,11758.566
2026-09-24 14:51:00,114.71,115.0,114.62,114.85,6294.041
2026-09-24 14:52:00,114.85,114.92,114.35,114.39,6614.544
2026-09-24 14:53:00,114.4,114.67,114.07,114.65,14298.682
2026-09-24 14:54:00,114.66,114.91,114.66,114.88,2985.712
2026-09-24 14:55:00,114.87,114.93,114.73,114.89,3102.726
2026-09-24 14:56:00,114.89,114.97,114.78,114.79,2965.862
2026-09-24 14:57:00,114.79,114.79,114.58,114.58,3955.355
2026-09-24 14:58:00,114.58,114.62,114.45,114.59,3298.125
2026-09-24 14:59:00,114.6,114.61,114.43,114.6,2204.05
2026-09-24 15:00:00,114.59,114.72,114.36,114.72,3840.446
2026-09-24 15:01:00,114.73,114.88,114.73,114.82,3747.278
2026-09-24 15:02:00,114.82,114.82,114.45,114.45,2025.442
2026-09-24 15:03:00,114.45,114.66,114.42,114.66,1163.2
2026-09-24 15:04:00,114.66,114.85,114.64,114.78,2338.685
2026-09-24 15:05:00,114.78,114.99,114.77,114.8,2779.807
2026-09-24 15:06:00,114.81,115.0,114.8,114.97,2761.627
2026-09-24 15:07:00,114.96,115.0,114.84,114.85,978.278
2026-09-24 15:08:00,114.85,114.93,114.8,114.87,1503.561
2026-09-24 15:09:00,114.88,114.91,114.8,114.86,1102.606
2026-09-24 15:10:00,114.86,114.94,114.79,114.79,1107.954
2026-09-24 15:11:00,114.8,115.03,114.77,115.02,1350.689
2026-09-24 15:12:00,115.02,115.1,114.97,115.01,1607.908
2026-09-24 15:13:00,115.01,115.01,114.83,114.88,1106.375
2026-09-24 15:14:00,114.88,115.03,114.83,115.02,1891.212
2026-09-24 15:15:00,115.01,115.18,114.96,115.1,1586.744
2026-09-24 15:16:00,115.09,115.28,115.04,115.25,1974.032
2026-09-24 15:17:00,115.25,115.51,115.24,115.47,3500.922
2026-09-24 15:18:00,115.46,115.46,115.21,115.35,1279.928
2026-09-24 15:19:00,115.34,115.5,115.34,115.5,792.583
2026-09-24 15:20:00,115.5,115.53,115.41,115.47,1130.586
2026-09-24 15:21:00,115.48,115.55,115.48,115.48,1305.259
2026-09-24 15:22:00,115.48,115.56,115.43,115.51,5188.913
2026-09-24 15:23:00,115.52,115.7,115.51,115.69,1390.985
2026-09-24 15:24:00,115.69,115.93,115.69,115.88,2766.472
2026-09-24 15:25:00,115.88,115.93,115.68,115.72,2955.607
2026-09-24 15:26:00,115.73,115.81,115.67,115.73,3596.517
2026-09-24 15:27:00,115.74,115.76,115.67,115.71,766.197
2026-09-24 15:28:00,115.71,115.76,115.64,115.69,983.992
2026-09-24 15:29:00,115.69,115.7,115.62,115.67,1024.048
2026-09-24 15:30:00,115.67,115.72,115.59,115.63,1448.825
2026-09-24 15:31:00,115.62,115.82,115.6,115.82,1248.235
2026-09-24 15:32:00,115.83,115.83,115.68,115.72,1178.751
2026-09-24 15:33:00,115.72,115.9,115.7,115.89,1103.514
2026-09-24 15:34:00,115.88,115.94,115.85,115.9,1196.832
2026-09-24 15:35:00,115.9,116.12,115.86,116.05,2691.859
2026-09-24 15:36:00,116.05,116.15,116.03,116.14,2155.133
2026-09-24 15:37:00,116.15,116.63,116.13,116.42,9520.338
2026-09-24 15:38:00,116.42,116.42,116.24,116.28,2306.544
2026-09-24 15:39:00,116.28,116.34,116.2,116.21,3560.261
2026-09-24 15:40:00,116.2,116.28,116.16,116.21,1729.8
2026-09-24 15:41:00,116.21,116.28,116.16,116.21,2743.971
2026-09-24 15:42:00,116.21,116.21,116.03,116.11,1486.088
2026-09-24 15:43:00,116.1,116.11,116.05,116.09,1867.956
2026-09-24 15:44:00,116.1,116.22,116.03,116.22,1437.631
2026-09-24 15:45:00,116.23,116.28,116.13,116.14,1862.707
2026-09-24 15:46:00,116.15,116.19,116.04,116.04,1292.784
2026-09-24 15:47:00,116.05,116.11,116.02,116.04,994.048
2026-09-24 15:48:00,116.03,116.14,115.93,115.93,1104.169
2026-09-24 15:49:00,115.93,116.13,115.91,116.08,1731.354
2026-09-24 15:50:00,116.08,116.14,116.01,116.03,792.171
2026-09-24 15:51:00,116.03,116.05,115.97,116.05,1385.877
2026-09-24 15:52:00,116.04,116.16,116.0,116.05,2218.438
2026-09-24 15:53:00,116.06,116.25,116.05,116.16,1712.161
2026-09-24 15:54:00,116.16,116.37,116.13,116.31,2959.525
2026-09-24 15:55:00,116.3,116.42,116.3,116.36,2802.353
2026-09-24 15:56:00,116.36,116.37,116.3,116.31,1895.29
2026-09-24 15:57:00,116.31,116.38,116.22,116.22,1451.051
2026-09-24 15:58:00,116.22,116.32,116.19,116.29,940.858
2026-09-24 15:59:00,116.3,116.33,116.26,116.33,887.05
2026-09-24 16:00:00,116.33,116.34,115.92,115.97,3615.022
2026-09-24 16:01:00,115.98,116.21,115.98,116.17,1236.91
2026-09-24 16:02:00,116.17,116.28,116.14,116.22,1924.172
2026-09-24 16:03:00,116.22,116.23,116.04,116.1,3259.925
2026-09-24 16:04:00,116.1,116.18,116.06,116.17,1198.489
2026-09-24 16:05:00,116.17,116.29,116.13,116.26,2315.337
2026-09-24 16:06:00,116.26,116.42,116.18,116.19,5150.77
2026-09-24 16:07:00,116.19,116.23,116.13,116.15,2395.722
2026-09-24 16:08:00,116.14,116.26,116.09,116.26,2166.866
2026-09-24 16:09:00,116.27,116.32,116.2,116.26,1027.254
2026-09-24 16:10:00,116.26,116.32,116.15,116.18,1575.132
2026-09-24 16:11:00,116.17,116.17,116.01,116.13,1517.576
2026-09-24 16:12:00,116.13,116.17,116.01,116.01,1826.877
2026-09-24 16:13:00,116.02,116.12,115.97,116.12,1022.571
2026-09-24 16:14:00,116.11,116.42,116.09,116.42,5196.369
2026-09-24 16:15:00,116.42,116.85,116.42,116.69,15684.12
2026-09-24 16:16:00,116.69,117.3,116.69,117.2,22151.551
2026-09-24 16:17:00,117.2,117.42,117.19,117.37,11277.813
2026-09-24 16:18:00,117.36,117.52,116.93,117.0,10272.057
2026-09-24 16:19:00,117.0,117.28,116.94,117.11,12233.454
2026-09-24 16:20:00,117.11,117.43,117.05,117.38,6746.412
2026-09-24 16:21:00,117.38,117.4,117.18,117.27,4480.427
2026-09-24 16:22:00,117.27,117.34,117.11,117.2,9216.568
2026-09-24 16:23:00,117.21,117.24,117.02,117.05,8223.877
2026-09-24 16:24:00,117.04,117.08,116.94,117.05,4191.35
2026-09-24 16:25:00,117.04,117.07,116.82,116.85,3542.326
2026-09-24 16:26:00,116.86,117.0,116.86,116.98,1430.217
2026-09-24 16:27:00,116.98,117.08,116.91,117.05,2282.952
2026-09-24 16:28:00,117.05,117.28,117.05,117.27,3333.796
2026-09-24 16:29:00,117.28,117.35,117.25,117.3,4018.656
2026-09-24 16:30:00,117.31,117.33,117.08,117.18,3796.167
2026-09-24 16:31:00,117.17,117.17,116.98,116.98,1928.449
2026-09-24 16:32:00,116.97,116.97,116.85,116.9,1232.333
2026-09-24 16:33:00,116.89,116.95,116.83,116.93,7125.985
2026-09-24 16:34:00,116.94,117.03,116.91,116.96,2364.499
2026-09-24 16:35:00,116.96,117.17,116.88,117.17,2455.95
2026-09-24 16:36:00,117.17,117.36,117.17,117.31,3409.661
2026-09-24 16:37:00,117.31,117.36,117.26,117.3,1768.914
2026-09-24 16:38:00,117.29,117.39,117.29,117.31,2303.885
2026-09-24 16:39:00,117.31,117.47,117.29,117.47,3934.992
2026-09-24 16:40:00,117.48,117.66,117.46,117.62,4037.326
2026-09-24 16:41:00,117.62,117.77,117.6,117.7,4179.259
2026-09-24 16:42:00,117.7,117.79,117.62,117.66,4026.174
2026-09-24 16:43:00,117.66,117.68,117.42,117.49,3177.275
2026-09-24 16:44:00,117.49,117.49,117.14,117.16,2673.423
2026-09-24 16:45:00,117.16,117.23,117.05,117.23,4634.602
2026-09-24 16:46:00,117.23,117.39,117.19,117.38,4536.437
2026-09-24 16:47:00,117.38,117.46,117.3,117.44,1238.326
2026-09-24 16:48:00,117.45,117.5,117.34,117.37,1246.654
2026-09-24 16:49:00,117.36,117.42,117.31,117.33,5115.181
2026-09-24 16:50:00,117.33,117.36,117.14,117.21,3341.229
2026-09-24 16:51:00,117.21,117.31,117.17,117.2,1643.073
2026-09-24 16:52:00,117.21,117.22,117.05,117.06,2175.604
2026-09-24 16:53:00,117.07,117.15,116.9,116.95,3469.681
2026-09-24 16:54:00,116.95,117.1,116.9,117.08,4379.588
2026-09-24 16:55:00,117.07,117.09,116.86,116.86,2067.71
2026-09-24 16:56:00,116.86,117.0,116.83,117.0,2262.483
2026-09-24 16:57:00,116.99,117.13,116.99,117.08,1006.915
2026-09-24 16:58:00,117.09,117.23,117.09,117.11,1318.82
2026-09-24 16:59:00,117.1,117.12,117.07,117.09,2187.989
2026-09-24 17:00:00,117.09,117.09,116.89,116.99,4940.618
2026-09-24 17:01:00,116.99,117.24,116.97,117.19,2334.745
2026-09-24 17:02:00,117.19,117.27,116.97,117.26,2877.651
2026-09-24 17:03:00,117.27,117.34,117.23,117.24,1289.838
2026-09-24 17:04:00,117.24,117.26,117.0,117.12,2648.583
2026-09-24 17:05:00,117.13,117.2,117.04,117.08,1331.472
2026-09-24 17:06:00,117.07,117.07,116.9,116.9,2703.341
2026-09-24 17:07:00,116.9,117.05,116.9,117.02,1455.401
2026-09-24 17:08:00,117.01,117.1,116.94,117.1,504.165
2026-09-24 17:09:00,117.1,117.28,117.05,117.28,1117.758
2026-09-24 17:10:00,117.27,117.34,117.11,117.32,5405.783
2026-09-24 17:11:00,117.32,117.33,117.2,117.3,7057.81
2026-09-24 17:12:00,117.3,117.3,117.09,117.1,3275.654
2026-09-24 17:13:00,117.09,117.12,117.02,117.09,2443.978
2026-09-24 17:14:00,117.09,117.22,117.09,117.18,3254.992
2026-09-24 17:15:00,117.18,117.19,117.05,117.15,1017.991
2026-09-24 17:16:00,117.15,117.34,117.15,117.24,1263.998
2026-09-24 17:17:00,117.25,117.32,117.06,117.06,2680.512
2026-09-24 17:18:00,117.07,117.26,117.0,117.2,999.899
2026-09-24 17:19:00,117.2,117.2,117.01,117.01,2821.884
2026-09-24 17:20:00,117.01,117.04,116.88,116.95,5569.14
2026-09-24 17:21:00,116.95,117.1,116.9,116.99,1541.942
2026-09-24 17:22:00,116.99,117.08,116.9,116.93,1453.683
2026-09-24 17:23:00,116.93,116.97,116.76,116.89,1830.186
2026-09-24 17:24:00,116.89,116.99,116.85,116.85,958.149
2026-09-24 17:25:00,116.85,116.95,116.79,116.79,1319.238
2026-09-24 17:26:00,116.8,116.91,116.79,116.85,933.163
2026-09-24 17:27:00,116.85,116.96,116.85,116.96,643.935
2026-09-24 17:28:00,116.97,117.06,116.97,117.04,414.007
2026-09-24 17:29:00,117.04,117.16,117.04,117.14,944.963
2026-09-24 17:30:00,117.14,117.25,117.13,117.23,478.511
2026-09-24 17:31:00,117.23,117.31,117.2,117.21,988.377
2026-09-24 17:32:00,117.2,117.2,117.09,117.19,2299.875
2026-09-24 17:33:00,117.19,117.19,117.1,117.14,1239.132
2026-09-24 17:34:00,117.15,117.15,116.99,117.01,1675.107
2026-09-24 17:35:00,117.01,117.07,116.94,117.0,1878.442
2026-09-24 17:36:00,116.99,117.05,116.94,117.04,2276.584
2026-09-24 17:37:00,117.04,117.05,116.82,116.82,1998.544
2026-09-24 17:38:00,116.82,116.87,116.69,116.73,3203.896
2026-09-24 17:39:00,116.74,116.95,116.74,116.88,932.091
2026-09-24 17:40:00,116.89,116.9,116.76,116.78,913.974
2026-09-24 17:41:00,116.79,116.96,116.73,116.91,3486.221
2026-09-24 17:42:00,116.91,117.06,116.91,117.0,660.014
2026-09-24 17:43:00,116.99,116.99,116.58,116.64,2469.547
2026-09-24 17:44:00,116.64,116.75,116.62,116.71,900.016
2026-09-24 17:45:00,116.7,116.7,116.48,116.61,5530.547
2026-09-24 17:46:00,116.61,116.7,116.58,116.65,1661.866
2026-09-24 17:47:00,116.65,116.76,116.6,116.75,834.819
2026-09-24 17:48:00,116.75,116.81,116.71,116.75,2912.692
2026-09-24 17:49:00,116.75,116.8,116.67,116.67,730.553
2026-09-24 17:50:00,116.67,116.78,116.67,116.77,1072.759
2026-09-24 17:51:00,116.78,116.8,116.67,116.7,1248.86
2026-09-24 17:52:00,116.69,116.74,116.64,116.65,673.113
2026-09-24 17:53:00,116.65,116.72,116.6,116.6,838.057
2026-09-24 17:54:00,116.6,116.6,116.5,116.56,3307.53
2026-09-24 17:55:00,116.56,116.62,116.5,116.58,2314.831
2026-09-24 17:56:00,116.58,116.75,116.56,116.73,5118.087
2026-09-24 17:57:00,116.72,116.86,116.69,116.79,3753.345
2026-09-24 17:58:00,116.8,116.83,116.71,116.81,1374.5
2026-09-24 17:59:00,116.81,116.85,116.74,116.77,6550.527
2026-09-24 18:00:00,116.77,116.83,116.71,116.79,2317.03
2026-09-24 18:01:00,116.79,116.8,116.62,116.63,1857.301
2026-09-24 18:02:00,116.63,116.64,116.38,116.42,3938.428
2026-09-24 18:03:00,116.41,116.44,116.25,116.34,3540.416
2026-09-24 18:04:00,116.34,116.54,116.32,116.42,3684.246
2026-09-24 18:05:00,116.42,116.5,116.38,116.49,2554.61
2026-09-24 18:06:00,116.49,116.61,116.41,116.55,4804.309
2026-09-24 18:07:00,116.55,116.58,116.47,116.51,626.389
2026-09-24 18:08:00,116.52,116.78,116.52,116.72,5011.906
2026-09-24 18:09:00,116.73,116.93,116.73,116.9,1198.905
2026-09-24 18:10:00,116.91,117.02,116.86,117.02,1133.977
2026-09-24 18:11:00,117.01,117.14,116.93,116.97,2732.134
2026-09-24 18:12:00,116.97,116.99,116.9,116.92,871.478
2026-09-24 18:13:00,116.92,116.93,116.81,116.85,934.08
2026-09-24 18:14:00,116.85,116.99,116.84,116.98,3162.534
2026-09-24 18:15:00,116.98,117.0,116.88,116.98,1513.816
2026-09-24 18:16:00,116.98,117.12,116.97,117.08,1104.883
2026-09-24 18:17:00,117.09,117.29,117.09,117.18,3039.373
2026-09-24 18:18:00,117.19,117.3,117.19,117.26,1102.823
2026-09-24 18:19:00,117.26,117.26,117.17,117.17,965.638
2026-09-24 18:20:00,117.17,117.2,117.06,117.19,1431.091
2026-09-24 18:21:00,117.19,117.27,117.16,117.16,699.522
2026-09-24 18:22:00,117.16,117.26,117.16,117.24,1367.529
2026-09-24 18:23:00,117.25,117.33,117.24,117.25,747.765
2026-09-24 18:24:00,117.25,117.25,117.17,117.19,372.166
2026-09-24 18:25:00,117.19,117.46,117.19,117.23,1891.004
2026-09-24 18:26:00,117.22,117.43,117.22,117.33,3018.117
2026-09-24 18:27:00,117.32,117.34,117.28,117.34,435.213
2026-09-24 18:28:00,117.35,117.4,117.29,117.3,398.022
2026-09-24 18:29:00,117.3,117.33,117.26,117.27,687.415
2026-09-24 18:30:00,117.28,117.47,117.28,117.36,1125.688
2026-09-24 18:31:00,117.36,117.36,117.21,117.21,1113.202
2026-09-24 18:32:00,117.21,117.31,117.12,117.16,6640.36
2026-09-24 18:33:00,117.17,117.18,117.01,117.15,2740.947
2026-09-24 18:34:00,117.16,117.19,117.04,117.05,1081.735
2026-09-24 18:35:00,117.05,117.05,116.88,116.89,1403.089
2026-09-24 18:36:00,116.88,117.01,116.88,116.9,1271.808
2026-09-24 18:37:00,116.9,117.06,116.9,116.97,3783.397
2026-09-24 18:38:00,116.96,117.29,116.96,117.24,4740.039
2026-09-24 18:39:00,117.24,117.43,117.11,117.12,3624.655
2026-09-24 18:40:00,117.13,117.14,117.06,117.09,411.081
2026-09-24 18:41:00,117.08,117.15,117.05,117.11,676.281
2026-09-24 18:42:00,117.11,117.14,117.06,117.11,818.02
2026-09-24 18:43:00,117.1,117.1,117.05,117.06,586.793
2026-09-24 18:44:00,117.06,117.18,117.06,117.17,2905.964
2026-09-24 18:45:00,117.17,117.21,117.15,117.16,3938.231
2026-09-24 18:46:00,117.15,117.16,117.11,117.16,651.76
2026-09-24 18:47:00,117.17,117.23,117.12,117.12,842.47
2026-09-24 18:48:00,117.13,117.24,117.13,117.22,724.749
2026-09-24 18:49:00,117.23,117.27,117.15,117.21,570.371
2026-09-24 18:50:00,117.21,117.38,117.12,117.34,2790.748
2026-09-24 18:51:00,117.34,117.35,117.27,117.35,633.846
2026-09-24 18:52:00,117.34,117.36,117.31,117.32,574.82
2026-09-24 18:53:00,117.31,117.33,117.27,117.28,394.082
2026-09-24 18:54:00,117.28,117.29,117.24,117.27,474.351
2026-09-24 18:55:00,117.28,117.36,117.27,117.36,699.063
2026-09-24 18:56:00,117.36,117.43,117.36,117.42,788.763
2026-09-24 18:57:00,117.42,117.51,117.42,117.51,1442.526
2026-09-24 18:58:00,117.5,117.56,117.48,117.49,1522.706
2026-09-24 18:59:00,117.49,117.5,117.35,117.38,942.101
2026-09-24 19:00:00,117.39,117.42,117.31,117.35,1761.41
2026-09-24 19:01:00,117.35,117.35,117.18,117.26,4209.122
2026-09-24 19:02:00,117.26,117.34,117.17,117.18,822.005
2026-09-24 19:03:00,117.18,117.25,117.17,117.2,961.288
2026-09-24 19:04:00,117.2,117.24,117.13,117.19,1015.645
2026-09-24 19:05:00,117.2,117.23,117.13,117.23,1075.1
2026-09-24 19:06:00,117.22,117.22,117.12,117.12,1350.959
2026-09-24 19:07:00,117.13,117.34,117.1,117.33,5758.199
2026-09-24 19:08:00,117.34,117.37,117.28,117.32,1569.754
2026-09-24 19:09:00,117.32,117.44,117.31,117.43,938.812
2026-09-24 19:10:00,117.43,117.45,117.29,117.31,788.155
2026-09-24 19:11:00,117.31,117.39,117.3,117.39,826.654
2026-09-24 19:12:00,117.38,117.43,117.37,117.4,696.135
2026-09-24 19:13:00,117.41,117.5,117.39,117.49,1343.699
2026-09-24 19:14:00,117.49,117.54,117.47,117.47,2264.691
2026-09-24 19:15:00,117.48,117.57,117.47,117.49,1758.859
2026-09-24 19:16:00,117.5,117.58,117.5,117.57,941.395
2026-09-24 19:17:00,117.57,117.66,117.54,117.55,2299.504
2026-09-24 19:18:00,117.54,117.6,117.53,117.56,707.575
2026-09-24 19:19:00,117.57,117.58,117.44,117.57,1892.075
2026-09-24 19:20:00,117.58,117.61,117.44,117.44,971.422
2026-09-24 19:21:00,117.44,117.5,117.41,117.5,836.604
2026-09-24 19:22:00,117.5,117.59,117.47,117.58,2079.618
2026-09-24 19:23:00,117.58,117.6,117.52,117.6,721.764
2026-09-24 19:24:00,117.59,117.61,117.57,117.58,736.935
2026-09-24 19:25:00,117.58,117.65,117.58,117.64,558.332
2026-09-24 19:26:00,117.65,117.67,117.59,117.6,1329.988
2026-09-24 19:27:00,117.6,117.66,117.6,117.6,709.457
2026-09-24 19:28:00,117.6,117.66,117.58,117.65,1486.148
2026-09-24 19:29:00,117.65,117.69,117.62,117.67,971.112
2026-09-24 19:30:00,117.66,117.7,117.58,117.64,1487.325
2026-09-24 19:31:00,117.63,117.64,117.53,117.57,562.203
2026-09-24 19:32:00,117.58,117.6,117.47,117.48,746.225
2026-09-24 19:33:00,117.48,117.65,117.48,117.65,7733.764
2026-09-24 19:34:00,117.65,117.66,117.62,117.64,1202.85
2026-09-24 19:35:00,117.64,117.64,117.44,117.44,7751.501
2026-09-24 19:36:00,117.44,117.48,117.43,117.44,550.272
2026-09-24 19:37:00,117.43,117.44,117.31,117.32,1485.936
2026-09-24 19:38:00,117.32,117.37,117.32,117.34,1002.512
2026-09-24 19:39:00,117.34,117.37,117.31,117.35,794.861
2026-09-24 19:40:00,117.35,117.42,117.31,117.39,3665.911
2026-09-24 19:41:00,117.38,117.45,117.31,117.42,3782.509
2026-09-24 19:42:00,117.42,117.47,117.39,117.39,1213.617
2026-09-24 19:43:00,117.39,117.41,117.29,117.32,2756.911
2026-09-24 19:44:00,117.32,117.38,117.32,117.36,651.133
2026-09-24 19:45:00,117.37,117.53,117.36,117.46,2005.267
2026-09-24 19:46:00,117.45,117.46,117.37,117.39,1138.877
2026-09-24 19:47:00,117.38,117.48,117.38,117.42,684.773
2026-09-24 19:48:00,117.43,117.56,117.34,117.47,3829.798
2026-09-24 19:49:00,117.47,117.48,117.45,117.46,723.571
2026-09-24 19:50:00,117.47,117.54,117.4,117.41,1388.839
2026-09-24 19:51:00,117.41,117.48,117.41,117.48,884.305
2026-09-24 19:52:00,117.48,117.51,117.45,117.45,494.697
2026-09-24 19:53:00,117.45,117.46,117.36,117.45,554.394
2026-09-24 19:54:00,117.46,117.48,117.38,117.38,680.919
2026-09-24 19:55:00,117.38,117.38,117.31,117.33,668.866
2026-09-24 19:56:00,117.33,117.33,117.18,117.28,5104.212
2026-09-24 19:57:00,117.28,117.33,117.25,117.28,1189.622
2026-09-24 19:58:00,117.29,117.3,117.12,117.18,2674.902
2026-09-24 19:59:00,117.19,117.31,117.12,117.3,3884.112
2026-09-24 20:00:00,117.29,117.31,117.2,117.21,675.134
2026-09-24 20:01:00,117.21,117.23,117.12,117.21,1812.869
2026-09-24 20:02:00,117.21,117.33,117.2,117.33,851.852
2026-09-24 20:03:00,117.33,117.41,117.32,117.41,1290.618
2026-09-24 20:04:00,117.42,117.45,117.22,117.22,1841.05
2026-09-24 20:05:00,117.22,117.23,117.15,117.16,1570.008
2026-09-24 20:06:00,117.16,117.2,117.09,117.2,692.594
2026-09-24 20:07:00,117.19,117.22,117.13,117.13,580.96
2026-09-24 20:08:00,117.13,117.29,117.1,117.27,3339.703
2026-09-24 20:09:00,117.27,117.3,117.19,117.26,829.781
2026-09-24 20:10:00,117.25,117.26,117.21,117.23,366.98
2026-09-24 20:11:00,117.23,117.27,117.2,117.21,890.709
2026-09-24 20:12:00,117.21,117.22,117.1,117.14,3755.315
2026-09-24 20:13:00,117.13,117.13,116.99,116.99,1640.119
2026-09-24 20:14:00,116.99,117.0,116.88,116.9,1501.016
2026-09-24 20:15:00,116.91,116.95,116.89,116.9,823.497
2026-09-24 20:16:00,116.9,117.0,116.86,116.96,6104.486
2026-09-24 20:17:00,116.96,117.01,116.93,117.01,934.888
2026-09-24 20:18:00,117.01,117.01,116.88,116.92,5424.812
2026-09-24 20:19:00,116.91,116.99,116.91,116.97,524.304
2026-09-24 20:20:00,116.96,116.96,116.82,116.87,1070.946
2026-09-24 20:21:00,116.87,116.92,116.85,116.86,630.151
2026-09-24 20:22:00,116.85,116.98,116.83,116.97,6035.22
2026-09-24 20:23:00,116.97,116.97,116.85,116.85,610.335
2026-09-24 20:24:00,116.85,116.86,116.71,116.76,1470.006
2026-09-24 20:25:00,116.76,116.78,116.66,116.78,2292.404
2026-09-24 20:26:00,116.77,116.78,116.73,116.78,957.591
2026-09-24 20:27:00,116.78,116.89,116.78,116.8,1525.243
2026-09-24 20:28:00,116.8,116.94,116.8,116.93,2267.938
2026-09-24 20:29:00,116.93,116.93,116.84,116.87,737.212
2026-09-24 20:30:00,116.88,116.89,116.74,116.84,1433.915
2026-09-24 20:31:00,116.83,116.86,116.8,116.83,987.445
2026-09-24 20:32:00,116.84,116.84,116.74,116.74,633.627
2026-09-24 20:33:00,116.73,116.74,116.67,116.72,1061.934
2026-09-24 20:34:00,116.71,116.8,116.7,116.76,1380.668
2026-09-24 20:35:00,116.76,116.82,116.76,116.81,965.995
2026-09-24 20:36:00,116.81,116.87,116.8,116.85,508.266
2026-09-24 20:37:00,116.86,116.91,116.83,116.86,1039.824
2026-09-24 20:38:00,116.87,116.94,116.86,116.94,576.252
2026-09-24 20:39:00,116.94,116.99,116.92,116.98,562.867
2026-09-24 20:40:00,116.97,117.06,116.97,117.01,666.5
2026-09-24 20:41:00,117.02,117.04,117.0,117.0,273.057
2026-09-24 20:42:00,117.0,117.03,116.98,116.98,589.746
2026-09-24 20:43:00,116.99,117.0,116.98,116.99,281.598
2026-09-24 20:44:00,116.99,116.99,116.9,116.91,862.347
2026-09-24 20:45:00,116.91,116.93,116.88,116.91,620.758
2026-09-24 20:46:00,116.9,116.99,116.9,116.98,573.678
2026-09-24 20:47:00,116.98,117.02,116.93,116.93,484.059
2026-09-24 20:48:00,116.93,116.94,116.87,116.91,438.081
2026-09-24 20:49:00,116.9,117.04,116.9,117.02,762.814
2026-09-24 20:50:00,117.02,117.02,117.0,117.02,371.479
2026-09-24 20:51:00,117.01,117.02,116.98,116.98,502.511
2026-09-24 20:52:00,116.99,117.0,116.9,116.96,1154.286
2026-09-24 20:53:00,116.95,116.98,116.91,116.91,536.571
2026-09-24 20:54:00,116.92,116.92,116.78,116.79,1045.952
2026-09-24 20:55:00,116.8,116.84,116.72,116.73,1016.714
2026-09-24 20:56:00,116.73,116.78,116.73,116.77,383.481
2026-09-24 20:57:00,116.78,116.78,116.7,116.72,790.446
2026-09-24 20:58:00,116.73,116.82,116.7,116.8,2268.487
2026-09-24 20:59:00,116.79,116.84,116.79,116.83,357.881
2026-09-24 21:00:00,116.84,116.89,116.83,116.88,403.445
2026-09-24 21:01:00,116.88,116.88,116.82,116.87,450.662
2026-09-24 21:02:00,116.87,116.94,116.79,116.8,4762.863
2026-09-24 21:03:00,116.8,116.8,116.74,116.78,663.695
2026-09-24 21:04:00,116.78,116.81,116.74,116.74,1464.989
2026-09-24 21:05:00,116.75,116.76,116.73,116.75,664.749
2026-09-24 21:06:00,116.75,116.81,116.64,116.69,2288.843
2026-09-24 21:07:00,116.7,116.74,116.66,116.68,1057.312
2026-09-24 21:08:00,116.68,116.77,116.67,116.72,709.668
2026-09-24 21:09:00,116.71,116.76,116.71,116.73,428.908
2026-09-24 21:10:00,116.72,116.77,116.67,116.77,1415.148
2026-09-24 21:11:00,116.78,116.78,116.69,116.7,584.614
2026-09-24 21:12:00,116.69,116.77,116.69,116.76,1497.767
2026-09-24 21:13:00,116.77,116.78,116.73,116.75,1385.586
2026-09-24 21:14:00,116.75,116.76,116.73,116.73,669.017
2026-09-24 21:15:00,116.73,116.77,116.69,116.77,814.932
2026-09-24 21:16:00,116.76,116.83,116.76,116.83,557.721
2026-09-24 21:17:00,116.83,116.87,116.82,116.87,1610.961
2026-09-24 21:18:00,116.86,116.89,116.85,116.87,514.105
2026-09-24 21:19:00,116.87,116.88,116.81,116.83,755.194
2026-09-24 21:20:00,116.84,116.98,116.84,116.97,1168.537
2026-09-24 21:21:00,116.98,116.98,116.93,116.94,674.347
2026-09-24 21:22:00,116.94,116.95,116.85,116.87,1782.898
2026-09-24 21:23:00,116.88,116.91,116.88,116.9,500.493
2026-09-24 21:24:00,116.9,116.94,116.9,116.93,401.326
2026-09-24 21:25:00,116.94,116.97,116.93,116.97,591.867
2026-09-24 21:26:00,116.97,116.97,116.86,116.91,2856.622
2026-09-24 21:27:00,116.92,116.99,116.9,116.93,1649.799
2026-09-24 21:28:00,116.93,116.93,116.89,116.9,323.654
2026-09-24 21:29:00,116.89,116.9,116.88,116.89,390.217
2026-09-24 21:30:00,116.89,116.89,116.85,116.85,370.574
2026-09-24 21:31:00,116.85,116.87,116.78,116.86,5035.773
2026-09-24 21:32:00,116.87,116.98,116.87,116.97,1622.27
2026-09-24 21:33:00,116.98,117.03,116.97,117.02,846.596
2026-09-24 21:34:00,117.03,117.04,117.02,117.03,647.039
2026-09-24 21:35:00,117.04,117.3,117.01,117.2,19130.222
2026-09-24 21:36:00,117.19,117.21,117.17,117.2,2992.248
2026-09-24 21:37:00,117.2,117.21,117.1,117.1,1078.82
2026-09-24 21:38:00,117.1,117.1,117.05,117.05,717.729
2026-09-24 21:39:00,117.06,117.06,117.04,117.05,289.065
2026-09-24 21:40:00,117.04,117.11,117.04,117.06,797.471
2026-09-24 21:41:00,117.07,117.14,117.06,117.14,873.388
2026-09-24 21:42:00,117.13,117.14,117.02,117.02,551.147
2026-09-24 21:43:00,117.03,117.04,116.96,117.04,855.0
2026-09-24 21:44:00,117.03,117.12,117.02,117.12,1094.594
2026-09-24 21:45:00,117.12,117.13,117.04,117.07,956.682
2026-09-24 21:46:00,117.08,117.13,117.07,117.1,384.682
2026-09-24 21:47:00,117.11,117.12,117.09,117.09,325.856
2026-09-24 21:48:00,117.09,117.09,117.06,117.06,463.795
2026-09-24 21:49:00,117.06,117.06,117.03,117.04,350.513
2026-09-24 21:50:00,117.03,117.09,117.01,117.09,756.957
2026-09-24 21:51:00,117.1,117.12,117.07,117.1,399.125
2026-09-24 21:52:00,117.1,117.14,117.07,117.13,574.475
2026-09-24 21:53:00,117.13,117.14,117.1,117.1,204.934
2026-09-24 21:54:00,117.1,117.11,117.08,117.09,290.587
2026-09-24 21:55:00,117.08,117.09,117.02,117.02,566.473
2026-09-24 21:56:00,117.02,117.05,117.02,117.03,661.2
2026-09-24 21:57:00,117.04,117.05,117.02,117.03,408.697
2026-09-24 21:58:00,117.02,117.03,116.85,116.85,1311.814
2026-09-24 21:59:00,116.86,116.91,116.83,116.86,382.346
2026-09-24 22:00:00,116.85,116.88,116.68,116.73,1198.58
2026-09-24 22:01:00,116.72,116.81,116.63,116.78,1746.128
2026-09-24 22:02:00,116.77,116.83,116.71,116.82,1340.384
2026-09-24 22:03:00,116.81,116.95,116.79,116.94,895.722
2026-09-24 22:04:00,116.94,116.96,116.88,116.88,581.241
2026-09-24 22:05:00,116.87,116.87,116.67,116.67,3056.03
2026-09-24 22:06:00,116.67,116.76,116.63,116.65,5453.091
2026-09-24 22:07:00,116.66,116.69,116.58,116.67,1260.237
2026-09-24 22:08:00,116.67,116.67,116.59,116.62,618.129
2026-09-24 22:09:00,116.61,116.66,116.61,116.62,587.007
2026-09-24 22:10:00,116.62,116.64,116.57,116.63,956.882
2026-09-24 22:11:00,116.62,116.63,116.58,116.59,849.68
2026-09-24 22:12:00,116.6,116.63,116.57,116.62,685.24
2026-09-24 22:13:00,116.62,116.62,116.51,116.53,1166.091
2026-09-24 22:14:00,116.52,116.63,116.52,116.55,4610.503
2026-09-24 22:15:00,116.55,116.61,116.52,116.61,859.258
2026-09-24 22:16:00,116.6,116.61,116.41,116.42,1913.628
2026-09-24 22:17:00,116.41,116.45,116.38,116.4,2344.401
2026-09-24 22:18:00,116.4,116.4,116.33,116.38,2612.863
2026-09-24 22:19:00,116.38,116.47,116.16,116.23,6542.011
2026-09-24 22:20:00,116.24,116.28,116.18,116.27,1295.721
2026-09-24 22:21:00,116.26,116.27,116.12,116.2,1830.385
2026-09-24 22:22:00,116.21,116.29,116.21,116.29,974.729
2026-09-24 22:23:00,116.29,116.33,116.25,116.29,798.322
2026-09-24 22:24:00,116.3,116.48,116.27,116.46,3714.188
2026-09-24 22:25:00,116.47,116.52,116.46,116.49,979.124
2026-09-24 22:26:00,116.49,116.5,116.41,116.49,2167.509
2026-09-24 22:27:00,116.48,116.51,116.47,116.48,854.604
2026-09-24 22:28:00,116.47,116.48,116.42,116.42,959.298
2026-09-24 22:29:00,116.42,116.43,116.33,116.35,1763.398
2026-09-24 22:30:00,116.35,116.37,116.32,116.36,1658.425
2026-09-24 22:31:00,116.37,116.53,116.37,116.48,783.093
2026-09-24 22:32:00,116.48,116.48,116.38,116.43,2323.303
2026-09-24 22:33:00,116.44,116.58,116.44,116.58,1553.845
2026-09-24 22:34:00,116.57,116.57,116.52,116.52,1886.559
2026-09-24 22:35:00,116.52,116.56,116.45,116.45,1031.107
2026-09-24 22:36:00,116.46,116.5,116.43,116.48,1320.47
2026-09-24 22:37:00,116.48,116.49,116.42,116.42,1018.472
2026-09-24 22:38:00,116.41,116.41,116.37,116.37,1934.991
2026-09-24 22:39:00,116.37,116.38,116.32,116.32,1324.186
2026-09-24 22:40:00,116.32,116.32,116.26,116.29,1073.871
2026-09-24 22:41:00,116.29,116.31,116.23,116.3,845.948
2026-09-24 22:42:00,116.3,116.34,116.29,116.34,418.902
2026-09-24 22:43:00,116.33,116.39,116.33,116.38,706.872
2026-09-24 22:44:00,116.38,116.39,116.33,116.39,1356.111
2026-09-24 22:45:00,116.4,116.44,116.39,116.41,697.274
2026-09-24 22:46:00,116.42,116.42,116.38,116.42,396.433
2026-09-24 22:47:00,116.42,116.52,116.42,116.52,905.959
2026-09-24 22:48:00,116.51,116.52,116.44,116.48,721.487
2026-09-24 22:49:00,116.48,116.51,116.46,116.5,389.94
2026-09-24 22:50:00,116.5,116.54,116.49,116.5,575.413
2026-09-24 22:51:00,116.5,116.53,116.5,116.52,602.733
2026-09-24 22:52:00,116.51,116.55,116.51,116.53,494.159
2026-09-24 22:53:00,116.53,116.57,116.52,116.55,1320.599
2026-09-24 22:54:00,116.54,116.58,116.54,116.58,283.956
2026-09-24 22:55:00,116.57,116.58,116.53,116.56,519.446
2026-09-24 22:56:00,116.55,116.56,116.55,116.56,385.412
2026-09-24 22:57:00,116.56,116.58,116.53,116.57,980.514
2026-09-24 22:58:00,116.56,116.56,116.52,116.53,1058.815
2026-09-24 22:59:00,116.53,116.61,116.5,116.6,2765.073
2026-09-24 23:00:00,116.61,116.63,116.59,116.63,430.223
2026-09-24 23:01:00,116.62,116.66,116.6,116.63,1294.11
2026-09-24 23:02:00,116.63,116.67,116.63,116.65,1031.467
2026-09-24 23:03:00,116.65,116.73,116.65,116.71,801.313
2026-09-24 23:04:00,116.72,116.72,116.69,116.71,885.353
2026-09-24 23:05:00,116.71,116.81,116.71,116.81,685.442
2026-09-24 23:06:00,116.8,116.82,116.8,116.81,846.118
2026-09-24 23:07:00,116.81,116.84,116.79,116.82,1132.605
2026-09-24 23:08:00,116.82,116.83,116.78,116.8,1087.958
2026-09-24 23:09:00,116.79,116.8,116.75,116.79,544.048
2026-09-24 23:10:00,116.8,116.84,116.79,116.83,415.87
2026-09-24 23:11:00,116.82,116.84,116.8,116.83,482.337
2026-09-24 23:12:00,116.84,116.84,116.6,116.6,2717.437
2026-09-24 23:13:00,116.61,116.64,116.55,116.64,1487.188
2026-09-24 23:14:00,116.65,116.65,116.63,116.63,351.613
2026-09-24 23:15:00,116.64,116.64,116.56,116.56,601.738
2026-09-24 23:16:00,116.55,116.63,116.55,116.61,581.662
2026-09-24 23:17:00,116.6,116.61,116.56,116.59,816.939
2026-09-24 23:18:00,116.59,116.66,116.58,116.63,727.706
2026-09-24 23:19:00,116.63,116.67,116.6,116.62,462.16
2026-09-24 23:20:00,116.62,116.69,116.62,116.67,1676.235
2026-09-24 23:21:00,116.67,116.77,116.66,116.76,1750.372
2026-09-24 23:22:00,116.77,116.8,116.76,116.79,500.497
2026-09-24 23:23:00,116.79,116.8,116.75,116.75,449.795
2026-09-24 23:24:00,116.76,116.8,116.75,116.8,855.207
2026-09-24 23:25:00,116.81,116.87,116.8,116.87,2570.001
2026-09-24 23:26:00,116.86,116.94,116.86,116.93,921.727
2026-09-24 23:27:00,116.93,117.0,116.92,117.0,1459.501
2026-09-24 23:28:00,116.99,117.0,116.97,117.0,604.532
2026-09-24 23:29:00,116.99,117.0,116.97,116.98,338.291
2026-09-24 23:30:00,116.97,117.03,116.97,117.01,1043.816
2026-09-24 23:31:00,117.01,117.16,116.99,117.05,17955.037
2026-09-24 23:32:00,117.05,117.09,116.99,117.01,1615.459
2026-09-24 23:33:00,117.01,117.07,117.01,117.05,1268.505
2026-09-24 23:34:00,117.05,117.06,117.0,117.02,655.633
2026-09-24 23:35:00,117.03,117.12,117.02,117.1,761.197
2026-09-24 23:36:00,117.11,117.22,117.09,117.19,2272.733
2026-09-24 23:37:00,117.19,117.22,117.16,117.17,1176.773
2026-09-24 23:38:00,117.16,117.17,117.13,117.16,592.374
2026-09-24 23:39:00,117.16,117.21,117.11,117.11,3188.596
2026-09-24 23:40:00,117.11,117.11,117.08,117.09,766.388
2026-09-24 23:41:00,117.09,117.16,117.07,117.15,814.415
2026-09-24 23:42:00,117.15,117.16,117.09,117.12,1032.477
2026-09-24 23:43:00,117.11,117.12,117.09,117.1,776.276
2026-09-24 23:44:00,117.09,117.13,117.05,117.06,1094.452
2026-09-24 23:45:00,117.05,117.06,117.03,117.06,657.092
2026-09-24 23:46:00,117.05,117.06,117.04,117.04,360.263
2026-09-24 23:47:00,117.04,117.09,117.04,117.08,657.337
2026-09-24 23:48:00,117.07,117.09,117.05,117.07,531.345
2026-09-24 23:49:00,117.07,117.07,117.01,117.05,1267.98
2026-09-24 23:50:00,117.06,117.13,117.06,117.13,1429.822
2026-09-24 23:51:00,117.13,117.13,117.07,117.12,711.314
2026-09-24 23:52:00,117.12,117.13,117.11,117.13,513.268
2026-09-24 23:53:00,117.13,117.15,117.12,117.14,755.088
2026-09-24 23:54:00,117.14,117.16,117.07,117.07,1433.442
2026-09-24 23:55:00,117.06,117.08,117.04,117.07,478.76
2026-09-24 23:56:00,117.08,117.08,117.02,117.05,829.408
2026-09-24 23:57:00,117.05,117.05,117.0,117.01,1206.984
2026-09-24 23:58:00,117.01,117.04,117.0,117.03,512.545
2026-09-24 23:59:00,117.03,117.05,117.03,117.04,693.028
2026-09-25 00:00:00,117.04,117.09,117.04,117.08,753.418
2026-09-25 00:01:00,117.09,117.09,117.07,117.09,437.242
2026-09-25 00:02:00,117.08,117.16,117.08,117.15,1848.635
2026-09-25 00:03:00,117.16,117.24,117.12,117.22,1140.814
2026-09-25 00:04:00,117.23,117.31,117.22,117.28,1919.947
2026-09-25 00:05:00,117.27,117.39,117.27,117.38,2005.924
2026-09-25 00:06:00,117.37,117.39,117.2,117.22,1489.0
2026-09-25 00:07:00,117.23,117.33,117.23,117.3,1240.177
2026-09-25 00:08:00,117.29,117.37,117.25,117.37,3189.749
2026-09-25 00:09:00,117.38,117.54,117.38,117.52,2404.744
2026-09-25 00:10:00,117.51,117.56,117.41,117.41,2020.85
2026-09-25 00:11:00,117.41,117.48,117.31,117.44,1462.292
2026-09-25 00:12:00,117.44,117.5,117.39,117.49,714.119
2026-09-25 00:13:00,117.48,117.67,117.48,117.66,2063.689
2026-09-25 00:14:00,117.66,117.68,117.62,117.64,1700.68
2026-09-25 00:15:00,117.63,117.64,117.5,117.55,1868.554
2026-09-25 00:16:00,117.55,117.59,117.48,117.56,568.766
2026-09-25 00:17:00,117.57,117.57,117.46,117.47,681.372
2026-09-25 00:18:00,117.48,117.48,117.41,117.42,577.268
2026-09-25 00:19:00,117.41,117.45,117.35,117.38,1101.522
2026-09-25 00:20:00,117.39,117.51,117.39,117.45,1119.017
2026-09-25 00:21:00,117.46,117.46,117.36,117.36,782.607
2026-09-25 00:22:00,117.37,117.43,117.34,117.42,994.735
2026-09-25 00:23:00,117.43,117.51,117.43,117.51,777.657
2026-09-25 00:24:00,117.5,117.5,117.33,117.37,1465.359
2026-09-25 00:25:00,117.36,117.44,117.31,117.44,851.516
2026-09-25 00:26:00,117.44,117.49,117.36,117.39,941.315
2026-09-25 00:27:00,117.39,117.48,117.37,117.48,1274.48
2026-09-25 00:28:00,117.48,117.48,117.38,117.48,2126.167
2026-09-25 00:29:00,117.47,117.49,117.41,117.43,1038.513
2026-09-25 00:30:00,117.44,117.44,117.29,117.3,1865.358
2026-09-25 00:31:00,117.29,117.31,117.28,117.28,386.825
2026-09-25 00:32:00,117.29,117.46,117.29,117.37,1580.735
2026-09-25 00:33:00,117.37,117.4,117.3,117.36,1770.949
2026-09-25 00:34:00,117.37,117.41,117.29,117.29,804.034
2026-09-25 00:35:00,117.29,117.33,117.23,117.23,1429.289
2026-09-25 00:36:00,117.23,117.44,117.21,117.38,2959.964
2026-09-25 00:37:00,117.39,117.46,117.35,117.37,1322.258
2026-09-25 00:38:00,117.38,117.48,117.38,117.46,1116.275
2026-09-25 00:39:00,117.46,117.49,117.45,117.49,1376.522
2026-09-25 00:40:00,117.48,117.63,117.47,117.62,3273.193
2026-09-25 00:41:00,117.62,117.63,117.6,117.6,1190.153
2026-09-25 00:42:00,117.61,117.68,117.42,117.44,5864.179
2026-09-25 00:43:00,117.45,117.47,117.4,117.41,513.938
2026-09-25 00:44:00,117.41,117.41,117.29,117.29,670.959
2026-09-25 00:45:00,117.29,117.31,117.28,117.29,780.177
2026-09-25 00:46:00,117.29,117.4,117.29,117.39,665.027
2026-09-25 00:47:00,117.4,117.42,117.29,117.3,652.75
2026-09-25 00:48:00,117.31,117.42,117.29,117.37,717.73
2026-09-25 00:49:00,117.38,117.51,117.38,117.46,1535.666
2026-09-25 00:50:00,117.45,117.47,117.4,117.4,804.659
2026-09-25 00:51:00,117.4,117.48,117.36,117.48,748.039
2026-09-25 00:52:00,117.48,117.48,117.41,117.42,377.217
2026-09-25 00:53:00,117.41,117.41,117.35,117.41,677.252
2026-09-25 00:54:00,117.41,117.49,117.4,117.47,779.732
2026-09-25 00:55:00,117.46,117.46,117.41,117.42,686.574
2026-09-25 00:56:00,117.42,117.43,117.37,117.39,727.66
2026-09-25 00:57:00,117.4,117.47,117.39,117.41,796.931
2026-09-25 00:58:00,117.41,117.48,117.4,117.46,1026.932
2026-09-25 00:59:00,117.47,117.47,117.4,117.43,562.665
2026-09-25 01:00:00,117.44,117.44,117.35,117.4,847.454
2026-09-25 01:01:00,117.4,117.58,117.4,117.58,929.903
2026-09-25 01:02:00,117.57,117.78,117.57,117.72,5393.251
2026-09-25 01:03:00,117.73,117.9,117.7,117.84,4303.791
2026-09-25 01:04:00,117.84,117.94,117.8,117.82,3041.273
2026-09-25 01:05:00,117.82,117.82,117.75,117.76,1240.366
2026-09-25 01:06:00,117.76,117.76,117.57,117.67,4450.903
2026-09-25 01:07:00,117.67,117.74,117.67,117.68,2109.319
2026-09-25 01:08:00,117.68,117.85,117.67,117.76,3423.551
2026-09-25 01:09:00,117.77,117.81,117.76,117.77,878.973
2026-09-25 01:10:00,117.76,117.8,117.7,117.71,2523.585
2026-09-25 01:11:00,117.7,117.85,117.67,117.83,5803.342
2026-09-25 01:12:00,117.82,117.83,117.66,117.66,2697.912
2026-09-25 01:13:00,117.66,117.67,117.63,117.65,1134.186
2026-09-25 01:14:00,117.65,117.71,117.55,117.55,1902.215
2026-09-25 01:15:00,117.56,117.65,117.55,117.64,536.321
2026-09-25 01:16:00,117.63,117.69,117.6,117.64,1239.944
2026-09-25 01:17:00,117.64,117.82,117.64,117.78,1181.849
2026-09-25 01:18:00,117.78,117.78,117.65,117.7,1823.881
2026-09-25 01:19:00,117.7,117.7,117.58,117.6,1062.009
2026-09-25 01:20:00,117.61,117.64,117.53,117.54,1413.505
2026-09-25 01:21:00,117.55,117.58,117.51,117.57,898.879
2026-09-25 01:22:00,117.57,117.57,117.45,117.45,1608.275
2026-09-25 01:23:00,117.46,117.48,117.41,117.41,2903.513
2026-09-25 01:24:00,117.42,117.48,117.42,117.44,1552.287
2026-09-25 01:25:00,117.44,117.51,117.36,117.38,1219.47
2026-09-25 01:26:00,117.39,117.54,117.37,117.51,1106.416
2026-09-25 01:27:00,117.52,117.59,117.49,117.57,502.128
2026-09-25 01:28:00,117.57,117.57,117.5,117.5,285.49
2026-09-25 01:29:00,117.5,117.51,117.45,117.49,587.366
2026-09-25 01:30:00,117.49,117.49,117.23,117.25,1275.52
2026-09-25 01:31:00,117.24,117.29,117.18,117.18,1951.764
2026-09-25 01:32:00,117.17,117.36,117.17,117.28,1127.35
2026-09-25 01:33:00,117.28,117.3,117.2,117.21,413.136
2026-09-25 01:34:00,117.21,117.24,117.17,117.24,1022.865
2026-09-25 01:35:00,117.23,117.24,117.18,117.23,1081.869
2026-09-25 01:36:00,117.24,117.25,117.17,117.18,590.69
2026-09-25 01:37:00,117.18,117.26,117.17,117.22,2464.909
2026-09-25 01:38:00,117.21,117.24,117.18,117.2,431.075
2026-09-25 01:39:00,117.2,117.36,117.2,117.32,875.219
2026-09-25 01:40:00,117.31,117.31,117.15,117.19,984.331
2026-09-25 01:41:00,117.19,117.33,117.19,117.33,922.9
2026-09-25 01:42:00,117.33,117.35,117.32,117.35,439.12
2026-09-25 01:43:00,117.35,117.4,117.35,117.4,689.503
2026-09-25 01:44:00,117.4,117.47,117.37,117.38,1987.268
2026-09-25 01:45:00,117.38,117.39,117.35,117.38,381.566
2026-09-25 01:46:00,117.38,117.5,117.37,117.48,1420.936
2026-09-25 01:47:00,117.48,117.56,117.44,117.44,1486.818
2026-09-25 01:48:00,117.45,117.51,117.43,117.51,465.978
2026-09-25 01:49:00,117.51,117.51,117.46,117.49,482.929
2026-09-25 01:50:00,117.49,117.56,117.45,117.51,938.038
2026-09-25 01:51:00,117.51,117.53,117.42,117.52,923.921
2026-09-25 01:52:00,117.53,117.58,117.48,117.48,1077.919
2026-09-25 01:53:00,117.49,117.5,117.34,117.35,1040.425
2026-09-25 01:54:00,117.35,117.38,117.33,117.37,361.567
2026-09-25 01:55:00,117.36,117.37,117.32,117.35,135.253
2026-09-25 01:56:00,117.35,117.37,117.32,117.37,254.286
2026-09-25 01:57:00,117.37,117.46,117.37,117.4,1102.93
2026-09-25 01:58:00,117.39,117.43,117.36,117.43,254.823
2026-09-25 01:59:00,117.42,117.48,117.42,117.47,557.168
2026-09-25 02:00:00,117.48,117.5,117.45,117.49,652.716
2026-09-25 02:01:00,117.49,117.55,117.46,117.55,742.576
2026-09-25 02:02:00,117.55,117.77,117.55,117.76,1750.613
2026-09-25 02:03:00,117.77,117.94,117.77,117.93,10302.586
2026-09-25 02:04:00,117.92,118.27,117.91,118.25,12341.008
2026-09-25 02:05:00,118.26,118.3,118.18,118.23,2202.885
2026-09-25 02:06:00,118.23,118.24,118.13,118.22,989.999
2026-09-25 02:07:00,118.23,118.23,118.07,118.08,1037.663
2026-09-25 02:08:00,118.07,118.12,118.02,118.07,1133.256
2026-09-25 02:09:00,118.07,118.16,118.05,118.13,1528.398
2026-09-25 02:10:00,118.12,118.25,118.12,118.24,2596.745
2026-09-25 02:11:00,118.24,118.28,118.23,118.28,386.26
2026-09-25 02:12:00,118.27,118.3,118.21,118.23,8435.603
2026-09-25 02:13:00,118.23,118.23,118.17,118.21,1080.793
2026-09-25 02:14:00,118.21,118.23,118.17,118.17,1077.963
2026-09-25 02:15:00,118.18,118.37,118.13,118.14,5283.404
2026-09-25 02:16:00,118.14,118.24,118.13,118.22,804.595
2026-09-25 02:17:00,118.22,118.4,118.22,118.36,2716.846
2026-09-25 02:18:00,118.36,118.4,118.34,118.38,1316.958
2026-09-25 02:19:00,118.37,118.44,118.34,118.44,2029.433
2026-09-25 02:20:00,118.43,118.44,118.27,118.31,3239.279
2026-09-25 02:21:00,118.31,118.34,118.27,118.3,2010.989
2026-09-25 02:22:00,118.31,118.36,118.25,118.25,986.427
2026-09-25 02:23:00,118.24,118.25,118.2,118.2,336.788
2026-09-25 02:24:00,118.2,118.2,118.13,118.13,223.435
2026-09-25 02:25:00,118.14,118.15,118.05,118.15,1070.171
2026-09-25 02:26:00,118.14,118.2,118.11,118.2,3978.595
2026-09-25 02:27:00,118.2,118.21,118.12,118.12,496.205
2026-09-25 02:28:00,118.12,118.12,117.91,117.94,1173.276
2026-09-25 02:29:00,117.93,118.02,117.83,117.97,3534.843
2026-09-25 02:30:00,117.97,117.99,117.91,117.97,1182.723
2026-09-25 02:31:00,117.98,118.1,117.98,118.08,1942.221
2026-09-25 02:32:00,118.08,118.08,118.0,118.08,519.006
2026-09-25 02:33:00,118.08,118.14,118.07,118.08,1069.685
2026-09-25 02:34:00,118.08,118.08,117.91,117.91,791.368
2026-09-25 02:35:00,117.91,117.91,117.85,117.86,1607.475
2026-09-25 02:36:00,117.86,117.86,117.58,117.59,944.783
2026-09-25 02:37:00,117.59,117.63,117.55,117.57,684.938
2026-09-25 02:38:00,117.57,117.58,117.43,117.48,1571.138
2026-09-25 02:39:00,117.48,117.49,117.37,117.42,1976.059
2026-09-25 02:40:00,117.43,117.45,117.31,117.34,1316.759
2026-09-25 02:41:00,117.34,117.44,117.34,117.42,426.391
2026-09-25 02:42:00,117.41,117.47,117.41,117.44,562.442
2026-09-25 02:43:00,117.45,117.54,117.41,117.48,2130.333
2026-09-25 02:44:00,117.48,117.56,117.46,117.47,691.966
2026-09-25 02:45:00,117.47,117.5,117.43,117.44,1911.536
2026-09-25 02:46:00,117.44,117.44,117.13,117.15,3954.682
2026-09-25 02:47:00,117.15,117.15,117.02,117.07,2029.104
2026-09-25 02:48:00,117.07,117.08,116.97,117.07,2323.97
2026-09-25 02:49:00,117.08,117.17,117.08,117.15,1301.589
2026-09-25 02:50:00,117.15,117.15,116.94,116.94,1078.322
2026-09-25 02:51:00,116.95,116.96,116.93,116.94,842.074
2026-09-25 02:52:00,116.94,117.0,116.9,116.99,2101.093
2026-09-25 02:53:00,116.99,116.99,116.89,116.91,803.416
2026-09-25 02:54:00,116.91,116.92,116.86,116.86,2262.007
2026-09-25 02:55:00,116.86,116.96,116.84,116.94,1352.903
2026-09-25 02:56:00,116.93,116.94,116.85,116.85,452.283
2026-09-25 02:57:00,116.85,116.97,116.85,116.86,1649.773
2026-09-25 02:58:00,116.85,116.96,116.85,116.91,2186.309
2026-09-25 02:59:00,116.9,116.91,116.86,116.91,1001.451
2026-09-25 03:00:00,116.91,116.92,116.78,116.84,2215.04
2026-09-25 03:01:00,116.84,116.88,116.8,116.81,1167.57
2026-09-25 03:02:00,116.81,116.84,116.76,116.79,672.724
2026-09-25 03:03:00,116.78,116.86,116.75,116.85,2086.646
2026-09-25 03:04:00,116.85,117.0,116.85,117.0,1098.376
2026-09-25 03:05:00,116.99,117.1,116.99,117.1,1137.461
2026-09-25 03:06:00,117.1,117.23,117.09,117.19,2550.998
2026-09-25 03:07:00,117.2,117.26,117.19,117.25,1149.403
2026-09-25 03:08:00,117.26,117.32,117.26,117.28,1200.594
2026-09-25 03:09:00,117.28,117.29,117.24,117.29,1421.352
2026-09-25 03:10:00,117.29,117.29,117.24,117.24,1316.324
2026-09-25 03:11:00,117.24,117.25,117.22,117.25,944.028
2026-09-25 03:12:00,117.25,117.25,117.07,117.13,2555.304
2026-09-25 03:13:00,117.13,117.13,116.88,116.92,3691.552
2026-09-25 03:14:00,116.91,116.95,116.85,116.93,2174.786
2026-09-25 03:15:00,116.93,117.16,116.93,117.15,2007.144
2026-09-25 03:16:00,117.15,117.15,116.88,116.89,2872.175
2026-09-25 03:17:00,116.88,116.98,116.87,116.98,1281.167
2026-09-25 03:18:00,116.99,116.99,116.9,116.93,703.065
2026-09-25 03:19:00,116.93,116.95,116.86,116.9,1856.278
2026-09-25 03:20:00,116.9,116.93,116.86,116.93,1541.568
2026-09-25 03:21:00,116.93,116.99,116.88,116.91,1342.802
2026-09-25 03:22:00,116.92,116.96,116.89,116.96,470.019
2026-09-25 03:23:00,116.96,116.98,116.91,116.93,1254.266
2026-09-25 03:24:00,116.93,116.93,116.82,116.86,1007.009
2026-09-25 03:25:00,116.85,116.96,116.85,116.87,745.687
2026-09-25 03:26:00,116.87,116.89,116.8,116.8,1028.548
2026-09-25 03:27:00,116.79,116.79,116.75,116.77,956.374
2026-09-25 03:28:00,116.77,116.77,116.71,116.72,1053.932
2026-09-25 03:29:00,116.72,116.73,116.7,116.71,652.036
2026-09-25 03:30:00,116.7,116.72,116.6,116.61,2372.821
2026-09-25 03:31:00,116.61,116.71,116.56,116.7,905.865
2026-09-25 03:32:00,116.71,116.87,116.69,116.84,1662.267
2026-09-25 03:33:00,116.84,116.9,116.83,116.85,528.454
2026-09-25 03:34:00,116.85,116.89,116.83,116.88,779.021
2026-09-25 03:35:00,116.88,116.93,116.87,116.91,362.571
2026-09-25 03:36:00,116.91,116.91,116.84,116.89,470.497
2026-09-25 03:37:00,116.88,116.99,116.84,116.97,1927.321
2026-09-25 03:38:00,116.97,117.05,116.96,117.05,769.91
2026-09-25 03:39:00,117.05,117.09,117.03,117.09,452.784
2026-09-25 03:40:00,117.09,117.14,117.0,117.03,7185.816
2026-09-25 03:41:00,117.03,117.07,117.03,117.04,618.59
2026-09-25 03:42:00,117.03,117.03,116.96,116.99,265.166
2026-09-25 03:43:00,116.99,117.0,116.9,116.91,311.133
2026-09-25 03:44:00,116.91,116.92,116.64,116.67,1702.229
2026-09-25 03:45:00,116.68,116.69,116.54,116.55,1190.516
2026-09-25 03:46:00,116.54,116.59,116.5,116.56,1281.773
2026-09-25 03:47:00,116.57,116.59,116.52,116.57,443.77
2026-09-25 03:48:00,116.56,116.67,116.54,116.67,753.261
2026-09-25 03:49:00,116.67,116.7,116.59,116.63,1230.632
2026-09-25 03:50:00,116.63,116.73,116.63,116.73,561.612
2026-09-25 03:51:00,116.73,116.77,116.68,116.71,721.614
2026-09-25 03:52:00,116.71,116.76,116.6,116.73,1241.977
2026-09-25 03:53:00,116.74,116.74,116.7,116.74,356.925
2026-09-25 03:54:00,116.74,116.74,116.65,116.74,1701.857
2026-09-25 03:55:00,116.75,116.85,116.75,116.84,1048.728
2026-09-25 03:56:00,116.85,116.86,116.81,116.82,429.087
2026-09-25 03:57:00,116.81,116.86,116.81,116.86,744.699
2026-09-25 03:58:00,116.85,116.87,116.83,116.87,498.819
2026-09-25 03:59:00,116.86,116.92,116.85,116.9,687.182
2026-09-25 04:00:00,116.9,116.9,116.87,116.88,345.949
2026-09-25 04:01:00,116.89,116.89,116.82,116.84,679.453
2026-09-25 04:02:00,116.84,116.85,116.79,116.8,570.116
2026-09-25 04:03:00,116.8,116.8,116.74,116.79,688.547
2026-09-25 04:04:00,116.79,116.81,116.75,116.79,730.328
2026-09-25 04:05:00,116.79,116.9,116.78,116.86,1580.92
2026-09-25 04:06:00,116.85,116.91,116.82,116.9,1509.895
2026-09-25 04:07:00,116.91,117.02,116.9,117.02,574.435
2026-09-25 04:08:00,117.02,117.04,116.97,116.99,541.841
2026-09-25 04:09:00,117.0,117.03,117.0,117.03,600.692
2026-09-25 04:10:00,117.03,117.06,116.95,116.95,992.229
2026-09-25 04:11:00,116.95,116.97,116.82,116.86,1570.245
2026-09-25 04:12:00,116.86,116.9,116.76,116.79,1207.24
2026-09-25 04:13:00,116.78,116.81,116.57,116.59,9152.129
2026-09-25 04:14:00,116.58,116.62,116.39,116.4,3491.039
2026-09-25 04:15:00,116.39,116.45,116.27,116.4,7744.472
2026-09-25 04:16:00,116.4,116.56,116.4,116.56,2116.8
2026-09-25 04:17:00,116.56,116.61,116.54,116.61,1101.934
2026-09-25 04:18:00,116.6,116.63,116.57,116.58,883.837
2026-09-25 04:19:00,116.58,116.66,116.58,116.65,539.092
2026-09-25 04:20:00,116.65,116.65,116.44,116.44,2862.58
2026-09-25 04:21:00,116.44,116.51,116.36,116.5,2185.2
2026-09-25 04:22:00,116.51,116.54,116.47,116.54,437.157
2026-09-25 04:23:00,116.54,116.56,116.5,116.56,310.68
2026-09-25 04:24:00,116.56,116.62,116.55,116.62,388.834
2026-09-25 04:25:00,116.61,116.63,116.55,116.62,820.747
2026-09-25 04:26:00,116.62,116.63,116.54,116.57,370.518
2026-09-25 04:27:00,116.58,116.6,116.55,116.58,708.117
2026-09-25 04:28:00,116.58,116.6,116.57,116.59,363.946
2026-09-25 04:29:00,116.58,116.63,116.58,116.6,811.948
2026-09-25 04:30:00,116.6,116.65,116.59,116.65,516.169
2026-09-25 04:31:00,116.65,116.75,116.58,116.68,5965.43
2026-09-25 04:32:00,116.68,116.7,116.63,116.66,851.48
2026-09-25 04:33:00,116.65,116.73,116.65,116.73,465.849
2026-09-25 04:34:00,116.73,116.83,116.73,116.83,768.347
2026-09-25 04:35:00,116.82,116.85,116.82,116.85,698.516
2026-09-25 04:36:00,116.85,116.91,116.85,116.91,572.18
2026-09-25 04:37:00,116.91,116.93,116.9,116.9,470.178
2026-09-25 04:38:00,116.91,117.01,116.9,117.01,1111.775
2026-09-25 04:39:00,117.01,117.24,116.99,117.22,2701.29
2026-09-25 04:40:00,117.22,117.25,117.22,117.25,683.954
2026-09-25 04:41:00,117.25,117.32,117.24,117.3,1258.871
2026-09-25 04:42:00,117.3,117.34,117.27,117.33,824.19
2026-09-25 04:43:00,117.33,117.33,117.26,117.27,914.826
2026-09-25 04:44:00,117.27,117.27,117.2,117.22,785.236
2026-09-25 04:45:00,117.23,117.26,117.21,117.23,1318.447
2026-09-25 04:46:00,117.23,117.24,117.19,117.21,649.248
2026-09-25 04:47:00,117.21,117.22,117.17,117.18,277.097
2026-09-25 04:48:00,117.18,117.22,116.99,117.01,3762.131
2026-09-25 04:49:00,117.0,117.01,116.94,116.95,974.91
2026-09-25 04:50:00,116.95,116.95,116.88,116.9,664.193
2026-09-25 04:51:00,116.91,116.92,116.87,116.87,536.447
2026-09-25 04:52:00,116.86,116.88,116.85,116.85,638.035
2026-09-25 04:53:00,116.85,116.9,116.83,116.9,914.478
2026-09-25 04:54:00,116.91,116.92,116.89,116.92,468.04
2026-09-25 04:55:00,116.91,116.95,116.91,116.94,500.853
2026-09-25 04:56:00,116.94,116.98,116.87,116.88,596.223
2026-09-25 04:57:00,116.88,116.93,116.74,116.75,6063.859
2026-09-25 04:58:00,116.75,116.76,116.39,116.47,17580.224
2026-09-25 04:59:00,116.46,116.48,116.4,116.4,2094.216
2026-09-25 05:00:00,116.4,116.47,116.38,116.46,1914.012
2026-09-25 05:01:00,116.47,116.58,116.47,116.53,1094.357
2026-09-25 05:02:00,116.52,116.6,116.52,116.58,3641.751
2026-09-25 05:03:00,116.58,116.58,116.52,116.53,830.421
2026-09-25 05:04:00,116.52,116.6,116.52,116.54,210.025
2026-09-25 05:05:00,116.53,116.53,116.4,116.41,2346.943
2026-09-25 05:06:00,116.41,116.46,116.39,116.44,1466.282
2026-09-25 05:07:00,116.45,116.45,116.31,116.32,3753.973
2026-09-25 05:08:00,116.31,116.34,116.27,116.34,1966.032
2026-09-25 05:09:00,116.35,116.46,116.35,116.46,1943.602
2026-09-25 05:10:00,116.46,116.5,116.45,116.45,1003.809
2026-09-25 05:11:00,116.46,116.46,116.31,116.32,1152.087
2026-09-25 05:12:00,116.32,116.37,116.27,116.34,927.678
2026-09-25 05:13:00,116.34,116.39,116.31,116.39,1571.275
2026-09-25 05:14:00,116.39,116.42,116.25,116.27,1337.983
2026-09-25 05:15:00,116.27,116.48,116.27,116.47,1022.796
2026-09-25 05:16:00,116.48,116.53,116.48,116.53,680.248
2026-09-25 05:17:00,116.52,116.64,116.48,116.51,2504.497
2026-09-25 05:18:00,116.51,116.51,116.38,116.4,892.034
2026-09-25 05:19:00,116.4,116.44,116.39,116.41,1199.656
2026-09-25 05:20:00,116.4,116.44,116.4,116.44,673.74
2026-09-25 05:21:00,116.44,116.51,116.44,116.51,700.088
2026-09-25 05:22:00,116.51,116.51,116.4,116.42,544.692
2026-09-25 05:23:00,116.42,116.42,116.31,116.31,520.423
2026-09-25 05:24:00,116.3,116.45,116.3,116.4,2411.523
2026-09-25 05:25:00,116.4,116.45,116.39,116.44,1682.186
2026-09-25 05:26:00,116.43,116.49,116.43,116.49,1652.156
2026-09-25 05:27:00,116.49,116.5,116.41,116.49,1641.917
2026-09-25 05:28:00,116.49,116.52,116.46,116.47,996.593
2026-09-25 05:29:00,116.46,116.48,116.44,116.48,743.399
2026-09-25 05:30:00,116.48,116.52,116.33,116.37,3451.942
2026-09-25 05:31:00,116.37,116.39,116.35,116.35,1186.255
2026-09-25 05:32:00,116.35,116.35,116.16,116.16,5202.722
2026-09-25 05:33:00,116.16,116.33,116.16,116.31,1390.414
2026-09-25 05:34:00,116.31,116.34,116.23,116.25,611.333
2026-09-25 05:35:00,116.25,116.39,116.25,116.39,1563.536
2026-09-25 05:36:00,116.39,116.46,116.31,116.4,713.791
2026-09-25 05:37:00,116.4,116.45,116.39,116.45,420.207
2026-09-25 05:38:00,116.45,116.52,116.44,116.47,450.238
2026-09-25 05:39:00,116.47,116.67,116.46,116.66,2213.685
2026-09-25 05:40:00,116.66,116.66,116.6,116.6,1047.315
2026-09-25 05:41:00,116.6,116.6,116.52,116.53,688.053
2026-09-25 05:42:00,116.53,116.53,116.45,116.46,2298.54
2026-09-25 05:43:00,116.46,116.5,116.44,116.5,968.913
2026-09-25 05:44:00,116.5,116.55,116.48,116.52,663.16
2026-09-25 05:45:00,116.52,116.56,116.49,116.56,1123.775
2026-09-25 05:46:00,116.56,116.56,116.53,116.53,354.538
2026-09-25 05:47:00,116.52,116.57,116.5,116.57,706.116
2026-09-25 05:48:00,116.56,116.57,116.53,116.53,348.702
2026-09-25 05:49:00,116.54,116.55,116.49,116.5,2695.205
2026-09-25 05:50:00,116.49,116.5,116.46,116.46,541.441
2026-09-25 05:51:00,116.46,116.46,116.43,116.45,539.63
2026-09-25 05:52:00,116.45,116.45,116.41,116.41,317.104
2026-09-25 05:53:00,116.41,116.41,116.36,116.39,1338.406
2026-09-25 05:54:00,116.4,116.49,116.39,116.49,1092.229
2026-09-25 05:55:00,116.48,116.51,116.45,116.5,3256.547
2026-09-25 05:56:00,116.5,116.51,116.45,116.45,798.538
2026-09-25 05:57:00,116.45,116.47,116.44,116.46,236.484
2026-09-25 05:58:00,116.47,116.47,116.46,116.47,273.323
2026-09-25 05:59:00,116.47,116.47,116.44,116.44,284.932
2026-09-25 06:00:00,116.45,116.47,116.43,116.44,931.111
2026-09-25 06:01:00,116.43,116.43,116.4,116.41,588.711
2026-09-25 06:02:00,116.41,116.45,116.4,116.44,1080.794
2026-09-25 06:03:00,116.45,116.53,116.4,116.43,924.59
2026-09-25 06:04:00,116.43,116.49,116.43,116.47,787.245
2026-09-25 06:05:00,116.47,116.5,116.45,116.46,796.677
2026-09-25 06:06:00,116.46,116.47,116.39,116.39,401.155
2026-09-25 06:07:00,116.39,116.39,116.35,116.38,1692.704
2026-09-25 06:08:00,116.38,116.38,116.32,116.37,598.029
2026-09-25 06:09:00,116.37,116.45,116.24,116.28,3066.663
2026-09-25 06:10:00,116.27,116.28,116.17,116.24,2342.35
2026-09-25 06:11:00,116.25,116.27,116.19,116.23,1162.981
2026-09-25 06:12:00,116.23,116.24,116.15,116.18,988.787
2026-09-25 06:13:00,116.18,116.21,116.1,116.21,3306.495
2026-09-25 06:14:00,116.21,116.34,116.21,116.34,2640.717
2026-09-25 06:15:00,116.34,116.38,116.22,116.22,990.018
2026-09-25 06:16:00,116.21,116.33,116.17,116.29,2965.921
2026-09-25 06:17:00,116.3,116.4,116.28,116.37,648.971
2026-09-25 06:18:00,116.38,116.55,116.38,116.44,3765.201
2026-09-25 06:19:00,116.44,116.57,116.43,116.57,1063.333
2026-09-25 06:20:00,116.57,116.74,116.57,116.67,1609.881
2026-09-25 06:21:00,116.66,116.69,116.66,116.68,669.074
2026-09-25 06:22:00,116.67,116.7,116.59,116.59,646.496
2026-09-25 06:23:00,116.58,116.62,116.58,116.59,372.909
2026-09-25 06:24:00,116.59,116.63,116.58,116.6,345.189
2026-09-25 06:25:00,116.6,116.6,116.53,116.54,2621.204
2026-09-25 06:26:00,116.53,116.56,116.5,116.51,818.863
2026-09-25 06:27:00,116.5,116.53,116.39,116.41,859.356
2026-09-25 06:28:00,116.4,116.41,116.35,116.36,515.118
2026-09-25 06:29:00,116.35,116.49,116.35,116.44,2894.215
2026-09-25 06:30:00,116.43,116.45,116.38,116.43,842.465
2026-09-25 06:31:00,116.43,116.44,116.39,116.43,790.935
2026-09-25 06:32:00,116.43,116.43,116.37,116.39,566.019
2026-09-25 06:33:00,116.38,116.38,116.21,116.22,1431.356
2026-09-25 06:34:00,116.22,116.27,116.22,116.26,775.467
2026-09-25 06:35:00,116.27,116.3,116.24,116.28,877.266
2026-09-25 06:36:00,116.28,116.28,116.19,116.19,465.322
2026-09-25 06:37:00,116.2,116.21,116.18,116.21,463.652
2026-09-25 06:38:00,116.2,116.22,116.16,116.16,616.262
2026-09-25 06:39:00,116.17,116.17,116.09,116.16,1042.323
2026-09-25 06:40:00,116.17,116.31,116.17,116.28,1075.492
2026-09-25 06:41:00,116.28,116.29,116.24,116.28,387.441
2026-09-25 06:42:00,116.27,116.3,116.25,116.29,370.909
2026-09-25 06:43:00,116.3,116.32,116.27,116.31,437.212
2026-09-25 06:44:00,116.32,116.32,116.28,116.32,407.76
2026-09-25 06:45:00,116.32,116.34,116.27,116.31,2396.952
2026-09-25 06:46:00,116.31,116.34,116.27,116.34,492.823
2026-09-25 06:47:00,116.33,116.33,116.17,116.17,800.799
2026-09-25 06:48:00,116.17,116.24,116.17,116.21,598.359
2026-09-25 06:49:00,116.21,116.24,116.19,116.23,533.407
2026-09-25 06:50:00,116.24,116.25,116.21,116.24,388.567
2026-09-25 06:51:00,116.23,116.34,116.21,116.26,1698.982
2026-09-25 06:52:00,116.26,116.3,116.25,116.25,500.15
2026-09-25 06:53:00,116.26,116.29,116.18,116.25,1630.124
2026-09-25 06:54:00,116.26,116.28,116.24,116.28,1172.624
2026-09-25 06:55:00,116.28,116.3,116.26,116.27,808.751
2026-09-25 06:56:00,116.27,116.3,116.25,116.28,868.971
2026-09-25 06:57:00,116.29,116.29,116.24,116.25,409.664
2026-09-25 06:58:00,116.26,116.3,116.24,116.28,420.451
2026-09-25 06:59:00,116.28,116.28,116.26,116.28,276.869
2026-09-25 07:00:00,116.28,116.33,116.24,116.33,1156.572
2026-09-25 07:01:00,116.33,116.33,116.24,116.27,597.745
2026-09-25 07:02:00,116.28,116.31,116.24,116.26,343.395
2026-09-25 07:03:00,116.26,116.31,116.25,116.29,1352.178
2026-09-25 07:04:00,116.29,116.3,116.21,116.21,1440.317
2026-09-25 07:05:00,116.22,116.27,116.2,116.27,574.395
2026-09-25 07:06:00,116.26,116.29,116.21,116.28,342.991
2026-09-25 07:07:00,116.29,116.31,116.21,116.22,1138.505
2026-09-25 07:08:00,116.21,116.23,115.93,115.93,4493.762
2026-09-25 07:09:00,115.94,116.1,115.86,116.1,2575.151
2026-09-25 07:10:00,116.1,116.13,116.09,116.12,876.872
2026-09-25 07:11:00,116.12,116.15,116.08,116.13,694.402
2026-09-25 07:12:00,116.13,116.13,115.92,115.93,1244.041
2026-09-25 07:13:00,115.93,116.01,115.93,115.98,1526.519
2026-09-25 07:14:00,115.99,116.04,115.99,115.99,657.792
2026-09-25 07:15:00,116.0,116.11,116.0,116.11,1196.98
2026-09-25 07:16:00,116.11,116.18,116.1,116.18,628.087
2026-09-25 07:17:00,116.17,116.26,116.17,116.26,1101.935
2026-09-25 07:18:00,116.27,116.29,116.27,116.29,851.353
2026-09-25 07:19:00,116.28,116.34,116.27,116.29,1091.615
2026-09-25 07:20:00,116.29,116.4,116.28,116.4,836.83
2026-09-25 07:21:00,116.4,116.42,116.32,116.42,1766.938
2026-09-25 07:22:00,116.42,116.43,116.38,116.42,787.197
2026-09-25 07:23:00,116.41,116.46,116.39,116.41,2164.391
2026-09-25 07:24:00,116.42,116.51,116.42,116.5,739.074
2026-09-25 07:25:00,116.5,116.51,116.44,116.48,613.059
2026-09-25 07:26:00,116.48,116.49,116.46,116.47,455.444
2026-09-25 07:27:00,116.47,116.5,116.43,116.5,1280.067
2026-09-25 07:28:00,116.49,116.56,116.49,116.55,1041.646
2026-09-25 07:29:00,116.55,116.58,116.54,116.57,565.333
2026-09-25 07:30:00,116.57,116.61,116.54,116.6,1148.152
2026-09-25 07:31:00,116.61,116.62,116.54,116.54,1128.484
2026-09-25 07:32:00,116.53,116.54,116.35,116.36,1416.939
2026-09-25 07:33:00,116.35,116.35,116.11,116.11,4034.649
2026-09-25 07:34:00,116.11,116.12,116.04,116.05,1061.75
2026-09-25 07:35:00,116.04,116.05,115.9,116.0,3441.195
2026-09-25 07:36:00,116.0,116.03,115.97,115.98,2035.735
2026-09-25 07:37:00,115.99,116.11,115.99,116.1,1470.192
2026-09-25 07:38:00,116.11,116.12,116.0,116.0,1198.253
2026-09-25 07:39:00,116.0,116.01,115.96,115.96,1678.406
2026-09-25 07:40:00,115.96,116.0,115.94,115.96,2582.204
2026-09-25 07:41:00,115.95,116.04,115.93,116.04,1579.551
2026-09-25 07:42:00,116.03,116.06,116.02,116.05,707.145
2026-09-25 07:43:00,116.05,116.14,116.04,116.14,788.551
2026-09-25 07:44:00,116.14,116.16,116.12,116.15,743.316
2026-09-25 07:45:00,116.15,116.2,116.1,116.16,1135.469
2026-09-25 07:46:00,116.17,116.27,116.16,116.26,977.753
2026-09-25 07:47:00,116.25,116.28,116.24,116.27,490.795
2026-09-25 07:48:00,116.27,116.32,116.25,116.25,642.627
2026-09-25 07:49:00,116.25,116.31,116.25,116.27,643.043
2026-09-25 07:50:00,116.28,116.3,116.12,116.18,1069.697
2026-09-25 07:51:00,116.17,116.25,116.17,116.25,614.791
2026-09-25 07:52:00,116.24,116.27,116.19,116.27,814.728
2026-09-25 07:53:00,116.26,116.33,116.25,116.33,740.898
2026-09-25 07:54:00,116.32,116.33,116.29,116.3,587.459
2026-09-25 07:55:00,116.29,116.33,116.27,116.33,493.336
2026-09-25 07:56:00,116.32,116.33,116.29,116.3,498.034
2026-09-25 07:57:00,116.29,116.37,116.28,116.36,902.168
2026-09-25 07:58:00,116.35,116.41,116.35,116.4,821.418
2026-09-25 07:59:00,116.4,116.45,116.38,116.38,759.575
2026-09-25 08:00:00,116.38,116.42,116.38,116.41,1165.469
2026-09-25 08:01:00,116.42,116.53,116.42,116.47,3474.228
2026-09-25 08:02:00,116.47,116.54,116.46,116.52,1185.733
2026-09-25 08:03:00,116.52,116.6,116.52,116.59,1679.511
2026-09-25 08:04:00,116.6,116.66,116.56,116.57,1359.865
2026-09-25 08:05:00,116.57,116.6,116.5,116.5,979.737
2026-09-25 08:06:00,116.51,116.52,116.48,116.51,447.967
2026-09-25 08:07:00,116.51,116.51,116.34,116.41,1053.212
2026-09-25 08:08:00,116.42,116.54,116.42,116.51,462.726
2026-09-25 08:09:00,116.52,116.58,116.52,116.58,1189.533
2026-09-25 08:10:00,116.58,116.58,116.5,116.53,608.301
2026-09-25 08:11:00,116.53,116.57,116.5,116.55,834.759
2026-09-25 08:12:00,116.56,116.59,116.52,116.59,677.483
2026-09-25 08:13:00,116.6,116.65,116.57,116.59,1423.065
2026-09-25 08:14:00,116.6,116.66,116.57,116.58,568.028
2026-09-25 08:15:00,116.58,116.73,116.58,116.72,1606.279
2026-09-25 08:16:00,116.73,116.82,116.73,116.79,1278.283
2026-09-25 08:17:00,116.79,117.02,116.79,116.93,2909.425
2026-09-25 08:18:00,116.93,117.0,116.92,117.0,1063.219
2026-09-25 08:19:00,116.99,117.06,116.97,117.05,1358.177
2026-09-25 08:20:00,117.06,117.09,117.06,117.07,1618.389
2026-09-25 08:21:00,117.07,117.26,117.05,117.23,1912.903
2026-09-25 08:22:00,117.23,117.35,117.2,117.28,3427.519
2026-09-25 08:23:00,117.29,117.29,117.18,117.25,2118.396
2026-09-25 08:24:00,117.25,117.38,117.24,117.32,2087.26
2026-09-25 08:25:00,117.33,117.39,117.31,117.37,974.016
2026-09-25 08:26:00,117.36,117.4,117.3,117.34,2811.462
2026-09-25 08:27:00,117.35,117.46,117.35,117.46,3167.218
2026-09-25 08:28:00,117.46,117.56,117.46,117.53,2577.097
2026-09-25 08:29:00,117.54,117.54,117.37,117.38,1374.506
2026-09-25 08:30:00,117.37,117.46,117.33,117.39,3932.756
2026-09-25 08:31:00,117.39,117.39,117.24,117.3,2014.182
2026-09-25 08:32:00,117.3,117.32,117.22,117.31,1168.613
2026-09-25 08:33:00,117.32,117.39,117.32,117.37,965.189
2026-09-25 08:34:00,117.37,117.37,117.24,117.25,1528.228
2026-09-25 08:35:00,117.25,117.25,117.2,117.21,523.237
2026-09-25 08:36:00,117.2,117.24,117.11,117.21,3760.386
2026-09-25 08:37:00,117.21,117.24,117.17,117.2,1311.504
2026-09-25 08:38:00,117.2,117.23,117.17,117.22,733.906
2026-09-25 08:39:00,117.22,117.22,117.12,117.16,1200.447
2026-09-25 08:40:00,117.16,117.19,117.15,117.18,931.427
2026-09-25 08:41:00,117.19,117.19,117.13,117.14,601.231
2026-09-25 08:42:00,117.14,117.15,117.01,117.02,1797.855
2026-09-25 08:43:00,117.02,117.03,117.01,117.03,745.729
2026-09-25 08:44:00,117.03,117.03,117.0,117.01,1788.305
2026-09-25 08:45:00,117.0,117.01,117.0,117.0,615.562
2026-09-25 08:46:00,117.01,117.05,117.0,117.04,810.167
2026-09-25 08:47:00,117.04,117.12,117.04,117.08,2624.92
2026-09-25 08:48:00,117.07,117.08,117.03,117.05,852.354
2026-09-25 08:49:00,117.05,117.07,116.98,116.98,1242.142
2026-09-25 08:50:00,116.98,116.99,116.96,116.99,686.976
2026-09-25 08:51:00,116.99,117.12,116.99,117.11,836.778
2026-09-25 08:52:00,117.12,117.18,117.12,117.15,1379.185
2026-09-25 08:53:00,117.15,117.21,117.14,117.18,1344.723
2026-09-25 08:54:00,117.19,117.21,117.14,117.2,677.647
2026-09-25 08:55:00,117.21,117.27,117.21,117.27,873.013
2026-09-25 08:56:00,117.27,117.34,117.26,117.33,881.256
2026-09-25 08:57:00,117.34,117.38,117.28,117.29,1926.121
2026-09-25 08:58:00,117.3,117.33,117.29,117.29,709.323
2026-09-25 08:59:00,117.3,117.32,117.27,117.32,1053.351
2026-09-25 09:00:00,117.32,117.37,117.3,117.37,931.417
2026-09-25 09:01:00,117.37,117.44,117.32,117.42,1660.796
2026-09-25 09:02:00,117.41,117.58,117.41,117.58,8107.069
2026-09-25 09:03:00,117.57,117.59,117.56,117.57,1310.058
2026-09-25 09:04:00,117.56,117.69,117.56,117.65,2252.309
2026-09-25 09:05:00,117.65,117.75,117.65,117.72,2539.383
2026-09-25 09:06:00,117.72,117.78,117.66,117.77,1806.179
2026-09-25 09:07:00,117.76,117.77,117.72,117.76,1233.366
2026-09-25 09:08:00,117.75,117.8,117.74,117.74,1609.504
2026-09-25 09:09:00,117.75,117.76,117.62,117.63,1388.786
2026-09-25 09:10:00,117.63,117.63,117.57,117.57,1140.347
2026-09-25 09:11:00,117.58,117.59,117.56,117.58,1651.702
2026-09-25 09:12:00,117.58,117.58,117.52,117.53,764.143
2026-09-25 09:13:00,117.53,117.54,117.46,117.54,1298.307
2026-09-25 09:14:00,117.54,117.55,117.49,117.5,2782.495
2026-09-25 09:15:00,117.5,117.55,117.44,117.46,1610.1
2026-09-25 09:16:00,117.47,117.54,117.47,117.52,2237.117
2026-09-25 09:17:00,117.52,117.53,117.44,117.45,706.029
2026-09-25 09:18:00,117.45,117.55,117.41,117.54,2143.938
2026-09-25 09:19:00,117.55,117.55,117.46,117.48,1378.803
2026-09-25 09:20:00,117.48,117.48,117.41,117.43,1682.702
2026-09-25 09:21:00,117.43,117.47,117.41,117.46,624.216
2026-09-25 09:22:00,117.47,117.61,117.46,117.58,1686.718
2026-09-25 09:23:00,117.57,117.67,117.57,117.64,1741.215
2026-09-25 09:24:00,117.65,117.72,117.65,117.69,1150.37
2026-09-25 09:25:00,117.69,117.74,117.66,117.7,1071.558
2026-09-25 09:26:00,117.7,117.81,117.68,117.81,1637.702
2026-09-25 09:27:00,117.82,117.85,117.79,117.84,1087.878
2026-09-25 09:28:00,117.84,118.08,117.84,118.07,10067.869
2026-09-25 09:29:00,118.07,118.08,118.04,118.06,1205.234
2026-09-25 09:30:00,118.06,118.52,117.95,118.43,13568.385
2026-09-25 09:31:00,118.43,118.88,118.4,118.82,16204.139
2026-09-25 09:32:00,118.83,118.9,118.51,118.52,14014.411
2026-09-25 09:33:00,118.52,118.61,118.4,118.53,6317.594
2026-09-25 09:34:00,118.53,118.75,118.52,118.75,3292.968
2026-09-25 09:35:00,118.74,118.74,118.57,118.58,2365.545
2026-09-25 09:36:00,118.59,118.69,118.59,118.64,1303.634
2026-09-25 09:37:00,118.63,118.64,118.54,118.54,1388.705
2026-09-25 09:38:00,118.54,118.67,118.53,118.66,2937.175
2026-09-25 09:39:00,118.65,118.66,118.59,118.64,9188.95
2026-09-25 09:40:00,118.64,118.65,118.48,118.49,2528.324
2026-09-25 09:41:00,118.49,118.49,118.37,118.38,3783.722
2026-09-25 09:42:00,118.39,118.4,118.33,118.39,1498.006
2026-09-25 09:43:00,118.39,118.41,118.36,118.38,1984.487
2026-09-25 09:44:00,118.38,118.42,118.37,118.41,1586.714
2026-09-25 09:45:00,118.41,118.45,118.32,118.33,14318.679
2026-09-25 09:46:00,118.33,118.47,118.3,118.46,4198.08
2026-09-25 09:47:00,118.45,118.51,118.35,118.35,4512.889
2026-09-25 09:48:00,118.35,118.36,118.27,118.35,4013.775
2026-09-25 09:49:00,118.34,118.35,118.3,118.31,1269.779
2026-09-25 09:50:00,118.3,118.31,118.16,118.19,2168.347
2026-09-25 09:51:00,118.18,118.21,118.1,118.14,8687.623
2026-09-25 09:52:00,118.14,118.17,118.09,118.1,4130.243
2026-09-25 09:53:00,118.1,118.19,118.09,118.18,2570.485
2026-09-25 09:54:00,118.17,118.18,118.08,118.1,1935.098
2026-09-25 09:55:00,118.1,118.26,118.09,118.14,14235.577
2026-09-25 09:56:00,118.13,118.17,118.1,118.17,2592.805
2026-09-25 09:57:00,118.17,118.29,118.1,118.28,3399.001
2026-09-25 09:58:00,118.28,118.33,118.26,118.33,10166.159
2026-09-25 09:59:00,118.33,118.4,118.33,118.37,3681.333
2026-09-25 10:00:00,118.37,118.38,118.34,118.36,1171.592
2026-09-25 10:01:00,118.35,118.35,118.17,118.2,7890.588
2026-09-25 10:02:00,118.19,118.2,118.02,118.04,2074.985
2026-09-25 10:03:00,118.04,118.06,117.9,117.99,4553.319
2026-09-25 10:04:00,118.0,118.03,117.96,118.02,1669.11
2026-09-25 10:05:00,118.03,118.07,117.95,118.0,9895.054
2026-09-25 10:06:00,118.0,118.1,117.99,118.04,1943.331
2026-09-25 10:07:00,118.04,118.05,118.0,118.02,1756.703
2026-09-25 10:08:00,118.01,118.09,118.0,118.08,1664.572
2026-09-25 10:09:00,118.09,118.15,118.08,118.14,1560.817
2026-09-25 10:10:00,118.14,118.24,118.14,118.24,1516.395
2026-09-25 10:11:00,118.24,118.24,118.15,118.15,444.927
2026-09-25 10:12:00,118.15,118.16,118.14,118.15,407.38
2026-09-25 10:13:00,118.16,118.22,118.13,118.22,2409.873
2026-09-25 10:14:00,118.21,118.22,118.12,118.14,1387.377
2026-09-25 10:15:00,118.14,118.15,118.01,118.09,8140.123
2026-09-25 10:16:00,118.08,118.11,117.99,118.11,5209.87
2026-09-25 10:17:00,118.11,118.17,118.09,118.11,2487.724
2026-09-25 10:18:00,118.11,118.11,118.03,118.05,665.802
2026-09-25 10:19:00,118.05,118.07,118.02,118.04,1063.968
2026-09-25 10:20:00,118.03,118.15,118.01,118.15,2272.003
2026-09-25 10:21:00,118.15,118.17,118.09,118.17,1685.948
2026-09-25 10:22:00,118.16,118.17,118.06,118.17,1704.942
2026-09-25 10:23:00,118.16,118.3,118.15,118.29,3187.279
2026-09-25 10:24:00,118.29,118.4,118.26,118.37,3901.433
2026-09-25 10:25:00,118.37,118.5,118.36,118.49,17831.03
2026-09-25 10:26:00,118.48,118.59,118.46,118.58,4318.149
2026-09-25 10:27:00,118.59,118.84,118.59,118.84,4565.243
2026-09-25 10:28:00,118.85,119.0,118.84,118.99,14082.353
2026-09-25 10:29:00,118.99,119.0,118.88,118.97,5171.125
2026-09-25 10:30:00,118.97,119.01,118.84,118.98,7420.34
2026-09-25 10:31:00,118.98,118.98,118.71,118.77,4732.73
2026-09-25 10:32:00,118.76,118.77,118.67,118.76,4334.2
2026-09-25 10:33:00,118.77,118.92,118.71,118.9,7337.313
2026-09-25 10:34:00,118.91,118.91,118.78,118.78,4251.324
2026-09-25 10:35:00,118.78,118.86,118.77,118.79,2742.596
2026-09-25 10:36:00,118.8,118.81,118.79,118.81,3504.927
2026-09-25 10:37:00,118.81,118.9,118.8,118.89,5394.485
2026-09-25 10:38:00,118.88,118.89,118.85,118.85,1362.333
2026-09-25 10:39:00,118.85,118.86,118.8,118.81,1587.425
2026-09-25 10:40:00,118.81,118.93,118.8,118.93,4076.36
2026-09-25 10:41:00,118.93,118.97,118.93,118.95,2865.952
2026-09-25 10:42:00,118.95,119.02,118.94,118.99,4963.909
2026-09-25 10:43:00,118.99,119.02,118.86,118.9,3174.647
2026-09-25 10:44:00,118.91,118.96,118.88,118.95,1300.671
2026-09-25 10:45:00,118.95,118.95,118.9,118.91,762.116
2026-09-25 10:46:00,118.91,118.95,118.9,118.93,1205.496
2026-09-25 10:47:00,118.92,118.92,118.89,118.9,731.665
2026-09-25 10:48:00,118.9,118.94,118.86,118.93,1870.245
2026-09-25 10:49:00,118.94,119.05,118.9,118.94,4008.882
2026-09-25 10:50:00,118.93,119.16,118.93,119.07,5764.862
2026-09-25 10:51:00,119.07,119.15,119.01,119.13,3756.168
2026-09-25 10:52:00,119.12,119.13,119.04,119.12,2230.518
2026-09-25 10:53:00,119.11,119.26,119.11,119.24,6368.94
2026-09-25 10:54:00,119.24,119.47,119.24,119.42,6479.602
2026-09-25 10:55:00,119.42,119.57,119.26,119.26,9962.781
2026-09-25 10:56:00,119.26,119.32,119.2,119.31,3131.148
2026-09-25 10:57:00,119.31,119.32,119.21,119.22,5655.49
2026-09-25 10:58:00,119.22,119.25,119.13,119.18,4148.288
2026-09-25 10:59:00,119.17,119.18,119.13,119.18,1389.094
2026-09-25 11:00:00,119.18,119.27,119.14,119.24,3727.262
2026-09-25 11:01:00,119.23,119.47,119.23,119.45,3751.329
2026-09-25 11:02:00,119.45,119.46,119.4,119.41,1280.835
2026-09-25 11:03:00,119.42,119.48,119.41,119.47,2827.723
2026-09-25 11:04:00,119.46,119.64,119.45,119.59,4851.745
2026-09-25 11:05:00,119.59,119.77,119.56,119.63,9405.761
2026-09-25 11:06:00,119.63,120.66,119.62,120.63,44077.996
2026-09-25 11:07:00,120.64,121.45,120.62,121.44,64938.774
2026-09-25 11:08:00,121.45,122.13,121.29,121.74,59887.35
2026-09-25 11:09:00,121.75,122.33,121.6,122.18,44804.71
2026-09-25 11:10:00,122.19,122.21,121.52,121.53,15919.826
2026-09-25 11:11:00,121.54,121.91,121.4,121.85,11907.564
2026-09-25 11:12:00,121.85,122.0,121.71,121.94,8370.357
2026-09-25 11:13:00,121.93,121.94,121.44,121.5,9939.129
2026-09-25 11:14:00,121.5,121.62,121.46,121.6,11004.897
2026-09-25 11:15:00,121.6,121.93,121.58,121.72,8202.302
2026-09-25 11:16:00,121.72,121.73,121.43,121.46,6521.789
2026-09-25 11:17:00,121.46,121.48,121.3,121.41,6739.901
2026-09-25 11:18:00,121.4,121.42,121.15,121.17,4069.457
2026-09-25 11:19:00,121.16,121.41,121.16,121.32,7595.257
2026-09-25 11:20:00,121.33,121.34,121.15,121.16,4701.419
2026-09-25 11:21:00,121.16,121.16,120.78,120.95,14173.424
2026-09-25 11:22:00,120.96,121.0,120.92,120.98,2208.721
2026-09-25 11:23:00,120.99,121.02,120.6,120.6,8288.692
2026-09-25 11:24:00,120.6,120.61,120.34,120.57,9598.385
2026-09-25 11:25:00,120.58,120.69,120.33,120.58,9604.553
2026-09-25 11:26:00,120.57,121.04,120.57,120.92,35818.186
2026-09-25 11:27:00,120.92,120.96,120.76,120.9,8367.939
2026-09-25 11:28:00,120.9,120.98,120.74,120.95,6365.308
2026-09-25 11:29:00,120.94,121.1,120.9,121.07,4684.095
2026-09-25 11:30:00,121.08,121.18,120.91,120.97,4472.207
2026-09-25 11:31:00,120.97,121.02,120.95,120.98,2404.614
2026-09-25 11:32:00,120.97,121.02,120.9,120.97,6442.627
2026-09-25 11:33:00,120.97,121.01,120.84,120.85,6362.395
2026-09-25 11:34:00,120.85,121.22,120.81,121.19,2834.494
2026-09-25 11:35:00,121.19,121.69,121.18,121.4,12910.811
2026-09-25 11:36:00,121.41,121.42,121.23,121.24,2628.149
2026-09-25 11:37:00,121.24,121.27,121.13,121.22,4989.401
2026-09-25 11:38:00,121.21,121.38,121.17,121.33,2578.242
2026-09-25 11:39:00,121.32,121.33,121.21,121.25,1546.358
2026-09-25 11:40:00,121.25,121.37,121.25,121.25,1916.076
2026-09-25 11:41:00,121.26,121.26,120.91,120.92,5325.885
2026-09-25 11:42:00,120.91,120.98,120.85,120.96,4070.608
2026-09-25 11:43:00,120.96,121.01,120.92,120.98,2151.165
2026-09-25 11:44:00,120.98,120.98,120.83,120.92,3113.995
2026-09-25 11:45:00,120.93,121.03,120.81,120.82,2554.209
2026-09-25 11:46:00,120.81,121.07,120.78,121.07,3421.436
2026-09-25 11:47:00,121.08,121.25,121.06,121.19,2940.001
2026-09-25 11:48:00,121.19,121.19,120.84,120.87,2481.086
2026-09-25 11:49:00,120.87,121.03,120.82,120.83,2799.455
2026-09-25 11:50:00,120.83,120.96,120.74,120.92,2171.213
2026-09-25 11:51:00,120.93,121.13,120.93,121.13,3486.196
2026-09-25 11:52:00,121.12,121.12,120.95,120.95,2384.117
2026-09-25 11:53:00,120.96,120.96,120.76,120.77,1990.114
2026-09-25 11:54:00,120.78,120.83,120.73,120.74,2223.298
2026-09-25 11:55:00,120.75,120.85,120.72,120.72,3059.318
2026-09-25 11:56:00,120.72,120.72,120.51,120.61,19557.039
2026-09-25 11:57:00,120.62,120.84,120.62,120.83,3104.89
2026-09-25 11:58:00,120.84,120.88,120.74,120.82,2504.535
2026-09-25 11:59:00,120.82,120.88,120.76,120.82,2915.442
2026-09-25 12:00:00,120.83,121.02,120.83,121.02,3279.248
2026-09-25 12:01:00,121.02,121.1,120.99,121.08,3406.156
2026-09-25 12:02:00,121.08,121.17,121.04,121.04,2961.939
2026-09-25 12:03:00,121.04,121.11,120.93,120.94,4383.825
2026-09-25 12:04:00,120.94,120.95,120.81,120.91,2500.885
2026-09-25 12:05:00,120.91,120.95,120.82,120.83,2188.568
2026-09-25 12:06:00,120.83,120.85,120.76,120.77,2023.071
2026-09-25 12:07:00,120.77,120.96,120.69,120.91,5063.764
2026-09-25 12:08:00,120.91,120.91,120.75,120.83,2281.159
2026-09-25 12:09:00,120.83,120.83,120.69,120.76,2566.357
2026-09-25 12:10:00,120.76,120.79,120.61,120.67,5500.547
2026-09-25 12:11:00,120.67,120.67,120.44,120.46,7922.338
2026-09-25 12:12:00,120.47,120.54,120.44,120.46,3426.222
2026-09-25 12:13:00,120.46,120.46,119.93,119.94,21434.835
2026-09-25 12:14:00,119.94,120.05,119.67,119.89,12960.743
2026-09-25 12:15:00,119.89,119.89,119.28,119.29,13704.846
2026-09-25 12:16:00,119.28,119.53,118.96,119.05,24228.161
2026-09-25 12:17:00,119.05,119.32,118.73,118.78,20387.586
2026-09-25 12:18:00,118.78,119.1,118.7,118.9,12901.301
2026-09-25 12:19:00,118.9,118.97,118.62,118.82,10091.754
2026-09-25 12:20:00,118.82,119.18,118.69,119.15,8914.274
2026-09-25 12:21:00,119.16,119.49,119.14,119.37,6003.731
2026-09-25 12:22:00,119.37,119.59,119.33,119.58,3438.765
2026-09-25 12:23:00,119.58,119.72,119.55,119.63,2612.708
2026-09-25 12:24:00,119.63,120.1,119.63,120.02,10509.417
2026-09-25 12:25:00,120.01,120.05,119.89,120.03,3655.411
2026-09-25 12:26:00,120.04,120.1,119.95,119.99,5523.628
2026-09-25 12:27:00,119.99,120.18,119.96,120.01,3205.336
2026-09-25 12:28:00,120.01,120.16,120.01,120.16,1994.556
2026-09-25 12:29:00,120.16,120.25,120.1,120.17,3080.178
2026-09-25 12:30:00,120.18,120.5,120.15,120.37,7642.751
2026-09-25 12:31:00,120.38,120.63,120.25,120.34,11998.557
2026-09-25 12:32:00,120.34,120.45,120.1,120.39,5977.032
2026-09-25 12:33:00,120.38,120.57,120.28,120.56,2681.656
2026-09-25 12:34:00,120.56,120.57,120.39,120.5,2414.443
2026-09-25 12:35:00,120.49,120.81,120.45,120.75,4867.333
2026-09-25 12:36:00,120.74,120.85,120.66,120.67,3899.009
2026-09-25 12:37:00,120.67,120.77,120.66,120.71,3701.326
2026-09-25 12:38:00,120.7,120.85,120.62,120.82,3602.546
2026-09-25 12:39:00,120.82,120.9,120.71,120.85,2566.32
2026-09-25 12:40:00,120.85,121.05,120.79,120.85,8251.633
2026-09-25 12:41:00,120.85,120.89,120.7,120.75,3239.541
2026-09-25 12:42:00,120.75,120.83,120.64,120.69,3059.428
2026-09-25 12:43:00,120.69,120.69,120.53,120.54,3130.985
2026-09-25 12:44:00,120.55,120.86,120.54,120.71,4520.333
2026-09-25 12:45:00,120.72,120.76,120.31,120.5,7681.647
2026-09-25 12:46:00,120.5,120.75,120.26,120.47,4876.71
2026-09-25 12:47:00,120.46,120.75,120.42,120.75,3902.252
2026-09-25 12:48:00,120.74,120.8,120.47,120.47,3659.377
2026-09-25 12:49:00,120.47,120.6,120.38,120.42,4831.005
2026-09-25 12:50:00,120.41,120.57,120.39,120.56,1668.031
2026-09-25 12:51:00,120.57,120.68,120.51,120.62,1920.691
2026-09-25 12:52:00,120.62,120.62,120.38,120.43,909.223
2026-09-25 12:53:00,120.42,120.48,120.37,120.45,2631.2
2026-09-25 12:54:00,120.44,120.56,120.44,120.51,2359.706
2026-09-25 12:55:00,120.52,120.74,120.52,120.71,2550.164
2026-09-25 12:56:00,120.71,120.91,120.64,120.9,8023.13
2026-09-25 12:57:00,120.9,120.9,120.71,120.79,3609.634
2026-09-25 12:58:00,120.79,120.92,120.79,120.92,1733.874
2026-09-25 12:59:00,120.91,120.92,120.65,120.74,1478.668
2026-09-25 13:00:00,120.73,120.91,120.44,120.46,3779.095
2026-09-25 13:01:00,120.45,120.62,120.33,120.62,3299.668
2026-09-25 13:02:00,120.62,120.8,120.6,120.66,1766.976
2026-09-25 13:03:00,120.67,120.77,120.67,120.69,1232.137
2026-09-25 13:04:00,120.69,120.8,120.66,120.68,4292.256
2026-09-25 13:05:00,120.68,120.92,120.68,120.84,2280.945
2026-09-25 13:06:00,120.85,120.97,120.73,120.73,1965.931
2026-09-25 13:07:00,120.74,120.75,120.64,120.72,1306.04
2026-09-25 13:08:00,120.71,120.92,120.69,120.79,1728.043
2026-09-25 13:09:00,120.79,120.79,120.63,120.71,2465.519
2026-09-25 13:10:00,120.7,120.74,120.67,120.71,616.703
2026-09-25 13:11:00,120.71,120.73,120.66,120.69,646.506
2026-09-25 13:12:00,120.69,120.78,120.64,120.76,2404.686
2026-09-25 13:13:00,120.76,120.8,120.64,120.64,1625.246
2026-09-25 13:14:00,120.64,120.72,120.63,120.71,1343.982
2026-09-25 13:15:00,120.71,121.0,120.67,120.98,2808.429
2026-09-25 13:16:00,120.98,121.1,120.92,120.94,5904.64
2026-09-25 13:17:00,120.93,120.93,120.78,120.79,2230.783
2026-09-25 13:18:00,120.79,120.85,120.5,120.55,4753.656
2026-09-25 13:19:00,120.56,120.56,119.97,120.06,6318.432
2026-09-25 13:20:00,120.07,120.27,119.92,119.98,6703.447
2026-09-25 13:21:00,119.98,120.05,119.79,119.95,5049.99
2026-09-25 13:22:00,119.94,119.98,119.82,119.98,3263.066
2026-09-25 13:23:00,119.98,120.14,119.98,120.04,3008.573
2026-09-25 13:24:00,120.03,120.12,119.85,119.9,1795.594
2026-09-25 13:25:00,119.9,119.9,119.66,119.81,4974.888
2026-09-25 13:26:00,119.81,119.83,119.66,119.83,2483.058
2026-09-25 13:27:00,119.82,119.82,119.54,119.66,4893.342
2026-09-25 13:28:00,119.66,120.2,119.59,120.02,25939.579
2026-09-25 13:29:00,120.02,120.02,119.77,119.77,3279.705
2026-09-25 13:30:00,119.77,119.77,119.44,119.6,5705.824
2026-09-25 13:31:00,119.61,119.62,119.23,119.38,8897.397
2026-09-25 13:32:00,119.39,119.4,119.13,119.29,3029.593
2026-09-25 13:33:00,119.28,119.41,119.21,119.41,2674.593
2026-09-25 13:34:00,119.41,119.81,119.41,119.74,3968.131
2026-09-25 13:35:00,119.74,120.34,119.69,120.3,16357.483
2026-09-25 13:36:00,120.3,120.41,119.85,119.97,6351.276
2026-09-25 13:37:00,119.97,120.01,119.77,119.78,4581.611
2026-09-25 13:38:00,119.79,119.9,119.75,119.81,2066.735
2026-09-25 13:39:00,119.82,119.84,119.56,119.71,3652.523
2026-09-25 13:40:00,119.72,119.91,119.67,119.88,2855.416
2026-09-25 13:41:00,119.88,119.93,119.65,119.72,5032.975
2026-09-25 13:42:00,119.72,119.72,119.48,119.62,4212.736
2026-09-25 13:43:00,119.63,119.63,119.38,119.41,3516.947
2026-09-25 13:44:00,119.4,119.51,119.13,119.46,4392.627
2026-09-25 13:45:00,119.46,119.59,119.37,119.49,2909.329
2026-09-25 13:46:00,119.49,119.49,118.74,118.75,14050.112
2026-09-25 13:47:00,118.75,118.91,118.5,118.88,19376.542
2026-09-25 13:48:00,118.89,119.05,118.71,118.93,5285.938
2026-09-25 13:49:00,118.93,119.18,118.89,118.98,22402.697
2026-09-25 13:50:00,118.97,119.23,118.89,119.16,3638.187
2026-09-25 13:51:00,119.16,119.18,119.02,119.11,1591.522
2026-09-25 13:52:00,119.11,119.31,119.08,119.3,4115.026
2026-09-25 13:53:00,119.3,119.49,119.21,119.49,22854.177
2026-09-25 13:54:00,119.49,119.87,119.38,119.82,15634.54
2026-09-25 13:55:00,119.82,119.88,119.67,119.87,5472.882
2026-09-25 13:56:00,119.86,119.89,119.55,119.61,8506.938
2026-09-25 13:57:00,119.62,119.63,119.45,119.58,6409.68
2026-09-25 13:58:00,119.57,119.63,119.52,119.52,3146.023
2026-09-25 13:59:00,119.52,119.6,119.45,119.5,2770.575
2026-09-25 14:00:00,119.51,119.8,119.48,119.63,7245.985
2026-09-25 14:01:00,119.64,119.68,119.53,119.6,4332.534
2026-09-25 14:02:00,119.61,119.68,119.19,119.23,8818.188
2026-09-25 14:03:00,119.23,119.23,118.76,119.0,8650.969
2026-09-25 14:04:00,118.99,119.05,118.27,118.44,22513.504
2026-09-25 14:05:00,118.43,118.74,118.41,118.52,9223.262
2026-09-25 14:06:00,118.52,119.15,118.52,119.0,10114.53
2026-09-25 14:07:00,118.99,119.31,118.95,119.15,18967.212
2026-09-25 14:08:00,119.16,119.46,119.05,119.46,5520.191
2026-09-25 14:09:00,119.46,119.54,119.31,119.35,10596.848
2026-09-25 14:10:00,119.36,119.51,119.28,119.31,2503.096
2026-09-25 14:11:00,119.32,119.61,119.32,119.57,7558.19
2026-09-25 14:12:00,119.57,119.71,119.49,119.69,7352.149
2026-09-25 14:13:00,119.69,119.78,119.59,119.65,5295.172
2026-09-25 14:14:00,119.65,119.65,119.32,119.46,5645.385
2026-09-25 14:15:00,119.47,119.68,119.16,119.68,7122.95
2026-09-25 14:16:00,119.68,119.88,119.43,119.44,6199.032
2026-09-25 14:17:00,119.43,119.45,119.08,119.13,5426.335
2026-09-25 14:18:00,119.13,119.53,119.12,119.43,9356.092
2026-09-25 14:19:00,119.42,119.63,119.25,119.59,5931.945
2026-09-25 14:20:00,119.6,119.87,119.58,119.81,18624.59
2026-09-25 14:21:00,119.8,120.27,119.8,120.22,15372.937
2026-09-25 14:22:00,120.22,120.4,120.09,120.11,4514.612
2026-09-25 14:23:00,120.12,120.18,119.89,119.91,5225.813
2026-09-25 14:24:00,119.9,120.0,119.62,119.73,4579.637
2026-09-25 14:25:00,119.73,119.95,119.69,119.9,3443.008
2026-09-25 14:26:00,119.91,119.97,119.83,119.9,3025.468
2026-09-25 14:27:00,119.9,119.9,119.72,119.73,2001.517
2026-09-25 14:28:00,119.73,119.81,119.6,119.79,4835.729
2026-09-25 14:29:00,119.79,119.94,119.66,119.71,2722.974
2026-09-25 14:30:00,119.72,119.95,119.68,119.95,3504.363
2026-09-25 14:31:00,119.94,120.19,119.88,120.16,2684.705
2026-09-25 14:32:00,120.17,120.2,119.91,120.17,3406.093
2026-09-25 14:33:00,120.17,120.19,120.06,120.09,4515.799
2026-09-25 14:34:00,120.08,120.45,120.08,120.38,9560.248
2026-09-25 14:35:00,120.39,120.45,120.26,120.33,2508.648
2026-09-25 14:36:00,120.32,120.52,120.26,120.45,5835.433
2026-09-25 14:37:00,120.45,120.45,120.18,120.24,3323.887
2026-09-25 14:38:00,120.25,120.44,120.25,120.31,3869.273
2026-09-25 14:39:00,120.32,120.43,120.21,120.21,2693.801
2026-09-25 14:40:00,120.22,120.24,119.78,119.78,3216.791
2026-09-25 14:41:00,119.77,120.01,119.76,119.85,1650.568
2026-09-25 14:42:00,119.85,120.03,119.78,119.95,2097.119
2026-09-25 14:43:00,119.96,120.05,119.56,119.56,5498.253
2026-09-25 14:44:00,119.56,119.68,119.55,119.67,2648.288
2026-09-25 14:45:00,119.67,119.78,119.33,119.72,7037.132
2026-09-25 14:46:00,119.73,119.93,119.55,119.75,8301.748
2026-09-25 14:47:00,119.74,119.94,119.64,119.86,3657.378
2026-09-25 14:48:00,119.86,120.07,119.81,119.93,7024.468
2026-09-25 14:49:00,119.92,120.15,119.86,119.96,5832.895
2026-09-25 14:50:00,119.97,120.02,119.72,119.8,1414.169
2026-09-25 14:51:00,119.8,119.87,119.62,119.62,1740.484
2026-09-25 14:52:00,119.63,119.63,119.4,119.48,5928.749
2026-09-25 14:53:00,119.49,119.89,119.48,119.88,2457.067
2026-09-25 14:54:00,119.87,120.01,119.85,120.0,2194.423
2026-09-25 14:55:00,120.0,120.2,119.99,120.2,2988.484
2026-09-25 14:56:00,120.21,120.4,120.17,120.38,1943.973
2026-09-25 14:57:00,120.37,120.46,120.33,120.45,3552.241
2026-09-25 14:58:00,120.44,120.46,120.29,120.29,1829.958
2026-09-25 14:59:00,120.29,120.47,120.27,120.44,2277.652
2026-09-25 15:00:00,120.44,120.48,120.2,120.46,3044.341
2026-09-25 15:01:00,120.47,120.72,120.37,120.69,4875.65
2026-09-25 15:02:00,120.7,120.93,120.51,120.51,8412.066
2026-09-25 15:03:00,120.51,120.56,120.27,120.37,4671.82
2026-09-25 15:04:00,120.37,120.47,120.16,120.2,1959.01
2026-09-25 15:05:00,120.21,120.44,120.21,120.29,3833.687
2026-09-25 15:06:00,120.3,120.41,120.2,120.29,1080.555
2026-09-25 15:07:00,120.3,120.52,120.3,120.51,1984.681
2026-09-25 15:08:00,120.5,120.68,120.48,120.67,2710.173
2026-09-25 15:09:00,120.67,120.84,120.66,120.78,1813.893
2026-09-25 15:10:00,120.78,120.82,120.58,120.66,1188.855
2026-09-25 15:11:00,120.66,120.73,120.53,120.68,3723.641
2026-09-25 15:12:00,120.68,121.07,120.67,120.99,5823.964
2026-09-25 15:13:00,120.98,121.12,120.94,120.97,6938.316
2026-09-25 15:14:00,120.97,121.18,120.93,121.17,4271.556
2026-09-25 15:15:00,121.18,121.48,120.97,121.11,12505.887
2026-09-25 15:16:00,121.1,121.18,120.96,121.0,2612.887
2026-09-25 15:17:00,120.99,121.07,120.85,120.95,2369.762
2026-09-25 15:18:00,120.95,121.05,120.86,120.89,2436.691
2026-09-25 15:19:00,120.89,120.9,120.56,120.56,1916.393
2026-09-25 15:20:00,120.56,120.6,120.29,120.48,6848.595
2026-09-25 15:21:00,120.49,120.73,120.34,120.7,10376.139
2026-09-25 15:22:00,120.69,120.89,120.61,120.72,10150.768
2026-09-25 15:23:00,120.72,120.85,120.6,120.66,2126.618
2026-09-25 15:24:00,120.65,120.69,120.49,120.62,1799.987
2026-09-25 15:25:00,120.61,120.63,120.41,120.55,3335.403
2026-09-25 15:26:00,120.54,120.54,120.37,120.43,1429.511
2026-09-25 15:27:00,120.44,120.5,120.28,120.3,1803.499
2026-09-25 15:28:00,120.29,120.35,120.21,120.25,2013.179
2026-09-25 15:29:00,120.25,120.3,120.13,120.15,3007.463
2026-09-25 15:30:00,120.15,120.43,120.0,120.09,5649.869
2026-09-25 15:31:00,120.09,120.2,119.97,120.13,2946.728
2026-09-25 15:32:00,120.13,120.42,120.09,120.21,4161.864
2026-09-25 15:33:00,120.2,120.37,120.14,120.17,2660.29
2026-09-25 15:34:00,120.17,120.17,119.96,119.96,4375.489
2026-09-25 15:35:00,119.96,120.03,119.84,119.85,3443.004
2026-09-25 15:36:00,119.84,119.94,119.8,119.8,2194.261
2026-09-25 15:37:00,119.79,119.83,119.59,119.71,6617.372
2026-09-25 15:38:00,119.71,119.75,119.5,119.52,3547.15
2026-09-25 15:39:00,119.52,119.58,119.28,119.3,8483.092
2026-09-25 15:40:00,119.3,119.57,119.2,119.55,7413.67
2026-09-25 15:41:00,119.56,119.71,119.55,119.57,1872.019
2026-09-25 15:42:00,119.57,119.59,119.43,119.55,1829.127
2026-09-25 15:43:00,119.56,119.69,119.47,119.49,2464.915
2026-09-25 15:44:00,119.49,119.51,119.37,119.38,2468.249
2026-09-25 15:45:00,119.38,119.5,119.31,119.31,3155.976
2026-09-25 15:46:00,119.31,119.59,119.25,119.53,3551.779
2026-09-25 15:47:00,119.54,119.71,119.36,119.36,5313.385
2026-09-25 15:48:00,119.37,119.37,119.26,119.32,1975.207
2026-09-25 15:49:00,119.32,119.34,119.18,119.29,6792.629
2026-09-25 15:50:00,119.3,119.32,119.15,119.2,6441.985
2026-09-25 15:51:00,119.2,119.2,119.05,119.05,3283.058
2026-09-25 15:52:00,119.06,119.33,119.03,119.27,2246.681
2026-09-25 15:53:00,119.27,119.34,119.19,119.31,1187.275
2026-09-25 15:54:00,119.31,119.47,119.22,119.36,3452.366
2026-09-25 15:55:00,119.36,119.57,119.36,119.48,3101.41
2026-09-25 15:56:00,119.49,119.69,119.42,119.68,2474.462
2026-09-25 15:57:00,119.68,119.76,119.59,119.73,2952.104
2026-09-25 15:58:00,119.74,119.98,119.74,119.98,1748.059
2026-09-25 15:59:00,119.97,120.14,119.93,120.13,2075.361
2026-09-25 16:00:00,120.14,120.37,120.09,120.37,2186.274
2026-09-25 16:01:00,120.36,120.51,120.32,120.49,6131.424
2026-09-25 16:02:00,120.5,120.6,120.49,120.6,4264.943
2026-09-25 16:03:00,120.6,120.6,120.43,120.58,3001.182
2026-09-25 16:04:00,120.58,120.63,120.3,120.45,2062.014
2026-09-25 16:05:00,120.45,120.76,120.4,120.74,5258.374
2026-09-25 16:06:00,120.73,120.97,120.65,120.91,5238.702
2026-09-25 16:07:00,120.91,120.91,120.52,120.63,4842.489
2026-09-25 16:08:00,120.62,120.69,120.51,120.59,2495.951
2026-09-25 16:09:00,120.59,120.79,120.56,120.77,2851.639
2026-09-25 16:10:00,120.76,120.91,120.68,120.68,9492.51
2026-09-25 16:11:00,120.69,120.76,120.6,120.75,1675.755
2026-09-25 16:12:00,120.75,120.85,120.68,120.83,5034.807
2026-09-25 16:13:00,120.83,120.86,120.72,120.77,2976.855
2026-09-25 16:14:00,120.77,120.8,120.68,120.8,970.526
2026-09-25 16:15:00,120.79,121.05,120.79,121.0,5777.562
2026-09-25 16:16:00,121.0,121.03,120.94,121.0,1624.974
2026-09-25 16:17:00,121.0,121.2,120.93,120.93,7158.196
2026-09-25 16:18:00,120.93,121.55,120.93,121.21,15431.691
2026-09-25 16:19:00,121.2,121.49,121.1,121.41,7196.78
2026-09-25 16:20:00,121.41,121.6,121.28,121.28,4743.954
2026-09-25 16:21:00,121.28,121.33,121.04,121.11,4031.371
2026-09-25 16:22:00,121.1,121.12,121.0,121.0,4214.975
2026-09-25 16:23:00,121.0,121.04,120.88,120.92,3489.285
2026-09-25 16:24:00,120.92,121.05,120.92,121.01,3823.679
2026-09-25 16:25:00,121.0,121.21,120.99,121.03,2200.937
2026-09-25 16:26:00,121.03,121.19,121.01,121.17,2939.396
2026-09-25 16:27:00,121.17,121.43,121.16,121.36,5091.485
2026-09-25 16:28:00,121.35,121.37,121.29,121.31,4664.837
2026-09-25 16:29:00,121.31,121.33,121.22,121.3,2027.443
2026-09-25 16:30:00,121.3,121.33,121.2,121.29,3584.093
2026-09-25 16:31:00,121.3,121.4,121.23,121.37,1501.255
2026-09-25 16:32:00,121.37,121.62,121.37,121.61,2583.883
2026-09-25 16:33:00,121.61,121.89,121.51,121.51,7685.919
2026-09-25 16:34:00,121.52,121.52,121.02,121.05,6933.03
2026-09-25 16:35:00,121.04,121.33,120.99,121.3,10817.461
2026-09-25 16:36:00,121.31,121.49,121.29,121.49,2390.273
2026-09-25 16:37:00,121.49,121.68,121.44,121.44,6856.756
2026-09-25 16:38:00,121.44,121.46,121.27,121.38,2249.768
2026-09-25 16:39:00,121.39,121.48,121.34,121.46,1646.81
2026-09-25 16:40:00,121.47,121.63,121.4,121.4,5532.669
2026-09-25 16:41:00,121.41,121.53,121.41,121.53,2177.214
2026-09-25 16:42:00,121.52,121.67,121.52,121.56,4267.267
2026-09-25 16:43:00,121.56,121.72,121.56,121.66,4957.526
2026-09-25 16:44:00,121.66,121.88,121.52,121.52,6531.55
2026-09-25 16:45:00,121.53,121.62,121.45,121.62,3715.767
2026-09-25 16:46:00,121.63,121.63,121.53,121.57,3768.896
2026-09-25 16:47:00,121.56,121.56,121.2,121.21,5108.336
2026-09-25 16:48:00,121.2,121.21,120.89,120.93,4811.841
2026-09-25 16:49:00,120.94,120.99,120.69,120.99,12060.231
2026-09-25 16:50:00,120.99,121.09,120.93,121.05,1906.388
2026-09-25 16:51:00,121.05,121.27,121.03,121.22,3740.394
2026-09-25 16:52:00,121.21,121.45,121.21,121.41,2801.483
2026-09-25 16:53:00,121.41,121.44,121.17,121.19,5404.721
2026-09-25 16:54:00,121.18,121.32,121.17,121.26,2478.694
2026-09-25 16:55:00,121.26,121.3,121.18,121.29,2076.516
2026-09-25 16:56:00,121.3,121.33,121.14,121.16,2869.075
2026-09-25 16:57:00,121.16,121.16,121.0,121.01,1585.429
2026-09-25 16:58:00,121.0,121.01,120.82,120.83,3679.79
2026-09-25 16:59:00,120.82,120.92,120.81,120.89,4057.275
2026-09-25 17:00:00,120.89,121.13,120.88,121.07,5905.752
2026-09-25 17:01:00,121.07,121.45,121.07,121.43,2962.196
2026-09-25 17:02:00,121.44,121.62,121.43,121.55,4120.708
2026-09-25 17:03:00,121.56,121.64,121.52,121.52,1780.303
2026-09-25 17:04:00,121.52,121.58,121.44,121.55,2510.133
2026-09-25 17:05:00,121.54,121.57,121.26,121.32,6684.113
2026-09-25 17:06:00,121.31,121.42,121.27,121.33,4039.342
2026-09-25 17:07:00,121.32,121.36,121.25,121.31,1828.753
2026-09-25 17:08:00,121.3,121.35,121.2,121.35,1459.123
2026-09-25 17:09:00,121.36,121.58,121.36,121.52,1391.211
2026-09-25 17:10:00,121.51,121.53,121.4,121.43,1397.508
2026-09-25 17:11:00,121.42,121.45,121.24,121.28,5253.314
2026-09-25 17:12:00,121.28,121.31,121.21,121.25,1544.694
2026-09-25 17:13:00,121.26,121.35,121.25,121.29,1450.565
2026-09-25 17:14:00,121.29,121.38,121.29,121.37,809.48
2026-09-25 17:15:00,121.38,121.55,121.37,121.54,1279.774
2026-09-25 17:16:00,121.53,121.56,121.49,121.52,762.662
2026-09-25 17:17:00,121.53,121.57,121.37,121.39,3262.556
2026-09-25 17:18:00,121.4,121.42,121.3,121.42,4730.591
2026-09-25 17:19:00,121.42,121.45,121.17,121.21,4549.073
2026-09-25 17:20:00,121.21,121.23,121.2,121.21,1049.674
2026-09-25 17:21:00,121.21,121.21,121.06,121.06,1033.95
2026-09-25 17:22:00,121.06,121.14,121.01,121.02,1689.126
2026-09-25 17:23:00,121.03,121.11,120.98,121.07,2268.582
2026-09-25 17:24:00,121.07,121.07,120.96,121.0,756.331
2026-09-25 17:25:00,120.99,120.99,120.75,120.79,2957.934
2026-09-25 17:26:00,120.78,120.84,120.71,120.72,1753.738
2026-09-25 17:27:00,120.72,120.79,120.66,120.73,2155.755
2026-09-25 17:28:00,120.72,120.77,120.5,120.5,2684.65
2026-09-25 17:29:00,120.51,120.52,120.35,120.39,2869.95
2026-09-25 17:30:00,120.39,120.41,120.3,120.4,2377.082
2026-09-25 17:31:00,120.39,120.48,120.26,120.38,3564.223
2026-09-25 17:32:00,120.38,120.87,120.37,120.79,3555.358
2026-09-25 17:33:00,120.79,120.95,120.68,120.68,3192.165
2026-09-25 17:34:00,120.68,120.84,120.66,120.79,2571.7
2026-09-25 17:35:00,120.79,120.79,120.71,120.75,1511.593
2026-09-25 17:36:00,120.75,120.83,120.64,120.65,1960.951
2026-09-25 17:37:00,120.65,120.68,120.6,120.62,1376.18
2026-09-25 17:38:00,120.62,120.77,120.61,120.77,1489.04
2026-09-25 17:39:00,120.76,120.82,120.55,120.75,5051.913
2026-09-25 17:40:00,120.76,120.93,120.74,120.8,2937.437
2026-09-25 17:41:00,120.81,121.09,120.8,121.05,4855.004
2026-09-25 17:42:00,121.06,121.17,121.06,121.16,1457.354
2026-09-25 17:43:00,121.16,121.28,121.16,121.23,1830.542
2026-09-25 17:44:00,121.22,121.24,120.98,121.02,2530.421
2026-09-25 17:45:00,121.02,121.02,120.94,120.97,1400.755
2026-09-25 17:46:00,120.98,121.03,120.87,120.88,4007.853
2026-09-25 17:47:00,120.88,120.95,120.78,120.85,1938.804
2026-09-25 17:48:00,120.85,120.92,120.82,120.88,1571.093
2026-09-25 17:49:00,120.87,120.94,120.86,120.94,1025.543
2026-09-25 17:50:00,120.95,120.96,120.86,120.88,432.782
2026-09-25 17:51:00,120.87,120.87,120.75,120.78,1270.374
2026-09-25 17:52:00,120.78,120.8,120.64,120.66,1086.864
2026-09-25 17:53:00,120.66,120.7,120.62,120.7,942.763
2026-09-25 17:54:00,120.69,120.82,120.67,120.79,1443.921
2026-09-25 17:55:00,120.79,120.89,120.74,120.86,845.279
2026-09-25 17:56:00,120.86,120.87,120.82,120.83,487.847
2026-09-25 17:57:00,120.83,120.9,120.79,120.9,646.923
2026-09-25 17:58:00,120.9,120.95,120.86,120.91,642.389
2026-09-25 17:59:00,120.91,121.05,120.91,121.0,3610.762
2026-09-25 18:00:00,121.01,121.16,120.97,121.15,1837.913
2026-09-25 18:01:00,121.14,121.29,121.14,121.27,1535.366
2026-09-25 18:02:00,121.27,121.4,121.02,121.12,8865.017
2026-09-25 18:03:00,121.13,121.22,121.06,121.22,1359.287
2026-09-25 18:04:00,121.22,121.24,121.05,121.06,863.967
2026-09-25 18:05:00,121.05,121.06,120.96,120.97,1485.342
2026-09-25 18:06:00,120.97,121.31,120.95,121.27,3248.15
2026-09-25 18:07:00,121.27,121.34,121.24,121.34,1027.305
2026-09-25 18:08:00,121.35,121.36,121.24,121.24,1452.202
2026-09-25 18:09:00,121.23,121.46,121.17,121.44,3403.364
2026-09-25 18:10:00,121.43,121.5,121.41,121.44,1839.349
2026-09-25 18:11:00,121.44,121.84,121.35,121.81,9240.435
2026-09-25 18:12:00,121.81,122.09,121.75,122.05,14718.058
2026-09-25 18:13:00,122.04,122.09,121.9,121.99,3237.913
2026-09-25 18:14:00,121.98,122.1,121.91,121.97,5868.259
2026-09-25 18:15:00,121.98,122.47,121.98,122.26,11707.78
2026-09-25 18:16:00,122.25,122.27,122.09,122.13,3749.829
2026-09-25 18:17:00,122.13,122.45,122.13,122.42,9124.77
2026-09-25 18:18:00,122.42,122.48,122.27,122.36,6056.756
2026-09-25 18:19:00,122.35,122.41,122.17,122.36,2799.967
2026-09-25 18:20:00,122.37,122.78,122.35,122.54,10500.943
2026-09-25 18:21:00,122.55,122.6,122.4,122.41,4854.556
2026-09-25 18:22:00,122.4,122.41,122.25,122.26,2945.918
2026-09-25 18:23:00,122.26,122.33,122.18,122.22,1140.448
2026-09-25 18:24:00,122.22,122.37,122.18,122.26,6484.369
2026-09-25 18:25:00,122.25,122.43,122.25,122.39,3809.867
2026-09-25 18:26:00,122.38,122.39,121.85,121.86,6282.523
2026-09-25 18:27:00,121.86,121.98,121.68,121.73,2800.897
2026-09-25 18:28:00,121.73,121.92,121.68,121.9,2745.755
2026-09-25 18:29:00,121.91,121.91,121.75,121.82,2538.483
2026-09-25 18:30:00,121.82,121.97,121.79,121.92,2295.467
2026-09-25 18:31:00,121.92,121.98,121.88,121.94,2741.41
2026-09-25 18:32:00,121.93,122.0,121.92,121.93,1550.991
2026-09-25 18:33:00,121.93,122.01,121.92,121.94,1045.511
2026-09-25 18:34:00,121.94,122.05,121.91,121.97,1641.93
2026-09-25 18:35:00,121.97,122.3,121.89,122.26,7753.196
2026-09-25 18:36:00,122.26,122.36,122.21,122.21,2356.475
2026-09-25 18:37:00,122.21,122.38,122.2,122.28,3349.668
2026-09-25 18:38:00,122.29,122.29,122.15,122.24,1869.939
2026-09-25 18:39:00,122.24,122.31,122.07,122.08,2138.601
2026-09-25 18:40:00,122.07,122.07,121.95,121.99,706.654
2026-09-25 18:41:00,121.98,122.08,121.94,122.07,1065.385
2026-09-25 18:42:00,122.08,122.15,122.04,122.08,764.163
2026-09-25 18:43:00,122.08,122.1,122.03,122.07,1205.944
2026-09-25 18:44:00,122.08,122.17,122.08,122.17,963.105
2026-09-25 18:45:00,122.16,122.26,122.14,122.14,805.705
2026-09-25 18:46:00,122.14,122.37,122.14,122.29,2375.4
2026-09-25 18:47:00,122.28,122.28,122.08,122.08,1598.18
2026-09-25 18:48:00,122.08,122.11,122.02,122.08,1116.785
2026-09-25 18:49:00,122.09,122.17,122.06,122.06,1285.795
2026-09-25 18:50:00,122.06,122.09,121.95,121.96,1456.005
2026-09-25 18:51:00,121.97,122.07,121.97,122.03,1692.156
2026-09-25 18:52:00,122.03,122.1,122.0,122.1,1458.999
2026-09-25 18:53:00,122.09,122.13,122.03,122.03,940.947
2026-09-25 18:54:00,122.03,122.07,121.96,122.07,1184.416
2026-09-25 18:55:00,122.07,122.17,122.0,122.03,3691.953
2026-09-25 18:56:00,122.03,122.04,121.94,121.94,1251.649
2026-09-25 18:57:00,121.93,121.99,121.8,121.96,4741.576
2026-09-25 18:58:00,121.96,121.96,121.87,121.91,1891.988
2026-09-25 18:59:00,121.91,121.95,121.9,121.95,608.795
2026-09-25 19:00:00,121.95,121.97,121.8,121.81,2354.461
2026-09-25 19:01:00,121.81,121.94,121.72,121.93,4211.222
2026-09-25 19:02:00,121.93,121.93,121.88,121.89,1495.462
2026-09-25 19:03:00,121.89,121.92,121.84,121.91,968.451
2026-09-25 19:04:00,121.91,121.93,121.87,121.93,1200.023
2026-09-25 19:05:00,121.93,122.12,121.92,122.05,5627.071
2026-09-25 19:06:00,122.05,122.13,122.03,122.05,1352.784
2026-09-25 19:07:00,122.06,122.15,122.06,122.11,1522.12
2026-09-25 19:08:00,122.1,122.17,122.03,122.17,1349.505
2026-09-25 19:09:00,122.16,122.19,121.87,121.87,4817.807
2026-09-25 19:10:00,121.87,121.95,121.85,121.94,1539.719
2026-09-25 19:11:00,121.94,122.08,121.94,122.02,1165.412
2026-09-25 19:12:00,122.02,122.07,121.99,122.07,1061.373
2026-09-25 19:13:00,122.07,122.16,122.06,122.15,3534.594
2026-09-25 19:14:00,122.15,122.16,122.1,122.12,941.261
2026-09-25 19:15:00,122.12,122.16,122.05,122.07,1142.05
2026-09-25 19:16:00,122.07,122.11,121.95,121.99,1384.682
2026-09-25 19:17:00,121.99,122.12,121.98,122.01,1060.721
2026-09-25 19:18:00,122.02,122.06,122.01,122.02,546.991
2026-09-25 19:19:00,122.02,122.02,121.92,121.99,622.371
2026-09-25 19:20:00,121.99,122.08,121.94,122.08,823.547
2026-09-25 19:21:00,122.08,122.13,122.02,122.05,1411.45
2026-09-25 19:22:00,122.06,122.11,122.06,122.08,478.66
2026-09-25 19:23:00,122.08,122.08,121.94,121.95,1626.534
2026-09-25 19:24:00,121.95,122.02,121.8,121.81,3775.101
2026-09-25 19:25:00,121.81,121.87,121.76,121.77,1660.304
2026-09-25 19:26:00,121.77,121.79,121.68,121.7,1956.547
2026-09-25 19:27:00,121.71,121.8,121.68,121.77,838.085
2026-09-25 19:28:00,121.77,121.81,121.74,121.78,573.474
2026-09-25 19:29:00,121.78,121.87,121.77,121.85,1145.982
2026-09-25 19:30:00,121.85,121.85,121.7,121.81,2128.254
2026-09-25 19:31:00,121.8,121.87,121.79,121.81,1074.962
2026-09-25 19:32:00,121.8,121.84,121.75,121.81,821.682
2026-09-25 19:33:00,121.81,121.88,121.78,121.83,956.28
2026-09-25 19:34:00,121.82,121.82,121.68,121.68,1024.689
2026-09-25 19:35:00,121.69,121.74,121.69,121.73,1476.355
2026-09-25 19:36:00,121.74,121.93,121.73,121.93,1013.093
2026-09-25 19:37:00,121.93,122.01,121.84,121.97,3010.817
2026-09-25 19:38:00,121.96,122.03,121.9,121.91,1343.626
2026-09-25 19:39:00,121.91,121.93,121.64,121.66,3674.107
2026-09-25 19:40:00,121.65,121.66,121.54,121.59,2075.786
2026-09-25 19:41:00,121.58,121.66,121.46,121.52,3087.621
2026-09-25 19:42:00,121.53,121.58,121.53,121.54,1069.601
2026-09-25 19:43:00,121.54,121.64,121.54,121.62,1444.673
2026-09-25 19:44:00,121.63,121.66,121.6,121.61,1057.024
2026-09-25 19:45:00,121.61,121.79,121.61,121.77,1501.328
2026-09-25 19:46:00,121.77,122.02,121.77,122.01,1844.662
2026-09-25 19:47:00,122.01,122.08,121.9,121.92,1116.909
2026-09-25 19:48:00,121.91,121.97,121.88,121.91,1470.029
2026-09-25 19:49:00,121.91,121.93,121.84,121.89,2197.392
2026-09-25 19:50:00,121.89,121.95,121.83,121.89,1284.965
2026-09-25 19:51:00,121.9,121.91,121.79,121.81,1109.545
2026-09-25 19:52:00,121.81,121.83,121.78,121.79,886.728
2026-09-25 19:53:00,121.79,121.79,121.66,121.75,1264.319
2026-09-25 19:54:00,121.75,121.8,121.72,121.73,743.311
2026-09-25 19:55:00,121.73,121.77,121.71,121.75,1141.449
2026-09-25 19:56:00,121.75,121.8,121.67,121.79,843.343
2026-09-25 19:57:00,121.8,121.86,121.79,121.86,878.151
2026-09-25 19:58:00,121.85,122.0,121.79,121.95,3047.551
2026-09-25 19:59:00,121.94,122.06,121.86,121.91,3301.396
2026-09-25 20:00:00,121.92,122.05,121.87,121.89,2356.188
2026-09-25 20:01:00,121.89,122.05,121.84,122.03,2272.819
2026-09-25 20:02:00,122.03,122.05,121.95,121.99,955.152
2026-09-25 20:03:00,121.98,121.98,121.79,121.81,634.182
2026-09-25 20:04:00,121.8,121.87,121.63,121.69,1403.69
2026-09-25 20:05:00,121.69,121.78,121.69,121.74,641.592
2026-09-25 20:06:00,121.74,121.79,121.7,121.7,575.62
2026-09-25 20:07:00,121.7,121.7,121.61,121.62,631.441
2026-09-25 20:08:00,121.61,121.65,121.58,121.58,743.019
2026-09-25 20:09:00,121.59,121.72,121.58,121.7,2388.491
2026-09-25 20:10:00,121.69,121.75,121.52,121.52,4181.651
2026-09-25 20:11:00,121.53,121.61,121.53,121.55,1981.347
2026-09-25 20:12:00,121.54,121.67,121.51,121.62,2534.142
2026-09-25 20:13:00,121.62,121.62,121.55,121.6,935.888
2026-09-25 20:14:00,121.59,121.6,121.51,121.52,766.769
2026-09-25 20:15:00,121.52,121.61,121.48,121.56,1119.687
2026-09-25 20:16:00,121.57,121.71,121.54,121.67,2421.03
2026-09-25 20:17:00,121.66,121.72,121.65,121.7,918.336
2026-09-25 20:18:00,121.7,121.82,121.7,121.79,958.8
2026-09-25 20:19:00,121.79,121.81,121.73,121.73,422.095
2026-09-25 20:20:00,121.74,121.79,121.68,121.7,1924.409
2026-09-25 20:21:00,121.7,121.78,121.67,121.71,1673.346
2026-09-25 20:22:00,121.71,121.82,121.71,121.81,795.915
2026-09-25 20:23:00,121.82,121.86,121.82,121.86,601.249
2026-09-25 20:24:00,121.87,122.09,121.87,122.05,2111.506
2026-09-25 20:25:00,122.05,122.2,122.03,122.19,9794.311
2026-09-25 20:26:00,122.2,122.24,122.12,122.22,2102.483
2026-09-25 20:27:00,122.22,122.34,122.21,122.29,1596.806
2026-09-25 20:28:00,122.3,122.34,122.23,122.24,2486.091
2026-09-25 20:29:00,122.24,122.31,122.22,122.3,2479.227
2026-09-25 20:30:00,122.3,122.38,122.28,122.33,1747.677
2026-09-25 20:31:00,122.33,122.39,122.21,122.27,1828.147
2026-09-25 20:32:00,122.27,122.43,122.2,122.43,2721.737
2026-09-25 20:33:00,122.44,122.65,122.43,122.6,3605.398
2026-09-25 20:34:00,122.6,122.65,122.52,122.54,1506.392
2026-09-25 20:35:00,122.54,122.62,122.36,122.36,2061.482
2026-09-25 20:36:00,122.37,122.42,122.31,122.41,1450.031
2026-09-25 20:37:00,122.41,122.51,122.4,122.45,2990.682
2026-09-25 20:38:00,122.45,122.73,122.37,122.72,3400.78
2026-09-25 20:39:00,122.72,122.94,122.71,122.89,9464.282
2026-09-25 20:40:00,122.88,122.92,122.69,122.7,4724.687
2026-09-25 20:41:00,122.71,122.76,122.47,122.48,1865.33
2026-09-25 20:42:00,122.48,122.54,122.46,122.53,1211.935
2026-09-25 20:43:00,122.52,122.77,122.49,122.7,1928.038
2026-09-25 20:44:00,122.7,122.7,122.54,122.6,1539.668
2026-09-25 20:45:00,122.61,122.61,122.47,122.48,1209.692
2026-09-25 20:46:00,122.48,122.5,122.44,122.45,540.055
2026-09-25 20:47:00,122.45,122.45,122.33,122.36,730.978
2026-09-25 20:48:00,122.35,122.37,122.33,122.36,429.385
2026-09-25 20:49:00,122.36,122.37,122.23,122.25,5222.718
2026-09-25 20:50:00,122.24,122.25,122.04,122.04,1939.926
2026-09-25 20:51:00,122.04,122.09,121.95,122.07,2552.082
2026-09-25 20:52:00,122.06,122.16,122.05,122.13,3217.314
2026-09-25 20:53:00,122.12,122.19,122.03,122.03,1089.711
2026-09-25 20:54:00,122.04,122.09,121.9,121.9,2320.223
2026-09-25 20:55:00,121.9,121.92,121.63,121.66,5074.665
2026-09-25 20:56:00,121.65,121.66,121.61,121.61,1727.763
2026-09-25 20:57:00,121.62,121.69,121.59,121.6,1001.988
2026-09-25 20:58:00,121.59,121.63,121.58,121.63,1110.511
2026-09-25 20:59:00,121.62,121.62,121.58,121.59,921.462
2026-09-25 21:00:00,121.58,121.73,121.56,121.73,2408.327
2026-09-25 21:01:00,121.72,121.76,121.67,121.7,1900.14
2026-09-25 21:02:00,121.7,121.75,121.57,121.74,3347.439
2026-09-25 21:03:00,121.73,121.73,121.62,121.63,878.869
2026-09-25 21:04:00,121.63,121.63,121.32,121.52,2508.465
2026-09-25 21:05:00,121.51,121.51,121.19,121.27,3799.714
2026-09-25 21:06:00,121.26,121.26,121.0,121.21,5686.545
2026-09-25 21:07:00,121.21,121.29,121.12,121.16,1104.746
2026-09-25 21:08:00,121.17,121.3,121.16,121.28,1115.952
2026-09-25 21:09:00,121.28,121.39,121.26,121.26,1351.102
2026-09-25 21:10:00,121.26,121.29,121.21,121.29,1339.574
2026-09-25 21:11:00,121.29,121.29,121.2,121.21,560.798
2026-09-25 21:12:00,121.2,121.28,121.15,121.26,1026.544
2026-09-25 21:13:00,121.26,121.3,121.22,121.22,640.768
2026-09-25 21:14:00,121.23,121.26,121.09,121.16,3711.882
2026-09-25 21:15:00,121.16,121.19,121.06,121.07,3843.073
2026-09-25 21:16:00,121.07,121.1,121.03,121.04,943.389
2026-09-25 21:17:00,121.04,121.12,121.01,121.12,1783.182
2026-09-25 21:18:00,121.11,121.18,121.03,121.17,1006.104
2026-09-25 21:19:00,121.17,121.18,121.02,121.03,680.074
2026-09-25 21:20:00,121.04,121.17,121.02,121.17,1097.102
2026-09-25 21:21:00,121.17,121.26,121.16,121.24,470.324
2026-09-25 21:22:00,121.24,121.24,121.11,121.12,638.757
2026-09-25 21:23:00,121.13,121.24,121.1,121.24,846.201
2026-09-25 21:24:00,121.24,121.25,121.17,121.17,614.402
2026-09-25 21:25:00,121.18,121.18,120.96,120.97,2205.867
2026-09-25 21:26:00,120.97,121.07,120.82,120.9,6103.158
2026-09-25 21:27:00,120.9,121.09,120.9,121.08,827.343
2026-09-25 21:28:00,121.08,121.15,121.08,121.14,769.323
2026-09-25 21:29:00,121.14,121.15,121.1,121.1,464.742
2026-09-25 21:30:00,121.09,121.3,121.09,121.23,1944.225
2026-09-25 21:31:00,121.23,121.28,121.22,121.28,601.752
2026-09-25 21:32:00,121.27,121.27,121.08,121.11,965.712
2026-09-25 21:33:00,121.11,121.11,120.99,121.0,758.079
2026-09-25 21:34:00,121.01,121.07,120.94,121.04,1231.009
2026-09-25 21:35:00,121.04,121.19,121.03,121.18,714.207
2026-09-25 21:36:00,121.17,121.17,121.1,121.1,618.228
2026-09-25 21:37:00,121.09,121.12,121.0,121.0,967.895
2026-09-25 21:38:00,121.01,121.09,120.95,121.09,941.451
2026-09-25 21:39:00,121.1,121.16,121.07,121.09,528.909
2026-09-25 21:40:00,121.09,121.17,121.01,121.11,1924.394
2026-09-25 21:41:00,121.1,121.11,120.93,121.07,1039.783
2026-09-25 21:42:00,121.06,121.14,121.05,121.08,745.827
2026-09-25 21:43:00,121.08,121.08,120.92,120.92,1760.824
2026-09-25 21:44:00,120.93,121.01,120.93,121.01,479.511
2026-09-25 21:45:00,121.0,121.01,120.92,120.93,472.752
2026-09-25 21:46:00,120.93,121.07,120.92,121.06,641.87
2026-09-25 21:47:00,121.07,121.07,121.0,121.01,483.934
2026-09-25 21:48:00,121.0,121.06,121.0,121.06,441.973
2026-09-25 21:49:00,121.05,121.12,121.05,121.12,822.444
2026-09-25 21:50:00,121.11,121.14,121.11,121.13,291.678
2026-09-25 21:51:00,121.14,121.15,121.11,121.12,1021.646
2026-09-25 21:52:00,121.12,121.12,121.07,121.07,382.963
2026-09-25 21:53:00,121.08,121.08,121.02,121.03,459.815
2026-09-25 21:54:00,121.03,121.03,121.0,121.0,444.59
2026-09-25 21:55:00,121.01,121.03,120.93,121.03,2235.988
2026-09-25 21:56:00,121.03,121.03,120.97,121.03,882.993
2026-09-25 21:57:00,121.02,121.03,120.96,120.97,629.697
2026-09-25 21:58:00,120.97,120.99,120.95,120.96,716.067
2026-09-25 21:59:00,120.95,121.01,120.95,121.0,888.806
2026-09-25 22:00:00,121.0,121.0,120.92,120.92,1427.163
2026-09-25 22:01:00,120.91,120.98,120.87,120.97,932.504
2026-09-25 22:02:00,120.98,121.09,120.98,121.08,955.568
2026-09-25 22:03:00,121.08,121.14,121.04,121.13,813.048
2026-09-25 22:04:00,121.13,121.25,121.12,121.22,739.425
2026-09-25 22:05:00,121.22,121.38,121.22,121.38,1667.83
2026-09-25 22:06:00,121.37,121.38,121.26,121.33,984.976
2026-09-25 22:07:00,121.34,121.38,121.31,121.35,1217.904
2026-09-25 22:08:00,121.35,121.38,121.33,121.34,741.644
2026-09-25 22:09:00,121.34,121.4,121.33,121.4,1395.226
2026-09-25 22:10:00,121.4,121.46,121.39,121.45,928.856
2026-09-25 22:11:00,121.45,121.46,121.37,121.43,717.927
2026-09-25 22:12:00,121.44,121.54,121.4,121.52,1934.838
2026-09-25 22:13:00,121.51,121.68,121.49,121.62,1358.505
2026-09-25 22:14:00,121.63,121.68,121.61,121.66,963.596
2026-09-25 22:15:00,121.65,121.78,121.65,121.77,1344.258
2026-09-25 22:16:00,121.78,121.92,121.71,121.9,3026.525
2026-09-25 22:17:00,121.9,121.92,121.75,121.77,1580.232
2026-09-25 22:18:00,121.76,121.91,121.7,121.86,1293.647
2026-09-25 22:19:00,121.86,121.95,121.82,121.94,1098.165
2026-09-25 22:20:00,121.95,121.96,121.82,121.88,1114.37
2026-09-25 22:21:00,121.88,121.88,121.75,121.87,753.439
2026-09-25 22:22:00,121.87,121.95,121.81,121.94,1057.965
2026-09-25 22:23:00,121.95,122.05,121.85,121.85,1995.091
2026-09-25 22:24:00,121.85,121.87,121.79,121.82,890.857
2026-09-25 22:25:00,121.82,121.86,121.77,121.8,1712.075
2026-09-25 22:26:00,121.81,121.82,121.73,121.74,1053.251
2026-09-25 22:27:00,121.74,121.78,121.73,121.78,634.961
2026-09-25 22:28:00,121.77,121.77,121.68,121.71,982.832
2026-09-25 22:29:00,121.71,121.78,121.67,121.78,806.213
2026-09-25 22:30:00,121.78,121.89,121.78,121.86,983.965
2026-09-25 22:31:00,121.86,121.95,121.85,121.95,463.637
2026-09-25 22:32:00,121.95,122.0,121.92,121.96,626.448
2026-09-25 22:33:00,121.97,122.07,121.97,122.07,1015.631
2026-09-25 22:34:00,122.06,122.18,122.06,122.1,1867.101
2026-09-25 22:35:00,122.1,122.2,122.1,122.19,1316.669
2026-09-25 22:36:00,122.19,122.34,122.19,122.31,1314.22
2026-09-25 22:37:00,122.3,122.34,122.2,122.31,3239.898
2026-09-25 22:38:00,122.31,122.4,122.19,122.22,1755.766
2026-09-25 22:39:00,122.23,122.37,122.23,122.27,1278.743
2026-09-25 22:40:00,122.27,122.39,122.23,122.37,1734.808
2026-09-25 22:41:00,122.36,122.38,122.29,122.33,1363.121
2026-09-25 22:42:00,122.33,122.39,122.32,122.37,916.808
2026-09-25 22:43:00,122.37,122.41,122.35,122.4,667.501
2026-09-25 22:44:00,122.4,122.43,122.3,122.43,1533.526
2026-09-25 22:45:00,122.42,122.44,122.37,122.37,660.097
2026-09-25 22:46:00,122.38,122.4,122.33,122.38,557.502
2026-09-25 22:47:00,122.38,122.39,122.22,122.25,816.072
2026-09-25 22:48:00,122.25,122.35,122.25,122.25,880.708
2026-09-25 22:49:00,122.26,122.3,122.24,122.26,562.002
2026-09-25 22:50:00,122.26,122.29,122.22,122.23,609.193
2026-09-25 22:51:00,122.22,122.23,122.18,122.2,538.284
2026-09-25 22:52:00,122.2,122.32,122.2,122.32,744.147
2026-09-25 22:53:00,122.32,122.36,122.27,122.28,542.459
2026-09-25 22:54:00,122.28,122.32,122.27,122.3,351.999
2026-09-25 22:55:00,122.3,122.38,122.3,122.36,617.712
2026-09-25 22:56:00,122.35,122.37,122.33,122.35,649.387
2026-09-25 22:57:00,122.35,122.36,122.29,122.29,577.301
2026-09-25 22:58:00,122.3,122.33,122.27,122.29,467.227
2026-09-25 22:59:00,122.29,122.29,122.19,122.19,1177.542
2026-09-25 23:00:00,122.19,122.24,122.14,122.15,1600.33
2026-09-25 23:01:00,122.15,122.2,122.13,122.17,671.497
2026-09-25 23:02:00,122.18,122.18,122.1,122.11,652.249
2026-09-25 23:03:00,122.12,122.21,122.12,122.21,537.834
2026-09-25 23:04:00,122.2,122.24,122.19,122.21,661.914
2026-09-25 23:05:00,122.21,122.3,122.21,122.3,553.111
2026-09-25 23:06:00,122.3,122.38,122.3,122.33,769.327
2026-09-25 23:07:00,122.32,122.33,122.22,122.22,440.602
2026-09-25 23:08:00,122.23,122.29,122.21,122.24,670.773
2026-09-25 23:09:00,122.24,122.24,122.12,122.13,999.137
2026-09-25 23:10:00,122.14,122.18,122.13,122.18,524.431
2026-09-25 23:11:00,122.18,122.25,122.18,122.24,663.127
2026-09-25 23:12:00,122.24,122.26,122.09,122.11,557.552
2026-09-25 23:13:00,122.1,122.17,122.09,122.1,1212.192
2026-09-25 23:14:00,122.11,122.18,122.11,122.13,555.337
2026-09-25 23:15:00,122.13,122.16,122.07,122.15,523.993
2026-09-25 23:16:00,122.15,122.21,122.14,122.19,639.108
2026-09-25 23:17:00,122.18,122.19,122.13,122.15,833.28
2026-09-25 23:18:00,122.14,122.15,122.1,122.11,208.315
2026-09-25 23:19:00,122.11,122.13,122.05,122.06,734.629
2026-09-25 23:20:00,122.07,122.07,122.05,122.05,149.818
2026-09-25 23:21:00,122.05,122.12,122.02,122.12,856.311
2026-09-25 23:22:00,122.12,122.15,122.08,122.08,432.451
2026-09-25 23:23:00,122.09,122.1,122.02,122.1,273.972
2026-09-25 23:24:00,122.1,122.1,122.01,122.01,636.544
2026-09-25 23:25:00,122.01,122.04,121.89,121.92,1716.662
2026-09-25 23:26:00,121.93,122.0,121.92,122.0,420.845
2026-09-25 23:27:00,122.0,122.06,121.99,122.06,1467.692
2026-09-25 23:28:00,122.06,122.11,122.04,122.04,430.53
2026-09-25 23:29:00,122.05,122.07,121.98,122.0,1893.377
2026-09-25 23:30:00,122.01,122.11,122.0,122.1,806.867
2026-09-25 23:31:00,122.11,122.13,122.06,122.06,266.159
2026-09-25 23:32:00,122.06,122.16,122.04,122.13,350.872
2026-09-25 23:33:00,122.12,122.12,122.02,122.04,335.568
2026-09-25 23:34:00,122.04,122.06,121.97,121.99,892.724
2026-09-25 23:35:00,121.99,122.06,121.98,122.06,354.083
2026-09-25 23:36:00,122.06,122.09,121.99,122.01,252.975
2026-09-25 23:37:00,122.01,122.01,121.93,121.94,551.891
2026-09-25 23:38:00,121.94,122.02,121.94,122.01,128.42
2026-09-25 23:39:00,122.02,122.04,122.0,122.01,418.453
2026-09-25 23:40:00,122.0,122.04,122.0,122.01,130.212
2026-09-25 23:41:00,122.0,122.01,122.0,122.01,108.929
2026-09-25 23:42:00,122.0,122.0,121.98,122.0,178.642
2026-09-25 23:43:00,122.0,122.03,121.95,122.03,645.501
2026-09-25 23:44:00,122.03,122.06,122.0,122.03,333.465
2026-09-25 23:45:00,122.04,122.09,122.03,122.09,236.56
2026-09-25 23:46:00,122.09,122.17,122.08,122.14,605.5
2026-09-25 23:47:00,122.15,122.15,122.07,122.08,264.583
2026-09-25 23:48:00,122.09,122.15,122.09,122.12,426.609
2026-09-25 23:49:00,122.12,122.12,122.08,122.12,235.154
2026-09-25 23:50:00,122.12,122.12,122.05,122.07,704.904
2026-09-25 23:51:00,122.07,122.08,122.02,122.02,533.887
2026-09-25 23:52:00,122.02,122.08,122.01,122.07,103.511
2026-09-25 23:53:00,122.07,122.11,122.05,122.05,542.963
2026-09-25 23:54:00,122.06,122.06,122.03,122.04,93.071
2026-09-25 23:55:00,122.05,122.07,122.02,122.02,219.006
2026-09-25 23:56:00,122.02,122.05,122.0,122.02,716.375
2026-09-25 23:57:00,122.02,122.04,122.0,122.04,484.466
2026-09-25 23:58:00,122.03,122.04,122.0,122.02,739.322
2026-09-25 23:59:00,122.02,122.16,122.02,122.15,1176.143
2026-09-26 00:00:00,122.15,122.17,122.11,122.16,643.962
2026-09-26 00:01:00,122.16,122.16,122.09,122.15,691.267
2026-09-26 00:02:00,122.14,122.15,121.99,122.02,503.626
2026-09-26 00:03:00,122.01,122.09,122.0,122.0,666.587
2026-09-26 00:04:00,122.0,122.01,121.97,121.99,551.828
2026-09-26 00:05:00,121.98,122.04,121.97,122.02,989.338
2026-09-26 00:06:00,122.01,122.04,121.96,121.96,530.751
2026-09-26 00:07:00,121.97,122.05,121.93,122.04,969.309
2026-09-26 00:08:00,122.04,122.18,122.04,122.16,1258.699
2026-09-26 00:09:00,122.16,122.18,122.07,122.08,633.311
2026-09-26 00:10:00,122.08,122.1,122.05,122.05,184.914
2026-09-26 00:11:00,122.05,122.1,122.05,122.07,395.242
2026-09-26 00:12:00,122.06,122.06,122.0,122.01,172.137
2026-09-26 00:13:00,122.0,122.05,122.0,122.05,424.041
2026-09-26 00:14:00,122.04,122.05,122.01,122.01,269.314
2026-09-26 00:15:00,122.01,122.07,121.98,122.02,343.801
2026-09-26 00:16:00,122.01,122.02,121.92,121.92,1039.774
2026-09-26 00:17:00,121.92,122.0,121.91,121.97,406.01
2026-09-26 00:18:00,121.96,122.03,121.96,122.0,1247.641
2026-09-26 00:19:00,122.0,122.01,121.98,122.0,703.151
2026-09-26 00:20:00,122.0,122.1,122.0,122.1,610.182
2026-09-26 00:21:00,122.1,122.24,122.1,122.23,2698.606
2026-09-26 00:22:00,122.23,122.23,122.15,122.18,1123.863
2026-09-26 00:23:00,122.19,122.3,122.13,122.24,640.2
2026-09-26 00:24:00,122.24,122.35,122.23,122.33,1032.459
2026-09-26 00:25:00,122.33,122.34,122.27,122.32,411.676
2026-09-26 00:26:00,122.33,122.44,122.26,122.26,1322.105
2026-09-26 00:27:00,122.26,122.27,122.17,122.18,765.068
2026-09-26 00:28:00,122.18,122.21,122.01,122.04,1463.807
2026-09-26 00:29:00,122.04,122.04,121.92,121.92,463.628
2026-09-26 00:30:00,121.92,121.96,121.89,121.96,2595.612
2026-09-26 00:31:00,121.96,121.96,121.6,121.6,3340.422
2026-09-26 00:32:00,121.6,121.6,121.34,121.39,3954.777
2026-09-26 00:33:00,121.4,121.44,121.27,121.31,2457.378
2026-09-26 00:34:00,121.3,121.4,121.26,121.26,1233.216
2026-09-26 00:35:00,121.27,121.47,121.26,121.36,2242.09
2026-09-26 00:36:00,121.36,121.41,121.24,121.26,1690.08
2026-09-26 00:37:00,121.27,121.37,121.25,121.28,1737.187
2026-09-26 00:38:00,121.27,121.33,121.23,121.32,548.094
2026-09-26 00:39:00,121.32,121.35,121.22,121.35,1724.803
2026-09-26 00:40:00,121.35,121.49,121.3,121.47,1892.534
2026-09-26 00:41:00,121.46,121.5,121.41,121.5,209.986
2026-09-26 00:42:00,121.49,121.64,121.47,121.64,1504.395
2026-09-26 00:43:00,121.63,121.64,121.6,121.62,195.167
2026-09-26 00:44:00,121.62,121.62,121.5,121.52,1141.065
2026-09-26 00:45:00,121.53,121.61,121.5,121.6,597.68
2026-09-26 00:46:00,121.6,121.66,121.59,121.66,851.92
2026-09-26 00:47:00,121.66,121.74,121.65,121.66,677.218
2026-09-26 00:48:00,121.66,121.67,121.54,121.55,455.793
2026-09-26 00:49:00,121.55,121.66,121.46,121.66,3105.361
2026-09-26 00:50:00,121.66,121.79,121.66,121.78,1086.785
2026-09-26 00:51:00,121.77,121.84,121.76,121.83,900.795
2026-09-26 00:52:00,121.83,121.87,121.59,121.6,1042.435
2026-09-26 00:53:00,121.59,121.67,121.59,121.64,391.842
2026-09-26 00:54:00,121.64,121.73,121.63,121.63,439.494
2026-09-26 00:55:00,121.64,121.81,121.63,121.79,707.117
2026-09-26 00:56:00,121.78,121.81,121.72,121.73,500.68
2026-09-26 00:57:00,121.73,121.74,121.63,121.65,412.514
2026-09-26 00:58:00,121.65,121.65,121.58,121.59,318.913
2026-09-26 00:59:00,121.58,121.58,121.45,121.55,801.728
2026-09-26 01:00:00,121.54,121.63,121.48,121.6,2603.263
2026-09-26 01:01:00,121.61,121.74,121.61,121.74,435.617
2026-09-26 01:02:00,121.74,121.77,121.67,121.77,631.05
2026-09-26 01:03:00,121.76,121.87,121.76,121.87,859.911
2026-09-26 01:04:00,121.87,121.9,121.6,121.6,1419.26
2026-09-26 01:05:00,121.59,121.71,121.57,121.71,531.251
2026-09-26 01:06:00,121.71,121.82,121.7,121.77,890.207
2026-09-26 01:07:00,121.77,121.77,121.68,121.69,632.588
2026-09-26 01:08:00,121.7,121.72,121.63,121.7,581.709
2026-09-26 01:09:00,121.7,121.7,121.55,121.56,795.938
2026-09-26 01:10:00,121.56,121.79,121.55,121.77,1388.95
2026-09-26 01:11:00,121.77,121.8,121.71,121.79,301.411
2026-09-26 01:12:00,121.8,121.82,121.58,121.65,3272.909
2026-09-26 01:13:00,121.65,121.71,121.61,121.7,1035.898
2026-09-26 01:14:00,121.71,121.75,121.71,121.72,547.541
2026-09-26 01:15:00,121.71,121.77,121.63,121.73,2982.969
2026-09-26 01:16:00,121.73,121.98,121.73,121.97,1937.433
2026-09-26 01:17:00,121.97,122.0,121.93,121.99,1120.012
2026-09-26 01:18:00,121.98,121.98,121.77,121.84,1927.077
2026-09-26 01:19:00,121.84,121.99,121.84,121.91,1624.989
2026-09-26 01:20:00,121.91,121.95,121.84,121.94,851.035
2026-09-26 01:21:00,121.95,122.04,121.95,122.03,713.627
2026-09-26 01:22:00,122.03,122.03,121.97,121.99,378.041
2026-09-26 01:23:00,121.99,121.99,121.71,121.84,2834.399
2026-09-26 01:24:00,121.84,121.84,121.72,121.8,938.936
2026-09-26 01:25:00,121.79,121.86,121.74,121.78,2106.223
2026-09-26 01:26:00,121.77,121.84,121.73,121.83,610.697
2026-09-26 01:27:00,121.82,121.82,121.71,121.76,575.685
2026-09-26 01:28:00,121.75,121.75,121.62,121.64,1370.508
2026-09-26 01:29:00,121.64,121.65,121.57,121.61,574.906
2026-09-26 01:30:00,121.61,121.62,121.58,121.59,275.954
2026-09-26 01:31:00,121.6,121.7,121.57,121.67,738.45
2026-09-26 01:32:00,121.66,121.73,121.63,121.72,420.231
2026-09-26 01:33:00,121.72,121.73,121.62,121.63,814.156
2026-09-26 01:34:00,121.63,121.74,121.63,121.74,438.315
2026-09-26 01:35:00,121.74,121.79,121.72,121.73,318.644
2026-09-26 01:36:00,121.73,121.96,121.73,121.95,861.148
2026-09-26 01:37:00,121.96,121.96,121.88,121.95,546.125
2026-09-26 01:38:00,121.96,122.0,121.94,121.99,648.196
2026-09-26 01:39:00,122.0,122.03,121.99,122.01,365.991
2026-09-26 01:40:00,122.0,122.13,122.0,122.1,2015.841
2026-09-26 01:41:00,122.09,122.15,122.02,122.15,3354.921
2026-09-26 01:42:00,122.14,122.18,122.07,122.11,4029.204
2026-09-26 01:43:00,122.11,122.17,122.1,122.1,553.561
2026-09-26 01:44:00,122.11,122.12,122.07,122.09,454.169
2026-09-26 01:45:00,122.1,122.11,122.03,122.09,698.023
2026-09-26 01:46:00,122.1,122.21,122.09,122.19,498.221
2026-09-26 01:47:00,122.2,122.28,122.11,122.23,2165.231
2026-09-26 01:48:00,122.22,122.22,122.0,122.02,1119.749
2026-09-26 01:49:00,122.03,122.03,121.96,122.01,1467.586
2026-09-26 01:50:00,122.01,122.02,121.97,121.97,754.085
2026-09-26 01:51:00,121.96,121.97,121.86,121.92,1299.951
2026-09-26 01:52:00,121.92,121.99,121.9,121.99,746.693
2026-09-26 01:53:00,121.99,122.05,121.99,122.02,513.868
2026-09-26 01:54:00,122.03,122.13,122.01,122.13,539.901
2026-09-26 01:55:00,122.13,122.16,122.0,122.0,2016.547
2026-09-26 01:56:00,122.0,122.02,121.94,121.95,1074.492
2026-09-26 01:57:00,121.94,122.0,121.94,121.97,736.425
2026-09-26 01:58:00,121.97,122.14,121.97,122.11,1512.77
2026-09-26 01:59:00,122.1,122.12,122.04,122.05,799.853
2026-09-26 02:00:00,122.05,122.11,121.88,121.88,2904.533
2026-09-26 02:01:00,121.88,121.88,121.79,121.84,1166.71
2026-09-26 02:02:00,121.84,121.93,121.81,121.92,755.028
2026-09-26 02:03:00,121.92,122.21,121.91,122.15,1415.015
2026-09-26 02:04:00,122.15,122.15,122.08,122.1,604.63
2026-09-26 02:05:00,122.11,122.28,122.1,122.12,1304.264
2026-09-26 02:06:00,122.11,122.2,122.08,122.16,820.237
2026-09-26 02:07:00,122.16,122.16,122.03,122.08,644.862
2026-09-26 02:08:00,122.08,122.12,122.07,122.1,482.702
2026-09-26 02:09:00,122.1,122.11,122.05,122.06,905.225
2026-09-26 02:10:00,122.07,122.11,121.97,121.97,710.458
2026-09-26 02:11:00,121.98,122.07,121.98,122.07,269.661
2026-09-26 02:12:00,122.07,122.2,122.07,122.14,480.03
2026-09-26 02:13:00,122.15,122.17,122.06,122.09,663.337
2026-09-26 02:14:00,122.09,122.28,122.09,122.27,1561.874
2026-09-26 02:15:00,122.26,122.27,122.2,122.22,1456.149
2026-09-26 02:16:00,122.22,122.27,122.22,122.27,393.714
2026-09-26 02:17:00,122.28,122.3,122.21,122.21,935.273
2026-09-26 02:18:00,122.21,122.21,122.12,122.16,917.891
2026-09-26 02:19:00,122.16,122.18,122.13,122.13,310.799
2026-09-26 02:20:00,122.13,122.14,121.94,121.99,2222.877
2026-09-26 02:21:00,122.0,122.0,121.88,121.88,500.76
2026-09-26 02:22:00,121.89,121.98,121.88,121.98,193.003
2026-09-26 02:23:00,121.98,121.99,121.89,121.89,493.508
2026-09-26 02:24:00,121.89,121.95,121.85,121.85,347.854
2026-09-26 02:25:00,121.85,121.96,121.85,121.94,233.229
2026-09-26 02:26:00,121.94,121.95,121.91,121.94,235.108
2026-09-26 02:27:00,121.93,121.94,121.82,121.85,611.799
2026-09-26 02:28:00,121.85,121.91,121.82,121.85,1384.573
2026-09-26 02:29:00,121.86,121.86,121.67,121.68,900.409
2026-09-26 02:30:00,121.68,121.68,121.6,121.64,566.458
2026-09-26 02:31:00,121.64,121.72,121.61,121.61,796.949
2026-09-26 02:32:00,121.62,121.75,121.62,121.72,815.291
2026-09-26 02:33:00,121.72,121.72,121.65,121.66,180.475
2026-09-26 02:34:00,121.65,121.83,121.65,121.83,253.499
2026-09-26 02:35:00,121.83,121.85,121.75,121.75,766.851
2026-09-26 02:36:00,121.75,121.83,121.74,121.76,622.238
2026-09-26 02:37:00,121.77,121.82,121.71,121.77,1793.332
2026-09-26 02:38:00,121.77,121.82,121.74,121.78,879.837
2026-09-26 02:39:00,121.79,121.79,121.57,121.64,2150.77
2026-09-26 02:40:00,121.64,121.71,121.62,121.64,1135.57
2026-09-26 02:41:00,121.63,121.71,121.63,121.67,444.43
2026-09-26 02:42:00,121.68,121.71,121.59,121.67,4025.839
2026-09-26 02:43:00,121.67,121.71,121.65,121.71,736.851
2026-09-26 02:44:00,121.71,121.77,121.64,121.69,2133.349
2026-09-26 02:45:00,121.68,121.7,121.65,121.7,282.176
2026-09-26 02:46:00,121.69,121.77,121.64,121.67,2074.424
2026-09-26 02:47:00,121.68,121.74,121.68,121.7,732.629
2026-09-26 02:48:00,121.71,121.75,121.7,121.74,515.897
2026-09-26 02:49:00,121.75,121.85,121.75,121.79,822.004
2026-09-26 02:50:00,121.79,121.82,121.77,121.78,443.32
2026-09-26 02:51:00,121.78,121.78,121.71,121.71,1036.355
2026-09-26 02:52:00,121.72,121.72,121.64,121.67,774.679
2026-09-26 02:53:00,121.66,121.67,121.61,121.64,805.493
2026-09-26 02:54:00,121.64,121.65,121.59,121.6,321.934
2026-09-26 02:55:00,121.61,121.64,121.58,121.58,477.801
2026-09-26 02:56:00,121.58,121.67,121.57,121.64,507.858
2026-09-26 02:57:00,121.64,121.7,121.64,121.64,778.001
2026-09-26 02:58:00,121.64,121.65,121.58,121.64,344.342
2026-09-26 02:59:00,121.63,121.65,121.59,121.59,892.248
2026-09-26 03:00:00,121.59,121.61,121.54,121.6,811.787
2026-09-26 03:01:00,121.6,121.6,121.51,121.52,539.457
2026-09-26 03:02:00,121.53,121.54,121.44,121.49,1151.027
2026-09-26 03:03:00,121.5,121.5,121.45,121.49,1083.768
2026-09-26 03:04:00,121.5,121.54,121.47,121.49,858.858
2026-09-26 03:05:00,121.49,121.52,121.46,121.5,768.574
2026-09-26 03:06:00,121.49,121.49,121.43,121.48,1000.402
2026-09-26 03:07:00,121.49,121.49,121.34,121.38,1629.319
2026-09-26 03:08:00,121.38,121.43,121.38,121.42,747.195
2026-09-26 03:09:00,121.41,121.46,121.41,121.43,583.105
2026-09-26 03:10:00,121.42,121.42,121.15,121.17,4226.739
2026-09-26 03:11:00,121.17,121.17,120.68,120.77,17818.375
2026-09-26 03:12:00,120.77,120.83,120.77,120.79,1484.621
2026-09-26 03:13:00,120.79,120.83,120.72,120.74,1276.348
2026-09-26 03:14:00,120.75,120.78,120.63,120.75,2979.839
2026-09-26 03:15:00,120.75,120.87,120.75,120.84,818.375
2026-09-26 03:16:00,120.83,120.88,120.83,120.88,217.143
2026-09-26 03:17:00,120.88,120.92,120.79,120.82,1109.047
2026-09-26 03:18:00,120.83,120.84,120.65,120.65,1889.6
2026-09-26 03:19:00,120.65,120.74,120.57,120.72,1617.772
2026-09-26 03:20:00,120.72,120.74,120.64,120.73,1621.189
2026-09-26 03:21:00,120.73,120.78,120.71,120.78,359.535
2026-09-26 03:22:00,120.77,120.79,120.73,120.73,768.432
2026-09-26 03:23:00,120.74,120.77,120.7,120.75,498.764
2026-09-26 03:24:00,120.75,120.77,120.75,120.75,400.707
2026-09-26 03:25:00,120.75,120.85,120.75,120.84,628.026
2026-09-26 03:26:00,120.84,120.93,120.84,120.93,1483.962
2026-09-26 03:27:00,120.93,120.96,120.92,120.93,329.307
2026-09-26 03:28:00,120.93,121.02,120.93,121.01,880.905
2026-09-26 03:29:00,121.01,121.01,120.97,120.97,583.194
2026-09-26 03:30:00,120.97,120.97,120.82,120.97,3591.102
2026-09-26 03:31:00,120.97,120.99,120.95,120.98,756.636
2026-09-26 03:32:00,120.99,121.0,120.93,120.96,1063.195
2026-09-26 03:33:00,120.95,120.95,120.85,120.88,1046.147
2026-09-26 03:34:00,120.88,120.92,120.79,120.83,2357.3
2026-09-26 03:35:00,120.83,120.92,120.82,120.92,353.994
2026-09-26 03:36:00,120.91,120.98,120.84,120.86,1954.477
2026-09-26 03:37:00,120.86,120.91,120.84,120.91,1069.541
2026-09-26 03:38:00,120.91,120.91,120.86,120.87,665.643
2026-09-26 03:39:00,120.86,120.97,120.83,120.83,1799.589
2026-09-26 03:40:00,120.83,120.85,120.82,120.82,723.272
2026-09-26 03:41:00,120.82,120.82,120.76,120.79,859.416
2026-09-26 03:42:00,120.79,120.8,120.71,120.73,1251.029
2026-09-26 03:43:00,120.73,120.73,120.61,120.7,2238.309
2026-09-26 03:44:00,120.69,120.75,120.69,120.75,577.755
2026-09-26 03:45:00,120.75,120.79,120.74,120.79,706.197
2026-09-26 03:46:00,120.79,120.8,120.76,120.78,848.926
2026-09-26 03:47:00,120.78,120.82,120.74,120.74,584.032
2026-09-26 03:48:00,120.75,120.82,120.73,120.74,1218.426
2026-09-26 03:49:00,120.73,120.76,120.66,120.72,2736.434
2026-09-26 03:50:00,120.71,120.75,120.66,120.67,1376.575
2026-09-26 03:51:00,120.67,120.75,120.66,120.75,2682.012
2026-09-26 03:52:00,120.74,120.75,120.53,120.65,18694.689
2026-09-26 03:53:00,120.65,120.67,120.64,120.64,604.578
2026-09-26 03:54:00,120.65,120.67,120.64,120.64,414.328
2026-09-26 03:55:00,120.65,120.65,120.62,120.63,553.268
2026-09-26 03:56:00,120.64,120.64,120.62,120.63,432.73
2026-09-26 03:57:00,120.63,120.63,120.62,120.62,275.356
2026-09-26 03:58:00,120.62,120.64,120.59,120.64,1380.049
2026-09-26 03:59:00,120.63,120.64,120.63,120.64,47.095
2026-09-26 04:00:00,120.64,120.7,120.63,120.7,657.693
2026-09-26 04:01:00,120.7,120.8,120.69,120.8,751.798
2026-09-26 04:02:00,120.8,120.82,120.78,120.82,382.505
2026-09-26 04:03:00,120.82,120.84,120.82,120.83,1017.062
2026-09-26 04:04:00,120.84,120.87,120.79,120.79,760.956
2026-09-26 04:05:00,120.79,120.84,120.79,120.84,435.554
2026-09-26 04:06:00,120.84,120.87,120.83,120.85,510.172
2026-09-26 04:07:00,120.86,120.96,120.86,120.9,664.024
2026-09-26 04:08:00,120.91,120.97,120.87,120.92,1712.712
2026-09-26 04:09:00,120.93,120.96,120.93,120.93,209.893
2026-09-26 04:10:00,120.93,120.94,120.88,120.89,1235.082
2026-09-26 04:11:00,120.89,120.91,120.86,120.88,744.481
2026-09-26 04:12:00,120.87,120.89,120.79,120.85,2110.638
2026-09-26 04:13:00,120.84,120.85,120.76,120.76,320.338
2026-09-26 04:14:00,120.76,120.77,120.73,120.73,200.305
2026-09-26 04:15:00,120.74,120.81,120.74,120.78,2149.605
2026-09-26 04:16:00,120.78,120.78,120.73,120.73,441.098
2026-09-26 04:17:00,120.72,120.73,120.67,120.71,521.052
2026-09-26 04:18:00,120.72,120.79,120.72,120.77,1563.159
2026-09-26 04:19:00,120.77,120.83,120.77,120.8,558.716
2026-09-26 04:20:00,120.81,120.92,120.8,120.92,716.621
2026-09-26 04:21:00,120.92,120.92,120.81,120.82,1390.414
2026-09-26 04:22:00,120.82,120.82,120.63,120.63,1265.011
2026-09-26 04:23:00,120.63,120.63,120.56,120.56,1097.954
2026-09-26 04:24:00,120.57,120.58,120.5,120.51,1103.197
2026-09-26 04:25:00,120.5,120.54,120.42,120.47,4287.28
2026-09-26 04:26:00,120.46,120.51,120.42,120.43,579.065
2026-09-26 04:27:00,120.42,120.47,120.42,120.44,488.201
2026-09-26 04:28:00,120.45,120.47,120.44,120.45,1001.721
2026-09-26 04:29:00,120.45,120.46,120.39,120.39,612.491
2026-09-26 04:30:00,120.4,120.4,120.26,120.39,3482.638
2026-09-26 04:31:00,120.39,120.45,120.36,120.43,1373.392
2026-09-26 04:32:00,120.43,120.46,120.43,120.45,228.281
2026-09-26 04:33:00,120.45,120.48,120.43,120.48,280.787
2026-09-26 04:34:00,120.48,120.52,120.39,120.39,733.551
2026-09-26 04:35:00,120.4,120.46,120.39,120.43,579.697
2026-09-26 04:36:00,120.43,120.54,120.42,120.54,489.041
2026-09-26 04:37:00,120.54,120.55,120.43,120.44,463.84
2026-09-26 04:38:00,120.44,120.48,120.42,120.48,272.738
2026-09-26 04:39:00,120.47,120.52,120.47,120.52,250.816
2026-09-26 04:40:00,120.52,120.56,120.51,120.56,783.54
2026-09-26 04:41:00,120.55,120.58,120.55,120.58,134.357
2026-09-26 04:42:00,120.58,120.59,120.54,120.59,1069.542
2026-09-26 04:43:00,120.59,120.59,120.55,120.56,830.334
2026-09-26 04:44:00,120.56,120.59,120.55,120.58,546.679
2026-09-26 04:45:00,120.58,120.58,120.55,120.56,626.84
2026-09-26 04:46:00,120.55,120.6,120.55,120.6,1172.61
2026-09-26 04:47:00,120.6,120.62,120.59,120.62,622.112
2026-09-26 04:48:00,120.62,120.67,120.61,120.67,437.355
2026-09-26 04:49:00,120.67,120.68,120.63,120.66,357.425
2026-09-26 04:50:00,120.67,120.67,120.66,120.67,174.206
2026-09-26 04:51:00,120.66,120.7,120.66,120.69,304.556
2026-09-26 04:52:00,120.69,120.69,120.67,120.69,424.676
2026-09-26 04:53:00,120.69,120.69,120.68,120.69,55.884
2026-09-26 04:54:00,120.68,120.68,120.66,120.67,197.278
2026-09-26 04:55:00,120.66,120.68,120.66,120.66,139.433
2026-09-26 04:56:00,120.66,120.68,120.63,120.68,332.891
2026-09-26 04:57:00,120.68,120.68,120.66,120.67,489.853
2026-09-26 04:58:00,120.67,120.67,120.64,120.66,932.437
2026-09-26 04:59:00,120.67,120.68,120.66,120.68,112.185
2026-09-26 05:00:00,120.68,120.71,120.66,120.71,403.092
2026-09-26 05:01:00,120.71,120.72,120.67,120.68,650.278
2026-09-26 05:02:00,120.68,120.68,120.61,120.62,271.654
2026-09-26 05:03:00,120.61,120.62,120.61,120.61,196.695
2026-09-26 05:04:00,120.61,120.65,120.61,120.62,707.521
2026-09-26 05:05:00,120.63,120.65,120.62,120.64,156.592
2026-09-26 05:06:00,120.64,120.65,120.61,120.63,252.427
2026-09-26 05:07:00,120.64,120.67,120.63,120.63,285.127
2026-09-26 05:08:00,120.64,120.68,120.63,120.68,204.103
2026-09-26 05:09:00,120.68,120.69,120.67,120.68,194.368
2026-09-26 05:10:00,120.68,120.71,120.61,120.61,1687.34
2026-09-26 05:11:00,120.6,120.6,120.53,120.54,656.074
2026-09-26 05:12:00,120.54,120.54,120.5,120.53,514.141
2026-09-26 05:13:00,120.53,120.55,120.47,120.54,1647.036
2026-09-26 05:14:00,120.55,120.55,120.48,120.49,685.564
2026-09-26 05:15:00,120.48,120.48,120.41,120.46,1965.294
2026-09-26 05:16:00,120.46,120.47,120.38,120.38,639.857
2026-09-26 05:17:00,120.38,120.42,120.38,120.41,196.236
2026-09-26 05:18:00,120.42,120.46,120.34,120.34,755.62
2026-09-26 05:19:00,120.34,120.44,120.21,120.44,2542.145
2026-09-26 05:20:00,120.43,120.48,120.41,120.48,361.078
2026-09-26 05:21:00,120.48,120.52,120.47,120.52,248.169
2026-09-26 05:22:00,120.52,120.52,120.47,120.49,666.994
2026-09-26 05:23:00,120.49,120.55,120.48,120.54,322.835
2026-09-26 05:24:00,120.54,120.59,120.54,120.58,304.375
2026-09-26 05:25:00,120.59,120.59,120.5,120.55,868.684
2026-09-26 05:26:00,120.55,120.6,120.55,120.59,331.565
2026-09-26 05:27:00,120.6,120.6,120.41,120.44,2670.78
2026-09-26 05:28:00,120.44,120.45,120.41,120.42,1023.754
2026-09-26 05:29:00,120.41,120.42,120.4,120.41,387.148
2026-09-26 05:30:00,120.41,120.42,120.35,120.36,799.119
2026-09-26 05:31:00,120.36,120.39,120.33,120.38,476.43
2026-09-26 05:32:00,120.37,120.38,120.35,120.36,780.991
2026-09-26 05:33:00,120.35,120.4,120.3,120.34,4756.377
2026-09-26 05:34:00,120.35,120.39,120.35,120.38,549.589
2026-09-26 05:35:00,120.39,120.44,120.38,120.44,571.623
2026-09-26 05:36:00,120.43,120.44,120.4,120.41,165.015
2026-09-26 05:37:00,120.41,120.5,120.38,120.5,2369.262
2026-09-26 05:38:00,120.5,120.6,120.49,120.6,825.189
2026-09-26 05:39:00,120.59,120.67,120.59,120.65,1391.27
2026-09-26 05:40:00,120.66,120.68,120.6,120.67,1571.643
2026-09-26 05:41:00,120.68,120.7,120.65,120.7,1000.603
2026-09-26 05:42:00,120.7,120.72,120.7,120.71,141.514
2026-09-26 05:43:00,120.71,120.72,120.68,120.69,322.661
2026-09-26 05:44:00,120.68,120.69,120.64,120.65,674.286
2026-09-26 05:45:00,120.66,120.66,120.65,120.65,490.65
2026-09-26 05:46:00,120.66,120.73,120.66,120.73,636.116
2026-09-26 05:47:00,120.73,120.76,120.67,120.7,1036.643
2026-09-26 05:48:00,120.71,120.71,120.64,120.67,1278.912
2026-09-26 05:49:00,120.68,120.73,120.68,120.71,553.398
2026-09-26 05:50:00,120.71,120.74,120.67,120.74,464.744
2026-09-26 05:51:00,120.74,120.74,120.55,120.58,1946.011
2026-09-26 05:52:00,120.58,120.61,120.58,120.59,72.134
2026-09-26 05:53:00,120.59,120.6,120.54,120.55,337.227
2026-09-26 05:54:00,120.54,120.54,120.52,120.53,657.254
2026-09-26 05:55:00,120.52,120.56,120.52,120.56,736.746
2026-09-26 05:56:00,120.55,120.56,120.53,120.54,218.689
2026-09-26 05:57:00,120.54,120.56,120.53,120.54,834.301
2026-09-26 05:58:00,120.53,120.55,120.51,120.55,363.009
2026-09-26 05:59:00,120.54,120.54,120.51,120.52,44.831
2026-09-26 06:00:00,120.52,120.53,120.46,120.47,1318.938
2026-09-26 06:01:00,120.47,120.48,120.4,120.4,457.784
2026-09-26 06:02:00,120.4,120.4,120.25,120.26,1846.618
2026-09-26 06:03:00,120.26,120.31,120.25,120.3,1032.24
2026-09-26 06:04:00,120.29,120.45,120.25,120.43,3543.318
2026-09-26 06:05:00,120.44,120.47,120.39,120.43,4175.952
2026-09-26 06:06:00,120.42,120.45,120.39,120.41,1113.39
2026-09-26 06:07:00,120.41,120.44,120.37,120.37,1332.245
2026-09-26 06:08:00,120.36,120.37,120.28,120.36,2363.034
2026-09-26 06:09:00,120.35,120.43,120.35,120.42,889.692
2026-09-26 06:10:00,120.43,120.45,120.43,120.43,935.729
2026-09-26 06:11:00,120.44,120.44,120.4,120.4,900.156
2026-09-26 06:12:00,120.41,120.44,120.38,120.38,1047.29
2026-09-26 06:13:00,120.38,120.41,120.36,120.39,1258.528
2026-09-26 06:14:00,120.39,120.41,120.27,120.27,1514.018
2026-09-26 06:15:00,120.27,120.39,120.27,120.38,885.991
2026-09-26 06:16:00,120.39,120.39,120.31,120.32,671.098
2026-09-26 06:17:00,120.33,120.35,120.29,120.3,854.846
2026-09-26 06:18:00,120.3,120.33,120.28,120.29,920.729
2026-09-26 06:19:00,120.3,120.43,120.3,120.43,1042.514
2026-09-26 06:20:00,120.43,120.43,120.39,120.4,688.45
2026-09-26 06:21:00,120.39,120.39,120.36,120.37,351.417
2026-09-26 06:22:00,120.37,120.44,120.37,120.42,641.568
2026-09-26 06:23:00,120.42,120.43,120.36,120.36,576.322
2026-09-26 06:24:00,120.37,120.37,120.36,120.36,296.644
2026-09-26 06:25:00,120.36,120.38,120.32,120.34,1065.326
2026-09-26 06:26:00,120.34,120.35,120.24,120.29,3288.548
2026-09-26 06:27:00,120.29,120.3,120.29,120.29,417.479
2026-09-26 06:28:00,120.29,120.31,120.22,120.31,2289.538
2026-09-26 06:29:00,120.3,120.31,120.29,120.31,539.302
2026-09-26 06:30:00,120.3,120.4,120.3,120.39,953.145
2026-09-26 06:31:00,120.39,120.39,120.29,120.36,1303.62
2026-09-26 06:32:00,120.37,120.49,120.36,120.48,451.988
2026-09-26 06:33:00,120.48,120.5,120.43,120.49,868.491
2026-09-26 06:34:00,120.5,120.5,120.34,120.35,825.843
2026-09-26 06:35:00,120.35,120.35,120.3,120.3,665.148
2026-09-26 06:36:00,120.31,120.36,120.29,120.34,701.133
2026-09-26 06:37:00,120.33,120.35,120.31,120.35,361.64
2026-09-26 06:38:00,120.35,120.44,120.34,120.43,617.34
2026-09-26 06:39:00,120.42,120.45,120.42,120.44,422.26
2026-09-26 06:40:00,120.45,120.46,120.39,120.41,700.581
2026-09-26 06:41:00,120.4,120.44,120.3,120.32,1234.858
2026-09-26 06:42:00,120.31,120.4,120.31,120.4,473.505
2026-09-26 06:43:00,120.39,120.41,120.37,120.4,569.268
2026-09-26 06:44:00,120.41,120.41,120.4,120.41,322.284
2026-09-26 06:45:00,120.41,120.46,120.4,120.45,914.287
2026-09-26 06:46:00,120.45,120.46,120.4,120.41,444.508
2026-09-26 06:47:00,120.4,120.43,120.37,120.41,524.303
2026-09-26 06:48:00,120.41,120.51,120.41,120.42,4534.707
2026-09-26 06:49:00,120.43,120.47,120.43,120.46,619.876
2026-09-26 06:50:00,120.45,120.45,120.4,120.41,836.844
2026-09-26 06:51:00,120.41,120.41,120.39,120.39,665.847
2026-09-26 06:52:00,120.39,120.42,120.38,120.38,759.833
2026-09-26 06:53:00,120.38,120.39,120.27,120.32,1618.971
2026-09-26 06:54:00,120.32,120.34,120.32,120.33,483.573
2026-09-26 06:55:00,120.33,120.34,120.31,120.31,586.909
2026-09-26 06:56:00,120.3,120.33,120.28,120.29,464.802
2026-09-26 06:57:00,120.28,120.34,120.28,120.3,1489.587
2026-09-26 06:58:00,120.29,120.31,120.21,120.25,1867.503
2026-09-26 06:59:00,120.25,120.27,120.14,120.21,2342.739
2026-09-26 07:00:00,120.22,120.24,120.19,120.19,1213.242
2026-09-26 07:01:00,120.19,120.26,120.19,120.25,863.387
2026-09-26 07:02:00,120.25,120.26,120.17,120.18,581.812
2026-09-26 07:03:00,120.18,120.37,120.16,120.34,2799.767
2026-09-26 07:04:00,120.35,120.42,120.34,120.37,956.846
2026-09-26 07:05:00,120.38,120.46,120.37,120.43,911.647
2026-09-26 07:06:00,120.44,120.46,120.42,120.45,717.636
2026-09-26 07:07:00,120.45,120.49,120.43,120.44,1193.341
2026-09-26 07:08:00,120.43,120.47,120.43,120.46,1121.33
2026-09-26 07:09:00,120.46,120.49,120.39,120.43,2028.355
2026-09-26 07:10:00,120.43,120.44,120.41,120.44,651.772
2026-09-26 07:11:00,120.44,120.46,120.42,120.44,588.593
2026-09-26 07:12:00,120.45,120.47,120.43,120.46,594.729
2026-09-26 07:13:00,120.46,120.5,120.46,120.49,490.317
2026-09-26 07:14:00,120.49,120.62,120.49,120.6,2771.694
2026-09-26 07:15:00,120.6,120.61,120.57,120.57,731.301
2026-09-26 07:16:00,120.58,120.58,120.53,120.54,1435.974
2026-09-26 07:17:00,120.54,120.55,120.53,120.55,390.59
2026-09-26 07:18:00,120.54,120.59,120.54,120.59,1097.692
2026-09-26 07:19:00,120.59,120.6,120.58,120.59,754.717
2026-09-26 07:20:00,120.6,120.62,120.59,120.62,973.636
2026-09-26 07:21:00,120.62,120.62,120.6,120.62,1033.897
2026-09-26 07:22:00,120.62,120.65,120.59,120.64,743.642
2026-09-26 07:23:00,120.65,120.66,120.62,120.63,573.925
2026-09-26 07:24:00,120.63,120.63,120.61,120.62,447.834
2026-09-26 07:25:00,120.62,120.62,120.52,120.52,1068.687
2026-09-26 07:26:00,120.52,120.53,120.52,120.53,498.956
2026-09-26 07:27:00,120.52,120.56,120.52,120.56,766.81
2026-09-26 07:28:00,120.55,120.56,120.52,120.52,720.519
2026-09-26 07:29:00,120.52,120.55,120.52,120.55,422.791
2026-09-26 07:30:00,120.55,120.6,120.55,120.57,2105.804
2026-09-26 07:31:00,120.56,120.56,120.5,120.5,1158.065
2026-09-26 07:32:00,120.5,120.51,120.47,120.5,1036.352
2026-09-26 07:33:00,120.51,120.51,120.46,120.47,1002.727
2026-09-26 07:34:00,120.47,120.51,120.47,120.48,502.134
2026-09-26 07:35:00,120.48,120.53,120.48,120.52,530.823
2026-09-26 07:36:00,120.53,120.53,120.52,120.53,530.212
2026-09-26 07:37:00,120.53,120.55,120.52,120.54,769.914
2026-09-26 07:38:00,120.54,120.64,120.54,120.62,1317.457
2026-09-26 07:39:00,120.61,120.62,120.59,120.59,479.513
2026-09-26 07:40:00,120.6,120.61,120.58,120.61,740.457
2026-09-26 07:41:00,120.62,120.66,120.59,120.65,2449.824
2026-09-26 07:42:00,120.64,120.66,120.62,120.62,1074.912
2026-09-26 07:43:00,120.63,120.63,120.58,120.59,727.607
2026-09-26 07:44:00,120.59,120.6,120.58,120.59,401.434
2026-09-26 07:45:00,120.6,120.63,120.59,120.63,707.286
2026-09-26 07:46:00,120.63,120.63,120.62,120.62,521.334
2026-09-26 07:47:00,120.63,120.73,120.63,120.72,2256.801
2026-09-26 07:48:00,120.72,120.73,120.67,120.72,892.071
2026-09-26 07:49:00,120.72,120.73,120.64,120.69,2700.418
2026-09-26 07:50:00,120.7,120.7,120.68,120.7,610.303
2026-09-26 07:51:00,120.69,120.74,120.69,120.7,902.437
2026-09-26 07:52:00,120.71,120.71,120.69,120.69,407.521
2026-09-26 07:53:00,120.69,120.69,120.62,120.64,955.844
2026-09-26 07:54:00,120.65,120.65,120.62,120.65,533.503
2026-09-26 07:55:00,120.64,120.78,120.64,120.73,8410.587
2026-09-26 07:56:00,120.73,120.77,120.73,120.76,700.046
2026-09-26 07:57:00,120.77,120.77,120.75,120.75,542.158
2026-09-26 07:58:00,120.76,120.82,120.75,120.81,993.216
2026-09-26 07:59:00,120.81,120.81,120.74,120.76,1950.651
2026-09-26 08:00:00,120.76,120.8,120.71,120.79,1788.458
2026-09-26 08:01:00,120.8,120.83,120.65,120.69,1997.044
2026-09-26 08:02:00,120.68,120.69,120.61,120.62,838.093
2026-09-26 08:03:00,120.62,120.66,120.62,120.65,743.056
2026-09-26 08:04:00,120.64,120.67,120.62,120.63,587.882
2026-09-26 08:05:00,120.63,120.63,120.62,120.62,275.505
2026-09-26 08:06:00,120.63,120.65,120.62,120.63,403.96
2026-09-26 08:07:00,120.63,120.63,120.56,120.57,775.531
2026-09-26 08:08:00,120.56,120.62,120.56,120.6,641.773
2026-09-26 08:09:00,120.59,120.62,120.59,120.61,490.904
2026-09-26 08:10:00,120.61,120.62,120.57,120.57,406.248
2026-09-26 08:11:00,120.58,120.58,120.57,120.57,284.463
2026-09-26 08:12:00,120.57,120.58,120.57,120.57,426.464
2026-09-26 08:13:00,120.57,120.59,120.51,120.52,1112.911
2026-09-26 08:14:00,120.52,120.55,120.39,120.51,15089.444
2026-09-26 08:15:00,120.51,120.55,120.5,120.55,713.513
2026-09-26 08:16:00,120.55,120.55,120.46,120.46,1008.754
2026-09-26 08:17:00,120.45,120.5,120.41,120.41,648.376
2026-09-26 08:18:00,120.41,120.42,120.37,120.39,919.136
2026-09-26 08:19:00,120.4,120.4,120.36,120.38,892.157
2026-09-26 08:20:00,120.39,120.43,120.39,120.4,504.578
2026-09-26 08:21:00,120.4,120.4,120.37,120.39,546.089
2026-09-26 08:22:00,120.39,120.4,120.37,120.37,320.786
2026-09-26 08:23:00,120.38,120.38,120.37,120.37,307.021
2026-09-26 08:24:00,120.38,120.4,120.35,120.39,1328.844
2026-09-26 08:25:00,120.38,120.38,120.31,120.32,1038.915
2026-09-26 08:26:00,120.32,120.48,120.26,120.44,3942.913
2026-09-26 08:27:00,120.45,120.52,120.44,120.51,652.041
2026-09-26 08:28:00,120.52,120.55,120.51,120.53,1176.78
2026-09-26 08:29:00,120.53,120.57,120.53,120.57,487.104
2026-09-26 08:30:00,120.57,120.64,120.57,120.64,1137.232
2026-09-26 08:31:00,120.64,120.75,120.64,120.75,1146.595
2026-09-26 08:32:00,120.76,120.89,120.75,120.88,6423.906
2026-09-26 08:33:00,120.89,120.97,120.81,120.95,3973.323
2026-09-26 08:34:00,120.95,120.97,120.89,120.95,3239.301
2026-09-26 08:35:00,120.96,120.97,120.86,120.92,2137.009
2026-09-26 08:36:00,120.91,121.11,120.91,121.11,3424.02
2026-09-26 08:37:00,121.11,121.27,121.11,121.15,4510.474
2026-09-26 08:38:00,121.15,121.23,121.14,121.22,832.569
2026-09-26 08:39:00,121.22,121.22,121.09,121.09,1423.816
2026-09-26 08:40:00,121.1,121.15,120.91,120.97,4040.589
2026-09-26 08:41:00,120.98,121.0,120.94,120.97,914.864
2026-09-26 08:42:00,120.96,121.0,120.96,120.98,1128.617
2026-09-26 08:43:00,120.98,121.02,120.98,121.01,681.584
2026-09-26 08:44:00,121.01,121.04,121.01,121.04,1441.208
2026-09-26 08:45:00,121.03,121.03,120.93,120.96,1541.851
2026-09-26 08:46:00,120.95,120.96,120.88,120.88,918.879
2026-09-26 08:47:00,120.89,120.9,120.85,120.85,852.398
2026-09-26 08:48:00,120.86,120.89,120.85,120.86,954.313
2026-09-26 08:49:00,120.85,120.87,120.77,120.78,1115.003
2026-09-26 08:50:00,120.79,120.8,120.75,120.75,714.442
2026-09-26 08:51:00,120.75,120.76,120.75,120.76,309.56
2026-09-26 08:52:00,120.76,120.76,120.75,120.76,284.297
2026-09-26 08:53:00,120.75,120.76,120.72,120.72,604.933
2026-09-26 08:54:00,120.73,120.73,120.72,120.73,326.691
2026-09-26 08:55:00,120.72,120.73,120.72,120.73,335.176
2026-09-26 08:56:00,120.72,120.74,120.7,120.71,2053.541
2026-09-26 08:57:00,120.7,120.71,120.7,120.71,493.224
2026-09-26 08:58:00,120.7,120.7,120.69,120.7,359.592
2026-09-26 08:59:00,120.7,120.7,120.69,120.69,330.58
2026-09-26 09:00:00,120.7,120.71,120.68,120.7,652.493
2026-09-26 09:01:00,120.71,120.71,120.66,120.67,575.304
2026-09-26 09:02:00,120.66,120.66,120.62,120.63,445.214
2026-09-26 09:03:00,120.63,120.63,120.56,120.59,1719.949
2026-09-26 09:04:00,120.59,120.59,120.58,120.59,640.806
2026-09-26 09:05:00,120.59,120.67,120.58,120.63,1735.595
2026-09-26 09:06:00,120.63,120.65,120.56,120.56,795.71
2026-09-26 09:07:00,120.57,120.61,120.56,120.6,584.2
2026-09-26 09:08:00,120.6,120.64,120.58,120.64,697.549
2026-09-26 09:09:00,120.63,120.64,120.56,120.62,1214.324
2026-09-26 09:10:00,120.62,120.63,120.44,120.52,2710.051
2026-09-26 09:11:00,120.52,120.52,120.36,120.37,2063.659
2026-09-26 09:12:00,120.36,120.41,120.27,120.28,2542.881
2026-09-26 09:13:00,120.28,120.31,120.0,120.06,5847.868
2026-09-26 09:14:00,120.06,120.21,120.01,120.16,4147.775
2026-09-26 09:15:00,120.17,120.17,119.89,119.99,7759.629
2026-09-26 09:16:00,119.98,120.03,119.9,119.94,1906.194
2026-09-26 09:17:00,119.94,119.97,119.82,119.96,2851.774
2026-09-26 09:18:00,119.97,120.03,119.89,120.02,1765.815
2026-09-26 09:19:00,120.03,120.13,120.0,120.13,1596.232
2026-09-26 09:20:00,120.12,120.13,119.97,119.98,1840.26
2026-09-26 09:21:00,119.99,120.06,119.98,120.05,926.245
2026-09-26 09:22:00,120.05,120.13,120.05,120.13,1655.671
2026-09-26 09:23:00,120.13,120.14,120.05,120.08,777.183
2026-09-26 09:24:00,120.09,120.13,120.01,120.01,2233.049
2026-09-26 09:25:00,120.01,120.07,120.01,120.06,921.52
2026-09-26 09:26:00,120.07,120.08,120.02,120.04,1202.188
2026-09-26 09:27:00,120.04,120.1,120.04,120.09,679.381
2026-09-26 09:28:00,120.1,120.11,120.03,120.03,992.415
2026-09-26 09:29:00,120.03,120.05,120.01,120.02,651.823
2026-09-26 09:30:00,120.03,120.03,119.92,119.93,11827.276
2026-09-26 09:31:00,119.93,120.0,119.83,119.99,4231.468
2026-09-26 09:32:00,120.0,120.0,119.94,119.98,560.975
2026-09-26 09:33:00,119.98,120.01,119.94,120.0,1414.447
2026-09-26 09:34:00,120.01,120.05,120.01,120.03,862.28
2026-09-26 09:35:00,120.03,120.04,119.99,120.0,1021.129
2026-09-26 09:36:00,120.01,120.01,119.97,119.99,685.765
2026-09-26 09:37:00,120.0,120.03,119.97,119.98,997.006
2026-09-26 09:38:00,119.99,120.03,119.98,119.98,593.1
2026-09-26 09:39:00,119.98,120.01,119.94,120.01,1073.688
2026-09-26 09:40:00,120.0,120.0,119.92,119.93,639.912
2026-09-26 09:41:00,119.92,119.95,119.89,119.9,1123.232
2026-09-26 09:42:00,119.9,119.95,119.9,119.95,949.765
2026-09-26 09:43:00,119.95,119.95,119.89,119.93,700.452
2026-09-26 09:44:00,119.94,119.99,119.93,119.97,1551.596
2026-09-26 09:45:00,119.96,120.02,119.94,120.02,904.682
2026-09-26 09:46:00,120.02,120.03,119.95,119.97,881.573
2026-09-26 09:47:00,119.97,120.04,119.97,120.02,570.898
2026-09-26 09:48:00,120.01,120.02,119.87,119.96,27064.61
2026-09-26 09:49:00,119.96,120.0,119.96,119.96,781.257
2026-09-26 09:50:00,119.96,119.97,119.92,119.92,637.416
2026-09-26 09:51:00,119.91,119.92,119.87,119.91,1074.896
2026-09-26 09:52:00,119.91,119.93,119.91,119.93,512.121
2026-09-26 09:53:00,119.92,119.93,119.9,119.9,949.305
2026-09-26 09:54:00,119.91,120.03,119.91,119.98,5284.534
2026-09-26 09:55:00,119.98,120.01,119.95,119.99,1055.937
2026-09-26 09:56:00,119.98,120.01,119.89,119.95,13490.513
2026-09-26 09:57:00,119.95,120.0,119.95,119.99,605.726
2026-09-26 09:58:00,119.99,119.99,119.91,119.94,755.004
2026-09-26 09:59:00,119.94,119.99,119.93,119.99,1946.406
2026-09-26 10:00:00,119.99,120.03,119.95,120.01,2519.341
2026-09-26 10:01:00,120.01,120.04,119.97,120.04,1105.624
2026-09-26 10:02:00,120.04,120.14,120.03,120.13,1155.458
2026-09-26 10:03:00,120.14,120.18,120.13,120.14,912.008
2026-09-26 10:04:00,120.13,120.22,120.13,120.21,594.301
2026-09-26 10:05:00,120.22,120.24,120.18,120.23,742.074
2026-09-26 10:06:00,120.23,120.29,120.2,120.2,806.074
2026-09-26 10:07:00,120.2,120.2,120.14,120.15,593.71
2026-09-26 10:08:00,120.15,120.19,120.14,120.19,963.637
2026-09-26 10:09:00,120.18,120.27,120.17,120.26,1662.016
2026-09-26 10:10:00,120.27,120.27,120.23,120.25,738.4
2026-09-26 10:11:00,120.26,120.29,120.26,120.28,695.708
2026-09-26 10:12:00,120.28,120.29,120.24,120.26,1588.833
2026-09-26 10:13:00,120.27,120.27,120.24,120.27,828.97
2026-09-26 10:14:00,120.27,120.33,120.24,120.3,1949.684
2026-09-26 10:15:00,120.3,120.32,120.28,120.32,686.605
2026-09-26 10:16:00,120.31,120.42,120.31,120.41,2110.476
2026-09-26 10:17:00,120.42,120.46,120.41,120.46,807.627
2026-09-26 10:18:00,120.46,120.5,120.45,120.5,1143.824
2026-09-26 10:19:00,120.5,120.55,120.5,120.55,1650.365
2026-09-26 10:20:00,120.55,120.61,120.54,120.6,938.364
2026-09-26 10:21:00,120.6,120.65,120.6,120.65,688.901
2026-09-26 10:22:00,120.65,120.68,120.58,120.58,2055.839
2026-09-26 10:23:00,120.58,120.59,120.51,120.57,1044.094
2026-09-26 10:24:00,120.57,120.59,120.54,120.55,692.258
2026-09-26 10:25:00,120.54,120.56,120.45,120.45,2162.143
2026-09-26 10:26:00,120.46,120.47,120.45,120.46,275.592
2026-09-26 10:27:00,120.46,120.47,120.45,120.47,306.264
2026-09-26 10:28:00,120.47,120.47,120.42,120.43,678.659
2026-09-26 10:29:00,120.43,120.46,120.4,120.41,787.692
2026-09-26 10:30:00,120.41,120.44,120.39,120.39,1181.896
2026-09-26 10:31:00,120.4,120.47,120.4,120.46,844.254
2026-09-26 10:32:00,120.46,120.49,120.42,120.48,570.226
2026-09-26 10:33:00,120.48,120.54,120.48,120.51,669.222
2026-09-26 10:34:00,120.52,120.54,120.47,120.47,515.079
2026-09-26 10:35:00,120.47,120.53,120.47,120.51,548.142
2026-09-26 10:36:00,120.5,120.55,120.49,120.52,1350.752
2026-09-26 10:37:00,120.52,120.53,120.51,120.52,688.249
2026-09-26 10:38:00,120.52,120.54,120.5,120.5,1293.494
2026-09-26 10:39:00,120.51,120.61,120.51,120.57,1577.682
2026-09-26 10:40:00,120.57,120.62,120.56,120.59,1001.858
2026-09-26 10:41:00,120.59,120.6,120.59,120.59,401.955
2026-09-26 10:42:00,120.6,120.61,120.53,120.53,1709.758
2026-09-26 10:43:00,120.53,120.54,120.48,120.5,873.782
2026-09-26 10:44:00,120.51,120.56,120.51,120.56,1037.604
2026-09-26 10:45:00,120.56,120.62,120.55,120.61,1125.884
2026-09-26 10:46:00,120.62,120.62,120.58,120.61,399.535
2026-09-26 10:47:00,120.6,120.6,120.54,120.55,483.546
2026-09-26 10:48:00,120.54,120.59,120.53,120.55,422.362
2026-09-26 10:49:00,120.55,120.57,120.51,120.51,764.893
2026-09-26 10:50:00,120.52,120.61,120.51,120.61,1060.351
2026-09-26 10:51:00,120.61,120.65,120.59,120.63,371.319
2026-09-26 10:52:00,120.64,120.74,120.63,120.67,1668.337
2026-09-26 10:53:00,120.67,120.68,120.59,120.61,677.371
2026-09-26 10:54:00,120.61,120.61,120.52,120.52,415.026
2026-09-26 10:55:00,120.53,120.56,120.46,120.55,3425.889
2026-09-26 10:56:00,120.55,120.65,120.55,120.62,1996.003
2026-09-26 10:57:00,120.62,120.68,120.62,120.65,940.872
2026-09-26 10:58:00,120.64,120.64,120.59,120.59,736.981
2026-09-26 10:59:00,120.6,120.63,120.59,120.63,677.061
2026-09-26 11:00:00,120.62,120.63,120.56,120.58,1069.843
2026-09-26 11:01:00,120.59,120.61,120.46,120.48,4612.583
2026-09-26 11:02:00,120.49,120.5,120.45,120.49,579.627
2026-09-26 11:03:00,120.48,120.54,120.48,120.5,1668.113
2026-09-26 11:04:00,120.5,120.53,120.47,120.5,1252.534
2026-09-26 11:05:00,120.5,120.51,120.42,120.45,654.465
2026-09-26 11:06:00,120.45,120.47,120.42,120.46,561.712
2026-09-26 11:07:00,120.46,120.47,120.38,120.39,599.481
2026-09-26 11:08:00,120.38,120.57,120.38,120.43,2837.398
2026-09-26 11:09:00,120.43,120.43,120.39,120.4,344.539
2026-09-26 11:10:00,120.39,120.4,120.26,120.32,2642.155
2026-09-26 11:11:00,120.33,120.35,120.32,120.35,1048.653
2026-09-26 11:12:00,120.34,120.34,120.33,120.34,438.162
2026-09-26 11:13:00,120.34,120.44,120.34,120.43,878.413
2026-09-26 11:14:00,120.43,120.44,120.4,120.4,314.994
2026-09-26 11:15:00,120.41,120.48,120.4,120.47,737.285
2026-09-26 11:16:00,120.47,120.53,120.47,120.53,381.125
2026-09-26 11:17:00,120.53,120.6,120.52,120.6,925.968
2026-09-26 11:18:00,120.59,120.62,120.54,120.61,1025.172
2026-09-26 11:19:00,120.61,120.61,120.58,120.6,551.803
2026-09-26 11:20:00,120.6,120.61,120.55,120.6,1391.248
2026-09-26 11:21:00,120.6,120.62,120.59,120.61,597.357
2026-09-26 11:22:00,120.6,120.62,120.58,120.58,1939.394
2026-09-26 11:23:00,120.58,120.64,120.58,120.63,669.985
2026-09-26 11:24:00,120.63,120.66,120.63,120.65,303.003
2026-09-26 11:25:00,120.64,120.66,120.62,120.65,547.691
2026-09-26 11:26:00,120.65,120.66,120.63,120.63,160.749
2026-09-26 11:27:00,120.62,120.62,120.59,120.6,232.271
2026-09-26 11:28:00,120.6,120.65,120.59,120.64,172.692
2026-09-26 11:29:00,120.65,120.67,120.62,120.66,420.398
2026-09-26 11:30:00,120.66,120.72,120.65,120.66,1442.309
2026-09-26 11:31:00,120.65,120.69,120.64,120.68,708.584
2026-09-26 11:32:00,120.68,120.68,120.63,120.67,883.765
2026-09-26 11:33:00,120.67,120.82,120.67,120.82,553.539
2026-09-26 11:34:00,120.81,120.88,120.75,120.8,3074.156
2026-09-26 11:35:00,120.81,121.24,120.81,121.11,33706.826
2026-09-26 11:36:00,121.11,121.2,121.11,121.18,1989.19
2026-09-26 11:37:00,121.17,121.18,121.13,121.18,1354.105
2026-09-26 11:38:00,121.18,121.33,121.17,121.3,3122.587
2026-09-26 11:39:00,121.3,121.35,121.25,121.28,3577.71
2026-09-26 11:40:00,121.28,121.35,121.23,121.23,1323.51
2026-09-26 11:41:00,121.23,121.23,121.15,121.19,1410.858
2026-09-26 11:42:00,121.19,121.19,121.13,121.14,920.712
2026-09-26 11:43:00,121.14,121.2,121.13,121.17,684.941
2026-09-26 11:44:00,121.16,121.17,121.12,121.16,402.243
2026-09-26 11:45:00,121.17,121.23,121.17,121.23,407.868
2026-09-26 11:46:00,121.22,121.23,121.21,121.22,320.832
2026-09-26 11:47:00,121.23,121.4,121.22,121.34,1081.9
2026-09-26 11:48:00,121.33,121.42,121.31,121.38,1596.238
2026-09-26 11:49:00,121.38,121.45,121.38,121.41,1938.717
2026-09-26 11:50:00,121.41,121.43,121.39,121.42,779.546
2026-09-26 11:51:00,121.42,121.45,121.38,121.38,1374.187
2026-09-26 11:52:00,121.39,121.42,121.33,121.42,8817.794
2026-09-26 11:53:00,121.42,121.44,121.38,121.42,386.591
2026-09-26 11:54:00,121.42,121.43,121.41,121.43,486.712
2026-09-26 11:55:00,121.42,121.45,121.35,121.44,1341.755
2026-09-26 11:56:00,121.44,121.45,121.31,121.31,1100.218
2026-09-26 11:57:00,121.31,121.38,121.31,121.38,740.272
2026-09-26 11:58:00,121.37,121.4,121.29,121.3,406.512
2026-09-26 11:59:00,121.29,121.3,121.27,121.28,286.849
2026-09-26 12:00:00,121.29,121.29,121.2,121.27,1407.122
2026-09-26 12:01:00,121.26,121.27,121.23,121.24,1642.399
2026-09-26 12:02:00,121.24,121.25,121.18,121.18,910.939
2026-09-26 12:03:00,121.19,121.2,121.11,121.13,1379.302
2026-09-26 12:04:00,121.13,121.13,121.09,121.1,504.758
2026-09-26 12:05:00,121.09,121.22,121.04,121.22,2079.547
2026-09-26 12:06:00,121.22,121.25,121.21,121.25,918.25
2026-09-26 12:07:00,121.25,121.35,121.24,121.24,3717.918
2026-09-26 12:08:00,121.24,121.26,121.22,121.23,912.742
2026-09-26 12:09:00,121.23,121.33,121.22,121.24,2195.08
2026-09-26 12:10:00,121.25,121.25,121.18,121.19,1860.768
2026-09-26 12:11:00,121.18,121.18,121.06,121.07,964.935
2026-09-26 12:12:00,121.06,121.15,121.06,121.12,520.985
2026-09-26 12:13:00,121.11,121.17,121.11,121.17,257.423
2026-09-26 12:14:00,121.17,121.25,121.16,121.23,2859.899
2026-09-26 12:15:00,121.23,121.36,121.22,121.35,1401.473
2026-09-26 12:16:00,121.36,121.5,121.35,121.49,2354.747
2026-09-26 12:17:00,121.48,121.56,121.48,121.54,1414.577
2026-09-26 12:18:00,121.53,121.55,121.49,121.5,441.369
2026-09-26 12:19:00,121.5,121.58,121.47,121.48,1890.405
2026-09-26 12:20:00,121.48,121.48,121.31,121.31,1927.259
2026-09-26 12:21:00,121.31,121.32,121.24,121.25,670.688
2026-09-26 12:22:00,121.26,121.27,121.17,121.23,1603.464
2026-09-26 12:23:00,121.23,121.26,121.2,121.22,404.509
2026-09-26 12:24:00,121.23,121.23,121.16,121.19,441.822
2026-09-26 12:25:00,121.19,121.19,121.15,121.15,220.719
2026-09-26 12:26:00,121.16,121.16,121.11,121.12,1090.863
2026-09-26 12:27:00,121.13,121.15,121.1,121.1,960.964
2026-09-26 12:28:00,121.1,121.11,121.04,121.08,1093.958
2026-09-26 12:29:00,121.09,121.13,121.07,121.11,415.928
2026-09-26 12:30:00,121.11,121.22,121.1,121.19,583.798
2026-09-26 12:31:00,121.18,121.22,121.17,121.22,652.57
2026-09-26 12:32:00,121.21,121.22,121.19,121.22,264.474
2026-09-26 12:33:00,121.21,121.29,121.19,121.28,1591.883
2026-09-26 12:34:00,121.28,121.29,121.23,121.24,679.564
2026-09-26 12:35:00,121.23,121.25,121.19,121.22,403.203
2026-09-26 12:36:00,121.23,121.25,121.18,121.18,344.565
2026-09-26 12:37:00,121.19,121.19,121.08,121.08,584.789
2026-09-26 12:38:00,121.09,121.09,121.04,121.05,835.103
2026-09-26 12:39:00,121.04,121.13,121.04,121.13,592.967
2026-09-26 12:40:00,121.13,121.13,121.05,121.06,446.617
2026-09-26 12:41:00,121.06,121.07,120.93,120.94,9002.801
2026-09-26 12:42:00,120.94,120.99,120.94,120.95,591.179
2026-09-26 12:43:00,120.95,120.99,120.95,120.97,684.957
2026-09-26 12:44:00,120.96,120.99,120.93,120.93,595.564
2026-09-26 12:45:00,120.93,121.04,120.93,121.01,1545.626
2026-09-26 12:46:00,121.01,121.04,120.98,120.98,398.867
2026-09-26 12:47:00,120.99,121.03,120.98,121.01,488.418
2026-09-26 12:48:00,121.01,121.03,120.99,121.03,296.431
2026-09-26 12:49:00,121.02,121.03,121.01,121.03,254.514
2026-09-26 12:50:00,121.03,121.12,121.03,121.12,1272.31
2026-09-26 12:51:00,121.12,121.13,121.08,121.11,1207.61
2026-09-26 12:52:00,121.11,121.11,121.06,121.07,185.8
2026-09-26 12:53:00,121.07,121.08,121.03,121.07,622.365
2026-09-26 12:54:00,121.07,121.07,121.0,121.0,1216.447
2026-09-26 12:55:00,121.0,121.02,120.99,121.01,221.487
2026-09-26 12:56:00,121.02,121.03,121.0,121.03,3120.949
2026-09-26 12:57:00,121.03,121.07,121.03,121.07,292.157
2026-09-26 12:58:00,121.07,121.09,121.02,121.08,1223.833
2026-09-26 12:59:00,121.08,121.08,121.07,121.08,258.735
2026-09-26 13:00:00,121.08,121.1,121.07,121.1,468.464
2026-09-26 13:01:00,121.11,121.18,121.11,121.18,1212.266
2026-09-26 13:02:00,121.19,121.3,121.19,121.29,1164.12
2026-09-26 13:03:00,121.3,121.33,121.18,121.18,1538.016
2026-09-26 13:04:00,121.19,121.2,121.17,121.18,888.155
2026-09-26 13:05:00,121.17,121.25,121.16,121.23,1751.503
2026-09-26 13:06:00,121.24,121.3,121.24,121.3,344.545
2026-09-26 13:07:00,121.29,121.32,121.24,121.25,1217.831
2026-09-26 13:08:00,121.24,121.27,121.15,121.16,1830.455
2026-09-26 13:09:00,121.16,121.16,121.02,121.04,2197.913
2026-09-26 13:10:00,121.04,121.05,120.88,120.89,1885.348
2026-09-26 13:11:00,120.89,120.89,120.75,120.75,2312.03
2026-09-26 13:12:00,120.74,120.86,120.64,120.82,5217.398
2026-09-26 13:13:00,120.81,120.82,120.7,120.79,1543.056
2026-09-26 13:14:00,120.79,120.85,120.76,120.77,1746.252
2026-09-26 13:15:00,120.78,120.84,120.69,120.69,3190.439
2026-09-26 13:16:00,120.7,120.72,120.68,120.7,1420.052
2026-09-26 13:17:00,120.71,120.73,120.67,120.73,1538.907
2026-09-26 13:18:00,120.73,120.73,120.69,120.7,663.685
2026-09-26 13:19:00,120.71,120.8,120.7,120.78,817.666
2026-09-26 13:20:00,120.77,120.9,120.76,120.84,2980.227
2026-09-26 13:21:00,120.84,120.89,120.82,120.83,585.062
2026-09-26 13:22:00,120.83,120.83,120.64,120.65,3920.315
2026-09-26 13:23:00,120.65,120.69,120.64,120.67,366.498
2026-09-26 13:24:00,120.66,120.69,120.62,120.62,398.042
2026-09-26 13:25:00,120.63,120.63,120.56,120.58,2021.502
2026-09-26 13:26:00,120.59,120.59,120.49,120.52,2453.362
2026-09-26 13:27:00,120.51,120.54,120.25,120.27,30647.298
2026-09-26 13:28:00,120.28,120.29,120.22,120.29,5482.632
2026-09-26 13:29:00,120.28,120.49,120.27,120.44,36543.477
2026-09-26 13:30:00,120.44,120.47,120.42,120.42,750.188
2026-09-26 13:31:00,120.42,120.58,120.42,120.57,1271.186
2026-09-26 13:32:00,120.56,120.58,120.5,120.52,1235.597
2026-09-26 13:33:00,120.52,120.56,120.51,120.52,571.592
2026-09-26 13:34:00,120.52,120.59,120.52,120.57,658.838
2026-09-26 13:35:00,120.57,120.58,120.55,120.57,352.094
2026-09-26 13:36:00,120.57,120.58,120.51,120.57,675.715
2026-09-26 13:37:00,120.57,120.63,120.56,120.61,1664.552
2026-09-26 13:38:00,120.61,120.66,120.61,120.66,1119.066
2026-09-26 13:39:00,120.66,120.68,120.65,120.66,943.747
2026-09-26 13:40:00,120.66,120.67,120.65,120.65,624.42
2026-09-26 13:41:00,120.64,120.64,120.55,120.56,929.526
2026-09-26 13:42:00,120.56,120.59,120.56,120.59,537.182
2026-09-26 13:43:00,120.59,120.6,120.58,120.59,418.262
2026-09-26 13:44:00,120.58,120.61,120.57,120.61,264.607
2026-09-26 13:45:00,120.61,120.65,120.58,120.64,571.787
2026-09-26 13:46:00,120.65,120.66,120.6,120.6,1182.345
2026-09-26 13:47:00,120.59,120.7,120.59,120.66,3164.511
2026-09-26 13:48:00,120.65,120.69,120.62,120.68,300.026
2026-09-26 13:49:00,120.68,120.69,120.68,120.68,409.566
2026-09-26 13:50:00,120.68,120.79,120.67,120.79,1196.86
2026-09-26 13:51:00,120.79,120.79,120.73,120.75,1695.513
2026-09-26 13:52:00,120.76,120.76,120.7,120.71,463.141
2026-09-26 13:53:00,120.72,120.76,120.72,120.76,381.022
2026-09-26 13:54:00,120.75,120.79,120.71,120.75,4786.178
2026-09-26 13:55:00,120.75,120.79,120.73,120.78,1154.274
2026-09-26 13:56:00,120.78,120.8,120.77,120.79,503.482
2026-09-26 13:57:00,120.79,120.82,120.77,120.82,1298.644
2026-09-26 13:58:00,120.82,120.88,120.77,120.78,3336.756
2026-09-26 13:59:00,120.77,120.82,120.76,120.78,1041.967
2026-09-26 14:00:00,120.77,120.78,120.66,120.69,1703.83
2026-09-26 14:01:00,120.69,120.72,120.64,120.69,1045.138
2026-09-26 14:02:00,120.7,120.73,120.69,120.7,1078.888
2026-09-26 14:03:00,120.7,120.71,120.65,120.69,869.879
2026-09-26 14:04:00,120.7,120.82,120.65,120.76,1240.217
2026-09-26 14:05:00,120.76,120.76,120.71,120.71,635.833
2026-09-26 14:06:00,120.71,120.71,120.62,120.68,639.929
2026-09-26 14:07:00,120.68,120.71,120.67,120.71,410.87
2026-09-26 14:08:00,120.71,120.72,120.7,120.72,370.326
2026-09-26 14:09:00,120.71,120.76,120.71,120.76,1335.141
2026-09-26 14:10:00,120.76,120.8,120.75,120.79,594.384
2026-09-26 14:11:00,120.79,120.83,120.79,120.83,437.797
2026-09-26 14:12:00,120.83,120.84,120.8,120.84,1195.562
2026-09-26 14:13:00,120.84,120.93,120.84,120.9,1598.645
2026-09-26 14:14:00,120.89,121.2,120.89,121.04,26431.46
2026-09-26 14:15:00,121.04,121.13,121.04,121.11,1762.952
2026-09-26 14:16:00,121.1,121.1,121.0,121.0,521.574
2026-09-26 14:17:00,121.01,121.01,120.95,120.96,2022.766
2026-09-26 14:18:00,120.96,120.98,120.94,120.94,423.192
2026-09-26 14:19:00,120.94,120.96,120.94,120.96,448.836
2026-09-26 14:20:00,120.96,121.0,120.95,121.0,387.887
2026-09-26 14:21:00,120.99,121.02,120.96,120.98,502.851
2026-09-26 14:22:00,120.98,121.0,120.95,120.98,777.465
2026-09-26 14:23:00,120.97,121.02,120.97,121.02,854.541
2026-09-26 14:24:00,121.02,121.02,120.97,120.97,749.155
2026-09-26 14:25:00,120.98,121.0,120.94,120.96,983.135
2026-09-26 14:26:00,120.97,121.0,120.96,120.99,622.608
2026-09-26 14:27:00,120.99,120.99,120.96,120.97,390.206
2026-09-26 14:28:00,120.96,121.02,120.96,120.98,1506.72
2026-09-26 14:29:00,120.99,120.99,120.97,120.98,412.899
2026-09-26 14:30:00,120.99,121.0,120.96,120.96,468.856
2026-09-26 14:31:00,120.96,121.04,120.96,121.04,823.0
2026-09-26 14:32:00,121.04,121.1,121.02,121.07,1619.369
2026-09-26 14:33:00,121.07,121.08,121.06,121.07,850.459
2026-09-26 14:34:00,121.07,121.07,120.98,120.98,768.981
2026-09-26 14:35:00,120.99,120.99,120.97,120.98,270.564
2026-09-26 14:36:00,120.98,120.98,120.9,120.94,1681.615
2026-09-26 14:37:00,120.94,120.94,120.92,120.92,467.161
2026-09-26 14:38:00,120.93,120.97,120.92,120.94,1622.621
2026-09-26 14:39:00,120.94,120.94,120.86,120.87,1254.309
2026-09-26 14:40:00,120.87,120.97,120.86,120.97,747.687
2026-09-26 14:41:00,120.96,120.97,120.96,120.97,554.003
2026-09-26 14:42:00,120.97,121.0,120.97,120.99,1391.728
2026-09-26 14:43:00,120.99,120.99,120.97,120.98,602.567
2026-09-26 14:44:00,120.97,120.98,120.89,120.92,1903.038
2026-09-26 14:45:00,120.93,120.93,120.86,120.88,1004.005
2026-09-26 14:46:00,120.87,120.91,120.83,120.84,811.712
2026-09-26 14:47:00,120.83,120.89,120.83,120.89,625.812
2026-09-26 14:48:00,120.89,120.89,120.86,120.88,680.313
2026-09-26 14:49:00,120.88,120.9,120.87,120.9,377.351
2026-09-26 14:50:00,120.9,121.01,120.9,121.0,1115.674
2026-09-26 14:51:00,121.01,121.01,120.98,120.99,546.672
2026-09-26 14:52:00,120.99,121.01,120.98,120.98,537.171
2026-09-26 14:53:00,120.99,120.99,120.97,120.99,685.138
2026-09-26 14:54:00,120.99,120.99,120.97,120.98,427.731
2026-09-26 14:55:00,120.97,120.99,120.96,120.98,577.791
2026-09-26 14:56:00,120.99,120.99,120.97,120.98,494.702
2026-09-26 14:57:00,120.99,121.0,120.93,120.93,1476.357
2026-09-26 14:58:00,120.93,120.93,120.9,120.92,400.265
2026-09-26 14:59:00,120.92,120.95,120.91,120.95,535.66
2026-09-26 15:00:00,120.94,120.95,120.93,120.95,661.512
2026-09-26 15:01:00,120.94,120.95,120.86,120.9,1289.769
2026-09-26 15:02:00,120.91,120.91,120.85,120.86,754.543
2026-09-26 15:03:00,120.87,120.87,120.8,120.83,544.406
2026-09-26 15:04:00,120.84,120.92,120.83,120.92,541.906
2026-09-26 15:05:00,120.92,121.0,120.92,120.97,681.215
2026-09-26 15:06:00,120.96,120.97,120.96,120.96,365.689
2026-09-26 15:07:00,120.97,121.01,120.96,120.96,955.81
2026-09-26 15:08:00,120.96,121.01,120.96,121.01,620.501
2026-09-26 15:09:00,121.0,121.04,120.97,120.97,894.509
2026-09-26 15:10:00,120.98,120.98,120.94,120.98,1091.179
2026-09-26 15:11:00,120.97,121.05,120.97,121.03,859.156
2026-09-26 15:12:00,121.04,121.05,121.03,121.05,325.183
2026-09-26 15:13:00,121.04,121.08,121.02,121.05,611.795
2026-09-26 15:14:00,121.05,121.06,121.04,121.06,394.45
2026-09-26 15:15:00,121.05,121.11,121.04,121.1,476.845
2026-09-26 15:16:00,121.11,121.14,121.1,121.14,630.254
2026-09-26 15:17:00,121.13,121.21,121.13,121.2,1901.943
2026-09-26 15:18:00,121.21,121.25,121.19,121.22,886.38
2026-09-26 15:19:00,121.22,121.25,121.19,121.25,697.464
2026-09-26 15:20:00,121.24,121.25,121.2,121.2,567.376
2026-09-26 15:21:00,121.21,121.22,121.17,121.19,770.914
2026-09-26 15:22:00,121.2,121.21,121.14,121.18,603.519
2026-09-26 15:23:00,121.17,121.17,121.12,121.12,730.183
2026-09-26 15:24:00,121.12,121.29,121.12,121.25,1721.699
2026-09-26 15:25:00,121.24,121.33,121.22,121.32,2588.217
2026-09-26 15:26:00,121.32,121.35,121.31,121.35,443.008
2026-09-26 15:27:00,121.34,121.38,121.34,121.38,705.195
2026-09-26 15:28:00,121.38,121.45,121.38,121.45,1434.858
2026-09-26 15:29:00,121.45,121.58,121.45,121.53,3138.981
2026-09-26 15:30:00,121.53,121.65,121.52,121.56,3503.675
2026-09-26 15:31:00,121.56,121.57,121.47,121.47,957.79
2026-09-26 15:32:00,121.47,121.62,121.47,121.61,1295.14
2026-09-26 15:33:00,121.61,121.66,121.61,121.65,2428.94
2026-09-26 15:34:00,121.65,121.75,121.62,121.74,1230.765
2026-09-26 15:35:00,121.75,122.1,121.62,122.07,40388.289
2026-09-26 15:36:00,122.06,122.1,121.98,122.03,6098.918
2026-09-26 15:37:00,122.03,122.04,121.89,121.92,2145.549
2026-09-26 15:38:00,121.91,121.92,121.71,121.86,5735.484
2026-09-26 15:39:00,121.85,121.91,121.84,121.91,8642.954
2026-09-26 15:40:00,121.91,121.91,121.67,121.69,3200.302
2026-09-26 15:41:00,121.69,121.69,121.63,121.66,868.475
2026-09-26 15:42:00,121.66,121.74,121.65,121.71,1967.6
2026-09-26 15:43:00,121.71,121.71,121.68,121.71,915.574
2026-09-26 15:44:00,121.72,121.81,121.72,121.81,1505.029
2026-09-26 15:45:00,121.8,121.85,121.77,121.8,1523.898
2026-09-26 15:46:00,121.79,121.82,121.75,121.8,1138.371
2026-09-26 15:47:00,121.79,121.79,121.72,121.72,592.571
2026-09-26 15:48:00,121.73,121.73,121.64,121.67,1178.14
2026-09-26 15:49:00,121.67,121.68,121.62,121.62,539.044
2026-09-26 15:50:00,121.63,121.63,121.61,121.62,701.778
2026-09-26 15:51:00,121.62,121.65,121.61,121.62,1006.492
2026-09-26 15:52:00,121.61,121.9,121.61,121.82,3403.021
2026-09-26 15:53:00,121.82,121.84,121.73,121.79,2233.301
2026-09-26 15:54:00,121.8,121.95,121.79,121.94,1135.841
2026-09-26 15:55:00,121.95,121.99,121.86,121.9,1636.304
2026-09-26 15:56:00,121.9,121.94,121.89,121.93,456.35
2026-09-26 15:57:00,121.94,121.96,121.93,121.94,476.733
2026-09-26 15:58:00,121.94,121.94,121.87,121.88,1223.74
2026-09-26 15:59:00,121.88,121.92,121.87,121.88,856.114
2026-09-26 16:00:00,121.89,121.9,121.79,121.79,760.706
2026-09-26 16:01:00,121.8,121.87,121.79,121.8,748.127
2026-09-26 16:02:00,121.81,121.84,121.79,121.82,763.892
2026-09-26 16:03:00,121.81,121.82,121.77,121.8,890.449
2026-09-26 16:04:00,121.81,121.81,121.77,121.8,967.139
2026-09-26 16:05:00,121.8,121.84,121.8,121.8,708.159
2026-09-26 16:06:00,121.8,121.8,121.76,121.78,548.448
2026-09-26 16:07:00,121.78,121.78,121.71,121.71,412.948
2026-09-26 16:08:00,121.71,121.75,121.71,121.74,866.768
2026-09-26 16:09:00,121.75,121.75,121.74,121.74,273.545
2026-09-26 16:10:00,121.74,121.75,121.72,121.72,707.066
2026-09-26 16:11:00,121.73,121.74,121.71,121.74,513.195
2026-09-26 16:12:00,121.74,121.74,121.71,121.71,373.743
2026-09-26 16:13:00,121.72,121.72,121.67,121.68,743.014
2026-09-26 16:14:00,121.68,121.76,121.67,121.76,727.371
2026-09-26 16:15:00,121.76,121.77,121.69,121.7,5051.092
2026-09-26 16:16:00,121.7,121.71,121.69,121.71,503.799
2026-09-26 16:17:00,121.71,121.74,121.64,121.65,1668.472
2026-09-26 16:18:00,121.65,121.67,121.64,121.66,936.486
2026-09-26 16:19:00,121.66,121.68,121.64,121.65,1583.484
2026-09-26 16:20:00,121.64,121.64,121.58,121.58,1217.415
2026-09-26 16:21:00,121.58,121.58,121.49,121.53,1840.095
2026-09-26 16:22:00,121.54,121.56,121.5,121.52,3825.621
2026-09-26 16:23:00,121.53,121.53,121.51,121.51,481.757
2026-09-26 16:24:00,121.52,121.52,121.5,121.5,324.978
2026-09-26 16:25:00,121.51,121.52,121.5,121.52,389.326
2026-09-26 16:26:00,121.52,121.56,121.52,121.55,1408.942
2026-09-26 16:27:00,121.55,121.55,121.38,121.39,1790.905
2026-09-26 16:28:00,121.39,121.46,121.38,121.46,1386.938
2026-09-26 16:29:00,121.47,121.53,121.47,121.48,1129.514
2026-09-26 16:30:00,121.48,121.58,121.48,121.58,1062.68
2026-09-26 16:31:00,121.58,121.67,121.57,121.67,1143.664
2026-09-26 16:32:00,121.67,121.71,121.67,121.7,864.782
2026-09-26 16:33:00,121.71,121.75,121.71,121.74,896.424
2026-09-26 16:34:00,121.74,121.79,121.73,121.75,1563.909
2026-09-26 16:35:00,121.74,121.75,121.65,121.65,602.391
2026-09-26 16:36:00,121.66,121.66,121.61,121.61,415.617
2026-09-26 16:37:00,121.62,121.62,121.58,121.59,495.852
2026-09-26 16:38:00,121.59,121.6,121.56,121.6,598.054
2026-09-26 16:39:00,121.6,121.6,121.59,121.59,283.154
2026-09-26 16:40:00,121.6,121.62,121.57,121.58,1513.216
2026-09-26 16:41:00,121.58,121.6,121.53,121.6,579.031
2026-09-26 16:42:00,121.6,121.6,121.59,121.6,287.21
2026-09-26 16:43:00,121.6,121.6,121.59,121.6,231.918
2026-09-26 16:44:00,121.6,121.6,121.52,121.52,543.642
2026-09-26 16:45:00,121.52,121.53,121.44,121.49,1107.79
2026-09-26 16:46:00,121.49,121.49,121.44,121.48,1055.279
2026-09-26 16:47:00,121.48,121.57,121.47,121.53,1181.582
2026-09-26 16:48:00,121.52,121.53,121.45,121.49,1078.527
2026-09-26 16:49:00,121.49,121.57,121.48,121.56,709.198
2026-09-26 16:50:00,121.57,121.59,121.5,121.51,662.704
2026-09-26 16:51:00,121.5,121.55,121.5,121.54,387.815
2026-09-26 16:52:00,121.55,121.56,121.54,121.55,496.904
2026-09-26 16:53:00,121.55,121.61,121.53,121.54,728.811
2026-09-26 16:54:00,121.54,121.61,121.53,121.6,615.014
2026-09-26 16:55:00,121.6,121.6,121.56,121.59,353.963
2026-09-26 16:56:00,121.59,121.59,121.5,121.56,759.367
2026-09-26 16:57:00,121.56,121.61,121.5,121.58,1166.11
2026-09-26 16:58:00,121.59,121.59,121.56,121.57,392.492
2026-09-26 16:59:00,121.56,121.64,121.56,121.64,412.989
2026-09-26 17:00:00,121.64,121.64,121.56,121.57,577.395
2026-09-26 17:01:00,121.57,121.64,121.57,121.62,594.994
2026-09-26 17:02:00,121.62,121.62,121.52,121.52,974.423
2026-09-26 17:03:00,121.53,121.53,121.42,121.42,669.714
2026-09-26 17:04:00,121.42,121.43,121.36,121.43,1610.769
2026-09-26 17:05:00,121.42,121.42,121.33,121.34,1850.96
2026-09-26 17:06:00,121.34,121.36,121.31,121.34,879.44
2026-09-26 17:07:00,121.34,121.34,120.96,121.09,39542.812
2026-09-26 17:08:00,121.08,121.2,120.99,121.15,27521.853
2026-09-26 17:09:00,121.14,121.16,121.13,121.16,650.823
2026-09-26 17:10:00,121.16,121.16,121.04,121.04,1231.48
2026-09-26 17:11:00,121.04,121.06,121.01,121.06,1038.432
2026-09-26 17:12:00,121.06,121.12,121.05,121.07,949.826
2026-09-26 17:13:00,121.07,121.11,121.06,121.08,469.011
2026-09-26 17:14:00,121.09,121.13,121.08,121.13,898.446
2026-09-26 17:15:00,121.13,121.13,121.0,121.04,1222.675
2026-09-26 17:16:00,121.03,121.05,121.02,121.04,827.945
2026-09-26 17:17:00,121.05,121.1,121.04,121.06,1018.356
2026-09-26 17:18:00,121.06,121.12,121.06,121.11,689.262
2026-09-26 17:19:00,121.12,121.12,121.0,121.06,1406.035
2026-09-26 17:20:00,121.06,121.08,121.03,121.06,1038.049
2026-09-26 17:21:00,121.06,121.07,121.0,121.0,681.215
2026-09-26 17:22:00,121.01,121.1,120.99,121.1,866.977
2026-09-26 17:23:00,121.1,121.15,121.1,121.13,678.281
2026-09-26 17:24:00,121.13,121.15,121.12,121.14,426.653
2026-09-26 17:25:00,121.14,121.26,121.14,121.25,1009.74
2026-09-26 17:26:00,121.26,121.3,121.16,121.24,1774.797
2026-09-26 17:27:00,121.24,121.31,121.23,121.31,782.994
2026-09-26 17:28:00,121.3,121.33,121.25,121.29,3749.013
2026-09-26 17:29:00,121.29,121.3,121.26,121.27,501.476
2026-09-26 17:30:00,121.27,121.3,121.22,121.22,1288.991
2026-09-26 17:31:00,121.23,121.25,121.2,121.23,646.444
2026-09-26 17:32:00,121.23,121.24,121.19,121.21,872.555
2026-09-26 17:33:00,121.21,121.22,121.16,121.17,582.774
2026-09-26 17:34:00,121.17,121.17,121.06,121.07,1180.887
2026-09-26 17:35:00,121.06,121.14,121.06,121.11,653.49
2026-09-26 17:36:00,121.12,121.21,121.12,121.21,320.481
2026-09-26 17:37:00,121.2,121.25,121.2,121.25,388.984
2026-09-26 17:38:00,121.25,121.25,121.2,121.24,617.447
2026-09-26 17:39:00,121.24,121.36,121.23,121.36,806.57
2026-09-26 17:40:00,121.37,121.37,121.22,121.27,1615.345
2026-09-26 17:41:00,121.28,121.28,121.15,121.18,687.397
2026-09-26 17:42:00,121.18,121.24,121.18,121.23,678.017
2026-09-26 17:43:00,121.24,121.27,121.23,121.26,646.81
2026-09-26 17:44:00,121.26,121.4,121.26,121.4,1532.462
2026-09-26 17:45:00,121.4,121.45,121.4,121.45,811.452
2026-09-26 17:46:00,121.44,121.45,121.38,121.4,469.619
2026-09-26 17:47:00,121.4,121.44,121.39,121.43,288.557
2026-09-26 17:48:00,121.43,121.48,121.43,121.47,375.362
2026-09-26 17:49:00,121.47,121.48,121.38,121.39,1790.262
2026-09-26 17:50:00,121.39,121.39,121.33,121.36,618.4
2026-09-26 17:51:00,121.35,121.38,121.35,121.38,289.066
2026-09-26 17:52:00,121.38,121.42,121.36,121.36,240.279
2026-09-26 17:53:00,121.37,121.4,121.36,121.4,252.72
2026-09-26 17:54:00,121.39,121.41,121.37,121.41,304.381
2026-09-26 17:55:00,121.4,121.44,121.4,121.44,293.993
2026-09-26 17:56:00,121.44,121.52,121.42,121.51,928.129
2026-09-26 17:57:00,121.51,121.58,121.49,121.49,1361.068
2026-09-26 17:58:00,121.5,121.51,121.49,121.49,528.439
2026-09-26 17:59:00,121.49,121.5,121.48,121.5,271.253
2026-09-26 18:00:00,121.5,121.5,121.43,121.44,746.72
2026-09-26 18:01:00,121.43,121.51,121.42,121.42,721.72
2026-09-26 18:02:00,121.43,121.58,121.43,121.57,613.202
2026-09-26 18:03:00,121.57,121.59,121.52,121.58,779.939
2026-09-26 18:04:00,121.59,121.68,121.58,121.63,1320.472
2026-09-26 18:05:00,121.63,121.65,121.58,121.63,491.024
2026-09-26 18:06:00,121.62,121.63,121.5,121.51,477.138
2026-09-26 18:07:00,121.51,121.53,121.34,121.39,2008.377
2026-09-26 18:08:00,121.39,121.43,121.38,121.42,723.953
2026-09-26 18:09:00,121.42,121.43,121.4,121.43,269.07
2026-09-26 18:10:00,121.43,121.43,121.4,121.4,359.751
2026-09-26 18:11:00,121.41,121.43,121.37,121.43,505.425
2026-09-26 18:12:00,121.43,121.43,121.42,121.43,248.12
2026-09-26 18:13:00,121.42,121.47,121.42,121.46,790.323
2026-09-26 18:14:00,121.47,121.49,121.41,121.42,548.924
2026-09-26 18:15:00,121.41,121.42,121.28,121.32,1655.319
2026-09-26 18:16:00,121.32,121.37,121.32,121.33,563.125
2026-09-26 18:17:00,121.34,121.36,121.3,121.31,435.43
2026-09-26 18:18:00,121.31,121.36,121.31,121.34,345.78
2026-09-26 18:19:00,121.33,121.34,121.25,121.31,1369.94
2026-09-26 18:20:00,121.31,121.32,121.31,121.32,400.658
2026-09-26 18:21:00,121.31,121.37,121.31,121.37,724.158
2026-09-26 18:22:00,121.36,121.45,121.36,121.39,560.873
2026-09-26 18:23:00,121.4,121.41,121.34,121.34,417.121
2026-09-26 18:24:00,121.34,121.34,121.31,121.31,708.823
2026-09-26 18:25:00,121.31,121.37,121.3,121.34,413.154
2026-09-26 18:26:00,121.33,121.36,121.33,121.36,374.087
2026-09-26 18:27:00,121.36,121.4,121.35,121.4,414.834
2026-09-26 18:28:00,121.4,121.4,121.36,121.37,571.971
2026-09-26 18:29:00,121.36,121.36,121.33,121.34,276.313
2026-09-26 18:30:00,121.34,121.36,121.32,121.33,407.926
2026-09-26 18:31:00,121.32,121.34,121.3,121.33,1079.019
2026-09-26 18:32:00,121.33,121.38,121.32,121.34,921.788
2026-09-26 18:33:00,121.34,121.34,121.14,121.29,4370.96
2026-09-26 18:34:00,121.28,121.29,121.22,121.23,647.241
2026-09-26 18:35:00,121.22,121.28,121.22,121.23,442.282
2026-09-26 18:36:00,121.24,121.25,121.2,121.2,541.076
2026-09-26 18:37:00,121.2,121.2,121.17,121.18,341.929
2026-09-26 18:38:00,121.18,121.18,121.12,121.13,652.052
2026-09-26 18:39:00,121.13,121.14,121.1,121.11,594.182
2026-09-26 18:40:00,121.11,121.12,121.08,121.11,609.523
2026-09-26 18:41:00,121.12,121.18,121.1,121.18,1775.779
2026-09-26 18:42:00,121.18,121.19,121.17,121.19,483.695
2026-09-26 18:43:00,121.18,121.19,121.17,121.17,721.521
2026-09-26 18:44:00,121.17,121.18,121.04,121.08,2610.863
2026-09-26 18:45:00,121.08,121.12,121.03,121.04,1596.384
2026-09-26 18:46:00,121.03,121.04,120.99,121.03,1340.558
2026-09-26 18:47:00,121.04,121.04,120.99,121.0,1153.315
2026-09-26 18:48:00,120.99,121.0,120.93,120.96,1544.889
2026-09-26 18:49:00,120.96,121.01,120.93,120.93,3819.542
2026-09-26 18:50:00,120.93,120.94,120.88,120.89,7496.428
2026-09-26 18:51:00,120.89,120.92,120.81,120.91,3118.775
2026-09-26 18:52:00,120.91,120.99,120.85,120.99,1262.454
2026-09-26 18:53:00,120.99,121.06,120.98,121.06,900.965
2026-09-26 18:54:00,121.06,121.1,121.05,121.1,517.945
2026-09-26 18:55:00,121.1,121.1,121.08,121.09,400.786
2026-09-26 18:56:00,121.08,121.09,121.04,121.06,1323.928
2026-09-26 18:57:00,121.06,121.07,121.04,121.04,516.859
2026-09-26 18:58:00,121.04,121.05,121.01,121.04,415.734
2026-09-26 18:59:00,121.05,121.06,121.04,121.06,262.253
2026-09-26 19:00:00,121.06,121.15,121.05,121.14,501.807
2026-09-26 19:01:00,121.15,121.24,121.14,121.23,655.379
2026-09-26 19:02:00,121.24,121.24,121.23,121.23,393.246
2026-09-26 19:03:00,121.24,121.24,121.2,121.2,356.548
2026-09-26 19:04:00,121.21,121.21,121.18,121.18,304.589
2026-09-26 19:05:00,121.18,121.26,121.18,121.26,601.607
2026-09-26 19:06:00,121.26,121.29,121.24,121.28,454.434
2026-09-26 19:07:00,121.28,121.28,121.22,121.28,494.632
2026-09-26 19:08:00,121.27,121.28,121.26,121.27,316.217
2026-09-26 19:09:00,121.28,121.31,121.19,121.22,694.278
2026-09-26 19:10:00,121.22,121.27,121.2,121.27,371.775
2026-09-26 19:11:00,121.27,121.29,121.26,121.26,711.348
2026-09-26 19:12:00,121.26,121.29,121.26,121.28,310.103
2026-09-26 19:13:00,121.28,121.28,121.24,121.25,368.858
2026-09-26 19:14:00,121.25,121.25,121.23,121.24,396.2
2026-09-26 19:15:00,121.24,121.24,121.23,121.24,276.642
2026-09-26 19:16:00,121.24,121.25,121.18,121.25,490.702
2026-09-26 19:17:00,121.24,121.3,121.23,121.28,415.756
2026-09-26 19:18:00,121.27,121.28,121.24,121.25,472.03
2026-09-26 19:19:00,121.25,121.28,121.22,121.23,393.933
2026-09-26 19:20:00,121.22,121.24,121.17,121.18,563.664
2026-09-26 19:21:00,121.18,121.23,121.18,121.23,347.558
2026-09-26 19:22:00,121.22,121.26,121.22,121.24,347.008
2026-09-26 19:23:00,121.24,121.24,121.22,121.23,345.048
2026-09-26 19:24:00,121.22,121.23,121.21,121.22,282.88
2026-09-26 19:25:00,121.22,121.23,121.21,121.22,354.013
2026-09-26 19:26:00,121.23,121.23,121.18,121.18,659.917
2026-09-26 19:27:00,121.18,121.21,121.15,121.21,323.887
2026-09-26 19:28:00,121.21,121.23,121.2,121.23,265.853
2026-09-26 19:29:00,121.23,121.23,121.22,121.23,428.24
2026-09-26 19:30:00,121.23,121.23,121.15,121.16,492.758
2026-09-26 19:31:00,121.16,121.17,121.1,121.11,646.595
2026-09-26 19:32:00,121.11,121.11,121.04,121.08,818.046
2026-09-26 19:33:00,121.08,121.08,121.07,121.08,310.762
2026-09-26 19:34:00,121.08,121.11,121.04,121.11,444.815
2026-09-26 19:35:00,121.11,121.15,121.11,121.15,455.303
2026-09-26 19:36:00,121.15,121.15,121.1,121.11,550.554
2026-09-26 19:37:00,121.1,121.12,121.07,121.08,316.955
2026-09-26 19:38:00,121.08,121.08,120.94,121.0,1658.712
2026-09-26 19:39:00,121.0,121.03,120.99,121.01,897.859
2026-09-26 19:40:00,121.0,121.05,120.82,121.0,2877.212
2026-09-26 19:41:00,121.0,121.07,120.99,121.06,446.904
2026-09-26 19:42:00,121.06,121.09,121.0,121.08,1567.653
2026-09-26 19:43:00,121.09,121.1,121.09,121.1,252.709
2026-09-26 19:44:00,121.09,121.13,121.09,121.13,457.78
2026-09-26 19:45:00,121.13,121.13,121.12,121.13,336.841
2026-09-26 19:46:00,121.13,121.13,121.12,121.12,346.669
2026-09-26 19:47:00,121.13,121.13,121.11,121.12,364.775
2026-09-26 19:48:00,121.12,121.16,121.12,121.15,501.035
2026-09-26 19:49:00,121.16,121.16,121.14,121.15,267.958
2026-09-26 19:50:00,121.15,121.15,121.09,121.1,377.081
2026-09-26 19:51:00,121.1,121.1,121.06,121.07,407.094
2026-09-26 19:52:00,121.07,121.09,121.02,121.08,534.381
2026-09-26 19:53:00,121.09,121.09,121.06,121.08,516.473
2026-09-26 19:54:00,121.09,121.11,121.08,121.11,312.169
2026-09-26 19:55:00,121.1,121.13,121.1,121.13,376.077
2026-09-26 19:56:00,121.13,121.15,121.12,121.15,522.783
2026-09-26 19:57:00,121.15,121.15,121.14,121.15,311.077
2026-09-26 19:58:00,121.15,121.15,121.14,121.15,211.889
2026-09-26 19:59:00,121.15,121.15,121.11,121.14,623.33
2026-09-26 20:00:00,121.15,121.16,121.07,121.07,1113.159
2026-09-26 20:01:00,121.07,121.09,121.04,121.08,1023.023
2026-09-26 20:02:00,121.09,121.18,121.09,121.17,295.978
2026-09-26 20:03:00,121.18,121.18,121.14,121.15,377.799
2026-09-26 20:04:00,121.15,121.15,121.01,121.05,660.543
2026-09-26 20:05:00,121.05,121.11,121.04,121.11,461.88
2026-09-26 20:06:00,121.1,121.18,121.09,121.1,664.969
2026-09-26 20:07:00,121.1,121.1,121.04,121.07,717.385
2026-09-26 20:08:00,121.08,121.08,120.97,120.98,541.635
2026-09-26 20:09:00,120.97,120.98,120.74,120.83,1529.371
2026-09-26 20:10:00,120.82,120.97,120.82,120.96,766.477
2026-09-26 20:11:00,120.96,121.0,120.95,120.98,657.307
2026-09-26 20:12:00,120.99,121.0,120.95,120.96,459.696
2026-09-26 20:13:00,120.96,120.99,120.93,120.95,827.824
2026-09-26 20:14:00,120.95,121.0,120.93,121.0,609.969
2026-09-26 20:15:00,121.0,121.05,120.99,121.05,576.272
2026-09-26 20:16:00,121.05,121.06,121.03,121.05,528.438
2026-09-26 20:17:00,121.06,121.07,121.01,121.07,592.871
2026-09-26 20:18:00,121.06,121.07,121.03,121.04,464.31
2026-09-26 20:19:00,121.04,121.05,120.97,121.02,687.1
2026-09-26 20:20:00,121.01,121.01,120.93,120.93,779.685
2026-09-26 20:21:00,120.93,121.0,120.91,121.0,745.569
2026-09-26 20:22:00,121.0,121.04,120.99,121.01,2993.437
2026-09-26 20:23:00,121.01,121.08,121.01,121.08,245.029
2026-09-26 20:24:00,121.08,121.15,121.07,121.15,429.497
2026-09-26 20:25:00,121.16,121.26,121.16,121.25,502.444
2026-09-26 20:26:00,121.25,121.28,121.24,121.26,1202.072
2026-09-26 20:27:00,121.26,121.34,121.23,121.31,1718.906
2026-09-26 20:28:00,121.33,121.56,121.3,121.37,5801.306
2026-09-26 20:29:00,121.38,121.43,121.35,121.41,1202.331
2026-09-26 20:30:00,121.42,121.49,121.41,121.47,641.33
2026-09-26 20:31:00,121.47,121.47,121.39,121.45,557.647
2026-09-26 20:32:00,121.44,121.44,121.39,121.43,642.656
2026-09-26 20:33:00,121.44,121.47,121.32,121.35,1355.916
2026-09-26 20:34:00,121.36,121.36,121.34,121.36,392.867
2026-09-26 20:35:00,121.36,121.39,121.3,121.36,1320.434
2026-09-26 20:36:00,121.35,121.4,121.33,121.34,806.0
2026-09-26 20:37:00,121.34,121.34,121.22,121.24,745.207
2026-09-26 20:38:00,121.23,121.24,121.11,121.14,868.8
2026-09-26 20:39:00,121.14,121.16,120.85,120.85,1591.421
2026-09-26 20:40:00,120.85,120.85,120.38,120.46,8979.493
2026-09-26 20:41:00,120.46,120.6,120.34,120.6,3568.157
2026-09-26 20:42:00,120.59,120.6,120.35,120.42,3222.516
2026-09-26 20:43:00,120.42,120.48,120.37,120.37,4277.545
2026-09-26 20:44:00,120.37,120.52,120.28,120.52,2598.494
2026-09-26 20:45:00,120.53,120.73,120.52,120.66,1476.997
2026-09-26 20:46:00,120.66,120.68,120.55,120.57,1067.845
2026-09-26 20:47:00,120.56,120.56,120.21,120.29,4190.931
2026-09-26 20:48:00,120.29,120.32,120.2,120.27,4055.717
2026-09-26 20:49:00,120.27,120.27,120.07,120.08,4347.03
2026-09-26 20:50:00,120.08,120.33,120.08,120.29,2152.755
2026-09-26 20:51:00,120.28,120.35,120.24,120.27,1986.545
2026-09-26 20:52:00,120.27,120.36,120.22,120.36,1072.506
2026-09-26 20:53:00,120.36,120.47,120.36,120.47,607.838
2026-09-26 20:54:00,120.47,120.48,120.42,120.47,840.137
2026-09-26 20:55:00,120.48,120.58,120.48,120.57,818.995
2026-09-26 20:56:00,120.57,120.59,120.48,120.54,873.996
2026-09-26 20:57:00,120.54,120.54,120.32,120.38,1415.624
2026-09-26 20:58:00,120.39,120.41,120.37,120.38,207.136
2026-09-26 20:59:00,120.38,120.38,120.34,120.35,504.223
2026-09-26 21:00:00,120.36,120.38,120.29,120.37,1290.513
2026-09-26 21:01:00,120.36,120.38,120.29,120.37,695.381
2026-09-26 21:02:00,120.38,120.56,120.37,120.49,1369.089
2026-09-26 21:03:00,120.49,120.65,120.49,120.64,782.304
2026-09-26 21:04:00,120.63,120.77,120.61,120.68,1580.468
2026-09-26 21:05:00,120.69,120.82,120.69,120.79,2270.028
2026-09-26 21:06:00,120.79,120.79,120.69,120.75,2293.401
2026-09-26 21:07:00,120.74,120.74,120.59,120.69,3134.009
2026-09-26 21:08:00,120.68,120.71,120.6,120.62,945.321
2026-09-26 21:09:00,120.63,120.69,120.63,120.64,711.051
2026-09-26 21:10:00,120.63,120.66,120.61,120.66,773.926
2026-09-26 21:11:00,120.66,120.69,120.65,120.68,921.665
2026-09-26 21:12:00,120.68,120.8,120.68,120.79,265.06
2026-09-26 21:13:00,120.8,120.87,120.76,120.77,1416.874
2026-09-26 21:14:00,120.77,120.8,120.74,120.75,831.592
2026-09-26 21:15:00,120.75,120.84,120.75,120.82,445.88
2026-09-26 21:16:00,120.82,120.89,120.82,120.88,705.346
2026-09-26 21:17:00,120.88,120.98,120.87,120.95,872.904
2026-09-26 21:18:00,120.95,120.99,120.95,120.99,775.561
2026-09-26 21:19:00,120.98,121.04,120.97,121.01,1614.025
2026-09-26 21:20:00,121.01,121.04,120.94,120.94,1456.734
2026-09-26 21:21:00,120.93,120.97,120.89,120.91,640.799
2026-09-26 21:22:00,120.92,121.0,120.91,120.99,658.097
2026-09-26 21:23:00,121.0,121.06,120.99,121.02,587.711
2026-09-26 21:24:00,121.03,121.09,121.02,121.09,174.301
2026-09-26 21:25:00,121.08,121.25,121.08,121.24,1678.513
2026-09-26 21:26:00,121.24,121.34,121.24,121.34,478.416
2026-09-26 21:27:00,121.34,121.39,121.34,121.37,1654.977
2026-09-26 21:28:00,121.36,121.38,121.3,121.34,1060.927
2026-09-26 21:29:00,121.33,121.57,121.33,121.55,7023.679
2026-09-26 21:30:00,121.54,121.6,121.48,121.48,1465.798
2026-09-26 21:31:00,121.48,121.58,121.48,121.54,620.633
2026-09-26 21:32:00,121.54,121.59,121.53,121.56,635.17
2026-09-26 21:33:00,121.57,121.57,121.54,121.56,2392.991
2026-09-26 21:34:00,121.56,121.72,121.56,121.69,3361.422
2026-09-26 21:35:00,121.68,121.68,121.55,121.55,835.064
2026-09-26 21:36:00,121.56,121.56,121.42,121.42,1200.15
2026-09-26 21:37:00,121.43,121.43,121.4,121.4,406.988
2026-09-26 21:38:00,121.41,121.43,121.37,121.37,554.583
2026-09-26 21:39:00,121.36,121.41,121.36,121.38,928.839
2026-09-26 21:40:00,121.37,121.37,121.28,121.29,630.823
2026-09-26 21:41:00,121.3,121.34,121.29,121.33,445.201
2026-09-26 21:42:00,121.33,121.38,121.32,121.38,365.665
2026-09-26 21:43:00,121.37,121.47,121.37,121.4,1232.298
2026-09-26 21:44:00,121.39,121.44,121.37,121.42,463.083
2026-09-26 21:45:00,121.42,121.42,121.3,121.31,425.7
2026-09-26 21:46:00,121.31,121.35,121.3,121.34,431.011
2026-09-26 21:47:00,121.34,121.34,121.33,121.34,191.816
2026-09-26 21:48:00,121.34,121.37,121.33,121.35,402.1
2026-09-26 21:49:00,121.35,121.36,121.33,121.33,575.842
2026-09-26 21:50:00,121.33,121.34,121.17,121.21,1181.935
2026-09-26 21:51:00,121.21,121.22,121.19,121.21,153.308
2026-09-26 21:52:00,121.21,121.32,121.21,121.28,748.736
2026-09-26 21:53:00,121.27,121.27,121.14,121.21,488.203
2026-09-26 21:54:00,121.2,121.26,121.2,121.21,498.896
2026-09-26 21:55:00,121.21,121.22,121.2,121.2,177.835
2026-09-26 21:56:00,121.2,121.21,121.13,121.19,491.708
2026-09-26 21:57:00,121.2,121.26,121.19,121.26,233.254
2026-09-26 21:58:00,121.26,121.31,121.26,121.3,742.21
2026-09-26 21:59:00,121.31,121.32,121.3,121.32,48.088
2026-09-26 22:00:00,121.32,121.33,121.26,121.32,969.338
2026-09-26 22:01:00,121.33,121.53,121.32,121.43,1562.733
2026-09-26 22:02:00,121.43,121.44,121.32,121.33,1411.363
2026-09-26 22:03:00,121.33,121.34,121.22,121.33,2776.558
2026-09-26 22:04:00,121.33,121.46,121.32,121.44,6213.593
2026-09-26 22:05:00,121.43,121.54,121.42,121.51,3113.127
2026-09-26 22:06:00,121.51,121.83,121.51,121.65,3226.844
2026-09-26 22:07:00,121.64,121.65,121.55,121.56,577.825
2026-09-26 22:08:00,121.56,121.7,121.51,121.69,3538.094
2026-09-26 22:09:00,121.7,121.7,121.64,121.69,211.473
2026-09-26 22:10:00,121.7,121.71,121.65,121.65,461.112
2026-09-26 22:11:00,121.65,121.72,121.65,121.72,378.694
2026-09-26 22:12:00,121.71,121.78,121.7,121.75,1488.634
2026-09-26 22:13:00,121.75,121.77,121.72,121.74,375.826
2026-09-26 22:14:00,121.73,121.74,121.68,121.73,723.685
2026-09-26 22:15:00,121.74,121.76,121.73,121.75,382.236
2026-09-26 22:16:00,121.74,121.77,121.74,121.75,275.502
2026-09-26 22:17:00,121.74,121.74,121.59,121.61,371.692
2026-09-26 22:18:00,121.61,121.67,121.59,121.59,1858.14
2026-09-26 22:19:00,121.58,121.6,121.55,121.6,196.901
2026-09-26 22:20:00,121.61,121.61,121.48,121.5,362.849
2026-09-26 22:21:00,121.49,121.52,121.48,121.52,162.53
2026-09-26 22:22:00,121.52,121.52,121.47,121.48,442.571
2026-09-26 22:23:00,121.49,121.52,121.45,121.47,614.572
2026-09-26 22:24:00,121.47,121.57,121.47,121.53,695.714
2026-09-26 22:25:00,121.53,121.53,121.48,121.52,228.079
2026-09-26 22:26:00,121.51,121.54,121.5,121.5,126.174
2026-09-26 22:27:00,121.5,121.5,121.45,121.45,138.415
2026-09-26 22:28:00,121.46,121.55,121.46,121.53,931.331
2026-09-26 22:29:00,121.54,121.54,121.48,121.49,398.304
2026-09-26 22:30:00,121.48,121.5,121.43,121.49,378.263
2026-09-26 22:31:00,121.49,121.51,121.43,121.44,100.03
2026-09-26 22:32:00,121.43,121.47,121.43,121.46,153.803
2026-09-26 22:33:00,121.46,121.46,121.39,121.43,189.033
2026-09-26 22:34:00,121.43,121.43,121.39,121.39,313.605
2026-09-26 22:35:00,121.38,121.41,121.38,121.4,158.103
2026-09-26 22:36:00,121.39,121.39,121.34,121.35,444.542
2026-09-26 22:37:00,121.35,121.35,121.32,121.33,494.558
2026-09-26 22:38:00,121.32,121.33,121.3,121.31,347.662
2026-09-26 22:39:00,121.31,121.31,121.22,121.26,985.334
2026-09-26 22:40:00,121.26,121.27,121.16,121.18,1005.347
2026-09-26 22:41:00,121.19,121.19,121.18,121.18,65.311
2026-09-26 22:42:00,121.18,121.22,121.18,121.19,272.017
2026-09-26 22:43:00,121.2,121.21,121.17,121.18,274.764
2026-09-26 22:44:00,121.17,121.18,121.09,121.1,1093.324
2026-09-26 22:45:00,121.1,121.13,121.09,121.12,533.394
2026-09-26 22:46:00,121.12,121.12,121.1,121.11,273.806
2026-09-26 22:47:00,121.1,121.14,121.1,121.13,176.715
2026-09-26 22:48:00,121.13,121.16,121.12,121.16,204.894
2026-09-26 22:49:00,121.16,121.2,121.15,121.2,4710.252
2026-09-26 22:50:00,121.2,121.22,121.19,121.21,396.62
2026-09-26 22:51:00,121.22,121.33,121.22,121.28,753.736
2026-09-26 22:52:00,121.28,121.3,121.25,121.29,392.096
2026-09-26 22:53:00,121.29,121.3,121.25,121.26,227.978
2026-09-26 22:54:00,121.26,121.26,121.17,121.17,566.613
2026-09-26 22:55:00,121.17,121.19,121.12,121.19,339.215
2026-09-26 22:56:00,121.18,121.2,121.13,121.14,524.443
2026-09-26 22:57:00,121.14,121.16,121.13,121.14,310.402
2026-09-26 22:58:00,121.13,121.13,121.12,121.12,176.234
2026-09-26 22:59:00,121.13,121.15,121.13,121.14,196.787
2026-09-26 23:00:00,121.14,121.21,121.14,121.2,202.9
2026-09-26 23:01:00,121.21,121.3,121.21,121.3,255.225
2026-09-26 23:02:00,121.3,121.34,121.29,121.34,311.688
2026-09-26 23:03:00,121.35,121.47,121.35,121.45,466.895
2026-09-26 23:04:00,121.44,121.47,121.4,121.46,860.247
2026-09-26 23:05:00,121.45,121.45,121.38,121.41,571.888
2026-09-26 23:06:00,121.42,121.46,121.41,121.45,262.206
2026-09-26 23:07:00,121.46,121.47,121.43,121.44,203.578
2026-09-26 23:08:00,121.44,121.44,121.43,121.43,51.63
2026-09-26 23:09:00,121.44,121.49,121.44,121.49,189.065
2026-09-26 23:10:00,121.48,121.52,121.48,121.5,233.669
2026-09-26 23:11:00,121.51,121.55,121.51,121.52,966.567
2026-09-26 23:12:00,121.51,121.52,121.5,121.52,78.549
2026-09-26 23:13:00,121.52,121.52,121.5,121.51,366.986
2026-09-26 23:14:00,121.52,121.67,121.51,121.65,926.787
2026-09-26 23:15:00,121.65,121.68,121.64,121.65,572.432
2026-09-26 23:16:00,121.64,121.64,121.55,121.63,898.589
2026-09-26 23:17:00,121.62,121.69,121.62,121.67,1172.286
2026-09-26 23:18:00,121.68,121.7,121.66,121.66,672.729
2026-09-26 23:19:00,121.67,121.71,121.65,121.71,647.739
2026-09-26 23:20:00,121.71,121.79,121.7,121.79,757.053
2026-09-26 23:21:00,121.78,121.83,121.78,121.79,372.482
2026-09-26 23:22:00,121.79,121.79,121.64,121.69,676.591
2026-09-26 23:23:00,121.68,121.68,121.63,121.66,255.447
2026-09-26 23:24:00,121.65,121.66,121.61,121.61,311.116
2026-09-26 23:25:00,121.61,121.62,121.58,121.59,412.926
2026-09-26 23:26:00,121.59,121.59,121.51,121.52,398.582
2026-09-26 23:27:00,121.52,121.52,121.5,121.51,226.754
2026-09-26 23:28:00,121.52,121.52,121.49,121.5,537.404
2026-09-26 23:29:00,121.5,121.56,121.49,121.51,1341.475
2026-09-26 23:30:00,121.52,121.52,121.51,121.51,100.888
2026-09-26 23:31:00,121.52,121.53,121.42,121.42,541.743
2026-09-26 23:32:00,121.43,121.45,121.42,121.45,176.457
2026-09-26 23:33:00,121.44,121.49,121.44,121.49,427.578
2026-09-26 23:34:00,121.49,121.52,121.48,121.51,472.12
2026-09-26 23:35:00,121.52,121.53,121.46,121.49,390.328
2026-09-26 23:36:00,121.49,121.52,121.46,121.47,704.496
2026-09-26 23:37:00,121.46,121.51,121.44,121.46,659.585
2026-09-26 23:38:00,121.46,121.47,121.41,121.45,343.591
2026-09-26 23:39:00,121.45,121.47,121.4,121.44,950.998
2026-09-26 23:40:00,121.44,121.46,121.43,121.44,516.42
2026-09-26 23:41:00,121.44,121.45,121.38,121.39,163.227
2026-09-26 23:42:00,121.38,121.39,121.36,121.36,374.174
2026-09-26 23:43:00,121.35,121.35,121.26,121.27,564.033
2026-09-26 23:44:00,121.27,121.3,121.15,121.26,1830.838
2026-09-26 23:45:00,121.26,121.27,121.22,121.26,431.201
2026-09-26 23:46:00,121.26,121.33,121.25,121.29,674.871
2026-09-26 23:47:00,121.28,121.32,121.28,121.31,471.123
2026-09-26 23:48:00,121.31,121.4,121.31,121.4,665.486
2026-09-26 23:49:00,121.39,121.43,121.39,121.43,236.472
2026-09-26 23:50:00,121.43,121.43,121.41,121.43,170.5
2026-09-26 23:51:00,121.43,121.47,121.4,121.45,822.437
2026-09-26 23:52:00,121.45,121.45,121.41,121.43,498.009
2026-09-26 23:53:00,121.43,121.45,121.42,121.44,211.627
2026-09-26 23:54:00,121.45,121.49,121.45,121.45,400.671
2026-09-26 23:55:00,121.45,121.47,121.44,121.47,243.889
2026-09-26 23:56:00,121.46,121.47,121.46,121.47,91.966
2026-09-26 23:57:00,121.47,121.47,121.46,121.46,158.089
2026-09-26 23:58:00,121.47,121.47,121.42,121.44,517.534
2026-09-26 23:59:00,121.45,121.49,121.41,121.41,391.354
2026-09-27 00:00:00,121.41,121.43,121.38,121.43,1201.068
2026-09-27 00:01:00,121.43,121.44,121.32,121.32,340.194
2026-09-27 00:02:00,121.33,121.33,121.26,121.27,492.594
2026-09-27 00:03:00,121.28,121.33,121.23,121.24,621.683
2026-09-27 00:04:00,121.23,121.23,121.12,121.16,659.517
2026-09-27 00:05:00,121.17,121.2,121.14,121.14,671.683
2026-09-27 00:06:00,121.14,121.17,121.11,121.12,266.558
2026-09-27 00:07:00,121.12,121.14,121.1,121.13,222.06
2026-09-27 00:08:00,121.14,121.17,121.1,121.17,170.536
2026-09-27 00:09:00,121.17,121.28,121.17,121.28,976.682
2026-09-27 00:10:00,121.27,121.28,121.19,121.2,251.91
2026-09-27 00:11:00,121.2,121.2,121.13,121.13,171.775
2026-09-27 00:12:00,121.14,121.15,121.13,121.14,230.491
2026-09-27 00:13:00,121.14,121.14,121.1,121.11,243.503
2026-09-27 00:14:00,121.11,121.11,121.1,121.1,35.43
2026-09-27 00:15:00,121.1,121.11,120.98,120.98,692.907
2026-09-27 00:16:00,120.98,121.0,120.92,120.95,709.903
2026-09-27 00:17:00,120.95,120.97,120.94,120.94,184.454
2026-09-27 00:18:00,120.95,120.95,120.89,120.89,853.587
2026-09-27 00:19:00,120.9,120.9,120.77,120.77,1326.258
2026-09-27 00:20:00,120.77,120.84,120.77,120.83,1409.921
2026-09-27 00:21:00,120.83,120.87,120.82,120.83,394.116
2026-09-27 00:22:00,120.83,120.92,120.82,120.86,867.437
2026-09-27 00:23:00,120.87,120.89,120.84,120.87,1110.461
2026-09-27 00:24:00,120.86,120.87,120.82,120.84,468.173
2026-09-27 00:25:00,120.84,120.9,120.84,120.89,195.589
2026-09-27 00:26:00,120.89,120.9,120.85,120.85,286.486
2026-09-27 00:27:00,120.86,120.86,120.84,120.84,171.215
2026-09-27 00:28:00,120.84,120.91,120.84,120.91,430.322
2026-09-27 00:29:00,120.9,120.91,120.87,120.89,225.31
2026-09-27 00:30:00,120.9,120.91,120.89,120.9,278.014
2026-09-27 00:31:00,120.9,121.03,120.9,120.99,799.889
2026-09-27 00:32:00,120.98,121.1,120.97,121.09,4964.821
2026-09-27 00:33:00,121.08,121.14,121.01,121.14,580.291
2026-09-27 00:34:00,121.13,121.16,121.12,121.14,281.195
2026-09-27 00:35:00,121.14,121.18,121.11,121.17,477.908
2026-09-27 00:36:00,121.18,121.18,121.05,121.06,659.058
2026-09-27 00:37:00,121.05,121.05,121.0,121.0,273.184
2026-09-27 00:38:00,121.01,121.1,120.98,121.1,855.071
2026-09-27 00:39:00,121.1,121.11,121.05,121.07,1312.28
2026-09-27 00:40:00,121.07,121.08,121.07,121.07,213.052
2026-09-27 00:41:00,121.08,121.08,121.01,121.02,267.336
2026-09-27 00:42:00,121.01,121.05,121.01,121.02,647.608
2026-09-27 00:43:00,121.02,121.04,121.01,121.04,78.669
2026-09-27 00:44:00,121.04,121.04,121.01,121.02,244.414
2026-09-27 00:45:00,121.02,121.08,121.02,121.05,253.874
2026-09-27 00:46:00,121.05,121.05,120.94,120.95,1220.7
2026-09-27 00:47:00,120.94,120.94,120.91,120.92,159.721
2026-09-27 00:48:00,120.93,120.93,120.92,120.92,234.333
2026-09-27 00:49:00,120.93,120.93,120.82,120.82,928.057
2026-09-27 00:50:00,120.81,120.81,120.79,120.81,2918.164
2026-09-27 00:51:00,120.81,120.88,120.8,120.82,377.887
2026-09-27 00:52:00,120.81,120.82,120.75,120.79,2635.195
2026-09-27 00:53:00,120.79,120.81,120.75,120.76,516.894
2026-09-27 00:54:00,120.76,120.82,120.75,120.79,251.842
2026-09-27 00:55:00,120.79,120.79,120.72,120.79,1467.213
2026-09-27 00:56:00,120.79,120.8,120.77,120.77,1248.706
2026-09-27 00:57:00,120.78,120.8,120.72,120.79,668.582
2026-09-27 00:58:00,120.79,120.83,120.79,120.83,441.941
2026-09-27 00:59:00,120.82,120.83,120.8,120.83,574.329
2026-09-27 01:00:00,120.83,120.88,120.82,120.85,267.035
2026-09-27 01:01:00,120.84,120.85,120.77,120.82,337.724
2026-09-27 01:02:00,120.82,120.86,120.8,120.83,527.106
2026-09-27 01:03:00,120.82,120.82,120.78,120.79,173.965
2026-09-27 01:04:00,120.78,120.78,120.74,120.75,110.963
2026-09-27 01:05:00,120.74,120.75,120.66,120.73,3100.713
2026-09-27 01:06:00,120.73,120.78,120.72,120.75,372.262
2026-09-27 01:07:00,120.75,120.89,120.74,120.89,852.775
2026-09-27 01:08:00,120.88,120.89,120.88,120.88,24.712
2026-09-27 01:09:00,120.89,121.0,120.88,120.91,1601.165
2026-09-27 01:10:00,120.91,121.04,120.91,120.98,2626.275
2026-09-27 01:11:00,120.98,121.08,120.98,121.07,1757.357
2026-09-27 01:12:00,121.08,121.08,121.03,121.03,505.763
2026-09-27 01:13:00,121.03,121.04,121.02,121.04,123.97
2026-09-27 01:14:00,121.04,121.1,121.03,121.09,332.596
2026-09-27 01:15:00,121.09,121.12,121.08,121.12,831.475
2026-09-27 01:16:00,121.13,121.15,120.95,120.96,1828.155
2026-09-27 01:17:00,120.96,121.02,120.95,120.98,453.255
2026-09-27 01:18:00,120.98,120.98,120.9,120.9,290.988
2026-09-27 01:19:00,120.9,120.93,120.83,120.93,410.066
2026-09-27 01:20:00,120.92,120.92,120.87,120.9,516.904
2026-09-27 01:21:00,120.91,120.92,120.87,120.87,560.291
2026-09-27 01:22:00,120.87,120.88,120.81,120.87,686.636
2026-09-27 01:23:00,120.87,120.87,120.82,120.83,180.213
2026-09-27 01:24:00,120.82,120.84,120.78,120.79,281.282
2026-09-27 01:25:00,120.78,120.84,120.77,120.84,316.904
2026-09-27 01:26:00,120.84,120.87,120.84,120.87,119.493
2026-09-27 01:27:00,120.88,120.92,120.8,120.81,404.929
2026-09-27 01:28:00,120.8,120.87,120.79,120.84,425.38
2026-09-27 01:29:00,120.84,120.89,120.83,120.85,121.177
2026-09-27 01:30:00,120.85,120.89,120.81,120.84,272.246
2026-09-27 01:31:00,120.85,120.89,120.84,120.85,206.714
2026-09-27 01:32:00,120.85,120.89,120.85,120.86,169.497
2026-09-27 01:33:00,120.86,120.93,120.81,120.82,583.343
2026-09-27 01:34:00,120.82,120.83,120.8,120.8,176.638
2026-09-27 01:35:00,120.81,120.86,120.78,120.86,233.093
2026-09-27 01:36:00,120.86,120.86,120.85,120.85,40.34
2026-09-27 01:37:00,120.86,120.88,120.85,120.87,77.504
2026-09-27 01:38:00,120.88,120.88,120.83,120.84,229.336
2026-09-27 01:39:00,120.83,120.87,120.83,120.86,235.136
2026-09-27 01:40:00,120.86,121.0,120.86,120.95,1361.551
2026-09-27 01:41:00,120.95,121.02,120.95,121.01,272.732
2026-09-27 01:42:00,121.02,121.04,121.01,121.03,122.162
2026-09-27 01:43:00,121.03,121.06,121.02,121.06,236.186
2026-09-27 01:44:00,121.07,121.07,121.04,121.07,366.459
2026-09-27 01:45:00,121.07,121.14,121.07,121.13,387.342
2026-09-27 01:46:00,121.13,121.14,121.08,121.08,756.739
2026-09-27 01:47:00,121.08,121.12,121.06,121.12,491.793
2026-09-27 01:48:00,121.12,121.12,121.07,121.1,357.65
2026-09-27 01:49:00,121.11,121.12,121.08,121.09,291.05
2026-09-27 01:50:00,121.1,121.22,121.09,121.22,994.473
2026-09-27 01:51:00,121.22,121.44,121.2,121.42,1127.782
2026-09-27 01:52:00,121.43,121.53,121.33,121.41,2177.114
2026-09-27 01:53:00,121.41,121.59,121.4,121.46,1283.732
2026-09-27 01:54:00,121.45,121.55,121.43,121.55,882.358
2026-09-27 01:55:00,121.55,121.57,121.53,121.54,592.288
2026-09-27 01:56:00,121.54,121.54,121.45,121.46,170.815
2026-09-27 01:57:00,121.45,121.49,121.45,121.46,638.059
2026-09-27 01:58:00,121.46,121.46,121.38,121.38,580.834
2026-09-27 01:59:00,121.38,121.43,121.36,121.43,1722.334
2026-09-27 02:00:00,121.43,121.5,121.42,121.45,818.177
2026-09-27 02:01:00,121.45,121.48,121.45,121.46,147.296
2026-09-27 02:02:00,121.46,121.5,121.36,121.37,1748.696
2026-09-27 02:03:00,121.38,121.41,121.34,121.35,380.674
2026-09-27 02:04:00,121.35,121.38,121.31,121.34,2331.919
2026-09-27 02:05:00,121.34,121.35,121.33,121.34,125.428
2026-09-27 02:06:00,121.33,121.35,121.3,121.34,310.209
2026-09-27 02:07:00,121.34,121.43,121.34,121.42,421.168
2026-09-27 02:08:00,121.42,121.49,121.41,121.49,775.805
2026-09-27 02:09:00,121.49,121.59,121.49,121.59,499.467
2026-09-27 02:10:00,121.58,121.67,121.56,121.63,1943.588
2026-09-27 02:11:00,121.62,121.68,121.55,121.55,2217.214
2026-09-27 02:12:00,121.56,121.56,121.5,121.5,349.495
2026-09-27 02:13:00,121.5,121.5,121.43,121.44,610.658
2026-09-27 02:14:00,121.44,121.53,121.42,121.52,2281.542
2026-09-27 02:15:00,121.52,121.54,121.48,121.51,422.975
2026-09-27 02:16:00,121.51,121.54,121.44,121.45,502.425
2026-09-27 02:17:00,121.45,121.54,121.44,121.52,912.572
2026-09-27 02:18:00,121.52,121.57,121.51,121.51,282.342
2026-09-27 02:19:00,121.51,121.51,121.45,121.51,186.476
2026-09-27 02:20:00,121.52,121.52,121.46,121.5,310.748
2026-09-27 02:21:00,121.5,121.55,121.48,121.55,176.929
2026-09-27 02:22:00,121.55,121.62,121.49,121.53,1788.415
2026-09-27 02:23:00,121.53,121.55,121.53,121.55,135.445
2026-09-27 02:24:00,121.54,121.55,121.52,121.55,346.963
2026-09-27 02:25:00,121.54,121.65,121.53,121.64,1289.525
2026-09-27 02:26:00,121.64,121.64,121.58,121.61,375.313
2026-09-27 02:27:00,121.61,121.67,121.61,121.67,285.749
2026-09-27 02:28:00,121.66,121.68,121.6,121.64,1165.214
2026-09-27 02:29:00,121.65,121.65,121.55,121.62,1050.532
2026-09-27 02:30:00,121.62,121.62,121.58,121.61,254.894
2026-09-27 02:31:00,121.61,121.68,121.61,121.68,328.544
2026-09-27 02:32:00,121.69,121.69,121.56,121.56,1240.796
2026-09-27 02:33:00,121.57,121.58,121.56,121.56,914.2
2026-09-27 02:34:00,121.55,121.55,121.5,121.52,437.762
2026-09-27 02:35:00,121.52,121.54,121.5,121.5,582.636
2026-09-27 02:36:00,121.51,121.51,121.37,121.45,6403.281
2026-09-27 02:37:00,121.45,121.49,121.45,121.46,473.518
2026-09-27 02:38:00,121.46,121.46,121.4,121.41,443.205
2026-09-27 02:39:00,121.41,121.42,121.37,121.38,570.135
2026-09-27 02:40:00,121.38,121.39,121.37,121.38,189.382
2026-09-27 02:41:00,121.39,121.4,121.39,121.4,76.079
2026-09-27 02:42:00,121.4,121.41,121.39,121.4,105.403
2026-09-27 02:43:00,121.41,121.41,121.36,121.38,577.78
2026-09-27 02:44:00,121.38,121.4,121.38,121.4,189.073
2026-09-27 02:45:00,121.39,121.44,121.39,121.43,457.436
2026-09-27 02:46:00,121.42,121.45,121.41,121.41,307.53
2026-09-27 02:47:00,121.42,121.42,121.38,121.38,499.573
2026-09-27 02:48:00,121.39,121.39,121.26,121.26,1075.094
2026-09-27 02:49:00,121.26,121.34,121.24,121.33,1914.656
2026-09-27 02:50:00,121.33,121.43,121.33,121.42,707.866
2026-09-27 02:51:00,121.42,121.46,121.41,121.42,358.397
2026-09-27 02:52:00,121.41,121.41,121.34,121.34,609.317
2026-09-27 02:53:00,121.34,121.34,121.28,121.29,273.123
2026-09-27 02:54:00,121.28,121.29,121.23,121.23,350.659
2026-09-27 02:55:00,121.24,121.24,121.12,121.13,635.253
2026-09-27 02:56:00,121.13,121.13,121.1,121.1,368.333
2026-09-27 02:57:00,121.09,121.14,121.09,121.11,280.455
2026-09-27 02:58:00,121.1,121.14,121.1,121.12,3726.271
2026-09-27 02:59:00,121.12,121.15,121.1,121.15,256.514
2026-09-27 03:00:00,121.15,121.22,121.12,121.22,871.94
2026-09-27 03:01:00,121.22,121.22,121.17,121.18,92.878
2026-09-27 03:02:00,121.17,121.21,121.15,121.19,111.462
2026-09-27 03:03:00,121.19,121.22,121.17,121.19,528.443
2026-09-27 03:04:00,121.18,121.2,121.13,121.15,169.069
2026-09-27 03:05:00,121.15,121.25,121.15,121.24,234.858
2026-09-27 03:06:00,121.24,121.29,121.23,121.28,200.823
2026-09-27 03:07:00,121.28,121.38,121.27,121.32,1164.019
2026-09-27 03:08:00,121.32,121.32,121.29,121.29,851.481
2026-09-27 03:09:00,121.3,121.3,121.15,121.16,1310.06
2026-09-27 03:10:00,121.15,121.15,121.11,121.12,148.142
2026-09-27 03:11:00,121.12,121.13,121.05,121.06,859.544
2026-09-27 03:12:00,121.06,121.06,121.04,121.06,470.298
2026-09-27 03:13:00,121.06,121.1,121.06,121.1,314.086
2026-09-27 03:14:00,121.11,121.16,121.1,121.15,345.832
2026-09-27 03:15:00,121.15,121.15,121.07,121.08,517.857
2026-09-27 03:16:00,121.08,121.08,121.05,121.06,516.537
2026-09-27 03:17:00,121.05,121.06,121.05,121.05,198.45
2026-09-27 03:18:00,121.05,121.06,121.01,121.05,417.607
2026-09-27 03:19:00,121.06,121.06,121.01,121.01,205.932
2026-09-27 03:20:00,121.01,121.02,120.78,120.79,17846.734
2026-09-27 03:21:00,120.79,120.81,120.66,120.69,7679.92
2026-09-27 03:22:00,120.68,120.69,120.64,120.65,912.723
2026-09-27 03:23:00,120.64,120.69,120.63,120.68,2551.122
2026-09-27 03:24:00,120.67,120.68,120.65,120.66,393.46
2026-09-27 03:25:00,120.66,120.69,120.63,120.66,1499.092
2026-09-27 03:26:00,120.67,120.67,120.61,120.62,883.508
2026-09-27 03:27:00,120.61,120.61,120.57,120.59,669.687
2026-09-27 03:28:00,120.59,120.63,120.58,120.61,1069.974
2026-09-27 03:29:00,120.61,120.63,120.59,120.63,1241.875
2026-09-27 03:30:00,120.62,120.63,120.57,120.63,1912.067
2026-09-27 03:31:00,120.63,120.63,120.6,120.62,454.441
2026-09-27 03:32:00,120.62,120.66,120.61,120.66,313.455
2026-09-27 03:33:00,120.66,120.69,120.65,120.69,2851.02
2026-09-27 03:34:00,120.69,120.69,120.67,120.68,183.551
2026-09-27 03:35:00,120.68,120.69,120.61,120.63,3369.453
2026-09-27 03:36:00,120.64,120.66,120.64,120.65,388.365
2026-09-27 03:37:00,120.66,120.8,120.66,120.76,23818.17
2026-09-27 03:38:00,120.75,120.75,120.71,120.72,487.379
2026-09-27 03:39:00,120.73,120.74,120.65,120.68,988.742
2026-09-27 03:40:00,120.69,120.74,120.69,120.71,749.252
2026-09-27 03:41:00,120.71,120.72,120.71,120.72,136.156
2026-09-27 03:42:00,120.72,120.72,120.63,120.64,1450.07
2026-09-27 03:43:00,120.64,120.68,120.64,120.67,1023.382
2026-09-27 03:44:00,120.66,120.67,120.66,120.67,120.781
2026-09-27 03:45:00,120.67,120.68,120.63,120.63,1208.851
2026-09-27 03:46:00,120.64,120.64,120.61,120.61,1096.867
2026-09-27 03:47:00,120.62,120.62,120.57,120.6,632.821
2026-09-27 03:48:00,120.6,120.67,120.6,120.64,947.141
2026-09-27 03:49:00,120.64,120.64,120.58,120.59,223.353
2026-09-27 03:50:00,120.58,120.58,120.56,120.57,333.359
2026-09-27 03:51:00,120.57,120.59,120.56,120.57,694.438
2026-09-27 03:52:00,120.57,120.65,120.56,120.64,522.665
2026-09-27 03:53:00,120.63,120.64,120.61,120.61,251.891
2026-09-27 03:54:00,120.61,120.62,120.6,120.62,148.899
2026-09-27 03:55:00,120.62,120.65,120.61,120.64,322.104
2026-09-27 03:56:00,120.63,120.65,120.63,120.64,351.675
2026-09-27 03:57:00,120.64,120.68,120.64,120.68,539.328
2026-09-27 03:58:00,120.67,120.68,120.63,120.63,503.553
2026-09-27 03:59:00,120.64,120.64,120.6,120.61,287.857
2026-09-27 04:00:00,120.61,120.61,120.57,120.61,501.451
2026-09-27 04:01:00,120.6,120.6,120.51,120.51,5872.862
2026-09-27 04:02:00,120.52,120.52,120.46,120.48,1174.481
2026-09-27 04:03:00,120.47,120.51,120.46,120.51,866.886
2026-09-27 04:04:00,120.52,120.62,120.52,120.54,1277.011
2026-09-27 04:05:00,120.54,120.56,120.51,120.56,698.416
2026-09-27 04:06:00,120.57,120.62,120.56,120.62,316.428
2026-09-27 04:07:00,120.61,120.71,120.6,120.71,1049.785
2026-09-27 04:08:00,120.71,120.71,120.66,120.66,226.281
2026-09-27 04:09:00,120.67,120.7,120.63,120.65,545.739
2026-09-27 04:10:00,120.65,120.7,120.64,120.7,191.84
2026-09-27 04:11:00,120.69,120.78,120.69,120.78,526.33
2026-09-27 04:12:00,120.77,120.85,120.77,120.83,686.604
2026-09-27 04:13:00,120.84,120.86,120.83,120.85,588.48
2026-09-27 04:14:00,120.84,120.85,120.78,120.78,703.354
2026-09-27 04:15:00,120.77,120.79,120.75,120.79,349.61
2026-09-27 04:16:00,120.78,120.81,120.75,120.76,180.681
2026-09-27 04:17:00,120.75,120.76,120.67,120.67,498.676
2026-09-27 04:18:00,120.66,120.66,120.62,120.62,186.345
2026-09-27 04:19:00,120.62,120.63,120.61,120.62,122.925
2026-09-27 04:20:00,120.62,120.63,120.6,120.6,206.599
2026-09-27 04:21:00,120.59,120.73,120.59,120.68,1807.27
2026-09-27 04:22:00,120.68,120.68,120.59,120.59,353.728
2026-09-27 04:23:00,120.6,120.6,120.57,120.58,292.998
2026-09-27 04:24:00,120.58,120.58,120.56,120.56,243.256
2026-09-27 04:25:00,120.56,120.58,120.48,120.58,2521.789
2026-09-27 04:26:00,120.58,120.58,120.56,120.57,412.652
2026-09-27 04:27:00,120.56,120.58,120.56,120.58,133.951
2026-09-27 04:28:00,120.57,120.58,120.47,120.5,959.155
2026-09-27 04:29:00,120.49,120.5,120.43,120.43,878.973
2026-09-27 04:30:00,120.43,120.43,120.4,120.4,1383.989
2026-09-27 04:31:00,120.4,120.44,120.39,120.4,757.081
2026-09-27 04:32:00,120.4,120.41,120.36,120.37,1978.754
2026-09-27 04:33:00,120.37,120.43,120.33,120.35,2810.831
2026-09-27 04:34:00,120.35,120.35,120.32,120.32,1035.993
2026-09-27 04:35:00,120.33,120.37,120.32,120.36,575.007
2026-09-27 04:36:00,120.37,120.37,120.31,120.32,979.189
2026-09-27 04:37:00,120.32,120.34,120.19,120.2,15112.119
2026-09-27 04:38:00,120.2,120.2,120.19,120.2,9668.491
2026-09-27 04:39:00,120.19,120.2,120.18,120.19,349.142
2026-09-27 04:40:00,120.18,120.2,120.18,120.19,402.621
2026-09-27 04:41:00,120.2,120.2,120.19,120.19,419.379
2026-09-27 04:42:00,120.19,120.2,120.17,120.2,812.538
2026-09-27 04:43:00,120.2,120.24,120.15,120.16,2383.804
2026-09-27 04:44:00,120.16,120.16,120.13,120.14,531.073
2026-09-27 04:45:00,120.14,120.24,120.11,120.21,2814.191
2026-09-27 04:46:00,120.21,120.21,120.1,120.14,1758.033
2026-09-27 04:47:00,120.14,120.37,120.14,120.3,5103.543
2026-09-27 04:48:00,120.31,120.31,120.27,120.28,785.984
2026-09-27 04:49:00,120.27,120.29,120.24,120.26,755.941
2026-09-27 04:50:00,120.27,120.27,120.17,120.19,971.806
2026-09-27 04:51:00,120.18,120.18,120.15,120.16,333.488
2026-09-27 04:52:00,120.17,120.17,120.12,120.12,955.438
2026-09-27 04:53:00,120.13,120.2,120.11,120.2,1695.437
2026-09-27 04:54:00,120.21,120.21,120.16,120.19,797.6
2026-09-27 04:55:00,120.19,120.21,120.17,120.2,634.065
2026-09-27 04:56:00,120.2,120.2,120.19,120.19,174.244
2026-09-27 04:57:00,120.2,120.2,120.17,120.18,252.43
2026-09-27 04:58:00,120.18,120.18,120.15,120.16,554.313
2026-09-27 04:59:00,120.16,120.17,120.15,120.15,340.314
2026-09-27 05:00:00,120.15,120.16,120.12,120.14,926.015
2026-09-27 05:01:00,120.14,120.15,120.13,120.15,978.603
2026-09-27 05:02:00,120.16,120.3,120.16,120.27,1973.471
2026-09-27 05:03:00,120.28,120.38,120.27,120.34,1230.453
2026-09-27 05:04:00,120.33,120.36,120.3,120.34,1345.615
2026-09-27 05:05:00,120.34,120.42,120.33,120.42,542.898
2026-09-27 05:06:00,120.41,120.48,120.41,120.46,549.423
2026-09-27 05:07:00,120.46,120.48,120.43,120.47,713.0
2026-09-27 05:08:00,120.48,120.51,120.47,120.51,289.308
2026-09-27 05:09:00,120.51,120.52,120.47,120.5,970.472
2026-09-27 05:10:00,120.5,120.51,120.48,120.51,794.751
2026-09-27 05:11:00,120.51,120.51,120.44,120.46,1110.792
2026-09-27 05:12:00,120.46,120.52,120.45,120.5,632.355
2026-09-27 05:13:00,120.5,120.57,120.5,120.56,616.741
2026-09-27 05:14:00,120.55,120.55,120.53,120.54,242.922
2026-09-27 05:15:00,120.55,120.56,120.54,120.54,819.769
2026-09-27 05:16:00,120.54,120.56,120.53,120.56,256.128
2026-09-27 05:17:00,120.56,120.57,120.53,120.56,725.84
2026-09-27 05:18:00,120.55,120.67,120.55,120.64,1030.56
2026-09-27 05:19:00,120.63,120.64,120.6,120.64,409.279
2026-09-27 05:20:00,120.64,120.66,120.59,120.61,447.599
2026-09-27 05:21:00,120.61,120.64,120.6,120.64,124.21
2026-09-27 05:22:00,120.64,120.64,120.61,120.63,413.503
2026-09-27 05:23:00,120.63,120.66,120.62,120.62,292.001
2026-09-27 05:24:00,120.63,120.64,120.62,120.64,120.458
2026-09-27 05:25:00,120.64,120.64,120.6,120.61,385.296
2026-09-27 05:26:00,120.62,120.64,120.61,120.64,274.901
2026-09-27 05:27:00,120.63,120.72,120.63,120.72,727.808
2026-09-27 05:28:00,120.71,120.72,120.7,120.7,103.152
2026-09-27 05:29:00,120.71,120.72,120.7,120.71,179.725
2026-09-27 05:30:00,120.71,120.74,120.66,120.73,3203.25
2026-09-27 05:31:00,120.74,120.74,120.64,120.64,1667.941
2026-09-27 05:32:00,120.65,120.7,120.65,120.69,1400.781
2026-09-27 05:33:00,120.69,120.84,120.69,120.84,886.37
2026-09-27 05:34:00,120.83,120.91,120.83,120.9,1521.406
2026-09-27 05:35:00,120.9,120.98,120.9,120.98,1226.987
2026-09-27 05:36:00,120.97,121.18,120.96,121.17,1775.578
2026-09-27 05:37:00,121.18,121.44,121.18,121.33,33707.122
2026-09-27 05:38:00,121.33,121.48,121.33,121.48,1356.913
2026-09-27 05:39:00,121.47,121.48,121.11,121.18,3321.199
2026-09-27 05:40:00,121.18,121.21,121.1,121.12,888.798
2026-09-27 05:41:00,121.11,121.15,121.11,121.14,1041.563
2026-09-27 05:42:00,121.14,121.18,121.11,121.11,946.196
2026-09-27 05:43:00,121.11,121.11,121.04,121.09,331.356
2026-09-27 05:44:00,121.09,121.14,121.08,121.13,522.415
2026-09-27 05:45:00,121.14,121.18,121.08,121.12,508.029
2026-09-27 05:46:00,121.13,121.26,121.13,121.25,611.619
2026-09-27 05:47:00,121.26,121.33,121.19,121.19,401.311
2026-09-27 05:48:00,121.2,121.26,121.16,121.22,617.451
2026-09-27 05:49:00,121.23,121.3,121.23,121.27,327.382
2026-09-27 05:50:00,121.27,121.29,121.19,121.19,241.061
2026-09-27 05:51:00,121.2,121.2,121.15,121.19,407.445
2026-09-27 05:52:00,121.19,121.22,121.17,121.22,357.399
2026-09-27 05:53:00,121.22,121.23,121.16,121.16,254.543
2026-09-27 05:54:00,121.17,121.19,121.11,121.13,940.821
2026-09-27 05:55:00,121.14,121.15,121.12,121.15,317.801
2026-09-27 05:56:00,121.14,121.15,121.14,121.15,89.697
2026-09-27 05:57:00,121.14,121.16,121.11,121.13,2810.718
2026-09-27 05:58:00,121.14,121.16,121.11,121.11,385.01
2026-09-27 05:59:00,121.12,121.15,121.1,121.1,688.006
2026-09-27 06:00:00,121.11,121.15,121.1,121.14,978.423
2026-09-27 06:01:00,121.14,121.15,121.12,121.14,288.138
2026-09-27 06:02:00,121.15,121.26,121.15,121.26,582.378
2026-09-27 06:03:00,121.25,121.33,121.21,121.24,674.83
2026-09-27 06:04:00,121.23,121.3,121.19,121.29,580.054
2026-09-27 06:05:00,121.3,121.34,121.27,121.27,278.307
2026-09-27 06:06:00,121.28,121.28,121.27,121.28,101.255
2026-09-27 06:07:00,121.28,121.35,121.28,121.35,1680.682
2026-09-27 06:08:00,121.35,121.39,121.34,121.34,577.886
2026-09-27 06:09:00,121.35,121.38,121.35,121.36,532.684
2026-09-27 06:10:00,121.37,121.45,121.37,121.43,1338.913
2026-09-27 06:11:00,121.43,121.49,121.43,121.46,1319.694
2026-09-27 06:12:00,121.46,121.5,121.46,121.49,415.594
2026-09-27 06:13:00,121.5,121.5,121.49,121.49,288.929
2026-09-27 06:14:00,121.5,121.53,121.49,121.51,1631.881
2026-09-27 06:15:00,121.51,121.53,121.46,121.46,803.789
2026-09-27 06:16:00,121.46,121.47,121.36,121.39,1172.411
2026-09-27 06:17:00,121.38,121.45,121.31,121.44,2935.285
2026-09-27 06:18:00,121.44,121.5,121.42,121.42,815.206
2026-09-27 06:19:00,121.42,121.47,121.4,121.45,264.01
2026-09-27 06:20:00,121.45,121.5,121.44,121.49,329.998
2026-09-27 06:21:00,121.49,121.54,121.4,121.43,1796.524
2026-09-27 06:22:00,121.43,121.43,121.38,121.43,476.3
2026-09-27 06:23:00,121.43,121.49,121.42,121.47,670.314
2026-09-27 06:24:00,121.48,121.5,121.45,121.49,408.334
2026-09-27 06:25:00,121.49,121.53,121.49,121.52,547.186
2026-09-27 06:26:00,121.52,121.57,121.5,121.57,1025.869
2026-09-27 06:27:00,121.56,121.58,121.53,121.53,993.454
2026-09-27 06:28:00,121.53,121.58,121.52,121.57,475.574
2026-09-27 06:29:00,121.57,121.58,121.46,121.48,1690.37
2026-09-27 06:30:00,121.48,121.51,121.46,121.48,311.149
2026-09-27 06:31:00,121.49,121.55,121.44,121.45,988.72
2026-09-27 06:32:00,121.44,121.44,121.33,121.33,1418.218
2026-09-27 06:33:00,121.34,121.34,121.28,121.28,275.728
2026-09-27 06:34:00,121.28,121.33,121.26,121.33,1331.941
2026-09-27 06:35:00,121.33,121.36,121.32,121.36,458.073
2026-09-27 06:36:00,121.35,121.38,121.32,121.38,1448.992
2026-09-27 06:37:00,121.38,121.48,121.38,121.47,5133.864
2026-09-27 06:38:00,121.47,121.48,121.38,121.38,313.731
2026-09-27 06:39:00,121.37,121.37,121.3,121.32,540.631
2026-09-27 06:40:00,121.33,121.4,121.33,121.4,207.192
2026-09-27 06:41:00,121.4,121.41,121.36,121.36,349.004
2026-09-27 06:42:00,121.36,121.36,121.32,121.34,319.097
2026-09-27 06:43:00,121.33,121.36,121.31,121.33,520.918
2026-09-27 06:44:00,121.33,121.37,121.32,121.37,974.102
2026-09-27 06:45:00,121.36,121.39,121.36,121.39,1290.655
2026-09-27 06:46:00,121.38,121.45,121.37,121.42,954.299
2026-09-27 06:47:00,121.41,121.46,121.41,121.45,216.468
2026-09-27 06:48:00,121.45,121.45,121.39,121.42,379.544
2026-09-27 06:49:00,121.42,121.47,121.42,121.42,602.8
2026-09-27 06:50:00,121.42,121.42,121.34,121.34,550.752
2026-09-27 06:51:00,121.35,121.39,121.34,121.38,470.644
2026-09-27 06:52:00,121.39,121.43,121.38,121.38,997.6
2026-09-27 06:53:00,121.39,121.43,121.39,121.39,728.616
2026-09-27 06:54:00,121.4,121.41,121.36,121.41,1152.483
2026-09-27 06:55:00,121.41,121.43,121.34,121.36,479.412
2026-09-27 06:56:00,121.36,121.36,121.35,121.36,287.271
2026-09-27 06:57:00,121.35,121.35,121.29,121.33,1218.304
2026-09-27 06:58:00,121.34,121.34,121.3,121.33,1102.899
2026-09-27 06:59:00,121.33,121.35,121.31,121.33,1669.006
2026-09-27 07:00:00,121.33,121.4,121.32,121.39,750.386
2026-09-27 07:01:00,121.4,121.45,121.38,121.39,877.959
2026-09-27 07:02:00,121.38,121.44,121.38,121.43,740.819
2026-09-27 07:03:00,121.44,121.46,121.39,121.45,1259.914
2026-09-27 07:04:00,121.46,121.46,121.44,121.45,93.383
2026-09-27 07:05:00,121.44,121.45,121.38,121.4,815.771
2026-09-27 07:06:00,121.41,121.42,121.33,121.33,1502.232
2026-09-27 07:07:00,121.34,121.44,121.34,121.44,1739.903
2026-09-27 07:08:00,121.45,121.45,121.42,121.44,578.221
2026-09-27 07:09:00,121.43,121.48,121.42,121.42,1749.662
2026-09-27 07:10:00,121.43,121.53,121.42,121.44,1646.01
2026-09-27 07:11:00,121.43,121.51,121.43,121.47,201.002
2026-09-27 07:12:00,121.46,121.48,121.38,121.45,1778.226
2026-09-27 07:13:00,121.46,121.47,121.4,121.41,203.17
2026-09-27 07:14:00,121.41,121.41,121.38,121.41,403.769
2026-09-27 07:15:00,121.4,121.44,121.39,121.4,527.218
2026-09-27 07:16:00,121.4,121.47,121.39,121.45,472.742
2026-09-27 07:17:00,121.45,121.49,121.38,121.39,2899.246
2026-09-27 07:18:00,121.39,121.4,121.39,121.39,310.304
2026-09-27 07:19:00,121.4,121.4,121.35,121.38,456.741
2026-09-27 07:20:00,121.39,121.4,121.38,121.39,128.924
2026-09-27 07:21:00,121.39,121.46,121.39,121.46,245.713
2026-09-27 07:22:00,121.46,121.46,121.45,121.45,399.154
2026-09-27 07:23:00,121.46,121.53,121.45,121.53,585.37
2026-09-27 07:24:00,121.54,121.58,121.53,121.57,575.631
2026-09-27 07:25:00,121.56,121.58,121.54,121.56,849.401
2026-09-27 07:26:00,121.57,121.59,121.53,121.54,293.887
2026-09-27 07:27:00,121.53,121.54,121.5,121.51,250.937
2026-09-27 07:28:00,121.51,121.61,121.5,121.61,1149.964
2026-09-27 07:29:00,121.6,121.65,121.6,121.64,1069.931
2026-09-27 07:30:00,121.64,121.66,121.64,121.64,771.021
2026-09-27 07:31:00,121.64,121.79,121.64,121.76,2901.881
2026-09-27 07:32:00,121.75,121.88,121.73,121.84,1966.559
2026-09-27 07:33:00,121.83,121.99,121.83,121.96,5045.507
2026-09-27 07:34:00,121.96,122.02,121.96,122.01,3967.305
2026-09-27 07:35:00,122.02,122.36,122.0,122.01,7746.461
2026-09-27 07:36:00,122.0,122.01,121.92,121.98,1636.783
2026-09-27 07:37:00,121.99,121.99,121.92,121.96,459.289
2026-09-27 07:38:00,121.95,121.96,121.91,121.94,1107.78
2026-09-27 07:39:00,121.94,122.0,121.94,122.0,738.432
2026-09-27 07:40:00,122.01,122.12,121.96,122.12,1163.136
2026-09-27 07:41:00,122.11,122.34,122.11,122.29,1881.338
2026-09-27 07:42:00,122.28,122.29,122.15,122.22,1035.569
2026-09-27 07:43:00,122.22,122.32,122.12,122.25,1471.384
2026-09-27 07:44:00,122.25,122.34,122.24,122.29,2029.322
2026-09-27 07:45:00,122.29,122.34,122.19,122.2,696.089
2026-09-27 07:46:00,122.19,122.2,122.13,122.18,1662.066
2026-09-27 07:47:00,122.18,122.2,122.15,122.19,713.876
2026-09-27 07:48:00,122.19,122.34,122.17,122.32,746.029
2026-09-27 07:49:00,122.32,122.5,122.26,122.41,3615.949
2026-09-27 07:50:00,122.41,122.7,122.41,122.68,6509.261
2026-09-27 07:51:00,122.68,122.78,122.59,122.65,5653.901
2026-09-27 07:52:00,122.65,122.8,122.6,122.61,2925.694
2026-09-27 07:53:00,122.6,122.65,122.5,122.52,1308.649
2026-09-27 07:54:00,122.53,122.6,122.45,122.45,2883.702
2026-09-27 07:55:00,122.45,122.77,122.45,122.74,14328.859
2026-09-27 07:56:00,122.73,123.8,122.73,123.42,33325.834
2026-09-27 07:57:00,123.41,124.4,123.37,124.21,43053.07
2026-09-27 07:58:00,124.2,124.2,123.91,124.03,8027.766
2026-09-27 07:59:00,124.03,124.16,123.89,124.12,5445.658
2026-09-27 08:00:00,124.13,124.59,123.99,124.0,20733.445
2026-09-27 08:01:00,124.0,124.28,123.96,124.2,9356.538
2026-09-27 08:02:00,124.2,124.26,124.0,124.1,10830.962
2026-09-27 08:03:00,124.09,124.17,124.02,124.04,8162.455
2026-09-27 08:04:00,124.03,124.34,123.99,124.27,8295.174
2026-09-27 08:05:00,124.27,124.43,124.15,124.29,9786.839
2026-09-27 08:06:00,124.28,124.33,124.19,124.31,2418.018
2026-09-27 08:07:00,124.3,124.5,124.3,124.43,4485.414
2026-09-27 08:08:00,124.44,124.55,124.3,124.35,6365.978
2026-09-27 08:09:00,124.35,124.4,124.28,124.29,3694.707
2026-09-27 08:10:00,124.29,124.36,124.22,124.25,3946.037
2026-09-27 08:11:00,124.26,124.31,124.16,124.29,3034.862
2026-09-27 08:12:00,124.29,124.63,124.17,124.18,7761.789
2026-09-27 08:13:00,124.18,124.21,124.17,124.19,1621.108
2026-09-27 08:14:00,124.19,124.28,124.19,124.25,1054.154
2026-09-27 08:15:00,124.24,124.93,124.22,124.74,22613.67
2026-09-27 08:16:00,124.74,124.95,124.74,124.75,6278.576
2026-09-27 08:17:00,124.75,124.8,124.65,124.68,5419.564
2026-09-27 08:18:00,124.68,124.71,124.52,124.53,31450.56
2026-09-27 08:19:00,124.53,124.53,124.3,124.35,3537.217
2026-09-27 08:20:00,124.36,124.54,124.27,124.51,7953.505
2026-09-27 08:21:00,124.52,124.72,124.52,124.63,2228.544
2026-09-27 08:22:00,124.62,124.64,124.5,124.51,7946.316
2026-09-27 08:23:00,124.51,124.52,124.4,124.4,17493.212
2026-09-27 08:24:00,124.4,124.44,124.34,124.38,1459.463
2026-09-27 08:25:00,124.38,124.5,124.36,124.49,1172.273
2026-09-27 08:26:00,124.49,124.54,124.44,124.5,2581.798
2026-09-27 08:27:00,124.51,124.51,124.33,124.34,2255.278
2026-09-27 08:28:00,124.34,124.36,124.3,124.35,1452.806
2026-09-27 08:29:00,124.35,124.44,124.35,124.42,2019.887
2026-09-27 08:30:00,124.42,124.47,124.3,124.35,3505.069
2026-09-27 08:31:00,124.35,124.48,124.34,124.45,1377.755
2026-09-27 08:32:00,124.45,124.59,124.45,124.56,2333.502
2026-09-27 08:33:00,124.56,124.57,124.42,124.47,2428.522
2026-09-27 08:34:00,124.46,124.47,124.31,124.4,1235.071
2026-09-27 08:35:00,124.39,124.4,124.21,124.22,2485.612
2026-09-27 08:36:00,124.22,124.24,124.19,124.19,1199.914
2026-09-27 08:37:00,124.19,124.29,124.11,124.24,2425.519
2026-09-27 08:38:00,124.24,124.27,124.14,124.25,4519.737
2026-09-27 08:39:00,124.25,124.37,124.25,124.33,4943.502
2026-09-27 08:40:00,124.33,124.33,124.24,124.28,2155.002
2026-09-27 08:41:00,124.29,124.29,124.2,124.22,2403.716
2026-09-27 08:42:00,124.23,124.23,124.12,124.18,5094.117
2026-09-27 08:43:00,124.18,124.34,124.18,124.27,3384.775
2026-09-27 08:44:00,124.27,124.27,124.12,124.2,3698.183
2026-09-27 08:45:00,124.19,124.21,124.06,124.07,3267.626
2026-09-27 08:46:00,124.07,124.13,124.03,124.03,2869.371
2026-09-27 08:47:00,124.03,124.32,124.0,124.07,16302.574
2026-09-27 08:48:00,124.08,124.29,124.05,124.29,3742.489
2026-09-27 08:49:00,124.29,124.32,124.26,124.31,1098.382
2026-09-27 08:50:00,124.31,124.31,124.23,124.23,1143.73
2026-09-27 08:51:00,124.24,124.41,124.18,124.31,22134.105
2026-09-27 08:52:00,124.32,124.45,124.31,124.34,3655.825
2026-09-27 08:53:00,124.34,124.38,124.29,124.3,1556.886
2026-09-27 08:54:00,124.3,124.37,124.23,124.35,3312.079
2026-09-27 08:55:00,124.35,124.37,124.29,124.34,1721.48
2026-09-27 08:56:00,124.34,124.34,124.16,124.27,6050.833
2026-09-27 08:57:00,124.26,124.31,124.21,124.29,4076.525
2026-09-27 08:58:00,124.29,124.32,124.2,124.23,2786.29
2026-09-27 08:59:00,124.23,124.24,124.12,124.12,2850.117
2026-09-27 09:00:00,124.13,124.26,123.79,124.22,12074.012
2026-09-27 09:01:00,124.21,124.22,123.9,123.98,27527.399
2026-09-27 09:02:00,123.98,124.04,123.84,123.84,2783.344
2026-09-27 09:03:00,123.84,124.04,123.83,123.97,21436.019
2026-09-27 09:04:00,123.97,124.01,123.95,123.98,3411.334
2026-09-27 09:05:00,123.97,124.02,123.87,123.87,4865.755
2026-09-27 09:06:00,123.87,123.87,123.47,123.54,6826.239
2026-09-27 09:07:00,123.54,123.56,123.37,123.56,7157.586
2026-09-27 09:08:00,123.55,123.66,123.55,123.6,1594.833
2026-09-27 09:09:00,123.6,123.61,123.52,123.57,3482.922
2026-09-27 09:10:00,123.56,123.59,123.5,123.53,15309.824
2026-09-27 09:11:00,123.52,123.64,123.49,123.64,2165.168
2026-09-27 09:12:00,123.64,123.93,123.63,123.91,3654.741
2026-09-27 09:13:00,123.9,123.99,123.85,123.95,2074.07
2026-09-27 09:14:00,123.96,123.98,123.84,123.84,3898.557
2026-09-27 09:15:00,123.85,123.85,123.77,123.78,1904.072
2026-09-27 09:16:00,123.78,123.81,123.66,123.68,2022.019
2026-09-27 09:17:00,123.68,123.76,123.57,123.72,1771.607
2026-09-27 09:18:00,123.71,123.85,123.67,123.81,2688.107
2026-09-27 09:19:00,123.81,123.82,123.71,123.74,2718.426
2026-09-27 09:20:00,123.74,123.76,123.66,123.73,1138.07
2026-09-27 09:21:00,123.74,123.8,123.71,123.79,2071.143
2026-09-27 09:22:00,123.78,123.9,123.78,123.9,1075.231
2026-09-27 09:23:00,123.89,123.91,123.83,123.85,811.41
2026-09-27 09:24:00,123.85,123.9,123.85,123.9,1371.403
2026-09-27 09:25:00,123.91,124.03,123.9,124.0,3044.826
2026-09-27 09:26:00,124.0,124.11,124.0,124.08,2862.557
2026-09-27 09:27:00,124.07,124.07,123.88,123.89,1932.239
2026-09-27 09:28:00,123.89,124.03,123.87,123.93,1614.036
2026-09-27 09:29:00,123.94,124.0,123.92,123.97,800.179
2026-09-27 09:30:00,123.98,123.98,123.89,123.95,1406.377
2026-09-27 09:31:00,123.95,124.07,123.95,124.0,1761.288
2026-09-27 09:32:00,124.0,124.15,123.95,124.09,1343.964
2026-09-27 09:33:00,124.08,124.31,124.08,124.25,1796.13
2026-09-27 09:34:00,124.26,124.26,124.19,124.26,1671.947
2026-09-27 09:35:00,124.25,124.25,124.02,124.04,1324.057
2026-09-27 09:36:00,124.05,124.18,124.05,124.14,898.052
2026-09-27 09:37:00,124.13,124.17,124.1,124.13,1257.156
2026-09-27 09:38:00,124.13,124.25,124.12,124.25,1374.305
2026-09-27 09:39:00,124.25,124.3,124.22,124.3,875.499
2026-09-27 09:40:00,124.29,124.32,124.29,124.3,711.729
2026-09-27 09:41:00,124.3,124.3,124.26,124.29,475.071
2026-09-27 09:42:00,124.3,124.31,124.21,124.21,1100.161
2026-09-27 09:43:00,124.21,124.22,124.17,124.21,831.195
2026-09-27 09:44:00,124.21,124.24,124.16,124.23,850.67
2026-09-27 09:45:00,124.24,124.37,124.24,124.36,1395.846
2026-09-27 09:46:00,124.36,124.46,124.31,124.37,4285.99
2026-09-27 09:47:00,124.36,124.37,124.2,124.23,2879.75
2026-09-27 09:48:00,124.23,124.33,124.16,124.27,2839.005
2026-09-27 09:49:00,124.26,124.4,124.23,124.4,3128.221
2026-09-27 09:50:00,124.39,124.43,124.3,124.38,3317.544
2026-09-27 09:51:00,124.39,124.52,124.35,124.41,3906.612
2026-09-27 09:52:00,124.41,124.5,124.39,124.46,2285.26
2026-09-27 09:53:00,124.46,124.48,124.36,124.37,3930.503
2026-09-27 09:54:00,124.37,124.37,124.27,124.31,2362.234
2026-09-27 09:55:00,124.31,124.35,124.3,124.35,1588.589
2026-09-27 09:56:00,124.34,124.47,124.34,124.45,2148.363
2026-09-27 09:57:00,124.44,124.5,124.41,124.5,1152.202
2026-09-27 09:58:00,124.5,124.57,124.45,124.46,2466.425
2026-09-27 09:59:00,124.46,124.48,124.42,124.47,469.378
2026-09-27 10:00:00,124.46,124.46,124.33,124.41,2089.002
2026-09-27 10:01:00,124.4,124.45,124.3,124.43,1248.773
2026-09-27 10:02:00,124.43,124.47,124.38,124.42,1297.149
2026-09-27 10:03:00,124.41,124.44,124.32,124.35,4134.147
2026-09-27 10:04:00,124.35,124.37,124.31,124.34,723.376
2026-09-27 10:05:00,124.33,124.38,124.25,124.27,1907.727
2026-09-27 10:06:00,124.27,124.29,124.21,124.23,2309.593
2026-09-27 10:07:00,124.24,124.41,124.24,124.41,4055.662
2026-09-27 10:08:00,124.4,124.5,124.4,124.5,1295.488
2026-09-27 10:09:00,124.49,124.51,124.4,124.46,1343.75
2026-09-27 10:10:00,124.47,124.64,124.46,124.57,2304.508
2026-09-27 10:11:00,124.56,124.64,124.49,124.63,2893.527
2026-09-27 10:12:00,124.63,124.64,124.51,124.51,6464.23
2026-09-27 10:13:00,124.52,124.64,124.52,124.64,1471.62
2026-09-27 10:14:00,124.65,124.65,124.54,124.59,686.607
2026-09-27 10:15:00,124.59,124.82,124.58,124.65,3923.826
2026-09-27 10:16:00,124.66,124.69,124.51,124.51,1956.4
2026-09-27 10:17:00,124.51,124.58,124.42,124.47,2072.761
2026-09-27 10:18:00,124.47,124.53,124.44,124.44,1011.469
2026-09-27 10:19:00,124.44,124.44,124.33,124.37,1552.097
2026-09-27 10:20:00,124.37,124.38,124.24,124.32,2060.125
2026-09-27 10:21:00,124.31,124.33,124.23,124.32,3631.175
2026-09-27 10:22:00,124.33,124.35,124.27,124.33,1313.869
2026-09-27 10:23:00,124.34,124.4,124.33,124.33,600.582
2026-09-27 10:24:00,124.34,124.43,124.29,124.31,1062.411
2026-09-27 10:25:00,124.3,124.3,124.18,124.25,1196.804
2026-09-27 10:26:00,124.25,124.25,124.13,124.15,1702.004
2026-09-27 10:27:00,124.14,124.2,124.1,124.15,2393.642
2026-09-27 10:28:00,124.14,124.16,124.12,124.14,2325.395
2026-09-27 10:29:00,124.14,124.15,124.11,124.14,991.13
2026-09-27 10:30:00,124.14,124.14,124.06,124.06,1228.66
2026-09-27 10:31:00,124.05,124.07,124.04,124.06,1064.131
2026-09-27 10:32:00,124.07,124.13,124.07,124.08,1334.332
2026-09-27 10:33:00,124.09,124.1,124.04,124.09,739.665
2026-09-27 10:34:00,124.09,124.11,124.05,124.07,2275.325
2026-09-27 10:35:00,124.08,124.11,124.07,124.11,677.7
2026-09-27 10:36:00,124.1,124.11,124.06,124.07,572.866
2026-09-27 10:37:00,124.07,124.1,124.04,124.06,2023.631
2026-09-27 10:38:00,124.07,124.07,124.0,124.01,1294.911
2026-09-27 10:39:00,124.01,124.03,123.97,124.0,1132.681
2026-09-27 10:40:00,124.0,124.03,123.93,123.95,873.654
2026-09-27 10:41:00,123.94,124.06,123.94,123.98,1601.749
2026-09-27 10:42:00,123.99,124.08,123.97,123.99,2663.46
2026-09-27 10:43:00,123.99,124.06,123.97,124.05,3475.615
2026-09-27 10:44:00,124.05,124.06,124.0,124.0,932.896
2026-09-27 10:45:00,124.01,124.06,124.0,124.05,1916.638
2026-09-27 10:46:00,124.05,124.09,124.04,124.06,859.628
2026-09-27 10:47:00,124.06,124.1,124.06,124.1,686.129
2026-09-27 10:48:00,124.1,124.1,124.08,124.08,311.102
2026-09-27 10:49:00,124.09,124.21,124.09,124.16,2046.933
2026-09-27 10:50:00,124.17,124.19,124.05,124.09,1484.571
2026-09-27 10:51:00,124.09,124.09,124.03,124.05,809.721
2026-09-27 10:52:00,124.05,124.05,123.93,123.95,985.378
2026-09-27 10:53:00,123.94,123.97,123.9,123.94,1902.829
2026-09-27 10:54:00,123.95,123.96,123.92,123.95,936.204
2026-09-27 10:55:00,123.94,123.98,123.93,123.93,5101.791
2026-09-27 10:56:00,123.93,124.07,123.89,123.98,3825.937
2026-09-27 10:57:00,123.98,123.98,123.94,123.95,659.09
2026-09-27 10:58:00,123.95,124.03,123.95,124.0,2479.405
2026-09-27 10:59:00,123.99,124.04,123.99,124.04,2092.022
2026-09-27 11:00:00,124.03,124.03,123.95,123.96,2891.947
2026-09-27 11:01:00,123.95,124.03,123.94,124.03,1580.392
2026-09-27 11:02:00,124.02,124.02,123.95,123.96,1758.282
2026-09-27 11:03:00,123.96,123.96,123.86,123.86,986.852
2026-09-27 11:04:00,123.86,123.92,123.86,123.91,1873.297
2026-09-27 11:05:00,123.91,124.04,123.91,124.04,669.774
2026-09-27 11:06:00,124.04,124.04,123.96,123.99,391.583
2026-09-27 11:07:00,123.99,123.99,123.91,123.92,635.93
2026-09-27 11:08:00,123.92,124.0,123.89,124.0,928.753
2026-09-27 11:09:00,124.0,124.13,124.0,124.1,1527.866
2026-09-27 11:10:00,124.11,124.22,124.08,124.14,1193.844
2026-09-27 11:11:00,124.13,124.14,124.06,124.1,1403.053
2026-09-27 11:12:00,124.09,124.15,124.08,124.15,1209.762
2026-09-27 11:13:00,124.14,124.14,123.99,123.99,787.087
2026-09-27 11:14:00,123.99,124.0,123.97,123.97,1028.276
2026-09-27 11:15:00,123.98,124.09,123.97,124.05,2490.295
2026-09-27 11:16:00,124.05,124.06,123.99,124.02,681.658
2026-09-27 11:17:00,124.02,124.02,123.88,123.88,1806.851
2026-09-27 11:18:00,123.89,123.95,123.88,123.91,847.909
2026-09-27 11:19:00,123.91,123.92,123.86,123.87,859.869
2026-09-27 11:20:00,123.86,123.87,123.75,123.78,1713.51
2026-09-27 11:21:00,123.78,123.92,123.77,123.84,2393.513
2026-09-27 11:22:00,123.83,123.96,123.83,123.94,763.582
2026-09-27 11:23:00,123.95,123.98,123.91,123.98,710.989
2026-09-27 11:24:00,123.97,124.03,123.92,124.02,1223.621
2026-09-27 11:25:00,124.03,124.04,123.99,123.99,1253.003
2026-09-27 11:26:00,124.0,124.16,123.99,124.16,758.181
2026-09-27 11:27:00,124.15,124.21,124.15,124.16,1183.769
2026-09-27 11:28:00,124.16,124.16,124.02,124.04,3048.875
2026-09-27 11:29:00,124.04,124.04,123.97,123.98,760.127
2026-09-27 11:30:00,123.98,124.0,123.95,123.95,1061.592
2026-09-27 11:31:00,123.96,123.99,123.95,123.97,1165.054
2026-09-27 11:32:00,123.97,124.02,123.95,123.96,1013.221
2026-09-27 11:33:00,123.95,123.96,123.82,123.85,1374.828
2026-09-27 11:34:00,123.84,123.85,123.81,123.82,660.254
2026-09-27 11:35:00,123.82,123.91,123.82,123.84,3264.519
2026-09-27 11:36:00,123.84,123.87,123.82,123.82,3022.756
2026-09-27 11:37:00,123.83,123.85,123.8,123.84,534.218
2026-09-27 11:38:00,123.84,123.84,123.68,123.71,4667.189
2026-09-27 11:39:00,123.71,123.74,123.7,123.74,719.991
2026-09-27 11:40:00,123.73,123.82,123.73,123.79,892.449
2026-09-27 11:41:00,123.79,123.86,123.78,123.85,770.024
2026-09-27 11:42:00,123.85,123.86,123.84,123.84,404.363
2026-09-27 11:43:00,123.84,123.85,123.84,123.85,458.757
2026-09-27 11:44:00,123.85,123.93,123.84,123.93,1325.034
2026-09-27 11:45:00,123.93,123.93,123.86,123.86,417.996
2026-09-27 11:46:00,123.86,123.87,123.82,123.86,751.988
2026-09-27 11:47:00,123.86,123.87,123.8,123.8,487.288
2026-09-27 11:48:00,123.8,123.81,123.76,123.77,1112.339
2026-09-27 11:49:00,123.77,123.77,123.72,123.73,906.694
2026-09-27 11:50:00,123.72,123.81,123.64,123.81,4538.286
2026-09-27 11:51:00,123.8,123.85,123.8,123.84,580.88
2026-09-27 11:52:00,123.83,123.92,123.83,123.92,370.082
2026-09-27 11:53:00,123.92,123.94,123.91,123.94,826.285
2026-09-27 11:54:00,123.93,124.0,123.93,123.97,640.515
2026-09-27 11:55:00,123.98,124.02,123.97,124.02,556.522
2026-09-27 11:56:00,124.02,124.16,124.01,124.07,3459.422
2026-09-27 11:57:00,124.07,124.09,124.05,124.08,1079.522
2026-09-27 11:58:00,124.08,124.08,123.91,123.94,3005.91
2026-09-27 11:59:00,123.94,123.99,123.92,123.94,1304.81
2026-09-27 12:00:00,123.94,124.02,123.94,123.99,802.994
2026-09-27 12:01:00,123.99,124.09,123.97,124.07,1357.191
2026-09-27 12:02:00,124.07,124.42,124.06,124.29,4301.505
2026-09-27 12:03:00,124.3,124.32,124.18,124.18,760.836
2026-09-27 12:04:00,124.18,124.2,124.17,124.18,326.688
2026-09-27 12:05:00,124.18,124.22,124.09,124.22,1607.761
2026-09-27 12:06:00,124.22,124.27,124.18,124.25,835.081
2026-09-27 12:07:00,124.26,124.28,124.19,124.2,305.669
2026-09-27 12:08:00,124.19,124.25,124.19,124.21,505.561
2026-09-27 12:09:00,124.2,124.26,124.19,124.25,1045.175
2026-09-27 12:10:00,124.26,124.27,124.23,124.24,608.128
2026-09-27 12:11:00,124.23,124.26,124.22,124.22,398.729
2026-09-27 12:12:00,124.23,124.27,124.2,124.26,2345.7
2026-09-27 12:13:00,124.25,124.29,124.22,124.23,1371.467
2026-09-27 12:14:00,124.23,124.25,124.18,124.25,394.456
2026-09-27 12:15:00,124.24,124.25,124.21,124.25,708.958
2026-09-27 12:16:00,124.24,124.27,124.2,124.21,1231.594
2026-09-27 12:17:00,124.22,124.26,124.19,124.19,233.752
2026-09-27 12:18:00,124.19,124.19,124.13,124.14,551.856
2026-09-27 12:19:00,124.14,124.15,124.14,124.15,173.659
2026-09-27 12:20:00,124.14,124.14,124.05,124.05,577.938
2026-09-27 12:21:00,124.05,124.1,124.05,124.05,317.21
2026-09-27 12:22:00,124.05,124.05,124.03,124.03,320.894
2026-09-27 12:23:00,124.04,124.07,124.02,124.02,513.15
2026-09-27 12:24:00,124.03,124.06,124.0,124.05,432.686
2026-09-27 12:25:00,124.05,124.06,123.96,123.99,767.075
2026-09-27 12:26:00,123.98,124.02,123.95,123.95,1448.205
2026-09-27 12:27:00,123.96,123.96,123.92,123.95,428.628
2026-09-27 12:28:00,123.95,123.97,123.95,123.97,79.373
2026-09-27 12:29:00,123.97,124.01,123.97,123.98,383.044
2026-09-27 12:30:00,123.99,123.99,123.91,123.91,325.627
2026-09-27 12:31:00,123.92,124.0,123.91,123.99,898.121
2026-09-27 12:32:00,124.0,124.05,123.99,124.05,330.104
2026-09-27 12:33:00,124.04,124.09,124.04,124.09,255.962
2026-09-27 12:34:00,124.08,124.1,124.08,124.1,344.481
2026-09-27 12:35:00,124.1,124.15,124.09,124.15,416.736
2026-09-27 12:36:00,124.16,124.23,124.16,124.22,426.613
2026-09-27 12:37:00,124.23,124.24,124.13,124.14,720.294
2026-09-27 12:38:00,124.15,124.15,124.12,124.13,119.907
2026-09-27 12:39:00,124.13,124.15,124.13,124.15,374.519
2026-09-27 12:40:00,124.15,124.17,124.13,124.13,922.249
2026-09-27 12:41:00,124.13,124.21,124.13,124.15,434.325
2026-09-27 12:42:00,124.14,124.19,124.13,124.14,184.085
2026-09-27 12:43:00,124.14,124.18,124.12,124.13,389.723
2026-09-27 12:44:00,124.12,124.12,124.04,124.06,959.78
2026-09-27 12:45:00,124.05,124.09,124.02,124.08,186.414
2026-09-27 12:46:00,124.08,124.11,124.0,124.01,225.426
2026-09-27 12:47:00,124.01,124.01,123.98,123.99,464.476
2026-09-27 12:48:00,124.0,124.0,123.94,123.98,445.817
2026-09-27 12:49:00,123.99,123.99,123.93,123.94,372.682
2026-09-27 12:50:00,123.94,123.97,123.93,123.96,165.736
2026-09-27 12:51:00,123.97,123.99,123.92,123.92,464.773
2026-09-27 12:52:00,123.92,123.93,123.91,123.91,129.633
2026-09-27 12:53:00,123.91,123.92,123.86,123.89,1679.224
2026-09-27 12:54:00,123.89,123.92,123.84,123.84,495.242
2026-09-27 12:55:00,123.84,123.84,123.81,123.83,364.383
2026-09-27 12:56:00,123.83,123.83,123.66,123.67,2257.94
2026-09-27 12:57:00,123.67,123.7,123.66,123.68,640.418
2026-09-27 12:58:00,123.68,123.69,123.5,123.53,1660.932
2026-09-27 12:59:00,123.53,123.53,123.36,123.37,2628.334
2026-09-27 13:00:00,123.36,123.36,122.9,122.9,12702.231
2026-09-27 13:01:00,122.89,123.03,122.59,123.03,10860.006
2026-09-27 13:02:00,123.02,123.36,122.85,123.24,5811.838
2026-09-27 13:03:00,123.24,123.3,122.96,122.98,2140.722
2026-09-27 13:04:00,122.98,123.15,122.9,123.08,2562.696
2026-09-27 13:05:00,123.07,123.09,122.99,123.05,1880.472
2026-09-27 13:06:00,123.04,123.17,122.87,123.17,6815.903
2026-09-27 13:07:00,123.16,123.27,123.1,123.2,5289.94
2026-09-27 13:08:00,123.21,123.28,123.15,123.16,3310.047
2026-09-27 13:09:00,123.15,123.22,123.09,123.13,1911.265
2026-09-27 13:10:00,123.13,123.13,123.04,123.05,1132.646
2026-09-27 13:11:00,123.05,123.12,123.0,123.03,875.162
2026-09-27 13:12:00,123.02,123.04,122.82,122.87,2720.491
2026-09-27 13:13:00,122.86,123.0,122.82,122.96,2735.214
2026-09-27 13:14:00,122.96,123.0,122.63,122.68,26898.436
2026-09-27 13:15:00,122.69,122.77,122.34,122.4,68432.859
2026-09-27 13:16:00,122.4,122.63,122.38,122.62,36849.541
2026-09-27 13:17:00,122.62,122.72,122.57,122.67,5654.648
2026-09-27 13:18:00,122.67,122.67,122.54,122.66,2425.92
2026-09-27 13:19:00,122.66,122.71,122.64,122.7,1476.046
2026-09-27 13:20:00,122.69,122.71,122.61,122.71,932.838
2026-09-27 13:21:00,122.7,122.77,122.65,122.77,1551.54
2026-09-27 13:22:00,122.76,122.87,122.76,122.82,1828.555
2026-09-27 13:23:00,122.81,122.89,122.81,122.85,844.629
2026-09-27 13:24:00,122.85,122.85,122.82,122.84,942.566
2026-09-27 13:25:00,122.84,122.89,122.83,122.83,823.643
2026-09-27 13:26:00,122.84,122.91,122.81,122.91,1041.184
2026-09-27 13:27:00,122.91,122.96,122.91,122.91,1210.493
2026-09-27 13:28:00,122.92,123.06,122.89,122.98,2542.989
2026-09-27 13:29:00,122.99,123.08,122.98,123.06,1443.256
2026-09-27 13:30:00,123.06,123.33,123.06,123.3,3361.369
2026-09-27 13:31:00,123.29,123.45,123.25,123.44,2157.03
2026-09-27 13:32:00,123.44,123.64,123.39,123.55,17432.344
2026-09-27 13:33:00,123.54,123.63,123.45,123.61,2019.692
2026-09-27 13:34:00,123.61,123.69,123.3,123.34,3652.433
2026-09-27 13:35:00,123.35,123.38,123.24,123.27,2535.715
2026-09-27 13:36:00,123.28,123.36,123.12,123.14,2481.803
2026-09-27 13:37:00,123.14,123.16,123.02,123.08,2862.058
2026-09-27 13:38:00,123.08,123.22,122.93,122.94,2406.74
2026-09-27 13:39:00,122.94,123.03,122.91,122.95,1279.514
2026-09-27 13:40:00,122.95,122.99,122.89,122.94,1377.725
2026-09-27 13:41:00,122.94,123.0,122.84,122.98,1273.234
2026-09-27 13:42:00,122.98,123.02,122.98,123.0,764.824
2026-09-27 13:43:00,123.0,123.06,122.97,122.97,761.978
2026-09-27 13:44:00,122.97,122.97,122.78,122.83,1641.38
2026-09-27 13:45:00,122.84,122.93,122.69,122.93,3366.326
2026-09-27 13:46:00,122.93,123.0,122.77,122.77,27716.13
2026-09-27 13:47:00,122.78,122.88,122.77,122.88,788.522
2026-09-27 13:48:00,122.88,123.03,122.87,123.03,1914.581
2026-09-27 13:49:00,123.03,123.03,122.95,123.01,560.493
2026-09-27 13:50:00,123.01,123.06,122.94,122.97,2837.761
2026-09-27 13:51:00,122.97,122.97,122.88,122.88,408.619
2026-09-27 13:52:00,122.89,122.92,122.85,122.9,1793.054
2026-09-27 13:53:00,122.9,122.9,122.85,122.88,616.784
2026-09-27 13:54:00,122.87,122.92,122.87,122.88,594.093
2026-09-27 13:55:00,122.87,122.9,122.86,122.88,540.547
2026-09-27 13:56:00,122.87,122.96,122.87,122.94,674.529
2026-09-27 13:57:00,122.95,123.05,122.94,123.0,1185.395
2026-09-27 13:58:00,123.0,123.09,122.99,123.07,2044.475
2026-09-27 13:59:00,123.08,123.18,123.07,123.16,905.421
2026-09-27 14:00:00,123.16,123.21,123.16,123.21,480.246
2026-09-27 14:01:00,123.21,123.21,122.93,122.94,1426.159
2026-09-27 14:02:00,122.94,123.06,122.89,123.06,2833.215
2026-09-27 14:03:00,123.06,123.08,122.93,122.93,1099.558
2026-09-27 14:04:00,122.94,122.96,122.86,122.9,1605.087
2026-09-27 14:05:00,122.9,123.03,122.86,123.02,2206.413
2026-09-27 14:06:00,123.02,123.1,123.01,123.02,1600.186
2026-09-27 14:07:00,123.02,123.11,123.02,123.1,373.295
2026-09-27 14:08:00,123.1,123.17,123.08,123.11,592.874
2026-09-27 14:09:00,123.11,123.19,123.1,123.19,240.616
2026-09-27 14:10:00,123.19,123.2,123.01,123.02,1853.887
2026-09-27 14:11:00,123.02,123.06,122.96,123.0,730.371
2026-09-27 14:12:00,123.0,123.0,122.97,122.97,256.691
2026-09-27 14:13:00,122.98,123.02,122.97,122.97,665.393
2026-09-27 14:14:00,122.98,123.0,122.96,123.0,352.634
2026-09-27 14:15:00,123.0,123.08,122.99,123.02,505.66
2026-09-27 14:16:00,123.02,123.08,123.01,123.08,663.044
2026-09-27 14:17:00,123.08,123.1,123.0,123.02,471.936
2026-09-27 14:18:00,123.02,123.08,122.98,122.98,2288.145
2026-09-27 14:19:00,122.99,122.99,122.8,122.8,1246.875
2026-09-27 14:20:00,122.8,122.8,122.58,122.58,4050.417
2026-09-27 14:21:00,122.59,122.62,122.52,122.6,1867.736
2026-09-27 14:22:00,122.6,122.73,122.6,122.67,1775.124
2026-09-27 14:23:00,122.66,122.67,122.49,122.49,3549.966
2026-09-27 14:24:00,122.49,122.61,122.47,122.49,3793.393
2026-09-27 14:25:00,122.48,122.59,122.42,122.56,3198.838
2026-09-27 14:26:00,122.55,122.62,122.28,122.35,5076.573
2026-09-27 14:27:00,122.35,122.35,121.86,122.0,17701.19
2026-09-27 14:28:00,122.01,122.14,121.96,121.96,3875.154
2026-09-27 14:29:00,121.97,122.05,121.79,121.98,6216.715
2026-09-27 14:30:00,121.99,122.09,121.87,121.97,3982.43
2026-09-27 14:31:00,121.96,122.15,121.93,122.09,2162.68
2026-09-27 14:32:00,122.1,122.19,122.08,122.09,7176.649
2026-09-27 14:33:00,122.08,122.18,121.91,122.09,3828.321
2026-09-27 14:34:00,122.08,122.1,122.0,122.0,986.359
2026-09-27 14:35:00,122.0,122.04,121.75,121.93,3084.276
2026-09-27 14:36:00,121.93,122.02,121.87,121.92,1123.146
2026-09-27 14:37:00,121.93,121.93,121.74,121.75,1709.26
2026-09-27 14:38:00,121.74,121.88,121.68,121.7,4795.601
2026-09-27 14:39:00,121.7,121.9,121.69,121.79,4023.889
2026-09-27 14:40:00,121.79,121.8,121.67,121.68,2383.726
2026-09-27 14:41:00,121.68,121.75,121.42,121.73,24026.709
2026-09-27 14:42:00,121.73,121.83,121.7,121.79,2024.23
2026-09-27 14:43:00,121.79,121.95,121.78,121.85,4375.72
2026-09-27 14:44:00,121.85,121.93,121.81,121.9,739.049
2026-09-27 14:45:00,121.89,121.92,121.8,121.89,1203.025
2026-09-27 14:46:00,121.9,121.98,121.74,121.81,3434.429
2026-09-27 14:47:00,121.81,121.84,121.7,121.7,1277.962
2026-09-27 14:48:00,121.71,121.75,121.4,121.71,4988.381
2026-09-27 14:49:00,121.71,121.89,121.64,121.85,2260.977
2026-09-27 14:50:00,121.86,121.94,121.84,121.88,1729.213
2026-09-27 14:51:00,121.89,121.98,121.7,121.75,5074.014
2026-09-27 14:52:00,121.74,121.91,121.74,121.82,1635.315
2026-09-27 14:53:00,121.81,121.83,121.75,121.79,3102.213
2026-09-27 14:54:00,121.8,121.83,121.74,121.82,5189.022
2026-09-27 14:55:00,121.83,121.83,121.72,121.73,741.425
2026-09-27 14:56:00,121.72,121.79,121.65,121.72,2788.323
2026-09-27 14:57:00,121.72,121.85,121.72,121.78,2943.057
2026-09-27 14:58:00,121.78,121.8,121.71,121.72,1269.249
2026-09-27 14:59:00,121.71,121.74,121.66,121.7,1146.322
2026-09-27 15:00:00,121.7,121.8,121.62,121.64,1440.78
2026-09-27 15:01:00,121.65,121.65,121.35,121.44,3877.203
2026-09-27 15:02:00,121.45,121.74,121.39,121.73,3344.903
2026-09-27 15:03:00,121.72,121.78,121.5,121.61,2417.905
2026-09-27 15:04:00,121.6,121.63,121.37,121.38,2624.221
2026-09-27 15:05:00,121.38,121.5,121.28,121.47,4174.98
2026-09-27 15:06:00,121.46,121.66,121.42,121.65,2366.996
2026-09-27 15:07:00,121.66,121.71,121.55,121.63,1235.118
2026-09-27 15:08:00,121.64,121.64,121.6,121.64,968.886
2026-09-27 15:09:00,121.64,121.71,121.62,121.69,1165.275
2026-09-27 15:10:00,121.7,121.7,121.64,121.68,937.362
2026-09-27 15:11:00,121.67,121.67,121.54,121.54,2454.089
2026-09-27 15:12:00,121.55,121.55,121.39,121.52,16393.951
2026-09-27 15:13:00,121.53,121.53,121.39,121.42,1237.412
2026-09-27 15:14:00,121.42,121.51,121.41,121.51,1057.56
2026-09-27 15:15:00,121.51,121.56,121.46,121.56,409.742
2026-09-27 15:16:00,121.56,121.86,121.56,121.83,2819.071
2026-09-27 15:17:00,121.82,121.86,121.68,121.68,2518.469
2026-09-27 15:18:00,121.68,121.75,121.66,121.66,1142.047
2026-09-27 15:19:00,121.66,121.7,121.66,121.69,557.846
2026-09-27 15:20:00,121.7,121.75,121.62,121.63,1202.963
2026-09-27 15:21:00,121.63,121.74,121.55,121.74,2231.818
2026-09-27 15:22:00,121.73,121.76,121.69,121.76,985.004
2026-09-27 15:23:00,121.75,121.83,121.74,121.81,1458.774
2026-09-27 15:24:00,121.8,121.82,121.66,121.72,2422.845
2026-09-27 15:25:00,121.72,121.75,121.68,121.69,406.67
2026-09-27 15:26:00,121.69,121.7,121.56,121.59,3251.063
2026-09-27 15:27:00,121.59,121.73,121.46,121.69,3670.368
2026-09-27 15:28:00,121.69,121.77,121.69,121.74,2196.85
2026-09-27 15:29:00,121.74,121.83,121.74,121.81,540.731
2026-09-27 15:30:00,121.82,121.82,121.69,121.82,1689.357
2026-09-27 15:31:00,121.82,121.9,121.55,121.57,6144.401
2026-09-27 15:32:00,121.56,121.75,121.56,121.75,925.455
2026-09-27 15:33:00,121.74,121.76,121.62,121.69,1250.634
2026-09-27 15:34:00,121.69,121.75,121.56,121.59,4001.203
2026-09-27 15:35:00,121.59,121.63,121.56,121.57,547.788
2026-09-27 15:36:00,121.57,121.71,121.56,121.67,1445.57
2026-09-27 15:37:00,121.66,121.71,121.57,121.59,1489.468
2026-09-27 15:38:00,121.6,121.64,121.56,121.63,530.222
2026-09-27 15:39:00,121.63,121.63,121.55,121.55,919.088
2026-09-27 15:40:00,121.55,121.65,121.55,121.64,814.258
2026-09-27 15:41:00,121.64,121.7,121.59,121.62,832.556
2026-09-27 15:42:00,121.61,121.68,121.58,121.62,598.852
2026-09-27 15:43:00,121.61,121.65,121.59,121.6,1050.548
2026-09-27 15:44:00,121.6,121.66,121.5,121.5,2852.233
2026-09-27 15:45:00,121.51,121.63,121.51,121.59,1188.34
2026-09-27 15:46:00,121.6,121.7,121.6,121.7,499.259
2026-09-27 15:47:00,121.7,121.74,121.69,121.72,770.993
2026-09-27 15:48:00,121.72,121.76,121.71,121.75,720.057
2026-09-27 15:49:00,121.74,121.75,121.7,121.7,374.211
2026-09-27 15:50:00,121.71,121.75,121.7,121.73,1607.025
2026-09-27 15:51:00,121.73,121.78,121.71,121.71,1514.379
2026-09-27 15:52:00,121.71,121.75,121.59,121.67,10225.823
2026-09-27 15:53:00,121.68,121.75,121.64,121.64,1528.365
2026-09-27 15:54:00,121.64,121.71,121.61,121.71,1385.3
2026-09-27 15:55:00,121.72,121.76,121.7,121.75,1197.762
2026-09-27 15:56:00,121.74,121.78,121.73,121.73,554.292
2026-09-27 15:57:00,121.73,121.81,121.7,121.81,1309.395
2026-09-27 15:58:00,121.82,121.88,121.82,121.83,876.319
2026-09-27 15:59:00,121.83,121.86,121.69,121.75,18012.987
2026-09-27 16:00:00,121.76,121.85,121.72,121.85,1190.349
2026-09-27 16:01:00,121.85,121.89,121.82,121.84,665.339
2026-09-27 16:02:00,121.85,121.85,121.71,121.74,782.914
2026-09-27 16:03:00,121.74,121.84,121.73,121.84,1077.594
2026-09-27 16:04:00,121.83,121.98,121.83,121.98,940.93
2026-09-27 16:05:00,121.98,122.01,121.97,121.99,482.689
2026-09-27 16:06:00,121.99,122.11,121.9,122.09,1174.998
2026-09-27 16:07:00,122.1,122.18,122.09,122.09,1398.927
2026-09-27 16:08:00,122.09,122.18,122.08,122.16,846.054
2026-09-27 16:09:00,122.17,122.21,122.14,122.21,1025.648
2026-09-27 16:10:00,122.2,122.2,122.02,122.03,2640.556
2026-09-27 16:11:00,122.04,122.06,122.01,122.02,680.596
2026-09-27 16:12:00,122.02,122.04,122.0,122.0,384.74
2026-09-27 16:13:00,122.01,122.05,122.01,122.05,1244.419
2026-09-27 16:14:00,122.04,122.12,122.02,122.12,294.897
2026-09-27 16:15:00,122.11,122.11,122.05,122.11,937.056
2026-09-27 16:16:00,122.11,122.11,122.02,122.04,672.762
2026-09-27 16:17:00,122.03,122.06,121.93,121.99,804.875
2026-09-27 16:18:00,121.98,122.14,121.96,122.14,630.209
2026-09-27 16:19:00,122.14,122.23,122.13,122.17,631.51
2026-09-27 16:20:00,122.17,122.26,122.13,122.26,1563.669
2026-09-27 16:21:00,122.25,122.35,122.2,122.23,1985.082
2026-09-27 16:22:00,122.23,122.3,122.15,122.18,1054.666
2026-09-27 16:23:00,122.18,122.18,122.06,122.13,1724.627
2026-09-27 16:24:00,122.13,122.13,122.08,122.08,443.28
2026-09-27 16:25:00,122.09,122.12,122.05,122.05,1237.909
2026-09-27 16:26:00,122.05,122.06,122.0,122.01,634.675
2026-09-27 16:27:00,122.01,122.02,121.93,121.97,2128.257
2026-09-27 16:28:00,121.98,122.03,121.96,121.97,909.293
2026-09-27 16:29:00,121.97,122.0,121.93,121.94,884.976
2026-09-27 16:30:00,121.94,121.94,121.8,121.8,1617.801
2026-09-27 16:31:00,121.79,121.96,121.73,121.88,3643.47
2026-09-27 16:32:00,121.88,122.0,121.83,122.0,1036.012
2026-09-27 16:33:00,122.01,122.03,121.87,121.88,1481.932
2026-09-27 16:34:00,121.88,121.95,121.88,121.93,1218.32
2026-09-27 16:35:00,121.93,121.99,121.75,121.77,3019.603
2026-09-27 16:36:00,121.77,121.85,121.71,121.85,1010.331
2026-09-27 16:37:00,121.85,122.02,121.85,121.91,1485.341
2026-09-27 16:38:00,121.92,122.04,121.9,121.92,931.071
2026-09-27 16:39:00,121.93,122.0,121.93,121.98,301.541
2026-09-27 16:40:00,121.98,121.98,121.87,121.95,684.819
2026-09-27 16:41:00,121.94,121.97,121.88,121.92,642.566
2026-09-27 16:42:00,121.92,121.92,121.83,121.83,397.926
2026-09-27 16:43:00,121.83,121.87,121.76,121.8,1039.797
2026-09-27 16:44:00,121.81,121.83,121.8,121.83,454.949
2026-09-27 16:45:00,121.82,121.98,121.82,121.92,947.954
2026-09-27 16:46:00,121.92,121.98,121.89,121.96,958.731
2026-09-27 16:47:00,121.97,122.01,121.94,121.94,1101.283
2026-09-27 16:48:00,121.95,121.96,121.9,121.9,537.473
2026-09-27 16:49:00,121.91,121.96,121.89,121.94,2297.156
2026-09-27 16:50:00,121.93,121.93,121.8,121.81,587.032
2026-09-27 16:51:00,121.81,121.89,121.78,121.8,2467.087
2026-09-27 16:52:00,121.8,121.91,121.79,121.89,897.531
2026-09-27 16:53:00,121.9,121.9,121.8,121.81,442.076
2026-09-27 16:54:00,121.82,121.85,121.74,121.75,616.757
2026-09-27 16:55:00,121.75,121.77,121.69,121.73,1369.394
2026-09-27 16:56:00,121.74,121.79,121.71,121.74,1030.988
2026-09-27 16:57:00,121.75,121.8,121.74,121.8,339.52
2026-09-27 16:58:00,121.8,121.84,121.8,121.82,168.453
2026-09-27 16:59:00,121.83,121.86,121.79,121.83,441.16
2026-09-27 17:00:00,121.82,121.84,121.8,121.84,132.995
2026-09-27 17:01:00,121.85,121.95,121.81,121.81,1409.135
2026-09-27 17:02:00,121.8,122.01,121.8,122.01,1950.122
2026-09-27 17:03:00,122.0,122.03,121.98,122.01,1204.323
2026-09-27 17:04:00,122.01,122.01,121.96,122.0,1546.259
2026-09-27 17:05:00,121.99,121.99,121.93,121.97,302.226
2026-09-27 17:06:00,121.96,122.0,121.83,121.84,2611.878
2026-09-27 17:07:00,121.84,121.89,121.72,121.89,1519.847
2026-09-27 17:08:00,121.89,121.89,121.83,121.85,457.224
2026-09-27 17:09:00,121.86,121.87,121.83,121.84,180.385
2026-09-27 17:10:00,121.84,121.97,121.84,121.92,391.353
2026-09-27 17:11:00,121.91,121.93,121.86,121.87,355.787
2026-09-27 17:12:00,121.86,121.95,121.86,121.95,615.76
2026-09-27 17:13:00,121.95,121.97,121.92,121.97,967.195
2026-09-27 17:14:00,121.97,122.01,121.96,121.97,1174.161
2026-09-27 17:15:00,121.98,122.06,121.98,122.06,285.523
2026-09-27 17:16:00,122.06,122.12,122.05,122.08,1147.54
2026-09-27 17:17:00,122.08,122.11,122.06,122.1,751.548
2026-09-27 17:18:00,122.1,122.1,122.06,122.1,751.11
2026-09-27 17:19:00,122.09,122.1,122.02,122.06,640.545
2026-09-27 17:20:00,122.05,122.12,122.05,122.05,1648.311
2026-09-27 17:21:00,122.05,122.09,122.04,122.05,968.582
2026-09-27 17:22:00,122.05,122.06,122.03,122.06,438.832
2026-09-27 17:23:00,122.06,122.06,122.04,122.05,356.23
2026-09-27 17:24:00,122.04,122.08,122.0,122.07,1031.334
2026-09-27 17:25:00,122.06,122.07,122.04,122.05,210.228
2026-09-27 17:26:00,122.06,122.06,122.0,122.03,259.115
2026-09-27 17:27:00,122.02,122.02,121.93,121.95,318.008
2026-09-27 17:28:00,121.95,121.95,121.9,121.9,212.947
2026-09-27 17:29:00,121.9,121.9,121.88,121.89,295.128
2026-09-27 17:30:00,121.89,121.92,121.86,121.91,1090.271
2026-09-27 17:31:00,121.92,122.02,121.85,122.01,2498.78
2026-09-27 17:32:00,122.02,122.02,121.91,121.92,608.972
2026-09-27 17:33:00,121.92,121.93,121.9,121.91,425.778
2026-09-27 17:34:00,121.9,122.02,121.9,122.02,376.419
2026-09-27 17:35:00,122.01,122.03,122.01,122.03,451.067
2026-09-27 17:36:00,122.03,122.14,121.96,121.96,5658.292
2026-09-27 17:37:00,121.96,122.01,121.95,121.95,104.674
2026-09-27 17:38:00,121.95,121.96,121.91,121.95,411.324
2026-09-27 17:39:00,121.95,121.96,121.94,121.96,228.179
2026-09-27 17:40:00,121.95,121.98,121.92,121.96,676.925
2026-09-27 17:41:00,121.97,121.99,121.95,121.95,606.596
2026-09-27 17:42:00,121.96,121.96,121.95,121.96,208.882
2026-09-27 17:43:00,121.95,122.04,121.95,121.96,1306.918
2026-09-27 17:44:00,121.96,122.01,121.95,121.99,802.387
2026-09-27 17:45:00,121.99,122.08,121.98,122.08,465.822
2026-09-27 17:46:00,122.08,122.1,122.08,122.09,254.591
2026-09-27 17:47:00,122.1,122.12,122.05,122.05,567.268
2026-09-27 17:48:00,122.04,122.1,122.04,122.09,663.887
2026-09-27 17:49:00,122.08,122.15,122.08,122.15,460.337
2026-09-27 17:50:00,122.15,122.19,122.12,122.12,951.52
2026-09-27 17:51:00,122.13,122.16,122.09,122.1,713.445
2026-09-27 17:52:00,122.1,122.13,122.09,122.13,665.226
2026-09-27 17:53:00,122.12,122.13,122.12,122.12,102.89
2026-09-27 17:54:00,122.13,122.13,122.09,122.1,182.51
2026-09-27 17:55:00,122.1,122.14,122.09,122.1,644.978
2026-09-27 17:56:00,122.09,122.11,122.06,122.07,79.705
2026-09-27 17:57:00,122.07,122.11,122.07,122.11,1147.699
2026-09-27 17:58:00,122.11,122.13,122.1,122.11,2281.349
2026-09-27 17:59:00,122.12,122.12,122.06,122.07,392.481
2026-09-27 18:00:00,122.06,122.06,122.05,122.06,111.177
2026-09-27 18:01:00,122.05,122.05,122.0,122.01,544.119
2026-09-27 18:02:00,122.0,122.01,121.98,121.99,387.681
2026-09-27 18:03:00,121.99,122.01,121.94,121.95,511.701
2026-09-27 18:04:00,121.95,121.97,121.94,121.97,205.499
2026-09-27 18:05:00,121.97,122.06,121.96,122.01,605.067
2026-09-27 18:06:00,122.01,122.06,122.01,122.02,226.985
2026-09-27 18:07:00,122.02,122.04,122.0,122.04,389.483
2026-09-27 18:08:00,122.04,122.05,122.03,122.04,128.614
2026-09-27 18:09:00,122.05,122.1,122.02,122.1,432.56
2026-09-27 18:10:00,122.09,122.2,122.08,122.18,1052.544
2026-09-27 18:11:00,122.18,122.32,122.17,122.26,2223.895
2026-09-27 18:12:00,122.26,122.3,122.24,122.25,526.049
2026-09-27 18:13:00,122.25,122.35,122.24,122.35,791.275
2026-09-27 18:14:00,122.35,122.44,122.35,122.38,2510.292
2026-09-27 18:15:00,122.38,122.55,122.38,122.52,3074.014
2026-09-27 18:16:00,122.52,122.68,122.51,122.65,2482.148
2026-09-27 18:17:00,122.64,122.78,122.64,122.78,3279.166
2026-09-27 18:18:00,122.78,122.83,122.75,122.76,1964.723
2026-09-27 18:19:00,122.76,122.82,122.72,122.72,1085.835
2026-09-27 18:20:00,122.72,122.78,122.68,122.76,952.625
2026-09-27 18:21:00,122.76,122.84,122.75,122.84,1015.52
2026-09-27 18:22:00,122.83,122.87,122.77,122.85,688.635
2026-09-27 18:23:00,122.86,122.95,122.69,122.74,5382.689
2026-09-27 18:24:00,122.73,122.74,122.64,122.69,1197.351
2026-09-27 18:25:00,122.7,122.73,122.69,122.73,389.194
2026-09-27 18:26:00,122.73,122.76,122.69,122.73,237.988
2026-09-27 18:27:00,122.73,122.8,122.71,122.78,513.551
2026-09-27 18:28:00,122.78,122.87,122.75,122.85,837.045
2026-09-27 18:29:00,122.85,122.95,122.84,122.95,814.005
2026-09-27 18:30:00,122.94,122.95,122.84,122.84,3173.61
2026-09-27 18:31:00,122.83,122.9,122.8,122.82,724.003
2026-09-27 18:32:00,122.82,122.89,122.8,122.83,333.298
2026-09-27 18:33:00,122.83,122.89,122.82,122.89,168.911
2026-09-27 18:34:00,122.88,122.89,122.8,122.82,413.794
2026-09-27 18:35:00,122.82,122.88,122.81,122.87,374.862
2026-09-27 18:36:00,122.87,122.9,122.83,122.89,1744.905
2026-09-27 18:37:00,122.88,122.88,122.8,122.85,987.148
2026-09-27 18:38:00,122.85,122.88,122.8,122.81,876.551
2026-09-27 18:39:00,122.81,122.84,122.8,122.84,203.138
2026-09-27 18:40:00,122.84,122.88,122.83,122.88,378.23
2026-09-27 18:41:00,122.88,122.88,122.85,122.88,254.953
2026-09-27 18:42:00,122.88,122.99,122.88,122.98,6275.866
2026-09-27 18:43:00,122.98,122.99,122.93,122.99,1165.544
2026-09-27 18:44:00,122.99,123.03,122.98,123.01,1937.808
2026-09-27 18:45:00,123.0,123.01,122.99,123.0,1202.353
2026-09-27 18:46:00,122.99,123.14,122.99,123.12,2518.23
2026-09-27 18:47:00,123.12,123.27,123.08,123.14,2238.333
2026-09-27 18:48:00,123.14,123.25,123.14,123.21,1346.139
2026-09-27 18:49:00,123.21,123.21,123.09,123.16,801.328
2026-09-27 18:50:00,123.17,123.28,123.17,123.28,1202.856
2026-09-27 18:51:00,123.27,123.28,123.03,123.13,3125.366
2026-09-27 18:52:00,123.13,123.15,123.06,123.1,9445.147
2026-09-27 18:53:00,123.09,123.12,123.07,123.1,1000.5
2026-09-27 18:54:00,123.1,123.15,123.1,123.12,338.229
2026-09-27 18:55:00,123.13,123.13,123.06,123.06,465.406
2026-09-27 18:56:00,123.07,123.17,123.07,123.17,425.061
2026-09-27 18:57:00,123.16,123.2,123.15,123.2,576.447
2026-09-27 18:58:00,123.2,123.3,123.2,123.24,1148.393
2026-09-27 18:59:00,123.25,123.29,123.24,123.28,549.158
2026-09-27 19:00:00,123.29,123.32,123.09,123.1,2566.212
2026-09-27 19:01:00,123.11,123.17,123.09,123.09,428.314
2026-09-27 19:02:00,123.09,123.1,122.88,122.9,2774.865
2026-09-27 19:03:00,122.91,122.94,122.9,122.92,1182.488
2026-09-27 19:04:00,122.92,122.96,122.92,122.95,293.768
2026-09-27 19:05:00,122.95,122.96,122.95,122.95,723.292
2026-09-27 19:06:00,122.95,122.99,122.95,122.99,524.688
2026-09-27 19:07:00,122.99,122.99,122.97,122.97,651.481
2026-09-27 19:08:00,122.98,122.99,122.97,122.99,81.581
2026-09-27 19:09:00,122.98,123.07,122.98,123.07,943.636
2026-09-27 19:10:00,123.07,123.2,123.06,123.17,1542.156
2026-09-27 19:11:00,123.17,123.24,123.16,123.16,2239.516
2026-09-27 19:12:00,123.15,123.17,123.13,123.16,509.054
2026-09-27 19:13:00,123.17,123.18,123.14,123.18,493.408
2026-09-27 19:14:00,123.18,123.27,123.18,123.18,2167.248
2026-09-27 19:15:00,123.19,123.25,123.19,123.25,398.093
2026-09-27 19:16:00,123.25,123.29,123.25,123.29,366.771
2026-09-27 19:17:00,123.29,123.38,123.24,123.24,1652.876
2026-09-27 19:18:00,123.24,123.39,123.23,123.39,2935.404
2026-09-27 19:19:00,123.39,123.43,123.38,123.4,1203.775
2026-09-27 19:20:00,123.39,123.41,123.29,123.32,982.378
2026-09-27 19:21:00,123.33,123.33,123.22,123.22,1227.158
2026-09-27 19:22:00,123.23,123.24,123.2,123.21,755.057
2026-09-27 19:23:00,123.2,123.21,123.14,123.15,1272.827
2026-09-27 19:24:00,123.14,123.22,123.14,123.22,1169.925
2026-09-27 19:25:00,123.22,123.22,123.15,123.15,391.266
2026-09-27 19:26:00,123.15,123.16,123.05,123.08,991.945
2026-09-27 19:27:00,123.08,123.08,122.99,123.03,1173.554
2026-09-27 19:28:00,123.04,123.04,122.96,122.98,809.604
2026-09-27 19:29:00,122.98,123.07,122.97,123.07,403.365
2026-09-27 19:30:00,123.06,123.07,122.99,122.99,928.578
2026-09-27 19:31:00,122.99,123.05,122.98,123.05,1365.009
2026-09-27 19:32:00,123.06,123.07,122.96,122.97,1484.926
2026-09-27 19:33:00,122.98,123.0,122.9,122.99,530.001
2026-09-27 19:34:00,122.99,123.04,122.95,122.95,812.427
2026-09-27 19:35:00,122.95,122.96,122.93,122.95,347.662
2026-09-27 19:36:00,122.96,122.98,122.96,122.98,769.598
2026-09-27 19:37:00,122.98,123.14,122.95,123.08,4142.178
2026-09-27 19:38:00,123.09,123.21,123.09,123.2,713.825
2026-09-27 19:39:00,123.2,123.23,123.14,123.22,754.173
2026-09-27 19:40:00,123.23,123.25,123.13,123.14,1115.593
2026-09-27 19:41:00,123.13,123.21,123.13,123.21,359.688
2026-09-27 19:42:00,123.22,123.22,123.12,123.13,574.825
2026-09-27 19:43:00,123.12,123.18,123.12,123.13,668.595
2026-09-27 19:44:00,123.13,123.13,123.1,123.13,327.587
2026-09-27 19:45:00,123.12,123.2,123.12,123.18,479.24
2026-09-27 19:46:00,123.19,123.32,123.19,123.31,1203.103
2026-09-27 19:47:00,123.32,123.35,123.25,123.26,1291.662
2026-09-27 19:48:00,123.26,123.31,123.25,123.25,1576.505
2026-09-27 19:49:00,123.25,123.27,123.2,123.27,875.166
2026-09-27 19:50:00,123.28,123.3,123.25,123.26,493.922
2026-09-27 19:51:00,123.25,123.26,123.21,123.22,138.432
2026-09-27 19:52:00,123.21,123.25,123.18,123.19,1109.725
2026-09-27 19:53:00,123.18,123.19,123.12,123.17,628.08
2026-09-27 19:54:00,123.17,123.24,123.17,123.2,516.995
2026-09-27 19:55:00,123.2,123.22,123.18,123.22,375.78
2026-09-27 19:56:00,123.22,123.28,123.21,123.22,2251.881
2026-09-27 19:57:00,123.22,123.23,123.15,123.15,1133.198
2026-09-27 19:58:00,123.14,123.14,123.07,123.08,625.772
2026-09-27 19:59:00,123.08,123.09,123.03,123.03,675.376
2026-09-27 20:00:00,123.04,123.08,123.01,123.03,983.315
2026-09-27 20:01:00,123.03,123.06,123.02,123.04,467.868
2026-09-27 20:02:00,123.03,123.06,123.01,123.01,1424.165
2026-09-27 20:03:00,123.01,123.1,123.01,123.07,623.763
2026-09-27 20:04:00,123.07,123.11,123.07,123.1,738.288
2026-09-27 20:05:00,123.11,123.12,122.99,122.99,972.547
2026-09-27 20:06:00,123.0,123.02,122.96,122.99,822.881
2026-09-27 20:07:00,122.98,122.99,122.96,122.96,311.023
2026-09-27 20:08:00,122.96,123.1,122.96,123.06,1916.098
2026-09-27 20:09:00,123.07,123.15,123.07,123.15,409.112
2026-09-27 20:10:00,123.15,123.18,123.14,123.16,858.36
2026-09-27 20:11:00,123.16,123.25,123.16,123.25,663.327
2026-09-27 20:12:00,123.25,123.33,123.25,123.31,1543.662
2026-09-27 20:13:00,123.31,123.41,123.31,123.41,1844.388
2026-09-27 20:14:00,123.41,123.45,123.38,123.4,1249.88
2026-09-27 20:15:00,123.4,123.4,123.39,123.4,132.866
2026-09-27 20:16:00,123.39,123.4,123.31,123.32,528.847
2026-09-27 20:17:00,123.31,123.44,123.31,123.37,1672.606
2026-09-27 20:18:00,123.37,123.41,123.28,123.33,1549.291
2026-09-27 20:19:00,123.33,123.36,123.29,123.33,898.786
2026-09-27 20:20:00,123.33,123.36,123.22,123.22,2452.039
2026-09-27 20:21:00,123.23,123.23,122.97,123.02,3208.125
2026-09-27 20:22:00,123.01,123.03,122.99,123.02,740.947
2026-09-27 20:23:00,123.02,123.02,122.88,122.9,1253.607
2026-09-27 20:24:00,122.9,122.98,122.9,122.95,497.814
2026-09-27 20:25:00,122.96,122.97,122.84,122.84,1133.45
2026-09-27 20:26:00,122.85,122.85,122.71,122.77,2715.675
2026-09-27 20:27:00,122.77,122.81,122.77,122.78,638.166
2026-09-27 20:28:00,122.78,122.79,122.73,122.79,871.412
2026-09-27 20:29:00,122.78,122.81,122.78,122.8,556.231
2026-09-27 20:30:00,122.79,122.9,122.79,122.9,724.172
2026-09-27 20:31:00,122.9,122.94,122.88,122.91,734.422
2026-09-27 20:32:00,122.9,122.92,122.8,122.82,798.719
2026-09-27 20:33:00,122.82,122.86,122.82,122.86,573.709
2026-09-27 20:34:00,122.86,122.94,122.85,122.87,701.398
2026-09-27 20:35:00,122.87,122.92,122.86,122.92,353.31
2026-09-27 20:36:00,122.93,122.96,122.88,122.88,1371.464
2026-09-27 20:37:00,122.89,122.91,122.79,122.79,1379.754
2026-09-27 20:38:00,122.8,122.82,122.76,122.81,1034.167
2026-09-27 20:39:00,122.81,122.89,122.81,122.81,630.626
2026-09-27 20:40:00,122.81,122.84,122.81,122.81,244.629
2026-09-27 20:41:00,122.81,122.9,122.81,122.83,1185.129
2026-09-27 20:42:00,122.84,122.86,122.84,122.86,101.484
2026-09-27 20:43:00,122.85,122.92,122.85,122.91,403.231
2026-09-27 20:44:00,122.92,122.96,122.91,122.95,175.393
2026-09-27 20:45:00,122.95,123.0,122.95,123.0,808.617
2026-09-27 20:46:00,122.99,123.05,122.97,123.05,262.916
2026-09-27 20:47:00,123.05,123.05,122.82,122.82,1116.987
2026-09-27 20:48:00,122.82,122.89,122.8,122.88,722.79
2026-09-27 20:49:00,122.87,122.94,122.75,122.76,2538.952
2026-09-27 20:50:00,122.75,122.82,122.72,122.75,1346.99
2026-09-27 20:51:00,122.76,122.82,122.76,122.78,652.259
2026-09-27 20:52:00,122.78,122.81,122.72,122.8,992.886
2026-09-27 20:53:00,122.79,122.79,122.71,122.73,564.007
2026-09-27 20:54:00,122.73,122.74,122.55,122.57,3707.662
2026-09-27 20:55:00,122.58,122.63,122.58,122.63,334.308
2026-09-27 20:56:00,122.63,122.66,122.58,122.66,950.111
2026-09-27 20:57:00,122.66,122.72,122.62,122.69,1642.805
2026-09-27 20:58:00,122.69,122.71,122.67,122.71,171.975
2026-09-27 20:59:00,122.71,122.71,122.7,122.71,310.879
2026-09-27 21:00:00,122.71,122.76,122.69,122.75,768.49
2026-09-27 21:01:00,122.75,122.76,122.72,122.75,335.782
2026-09-27 21:02:00,122.76,122.76,122.66,122.67,228.25
2026-09-27 21:03:00,122.68,122.94,122.67,122.92,2043.597
2026-09-27 21:04:00,122.91,122.94,122.86,122.86,1035.288
2026-09-27 21:05:00,122.86,122.87,122.75,122.81,1010.522
2026-09-27 21:06:00,122.81,122.87,122.81,122.87,542.521
2026-09-27 21:07:00,122.87,122.87,122.85,122.86,522.087
2026-09-27 21:08:00,122.85,122.88,122.85,122.88,58.419
2026-09-27 21:09:00,122.88,122.88,122.86,122.88,299.954
2026-09-27 21:10:00,122.89,122.93,122.89,122.93,152.089
2026-09-27 21:11:00,122.93,122.95,122.91,122.91,507.135
2026-09-27 21:12:00,122.91,122.91,122.9,122.91,210.921
2026-09-27 21:13:00,122.91,123.07,122.91,123.07,1040.223
2026-09-27 21:14:00,123.07,123.16,123.06,123.16,1233.188
2026-09-27 21:15:00,123.15,123.29,123.15,123.2,2596.294
2026-09-27 21:16:00,123.21,123.26,123.03,123.09,3978.82
2026-09-27 21:17:00,123.1,123.12,123.08,123.08,351.646
2026-09-27 21:18:00,123.08,123.14,123.06,123.12,875.152
2026-09-27 21:19:00,123.11,123.11,123.0,123.0,814.776
2026-09-27 21:20:00,123.01,123.02,122.99,122.99,208.679
2026-09-27 21:21:00,122.99,122.99,122.96,122.97,390.73
2026-09-27 21:22:00,122.98,122.98,122.94,122.96,371.504
2026-09-27 21:23:00,122.97,123.06,122.97,123.06,553.166
2026-09-27 21:24:00,123.07,123.11,123.04,123.11,681.164
2026-09-27 21:25:00,123.11,123.15,123.07,123.08,398.852
2026-09-27 21:26:00,123.07,123.07,122.99,122.99,335.036
2026-09-27 21:27:00,122.99,122.99,122.91,122.91,586.301
2026-09-27 21:28:00,122.9,122.91,122.84,122.86,443.323
2026-09-27 21:29:00,122.87,122.89,122.86,122.86,204.16
2026-09-27 21:30:00,122.87,122.93,122.86,122.93,323.957
2026-09-27 21:31:00,122.92,123.0,122.89,123.0,1008.964
2026-09-27 21:32:00,123.0,123.0,122.92,122.92,377.192
2026-09-27 21:33:00,122.92,122.92,122.89,122.91,61.815
2026-09-27 21:34:00,122.91,122.91,122.78,122.85,2580.623
2026-09-27 21:35:00,122.86,122.86,122.66,122.66,1220.283
2026-09-27 21:36:00,122.65,122.67,122.43,122.5,1772.546
2026-09-27 21:37:00,122.49,122.49,122.19,122.32,5760.106
2026-09-27 21:38:00,122.33,122.56,122.31,122.52,1208.872
2026-09-27 21:39:00,122.52,122.56,122.51,122.56,572.879
2026-09-27 21:40:00,122.56,122.61,122.56,122.58,858.913
2026-09-27 21:41:00,122.59,122.61,122.54,122.59,244.663
2026-09-27 21:42:00,122.59,122.77,122.58,122.74,1571.282
2026-09-27 21:43:00,122.73,122.73,122.63,122.7,1214.534
2026-09-27 21:44:00,122.7,122.71,122.68,122.7,335.892
2026-09-27 21:45:00,122.7,122.77,122.7,122.73,412.561
2026-09-27 21:46:00,122.74,122.78,122.73,122.75,388.778
2026-09-27 21:47:00,122.76,122.82,122.75,122.81,302.986
2026-09-27 21:48:00,122.82,122.88,122.82,122.84,412.034
2026-09-27 21:49:00,122.84,122.87,122.84,122.87,113.472
2026-09-27 21:50:00,122.87,122.92,122.84,122.87,659.452
2026-09-27 21:51:00,122.88,122.92,122.88,122.92,565.394
2026-09-27 21:52:00,122.92,123.0,122.92,122.97,896.301
2026-09-27 21:53:00,122.98,122.98,122.91,122.91,224.139
2026-09-27 21:54:00,122.9,122.94,122.84,122.85,453.927
2026-09-27 21:55:00,122.86,122.89,122.85,122.86,393.642
2026-09-27 21:56:00,122.86,122.89,122.78,122.87,877.269
2026-09-27 21:57:00,122.87,122.89,122.85,122.89,232.191
2026-09-27 21:58:00,122.89,122.89,122.86,122.86,294.077
2026-09-27 21:59:00,122.85,122.93,122.79,122.85,7861.985
2026-09-27 22:00:00,122.85,123.0,122.7,122.74,3948.092
2026-09-27 22:01:00,122.73,122.78,122.3,122.39,4089.812
2026-09-27 22:02:00,122.39,122.39,121.84,122.11,16068.878
2026-09-27 22:03:00,122.1,122.1,121.78,121.94,8254.559
2026-09-27 22:04:00,121.95,122.09,121.87,122.08,3599.554
2026-09-27 22:05:00,122.08,122.17,122.02,122.12,928.8
2026-09-27 22:06:00,122.12,122.32,122.12,122.18,2618.358
2026-09-27 22:07:00,122.18,122.18,121.83,121.96,3077.104
2026-09-27 22:08:00,121.96,121.96,121.7,121.83,3226.729
2026-09-27 22:09:00,121.84,121.89,121.76,121.86,1658.785
2026-09-27 22:10:00,121.86,121.89,121.77,121.89,585.001
2026-09-27 22:11:00,121.89,121.97,121.79,121.79,2377.908
2026-09-27 22:12:00,121.79,121.85,121.76,121.76,555.792
2026-09-27 22:13:00,121.76,121.79,121.47,121.48,6404.717
2026-09-27 22:14:00,121.49,121.57,121.42,121.54,3538.782
2026-09-27 22:15:00,121.54,121.54,121.31,121.44,5966.29
2026-09-27 22:16:00,121.43,121.45,121.32,121.42,1122.398
2026-09-27 22:17:00,121.43,121.62,121.42,121.6,1715.646
2026-09-27 22:18:00,121.6,121.66,121.51,121.6,2174.322
2026-09-27 22:19:00,121.6,121.67,121.56,121.65,1784.161
2026-09-27 22:20:00,121.65,121.74,121.51,121.52,1755.202
2026-09-27 22:21:00,121.52,121.7,121.5,121.67,1445.855
2026-09-27 22:22:00,121.67,121.82,121.67,121.82,8827.67
2026-09-27 22:23:00,121.81,121.91,121.8,121.9,712.422
2026-09-27 22:24:00,121.9,122.02,121.89,122.0,2800.609
2026-09-27 22:25:00,122.0,122.13,122.0,122.08,1433.288
2026-09-27 22:26:00,122.08,122.09,121.94,121.97,909.913
2026-09-27 22:27:00,121.98,122.14,121.97,122.12,781.495
2026-09-27 22:28:00,122.12,122.16,122.09,122.13,1021.542
2026-09-27 22:29:00,122.13,122.13,122.04,122.05,392.692
2026-09-27 22:30:00,122.04,122.04,121.77,121.78,1057.995
2026-09-27 22:31:00,121.77,121.82,121.66,121.76,1825.962
2026-09-27 22:32:00,121.76,121.81,121.65,121.65,1481.575
2026-09-27 22:33:00,121.66,121.7,121.51,121.52,712.944
2026-09-27 22:34:00,121.52,121.54,121.38,121.38,1837.748
2026-09-27 22:35:00,121.39,121.46,121.15,121.34,5423.629
2026-09-27 22:36:00,121.34,121.45,121.21,121.21,1748.176
2026-09-27 22:37:00,121.22,121.26,121.15,121.24,2065.03
2026-09-27 22:38:00,121.24,121.35,121.15,121.21,1817.192
2026-09-27 22:39:00,121.22,121.37,121.22,121.27,2773.763
2026-09-27 22:40:00,121.28,121.28,121.2,121.2,508.397
2026-09-27 22:41:00,121.2,121.2,121.14,121.15,1017.87
2026-09-27 22:42:00,121.15,121.18,121.12,121.15,1328.874
2026-09-27 22:43:00,121.16,121.19,121.14,121.15,722.388
2026-09-27 22:44:00,121.15,121.24,121.13,121.15,921.431
2026-09-27 22:45:00,121.15,121.15,121.03,121.05,1845.928
2026-09-27 22:46:00,121.04,121.13,120.96,121.12,3869.608
2026-09-27 22:47:00,121.13,121.2,120.99,121.2,1543.091
2026-09-27 22:48:00,121.19,121.2,121.08,121.08,455.989
2026-09-27 22:49:00,121.08,121.16,121.08,121.16,339.389
2026-09-27 22:50:00,121.16,121.43,121.16,121.35,2854.334
2026-09-27 22:51:00,121.36,121.39,121.32,121.34,493.901
2026-09-27 22:52:00,121.34,121.47,121.34,121.43,939.15
2026-09-27 22:53:00,121.42,121.45,121.37,121.45,1217.235
2026-09-27 22:54:00,121.44,121.44,121.36,121.4,1042.174
2026-09-27 22:55:00,121.4,121.5,121.4,121.46,612.798
2026-09-27 22:56:00,121.47,121.47,121.38,121.45,447.377
2026-09-27 22:57:00,121.45,121.5,121.45,121.46,543.27
2026-09-27 22:58:00,121.45,121.49,121.43,121.46,1972.22
2026-09-27 22:59:00,121.46,121.46,121.39,121.41,585.778
2026-09-27 23:00:00,121.42,121.68,121.37,121.67,3801.13
2026-09-27 23:01:00,121.68,121.77,121.64,121.77,1216.618
2026-09-27 23:02:00,121.77,121.82,121.71,121.71,349.199
2026-09-27 23:03:00,121.72,121.78,121.64,121.71,428.396
2026-09-27 23:04:00,121.71,121.8,121.68,121.69,514.851
2026-09-27 23:05:00,121.68,121.72,121.59,121.59,1362.201
2026-09-27 23:06:00,121.59,121.59,121.46,121.5,2745.236
2026-09-27 23:07:00,121.5,121.53,121.45,121.48,621.168
2026-09-27 23:08:00,121.47,121.5,121.39,121.41,1103.012
2026-09-27 23:09:00,121.41,121.46,121.35,121.4,607.893
2026-09-27 23:10:00,121.39,121.52,121.36,121.48,1930.066
2026-09-27 23:11:00,121.48,121.56,121.45,121.48,456.723
2026-09-27 23:12:00,121.48,121.53,121.46,121.47,749.361
2026-09-27 23:13:00,121.48,121.74,121.48,121.74,764.648
2026-09-27 23:14:00,121.73,121.73,121.47,121.48,728.23
2026-09-27 23:15:00,121.48,121.55,121.44,121.45,1081.315
2026-09-27 23:16:00,121.45,121.72,121.44,121.71,599.133
2026-09-27 23:17:00,121.72,121.78,121.62,121.62,1644.347
2026-09-27 23:18:00,121.61,121.76,121.61,121.69,1216.535
2026-09-27 23:19:00,121.69,121.76,121.68,121.76,681.894
2026-09-27 23:20:00,121.77,121.94,121.77,121.92,705.766
2026-09-27 23:21:00,121.92,121.93,121.83,121.88,592.181
2026-09-27 23:22:00,121.88,121.96,121.85,121.94,450.084
2026-09-27 23:23:00,121.94,121.95,121.86,121.86,278.703
2026-09-27 23:24:00,121.87,121.97,121.85,121.93,1365.773
2026-09-27 23:25:00,121.92,121.98,121.89,121.98,507.465
2026-09-27 23:26:00,121.98,122.05,121.98,122.05,758.5
2026-09-27 23:27:00,122.05,122.08,121.9,122.02,3269.028
2026-09-27 23:28:00,122.01,122.03,121.88,121.92,465.282
2026-09-27 23:29:00,121.92,121.97,121.91,121.91,445.881
2026-09-27 23:30:00,121.91,122.05,121.88,122.05,1961.057
2026-09-27 23:31:00,122.05,122.08,122.03,122.06,606.157
2026-09-27 23:32:00,122.05,122.12,121.96,122.01,1259.647
2026-09-27 23:33:00,122.01,122.01,121.9,121.93,1169.99
2026-09-27 23:34:00,121.93,121.93,121.84,121.92,1387.361
2026-09-27 23:35:00,121.93,121.97,121.74,121.84,1862.746
2026-09-27 23:36:00,121.83,121.9,121.82,121.86,585.882
2026-09-27 23:37:00,121.86,121.97,121.86,121.94,438.653
2026-09-27 23:38:00,121.94,121.98,121.92,121.92,504.002
2026-09-27 23:39:00,121.92,121.95,121.92,121.94,489.948
2026-09-27 23:40:00,121.93,121.95,121.9,121.92,377.333
2026-09-27 23:41:00,121.93,121.93,121.81,121.86,351.889
2026-09-27 23:42:00,121.86,121.86,121.77,121.8,819.891
2026-09-27 23:43:00,121.81,121.81,121.78,121.81,121.3
2026-09-27 23:44:00,121.81,121.81,121.76,121.76,462.084
2026-09-27 23:45:00,121.77,121.83,121.75,121.78,626.533
2026-09-27 23:46:00,121.77,121.92,121.75,121.91,1604.76
2026-09-27 23:47:00,121.91,122.0,121.8,121.97,4723.917
2026-09-27 23:48:00,121.98,122.04,121.96,122.04,2919.027
2026-09-27 23:49:00,122.04,122.08,122.0,122.04,769.068
2026-09-27 23:50:00,122.04,122.12,122.03,122.11,2590.949
2026-09-27 23:51:00,122.11,122.19,122.04,122.19,2938.032
2026-09-27 23:52:00,122.18,122.2,122.16,122.19,565.922
2026-09-27 23:53:00,122.19,122.2,122.11,122.17,1880.064
2026-09-27 23:54:00,122.16,122.16,122.1,122.14,288.749
2026-09-27 23:55:00,122.15,122.15,122.05,122.12,1003.682
2026-09-27 23:56:00,122.13,122.2,122.13,122.16,316.415
2026-09-27 23:57:00,122.17,122.2,122.15,122.16,317.214
2026-09-27 23:58:00,122.15,122.15,121.94,121.97,3736.001
2026-09-27 23:59:00,121.97,121.99,121.95,121.99,948.969
2026-09-28 00:00:00,122.0,122.01,121.91,122.01,553.432
2026-09-28 00:01:00,122.01,122.15,121.96,122.14,638.631
2026-09-28 00:02:00,122.13,122.21,122.05,122.05,738.564
2026-09-28 00:03:00,122.05,122.1,122.0,122.04,1523.207
2026-09-28 00:04:00,122.03,122.08,122.0,122.03,485.396
2026-09-28 00:05:00,122.04,122.04,121.93,121.93,450.928
2026-09-28 00:06:00,121.94,121.99,121.92,121.96,217.185
2026-09-28 00:07:00,121.95,121.95,121.82,121.87,679.532
2026-09-28 00:08:00,121.87,121.87,121.68,121.68,801.429
2026-09-28 00:09:00,121.67,121.7,121.63,121.68,359.911
2026-09-28 00:10:00,121.67,121.75,121.63,121.63,472.783
2026-09-28 00:11:00,121.63,121.74,121.61,121.65,769.859
2026-09-28 00:12:00,121.65,121.7,121.61,121.7,373.095
2026-09-28 00:13:00,121.7,121.73,121.66,121.71,458.108
2026-09-28 00:14:00,121.7,121.89,121.7,121.81,3230.265
2026-09-28 00:15:00,121.81,121.89,121.79,121.89,381.085
2026-09-28 00:16:00,121.9,122.03,121.9,122.01,417.524
2026-09-28 00:17:00,122.01,122.01,121.93,121.95,371.431
2026-09-28 00:18:00,121.95,122.04,121.9,122.04,547.891
2026-09-28 00:19:00,122.05,122.43,122.05,122.41,1558.216
2026-09-28 00:20:00,122.41,122.74,122.41,122.71,2818.015
2026-09-28 00:21:00,122.71,122.93,122.7,122.83,7706.155
2026-09-28 00:22:00,122.84,122.87,122.62,122.63,2091.119
2026-09-28 00:23:00,122.63,122.79,122.63,122.75,2131.236
2026-09-28 00:24:00,122.75,122.75,122.63,122.63,902.277
2026-09-28 00:25:00,122.62,122.66,122.52,122.66,1277.662
2026-09-28 00:26:00,122.66,122.84,122.66,122.67,1142.053
2026-09-28 00:27:00,122.68,122.75,122.49,122.5,2270.372
2026-09-28 00:28:00,122.49,122.55,122.33,122.53,2873.477
2026-09-28 00:29:00,122.53,122.71,122.53,122.71,1859.38
2026-09-28 00:30:00,122.72,122.72,122.59,122.66,1061.168
2026-09-28 00:31:00,122.66,122.66,122.21,122.37,1856.185
2026-09-28 00:32:00,122.37,122.39,121.95,121.99,2440.073
2026-09-28 00:33:00,122.0,122.08,121.72,121.75,3104.971
2026-09-28 00:34:00,121.76,121.92,121.64,121.77,2568.679
2026-09-28 00:35:00,121.77,121.86,121.51,121.55,2302.26
2026-09-28 00:36:00,121.56,121.74,121.53,121.57,1569.994
2026-09-28 00:37:00,121.56,121.73,121.49,121.65,2819.547
2026-09-28 00:38:00,121.66,121.74,121.61,121.67,1226.503
2026-09-28 00:39:00,121.67,121.68,121.48,121.48,804.886
2026-09-28 00:40:00,121.48,121.52,121.44,121.51,793.013
2026-09-28 00:41:00,121.51,121.61,121.48,121.61,1148.793
2026-09-28 00:42:00,121.62,121.66,121.51,121.59,938.373
2026-09-28 00:43:00,121.59,121.71,121.59,121.6,193.092
2026-09-28 00:44:00,121.61,121.72,121.57,121.69,762.032
2026-09-28 00:45:00,121.7,122.08,121.7,122.08,1535.215
2026-09-28 00:46:00,122.08,122.24,122.08,122.23,2110.196
2026-09-28 00:47:00,122.24,122.34,122.16,122.34,1158.775
2026-09-28 00:48:00,122.33,122.44,122.3,122.43,852.365
2026-09-28 00:49:00,122.43,122.52,122.4,122.46,2056.518
2026-09-28 00:50:00,122.47,122.59,122.4,122.59,929.243
2026-09-28 00:51:00,122.58,122.73,122.53,122.68,1738.012
2026-09-28 00:52:00,122.67,122.7,122.41,122.42,1236.143
2026-09-28 00:53:00,122.42,122.43,122.32,122.32,870.515
2026-09-28 00:54:00,122.32,122.33,122.11,122.11,886.545
2026-09-28 00:55:00,122.1,122.17,121.96,121.96,1430.381
2026-09-28 00:56:00,121.96,121.98,121.8,121.82,1847.088
2026-09-28 00:57:00,121.82,121.83,121.66,121.67,1645.212
2026-09-28 00:58:00,121.67,121.82,121.66,121.72,1507.59
2026-09-28 00:59:00,121.72,121.73,121.66,121.66,915.535
2026-09-28 01:00:00,121.66,121.72,121.54,121.6,1972.845
2026-09-28 01:01:00,121.61,121.69,121.47,121.6,3139.076
2026-09-28 01:02:00,121.6,121.98,121.57,121.89,3237.877
2026-09-28 01:03:00,121.89,121.96,121.63,121.75,2789.689
2026-09-28 01:04:00,121.74,122.0,121.62,122.0,2469.178
2026-09-28 01:05:00,122.01,122.02,121.68,121.68,985.147
2026-09-28 01:06:00,121.68,121.77,121.43,121.71,4133.605
2026-09-28 01:07:00,121.71,122.22,121.71,122.22,1452.41
2026-09-28 01:08:00,122.22,122.23,122.13,122.23,1476.219
2026-09-28 01:09:00,122.22,122.25,121.76,121.82,2076.273
2026-09-28 01:10:00,121.83,121.9,121.71,121.76,2569.594
2026-09-28 01:11:00,121.77,121.85,121.7,121.85,612.26
2026-09-28 01:12:00,121.85,121.95,121.58,121.61,2742.631
2026-09-28 01:13:00,121.6,121.64,121.41,121.47,2419.202
2026-09-28 01:14:00,121.48,121.64,121.46,121.47,1424.474
2026-09-28 01:15:00,121.46,121.66,121.29,121.44,6255.278
2026-09-28 01:16:00,121.43,121.44,121.3,121.39,925.391
2026-09-28 01:17:00,121.39,121.59,121.34,121.35,1373.804
2026-09-28 01:18:00,121.35,121.63,121.32,121.54,1142.837
2026-09-28 01:19:00,121.53,121.65,121.33,121.62,1767.15
2026-09-28 01:20:00,121.63,121.78,121.62,121.76,1776.17
2026-09-28 01:21:00,121.77,122.17,121.77,122.16,2470.344
2026-09-28 01:22:00,122.17,122.17,121.95,121.96,5780.601
2026-09-28 01:23:00,121.95,122.16,121.87,121.91,2833.833
2026-09-28 01:24:00,121.9,121.92,121.79,121.87,534.962
2026-09-28 01:25:00,121.87,122.0,121.79,122.0,1102.689
2026-09-28 01:26:00,122.0,122.17,121.99,122.16,1249.236
2026-09-28 01:27:00,122.17,122.21,122.05,122.07,1231.096
2026-09-28 01:28:00,122.07,122.12,121.97,122.05,759.261
2026-09-28 01:29:00,122.05,122.12,121.97,122.01,729.27
2026-09-28 01:30:00,122.0,122.19,121.96,121.98,1142.179
2026-09-28 01:31:00,121.99,122.08,121.92,121.94,703.509
2026-09-28 01:32:00,121.95,122.01,121.81,121.96,1158.624
2026-09-28 01:33:00,121.97,122.04,121.87,121.87,1357.555
2026-09-28 01:34:00,121.88,121.94,121.79,121.79,3397.292
2026-09-28 01:35:00,121.79,121.83,121.58,121.69,3112.46
2026-09-28 01:36:00,121.69,121.74,121.53,121.56,1757.031
2026-09-28 01:37:00,121.56,121.64,121.5,121.5,1105.558
2026-09-28 01:38:00,121.51,121.58,121.44,121.44,1453.388
2026-09-28 01:39:00,121.43,121.54,121.36,121.53,1557.555
2026-09-28 01:40:00,121.52,121.52,121.27,121.28,2173.013
2026-09-28 01:41:00,121.28,121.5,121.26,121.45,1321.671
2026-09-28 01:42:00,121.46,121.55,121.34,121.34,1313.184
2026-09-28 01:43:00,121.33,121.33,121.24,121.26,1083.162
2026-09-28 01:44:00,121.26,121.28,121.01,121.05,2749.3
2026-09-28 01:45:00,121.06,121.22,120.99,120.99,3829.616
2026-09-28 01:46:00,121.0,121.04,120.98,121.01,1694.377
2026-09-28 01:47:00,121.01,121.26,121.01,121.25,3770.737
2026-09-28 01:48:00,121.25,121.31,121.0,121.0,1565.902
2026-09-28 01:49:00,121.0,121.02,120.46,120.52,15220.226
2026-09-28 01:50:00,120.51,120.81,120.33,120.77,6464.58
2026-09-28 01:51:00,120.76,121.01,120.73,120.91,1913.519
2026-09-28 01:52:00,120.91,121.03,120.81,120.94,2143.059
2026-09-28 01:53:00,120.95,121.05,120.92,121.03,1350.364
2026-09-28 01:54:00,121.03,121.15,120.89,120.9,1709.778
2026-09-28 01:55:00,120.9,120.98,120.84,120.89,1352.767
2026-09-28 01:56:00,120.88,121.07,120.82,121.07,1733.889
2026-09-28 01:57:00,121.07,121.17,120.68,120.68,2257.153
2026-09-28 01:58:00,120.67,120.79,120.64,120.73,966.279
2026-09-28 01:59:00,120.73,120.75,120.7,120.72,997.456
2026-09-28 02:00:00,120.71,120.72,120.45,120.45,4118.035
2026-09-28 02:01:00,120.45,120.64,120.39,120.62,8121.644
2026-09-28 02:02:00,120.61,120.61,120.34,120.44,2566.153
2026-09-28 02:03:00,120.43,120.62,120.3,120.62,8480.891
2026-09-28 02:04:00,120.62,120.76,120.58,120.72,2674.427
2026-09-28 02:05:00,120.73,120.77,120.6,120.65,2172.588
2026-09-28 02:06:00,120.64,120.68,120.55,120.65,3254.273
2026-09-28 02:07:00,120.66,120.68,120.52,120.59,4011.528
2026-09-28 02:08:00,120.58,120.92,120.56,120.89,3031.468
2026-09-28 02:09:00,120.89,120.98,120.76,120.82,2830.681
2026-09-28 02:10:00,120.81,120.97,120.81,120.93,915.431
2026-09-28 02:11:00,120.94,121.13,120.94,121.09,1832.31
2026-09-28 02:12:00,121.09,121.24,121.05,121.23,2056.518
2026-09-28 02:13:00,121.23,121.32,121.22,121.27,1348.435
2026-09-28 02:14:00,121.27,121.45,121.18,121.25,1603.98
2026-09-28 02:15:00,121.25,121.26,120.97,121.04,1395.449
2026-09-28 02:16:00,121.04,121.05,120.95,120.96,1756.89
2026-09-28 02:17:00,120.95,121.04,120.88,120.88,1294.298
2026-09-28 02:18:00,120.87,120.87,120.74,120.75,839.6
2026-09-28 02:19:00,120.75,120.87,120.67,120.82,1938.489
2026-09-28 02:20:00,120.82,120.92,120.74,120.86,1731.545
2026-09-28 02:21:00,120.85,120.92,120.71,120.71,1133.586
2026-09-28 02:22:00,120.7,120.71,120.61,120.63,3014.047
2026-09-28 02:23:00,120.63,120.73,120.63,120.68,1874.897
2026-09-28 02:24:00,120.69,120.95,120.65,120.84,5955.269
2026-09-28 02:25:00,120.83,120.83,120.72,120.77,1758.175
2026-09-28 02:26:00,120.77,120.99,120.76,120.95,2314.895
2026-09-28 02:27:00,120.94,121.04,120.9,120.92,3323.098
2026-09-28 02:28:00,120.92,120.93,120.82,120.82,730.77
2026-09-28 02:29:00,120.82,120.87,120.76,120.77,1674.904
2026-09-28 02:30:00,120.77,120.79,120.57,120.6,2197.253
2026-09-28 02:31:00,120.61,120.65,120.54,120.57,1644.513
2026-09-28 02:32:00,120.57,120.58,120.46,120.48,1844.309
2026-09-28 02:33:00,120.48,120.52,120.24,120.26,6705.869
2026-09-28 02:34:00,120.27,120.32,120.19,120.3,10850.404
2026-09-28 02:35:00,120.29,120.5,120.23,120.49,1886.478
2026-09-28 02:36:00,120.49,120.56,120.34,120.38,3804.553
2026-09-28 02:37:00,120.39,120.4,120.28,120.31,1347.928
2026-09-28 02:38:00,120.3,120.42,120.19,120.2,1302.587
2026-09-28 02:39:00,120.19,120.28,120.17,120.22,1391.571
2026-09-28 02:40:00,120.22,120.34,120.19,120.32,972.156
2026-09-28 02:41:00,120.32,120.37,120.23,120.23,1678.971
2026-09-28 02:42:00,120.23,120.32,120.18,120.21,941.443
2026-09-28 02:43:00,120.21,120.23,120.17,120.22,300.672
2026-09-28 02:44:00,120.23,120.31,120.22,120.26,643.079
2026-09-28 02:45:00,120.25,120.37,120.24,120.35,744.218
2026-09-28 02:46:00,120.36,120.37,120.13,120.18,2713.642
2026-09-28 02:47:00,120.18,120.22,119.88,119.94,23912.503
2026-09-28 02:48:00,119.94,120.03,119.88,120.0,2144.326
2026-09-28 02:49:00,120.0,120.08,119.95,120.04,2611.258
2026-09-28 02:50:00,120.04,120.12,120.01,120.04,1088.689
2026-09-28 02:51:00,120.04,120.08,119.9,119.91,986.982
2026-09-28 02:52:00,119.91,120.12,119.91,120.12,6512.124
2026-09-28 02:53:00,120.11,120.14,120.03,120.09,1249.876
2026-09-28 02:54:00,120.08,120.17,120.07,120.12,1084.712
2026-09-28 02:55:00,120.12,120.16,120.07,120.07,487.921
2026-09-28 02:56:00,120.07,120.08,119.99,119.99,464.535
2026-09-28 02:57:00,119.99,120.03,119.94,119.96,1432.746
2026-09-28 02:58:00,119.95,120.05,119.95,120.02,755.446
2026-09-28 02:59:00,120.01,120.05,119.94,120.05,1326.949
2026-09-28 03:00:00,120.05,120.36,120.05,120.33,2138.799
2026-09-28 03:01:00,120.33,120.38,120.26,120.26,965.529
2026-09-28 03:02:00,120.25,120.29,120.12,120.12,853.226
2026-09-28 03:03:00,120.13,120.24,120.13,120.17,843.125
2026-09-28 03:04:00,120.18,120.3,120.18,120.29,726.559
2026-09-28 03:05:00,120.29,120.37,120.17,120.19,1006.56
2026-09-28 03:06:00,120.18,120.29,120.16,120.22,886.399
2026-09-28 03:07:00,120.21,120.39,120.21,120.32,807.815
2026-09-28 03:08:00,120.33,120.39,120.26,120.29,1881.988
2026-09-28 03:09:00,120.28,120.37,120.24,120.36,1619.999
2026-09-28 03:10:00,120.37,120.41,120.29,120.4,2355.473
2026-09-28 03:11:00,120.39,120.39,120.14,120.15,946.311
2026-09-28 03:12:00,120.15,120.2,120.07,120.08,1091.247
2026-09-28 03:13:00,120.09,120.27,120.09,120.26,682.494
2026-09-28 03:14:00,120.25,120.25,120.16,120.16,1275.45
2026-09-28 03:15:00,120.16,120.24,120.09,120.09,1293.467
2026-09-28 03:16:00,120.09,120.35,120.08,120.35,2439.344
2026-09-28 03:17:00,120.34,120.43,120.32,120.43,1532.027
2026-09-28 03:18:00,120.43,120.43,120.26,120.3,845.93
2026-09-28 03:19:00,120.29,120.43,120.28,120.32,620.179
2026-09-28 03:20:00,120.31,120.39,120.31,120.39,642.572
2026-09-28 03:21:00,120.4,120.4,120.23,120.23,1417.484
2026-09-28 03:22:00,120.24,120.25,120.11,120.12,945.713
2026-09-28 03:23:00,120.13,120.17,120.07,120.09,1268.138
2026-09-28 03:24:00,120.08,120.15,120.02,120.05,1507.688
2026-09-28 03:25:00,120.04,120.05,119.87,119.97,3502.299
2026-09-28 03:26:00,119.97,120.04,119.94,119.95,2295.419
2026-09-28 03:27:00,119.94,120.0,119.87,119.93,1379.676
2026-09-28 03:28:00,119.94,120.08,119.94,119.95,1810.95
2026-09-28 03:29:00,119.94,119.94,119.72,119.85,4008.847
2026-09-28 03:30:00,119.85,119.88,119.69,119.81,3638.232
2026-09-28 03:31:00,119.81,119.82,119.65,119.78,2031.771
2026-09-28 03:32:00,119.78,119.8,119.45,119.46,3622.289
2026-09-28 03:33:00,119.46,119.68,119.46,119.62,1914.876
2026-09-28 03:34:00,119.62,119.78,119.61,119.66,2086.913
2026-09-28 03:35:00,119.65,119.86,119.59,119.82,2574.618
2026-09-28 03:36:00,119.81,119.92,119.8,119.91,1250.788
2026-09-28 03:37:00,119.9,120.13,119.9,120.01,2065.763
2026-09-28 03:38:00,120.01,120.16,120.01,120.16,1659.411
2026-09-28 03:39:00,120.17,120.19,120.06,120.14,1317.246
2026-09-28 03:40:00,120.13,120.16,120.04,120.06,754.627
2026-09-28 03:41:00,120.06,120.19,120.01,120.16,734.198
2026-09-28 03:42:00,120.16,120.28,120.16,120.28,1868.063
2026-09-28 03:43:00,120.28,120.39,120.28,120.39,982.883
2026-09-28 03:44:00,120.39,120.4,120.27,120.29,1132.986
2026-09-28 03:45:00,120.28,120.28,120.17,120.17,766.249
2026-09-28 03:46:00,120.17,120.18,120.11,120.15,323.244
2026-09-28 03:47:00,120.15,120.26,120.13,120.22,580.397
2026-09-28 03:48:00,120.22,120.22,120.1,120.16,920.065
2026-09-28 03:49:00,120.16,120.29,120.11,120.16,1753.46
2026-09-28 03:50:00,120.15,120.18,120.06,120.18,681.725
2026-09-28 03:51:00,120.18,120.23,120.06,120.13,872.452
2026-09-28 03:52:00,120.14,120.14,120.03,120.07,590.513
2026-09-28 03:53:00,120.07,120.14,120.06,120.06,695.778
2026-09-28 03:54:00,120.07,120.13,120.04,120.05,636.274
2026-09-28 03:55:00,120.04,120.04,120.0,120.0,961.546
2026-09-28 03:56:00,120.0,120.02,119.92,119.92,1000.217
2026-09-28 03:57:00,119.91,119.92,119.87,119.9,1228.701
2026-09-28 03:58:00,119.9,119.9,119.84,119.84,655.035
2026-09-28 03:59:00,119.84,119.85,119.83,119.85,342.389
2026-09-28 04:00:00,119.86,119.88,119.56,119.57,1531.762
2026-09-28 04:01:00,119.56,119.56,119.46,119.46,3305.413
2026-09-28 04:02:00,119.45,119.49,119.27,119.37,3727.374
2026-09-28 04:03:00,119.36,119.45,119.22,119.34,4472.018
2026-09-28 04:04:00,119.33,119.37,119.21,119.29,3228.431
2026-09-28 04:05:00,119.28,119.47,119.25,119.45,2801.25
2026-09-28 04:06:00,119.46,119.68,119.44,119.63,7475.289
2026-09-28 04:07:00,119.64,119.72,119.61,119.72,2495.473
2026-09-28 04:08:00,119.72,119.8,119.58,119.58,1347.427
2026-09-28 04:09:00,119.58,119.69,119.57,119.63,709.624
2026-09-28 04:10:00,119.63,119.74,119.6,119.72,660.509
2026-09-28 04:11:00,119.71,119.75,119.69,119.7,668.601
2026-09-28 04:12:00,119.7,119.8,119.66,119.79,739.831
2026-09-28 04:13:00,119.8,119.87,119.79,119.8,897.227
2026-09-28 04:14:00,119.81,119.89,119.81,119.86,1768.597
2026-09-28 04:15:00,119.85,119.9,119.74,119.74,576.621
2026-09-28 04:16:00,119.73,119.78,119.58,119.59,880.143
2026-09-28 04:17:00,119.6,119.89,119.6,119.88,1621.317
2026-09-28 04:18:00,119.89,120.1,119.89,120.09,2968.659
2026-09-28 04:19:00,120.1,120.15,120.08,120.13,1458.789
2026-09-28 04:20:00,120.13,120.2,120.09,120.1,804.274
2026-09-28 04:21:00,120.09,120.14,120.05,120.09,744.47
2026-09-28 04:22:00,120.09,120.13,120.05,120.13,591.991
2026-09-28 04:23:00,120.14,120.15,120.11,120.12,1578.508
2026-09-28 04:24:00,120.12,120.2,120.11,120.13,548.08
2026-09-28 04:25:00,120.13,120.14,120.05,120.11,1577.098
2026-09-28 04:26:00,120.11,120.11,120.02,120.03,715.952
2026-09-28 04:27:00,120.02,120.07,120.01,120.04,564.956
2026-09-28 04:28:00,120.05,120.06,119.98,120.01,573.513
2026-09-28 04:29:00,120.0,120.05,120.0,120.02,232.089
2026-09-28 04:30:00,120.01,120.01,119.93,119.95,1303.057
2026-09-28 04:31:00,119.95,119.97,119.85,119.91,956.509
2026-09-28 04:32:00,119.9,119.97,119.9,119.91,1218.023
2026-09-28 04:33:00,119.91,119.91,119.86,119.86,313.096
2026-09-28 04:34:00,119.87,119.94,119.86,119.94,668.711
2026-09-28 04:35:00,119.94,119.95,119.88,119.89,571.007
2026-09-28 04:36:00,119.9,119.95,119.87,119.91,315.532
2026-09-28 04:37:00,119.91,119.93,119.83,119.93,442.534
2026-09-28 04:38:00,119.93,120.01,119.89,119.99,450.876
2026-09-28 04:39:00,119.99,120.04,119.98,119.99,1301.293
2026-09-28 04:40:00,119.99,120.05,119.98,120.05,505.681
2026-09-28 04:41:00,120.04,120.07,120.01,120.01,800.354
2026-09-28 04:42:00,120.02,120.16,120.01,120.16,933.403
2026-09-28 04:43:00,120.16,120.23,120.15,120.17,1544.742
2026-09-28 04:44:00,120.16,120.16,120.11,120.11,1001.628
2026-09-28 04:45:00,120.1,120.1,120.01,120.03,476.101
2026-09-28 04:46:00,120.02,120.06,119.96,119.96,1004.588
2026-09-28 04:47:00,119.95,119.95,119.87,119.87,322.42
2026-09-28 04:48:00,119.87,119.88,119.84,119.88,445.609
2026-09-28 04:49:00,119.87,119.89,119.85,119.87,369.97
2026-09-28 04:50:00,119.87,120.0,119.87,120.0,719.784
2026-09-28 04:51:00,120.0,120.04,120.0,120.04,217.028
2026-09-28 04:52:00,120.03,120.12,120.03,120.12,689.621
2026-09-28 04:53:00,120.11,120.14,120.08,120.13,644.059
2026-09-28 04:54:00,120.12,120.13,120.03,120.03,1370.075
2026-09-28 04:55:00,120.03,120.04,119.94,119.99,831.663
2026-09-28 04:56:00,120.0,120.06,119.98,119.99,199.739
2026-09-28 04:57:00,119.99,120.07,119.96,120.07,547.621
2026-09-28 04:58:00,120.07,120.07,120.04,120.06,454.56
2026-09-28 04:59:00,120.05,120.05,119.96,119.96,558.571
2026-09-28 05:00:00,119.96,120.16,119.96,120.16,1695.444
2026-09-28 05:01:00,120.15,120.18,120.09,120.09,507.272
2026-09-28 05:02:00,120.09,120.09,119.87,119.88,1919.614
2026-09-28 05:03:00,119.88,119.9,119.76,119.82,1063.287
2026-09-28 05:04:00,119.82,119.82,119.73,119.75,1145.054
2026-09-28 05:05:00,119.75,119.9,119.73,119.82,1611.793
2026-09-28 05:06:00,119.82,119.85,119.75,119.77,988.334
2026-09-28 05:07:00,119.76,119.76,119.7,119.73,598.903
2026-09-28 05:08:00,119.72,119.74,119.67,119.67,527.153
2026-09-28 05:09:00,119.66,119.68,119.65,119.65,546.472
2026-09-28 05:10:00,119.65,119.69,119.62,119.62,577.802
2026-09-28 05:11:00,119.63,119.65,119.59,119.59,797.375
2026-09-28 05:12:00,119.59,119.62,119.56,119.59,576.733
2026-09-28 05:13:00,119.59,119.59,119.3,119.4,3544.512
2026-09-28 05:14:00,119.4,119.53,119.25,119.49,2521.783
2026-09-28 05:15:00,119.5,119.63,119.49,119.58,1397.646
2026-09-28 05:16:00,119.57,119.58,119.32,119.4,1675.707
2026-09-28 05:17:00,119.4,119.44,119.33,119.43,2648.99
2026-09-28 05:18:00,119.44,119.44,119.29,119.37,1955.207
2026-09-28 05:19:00,119.36,119.45,119.35,119.39,941.82
2026-09-28 05:20:00,119.4,119.47,119.33,119.38,912.586
2026-09-28 05:21:00,119.38,119.38,119.3,119.34,877.604
2026-09-28 05:22:00,119.34,119.34,119.25,119.25,892.792
2026-09-28 05:23:00,119.25,119.27,119.12,119.15,3507.314
2026-09-28 05:24:00,119.14,119.2,119.09,119.1,1886.519
2026-09-28 05:25:00,119.1,119.2,119.09,119.13,1397.672
2026-09-28 05:26:00,119.13,119.19,119.12,119.17,2367.696
2026-09-28 05:27:00,119.17,119.25,119.16,119.25,1282.1
2026-09-28 05:28:00,119.25,119.31,119.21,119.21,1290.789
2026-09-28 05:29:00,119.22,119.22,119.12,119.12,954.242
2026-09-28 05:30:00,119.12,119.12,118.95,118.98,5244.32
2026-09-28 05:31:00,118.99,119.03,118.88,118.9,1439.915
2026-09-28 05:32:00,118.9,118.9,118.64,118.71,9808.909
2026-09-28 05:33:00,118.71,118.72,118.48,118.49,5878.224
2026-09-28 05:34:00,118.48,118.51,118.41,118.42,3749.388
2026-09-28 05:35:00,118.42,118.5,118.35,118.35,3095.613
2026-09-28 05:36:00,118.35,118.45,118.34,118.4,2535.092
2026-09-28 05:37:00,118.4,118.5,118.33,118.47,4645.145
2026-09-28 05:38:00,118.47,118.52,118.14,118.16,6530.989
2026-09-28 05:39:00,118.16,118.38,118.15,118.32,6145.29
2026-09-28 05:40:00,118.32,118.51,118.27,118.45,6518.412
2026-09-28 05:41:00,118.45,118.63,118.44,118.63,3494.678
2026-09-28 05:42:00,118.63,118.98,118.63,118.98,2590.652
2026-09-28 05:43:00,118.97,119.02,118.76,119.02,2261.019
2026-09-28 05:44:00,119.02,119.2,119.02,119.19,1865.012
2026-09-28 05:45:00,119.2,119.29,119.07,119.1,1916.36
2026-09-28 05:46:00,119.1,119.18,118.98,119.11,3717.62
2026-09-28 05:47:00,119.11,119.3,119.11,119.21,2281.771
2026-09-28 05:48:00,119.21,119.26,119.06,119.07,1093.062
2026-09-28 05:49:00,119.08,119.08,118.95,118.96,2631.116
2026-09-28 05:50:00,118.97,118.99,118.83,118.83,2006.985
2026-09-28 05:51:00,118.83,118.99,118.81,118.99,1511.911
2026-09-28 05:52:00,119.0,119.05,118.92,118.99,1284.046
2026-09-28 05:53:00,118.98,118.98,118.87,118.87,836.447
2026-09-28 05:54:00,118.88,119.05,118.87,119.02,515.911
2026-09-28 05:55:00,119.01,119.01,118.94,118.99,369.321
2026-09-28 05:56:00,119.0,119.14,118.99,119.14,566.967
2026-09-28 05:57:00,119.13,119.15,119.09,119.12,726.206
2026-09-28 05:58:00,119.13,119.19,119.12,119.17,1285.853
2026-09-28 05:59:00,119.18,119.18,119.16,119.16,1697.876
2026-09-28 06:00:00,119.16,119.19,119.04,119.04,560.434
2026-09-28 06:01:00,119.05,119.05,118.99,119.02,836.729
2026-09-28 06:02:00,119.03,119.06,119.02,119.04,383.879
2026-09-28 06:03:00,119.03,119.15,118.97,119.01,1731.106
2026-09-28 06:04:00,119.0,119.1,118.98,119.01,765.833
2026-09-28 06:05:00,119.0,119.13,118.98,119.12,966.402
2026-09-28 06:06:00,119.13,119.22,119.12,119.17,1859.552
2026-09-28 06:07:00,119.17,119.31,119.09,119.16,3155.267
2026-09-28 06:08:00,119.16,119.22,119.11,119.22,827.703
2026-09-28 06:09:00,119.22,119.36,119.22,119.36,1689.969
2026-09-28 06:10:00,119.36,119.4,119.36,119.39,984.618
2026-09-28 06:11:00,119.38,119.46,119.37,119.44,1629.36
2026-09-28 06:12:00,119.43,119.47,119.43,119.46,809.822
2026-09-28 06:13:00,119.45,119.48,119.34,119.36,1440.346
2026-09-28 06:14:00,119.36,119.36,119.27,119.3,894.629
2026-09-28 06:15:00,119.29,119.3,119.19,119.25,1052.996
2026-09-28 06:16:00,119.25,119.29,119.15,119.23,1110.25
2026-09-28 06:17:00,119.22,119.22,119.05,119.05,1193.601
2026-09-28 06:18:00,119.04,119.06,119.0,119.0,1358.805
2026-09-28 06:19:00,119.01,119.03,118.98,118.99,256.256
2026-09-28 06:20:00,118.99,119.04,118.84,118.87,1282.363
2026-09-28 06:21:00,118.88,119.0,118.81,118.89,1861.361
2026-09-28 06:22:00,118.89,118.89,118.75,118.8,1084.571
2026-09-28 06:23:00,118.8,118.83,118.75,118.83,760.986
2026-09-28 06:24:00,118.83,118.87,118.78,118.78,510.582
2026-09-28 06:25:00,118.78,118.79,118.74,118.75,879.367
2026-09-28 06:26:00,118.75,118.86,118.72,118.8,1124.674
2026-09-28 06:27:00,118.79,118.79,118.45,118.58,4441.6
2026-09-28 06:28:00,118.58,118.59,118.43,118.51,4324.814
2026-09-28 06:29:00,118.5,118.54,118.35,118.37,1606.151
2026-09-28 06:30:00,118.37,118.48,118.21,118.44,5159.431
2026-09-28 06:31:00,118.44,118.59,118.43,118.59,2148.974
2026-09-28 06:32:00,118.58,118.75,118.58,118.73,2098.502
2026-09-28 06:33:00,118.74,118.8,118.69,118.78,1176.503
2026-09-28 06:34:00,118.78,118.83,118.73,118.81,839.517
2026-09-28 06:35:00,118.81,118.84,118.74,118.8,2709.43
2026-09-28 06:36:00,118.8,118.83,118.73,118.73,348.331
2026-09-28 06:37:00,118.73,118.76,118.63,118.64,1464.294
2026-09-28 06:38:00,118.63,118.68,118.6,118.61,399.942
2026-09-28 06:39:00,118.61,118.66,118.59,118.66,382.46
2026-09-28 06:40:00,118.65,118.72,118.62,118.63,671.198
2026-09-28 06:41:00,118.62,118.77,118.62,118.77,1307.763
2026-09-28 06:42:00,118.77,118.91,118.76,118.91,1361.158
2026-09-28 06:43:00,118.9,118.97,118.88,118.89,566.098
2026-09-28 06:44:00,118.88,118.88,118.78,118.78,410.849
2026-09-28 06:45:00,118.77,118.85,118.73,118.85,411.347
2026-09-28 06:46:00,118.85,118.93,118.84,118.85,1202.811
2026-09-28 06:47:00,118.84,118.84,118.74,118.76,1460.068
2026-09-28 06:48:00,118.77,118.77,118.7,118.73,675.545
2026-09-28 06:49:00,118.73,118.77,118.72,118.76,650.905
2026-09-28 06:50:00,118.77,118.77,118.7,118.7,999.421
2026-09-28 06:51:00,118.7,118.71,118.65,118.67,775.006
2026-09-28 06:52:00,118.67,118.72,118.66,118.72,407.247
2026-09-28 06:53:00,118.72,118.8,118.72,118.8,1010.072
2026-09-28 06:54:00,118.8,118.8,118.69,118.69,662.741
2026-09-28 06:55:00,118.7,118.71,118.62,118.62,1152.978
2026-09-28 06:56:00,118.62,118.64,118.61,118.61,301.06
2026-09-28 06:57:00,118.62,118.66,118.6,118.65,500.571
2026-09-28 06:58:00,118.65,118.67,118.63,118.67,667.376
2026-09-28 06:59:00,118.67,118.75,118.66,118.75,1539.353
2026-09-28 07:00:00,118.75,118.87,118.72,118.85,1297.83
2026-09-28 07:01:00,118.85,119.04,118.8,119.04,2610.157
2026-09-28 07:02:00,119.05,119.12,119.02,119.12,2506.418
2026-09-28 07:03:00,119.12,119.15,118.96,119.0,1352.505
2026-09-28 07:04:00,119.0,119.03,118.88,119.03,862.52
2026-09-28 07:05:00,119.03,119.03,118.77,118.77,1325.4
2026-09-28 07:06:00,118.78,118.81,118.74,118.76,960.298
2026-09-28 07:07:00,118.76,118.83,118.72,118.72,2133.565
2026-09-28 07:08:00,118.72,118.72,118.66,118.71,669.955
2026-09-28 07:09:00,118.72,118.75,118.71,118.71,704.118
2026-09-28 07:10:00,118.71,118.81,118.69,118.69,714.999
2026-09-28 07:11:00,118.69,118.71,118.65,118.68,1185.559
2026-09-28 07:12:00,118.67,118.67,118.63,118.64,839.763
2026-09-28 07:13:00,118.64,118.64,118.6,118.6,453.64
2026-09-28 07:14:00,118.61,118.7,118.55,118.62,6079.724
2026-09-28 07:15:00,118.63,118.68,118.57,118.67,2159.428
2026-09-28 07:16:00,118.67,118.72,118.62,118.65,1369.509
2026-09-28 07:17:00,118.64,118.72,118.6,118.6,746.515
2026-09-28 07:18:00,118.59,118.65,118.57,118.6,620.302
2026-09-28 07:19:00,118.6,118.7,118.6,118.63,1060.149
2026-09-28 07:20:00,118.64,118.68,118.55,118.64,1996.12
2026-09-28 07:21:00,118.65,118.65,118.5,118.55,2009.245
2026-09-28 07:22:00,118.54,118.54,118.38,118.38,1659.322
2026-09-28 07:23:00,118.38,118.4,118.31,118.32,1822.736
2026-09-28 07:24:00,118.31,118.34,118.22,118.22,7544.507
2026-09-28 07:25:00,118.22,118.44,118.2,118.34,3262.558
2026-09-28 07:26:00,118.34,118.34,118.27,118.29,928.022
2026-09-28 07:27:00,118.29,118.32,118.21,118.22,1669.529
2026-09-28 07:28:00,118.23,118.28,118.22,118.27,4555.952
2026-09-28 07:29:00,118.26,118.29,118.24,118.27,1165.643
2026-09-28 07:30:00,118.27,118.32,118.27,118.29,3412.793
2026-09-28 07:31:00,118.29,118.33,118.19,118.21,2471.053
2026-09-28 07:32:00,118.21,118.32,118.09,118.15,2185.215
2026-09-28 07:33:00,118.14,118.17,118.11,118.16,757.886
2026-09-28 07:34:00,118.16,118.22,117.9,118.22,8969.174
2026-09-28 07:35:00,118.22,118.34,118.21,118.34,1641.253
2026-09-28 07:36:00,118.34,118.42,118.32,118.35,1181.32
2026-09-28 07:37:00,118.35,118.42,118.28,118.4,1032.468
2026-09-28 07:38:00,118.4,118.4,118.25,118.27,2370.521
2026-09-28 07:39:00,118.28,118.36,118.28,118.32,1545.573
2026-09-28 07:40:00,118.33,118.49,118.33,118.45,1443.816
2026-09-28 07:41:00,118.45,118.5,118.41,118.41,831.492
2026-09-28 07:42:00,118.4,118.4,118.28,118.29,1009.788
2026-09-28 07:43:00,118.29,118.29,118.2,118.22,835.79
2026-09-28 07:44:00,118.21,118.22,118.17,118.21,567.736
2026-09-28 07:45:00,118.2,118.3,118.19,118.23,684.0
2026-09-28 07:46:00,118.23,118.25,118.18,118.2,836.547
2026-09-28 07:47:00,118.2,118.24,118.18,118.22,729.498
2026-09-28 07:48:00,118.22,118.38,118.22,118.34,3207.19
2026-09-28 07:49:00,118.34,118.34,118.2,118.23,5043.799
2026-09-28 07:50:00,118.23,118.25,118.15,118.25,1089.918
2026-09-28 07:51:00,118.24,118.31,118.24,118.31,400.359
2026-09-28 07:52:00,118.3,118.32,118.17,118.17,978.031
2026-09-28 07:53:00,118.16,118.16,118.09,118.11,965.308
2026-09-28 07:54:00,118.1,118.2,118.1,118.2,2348.866
2026-09-28 07:55:00,118.2,118.39,118.2,118.39,1835.683
2026-09-28 07:56:00,118.39,118.41,118.24,118.25,1152.166
2026-09-28 07:57:00,118.26,118.27,118.1,118.1,1359.725
2026-09-28 07:58:00,118.1,118.19,118.02,118.18,4975.221
2026-09-28 07:59:00,118.17,118.18,118.04,118.06,1207.864
2026-09-28 08:00:00,118.05,118.3,118.02,118.3,1787.048
2026-09-28 08:01:00,118.3,118.44,118.29,118.42,2921.655
2026-09-28 08:02:00,118.43,118.56,118.4,118.56,2590.201
2026-09-28 08:03:00,118.56,118.59,118.34,118.36,1645.089
2026-09-28 08:04:00,118.35,118.48,118.32,118.44,810.749
2026-09-28 08:05:00,118.43,118.43,118.23,118.23,1734.041
2026-09-28 08:06:00,118.24,118.3,118.23,118.25,979.156
2026-09-28 08:07:00,118.26,118.36,118.23,118.24,971.502
2026-09-28 08:08:00,118.24,118.43,118.24,118.37,968.126
2026-09-28 08:09:00,118.36,118.42,118.33,118.4,460.534
2026-09-28 08:10:00,118.41,118.41,118.29,118.38,792.222
2026-09-28 08:11:00,118.38,118.45,118.37,118.43,875.51
2026-09-28 08:12:00,118.43,118.43,118.37,118.42,319.184
2026-09-28 08:13:00,118.42,118.49,118.34,118.48,2736.554
2026-09-28 08:14:00,118.48,118.58,118.47,118.58,1150.019
2026-09-28 08:15:00,118.59,118.61,118.47,118.51,1355.604
2026-09-28 08:16:00,118.5,118.61,118.5,118.6,779.601
2026-09-28 08:17:00,118.61,118.61,118.52,118.53,1541.452
2026-09-28 08:18:00,118.53,118.56,118.44,118.45,667.386
2026-09-28 08:19:00,118.44,118.49,118.38,118.42,1077.897
2026-09-28 08:20:00,118.41,118.42,118.33,118.36,1247.971
2026-09-28 08:21:00,118.35,118.41,118.34,118.36,903.455
2026-09-28 08:22:00,118.36,118.38,118.29,118.34,4049.557
2026-09-28 08:23:00,118.34,118.37,118.27,118.28,480.248
2026-09-28 08:24:00,118.28,118.28,118.16,118.18,1179.623
2026-09-28 08:25:00,118.18,118.3,118.18,118.25,1086.745
2026-09-28 08:26:00,118.26,118.43,118.25,118.4,3103.185
2026-09-28 08:27:00,118.39,118.43,118.24,118.26,1678.101
2026-09-28 08:28:00,118.25,118.33,118.25,118.29,307.23
2026-09-28 08:29:00,118.28,118.33,118.24,118.33,1606.687
2026-09-28 08:30:00,118.33,118.42,118.33,118.33,917.63
2026-09-28 08:31:00,118.34,118.4,118.3,118.37,1032.849
2026-09-28 08:32:00,118.38,118.4,118.36,118.4,250.046
2026-09-28 08:33:00,118.39,118.42,118.35,118.38,696.202
2026-09-28 08:34:00,118.38,118.43,118.36,118.42,1058.368
2026-09-28 08:35:00,118.43,118.43,118.39,118.39,301.998
2026-09-28 08:36:00,118.38,118.38,118.26,118.32,1400.39
2026-09-28 08:37:00,118.31,118.31,118.17,118.18,2168.61
2026-09-28 08:38:00,118.18,118.25,118.06,118.24,1539.244
2026-09-28 08:39:00,118.25,118.25,118.05,118.18,1811.689
2026-09-28 08:40:00,118.17,118.26,118.11,118.16,1663.906
2026-09-28 08:41:00,118.15,118.16,118.06,118.11,1314.931
2026-09-28 08:42:00,118.12,118.15,118.05,118.13,591.731
2026-09-28 08:43:00,118.13,118.15,118.09,118.09,228.957
2026-09-28 08:44:00,118.09,118.18,118.09,118.16,455.618
2026-09-28 08:45:00,118.17,118.19,118.15,118.16,493.507
2026-09-28 08:46:00,118.15,118.25,118.12,118.23,1329.026
2026-09-28 08:47:00,118.24,118.34,118.24,118.32,1947.72
2026-09-28 08:48:00,118.31,118.32,118.24,118.24,1113.473
2026-09-28 08:49:00,118.24,118.25,118.17,118.19,1741.836
2026-09-28 08:50:00,118.19,118.28,118.19,118.27,1176.479
2026-09-28 08:51:00,118.28,118.43,118.27,118.43,1172.353
2026-09-28 08:52:00,118.44,118.44,118.35,118.44,2276.181
2026-09-28 08:53:00,118.44,118.5,118.44,118.49,1358.88
2026-09-28 08:54:00,118.49,118.51,118.43,118.43,564.43
2026-09-28 08:55:00,118.42,118.45,118.33,118.38,1928.438
2026-09-28 08:56:00,118.37,118.41,118.35,118.39,1114.591
2026-09-28 08:57:00,118.39,118.45,118.39,118.45,845.89
2026-09-28 08:58:00,118.45,118.49,118.35,118.36,1056.019
2026-09-28 08:59:00,118.36,118.38,118.36,118.36,668.586
2026-09-28 09:00:00,118.36,118.48,118.35,118.47,1624.591
2026-09-28 09:01:00,118.46,118.47,118.28,118.28,2491.686
2026-09-28 09:02:00,118.28,118.28,117.96,117.96,5326.111
2026-09-28 09:03:00,117.97,117.97,117.67,117.85,12443.627
2026-09-28 09:04:00,117.84,118.03,117.79,118.01,5731.524
2026-09-28 09:05:00,118.0,118.07,117.88,117.99,3423.549
2026-09-28 09:06:00,117.98,117.99,117.82,117.82,3417.235
2026-09-28 09:07:00,117.82,118.04,117.76,117.93,2800.995
2026-09-28 09:08:00,117.92,117.99,117.8,117.94,1591.917
2026-09-28 09:09:00,117.94,117.97,117.75,117.76,4968.357
2026-09-28 09:10:00,117.76,117.89,117.76,117.88,7090.711
2026-09-28 09:11:00,117.88,118.04,117.87,117.99,1929.601
2026-09-28 09:12:00,117.99,118.11,117.99,118.09,1090.548
2026-09-28 09:13:00,118.1,118.28,118.09,118.28,1165.794
2026-09-28 09:14:00,118.28,118.44,118.28,118.41,1982.808
2026-09-28 09:15:00,118.42,118.68,118.4,118.63,2870.525
2026-09-28 09:16:00,118.64,118.71,118.44,118.46,1644.217
2026-09-28 09:17:00,118.45,118.48,118.32,118.4,1841.934
2026-09-28 09:18:00,118.4,118.47,118.35,118.43,625.131
2026-09-28 09:19:00,118.43,118.6,118.43,118.54,1255.014
2026-09-28 09:20:00,118.53,118.62,118.42,118.48,2872.513
2026-09-28 09:21:00,118.48,118.61,118.47,118.54,1062.914
2026-09-28 09:22:00,118.54,118.58,118.46,118.48,1481.693
2026-09-28 09:23:00,118.49,118.54,118.42,118.42,489.668
2026-09-28 09:24:00,118.43,118.43,118.36,118.39,459.454
2026-09-28 09:25:00,118.39,118.41,118.33,118.33,446.021
2026-09-28 09:26:00,118.34,118.34,118.17,118.17,883.511
2026-09-28 09:27:00,118.18,118.18,118.09,118.1,2150.799
2026-09-28 09:28:00,118.1,118.2,118.1,118.2,582.17
2026-09-28 09:29:00,118.19,118.22,118.14,118.2,929.099
2026-09-28 09:30:00,118.21,118.23,118.15,118.23,1662.84
2026-09-28 09:31:00,118.23,118.23,118.1,118.11,717.589
2026-09-28 09:32:00,118.1,118.11,118.03,118.03,1978.537
2026-09-28 09:33:00,118.03,118.04,117.97,118.01,1893.83
2026-09-28 09:34:00,118.01,118.01,117.92,117.94,562.985
2026-09-28 09:35:00,117.95,117.98,117.94,117.96,392.816
2026-09-28 09:36:00,117.97,117.98,117.92,117.95,390.321
2026-09-28 09:37:00,117.95,117.97,117.9,117.91,1336.268
2026-09-28 09:38:00,117.91,117.97,117.77,117.77,2277.188
2026-09-28 09:39:00,117.78,117.87,117.78,117.78,1208.372
2026-09-28 09:40:00,117.78,117.86,117.77,117.85,2066.345
2026-09-28 09:41:00,117.85,117.88,117.78,117.88,408.314
2026-09-28 09:42:00,117.87,117.88,117.79,117.88,970.112
2026-09-28 09:43:00,117.89,117.9,117.82,117.82,995.354
2026-09-28 09:44:00,117.82,117.83,117.71,117.73,2271.847
2026-09-28 09:45:00,117.74,117.79,117.72,117.74,1978.773
2026-09-28 09:46:00,117.75,117.8,117.68,117.73,1889.918
2026-09-28 09:47:00,117.73,117.8,117.66,117.74,1063.299
2026-09-28 09:48:00,117.75,117.85,117.74,117.83,866.826
2026-09-28 09:49:00,117.82,117.86,117.78,117.79,804.033
2026-09-28 09:50:00,117.8,117.9,117.8,117.89,2401.774
2026-09-28 09:51:00,117.89,117.89,117.84,117.84,278.881
2026-09-28 09:52:00,117.85,117.87,117.7,117.7,605.138
2026-09-28 09:53:00,117.71,117.72,117.65,117.69,2221.885
2026-09-28 09:54:00,117.69,117.72,117.63,117.63,1896.886
2026-09-28 09:55:00,117.62,117.64,117.59,117.63,1985.861
2026-09-28 09:56:00,117.62,117.62,117.58,117.62,1373.012
2026-09-28 09:57:00,117.62,117.71,117.61,117.71,846.41
2026-09-28 09:58:00,117.7,117.73,117.69,117.73,1274.622
2026-09-28 09:59:00,117.73,117.76,117.7,117.76,2115.179
2026-09-28 10:00:00,117.77,118.01,117.77,118.0,2480.571
2026-09-28 10:01:00,118.0,118.03,117.97,118.0,2030.649
2026-09-28 10:02:00,118.01,118.14,118.01,118.1,1517.128
2026-09-28 10:03:00,118.1,118.26,118.08,118.26,743.327
2026-09-28 10:04:00,118.26,118.35,118.22,118.22,1120.87
2026-09-28 10:05:00,118.23,118.23,118.06,118.07,874.75
2026-09-28 10:06:00,118.07,118.11,118.0,118.06,812.541
2026-09-28 10:07:00,118.05,118.05,117.91,117.91,1563.973
2026-09-28 10:08:00,117.91,117.95,117.85,117.91,628.554
2026-09-28 10:09:00,117.91,118.0,117.9,117.98,845.004
2026-09-28 10:10:00,117.97,118.0,117.88,117.88,378.18
2026-09-28 10:11:00,117.89,117.94,117.83,117.93,645.911
2026-09-28 10:12:00,117.92,118.02,117.87,117.9,1524.001
2026-09-28 10:13:00,117.89,117.96,117.86,117.9,714.603
2026-09-28 10:14:00,117.9,117.98,117.85,117.98,2099.45
2026-09-28 10:15:00,117.99,118.1,117.99,118.1,718.475
2026-09-28 10:16:00,118.1,118.16,118.1,118.16,2152.071
2026-09-28 10:17:00,118.16,118.22,118.1,118.1,1404.365
2026-09-28 10:18:00,118.1,118.16,118.03,118.09,1534.334
2026-09-28 10:19:00,118.08,118.12,118.02,118.02,837.196
2026-09-28 10:20:00,118.02,118.02,117.95,117.99,722.758
2026-09-28 10:21:00,117.99,118.03,117.96,118.01,534.717
2026-09-28 10:22:00,118.02,118.11,118.02,118.06,579.272
2026-09-28 10:23:00,118.06,118.14,118.04,118.14,473.803
2026-09-28 10:24:00,118.14,118.23,118.13,118.23,562.951
2026-09-28 10:25:00,118.23,118.29,118.22,118.28,850.146
2026-09-28 10:26:00,118.29,118.39,118.28,118.31,2954.861
2026-09-28 10:27:00,118.31,118.32,118.14,118.18,1549.838
2026-09-28 10:28:00,118.17,118.23,118.15,118.19,646.42
2026-09-28 10:29:00,118.19,118.19,118.14,118.19,621.316
2026-09-28 10:30:00,118.19,118.19,118.08,118.09,703.581
2026-09-28 10:31:00,118.1,118.26,118.09,118.24,823.705
2026-09-28 10:32:00,118.25,118.25,118.15,118.22,504.588
2026-09-28 10:33:00,118.22,118.36,118.2,118.34,3560.591
2026-09-28 10:34:00,118.34,118.43,118.33,118.41,1468.878
2026-09-28 10:35:00,118.41,118.45,118.4,118.45,1135.71
2026-09-28 10:36:00,118.45,118.48,118.44,118.45,1030.295
2026-09-28 10:37:00,118.46,118.64,118.44,118.55,11525.84
2026-09-28 10:38:00,118.55,118.55,118.48,118.54,2674.159
2026-09-28 10:39:00,118.53,118.58,118.53,118.57,1280.326
2026-09-28 10:40:00,118.57,118.63,118.53,118.54,2499.896
2026-09-28 10:41:00,118.55,118.6,118.54,118.55,1050.269
2026-09-28 10:42:00,118.55,118.63,118.54,118.6,839.603
2026-09-28 10:43:00,118.61,118.63,118.57,118.6,978.112
2026-09-28 10:44:00,118.6,118.63,118.6,118.62,174.174
2026-09-28 10:45:00,118.62,118.63,118.54,118.56,1613.366
2026-09-28 10:46:00,118.55,118.62,118.53,118.55,1473.77
2026-09-28 10:47:00,118.54,118.6,118.52,118.56,2101.405
2026-09-28 10:48:00,118.57,118.6,118.47,118.51,1448.629
2026-09-28 10:49:00,118.5,118.57,118.47,118.53,303.994
2026-09-28 10:50:00,118.52,118.56,118.48,118.54,1166.545
2026-09-28 10:51:00,118.55,118.59,118.54,118.57,2063.278
2026-09-28 10:52:00,118.58,118.78,118.57,118.76,5410.467
2026-09-28 10:53:00,118.75,118.75,118.66,118.66,910.991
2026-09-28 10:54:00,118.66,118.66,118.61,118.62,736.207
2026-09-28 10:55:00,118.62,118.62,118.53,118.58,857.037
2026-09-28 10:56:00,118.59,118.64,118.56,118.6,906.146
2026-09-28 10:57:00,118.6,118.61,118.51,118.52,1708.434
2026-09-28 10:58:00,118.52,118.54,118.51,118.52,342.461
2026-09-28 10:59:00,118.53,118.53,118.46,118.46,1051.934
2026-09-28 11:00:00,118.47,118.71,118.47,118.63,3861.733
2026-09-28 11:01:00,118.63,118.75,118.59,118.6,1727.589
2026-09-28 11:02:00,118.61,118.67,118.52,118.66,2377.639
2026-09-28 11:03:00,118.65,118.7,118.57,118.61,3098.021
2026-09-28 11:04:00,118.61,118.67,118.51,118.65,2324.657
2026-09-28 11:05:00,118.66,118.69,118.58,118.63,1297.507
2026-09-28 11:06:00,118.62,118.72,118.62,118.71,2566.876
2026-09-28 11:07:00,118.71,118.76,118.62,118.64,2343.656
2026-09-28 11:08:00,118.64,118.64,118.58,118.59,1955.544
2026-09-28 11:09:00,118.58,118.63,118.58,118.62,1188.982
2026-09-28 11:10:00,118.62,118.62,118.55,118.58,694.641
2026-09-28 11:11:00,118.58,118.58,118.51,118.52,674.742
2026-09-28 11:12:00,118.52,118.52,118.48,118.49,1074.38
2026-09-28 11:13:00,118.49,118.58,118.45,118.51,2073.32
2026-09-28 11:14:00,118.51,118.54,118.49,118.53,656.701
2026-09-28 11:15:00,118.52,118.6,118.48,118.6,494.111
2026-09-28 11:16:00,118.6,118.71,118.51,118.65,2390.659
2026-09-28 11:17:00,118.65,118.84,118.65,118.84,2599.591
2026-09-28 11:18:00,118.83,118.84,118.64,118.65,1541.744
2026-09-28 11:19:00,118.65,118.65,118.52,118.63,737.035
2026-09-28 11:20:00,118.63,118.63,118.47,118.53,2160.998
2026-09-28 11:21:00,118.53,118.54,118.38,118.49,8851.927
2026-09-28 11:22:00,118.48,118.63,118.48,118.56,757.989
2026-09-28 11:23:00,118.56,118.74,118.55,118.74,1904.96
2026-09-28 11:24:00,118.74,118.75,118.64,118.72,903.872
2026-09-28 11:25:00,118.71,118.71,118.59,118.59,2295.667
2026-09-28 11:26:00,118.6,118.67,118.59,118.64,2029.407
2026-09-28 11:27:00,118.64,118.65,118.59,118.6,2141.058
2026-09-28 11:28:00,118.6,118.62,118.58,118.61,1116.312
2026-09-28 11:29:00,118.62,118.67,118.61,118.65,750.76
2026-09-28 11:30:00,118.64,118.67,118.58,118.59,2373.648
2026-09-28 11:31:00,118.59,118.68,118.59,118.66,1774.215
2026-09-28 11:32:00,118.65,118.67,118.59,118.59,1996.359
2026-09-28 11:33:00,118.59,118.6,118.55,118.59,1049.87
2026-09-28 11:34:00,118.59,118.65,118.53,118.65,6187.002
2026-09-28 11:35:00,118.65,118.7,118.64,118.65,490.365
2026-09-28 11:36:00,118.65,118.68,118.62,118.66,1218.875
2026-09-28 11:37:00,118.66,118.79,118.65,118.71,1226.769
2026-09-28 11:38:00,118.72,118.74,118.7,118.7,1119.443
2026-09-28 11:39:00,118.71,118.75,118.66,118.72,2226.274
2026-09-28 11:40:00,118.73,118.79,118.68,118.74,2682.748
2026-09-28 11:41:00,118.74,118.77,118.74,118.76,1529.665
2026-09-28 11:42:00,118.76,118.77,118.68,118.71,1029.686
2026-09-28 11:43:00,118.71,118.78,118.69,118.71,879.233
2026-09-28 11:44:00,118.72,118.72,118.68,118.69,247.072
2026-09-28 11:45:00,118.69,118.69,118.64,118.65,532.239
2026-09-28 11:46:00,118.64,118.64,118.61,118.61,609.934
2026-09-28 11:47:00,118.62,118.62,118.57,118.57,573.584
2026-09-28 11:48:00,118.57,118.57,118.53,118.53,207.373
2026-09-28 11:49:00,118.53,118.54,118.52,118.52,155.357
2026-09-28 11:50:00,118.52,118.52,118.5,118.5,247.383
2026-09-28 11:51:00,118.5,118.53,118.48,118.51,2200.844
2026-09-28 11:52:00,118.51,118.55,118.48,118.48,512.027
2026-09-28 11:53:00,118.47,118.48,118.4,118.41,1042.675
2026-09-28 11:54:00,118.4,118.42,118.39,118.42,575.149
2026-09-28 11:55:00,118.41,118.51,118.41,118.51,668.754
2026-09-28 11:56:00,118.5,118.68,118.5,118.63,1489.308
2026-09-28 11:57:00,118.63,118.68,118.63,118.68,529.238
2026-09-28 11:58:00,118.67,118.73,118.67,118.72,1973.131
2026-09-28 11:59:00,118.72,118.73,118.68,118.73,2699.544
2026-09-28 12:00:00,118.72,118.74,118.61,118.65,1389.99
2026-09-28 12:01:00,118.65,118.7,118.58,118.66,726.44
2026-09-28 12:02:00,118.66,118.66,118.52,118.62,1621.169
2026-09-28 12:03:00,118.62,118.68,118.55,118.62,4928.254
2026-09-28 12:04:00,118.62,119.01,118.62,119.0,7570.801
2026-09-28 12:05:00,119.0,119.31,118.99,119.27,4184.727
2026-09-28 12:06:00,119.26,119.75,119.26,119.54,13845.157
2026-09-28 12:07:00,119.54,119.74,119.46,119.72,4624.974
2026-09-28 12:08:00,119.72,119.76,119.47,119.58,4844.065
2026-09-28 12:09:00,119.58,119.84,119.58,119.8,8150.205
2026-09-28 12:10:00,119.79,119.97,119.6,119.6,7205.249
2026-09-28 12:11:00,119.6,119.7,119.55,119.55,6722.423
2026-09-28 12:12:00,119.55,119.57,119.35,119.35,3809.03
2026-09-28 12:13:00,119.36,119.43,119.3,119.42,2078.573
2026-09-28 12:14:00,119.43,119.55,119.43,119.54,1222.53
2026-09-28 12:15:00,119.53,119.53,119.36,119.36,2099.369
2026-09-28 12:16:00,119.36,119.44,119.31,119.44,1803.675
2026-09-28 12:17:00,119.44,119.54,119.43,119.51,1019.858
2026-09-28 12:18:00,119.51,119.7,119.5,119.52,3362.643
2026-09-28 12:19:00,119.51,119.68,119.5,119.67,2783.458
2026-09-28 12:20:00,119.66,119.77,119.64,119.77,2241.09
2026-09-28 12:21:00,119.76,119.8,119.6,119.6,1923.447
2026-09-28 12:22:00,119.6,119.6,119.44,119.44,2954.745
2026-09-28 12:23:00,119.43,119.57,119.4,119.56,933.955
2026-09-28 12:24:00,119.57,119.62,119.51,119.59,659.911
2026-09-28 12:25:00,119.58,119.58,119.35,119.37,2909.565
2026-09-28 12:26:00,119.37,119.62,119.35,119.52,1521.602
2026-09-28 12:27:00,119.53,119.57,119.52,119.55,671.942
2026-09-28 12:28:00,119.56,119.58,119.46,119.46,1078.867
2026-09-28 12:29:00,119.45,119.51,119.41,119.45,1722.873
2026-09-28 12:30:00,119.44,119.5,119.39,119.4,596.811
2026-09-28 12:31:00,119.41,119.47,119.38,119.38,569.096
2026-09-28 12:32:00,119.38,119.45,119.37,119.44,798.587
2026-09-28 12:33:00,119.44,119.47,119.38,119.47,408.207
2026-09-28 12:34:00,119.47,119.65,119.47,119.65,1905.054
2026-09-28 12:35:00,119.66,119.76,119.62,119.76,11374.312
2026-09-28 12:36:00,119.75,119.8,119.64,119.8,995.615
2026-09-28 12:37:00,119.79,119.79,119.63,119.63,777.366
2026-09-28 12:38:00,119.62,119.63,119.53,119.55,979.877
2026-09-28 12:39:00,119.56,119.63,119.54,119.61,1249.765
2026-09-28 12:40:00,119.6,119.6,119.44,119.45,1151.935
2026-09-28 12:41:00,119.44,119.53,119.44,119.48,2664.59
2026-09-28 12:42:00,119.48,119.5,119.44,119.48,536.273
2026-09-28 12:43:00,119.47,119.55,119.47,119.48,3742.331
2026-09-28 12:44:00,119.48,119.66,119.46,119.65,1530.319
2026-09-28 12:45:00,119.64,119.83,119.64,119.83,1991.879
2026-09-28 12:46:00,119.83,119.97,119.83,119.87,6166.951
2026-09-28 12:47:00,119.86,119.88,119.7,119.71,3036.196
2026-09-28 12:48:00,119.7,119.84,119.66,119.8,2944.151
2026-09-28 12:49:00,119.8,119.82,119.72,119.73,1056.112
2026-09-28 12:50:00,119.74,119.82,119.7,119.78,974.692
2026-09-28 12:51:00,119.78,119.82,119.72,119.75,610.742
2026-09-28 12:52:00,119.75,120.01,119.75,119.95,4410.018
2026-09-28 12:53:00,119.94,120.02,119.84,120.02,1470.825
2026-09-28 12:54:00,120.01,120.15,119.99,120.15,1562.237
2026-09-28 12:55:00,120.15,120.25,119.98,120.04,2760.656
2026-09-28 12:56:00,120.05,120.08,119.99,120.07,2392.609
2026-09-28 12:57:00,120.06,120.19,119.98,120.17,1122.338
2026-09-28 12:58:00,120.16,120.16,120.07,120.11,2695.201
2026-09-28 12:59:00,120.1,120.1,120.0,120.03,2506.79
2026-09-28 13:00:00,120.04,120.04,119.8,119.83,2821.925
2026-09-28 13:01:00,119.83,119.84,119.79,119.79,2019.891
2026-09-28 13:02:00,119.79,119.81,119.71,119.71,1361.938
2026-09-28 13:03:00,119.71,119.72,119.62,119.67,1107.598
2026-09-28 13:04:00,119.67,119.67,119.61,119.62,1308.053
2026-09-28 13:05:00,119.61,119.61,119.58,119.58,577.979
2026-09-28 13:06:00,119.59,119.68,119.54,119.62,1498.073
2026-09-28 13:07:00,119.61,119.74,119.6,119.7,848.061
2026-09-28 13:08:00,119.7,119.73,119.55,119.57,950.783
2026-09-28 13:09:00,119.56,119.57,119.52,119.53,1407.66
2026-09-28 13:10:00,119.53,119.54,119.4,119.45,2884.769
2026-09-28 13:11:00,119.44,119.55,119.44,119.53,571.897
2026-09-28 13:12:00,119.52,119.59,119.52,119.55,439.829
2026-09-28 13:13:00,119.55,119.58,119.52,119.54,660.37
2026-09-28 13:14:00,119.54,119.63,119.54,119.63,307.688
2026-09-28 13:15:00,119.63,119.68,119.62,119.65,447.654
2026-09-28 13:16:00,119.65,119.73,119.62,119.62,875.507
2026-09-28 13:17:00,119.61,119.77,119.57,119.57,1230.136
2026-09-28 13:18:00,119.58,119.62,119.47,119.52,811.238
2026-09-28 13:19:00,119.52,119.54,119.5,119.54,832.495
2026-09-28 13:20:00,119.54,119.6,119.53,119.59,535.33
2026-09-28 13:21:00,119.59,119.64,119.55,119.57,458.587
2026-09-28 13:22:00,119.56,119.56,119.49,119.53,1070.076
2026-09-28 13:23:00,119.52,119.62,119.51,119.62,732.813
2026-09-28 13:24:00,119.62,119.67,119.59,119.66,449.694
2026-09-28 13:25:00,119.66,119.83,119.63,119.82,1273.033
2026-09-28 13:26:00,119.82,119.9,119.78,119.78,3041.407
2026-09-28 13:27:00,119.78,119.92,119.78,119.88,810.495
2026-09-28 13:28:00,119.87,119.93,119.82,119.9,1200.553
2026-09-28 13:29:00,119.9,119.94,119.87,119.93,1270.012
2026-09-28 13:30:00,119.93,120.14,119.68,119.68,7112.885
2026-09-28 13:31:00,119.68,119.8,119.59,119.63,3634.884
2026-09-28 13:32:00,119.64,119.72,119.52,119.56,3391.995
2026-09-28 13:33:00,119.56,119.66,119.47,119.57,1411.969
2026-09-28 13:34:00,119.57,119.85,119.54,119.77,2668.857
2026-09-28 13:35:00,119.77,119.91,119.57,119.57,2992.484
2026-09-28 13:36:00,119.57,119.71,119.47,119.65,2122.947
2026-09-28 13:37:00,119.65,119.96,119.65,119.85,3329.346
2026-09-28 13:38:00,119.85,120.06,119.84,120.06,1753.789
2026-09-28 13:39:00,120.06,120.39,120.05,120.2,3141.909
2026-09-28 13:40:00,120.2,120.32,119.99,120.32,16286.551
2026-09-28 13:41:00,120.32,120.37,120.11,120.18,3910.862
2026-09-28 13:42:00,120.18,120.29,120.16,120.18,1693.414
2026-09-28 13:43:00,120.18,120.22,120.06,120.1,3339.105
2026-09-28 13:44:00,120.11,120.11,119.92,120.1,3321.236
2026-09-28 13:45:00,120.09,120.17,120.05,120.09,1476.448
2026-09-28 13:46:00,120.09,120.18,119.95,120.17,1803.228
2026-09-28 13:47:00,120.16,120.3,120.11,120.19,2665.441
2026-09-28 13:48:00,120.2,120.23,120.12,120.13,1943.843
2026-09-28 13:49:00,120.12,120.13,119.84,119.84,2416.16
2026-09-28 13:50:00,119.84,119.84,119.57,119.71,1241.747
2026-09-28 13:51:00,119.71,119.74,119.59,119.66,1223.499
2026-09-28 13:52:00,119.66,119.82,119.61,119.76,1044.679
2026-09-28 13:53:00,119.76,119.98,119.76,119.95,4046.073
2026-09-28 13:54:00,119.95,120.13,119.94,120.12,1556.22
2026-09-28 13:55:00,120.12,120.28,119.99,119.99,5234.679
2026-09-28 13:56:00,119.99,119.99,119.85,119.92,2255.041
2026-09-28 13:57:00,119.93,119.99,119.91,119.94,1065.378
2026-09-28 13:58:00,119.93,119.96,119.82,119.82,1213.022
2026-09-28 13:59:00,119.83,119.89,119.78,119.84,960.267
2026-09-28 14:00:00,119.84,119.84,119.57,119.57,1527.439
2026-09-28 14:01:00,119.58,119.6,119.47,119.47,1467.39
2026-09-28 14:02:00,119.47,119.7,119.45,119.65,2348.766
2026-09-28 14:03:00,119.65,119.67,119.46,119.48,3983.436
2026-09-28 14:04:00,119.48,119.48,119.32,119.41,3056.047
2026-09-28 14:05:00,119.42,119.5,119.34,119.36,2198.283
2026-09-28 14:06:00,119.36,119.67,119.27,119.67,8820.333
2026-09-28 14:07:00,119.67,119.74,119.54,119.67,2280.201
2026-09-28 14:08:00,119.67,119.74,119.64,119.64,1161.624
2026-09-28 14:09:00,119.65,119.7,119.52,119.53,472.327
2026-09-28 14:10:00,119.52,119.54,119.43,119.43,990.78
2026-09-28 14:11:00,119.44,119.65,119.37,119.62,1059.164
2026-09-28 14:12:00,119.63,119.65,119.54,119.62,649.132
2026-09-28 14:13:00,119.62,119.62,119.42,119.46,1413.438
2026-09-28 14:14:00,119.46,119.46,119.26,119.34,12612.712
2026-09-28 14:15:00,119.34,119.43,119.02,119.05,7116.284
2026-09-28 14:16:00,119.04,119.09,118.9,119.08,3991.22
2026-09-28 14:17:00,119.08,119.32,119.04,119.06,1778.895
2026-09-28 14:18:00,119.07,119.08,118.81,118.82,4230.828
2026-09-28 14:19:00,118.81,119.13,118.81,119.08,2503.345
2026-09-28 14:20:00,119.07,119.18,118.94,119.17,1428.82
2026-09-28 14:21:00,119.18,119.31,119.17,119.26,994.571
2026-09-28 14:22:00,119.27,119.51,119.27,119.51,5500.724
2026-09-28 14:23:00,119.51,119.51,119.33,119.36,898.93
2026-09-28 14:24:00,119.35,119.44,119.27,119.44,1094.093
2026-09-28 14:25:00,119.44,119.53,119.42,119.44,3989.453
2026-09-28 14:26:00,119.44,119.44,119.17,119.2,1108.081
2026-09-28 14:27:00,119.21,119.25,118.89,118.92,2022.251
2026-09-28 14:28:00,118.92,118.94,118.64,118.68,4106.411
2026-09-28 14:29:00,118.68,118.68,118.24,118.59,8761.237
2026-09-28 14:30:00,118.59,118.86,118.53,118.81,2864.475
2026-09-28 14:31:00,118.82,118.84,118.42,118.42,2918.476
2026-09-28 14:32:00,118.42,118.77,118.4,118.63,4609.167
2026-09-28 14:33:00,118.63,118.87,118.57,118.73,2925.326
2026-09-28 14:34:00,118.72,118.88,118.66,118.82,1779.261
2026-09-28 14:35:00,118.81,118.96,118.71,118.96,1358.193
2026-09-28 14:36:00,118.97,119.14,118.97,118.99,1759.035
2026-09-28 14:37:00,118.98,119.15,118.94,118.95,2471.92
2026-09-28 14:38:00,118.95,118.95,118.73,118.81,1252.257
2026-09-28 14:39:00,118.82,119.18,118.8,119.05,2119.18
2026-09-28 14:40:00,119.04,119.11,118.94,118.94,2051.449
2026-09-28 14:41:00,118.94,118.94,118.66,118.69,3600.034
2026-09-28 14:42:00,118.68,118.68,118.17,118.34,9493.597
2026-09-28 14:43:00,118.35,118.4,118.0,118.02,8273.908
2026-09-28 14:44:00,118.02,118.24,117.94,118.24,5885.186
2026-09-28 14:45:00,118.25,118.31,118.09,118.27,3934.264
2026-09-28 14:46:00,118.28,118.41,118.2,118.37,1792.304
2026-09-28 14:47:00,118.36,118.36,118.01,118.06,11401.553
2026-09-28 14:48:00,118.06,118.33,117.92,118.26,8956.842
2026-09-28 14:49:00,118.26,118.28,118.14,118.17,2404.119
2026-09-28 14:50:00,118.17,118.39,118.17,118.34,7446.898
2026-09-28 14:51:00,118.35,118.38,117.75,117.75,6007.657
2026-09-28 14:52:00,117.74,117.79,117.36,117.72,13406.654
2026-09-28 14:53:00,117.71,118.06,117.44,118.05,7104.358
2026-09-28 14:54:00,118.05,118.16,117.96,118.0,3289.349
2026-09-28 14:55:00,118.0,118.0,117.75,117.84,2342.823
2026-09-28 14:56:00,117.84,118.04,117.77,118.04,3894.206
2026-09-28 14:57:00,118.03,118.24,118.03,118.18,3163.084
2026-09-28 14:58:00,118.17,118.24,117.9,117.98,2983.897
2026-09-28 14:59:00,117.98,118.08,117.9,118.07,6714.437
2026-09-28 15:00:00,118.08,118.29,118.04,118.2,2760.419
2026-09-28 15:01:00,118.19,118.3,118.16,118.19,2118.527
2026-09-28 15:02:00,118.2,118.31,118.16,118.3,2853.874
2026-09-28 15:03:00,118.3,118.45,118.27,118.36,2347.648
2026-09-28 15:04:00,118.35,118.35,118.11,118.15,2085.799
2026-09-28 15:05:00,118.15,118.36,118.08,118.32,1908.436
2026-09-28 15:06:00,118.32,118.32,118.16,118.27,1124.756
2026-09-28 15:07:00,118.27,118.27,118.02,118.07,1185.891
2026-09-28 15:08:00,118.07,118.16,118.03,118.12,2617.232
2026-09-28 15:09:00,118.12,118.62,118.11,118.62,2675.807
2026-09-28 15:10:00,118.63,118.68,118.39,118.4,1181.243
2026-09-28 15:11:00,118.39,118.39,117.91,117.91,2974.498
2026-09-28 15:12:00,117.91,118.15,117.83,118.06,2116.432
2026-09-28 15:13:00,118.07,118.09,117.82,117.92,1834.108
2026-09-28 15:14:00,117.92,117.98,117.81,117.88,2261.982
2026-09-28 15:15:00,117.87,117.99,117.7,117.92,2763.199
2026-09-28 15:16:00,117.91,117.91,117.77,117.8,4271.181
2026-09-28 15:17:00,117.8,117.84,117.5,117.53,3151.242
2026-09-28 15:18:00,117.52,117.7,117.47,117.68,4473.702
2026-09-28 15:19:00,117.68,117.85,117.66,117.79,1913.846
2026-09-28 15:20:00,117.79,117.88,117.72,117.84,1715.287
2026-09-28 15:21:00,117.83,117.86,117.59,117.85,1209.528
2026-09-28 15:22:00,117.86,118.0,117.8,117.81,1336.377
2026-09-28 15:23:00,117.8,118.0,117.64,117.98,1810.668
2026-09-28 15:24:00,117.98,118.22,117.91,118.13,1684.768
2026-09-28 15:25:00,118.13,118.23,117.94,118.18,4119.974
2026-09-28 15:26:00,118.17,118.37,118.11,118.37,1568.856
2026-09-28 15:27:00,118.38,118.4,118.3,118.35,2399.232
2026-09-28 15:28:00,118.36,118.39,118.26,118.38,2242.623
2026-09-28 15:29:00,118.38,118.42,118.23,118.28,1174.87
2026-09-28 15:30:00,118.29,118.29,118.12,118.21,1438.683
2026-09-28 15:31:00,118.21,118.23,118.1,118.12,1640.581
2026-09-28 15:32:00,118.13,118.39,118.13,118.36,2419.945
2026-09-28 15:33:00,118.35,118.35,118.19,118.19,1558.651
2026-09-28 15:34:00,118.19,118.27,118.18,118.25,981.466
2026-09-28 15:35:00,118.25,118.36,118.21,118.35,1175.084
2026-09-28 15:36:00,118.36,118.63,118.36,118.6,2673.217
2026-09-28 15:37:00,118.59,118.65,118.46,118.63,2762.703
2026-09-28 15:38:00,118.64,118.79,118.57,118.76,1194.718
2026-09-28 15:39:00,118.75,118.75,118.51,118.71,809.009
2026-09-28 15:40:00,118.72,118.75,118.52,118.53,1364.868
2026-09-28 15:41:00,118.52,118.6,118.47,118.6,510.271
2026-09-28 15:42:00,118.6,118.68,118.5,118.51,739.791
2026-09-28 15:43:00,118.52,118.52,118.41,118.41,1031.213
2026-09-28 15:44:00,118.41,118.42,118.3,118.35,3933.775
2026-09-28 15:45:00,118.35,118.53,118.34,118.49,2931.175
2026-09-28 15:46:00,118.5,118.67,118.39,118.47,898.427
2026-09-28 15:47:00,118.48,118.56,118.44,118.56,1041.956
2026-09-28 15:48:00,118.55,118.56,118.43,118.43,650.663
2026-09-28 15:49:00,118.44,118.56,118.41,118.56,635.692
2026-09-28 15:50:00,118.56,118.72,118.56,118.65,2523.069
2026-09-28 15:51:00,118.64,118.64,118.46,118.47,1220.973
2026-09-28 15:52:00,118.47,118.58,118.41,118.48,1025.258
2026-09-28 15:53:00,118.47,118.58,118.44,118.53,610.478
2026-09-28 15:54:00,118.54,118.76,118.52,118.76,5504.619
2026-09-28 15:55:00,118.75,118.84,118.73,118.76,1072.425
2026-09-28 15:56:00,118.76,118.77,118.66,118.72,701.901
2026-09-28 15:57:00,118.72,118.81,118.67,118.69,1317.014
2026-09-28 15:58:00,118.7,118.77,118.7,118.73,413.477
2026-09-28 15:59:00,118.73,118.78,118.7,118.71,1053.913
2026-09-28 16:00:00,118.71,118.78,118.6,118.71,1639.682
2026-09-28 16:01:00,118.71,118.87,118.59,118.66,2801.436
2026-09-28 16:02:00,118.66,118.66,118.39,118.4,2248.473
2026-09-28 16:03:00,118.39,118.39,118.27,118.31,728.788
2026-09-28 16:04:00,118.32,118.5,118.31,118.48,1224.222
2026-09-28 16:05:00,118.48,118.56,118.41,118.43,656.458
2026-09-28 16:06:00,118.43,118.55,118.41,118.54,615.001
2026-09-28 16:07:00,118.54,118.75,118.48,118.66,1901.86
2026-09-28 16:08:00,118.66,118.84,118.65,118.69,1965.996
2026-09-28 16:09:00,118.69,118.73,118.55,118.65,2624.134
2026-09-28 16:10:00,118.66,118.83,118.62,118.76,3251.676
2026-09-28 16:11:00,118.76,118.89,118.74,118.8,2492.658
2026-09-28 16:12:00,118.81,118.83,118.66,118.74,459.785
2026-09-28 16:13:00,118.73,118.75,118.65,118.7,434.968
2026-09-28 16:14:00,118.71,118.72,118.62,118.71,453.188
2026-09-28 16:15:00,118.7,118.74,118.65,118.66,530.001
2026-09-28 16:16:00,118.66,118.96,118.58,118.94,3033.859
2026-09-28 16:17:00,118.93,119.39,118.93,119.38,6578.556
2026-09-28 16:18:00,119.38,119.47,119.11,119.11,2515.074
2026-09-28 16:19:00,119.11,119.34,119.08,119.34,1304.769
2026-09-28 16:20:00,119.34,119.58,119.31,119.53,5659.259
2026-09-28 16:21:00,119.53,119.74,119.51,119.62,7737.461
2026-09-28 16:22:00,119.62,119.88,119.62,119.78,3840.044
2026-09-28 16:23:00,119.78,120.0,119.61,119.93,5608.989
2026-09-28 16:24:00,119.93,120.06,119.85,119.95,7726.917
2026-09-28 16:25:00,119.96,120.04,119.86,120.02,1579.134
2026-09-28 16:26:00,120.01,120.35,119.99,120.35,7490.455
2026-09-28 16:27:00,120.34,120.37,120.22,120.36,2289.467
2026-09-28 16:28:00,120.36,120.36,120.18,120.21,3025.926
2026-09-28 16:29:00,120.21,120.33,119.94,119.98,7391.756
2026-09-28 16:30:00,119.98,120.26,119.98,120.19,12418.739
2026-09-28 16:31:00,120.18,120.25,119.98,120.0,2540.83
2026-09-28 16:32:00,120.0,120.04,119.72,119.72,4197.694
2026-09-28 16:33:00,119.72,119.87,119.68,119.78,2607.08
2026-09-28 16:34:00,119.77,119.87,119.68,119.72,682.681
2026-09-28 16:35:00,119.73,119.83,119.66,119.7,1853.818
2026-09-28 16:36:00,119.7,119.78,119.69,119.74,1046.355
2026-09-28 16:37:00,119.74,119.75,119.65,119.67,1979.858
2026-09-28 16:38:00,119.67,119.67,119.51,119.53,2957.536
2026-09-28 16:39:00,119.54,119.56,119.48,119.48,1205.6
2026-09-28 16:40:00,119.49,119.58,119.45,119.47,512.826
2026-09-28 16:41:00,119.47,119.5,119.22,119.25,3757.599
2026-09-28 16:42:00,119.25,119.27,119.07,119.21,3161.836
2026-09-28 16:43:00,119.21,119.27,119.17,119.21,1016.967
2026-09-28 16:44:00,119.21,119.28,119.18,119.24,1461.672
2026-09-28 16:45:00,119.24,119.37,119.2,119.24,2356.187
2026-09-28 16:46:00,119.23,119.28,119.13,119.17,1859.376
2026-09-28 16:47:00,119.16,119.21,119.08,119.16,837.283
2026-09-28 16:48:00,119.16,119.17,119.06,119.07,1085.229
2026-09-28 16:49:00,119.07,119.12,119.01,119.02,610.009
2026-09-28 16:50:00,119.02,119.1,118.92,119.06,2440.374
2026-09-28 16:51:00,119.05,119.1,118.95,119.09,2434.693
2026-09-28 16:52:00,119.08,119.2,119.01,119.17,4337.086
2026-09-28 16:53:00,119.17,119.24,119.11,119.21,1695.898
2026-09-28 16:54:00,119.21,119.29,119.18,119.27,683.908
2026-09-28 16:55:00,119.28,119.32,119.24,119.27,1176.134
2026-09-28 16:56:00,119.27,119.32,119.2,119.21,5086.864
2026-09-28 16:57:00,119.21,119.27,119.15,119.19,2059.705
2026-09-28 16:58:00,119.2,119.28,119.2,119.24,371.274
2026-09-28 16:59:00,119.24,119.28,119.24,119.28,527.512
2026-09-28 17:00:00,119.29,119.29,118.96,118.97,5836.968
2026-09-28 17:01:00,118.97,119.06,118.92,118.92,424.62
2026-09-28 17:02:00,118.92,119.22,118.86,119.21,2645.948
2026-09-28 17:03:00,119.2,119.27,118.75,118.84,3951.531
2026-09-28 17:04:00,118.84,118.9,118.78,118.86,1169.023
2026-09-28 17:05:00,118.86,118.87,118.8,118.82,572.6
2026-09-28 17:06:00,118.81,118.85,118.66,118.82,1172.645
2026-09-28 17:07:00,118.82,118.83,118.68,118.68,1217.151
2026-09-28 17:08:00,118.68,118.69,118.58,118.58,1524.885
2026-09-28 17:09:00,118.59,118.67,118.58,118.62,466.645
2026-09-28 17:10:00,118.61,118.67,118.59,118.64,679.251
2026-09-28 17:11:00,118.64,119.55,118.62,119.53,7863.493
2026-09-28 17:12:00,119.53,119.85,119.52,119.82,13315.396
2026-09-28 17:13:00,119.82,120.3,119.77,120.24,13130.975
2026-09-28 17:14:00,120.24,120.52,120.21,120.52,7739.558
2026-09-28 17:15:00,120.53,120.61,120.03,120.34,6048.185
2026-09-28 17:16:00,120.34,120.73,120.33,120.54,4907.658
2026-09-28 17:17:00,120.54,120.57,120.18,120.22,3109.335
2026-09-28 17:18:00,120.21,120.21,119.96,119.96,2284.265
2026-09-28 17:19:00,119.96,119.98,119.83,119.88,2145.046
2026-09-28 17:20:00,119.88,119.95,119.85,119.93,1966.821
2026-09-28 17:21:00,119.93,120.0,119.87,119.93,1484.116
2026-09-28 17:22:00,119.93,119.96,119.86,119.92,1290.814
2026-09-28 17:23:00,119.92,120.06,119.83,119.86,1624.058
2026-09-28 17:24:00,119.87,119.98,119.84,119.91,3325.912
2026-09-28 17:25:00,119.9,119.9,119.83,119.88,1193.206
2026-09-28 17:26:00,119.88,119.88,119.71,119.71,960.229
2026-09-28 17:27:00,119.72,119.73,119.57,119.6,1248.398
2026-09-28 17:28:00,119.6,119.7,119.59,119.63,872.391
2026-09-28 17:29:00,119.62,119.75,119.6,119.66,1016.055
2026-09-28 17:30:00,119.66,119.96,119.65,119.93,4924.45
2026-09-28 17:31:00,119.93,119.93,119.81,119.9,1324.943
2026-09-28 17:32:00,119.9,119.95,119.81,119.92,2954.847
2026-09-28 17:33:00,119.92,119.96,119.78,119.78,2820.612
2026-09-28 17:34:00,119.78,119.79,119.65,119.65,1259.416
2026-09-28 17:35:00,119.65,119.78,119.65,119.78,882.416
2026-09-28 17:36:00,119.79,119.86,119.76,119.77,1556.317
2026-09-28 17:37:00,119.77,119.8,119.54,119.56,2625.479
2026-09-28 17:38:00,119.55,119.85,119.55,119.81,904.154
2026-09-28 17:39:00,119.81,119.81,119.74,119.76,708.95
2026-09-28 17:40:00,119.77,119.82,119.71,119.75,916.7
2026-09-28 17:41:00,119.76,119.96,119.75,119.96,1356.459
2026-09-28 17:42:00,119.95,119.95,119.76,119.87,1316.011
2026-09-28 17:43:00,119.88,119.92,119.84,119.88,625.019
2026-09-28 17:44:00,119.88,119.95,119.86,119.94,1878.614
2026-09-28 17:45:00,119.95,120.01,119.87,119.9,1528.324
2026-09-28 17:46:00,119.91,119.93,119.83,119.84,711.936
2026-09-28 17:47:00,119.85,119.85,119.71,119.72,998.931
2026-09-28 17:48:00,119.71,119.8,119.71,119.79,395.642
2026-09-28 17:49:00,119.78,119.79,119.68,119.72,751.537
2026-09-28 17:50:00,119.72,119.72,119.61,119.61,529.543
2026-09-28 17:51:00,119.61,119.65,119.56,119.61,477.359
2026-09-28 17:52:00,119.62,119.77,119.62,119.77,667.327
2026-09-28 17:53:00,119.76,119.79,119.66,119.66,534.99
2026-09-28 17:54:00,119.66,119.73,119.65,119.65,493.372
2026-09-28 17:55:00,119.65,119.7,119.55,119.69,922.425
2026-09-28 17:56:00,119.69,119.79,119.68,119.73,3098.727
2026-09-28 17:57:00,119.74,119.84,119.74,119.83,689.202
2026-09-28 17:58:00,119.82,119.86,119.77,119.78,307.725
2026-09-28 17:59:00,119.77,119.8,119.73,119.74,390.533
2026-09-28 18:00:00,119.73,119.75,119.58,119.59,818.236
2026-09-28 18:01:00,119.58,119.65,119.55,119.64,530.361
2026-09-28 18:02:00,119.64,119.85,119.63,119.85,956.557
2026-09-28 18:03:00,119.85,119.87,119.75,119.75,495.388
2026-09-28 18:04:00,119.75,119.91,119.75,119.91,485.955
2026-09-28 18:05:00,119.91,119.94,119.83,119.87,710.106
2026-09-28 18:06:00,119.87,119.91,119.74,119.77,790.031
2026-09-28 18:07:00,119.78,119.8,119.71,119.76,617.495
2026-09-28 18:08:00,119.77,119.85,119.75,119.84,1223.038
2026-09-28 18:09:00,119.84,119.84,119.76,119.79,525.241
2026-09-28 18:10:00,119.78,119.86,119.76,119.79,1748.089
2026-09-28 18:11:00,119.79,119.87,119.79,119.87,644.773
2026-09-28 18:12:00,119.88,119.92,119.85,119.85,670.496
2026-09-28 18:13:00,119.84,119.88,119.81,119.88,179.556
2026-09-28 18:14:00,119.87,119.92,119.86,119.9,336.163
2026-09-28 18:15:00,119.89,119.95,119.84,119.85,1181.921
2026-09-28 18:16:00,119.84,119.94,119.84,119.93,1078.072
2026-09-28 18:17:00,119.94,119.96,119.77,119.77,600.789
2026-09-28 18:18:00,119.76,119.86,119.74,119.81,436.978
2026-09-28 18:19:00,119.8,119.81,119.74,119.79,341.423
2026-09-28 18:20:00,119.79,119.83,119.71,119.78,1123.302
2026-09-28 18:21:00,119.77,119.81,119.75,119.76,1086.901
2026-09-28 18:22:00,119.76,119.92,119.75,119.89,692.145
2026-09-28 18:23:00,119.89,119.93,119.81,119.81,771.065
2026-09-28 18:24:00,119.81,119.89,119.79,119.87,1027.852
2026-09-28 18:25:00,119.88,119.96,119.82,119.86,568.577
2026-09-28 18:26:00,119.85,119.89,119.81,119.89,649.141
2026-09-28 18:27:00,119.9,119.98,119.88,119.9,1000.628
2026-09-28 18:28:00,119.9,119.9,119.76,119.77,602.498
2026-09-28 18:29:00,119.76,119.79,119.75,119.76,241.813
2026-09-28 18:30:00,119.77,119.77,119.59,119.72,1439.666
2026-09-28 18:31:00,119.72,119.72,119.52,119.6,1194.356
2026-09-28 18:32:00,119.61,119.61,119.38,119.38,854.878
2026-09-28 18:33:00,119.38,119.48,119.36,119.41,521.864
2026-09-28 18:34:00,119.42,119.62,119.41,119.61,1586.663
2026-09-28 18:35:00,119.61,119.61,119.49,119.57,514.477
2026-09-28 18:36:00,119.57,119.62,119.53,119.62,482.57
2026-09-28 18:37:00,119.62,119.68,119.6,119.6,382.697
2026-09-28 18:38:00,119.6,119.66,119.56,119.56,426.714
2026-09-28 18:39:00,119.56,119.56,119.46,119.49,605.591
2026-09-28 18:40:00,119.49,119.52,119.43,119.5,713.257
2026-09-28 18:41:00,119.51,119.55,119.44,119.54,728.034
2026-09-28 18:42:00,119.54,119.62,119.51,119.53,612.173
2026-09-28 18:43:00,119.53,119.56,119.48,119.56,362.508
2026-09-28 18:44:00,119.56,119.67,119.54,119.67,438.205
2026-09-28 18:45:00,119.66,119.66,119.57,119.59,694.309
2026-09-28 18:46:00,119.59,119.66,119.57,119.6,433.806
2026-09-28 18:47:00,119.6,119.68,119.49,119.68,558.651
2026-09-28 18:48:00,119.68,119.8,119.61,119.72,838.953
2026-09-28 18:49:00,119.72,119.76,119.66,119.72,849.205
2026-09-28 18:50:00,119.72,119.83,119.7,119.79,699.962
2026-09-28 18:51:00,119.79,119.89,119.76,119.89,473.739
2026-09-28 18:52:00,119.89,120.03,119.88,120.02,959.766
2026-09-28 18:53:00,120.02,120.14,120.0,120.03,1378.431
2026-09-28 18:54:00,120.02,120.04,119.96,120.03,1397.224
2026-09-28 18:55:00,120.04,120.04,119.94,119.99,791.246
2026-09-28 18:56:00,119.98,120.03,119.94,119.95,609.786
2026-09-28 18:57:00,119.96,120.03,119.95,119.97,245.051
2026-09-28 18:58:00,119.98,120.02,119.97,120.0,561.967
2026-09-28 18:59:00,120.0,120.02,119.98,119.99,282.086
2026-09-28 19:00:00,119.98,120.01,119.87,119.88,744.189
2026-09-28 19:01:00,119.87,119.87,119.7,119.72,3433.732
2026-09-28 19:02:00,119.71,119.71,119.55,119.57,1888.293
2026-09-28 19:03:00,119.56,119.58,119.47,119.47,543.713
2026-09-28 19:04:00,119.47,119.48,119.39,119.4,2691.587
2026-09-28 19:05:00,119.39,119.4,119.34,119.4,418.765
2026-09-28 19:06:00,119.41,119.41,119.22,119.22,1531.196
2026-09-28 19:07:00,119.21,119.27,119.13,119.18,1259.272
2026-09-28 19:08:00,119.17,119.23,119.17,119.22,269.558
2026-09-28 19:09:00,119.22,119.22,119.08,119.09,699.18
2026-09-28 19:10:00,119.09,119.14,119.06,119.07,1597.831
2026-09-28 19:11:00,119.08,119.12,119.05,119.06,754.887
2026-09-28 19:12:00,119.07,119.31,119.07,119.19,3196.621
2026-09-28 19:13:00,119.2,119.34,119.2,119.33,331.434
2026-09-28 19:14:00,119.32,119.32,119.22,119.22,449.359
2026-09-28 19:15:00,119.23,119.23,119.09,119.21,718.258
2026-09-28 19:16:00,119.22,119.27,119.05,119.06,1091.291
2026-09-28 19:17:00,119.06,119.16,119.03,119.11,786.207
2026-09-28 19:18:00,119.1,119.18,119.05,119.18,403.642
2026-09-28 19:19:00,119.17,119.2,119.09,119.2,505.749
2026-09-28 19:20:00,119.19,119.19,119.13,119.15,492.7
2026-09-28 19:21:00,119.14,119.16,119.06,119.09,1063.442
2026-09-28 19:22:00,119.09,119.11,119.01,119.03,299.379
2026-09-28 19:23:00,119.04,119.05,119.0,119.01,313.734
2026-09-28 19:24:00,119.01,119.05,118.99,119.05,2036.383
2026-09-28 19:25:00,119.05,119.06,119.0,119.05,485.407
2026-09-28 19:26:00,119.05,119.08,118.99,118.99,491.002
2026-09-28 19:27:00,119.0,119.04,119.0,119.02,1615.982
2026-09-28 19:28:00,119.01,119.06,118.99,119.02,1282.213
2026-09-28 19:29:00,119.03,119.03,118.87,118.88,5150.973
2026-09-28 19:30:00,118.88,118.93,118.85,118.87,1208.257
2026-09-28 19:31:00,118.87,118.95,118.81,118.9,1267.103
2026-09-28 19:32:00,118.9,118.95,118.77,118.84,881.253
2026-09-28 19:33:00,118.83,118.89,118.7,118.7,610.658
2026-09-28 19:34:00,118.7,118.73,118.61,118.67,1789.336
2026-09-28 19:35:00,118.67,118.68,118.58,118.59,790.722
2026-09-28 19:36:00,118.58,118.58,118.3,118.46,10294.695
2026-09-28 19:37:00,118.45,118.45,118.17,118.18,4941.939
2026-09-28 19:38:00,118.18,118.26,118.14,118.15,2441.433
2026-09-28 19:39:00,118.16,118.31,118.13,118.26,1465.752
2026-09-28 19:40:00,118.25,118.25,118.02,118.06,4682.059
2026-09-28 19:41:00,118.06,118.22,118.01,118.22,1917.979
2026-09-28 19:42:00,118.21,118.28,118.14,118.28,1189.407
2026-09-28 19:43:00,118.28,118.41,118.23,118.26,1654.932
2026-09-28 19:44:00,118.25,118.37,118.2,118.34,1219.891
2026-09-28 19:45:00,118.34,118.51,118.34,118.51,1035.692
2026-09-28 19:46:00,118.52,118.52,118.38,118.38,781.383
2026-09-28 19:47:00,118.39,118.42,118.32,118.32,1046.347
2026-09-28 19:48:00,118.32,118.35,118.25,118.25,1106.438
2026-09-28 19:49:00,118.25,118.31,118.23,118.26,1267.03
2026-09-28 19:50:00,118.25,118.35,118.23,118.32,2141.38
2026-09-28 19:51:00,118.31,118.5,118.3,118.5,782.827
2026-09-28 19:52:00,118.5,118.57,118.49,118.56,339.659
2026-09-28 19:53:00,118.56,118.6,118.51,118.53,184.146
2026-09-28 19:54:00,118.53,118.54,118.4,118.4,871.744
2026-09-28 19:55:00,118.4,118.48,118.31,118.37,1601.254
2026-09-28 19:56:00,118.37,118.43,118.34,118.42,319.432
2026-09-28 19:57:00,118.42,118.43,118.35,118.37,222.29
2026-09-28 19:58:00,118.37,118.43,118.37,118.43,200.641
2026-09-28 19:59:00,118.42,118.43,118.27,118.37,3018.386
2026-09-28 20:00:00,118.37,118.53,118.37,118.43,1794.351
2026-09-28 20:01:00,118.43,118.43,118.16,118.22,1972.369
2026-09-28 20:02:00,118.21,118.39,118.15,118.39,1260.876
2026-09-28 20:03:00,118.39,118.55,118.39,118.5,641.176
2026-09-28 20:04:00,118.49,118.75,118.47,118.72,1327.763
2026-09-28 20:05:00,118.72,118.92,118.72,118.89,1488.573
2026-09-28 20:06:00,118.88,118.99,118.84,118.99,449.274
2026-09-28 20:07:00,118.98,119.03,118.95,119.03,289.196
2026-09-28 20:08:00,119.04,119.07,118.94,119.04,781.904
2026-09-28 20:09:00,119.05,119.07,118.99,119.06,706.805
2026-09-28 20:10:00,119.06,119.08,118.99,119.04,493.557
2026-09-28 20:11:00,119.03,119.03,118.97,119.02,435.477
2026-09-28 20:12:00,119.01,119.01,118.78,118.84,694.783
2026-09-28 20:13:00,118.85,118.96,118.83,118.95,408.285
2026-09-28 20:14:00,118.95,118.96,118.89,118.94,622.451
2026-09-28 20:15:00,118.93,118.93,118.84,118.85,295.089
2026-09-28 20:16:00,118.84,118.84,118.72,118.72,1606.575
2026-09-28 20:17:00,118.72,118.79,118.72,118.73,240.795
2026-09-28 20:18:00,118.73,118.78,118.71,118.78,349.459
2026-09-28 20:19:00,118.78,118.9,118.78,118.9,546.25
2026-09-28 20:20:00,118.9,118.96,118.9,118.94,605.513
2026-09-28 20:21:00,118.93,118.94,118.9,118.93,375.724
2026-09-28 20:22:00,118.94,118.99,118.93,118.95,1155.477
2026-09-28 20:23:00,118.95,119.0,118.75,118.77,1398.455
2026-09-28 20:24:00,118.76,119.01,118.75,119.0,1345.202
2026-09-28 20:25:00,119.01,119.01,118.92,118.93,563.8
2026-09-28 20:26:00,118.92,118.93,118.87,118.92,293.038
2026-09-28 20:27:00,118.91,118.92,118.85,118.87,802.059
2026-09-28 20:28:00,118.87,118.87,118.82,118.84,399.844
2026-09-28 20:29:00,118.85,118.93,118.8,118.83,640.183
2026-09-28 20:30:00,118.82,118.83,118.76,118.76,349.612
2026-09-28 20:31:00,118.76,118.83,118.7,118.82,709.476
2026-09-28 20:32:00,118.81,118.87,118.81,118.85,225.544
2026-09-28 20:33:00,118.85,118.94,118.85,118.91,665.846
2026-09-28 20:34:00,118.91,118.94,118.86,118.94,174.969
2026-09-28 20:35:00,118.94,118.96,118.93,118.96,333.013
2026-09-28 20:36:00,118.96,119.0,118.91,118.98,603.84
2026-09-28 20:37:00,118.97,118.97,118.85,118.87,410.363
2026-09-28 20:38:00,118.87,118.92,118.87,118.89,335.57
2026-09-28 20:39:00,118.89,118.96,118.86,118.95,450.908
2026-09-28 20:40:00,118.95,119.01,118.95,118.97,1211.061
2026-09-28 20:41:00,118.98,119.04,118.97,119.03,835.606
2026-09-28 20:42:00,119.03,119.03,118.89,118.89,1707.889
2026-09-28 20:43:00,118.88,118.88,118.73,118.83,725.819
2026-09-28 20:44:00,118.83,118.83,118.77,118.79,511.216
2026-09-28 20:45:00,118.79,118.79,118.73,118.76,685.629
2026-09-28 20:46:00,118.75,118.82,118.73,118.82,648.8
2026-09-28 20:47:00,118.83,118.86,118.77,118.78,680.369
2026-09-28 20:48:00,118.78,118.81,118.73,118.76,852.035
2026-09-28 20:49:00,118.76,118.76,118.71,118.75,545.293
2026-09-28 20:50:00,118.74,118.74,118.61,118.67,643.276
2026-09-28 20:51:00,118.66,118.7,118.64,118.7,568.939
2026-09-28 20:52:00,118.69,118.69,118.59,118.63,509.386
2026-09-28 20:53:00,118.63,118.68,118.63,118.66,478.366
2026-09-28 20:54:00,118.66,118.72,118.65,118.66,699.007
2026-09-28 20:55:00,118.66,118.78,118.65,118.78,907.479
2026-09-28 20:56:00,118.77,118.8,118.77,118.8,357.509
2026-09-28 20:57:00,118.79,118.95,118.79,118.83,2683.066
2026-09-28 20:58:00,118.83,118.84,118.75,118.8,2132.609
2026-09-28 20:59:00,118.8,118.84,118.8,118.84,1172.006
2026-09-28 21:00:00,118.84,119.0,118.84,118.99,617.338
2026-09-28 21:01:00,119.0,119.12,118.99,119.05,1014.613
2026-09-28 21:02:00,119.06,119.13,119.01,119.03,1817.5
2026-09-28 21:03:00,119.04,119.12,119.04,119.04,421.805
2026-09-28 21:04:00,119.05,119.15,119.05,119.11,595.043
2026-09-28 21:05:00,119.12,119.14,118.97,118.98,643.955
2026-09-28 21:06:00,118.97,119.03,118.94,119.0,863.165
2026-09-28 21:07:00,119.0,119.0,118.82,118.83,1075.189
2026-09-28 21:08:00,118.82,118.95,118.82,118.94,697.038
2026-09-28 21:09:00,118.94,119.0,118.94,118.97,1226.825
2026-09-28 21:10:00,118.98,119.0,118.9,118.91,612.527
2026-09-28 21:11:00,118.91,118.94,118.87,118.91,889.82
2026-09-28 21:12:00,118.9,118.91,118.84,118.85,522.943
2026-09-28 21:13:00,118.85,118.85,118.8,118.82,573.038
2026-09-28 21:14:00,118.81,118.81,118.74,118.75,604.074
2026-09-28 21:15:00,118.74,118.78,118.67,118.67,2354.197
2026-09-28 21:16:00,118.68,118.72,118.64,118.67,833.314
2026-09-28 21:17:00,118.67,118.67,118.54,118.54,966.771
2026-09-28 21:18:00,118.54,118.56,118.5,118.53,1148.335
2026-09-28 21:19:00,118.52,118.7,118.52,118.69,749.242
2026-09-28 21:20:00,118.69,118.71,118.6,118.6,1257.315
2026-09-28 21:21:00,118.59,118.64,118.4,118.45,15647.93
2026-09-28 21:22:00,118.45,118.47,118.42,118.44,552.278
2026-09-28 21:23:00,118.44,118.44,118.38,118.38,772.549
2026-09-28 21:24:00,118.39,118.45,118.39,118.41,475.285
2026-09-28 21:25:00,118.41,118.41,118.33,118.4,1380.633
2026-09-28 21:26:00,118.4,118.4,118.3,118.32,702.216
2026-09-28 21:27:00,118.32,118.32,118.24,118.25,1532.098
2026-09-28 21:28:00,118.25,118.34,118.24,118.33,924.807
2026-09-28 21:29:00,118.34,118.34,118.28,118.29,643.531
2026-09-28 21:30:00,118.3,118.35,118.29,118.35,391.292
2026-09-28 21:31:00,118.34,118.34,118.21,118.22,658.846
2026-09-28 21:32:00,118.22,118.26,118.18,118.22,720.488
2026-09-28 21:33:00,118.22,118.3,118.22,118.27,713.716
2026-09-28 21:34:00,118.27,118.36,118.26,118.36,834.98
2026-09-28 21:35:00,118.35,118.36,118.29,118.3,517.743
2026-09-28 21:36:00,118.3,118.36,118.29,118.34,587.16
2026-09-28 21:37:00,118.35,118.35,118.21,118.27,1869.897
2026-09-28 21:38:00,118.27,118.27,118.17,118.18,563.836
2026-09-28 21:39:00,118.17,118.18,118.14,118.15,707.654
2026-09-28 21:40:00,118.14,118.18,118.05,118.13,1384.558
2026-09-28 21:41:00,118.13,118.13,118.05,118.12,1111.64
2026-09-28 21:42:00,118.13,118.14,118.11,118.11,389.337
2026-09-28 21:43:00,118.12,118.15,118.06,118.14,1423.991
2026-09-28 21:44:00,118.13,118.18,118.1,118.15,1550.989
2026-09-28 21:45:00,118.16,118.18,118.15,118.18,349.025
2026-09-28 21:46:00,118.18,118.21,118.01,118.01,1550.245
2026-09-28 21:47:00,118.02,118.02,117.94,117.99,7432.983
2026-09-28 21:48:00,117.99,118.0,117.92,117.99,1891.328
2026-09-28 21:49:00,117.99,118.04,117.99,118.01,822.929
2026-09-28 21:50:00,118.01,118.01,117.93,117.93,705.738
2026-09-28 21:51:00,117.94,117.96,117.88,117.92,1426.106
2026-09-28 21:52:00,117.92,118.02,117.92,118.0,1311.934
2026-09-28 21:53:00,117.99,117.99,117.82,117.83,2004.4
2026-09-28 21:54:00,117.83,117.83,117.7,117.77,3566.655
2026-09-28 21:55:00,117.77,117.83,117.76,117.81,674.535
2026-09-28 21:56:00,117.81,117.84,117.81,117.84,349.656
2026-09-28 21:57:00,117.84,117.95,117.79,117.8,3349.858
2026-09-28 21:58:00,117.79,117.81,117.77,117.81,635.654
2026-09-28 21:59:00,117.82,117.82,117.69,117.73,1828.954
2026-09-28 22:00:00,117.73,117.76,117.63,117.63,2121.136
2026-09-28 22:01:00,117.64,117.71,117.58,117.64,4709.731
2026-09-28 22:02:00,117.65,117.73,117.47,117.73,7386.395
2026-09-28 22:03:00,117.73,117.82,117.66,117.67,3203.083
2026-09-28 22:04:00,117.66,117.78,117.6,117.64,1619.546
2026-09-28 22:05:00,117.63,117.63,117.41,117.42,1320.503
2026-09-28 22:06:00,117.42,117.43,117.26,117.3,6417.321
2026-09-28 22:07:00,117.3,117.38,117.28,117.33,936.823
2026-09-28 22:08:00,117.34,117.58,117.34,117.56,904.289
2026-09-28 22:09:00,117.57,117.57,117.36,117.37,860.63
2026-09-28 22:10:00,117.37,117.42,117.29,117.4,1037.991
2026-09-28 22:11:00,117.4,117.42,117.32,117.42,873.083
2026-09-28 22:12:00,117.42,117.51,117.41,117.5,399.938
2026-09-28 22:13:00,117.51,117.54,117.5,117.53,579.512
2026-09-28 22:14:00,117.54,117.56,117.47,117.48,1694.762
2026-09-28 22:15:00,117.48,117.48,117.43,117.44,1258.106
2026-09-28 22:16:00,117.44,117.52,117.44,117.52,721.472
2026-09-28 22:17:00,117.52,117.68,117.51,117.67,1457.072
2026-09-28 22:18:00,117.68,117.72,117.68,117.7,816.042
2026-09-28 22:19:00,117.69,117.75,117.66,117.73,712.66
2026-09-28 22:20:00,117.72,117.72,117.6,117.71,623.458
2026-09-28 22:21:00,117.72,117.75,117.7,117.74,728.945
2026-09-28 22:22:00,117.75,117.75,117.66,117.66,463.603
2026-09-28 22:23:00,117.66,117.69,117.64,117.68,442.512
2026-09-28 22:24:00,117.68,117.72,117.65,117.67,1517.633
2026-09-28 22:25:00,117.68,117.7,117.63,117.69,890.578
2026-09-28 22:26:00,117.68,117.75,117.68,117.75,980.083
2026-09-28 22:27:00,117.76,117.78,117.75,117.78,693.287
2026-09-28 22:28:00,117.77,117.77,117.7,117.72,810.25
2026-09-28 22:29:00,117.72,117.75,117.68,117.71,678.168
2026-09-28 22:30:00,117.71,117.73,117.69,117.69,350.716
2026-09-28 22:31:00,117.69,117.69,117.65,117.66,499.508
2026-09-28 22:32:00,117.65,117.84,117.61,117.84,2000.298
2026-09-28 22:33:00,117.83,117.94,117.83,117.91,2376.094
2026-09-28 22:34:00,117.91,117.94,117.85,117.9,1224.168
2026-09-28 22:35:00,117.89,118.01,117.89,118.01,1159.205
2026-09-28 22:36:00,118.02,118.08,118.02,118.07,1159.298
2026-09-28 22:37:00,118.07,118.23,118.07,118.23,692.28
2026-09-28 22:38:00,118.22,118.28,118.2,118.27,480.709
2026-09-28 22:39:00,118.26,118.26,118.19,118.2,645.494
2026-09-28 22:40:00,118.19,118.29,118.19,118.26,641.78
2026-09-28 22:41:00,118.27,118.32,118.25,118.3,293.496
2026-09-28 22:42:00,118.29,118.34,118.28,118.31,567.541
2026-09-28 22:43:00,118.31,118.37,118.31,118.36,380.843
2026-09-28 22:44:00,118.37,118.42,118.36,118.42,2033.529
2026-09-28 22:45:00,118.41,118.45,118.41,118.45,355.281
2026-09-28 22:46:00,118.44,118.46,118.42,118.46,420.223
2026-09-28 22:47:00,118.46,118.46,118.37,118.43,506.92
2026-09-28 22:48:00,118.42,118.42,118.39,118.41,491.292
2026-09-28 22:49:00,118.41,118.47,118.41,118.46,177.892
2026-09-28 22:50:00,118.46,118.52,118.45,118.51,874.174
2026-09-28 22:51:00,118.51,118.54,118.49,118.54,387.425
2026-09-28 22:52:00,118.54,118.55,118.52,118.53,302.428
2026-09-28 22:53:00,118.53,118.53,118.5,118.53,339.848
2026-09-28 22:54:00,118.52,118.57,118.51,118.53,885.887
2026-09-28 22:55:00,118.53,118.61,118.53,118.56,1259.713
2026-09-28 22:56:00,118.55,118.63,118.54,118.62,596.277
2026-09-28 22:57:00,118.62,118.62,118.57,118.61,719.284
2026-09-28 22:58:00,118.6,118.61,118.55,118.57,399.353
2026-09-28 22:59:00,118.57,118.62,118.56,118.61,457.127
2026-09-28 23:00:00,118.6,118.63,118.58,118.61,1006.618
2026-09-28 23:01:00,118.62,118.72,118.62,118.72,689.343
2026-09-28 23:02:00,118.71,118.91,118.71,118.91,927.527
2026-09-28 23:03:00,118.9,118.93,118.88,118.91,969.388
2026-09-28 23:04:00,118.92,119.0,118.91,118.92,1791.146
2026-09-28 23:05:00,118.92,118.92,118.82,118.83,1181.528
2026-09-28 23:06:00,118.83,118.83,118.68,118.71,1787.462
2026-09-28 23:07:00,118.7,118.73,118.66,118.73,621.363
2026-09-28 23:08:00,118.72,118.76,118.69,118.71,513.715
2026-09-28 23:09:00,118.71,118.74,118.69,118.7,532.927
2026-09-28 23:10:00,118.7,118.7,118.62,118.64,531.126
2026-09-28 23:11:00,118.63,118.64,118.55,118.62,1346.635
2026-09-28 23:12:00,118.63,118.7,118.63,118.65,596.933
2026-09-28 23:13:00,118.65,118.65,118.56,118.56,557.216
2026-09-28 23:14:00,118.56,118.59,118.55,118.59,366.504
2026-09-28 23:15:00,118.59,118.73,118.59,118.71,640.526
2026-09-28 23:16:00,118.71,118.8,118.69,118.77,419.635
2026-09-28 23:17:00,118.78,118.83,118.77,118.79,973.201
2026-09-28 23:18:00,118.79,118.84,118.77,118.84,1367.737
2026-09-28 23:19:00,118.84,118.86,118.79,118.82,462.838
2026-09-28 23:20:00,118.81,118.86,118.8,118.81,373.481
2026-09-28 23:21:00,118.8,118.8,118.74,118.78,198.57
2026-09-28 23:22:00,118.77,118.84,118.77,118.8,679.248
2026-09-28 23:23:00,118.81,118.81,118.75,118.8,1020.501
2026-09-28 23:24:00,118.79,118.84,118.78,118.84,284.403
2026-09-28 23:25:00,118.84,118.87,118.78,118.87,434.1
2026-09-28 23:26:00,118.87,118.94,118.86,118.92,1225.536
2026-09-28 23:27:00,118.92,118.96,118.91,118.96,845.521
2026-09-28 23:28:00,118.95,118.96,118.92,118.92,356.008
2026-09-28 23:29:00,118.93,118.97,118.91,118.97,594.84
2026-09-28 23:30:00,118.97,118.99,118.91,118.92,885.829
2026-09-28 23:31:00,118.91,118.91,118.83,118.85,775.718
2026-09-28 23:32:00,118.84,118.86,118.82,118.85,305.005
2026-09-28 23:33:00,118.85,118.85,118.8,118.82,1193.642
2026-09-28 23:34:00,118.82,118.82,118.78,118.78,277.148
2026-09-28 23:35:00,118.78,118.83,118.78,118.82,460.943
2026-09-28 23:36:00,118.81,118.85,118.81,118.83,172.423
2026-09-28 23:37:00,118.83,118.85,118.78,118.79,289.985
2026-09-28 23:38:00,118.78,118.78,118.73,118.74,228.743
2026-09-28 23:39:00,118.74,118.8,118.72,118.79,604.916
2026-09-28 23:40:00,118.8,118.88,118.77,118.88,818.328
2026-09-28 23:41:00,118.87,118.88,118.83,118.83,997.502
2026-09-28 23:42:00,118.83,118.83,118.76,118.76,440.834
2026-09-28 23:43:00,118.75,118.8,118.74,118.8,927.186
2026-09-28 23:44:00,118.8,118.81,118.77,118.8,552.053
2026-09-28 23:45:00,118.81,118.82,118.71,118.71,900.782
2026-09-28 23:46:00,118.71,118.75,118.64,118.75,1359.407
2026-09-28 23:47:00,118.75,118.79,118.74,118.79,1272.456
2026-09-28 23:48:00,118.78,118.79,118.75,118.77,1187.697
2026-09-28 23:49:00,118.76,118.81,118.76,118.81,314.588
2026-09-28 23:50:00,118.81,118.81,118.74,118.76,1823.089
2026-09-28 23:51:00,118.76,118.78,118.74,118.78,353.558
2026-09-28 23:52:00,118.78,118.81,118.77,118.81,284.428
2026-09-28 23:53:00,118.8,118.86,118.8,118.82,1461.087
2026-09-28 23:54:00,118.82,118.91,118.82,118.9,171.158
2026-09-28 23:55:00,118.91,118.93,118.88,118.9,258.375
2026-09-28 23:56:00,118.91,118.94,118.91,118.91,223.331
2026-09-28 23:57:00,118.92,118.94,118.91,118.92,398.974
2026-09-28 23:58:00,118.91,118.93,118.89,118.9,725.76
2026-09-28 23:59:00,118.9,118.91,118.86,118.89,526.535
2026-09-29 00:00:00,118.89,118.91,118.64,118.65,1252.442
2026-09-29 00:01:00,118.66,118.8,118.65,118.66,2034.678
2026-09-29 00:02:00,118.65,118.79,118.62,118.78,971.158
2026-09-29 00:03:00,118.78,118.79,118.65,118.78,571.674
2026-09-29 00:04:00,118.77,118.84,118.77,118.83,520.945
2026-09-29 00:05:00,118.83,118.87,118.8,118.8,580.061
2026-09-29 00:06:00,118.81,118.92,118.77,118.89,673.937
2026-09-29 00:07:00,118.89,118.89,118.81,118.81,461.427
2026-09-29 00:08:00,118.8,118.86,118.8,118.84,779.918
2026-09-29 00:09:00,118.85,118.92,118.82,118.82,637.16
2026-09-29 00:10:00,118.82,118.82,118.7,118.71,667.055
2026-09-29 00:11:00,118.7,118.74,118.65,118.74,364.387
2026-09-29 00:12:00,118.75,118.82,118.7,118.82,456.944
2026-09-29 00:13:00,118.83,118.86,118.78,118.86,671.017
2026-09-29 00:14:00,118.85,118.87,118.83,118.84,338.192
2026-09-29 00:15:00,118.83,118.84,118.69,118.69,779.34
2026-09-29 00:16:00,118.69,118.69,118.62,118.64,1276.66
2026-09-29 00:17:00,118.64,118.64,118.51,118.52,383.135
2026-09-29 00:18:00,118.53,118.55,118.48,118.51,1751.637
2026-09-29 00:19:00,118.51,118.7,118.49,118.67,720.99
2026-09-29 00:20:00,118.67,118.68,118.58,118.64,1101.668
2026-09-29 00:21:00,118.65,118.67,118.58,118.58,586.844
2026-09-29 00:22:00,118.58,118.58,118.47,118.57,767.579
2026-09-29 00:23:00,118.56,118.56,118.43,118.44,695.623
2026-09-29 00:24:00,118.45,118.5,118.41,118.46,488.834
2026-09-29 00:25:00,118.45,118.67,118.43,118.67,1991.511
2026-09-29 00:26:00,118.66,118.69,118.62,118.69,370.544
2026-09-29 00:27:00,118.69,118.69,118.58,118.64,566.889
2026-09-29 00:28:00,118.63,118.85,118.63,118.84,814.192
2026-09-29 00:29:00,118.84,118.85,118.76,118.79,601.607
2026-09-29 00:30:00,118.79,118.87,118.78,118.85,646.097
2026-09-29 00:31:00,118.84,118.84,118.68,118.69,524.459
2026-09-29 00:32:00,118.68,118.86,118.66,118.85,380.164
2026-09-29 00:33:00,118.86,119.02,118.86,119.01,2094.65
2026-09-29 00:34:00,119.01,119.08,118.95,118.96,1914.435
2026-09-29 00:35:00,118.96,119.13,118.96,119.13,1770.312
2026-09-29 00:36:00,119.12,119.12,119.04,119.08,1252.042
2026-09-29 00:37:00,119.08,119.08,118.97,119.05,527.645
2026-09-29 00:38:00,119.04,119.06,118.94,118.95,480.385
2026-09-29 00:39:00,118.94,118.99,118.93,118.94,654.976
2026-09-29 00:40:00,118.94,118.94,118.9,118.91,426.727
2026-09-29 00:41:00,118.91,118.94,118.88,118.92,452.266
2026-09-29 00:42:00,118.92,119.05,118.91,118.97,555.82
2026-09-29 00:43:00,118.98,119.07,118.94,119.02,247.407
2026-09-29 00:44:00,119.02,119.02,118.96,118.99,429.896
2026-09-29 00:45:00,118.99,118.99,118.75,118.82,603.616
2026-09-29 00:46:00,118.81,118.82,118.72,118.72,1289.247
2026-09-29 00:47:00,118.72,118.77,118.65,118.7,538.249
2026-09-29 00:48:00,118.7,118.7,118.62,118.65,647.59
2026-09-29 00:49:00,118.65,118.65,118.43,118.44,1182.961
2026-09-29 00:50:00,118.45,118.48,118.38,118.39,643.345
2026-09-29 00:51:00,118.38,118.39,118.31,118.31,536.495
2026-09-29 00:52:00,118.3,118.31,118.23,118.29,610.017
2026-09-29 00:53:00,118.3,118.32,118.21,118.31,1492.2
2026-09-29 00:54:00,118.32,118.37,118.29,118.37,354.993
2026-09-29 00:55:00,118.36,118.46,118.36,118.38,3858.513
2026-09-29 00:56:00,118.37,118.37,118.21,118.27,597.431
2026-09-29 00:57:00,118.27,118.28,118.06,118.08,1102.046
2026-09-29 00:58:00,118.09,118.25,118.09,118.23,630.003
2026-09-29 00:59:00,118.23,118.26,118.1,118.1,448.864
2026-09-29 01:00:00,118.09,118.25,118.03,118.11,1500.136
2026-09-29 01:01:00,118.11,118.2,118.02,118.15,1172.294
2026-09-29 01:02:00,118.15,118.44,118.15,118.37,1614.943
2026-09-29 01:03:00,118.37,118.4,118.26,118.28,1286.266
2026-09-29 01:04:00,118.28,118.28,118.16,118.16,1706.222
2026-09-29 01:05:00,118.15,118.18,118.03,118.13,1532.726
2026-09-29 01:06:00,118.12,118.16,117.94,117.96,2050.561
2026-09-29 01:07:00,117.96,118.04,117.84,117.84,1417.823
2026-09-29 01:08:00,117.85,117.92,117.68,117.71,12745.62
2026-09-29 01:09:00,117.71,117.73,117.65,117.71,1119.55
2026-09-29 01:10:00,117.71,117.73,117.58,117.58,915.973
2026-09-29 01:11:00,117.58,117.61,117.54,117.57,869.71
2026-09-29 01:12:00,117.56,117.76,117.55,117.72,710.984
2026-09-29 01:13:00,117.71,117.71,117.57,117.59,1441.552
2026-09-29 01:14:00,117.58,117.77,117.56,117.63,2014.735
2026-09-29 01:15:00,117.62,117.66,117.51,117.51,3180.656
2026-09-29 01:16:00,117.51,117.51,117.34,117.39,5866.568
2026-09-29 01:17:00,117.39,117.43,117.31,117.32,1061.599
2026-09-29 01:18:00,117.32,117.41,116.98,117.05,17108.927
2026-09-29 01:19:00,117.05,117.05,116.73,116.79,18873.952
2026-09-29 01:20:00,116.78,117.21,116.76,117.13,3480.93
2026-09-29 01:21:00,117.14,117.31,117.05,117.17,2810.218
2026-09-29 01:22:00,117.17,117.49,117.17,117.49,1126.705
2026-09-29 01:23:00,117.5,117.57,117.32,117.34,1672.562
2026-09-29 01:24:00,117.34,117.36,117.24,117.29,1222.237
2026-09-29 01:25:00,117.29,117.31,117.14,117.19,935.024
2026-09-29 01:26:00,117.19,117.26,117.07,117.07,1109.137
2026-09-29 01:27:00,117.06,117.07,116.95,116.95,1344.674
2026-09-29 01:28:00,116.95,116.95,116.82,116.88,2171.608
2026-09-29 01:29:00,116.88,116.88,116.72,116.73,1810.739
2026-09-29 01:30:00,116.73,116.99,116.65,116.94,3179.561
2026-09-29 01:31:00,116.95,116.97,116.68,116.68,1412.989
2026-09-29 01:32:00,116.68,116.78,116.42,116.75,9355.223
2026-09-29 01:33:00,116.76,116.94,116.76,116.89,3337.768
2026-09-29 01:34:00,116.89,116.97,116.76,116.86,1291.523
2026-09-29 01:35:00,116.86,116.9,116.62,116.66,1968.349
2026-09-29 01:36:00,116.66,116.66,116.32,116.52,5420.961
2026-09-29 01:37:00,116.52,116.73,116.5,116.64,1944.374
2026-09-29 01:38:00,116.64,116.73,116.59,116.62,1667.11
2026-09-29 01:39:00,116.62,116.67,116.51,116.51,1437.877
2026-09-29 01:40:00,116.51,116.56,116.5,116.54,809.35
2026-09-29 01:41:00,116.53,116.76,116.42,116.75,2469.054
2026-09-29 01:42:00,116.75,116.99,116.75,116.95,1272.8
2026-09-29 01:43:00,116.95,117.06,116.73,116.73,1276.496
2026-09-29 01:44:00,116.74,116.96,116.74,116.93,923.024
2026-09-29 01:45:00,116.93,117.28,116.86,117.28,1308.526
2026-09-29 01:46:00,117.28,117.35,117.11,117.11,1517.486
2026-09-29 01:47:00,117.11,117.16,117.02,117.15,3286.088
2026-09-29 01:48:00,117.15,117.17,117.03,117.03,2447.775
2026-09-29 01:49:00,117.03,117.09,116.94,116.98,1235.811
2026-09-29 01:50:00,116.98,116.99,116.82,116.82,1069.106
2026-09-29 01:51:00,116.82,116.85,116.78,116.81,859.191
2026-09-29 01:52:00,116.8,117.07,116.79,117.07,1228.509
2026-09-29 01:53:00,117.07,117.24,117.05,117.22,5956.302
2026-09-29 01:54:00,117.21,117.21,117.08,117.15,780.014
2026-09-29 01:55:00,117.16,117.19,117.01,117.05,804.309
2026-09-29 01:56:00,117.04,117.15,117.01,117.14,611.354
2026-09-29 01:57:00,117.14,117.15,116.97,116.97,916.675
2026-09-29 01:58:00,116.97,117.17,116.93,117.03,1566.412
2026-09-29 01:59:00,117.03,117.19,117.03,117.14,805.31
2026-09-29 02:00:00,117.14,117.33,117.13,117.31,927.139
2026-09-29 02:01:00,117.31,117.31,117.04,117.08,1403.389
2026-09-29 02:02:00,117.07,117.13,116.97,117.03,1756.721
2026-09-29 02:03:00,117.03,117.05,116.9,116.93,1990.369
2026-09-29 02:04:00,116.94,117.11,116.93,117.06,1165.222
2026-09-29 02:05:00,117.06,117.06,116.89,116.89,1357.484
2026-09-29 02:06:00,116.88,116.93,116.76,116.93,1588.712
2026-09-29 02:07:00,116.93,117.01,116.85,116.94,2154.196
2026-09-29 02:08:00,116.95,117.0,116.82,116.82,781.054
2026-09-29 02:09:00,116.83,116.83,116.75,116.76,778.081
2026-09-29 02:10:00,116.76,116.81,116.62,116.62,1265.709
2026-09-29 02:11:00,116.62,116.72,116.58,116.62,1291.317
2026-09-29 02:12:00,116.61,117.01,116.58,116.92,1949.138
2026-09-29 02:13:00,116.92,117.13,116.83,117.12,1982.787
2026-09-29 02:14:00,117.11,117.11,116.95,116.99,2157.862
2026-09-29 02:15:00,116.99,117.12,116.96,117.11,619.909
2026-09-29 02:16:00,117.1,117.19,117.0,117.07,875.268
2026-09-29 02:17:00,117.07,117.07,116.89,116.9,788.5
2026-09-29 02:18:00,116.9,117.05,116.86,117.0,642.134
2026-09-29 02:19:00,117.0,117.1,116.97,117.1,1004.13
2026-09-29 02:20:00,117.11,117.29,117.1,117.19,1255.19
2026-09-29 02:21:00,117.18,117.19,116.87,116.87,847.75
2026-09-29 02:22:00,116.87,116.88,116.58,116.73,1589.268
2026-09-29 02:23:00,116.74,116.93,116.71,116.86,1346.932
2026-09-29 02:24:00,116.87,116.89,116.72,116.72,664.895
2026-09-29 02:25:00,116.71,116.77,116.63,116.77,603.668
2026-09-29 02:26:00,116.77,116.77,116.61,116.61,1066.881
2026-09-29 02:27:00,116.62,116.72,116.6,116.63,575.102
2026-09-29 02:28:00,116.63,116.64,116.52,116.62,2161.21
2026-09-29 02:29:00,116.61,116.67,116.58,116.67,1552.972
2026-09-29 02:30:00,116.67,116.77,116.6,116.6,908.172
2026-09-29 02:31:00,116.6,116.72,116.53,116.66,1432.529
2026-09-29 02:32:00,116.65,116.65,116.56,116.59,545.667
2026-09-29 02:33:00,116.58,116.65,116.5,116.54,651.375
2026-09-29 02:34:00,116.54,116.62,116.44,116.44,1374.9
2026-09-29 02:35:00,116.45,116.62,116.44,116.6,668.041
2026-09-29 02:36:00,116.59,116.64,116.48,116.53,2270.781
2026-09-29 02:37:00,116.53,116.67,116.53,116.66,810.813
2026-09-29 02:38:00,116.66,116.85,116.63,116.83,1316.572
2026-09-29 02:39:00,116.84,116.95,116.78,116.8,681.67
2026-09-29 02:40:00,116.8,116.92,116.78,116.87,261.438
2026-09-29 02:41:00,116.87,116.96,116.83,116.96,252.693
2026-09-29 02:42:00,116.95,117.04,116.8,116.8,955.071
2026-09-29 02:43:00,116.8,116.92,116.78,116.91,1201.91
2026-09-29 02:44:00,116.91,116.99,116.88,116.96,948.303
2026-09-29 02:45:00,116.97,117.1,116.96,117.08,1049.059
2026-09-29 02:46:00,117.08,117.14,117.05,117.09,762.255
2026-09-29 02:47:00,117.09,117.11,117.02,117.07,377.382
2026-09-29 02:48:00,117.06,117.15,117.06,117.14,294.833
2026-09-29 02:49:00,117.14,117.14,116.94,116.94,1006.032
2026-09-29 02:50:00,116.93,116.94,116.86,116.91,966.69
2026-09-29 02:51:00,116.91,116.98,116.68,116.68,925.761
2026-09-29 02:52:00,116.68,116.78,116.68,116.75,718.97
2026-09-29 02:53:00,116.74,116.86,116.71,116.85,393.831
2026-09-29 02:54:00,116.85,116.87,116.79,116.85,332.657
2026-09-29 02:55:00,116.86,116.95,116.85,116.95,165.695
2026-09-29 02:56:00,116.94,116.95,116.88,116.9,167.706
2026-09-29 02:57:00,116.89,116.93,116.84,116.93,314.123
2026-09-29 02:58:00,116.92,116.99,116.92,116.96,404.267
2026-09-29 02:59:00,116.96,116.96,116.94,116.95,253.358
2026-09-29 03:00:00,116.96,117.13,116.92,117.13,915.768
2026-09-29 03:01:00,117.13,117.19,117.01,117.11,1506.051
2026-09-29 03:02:00,117.11,117.16,117.06,117.16,200.6
2026-09-29 03:03:00,117.16,117.4,117.16,117.25,1649.297
2026-09-29 03:04:00,117.25,117.25,117.03,117.06,953.131
2026-09-29 03:05:00,117.06,117.12,117.05,117.08,302.876
2026-09-29 03:06:00,117.08,117.17,117.08,117.17,475.993
2026-09-29 03:07:00,117.17,117.25,117.17,117.2,473.757
2026-09-29 03:08:00,117.19,117.22,117.09,117.12,794.601
2026-09-29 03:09:00,117.13,117.16,117.08,117.13,466.944
2026-09-29 03:10:00,117.13,117.17,117.1,117.17,423.922
2026-09-29 03:11:00,117.16,117.18,117.13,117.14,381.156
2026-09-29 03:12:00,117.13,117.17,117.09,117.1,1422.773
2026-09-29 03:13:00,117.1,117.16,117.08,117.11,388.815
2026-09-29 03:14:00,117.11,117.13,117.05,117.05,1250.773
2026-09-29 03:15:00,117.06,117.16,116.95,117.16,1238.64
2026-09-29 03:16:00,117.16,117.21,117.05,117.1,536.26
2026-09-29 03:17:00,117.1,117.21,117.1,117.2,566.047
2026-09-29 03:18:00,117.2,117.22,117.08,117.19,470.385
2026-09-29 03:19:00,117.19,117.43,117.18,117.39,1231.293
2026-09-29 03:20:00,117.4,117.54,117.39,117.52,1180.808
2026-09-29 03:21:00,117.52,117.72,117.51,117.64,1472.636
2026-09-29 03:22:00,117.63,117.64,117.52,117.55,1396.109
2026-09-29 03:23:00,117.56,117.73,117.55,117.7,477.045
2026-09-29 03:24:00,117.7,117.87,117.7,117.79,2873.844
2026-09-29 03:25:00,117.8,117.89,117.69,117.8,1438.217
2026-09-29 03:26:00,117.8,117.93,117.78,117.91,1379.946
2026-09-29 03:27:00,117.91,117.91,117.81,117.88,880.706
2026-09-29 03:28:00,117.87,117.9,117.86,117.89,415.011
2026-09-29 03:29:00,117.89,117.94,117.86,117.87,491.486
2026-09-29 03:30:00,117.87,117.87,117.6,117.63,1291.511
2026-09-29 03:31:00,117.64,117.69,117.56,117.68,854.671
2026-09-29 03:32:00,117.68,117.79,117.66,117.79,1251.462
2026-09-29 03:33:00,117.8,117.88,117.78,117.85,467.681
2026-09-29 03:34:00,117.84,117.93,117.82,117.86,656.676
2026-09-29 03:35:00,117.87,117.89,117.78,117.89,1534.347
2026-09-29 03:36:00,117.88,117.99,117.87,117.98,1559.432
2026-09-29 03:37:00,117.98,118.0,117.87,117.87,844.97
2026-09-29 03:38:00,117.86,117.93,117.83,117.85,920.03
2026-09-29 03:39:00,117.84,117.84,117.8,117.83,394.267
2026-09-29 03:40:00,117.82,117.82,117.74,117.75,576.042
2026-09-29 03:41:00,117.76,117.84,117.75,117.83,623.104
2026-09-29 03:42:00,117.83,117.92,117.83,117.9,1480.355
2026-09-29 03:43:00,117.89,117.94,117.88,117.92,829.146
2026-09-29 03:44:00,117.93,117.96,117.87,117.88,365.987
2026-09-29 03:45:00,117.88,117.91,117.87,117.91,271.803
2026-09-29 03:46:00,117.91,117.98,117.85,117.97,634.692
2026-09-29 03:47:00,117.97,117.97,117.89,117.91,391.291
2026-09-29 03:48:00,117.91,118.01,117.91,117.98,1043.314
2026-09-29 03:49:00,117.97,118.01,117.95,117.99,338.096
2026-09-29 03:50:00,118.0,118.01,117.94,117.97,548.152
2026-09-29 03:51:00,117.97,117.97,117.89,117.91,705.079
2026-09-29 03:52:00,117.92,117.95,117.87,117.89,397.357
2026-09-29 03:53:00,117.9,118.06,117.9,117.96,1513.682
2026-09-29 03:54:00,117.96,117.96,117.83,117.83,465.957
2026-09-29 03:55:00,117.84,117.84,117.77,117.82,1049.857
2026-09-29 03:56:00,117.82,117.83,117.78,117.79,883.266
2026-09-29 03:57:00,117.79,117.8,117.77,117.78,766.364
2026-09-29 03:58:00,117.78,117.79,117.7,117.75,1010.023
2026-09-29 03:59:00,117.74,117.9,117.73,117.86,5441.928
2026-09-29 04:00:00,117.86,117.87,117.66,117.67,1657.37
2026-09-29 04:01:00,117.67,117.84,117.6,117.84,1820.344
2026-09-29 04:02:00,117.83,117.88,117.75,117.81,668.102
2026-09-29 04:03:00,117.81,117.83,117.39,117.5,2304.292
2026-09-29 04:04:00,117.5,117.56,117.46,117.53,2079.728
2026-09-29 04:05:00,117.53,117.54,117.44,117.48,522.164
2026-09-29 04:06:00,117.48,117.56,117.41,117.49,3756.774
2026-09-29 04:07:00,117.5,117.57,117.41,117.44,3198.987
2026-09-29 04:08:00,117.44,117.46,117.35,117.37,1944.912
2026-09-29 04:09:00,117.38,117.58,117.38,117.58,1029.408
2026-09-29 04:10:00,117.57,117.71,117.56,117.7,632.329
2026-09-29 04:11:00,117.7,117.78,117.68,117.69,448.666
2026-09-29 04:12:00,117.69,117.74,117.64,117.73,412.226
2026-09-29 04:13:00,117.74,117.8,117.72,117.77,512.193
2026-09-29 04:14:00,117.77,117.78,117.69,117.73,496.721
2026-09-29 04:15:00,117.73,117.81,117.73,117.79,655.4
2026-09-29 04:16:00,117.78,117.78,117.71,117.71,297.217
2026-09-29 04:17:00,117.71,117.94,117.71,117.89,710.148
2026-09-29 04:18:00,117.89,117.89,117.72,117.81,788.925
2026-09-29 04:19:00,117.8,117.92,117.8,117.92,423.276
2026-09-29 04:20:00,117.92,117.98,117.87,117.88,408.055
2026-09-29 04:21:00,117.88,117.97,117.83,117.97,488.106
2026-09-29 04:22:00,117.98,118.08,117.97,118.08,1958.978
2026-09-29 04:23:00,118.09,118.1,117.93,117.93,575.743
2026-09-29 04:24:00,117.92,117.92,117.89,117.91,273.724
2026-09-29 04:25:00,117.9,117.94,117.83,117.89,1075.743
2026-09-29 04:26:00,117.9,117.9,117.85,117.85,275.106
2026-09-29 04:27:00,117.85,117.9,117.84,117.88,383.075
2026-09-29 04:28:00,117.88,117.9,117.84,117.88,233.945
2026-09-29 04:29:00,117.88,117.9,117.83,117.83,232.513
2026-09-29 04:30:00,117.83,117.84,117.77,117.81,664.629
2026-09-29 04:31:00,117.81,117.81,117.74,117.74,311.324
2026-09-29 04:32:00,117.74,117.77,117.71,117.72,259.041
2026-09-29 04:33:00,117.72,117.72,117.67,117.71,267.425
2026-09-29 04:34:00,117.7,117.71,117.62,117.62,328.039
2026-09-29 04:35:00,117.62,117.62,117.5,117.52,306.346
2026-09-29 04:36:00,117.51,117.53,117.48,117.52,442.401
2026-09-29 04:37:00,117.51,117.64,117.51,117.64,756.339
2026-09-29 04:38:00,117.64,117.72,117.64,117.72,280.901
2026-09-29 04:39:00,117.73,117.76,117.66,117.67,233.997
2026-09-29 04:40:00,117.67,117.7,117.61,117.62,192.581
2026-09-29 04:41:00,117.62,117.72,117.61,117.67,212.632
2026-09-29 04:42:00,117.68,117.69,117.61,117.63,263.277
2026-09-29 04:43:00,117.63,117.63,117.59,117.62,129.618
2026-09-29 04:44:00,117.61,117.64,117.59,117.61,859.054
2026-09-29 04:45:00,117.61,117.64,117.59,117.6,191.977
2026-09-29 04:46:00,117.6,117.61,117.5,117.5,425.137
2026-09-29 04:47:00,117.5,117.5,117.38,117.38,489.389
2026-09-29 04:48:00,117.38,117.4,117.28,117.36,1024.221
2026-09-29 04:49:00,117.35,117.36,117.29,117.32,1146.182
2026-09-29 04:50:00,117.32,117.35,117.27,117.33,423.498
2026-09-29 04:51:00,117.34,117.6,117.34,117.6,782.874
2026-09-29 04:52:00,117.61,117.7,117.6,117.66,1073.265
2026-09-29 04:53:00,117.65,117.72,117.59,117.72,416.306
2026-09-29 04:54:00,117.72,117.73,117.64,117.65,268.697
2026-09-29 04:55:00,117.66,117.69,117.62,117.68,152.06
2026-09-29 04:56:00,117.69,117.74,117.67,117.67,216.768
2026-09-29 04:57:00,117.67,117.7,117.63,117.68,303.838
2026-09-29 04:58:00,117.68,117.68,117.62,117.68,331.473
2026-09-29 04:59:00,117.68,117.7,117.67,117.7,68.063
2026-09-29 05:00:00,117.69,117.83,117.66,117.82,706.812
2026-09-29 05:01:00,117.82,117.87,117.77,117.86,692.521
2026-09-29 05:02:00,117.87,117.9,117.78,117.84,256.521
2026-09-29 05:03:00,117.84,117.94,117.75,117.75,636.163
2026-09-29 05:04:00,117.75,117.82,117.65,117.73,783.391
2026-09-29 05:05:00,117.74,117.83,117.71,117.76,814.972
2026-09-29 05:06:00,117.75,117.75,117.6,117.63,586.011
2026-09-29 05:07:00,117.62,117.63,117.55,117.55,547.191
2026-09-29 05:08:00,117.55,117.58,117.53,117.57,282.491
2026-09-29 05:09:00,117.56,117.68,117.53,117.66,449.421
2026-09-29 05:10:00,117.65,117.65,117.51,117.62,2084.153
2026-09-29 05:11:00,117.63,117.83,117.61,117.83,646.046
2026-09-29 05:12:00,117.83,117.89,117.83,117.88,182.766
2026-09-29 05:13:00,117.88,117.88,117.82,117.85,433.766
2026-09-29 05:14:00,117.85,117.89,117.82,117.89,167.049
2026-09-29 05:15:00,117.89,117.91,117.86,117.87,428.654
2026-09-29 05:16:00,117.87,117.93,117.86,117.86,541.381
2026-09-29 05:17:00,117.87,117.87,117.7,117.87,953.623
2026-09-29 05:18:00,117.87,118.03,117.87,118.0,1195.173
2026-09-29 05:19:00,117.99,118.11,117.96,118.03,1952.287
2026-09-29 05:20:00,118.03,118.06,117.97,117.97,1030.592
2026-09-29 05:21:00,117.98,118.04,117.96,118.0,1840.998
2026-09-29 05:22:00,118.0,118.05,117.98,118.03,470.193
2026-09-29 05:23:00,118.04,118.08,118.03,118.04,759.709
2026-09-29 05:24:00,118.03,118.19,118.03,118.19,1305.03
2026-09-29 05:25:00,118.18,118.21,118.15,118.16,1169.053
2026-09-29 05:26:00,118.17,118.19,118.04,118.04,331.516
2026-09-29 05:27:00,118.04,118.06,117.98,118.02,1327.309
2026-09-29 05:28:00,118.02,118.11,117.98,118.11,800.459
2026-09-29 05:29:00,118.11,118.11,118.03,118.05,301.46
2026-09-29 05:30:00,118.04,118.05,117.8,117.81,2329.475
2026-09-29 05:31:00,117.81,117.81,117.71,117.71,1962.869
2026-09-29 05:32:00,117.71,117.77,117.64,117.65,1253.43
2026-09-29 05:33:00,117.65,117.65,117.53,117.55,591.91
2026-09-29 05:34:00,117.54,117.54,117.27,117.28,1208.987
2026-09-29 05:35:00,117.29,117.47,117.22,117.45,907.724
2026-09-29 05:36:00,117.44,117.45,117.2,117.23,7773.055
2026-09-29 05:37:00,117.22,117.28,117.11,117.19,2331.392
2026-09-29 05:38:00,117.2,117.42,117.18,117.42,1878.658
2026-09-29 05:39:00,117.42,117.55,117.42,117.55,769.705
2026-09-29 05:40:00,117.55,117.65,117.54,117.62,535.223
2026-09-29 05:41:00,117.61,117.72,117.55,117.71,925.004
2026-09-29 05:42:00,117.72,117.74,117.65,117.74,616.245
2026-09-29 05:43:00,117.75,117.96,117.74,117.95,1309.452
2026-09-29 05:44:00,117.96,118.02,117.91,117.94,965.095
2026-09-29 05:45:00,117.93,117.97,117.81,117.81,675.722
2026-09-29 05:46:00,117.8,117.85,117.78,117.8,912.373
2026-09-29 05:47:00,117.8,117.8,117.67,117.76,1246.359
2026-09-29 05:48:00,117.76,117.98,117.75,117.86,1331.432
2026-09-29 05:49:00,117.85,118.01,117.83,117.97,1173.49
2026-09-29 05:50:00,117.98,118.05,117.98,118.01,464.878
2026-09-29 05:51:00,118.01,118.12,117.97,118.03,1607.704
2026-09-29 05:52:00,118.04,118.14,118.03,118.03,597.209
2026-09-29 05:53:00,118.02,118.15,118.0,118.15,555.915
2026-09-29 05:54:00,118.14,118.21,118.11,118.2,480.569
2026-09-29 05:55:00,118.2,118.21,118.13,118.15,651.695
2026-09-29 05:56:00,118.14,118.19,118.12,118.17,629.093
2026-09-29 05:57:00,118.18,118.22,118.11,118.17,1775.637
2026-09-29 05:58:00,118.16,118.23,118.12,118.21,1370.389
2026-09-29 05:59:00,118.22,118.27,118.22,118.27,1000.007
2026-09-29 06:00:00,118.26,118.42,118.24,118.26,3097.181
2026-09-29 06:01:00,118.27,118.34,118.23,118.34,1324.275
2026-09-29 06:02:00,118.33,118.37,118.33,118.36,1568.314
2026-09-29 06:03:00,118.36,118.43,118.34,118.4,1099.058
2026-09-29 06:04:00,118.39,118.48,118.38,118.42,2079.113
2026-09-29 06:05:00,118.41,118.53,118.39,118.46,1784.408
2026-09-29 06:06:00,118.46,118.54,118.44,118.52,389.054
2026-09-29 06:07:00,118.52,118.71,118.52,118.55,1575.277
2026-09-29 06:08:00,118.55,118.78,118.55,118.78,2969.397
2026-09-29 06:09:00,118.77,119.1,118.77,119.03,6699.907
2026-09-29 06:10:00,119.03,119.04,118.95,118.95,1689.42
2026-09-29 06:11:00,118.95,119.0,118.93,118.97,790.874
2026-09-29 06:12:00,118.97,119.01,118.86,118.86,1771.903
2026-09-29 06:13:00,118.86,118.94,118.86,118.94,634.565
2026-09-29 06:14:00,118.94,119.14,118.93,119.14,1723.077
2026-09-29 06:15:00,119.13,119.18,118.87,118.89,2031.003
2026-09-29 06:16:00,118.9,118.9,118.75,118.77,856.45
2026-09-29 06:17:00,118.77,118.78,118.69,118.69,633.403
2026-09-29 06:18:00,118.68,118.7,118.62,118.66,986.889
2026-09-29 06:19:00,118.66,118.88,118.66,118.87,702.328
2026-09-29 06:20:00,118.87,118.96,118.81,118.96,818.026
2026-09-29 06:21:00,118.97,119.07,118.95,119.07,1137.717
2026-09-29 06:22:00,119.06,119.11,118.96,118.99,3552.474
2026-09-29 06:23:00,118.99,119.02,118.89,118.91,687.173
2026-09-29 06:24:00,118.91,118.97,118.87,118.93,978.333
2026-09-29 06:25:00,118.93,119.05,118.92,118.96,1120.976
2026-09-29 06:26:00,118.96,119.08,118.96,119.0,2126.85
2026-09-29 06:27:00,119.01,119.05,118.92,118.96,824.537
2026-09-29 06:28:00,118.96,119.0,118.93,118.97,815.961
2026-09-29 06:29:00,118.97,119.06,118.97,119.04,785.911
2026-09-29 06:30:00,119.04,119.13,119.02,119.11,719.923
2026-09-29 06:31:00,119.11,119.22,119.11,119.18,1018.165
2026-09-29 06:32:00,119.18,119.18,119.02,119.08,1646.62
2026-09-29 06:33:00,119.08,119.11,119.03,119.07,1783.149
2026-09-29 06:34:00,119.07,119.15,119.02,119.13,1393.144
2026-09-29 06:35:00,119.12,119.12,119.02,119.03,1112.291
2026-09-29 06:36:00,119.03,119.05,119.0,119.03,1288.06
2026-09-29 06:37:00,119.03,119.05,118.93,118.94,1625.369
2026-09-29 06:38:00,118.95,118.95,118.89,118.89,816.381
2026-09-29 06:39:00,118.89,119.0,118.88,118.99,5612.318
2026-09-29 06:40:00,118.99,119.04,118.99,118.99,3748.01
2026-09-29 06:41:00,118.99,119.02,118.98,119.0,1817.067
2026-09-29 06:42:00,118.99,119.0,118.98,119.0,901.03
2026-09-29 06:43:00,118.99,119.0,118.94,118.96,508.275
2026-09-29 06:44:00,118.96,119.01,118.96,118.99,1958.889
2026-09-29 06:45:00,118.99,119.0,118.98,118.99,738.902
2026-09-29 06:46:00,118.99,119.01,118.98,119.01,818.961
2026-09-29 06:47:00,119.0,119.0,118.91,118.91,676.284
2026-09-29 06:48:00,118.91,119.01,118.89,118.96,4732.701
2026-09-29 06:49:00,118.96,118.98,118.95,118.97,207.048
2026-09-29 06:50:00,118.96,118.97,118.93,118.93,437.595
2026-09-29 06:51:00,118.93,119.09,118.93,119.06,3547.449
2026-09-29 06:52:00,119.06,119.13,119.05,119.12,2778.376
2026-09-29 06:53:00,119.13,119.19,119.08,119.18,5841.266
2026-09-29 06:54:00,119.19,119.26,119.19,119.26,3044.197
2026-09-29 06:55:00,119.25,119.29,119.21,119.28,1610.68
2026-09-29 06:56:00,119.27,119.29,119.22,119.25,642.708
2026-09-29 06:57:00,119.25,119.28,119.2,119.26,792.077
2026-09-29 06:58:00,119.25,119.26,119.19,119.24,421.464
2026-09-29 06:59:00,119.23,119.26,119.23,119.26,307.53
2026-09-29 07:00:00,119.26,119.26,119.04,119.05,1265.037
2026-09-29 07:01:00,119.06,119.08,119.01,119.04,929.869
2026-09-29 07:02:00,119.04,119.1,119.0,119.1,1316.24
2026-09-29 07:03:00,119.09,119.19,119.06,119.19,565.68
2026-09-29 07:04:00,119.2,119.28,119.2,119.24,2292.343
2026-09-29 07:05:00,119.25,119.41,119.23,119.41,1414.792
2026-09-29 07:06:00,119.41,119.46,119.35,119.37,824.306
2026-09-29 07:07:00,119.37,119.46,119.36,119.43,579.03
2026-09-29 07:08:00,119.42,119.45,119.36,119.45,687.936
2026-09-29 07:09:00,119.44,119.57,119.42,119.56,2671.866
2026-09-29 07:10:00,119.55,119.59,119.44,119.58,2802.688
2026-09-29 07:11:00,119.58,119.6,119.54,119.57,597.057
2026-09-29 07:12:00,119.58,119.6,119.53,119.57,878.119
2026-09-29 07:13:00,119.56,119.56,119.4,119.41,1899.2
2026-09-29 07:14:00,119.42,119.48,119.37,119.41,869.272
2026-09-29 07:15:00,119.41,119.53,119.4,119.46,2144.656
2026-09-29 07:16:00,119.47,119.47,119.27,119.44,6632.58
2026-09-29 07:17:00,119.44,119.54,119.42,119.48,3606.364
2026-09-29 07:18:00,119.49,119.54,119.29,119.32,5424.201
2026-09-29 07:19:00,119.32,119.33,119.27,119.31,1550.467
2026-09-29 07:20:00,119.3,119.41,119.27,119.35,962.914
2026-09-29 07:21:00,119.35,119.36,119.23,119.29,1271.484
2026-09-29 07:22:00,119.29,119.29,119.24,119.25,540.676
2026-09-29 07:23:00,119.24,119.3,119.23,119.26,1262.89
2026-09-29 07:24:00,119.26,119.38,119.25,119.38,758.268
2026-09-29 07:25:00,119.37,119.5,119.37,119.48,872.51
2026-09-29 07:26:00,119.49,119.49,119.35,119.38,938.939
2026-09-29 07:27:00,119.39,119.45,119.37,119.44,1026.853
2026-09-29 07:28:00,119.43,119.45,119.36,119.38,458.132
2026-09-29 07:29:00,119.38,119.39,119.35,119.38,1721.838
2026-09-29 07:30:00,119.38,119.39,119.31,119.34,1284.05
2026-09-29 07:31:00,119.35,119.35,119.25,119.33,409.99
2026-09-29 07:32:00,119.33,119.53,119.32,119.52,1381.993
2026-09-29 07:33:00,119.52,119.55,119.46,119.48,1834.459
2026-09-29 07:34:00,119.48,119.59,119.47,119.59,1115.18
2026-09-29 07:35:00,119.58,119.64,119.53,119.63,1969.15
2026-09-29 07:36:00,119.63,119.65,119.59,119.63,696.563
2026-09-29 07:37:00,119.64,119.7,119.63,119.7,1300.385
2026-09-29 07:38:00,119.69,119.72,119.65,119.71,1157.196
2026-09-29 07:39:00,119.72,119.92,119.7,119.82,3667.125
2026-09-29 07:40:00,119.81,119.83,119.71,119.76,1997.125
2026-09-29 07:41:00,119.76,119.76,119.63,119.63,1625.179
2026-09-29 07:42:00,119.62,119.7,119.6,119.62,5496.038
2026-09-29 07:43:00,119.62,119.66,119.59,119.61,717.765
2026-09-29 07:44:00,119.61,119.63,119.58,119.61,567.488
2026-09-29 07:45:00,119.62,119.67,119.59,119.63,2171.814
2026-09-29 07:46:00,119.62,119.66,119.59,119.63,547.623
2026-09-29 07:47:00,119.63,119.69,119.63,119.68,378.084
2026-09-29 07:48:00,119.67,119.67,119.63,119.65,699.831
2026-09-29 07:49:00,119.65,119.69,119.64,119.64,1478.701
2026-09-29 07:50:00,119.65,119.65,119.59,119.62,486.799
2026-09-29 07:51:00,119.63,119.63,119.59,119.63,755.189
2026-09-29 07:52:00,119.62,119.64,119.54,119.54,2148.72
2026-09-29 07:53:00,119.55,119.62,119.55,119.62,954.598
2026-09-29 07:54:00,119.62,119.68,119.62,119.68,732.537
2026-09-29 07:55:00,119.68,119.68,119.58,119.58,1115.744
2026-09-29 07:56:00,119.58,119.62,119.57,119.62,1030.366
2026-09-29 07:57:00,119.62,119.62,119.55,119.55,398.415
2026-09-29 07:58:00,119.56,119.56,119.51,119.52,1630.701
2026-09-29 07:59:00,119.52,119.55,119.51,119.54,1203.92
2026-09-29 08:00:00,119.55,119.6,119.54,119.56,1306.771
2026-09-29 08:01:00,119.57,119.57,119.5,119.55,1593.591
2026-09-29 08:02:00,119.56,119.62,119.55,119.57,946.956
2026-09-29 08:03:00,119.57,119.57,119.47,119.48,1301.389
2026-09-29 08:04:00,119.47,119.51,119.41,119.42,1645.318
2026-09-29 08:05:00,119.43,119.43,119.35,119.39,1524.318
2026-09-29 08:06:00,119.39,119.42,119.35,119.38,1212.905
2026-09-29 08:07:00,119.37,119.37,119.26,119.27,984.409
2026-09-29 08:08:00,119.27,119.33,119.26,119.28,908.237
2026-09-29 08:09:00,119.28,119.32,119.27,119.32,306.308
2026-09-29 08:10:00,119.33,119.39,119.27,119.28,1153.733
2026-09-29 08:11:00,119.27,119.31,119.21,119.3,2153.842
2026-09-29 08:12:00,119.31,119.4,119.31,119.39,281.247
2026-09-29 08:13:00,119.39,119.43,119.31,119.42,1301.979
2026-09-29 08:14:00,119.42,119.44,119.37,119.39,579.436
2026-09-29 08:15:00,119.39,119.49,119.39,119.48,495.604
2026-09-29 08:16:00,119.47,119.58,119.47,119.56,2311.444
2026-09-29 08:17:00,119.56,119.61,119.5,119.5,2328.663
2026-09-29 08:18:00,119.51,119.54,119.46,119.47,309.283
2026-09-29 08:19:00,119.46,119.6,119.45,119.52,1718.333
2026-09-29 08:20:00,119.53,119.59,119.51,119.59,396.593
2026-09-29 08:21:00,119.59,119.84,119.59,119.81,1925.378
2026-09-29 08:22:00,119.82,120.0,119.81,119.87,5994.565
2026-09-29 08:23:00,119.87,119.87,119.59,119.68,1520.986
2026-09-29 08:24:00,119.69,119.69,119.49,119.63,2320.999
2026-09-29 08:25:00,119.63,119.74,119.6,119.74,1207.614
2026-09-29 08:26:00,119.74,119.77,119.63,119.74,1170.912
2026-09-29 08:27:00,119.74,119.85,119.73,119.79,1505.144
2026-09-29 08:28:00,119.79,119.81,119.63,119.65,1531.713
2026-09-29 08:29:00,119.65,119.65,119.54,119.6,2544.905
2026-09-29 08:30:00,119.61,119.65,119.51,119.52,1213.928
2026-09-29 08:31:00,119.52,119.54,119.48,119.48,520.325
2026-09-29 08:32:00,119.48,119.48,119.39,119.43,1305.5
2026-09-29 08:33:00,119.43,119.43,119.25,119.27,2192.802
2026-09-29 08:34:00,119.27,119.37,119.24,119.35,854.329
2026-09-29 08:35:00,119.35,119.43,119.34,119.38,562.49
2026-09-29 08:36:00,119.38,119.38,118.95,119.02,6636.671
2026-09-29 08:37:00,119.03,119.09,118.9,119.08,1164.072
2026-09-29 08:38:00,119.09,119.18,118.97,119.18,2313.069
2026-09-29 08:39:00,119.17,119.31,119.17,119.28,1398.622
2026-09-29 08:40:00,119.27,119.33,119.12,119.12,1865.12
2026-09-29 08:41:00,119.12,119.21,119.0,119.21,1730.079
2026-09-29 08:42:00,119.22,119.31,119.22,119.27,2562.83
2026-09-29 08:43:00,119.27,119.31,119.21,119.21,444.855
2026-09-29 08:44:00,119.21,119.21,119.09,119.09,601.073
2026-09-29 08:45:00,119.1,119.13,119.02,119.12,1160.275
2026-09-29 08:46:00,119.13,119.2,119.05,119.08,2452.581
2026-09-29 08:47:00,119.08,119.12,119.02,119.02,274.311
2026-09-29 08:48:00,119.03,119.23,119.02,119.22,578.759
2026-09-29 08:49:00,119.22,119.22,119.16,119.16,264.829
2026-09-29 08:50:00,119.16,119.2,119.11,119.19,767.56
2026-09-29 08:51:00,119.19,119.19,119.11,119.13,328.108
2026-09-29 08:52:00,119.12,119.13,118.97,118.98,1054.117
2026-09-29 08:53:00,118.98,118.98,118.94,118.96,407.705
2026-09-29 08:54:00,118.96,119.01,118.94,118.99,575.53
2026-09-29 08:55:00,118.98,119.07,118.96,119.07,411.933
2026-09-29 08:56:00,119.06,119.11,119.06,119.09,355.559
2026-09-29 08:57:00,119.09,119.15,119.09,119.14,192.281
2026-09-29 08:58:00,119.14,119.15,119.11,119.15,252.033
2026-09-29 08:59:00,119.14,119.2,119.14,119.18,565.237
2026-09-29 09:00:00,119.19,119.19,119.01,119.1,2495.664
2026-09-29 09:01:00,119.09,119.22,119.05,119.16,981.69
2026-09-29 09:02:00,119.15,119.18,119.05,119.06,561.217
2026-09-29 09:03:00,119.06,119.06,118.9,118.9,1041.406
2026-09-29 09:04:00,118.9,119.11,118.88,119.11,1237.716
2026-09-29 09:05:00,119.1,119.14,118.99,119.0,645.158
2026-09-29 09:06:00,119.0,119.07,118.94,119.01,555.52
2026-09-29 09:07:00,119.02,119.02,118.95,118.95,435.837
2026-09-29 09:08:00,118.96,119.01,118.94,118.98,777.622
2026-09-29 09:09:00,118.98,118.99,118.94,118.96,193.139
2026-09-29 09:10:00,118.97,119.01,118.93,118.98,485.256
2026-09-29 09:11:00,118.99,118.99,118.94,118.96,513.071
2026-09-29 09:12:00,118.96,119.03,118.94,118.98,405.276
2026-09-29 09:13:00,118.98,119.03,118.97,119.02,538.567
2026-09-29 09:14:00,119.02,119.02,118.98,118.98,174.881
2026-09-29 09:15:00,118.98,118.99,118.9,118.93,277.36
2026-09-29 09:16:00,118.93,119.0,118.92,118.99,730.261
2026-09-29 09:17:00,118.99,119.1,118.99,119.1,1489.745
2026-09-29 09:18:00,119.1,119.11,119.07,119.1,213.002
2026-09-29 09:19:00,119.1,119.14,119.09,119.12,307.628
2026-09-29 09:20:00,119.12,119.2,119.11,119.17,1732.997
2026-09-29 09:21:00,119.16,119.31,119.14,119.27,4309.425
2026-09-29 09:22:00,119.26,119.27,119.22,119.23,646.658
2026-09-29 09:23:00,119.23,119.23,119.16,119.18,435.281
2026-09-29 09:24:00,119.19,119.25,119.19,119.25,309.088
2026-09-29 09:25:00,119.25,119.29,119.25,119.28,754.809
2026-09-29 09:26:00,119.29,119.3,119.24,119.29,443.807
2026-09-29 09:27:00,119.29,119.39,119.29,119.39,871.555
2026-09-29 09:28:00,119.39,119.43,119.34,119.35,527.327
2026-09-29 09:29:00,119.34,119.34,119.31,119.31,239.021
2026-09-29 09:30:00,119.31,119.35,119.27,119.34,490.669
2026-09-29 09:31:00,119.34,119.5,119.34,119.5,994.264
2026-09-29 09:32:00,119.5,119.56,119.5,119.53,439.27
2026-09-29 09:33:00,119.53,119.59,119.51,119.59,1446.271
2026-09-29 09:34:00,119.59,119.59,119.55,119.57,549.657
2026-09-29 09:35:00,119.58,119.58,119.47,119.51,602.268
2026-09-29 09:36:00,119.5,119.5,119.43,119.48,916.048
2026-09-29 09:37:00,119.48,119.51,119.44,119.5,2937.2
2026-09-29 09:38:00,119.5,119.56,119.5,119.54,328.553
2026-09-29 09:39:00,119.54,119.64,119.48,119.63,548.208
2026-09-29 09:40:00,119.63,119.72,119.61,119.62,2751.16
2026-09-29 09:41:00,119.62,119.71,119.6,119.6,1961.928
2026-09-29 09:42:00,119.61,119.63,119.52,119.63,458.794
2026-09-29 09:43:00,119.63,119.7,119.61,119.63,556.2
2026-09-29 09:44:00,119.64,119.65,119.58,119.65,533.451
2026-09-29 09:45:00,119.65,119.72,119.58,119.58,1738.624
2026-09-29 09:46:00,119.58,119.65,119.58,119.65,503.889
2026-09-29 09:47:00,119.64,119.83,119.63,119.8,3061.373
2026-09-29 09:48:00,119.79,119.9,119.77,119.89,1538.96
2026-09-29 09:49:00,119.88,119.91,119.78,119.89,2996.34
2026-09-29 09:50:00,119.9,120.08,119.9,120.07,14427.959
2026-09-29 09:51:00,120.07,120.08,119.88,119.89,1959.3
2026-09-29 09:52:00,119.88,119.94,119.81,119.84,1964.241
2026-09-29 09:53:00,119.84,119.99,119.83,119.99,1585.548
2026-09-29 09:54:00,120.0,120.07,119.95,119.96,930.065
2026-09-29 09:55:00,119.96,120.1,119.96,120.05,1763.314
2026-09-29 09:56:00,120.05,120.1,119.94,119.96,3134.343
2026-09-29 09:57:00,119.97,120.0,119.96,119.99,511.975
2026-09-29 09:58:00,119.98,119.98,119.91,119.91,834.295
2026-09-29 09:59:00,119.92,119.93,119.91,119.92,156.231
2026-09-29 10:00:00,119.93,119.93,119.82,119.83,1500.066
2026-09-29 10:01:00,119.82,119.89,119.8,119.89,1041.589
2026-09-29 10:02:00,119.88,119.89,119.71,119.71,2834.522
2026-09-29 10:03:00,119.71,119.85,119.7,119.81,804.247
2026-09-29 10:04:00,119.81,119.82,119.79,119.8,517.066
2026-09-29 10:05:00,119.8,119.8,119.78,119.79,362.102
2026-09-29 10:06:00,119.79,119.83,119.75,119.78,560.008
2026-09-29 10:07:00,119.79,119.83,119.76,119.82,2538.207
2026-09-29 10:08:00,119.82,119.89,119.82,119.82,1278.596
2026-09-29 10:09:00,119.82,119.97,119.82,119.95,2031.424
2026-09-29 10:10:00,119.96,119.96,119.91,119.94,582.885
2026-09-29 10:11:00,119.95,120.04,119.94,120.0,820.768
2026-09-29 10:12:00,120.01,120.03,119.95,120.02,1690.66
2026-09-29 10:13:00,120.01,120.01,119.98,119.99,1150.802
2026-09-29 10:14:00,119.98,119.98,119.87,119.9,759.436
2026-09-29 10:15:00,119.91,119.93,119.88,119.88,1383.218
2026-09-29 10:16:00,119.87,119.91,119.83,119.83,794.204
2026-09-29 10:17:00,119.83,119.84,119.74,119.76,1542.677
2026-09-29 10:18:00,119.77,119.77,119.69,119.72,1635.979
2026-09-29 10:19:00,119.71,119.71,119.65,119.65,1502.48
2026-09-29 10:20:00,119.64,119.65,119.59,119.61,2137.918
2026-09-29 10:21:00,119.61,119.63,119.55,119.6,966.915
2026-09-29 10:22:00,119.59,119.68,119.59,119.66,2281.917
2026-09-29 10:23:00,119.65,119.68,119.6,119.66,522.438
2026-09-29 10:24:00,119.67,119.68,119.62,119.62,614.189
2026-09-29 10:25:00,119.63,119.7,119.63,119.7,293.556
2026-09-29 10:26:00,119.7,119.71,119.67,119.7,580.541
2026-09-29 10:27:00,119.69,119.75,119.69,119.74,131.449
2026-09-29 10:28:00,119.74,119.74,119.69,119.7,157.765
2026-09-29 10:29:00,119.69,119.7,119.64,119.66,711.224
2026-09-29 10:30:00,119.67,119.69,119.61,119.61,158.899
2026-09-29 10:31:00,119.61,119.61,119.57,119.57,251.781
2026-09-29 10:32:00,119.58,119.63,119.52,119.58,1590.724
2026-09-29 10:33:00,119.58,119.61,119.47,119.47,1090.799
2026-09-29 10:34:00,119.47,119.48,119.38,119.39,3431.853
2026-09-29 10:35:00,119.39,119.4,119.35,119.39,495.417
2026-09-29 10:36:00,119.39,119.4,119.35,119.37,562.337
2026-09-29 10:37:00,119.36,119.39,119.32,119.33,552.786
2026-09-29 10:38:00,119.33,119.35,119.31,119.31,518.586
2026-09-29 10:39:00,119.31,119.32,119.21,119.29,2075.113
2026-09-29 10:40:00,119.29,119.4,119.29,119.4,1656.295
2026-09-29 10:41:00,119.4,119.4,119.3,119.3,579.107
2026-09-29 10:42:00,119.31,119.36,119.3,119.31,432.146
2026-09-29 10:43:00,119.31,119.31,119.21,119.22,1198.191
2026-09-29 10:44:00,119.22,119.3,119.22,119.3,421.477
2026-09-29 10:45:00,119.3,119.36,119.3,119.35,790.823
2026-09-29 10:46:00,119.36,119.46,119.35,119.45,12811.308
2026-09-29 10:47:00,119.46,119.46,119.31,119.37,941.354
2026-09-29 10:48:00,119.36,119.4,119.36,119.4,197.488
2026-09-29 10:49:00,119.4,119.42,119.38,119.41,358.367
2026-09-29 10:50:00,119.42,119.44,119.41,119.44,152.968
2026-09-29 10:51:00,119.43,119.49,119.43,119.46,463.949
2026-09-29 10:52:00,119.47,119.52,119.47,119.5,219.593
2026-09-29 10:53:00,119.5,119.5,119.47,119.47,136.997
2026-09-29 10:54:00,119.48,119.48,119.41,119.42,914.562
2026-09-29 10:55:00,119.43,119.5,119.42,119.48,125.426
2026-09-29 10:56:00,119.48,119.51,119.45,119.45,628.251
2026-09-29 10:57:00,119.45,119.45,119.41,119.42,207.897
2026-09-29 10:58:00,119.42,119.5,119.41,119.46,364.522
2026-09-29 10:59:00,119.46,119.49,119.43,119.44,144.846
2026-09-29 11:00:00,119.44,119.48,119.42,119.44,460.188
2026-09-29 11:01:00,119.45,119.51,119.44,119.46,344.155
2026-09-29 11:02:00,119.45,119.45,119.37,119.4,402.177
2026-09-29 11:03:00,119.41,119.46,119.35,119.42,2451.028
2026-09-29 11:04:00,119.41,119.41,119.3,119.3,561.55
2026-09-29 11:05:00,119.31,119.39,119.27,119.39,1947.746
2026-09-29 11:06:00,119.39,119.55,119.38,119.55,358.358
2026-09-29 11:07:00,119.55,119.55,119.45,119.48,800.031
2026-09-29 11:08:00,119.47,119.54,119.4,119.41,1144.308
2026-09-29 11:09:00,119.41,119.43,119.36,119.38,595.728
2026-09-29 11:10:00,119.39,119.42,119.27,119.27,703.988
2026-09-29 11:11:00,119.26,119.36,119.26,119.36,785.291
2026-09-29 11:12:00,119.35,119.41,119.35,119.35,651.121
2026-09-29 11:13:00,119.36,119.36,119.3,119.31,540.492
2026-09-29 11:14:00,119.3,119.31,119.23,119.3,628.665
2026-09-29 11:15:00,119.31,119.36,119.22,119.22,514.026
2026-09-29 11:16:00,119.22,119.3,119.22,119.29,603.876
2026-09-29 11:17:00,119.3,119.31,119.28,119.28,473.278
2026-09-29 11:18:00,119.28,119.42,119.27,119.41,803.152
2026-09-29 11:19:00,119.41,119.42,119.3,119.3,773.063
2026-09-29 11:20:00,119.3,119.32,119.23,119.32,551.103
2026-09-29 11:21:00,119.31,119.34,119.25,119.34,738.308
2026-09-29 11:22:00,119.33,119.38,119.33,119.37,378.632
2026-09-29 11:23:00,119.37,119.37,119.32,119.36,566.051
2026-09-29 11:24:00,119.36,119.4,119.35,119.39,463.488
2026-09-29 11:25:00,119.38,119.43,119.36,119.37,398.65
2026-09-29 11:26:00,119.37,119.4,119.36,119.39,374.684
2026-09-29 11:27:00,119.4,119.4,119.34,119.38,814.205
2026-09-29 11:28:00,119.38,119.38,119.36,119.37,286.376
2026-09-29 11:29:00,119.38,119.38,119.31,119.32,348.424
2026-09-29 11:30:00,119.31,119.37,119.31,119.37,527.375
2026-09-29 11:31:00,119.38,119.43,119.38,119.4,485.46
2026-09-29 11:32:00,119.41,119.68,119.41,119.63,1160.334
2026-09-29 11:33:00,119.64,119.78,119.58,119.78,830.705
2026-09-29 11:34:00,119.79,119.87,119.76,119.86,1187.708
2026-09-29 11:35:00,119.87,119.97,119.82,119.94,2065.57
2026-09-29 11:36:00,119.94,119.98,119.77,119.77,3485.758
2026-09-29 11:37:00,119.77,119.77,119.58,119.67,2416.094
2026-09-29 11:38:00,119.67,119.77,119.64,119.76,544.952
2026-09-29 11:39:00,119.76,119.82,119.74,119.78,890.509
2026-09-29 11:40:00,119.78,119.78,119.72,119.72,1363.409
2026-09-29 11:41:00,119.73,119.75,119.69,119.73,1640.196
2026-09-29 11:42:00,119.72,119.73,119.71,119.72,786.811
2026-09-29 11:43:00,119.72,119.78,119.68,119.75,1496.502
2026-09-29 11:44:00,119.76,119.81,119.75,119.81,1597.807
2026-09-29 11:45:00,119.81,119.9,119.81,119.87,947.388
2026-09-29 11:46:00,119.87,119.95,119.82,119.94,1031.84
2026-09-29 11:47:00,119.94,120.0,119.94,119.99,3543.69
2026-09-29 11:48:00,119.98,120.0,119.95,120.0,4567.963
2026-09-29 11:49:00,119.99,120.25,119.98,120.2,7261.152
2026-09-29 11:50:00,120.2,120.4,120.12,120.31,6303.31
2026-09-29 11:51:00,120.3,120.37,119.99,120.01,3202.601
2026-09-29 11:52:00,120.02,120.25,120.01,120.2,2701.633
2026-09-29 11:53:00,120.2,120.28,120.2,120.21,1416.683
2026-09-29 11:54:00,120.2,120.27,120.1,120.26,1633.604
2026-09-29 11:55:00,120.26,120.26,120.18,120.21,1997.643
2026-09-29 11:56:00,120.21,120.26,120.18,120.24,2406.685
2026-09-29 11:57:00,120.24,120.28,120.2,120.2,832.6
2026-09-29 11:58:00,120.21,120.28,120.14,120.18,1644.769
2026-09-29 11:59:00,120.18,120.21,120.13,120.14,645.098
2026-09-29 12:00:00,120.15,120.16,120.02,120.1,1762.674
2026-09-29 12:01:00,120.11,120.21,120.11,120.17,1902.093
2026-09-29 12:02:00,120.17,120.2,120.14,120.18,1448.399
2026-09-29 12:03:00,120.18,120.24,120.12,120.13,2137.757
2026-09-29 12:04:00,120.14,120.26,120.13,120.22,845.561
2026-09-29 12:05:00,120.21,120.24,120.16,120.21,1941.973
2026-09-29 12:06:00,120.21,120.22,120.08,120.08,1844.249
2026-09-29 12:07:00,120.08,120.16,120.02,120.09,3736.609
2026-09-29 12:08:00,120.09,120.1,120.0,120.03,2335.703
2026-09-29 12:09:00,120.02,120.1,120.01,120.07,1049.391
2026-09-29 12:10:00,120.06,120.09,120.05,120.08,233.112
2026-09-29 12:11:00,120.07,120.1,120.0,120.07,1967.186
2026-09-29 12:12:00,120.06,120.12,120.04,120.05,696.466
2026-09-29 12:13:00,120.05,120.16,120.04,120.13,2711.139
2026-09-29 12:14:00,120.13,120.16,120.04,120.08,1113.407
2026-09-29 12:15:00,120.07,120.34,120.07,120.2,1778.13
2026-09-29 12:16:00,120.21,120.37,120.2,120.36,1049.124
2026-09-29 12:17:00,120.36,120.48,120.33,120.45,2109.387
2026-09-29 12:18:00,120.45,120.59,120.32,120.38,5726.745
2026-09-29 12:19:00,120.37,120.37,120.14,120.2,46949.531
2026-09-29 12:20:00,120.19,120.2,120.06,120.07,2561.209
2026-09-29 12:21:00,120.07,120.13,120.06,120.06,446.145
2026-09-29 12:22:00,120.06,120.18,120.05,120.11,658.373
2026-09-29 12:23:00,120.1,120.14,120.09,120.11,310.503
2026-09-29 12:24:00,120.11,120.11,120.02,120.03,1950.202
2026-09-29 12:25:00,120.04,120.04,119.95,119.99,1379.456
2026-09-29 12:26:00,119.98,120.09,119.98,120.09,2588.205
2026-09-29 12:27:00,120.09,120.2,120.07,120.11,1042.997
2026-09-29 12:28:00,120.12,120.16,120.09,120.13,1106.151
2026-09-29 12:29:00,120.13,120.18,120.13,120.17,611.475
2026-09-29 12:30:00,120.18,120.3,120.18,120.28,882.738
2026-09-29 12:31:00,120.27,120.36,120.23,120.28,2832.856
2026-09-29 12:32:00,120.29,120.33,120.23,120.27,895.115
2026-09-29 12:33:00,120.28,120.28,120.11,120.2,5130.291
2026-09-29 12:34:00,120.21,120.36,120.21,120.31,2408.832
2026-09-29 12:35:00,120.31,120.41,120.24,120.38,3131.338
2026-09-29 12:36:00,120.38,120.44,120.34,120.39,1550.918
2026-09-29 12:37:00,120.4,120.68,120.39,120.68,1712.477
2026-09-29 12:38:00,120.68,121.05,120.63,120.96,39801.612
2026-09-29 12:39:00,120.97,121.0,120.73,120.78,16203.605
2026-09-29 12:40:00,120.77,120.79,120.59,120.68,3060.333
2026-09-29 12:41:00,120.68,120.84,120.68,120.72,2461.763
2026-09-29 12:42:00,120.72,120.77,120.65,120.67,2993.319
2026-09-29 12:43:00,120.66,120.69,120.61,120.66,1804.957
2026-09-29 12:44:00,120.66,120.74,120.6,120.73,1766.514
2026-09-29 12:45:00,120.73,120.75,120.48,120.49,1799.797
2026-09-29 12:46:00,120.48,120.54,120.45,120.49,991.957
2026-09-29 12:47:00,120.49,120.65,120.49,120.58,1023.672
2026-09-29 12:48:00,120.57,120.72,120.5,120.69,3198.224
2026-09-29 12:49:00,120.69,120.7,120.59,120.6,956.698
2026-09-29 12:50:00,120.59,120.59,120.52,120.53,389.161
2026-09-29 12:51:00,120.53,120.54,120.45,120.5,878.143
2026-09-29 12:52:00,120.51,120.68,120.51,120.66,1142.974
2026-09-29 12:53:00,120.67,120.67,120.59,120.61,487.554
2026-09-29 12:54:00,120.61,120.75,120.6,120.74,690.941
2026-09-29 12:55:00,120.75,120.79,120.64,120.65,976.681
2026-09-29 12:56:00,120.65,120.85,120.63,120.77,29982.223
2026-09-29 12:57:00,120.78,120.78,120.72,120.74,821.443
2026-09-29 12:58:00,120.74,120.92,120.74,120.87,33319.253
2026-09-29 12:59:00,120.87,120.91,120.86,120.87,1213.172
2026-09-29 13:00:00,120.88,120.98,120.84,120.87,2712.28
2026-09-29 13:01:00,120.86,120.89,120.71,120.89,1083.609
2026-09-29 13:02:00,120.88,120.96,120.87,120.95,1432.606
2026-09-29 13:03:00,120.95,121.03,120.89,120.92,3801.08
2026-09-29 13:04:00,120.92,121.02,120.91,121.01,1496.444
2026-09-29 13:05:00,121.02,121.09,120.93,121.0,3241.411
2026-09-29 13:06:00,121.0,121.02,120.96,121.01,995.007
2026-09-29 13:07:00,121.01,121.13,121.0,121.12,1127.693
2026-09-29 13:08:00,121.12,121.16,121.1,121.16,1254.676
2026-09-29 13:09:00,121.15,121.3,121.14,121.29,3277.195
2026-09-29 13:10:00,121.28,121.34,121.18,121.2,4234.305
2026-09-29 13:11:00,121.2,121.2,121.03,121.11,8692.175
2026-09-29 13:12:00,121.11,121.14,121.0,121.06,2335.855
2026-09-29 13:13:00,121.07,121.08,121.01,121.03,679.7
2026-09-29 13:14:00,121.04,121.08,120.97,121.01,2009.81
2026-09-29 13:15:00,121.01,121.06,120.81,121.02,2830.516
2026-09-29 13:16:00,121.03,121.13,121.03,121.13,2336.148
2026-09-29 13:17:00,121.14,121.29,121.13,121.29,1853.119
2026-09-29 13:18:00,121.28,121.35,121.18,121.21,2258.626
2026-09-29 13:19:00,121.21,121.29,121.21,121.29,2263.084
2026-09-29 13:20:00,121.3,121.3,121.21,121.22,1827.963
2026-09-29 13:21:00,121.23,121.23,121.13,121.14,1492.932
2026-09-29 13:22:00,121.14,121.22,121.09,121.22,1407.941
2026-09-29 13:23:00,121.23,121.25,121.22,121.24,1152.834
2026-09-29 13:24:00,121.24,121.32,121.23,121.32,1533.46
2026-09-29 13:25:00,121.33,121.42,121.19,121.21,5254.46
2026-09-29 13:26:00,121.21,121.29,121.11,121.28,1858.365
2026-09-29 13:27:00,121.27,121.32,121.15,121.31,4762.393
2026-09-29 13:28:00,121.3,121.35,121.21,121.22,2741.369
2026-09-29 13:29:00,121.21,121.24,121.12,121.2,2411.366
2026-09-29 13:30:00,121.21,121.21,120.89,121.02,2062.145
2026-09-29 13:31:00,121.02,121.18,120.89,120.93,2524.694
2026-09-29 13:32:00,120.94,121.11,120.9,120.9,1364.442
2026-09-29 13:33:00,120.91,120.99,120.77,120.82,2434.899
2026-09-29 13:34:00,120.83,120.94,120.77,120.9,3582.81
2026-09-29 13:35:00,120.9,120.99,120.68,120.68,2266.754
2026-09-29 13:36:00,120.68,120.94,120.67,120.88,3522.47
2026-09-29 13:37:00,120.89,121.12,120.89,121.01,2396.345
2026-09-29 13:38:00,121.02,121.06,120.9,121.05,1689.172
2026-09-29 13:39:00,121.06,121.22,121.05,121.18,2808.122
2026-09-29 13:40:00,121.17,121.2,120.97,120.98,1331.02
2026-09-29 13:41:00,120.98,121.2,120.98,121.18,3179.433
2026-09-29 13:42:00,121.18,121.37,121.12,121.27,4917.275
2026-09-29 13:43:00,121.26,121.41,121.04,121.04,4668.646
2026-09-29 13:44:00,121.04,121.21,121.03,121.16,2037.243
2026-09-29 13:45:00,121.16,121.24,121.08,121.08,2650.591
2026-09-29 13:46:00,121.07,121.18,120.99,120.99,2746.914
2026-09-29 13:47:00,120.98,121.21,120.94,121.11,3200.506
2026-09-29 13:48:00,121.12,121.17,121.01,121.04,3917.128
2026-09-29 13:49:00,121.05,121.15,121.02,121.15,1961.125
2026-09-29 13:50:00,121.15,121.24,121.02,121.16,3124.454
2026-09-29 13:51:00,121.16,121.33,121.15,121.31,2282.686
2026-09-29 13:52:00,121.31,121.47,121.31,121.45,7020.184
2026-09-29 13:53:00,121.45,121.61,121.44,121.61,3788.129
2026-09-29 13:54:00,121.61,121.69,121.56,121.57,3086.809
2026-09-29 13:55:00,121.57,121.64,121.48,121.63,2029.67
2026-09-29 13:56:00,121.63,121.68,121.49,121.49,1994.296
2026-09-29 13:57:00,121.49,121.49,121.03,121.19,9867.473
2026-09-29 13:58:00,121.2,121.2,121.0,121.0,4976.686
2026-09-29 13:59:00,121.0,121.08,120.95,121.02,9284.247
2026-09-29 14:00:00,121.02,121.24,121.0,121.17,3875.504
2026-09-29 14:01:00,121.18,121.31,120.97,120.97,2523.837
2026-09-29 14:02:00,120.97,120.99,120.77,120.82,2384.172
2026-09-29 14:03:00,120.82,121.0,120.78,120.96,982.631
2026-09-29 14:04:00,120.95,120.95,120.74,120.79,2164.518
2026-09-29 14:05:00,120.79,120.85,120.64,120.78,7849.779
2026-09-29 14:06:00,120.78,120.78,120.46,120.54,4872.58
2026-09-29 14:07:00,120.53,120.57,120.36,120.54,2334.09
2026-09-29 14:08:00,120.55,120.8,120.55,120.67,3706.908
2026-09-29 14:09:00,120.66,120.66,120.46,120.48,1830.405
2026-09-29 14:10:00,120.49,120.68,120.48,120.65,2914.373
2026-09-29 14:11:00,120.66,120.68,120.5,120.53,1594.439
2026-09-29 14:12:00,120.52,120.52,120.36,120.41,5830.818
2026-09-29 14:13:00,120.42,120.59,120.42,120.53,1874.546
2026-09-29 14:14:00,120.53,120.62,120.47,120.47,680.934
2026-09-29 14:15:00,120.46,120.53,120.39,120.46,1911.841
2026-09-29 14:16:00,120.46,120.47,120.28,120.36,2422.739
2026-09-29 14:17:00,120.36,120.65,120.36,120.58,1405.199
2026-09-29 14:18:00,120.59,120.8,120.59,120.8,1419.735
2026-09-29 14:19:00,120.8,120.99,120.8,120.99,1573.029
2026-09-29 14:20:00,120.99,121.06,120.72,120.72,1821.582
2026-09-29 14:21:00,120.72,120.78,120.58,120.78,1126.99
2026-09-29 14:22:00,120.79,120.8,120.66,120.8,916.735
2026-09-29 14:23:00,120.79,120.79,120.59,120.59,15271.345
2026-09-29 14:24:00,120.58,120.6,120.46,120.58,2158.729
2026-09-29 14:25:00,120.59,120.7,120.48,120.69,23034.218
2026-09-29 14:26:00,120.69,120.79,120.67,120.78,829.606
2026-09-29 14:27:00,120.79,120.85,120.78,120.85,650.821
2026-09-29 14:28:00,120.85,120.85,120.68,120.69,1072.976
2026-09-29 14:29:00,120.68,120.68,120.55,120.55,879.687
2026-09-29 14:30:00,120.55,120.61,120.47,120.57,2640.351
2026-09-29 14:31:00,120.57,120.79,120.56,120.73,1604.997
2026-09-29 14:32:00,120.73,120.81,120.6,120.73,4235.631
2026-09-29 14:33:00,120.72,120.76,120.61,120.69,638.0
2026-09-29 14:34:00,120.7,120.79,120.69,120.7,2067.775
2026-09-29 14:35:00,120.7,120.7,120.44,120.6,3113.733
2026-09-29 14:36:00,120.59,120.59,120.38,120.4,1428.959
2026-09-29 14:37:00,120.4,120.56,120.34,120.51,2903.641
2026-09-29 14:38:00,120.52,120.75,120.52,120.74,2597.172
2026-09-29 14:39:00,120.74,120.75,120.66,120.71,1048.375
2026-09-29 14:40:00,120.72,120.88,120.72,120.77,1448.155
2026-09-29 14:41:00,120.78,120.85,120.68,120.78,1306.381
2026-09-29 14:42:00,120.78,120.93,120.7,120.81,4546.733
2026-09-29 14:43:00,120.8,120.81,120.68,120.68,967.112
2026-09-29 14:44:00,120.68,120.69,120.57,120.64,2038.028
2026-09-29 14:45:00,120.64,120.88,120.6,120.87,1685.561
2026-09-29 14:46:00,120.87,120.92,120.82,120.88,1756.523
2026-09-29 14:47:00,120.87,120.87,120.71,120.71,775.847
2026-09-29 14:48:00,120.72,120.81,120.66,120.68,4550.248
2026-09-29 14:49:00,120.68,120.69,120.44,120.45,2001.407
2026-09-29 14:50:00,120.44,120.44,120.16,120.34,3188.934
2026-09-29 14:51:00,120.35,120.54,120.28,120.54,1429.123
2026-09-29 14:52:00,120.54,120.6,120.44,120.45,1855.666
2026-09-29 14:53:00,120.45,120.53,120.33,120.38,13229.288
2026-09-29 14:54:00,120.39,120.4,120.32,120.39,5918.841
2026-09-29 14:55:00,120.39,120.52,120.38,120.47,14933.342
2026-09-29 14:56:00,120.48,120.5,120.39,120.49,1475.27
2026-09-29 14:57:00,120.5,120.51,120.32,120.43,2945.822
2026-09-29 14:58:00,120.43,120.43,120.33,120.35,2537.684
2026-09-29 14:59:00,120.36,120.37,120.2,120.21,972.111
2026-09-29 15:00:00,120.21,120.21,119.97,120.03,4243.886
2026-09-29 15:01:00,120.03,120.2,119.91,120.2,2684.271
2026-09-29 15:02:00,120.19,120.29,120.05,120.05,1527.1
2026-09-29 15:03:00,120.05,120.11,119.81,119.84,15411.422
2026-09-29 15:04:00,119.84,119.96,119.68,119.69,22635.257
2026-09-29 15:05:00,119.69,119.76,119.47,119.48,9097.849
2026-09-29 15:06:00,119.47,119.7,119.34,119.63,6988.13
2026-09-29 15:07:00,119.62,119.62,119.4,119.45,2606.034
2026-09-29 15:08:00,119.45,119.56,119.29,119.51,3290.566
2026-09-29 15:09:00,119.5,119.75,119.47,119.73,2700.751
2026-09-29 15:10:00,119.73,119.9,119.73,119.73,32316.476
2026-09-29 15:11:00,119.73,119.75,119.63,119.66,2499.543
2026-09-29 15:12:00,119.66,119.68,119.34,119.34,1896.738
2026-09-29 15:13:00,119.34,119.35,119.14,119.27,4206.201
2026-09-29 15:14:00,119.27,119.43,119.21,119.39,2840.402
2026-09-29 15:15:00,119.39,119.54,119.36,119.52,2409.198
2026-09-29 15:16:00,119.53,119.56,119.49,119.55,901.729
2026-09-29 15:17:00,119.55,119.59,119.39,119.4,1402.309
2026-09-29 15:18:00,119.4,119.41,119.06,119.06,3643.799
2026-09-29 15:19:00,119.06,119.17,118.97,118.98,6996.184
2026-09-29 15:20:00,118.98,119.05,118.9,118.92,18113.976
2026-09-29 15:21:00,118.92,119.02,118.78,118.99,24836.821
2026-09-29 15:22:00,118.99,119.07,118.84,118.87,1381.729
2026-09-29 15:23:00,118.87,118.89,118.51,118.51,8454.391
2026-09-29 15:24:00,118.51,118.54,118.27,118.35,10228.382
2026-09-29 15:25:00,118.35,118.41,118.22,118.34,4481.511
2026-09-29 15:26:00,118.35,118.45,118.26,118.28,3660.985
2026-09-29 15:27:00,118.27,118.27,117.98,118.06,23038.744
2026-09-29 15:28:00,118.07,118.42,117.95,118.27,8255.66
2026-09-29 15:29:00,118.27,118.44,118.23,118.29,2625.12
2026-09-29 15:30:00,118.29,118.58,118.26,118.43,4474.847
2026-09-29 15:31:00,118.42,118.54,118.27,118.54,3069.386
2026-09-29 15:32:00,118.54,118.67,118.49,118.66,1869.661
2026-09-29 15:33:00,118.67,118.76,118.5,118.52,6077.416
2026-09-29 15:34:00,118.52,118.62,118.45,118.46,2111.613
2026-09-29 15:35:00,118.47,118.62,118.4,118.59,2625.071
2026-09-29 15:36:00,118.59,118.63,118.45,118.51,1344.235
2026-09-29 15:37:00,118.52,118.55,118.45,118.51,1913.247
2026-09-29 15:38:00,118.5,118.5,118.36,118.44,1433.547
2026-09-29 15:39:00,118.45,118.52,118.44,118.52,3752.747
2026-09-29 15:40:00,118.52,118.63,118.5,118.63,3527.846
2026-09-29 15:41:00,118.63,118.7,118.47,118.49,1721.356
2026-09-29 15:42:00,118.48,118.55,118.4,118.46,1986.228
2026-09-29 15:43:00,118.46,118.46,118.36,118.42,1910.204
2026-09-29 15:44:00,118.41,118.51,118.37,118.5,1779.016
2026-09-29 15:45:00,118.51,118.67,118.51,118.54,1590.537
2026-09-29 15:46:00,118.55,118.59,118.38,118.39,2803.61
2026-09-29 15:47:00,118.39,118.72,118.31,118.71,5118.603
2026-09-29 15:48:00,118.7,118.81,118.54,118.8,2374.185
2026-09-29 15:49:00,118.8,118.86,118.67,118.68,3113.917
2026-09-29 15:50:00,118.68,118.77,118.44,118.47,5438.088
2026-09-29 15:51:00,118.48,118.49,118.4,118.42,1181.184
2026-09-29 15:52:00,118.42,118.44,118.2,118.2,2786.021
2026-09-29 15:53:00,118.2,118.33,118.1,118.16,4006.871
2026-09-29 15:54:00,118.15,118.17,118.06,118.14,4030.104
2026-09-29 15:55:00,118.15,118.33,118.1,118.22,9710.524
2026-09-29 15:56:00,118.22,118.32,118.22,118.29,1979.949
2026-09-29 15:57:00,118.3,118.37,118.07,118.08,3184.585
2026-09-29 15:58:00,118.07,118.13,118.0,118.0,1229.568
2026-09-29 15:59:00,118.01,118.23,117.95,118.22,4527.786
2026-09-29 16:00:00,118.22,118.36,118.1,118.29,7862.309
2026-09-29 16:01:00,118.3,118.39,118.23,118.28,2436.363
2026-09-29 16:02:00,118.29,118.32,118.18,118.29,1857.389
2026-09-29 16:03:00,118.3,118.38,118.27,118.28,2337.28
2026-09-29 16:04:00,118.27,118.29,118.13,118.13,1181.832
2026-09-29 16:05:00,118.13,118.37,118.11,118.34,4085.079
2026-09-29 16:06:00,118.35,118.35,118.19,118.19,1973.674
2026-09-29 16:07:00,118.19,118.23,118.08,118.23,1551.583
2026-09-29 16:08:00,118.24,118.25,118.19,118.21,1690.898
2026-09-29 16:09:00,118.2,118.28,118.19,118.26,1375.474
2026-09-29 16:10:00,118.27,118.47,118.27,118.4,1664.074
2026-09-29 16:11:00,118.41,118.43,118.27,118.4,2012.857
2026-09-29 16:12:00,118.39,118.44,118.3,118.3,1450.578
2026-09-29 16:13:00,118.3,118.39,118.29,118.31,1652.646
2026-09-29 16:14:00,118.3,118.33,118.16,118.31,1545.601
2026-09-29 16:15:00,118.31,118.37,118.27,118.31,1171.283
2026-09-29 16:16:00,118.3,118.46,118.24,118.46,2050.12
2026-09-29 16:17:00,118.47,118.53,118.37,118.37,1315.957
2026-09-29 16:18:00,118.36,118.37,118.27,118.34,723.283
2026-09-29 16:19:00,118.34,118.42,118.32,118.4,1609.235
2026-09-29 16:20:00,118.4,118.54,118.39,118.48,1399.38
2026-09-29 16:21:00,118.47,118.58,118.45,118.45,1617.758
2026-09-29 16:22:00,118.46,118.54,118.42,118.49,1696.712
2026-09-29 16:23:00,118.49,118.5,118.36,118.49,1766.482
2026-09-29 16:24:00,118.49,118.54,118.45,118.45,1662.845
2026-09-29 16:25:00,118.45,118.56,118.41,118.54,2110.44
2026-09-29 16:26:00,118.54,118.6,118.52,118.6,1171.979
2026-09-29 16:27:00,118.6,118.65,118.58,118.6,2139.823
2026-09-29 16:28:00,118.61,118.7,118.59,118.59,2480.496
2026-09-29 16:29:00,118.58,118.61,118.53,118.54,1893.011
2026-09-29 16:30:00,118.53,118.54,118.32,118.32,2203.204
2026-09-29 16:31:00,118.32,118.41,118.24,118.34,2730.916
2026-09-29 16:32:00,118.34,118.43,118.28,118.29,1449.916
2026-09-29 16:33:00,118.29,118.4,118.28,118.37,1164.57
2026-09-29 16:34:00,118.38,118.51,118.36,118.51,1092.988
2026-09-29 16:35:00,118.51,118.68,118.5,118.62,1760.963
2026-09-29 16:36:00,118.62,118.72,118.58,118.68,1442.129
2026-09-29 16:37:00,118.68,118.71,118.54,118.64,3512.72
2026-09-29 16:38:00,118.63,118.66,118.59,118.61,1655.457
2026-09-29 16:39:00,118.61,118.61,118.42,118.42,1505.456
2026-09-29 16:40:00,118.41,118.41,118.23,118.27,2627.56
2026-09-29 16:41:00,118.26,118.37,118.18,118.19,2783.367
2026-09-29 16:42:00,118.18,118.24,118.13,118.14,1649.513
2026-09-29 16:43:00,118.13,118.17,118.06,118.15,2114.976
2026-09-29 16:44:00,118.15,118.15,118.04,118.04,1185.348
2026-09-29 16:45:00,118.05,118.09,117.8,117.85,4752.8
2026-09-29 16:46:00,117.86,118.08,117.83,118.04,4377.746
2026-09-29 16:47:00,118.04,118.08,117.94,117.97,2125.851
2026-09-29 16:48:00,117.98,117.98,117.85,117.94,1411.051
2026-09-29 16:49:00,117.94,117.96,117.81,117.88,2047.329
2026-09-29 16:50:00,117.88,118.07,117.83,118.06,2401.498
2026-09-29 16:51:00,118.06,118.13,117.98,117.98,2701.781
2026-09-29 16:52:00,117.98,118.07,117.9,117.99,1002.931
2026-09-29 16:53:00,117.99,118.0,117.83,117.83,786.56
2026-09-29 16:54:00,117.82,117.84,117.74,117.74,1445.989
2026-09-29 16:55:00,117.74,117.74,117.61,117.63,2403.243
2026-09-29 16:56:00,117.63,117.66,117.53,117.57,13122.901
2026-09-29 16:57:00,117.58,117.88,117.58,117.86,6402.587
2026-09-29 16:58:00,117.87,118.08,117.87,118.05,2286.792
2026-09-29 16:59:00,118.05,118.12,118.03,118.06,1234.616
2026-09-29 17:00:00,118.05,118.13,118.03,118.03,2818.359
2026-09-29 17:01:00,118.04,118.12,117.97,118.03,1841.813
2026-09-29 17:02:00,118.03,118.04,117.94,117.95,1451.125
2026-09-29 17:03:00,117.96,118.15,117.92,118.15,1892.632
2026-09-29 17:04:00,118.15,118.22,118.13,118.13,1497.243
2026-09-29 17:05:00,118.13,118.29,118.1,118.29,1629.075
2026-09-29 17:06:00,118.29,118.35,118.22,118.25,1361.456
2026-09-29 17:07:00,118.25,118.25,118.12,118.15,1583.981
2026-09-29 17:08:00,118.15,118.2,118.09,118.17,946.273
2026-09-29 17:09:00,118.18,118.27,118.15,118.16,1284.534
2026-09-29 17:10:00,118.16,118.19,118.09,118.1,1085.243
2026-09-29 17:11:00,118.1,118.23,118.1,118.1,1398.622
2026-09-29 17:12:00,118.11,118.13,118.04,118.11,1232.277
2026-09-29 17:13:00,118.1,118.15,118.05,118.1,932.456
2026-09-29 17:14:00,118.09,118.18,118.07,118.18,1005.613
2026-09-29 17:15:00,118.19,118.22,118.05,118.06,667.49
2026-09-29 17:16:00,118.05,118.06,117.85,117.93,1312.857
2026-09-29 17:17:00,117.92,118.04,117.91,118.0,1899.336
2026-09-29 17:18:00,118.01,118.07,117.98,117.98,1252.974
2026-09-29 17:19:00,117.98,118.09,117.97,118.08,2052.873
2026-09-29 17:20:00,118.09,118.11,117.85,117.86,1554.175
2026-09-29 17:21:00,117.86,117.87,117.8,117.8,2686.828
2026-09-29 17:22:00,117.8,117.82,117.75,117.76,1204.341
2026-09-29 17:23:00,117.76,117.9,117.76,117.86,788.958
2026-09-29 17:24:00,117.86,117.91,117.82,117.88,670.393
2026-09-29 17:25:00,117.89,117.9,117.83,117.87,619.515
2026-09-29 17:26:00,117.86,117.9,117.84,117.86,1054.783
2026-09-29 17:27:00,117.87,117.9,117.81,117.89,1031.221
2026-09-29 17:28:00,117.89,117.92,117.78,117.79,1147.49
2026-09-29 17:29:00,117.79,118.03,117.78,118.01,1091.85
2026-09-29 17:30:00,118.01,118.09,117.94,117.96,1568.899
2026-09-29 17:31:00,117.96,118.05,117.92,118.01,1173.931
2026-09-29 17:32:00,118.01,118.05,117.87,118.05,1068.729
2026-09-29 17:33:00,118.05,118.06,117.96,117.97,940.624
2026-09-29 17:34:00,117.97,118.06,117.92,117.93,1434.518
2026-09-29 17:35:00,117.93,117.96,117.85,117.87,718.34
2026-09-29 17:36:00,117.88,117.93,117.82,117.82,590.516
2026-09-29 17:37:00,117.83,117.87,117.82,117.84,610.721
2026-09-29 17:38:00,117.85,117.89,117.82,117.82,658.084
2026-09-29 17:39:00,117.82,117.9,117.8,117.86,765.966
2026-09-29 17:40:00,117.86,117.92,117.83,117.88,943.279
2026-09-29 17:41:00,117.89,117.97,117.85,117.94,897.748
2026-09-29 17:42:00,117.94,117.98,117.9,117.95,535.334
2026-09-29 17:43:00,117.94,117.94,117.84,117.87,499.76
2026-09-29 17:44:00,117.87,117.9,117.83,117.83,674.209
2026-09-29 17:45:00,117.83,117.93,117.82,117.92,850.729
2026-09-29 17:46:00,117.92,117.92,117.73,117.73,1704.76
2026-09-29 17:47:00,117.73,117.78,117.67,117.72,813.885
2026-09-29 17:48:00,117.73,117.78,117.67,117.69,470.457
2026-09-29 17:49:00,117.69,117.72,117.59,117.6,1454.632
2026-09-29 17:50:00,117.6,117.6,117.47,117.47,3046.669
2026-09-29 17:51:00,117.46,117.57,117.36,117.54,9113.402
2026-09-29 17:52:00,117.55,117.64,117.55,117.63,982.299
2026-09-29 17:53:00,117.63,117.63,117.47,117.52,1406.482
2026-09-29 17:54:00,117.53,117.59,117.5,117.52,776.336
2026-09-29 17:55:00,117.51,117.53,117.47,117.51,964.931
2026-09-29 17:56:00,117.52,117.56,117.49,117.53,1214.153
2026-09-29 17:57:00,117.53,117.55,117.49,117.5,804.744
2026-09-29 17:58:00,117.5,117.55,117.46,117.54,923.883
2026-09-29 17:59:00,117.54,117.72,117.53,117.71,1670.987
2026-09-29 18:00:00,117.71,118.17,117.71,118.17,3119.022
2026-09-29 18:01:00,118.18,118.25,117.98,118.03,1649.309
2026-09-29 18:02:00,118.04,118.2,118.03,118.16,2649.856
2026-09-29 18:03:00,118.16,118.16,118.01,118.07,1053.289
2026-09-29 18:04:00,118.06,118.27,118.05,118.26,953.382
2026-09-29 18:05:00,118.25,118.38,118.17,118.35,4054.315
2026-09-29 18:06:00,118.35,118.48,118.35,118.44,853.921
2026-09-29 18:07:00,118.43,118.48,118.21,118.26,1385.54
2026-09-29 18:08:00,118.27,118.35,118.23,118.28,1748.9
2026-09-29 18:09:00,118.28,118.36,118.21,118.21,779.758
2026-09-29 18:10:00,118.21,118.3,118.21,118.26,472.555
2026-09-29 18:11:00,118.27,118.37,118.27,118.29,1160.357
2026-09-29 18:12:00,118.3,118.48,118.3,118.46,1813.351
2026-09-29 18:13:00,118.46,118.48,118.34,118.47,2230.312
2026-09-29 18:14:00,118.46,118.51,118.44,118.48,2414.329
2026-09-29 18:15:00,118.47,118.61,118.47,118.59,1872.839
2026-09-29 18:16:00,118.58,118.7,118.58,118.62,1383.947
2026-09-29 18:17:00,118.62,118.63,118.48,118.57,2031.379
2026-09-29 18:18:00,118.57,118.59,118.51,118.57,877.26
2026-09-29 18:19:00,118.57,118.57,118.5,118.56,2171.143
2026-09-29 18:20:00,118.57,118.64,118.5,118.63,774.668
2026-09-29 18:21:00,118.64,118.64,118.59,118.63,1929.063
2026-09-29 18:22:00,118.63,118.76,118.59,118.76,895.876
2026-09-29 18:23:00,118.75,118.85,118.73,118.79,1728.912
2026-09-29 18:24:00,118.78,118.81,118.74,118.75,869.931
2026-09-29 18:25:00,118.75,118.81,118.68,118.72,1384.316
2026-09-29 18:26:00,118.72,118.77,118.65,118.65,516.203
2026-09-29 18:27:00,118.65,118.73,118.65,118.68,462.145
2026-09-29 18:28:00,118.69,118.79,118.67,118.77,700.395
2026-09-29 18:29:00,118.77,118.77,118.65,118.65,410.393
2026-09-29 18:30:00,118.64,118.81,118.59,118.7,3137.059
2026-09-29 18:31:00,118.7,118.72,118.58,118.71,845.949
2026-09-29 18:32:00,118.72,118.83,118.71,118.83,906.165
2026-09-29 18:33:00,118.83,118.88,118.79,118.79,1188.906
2026-09-29 18:34:00,118.8,118.9,118.75,118.89,1782.591
2026-09-29 18:35:00,118.89,118.9,118.8,118.87,517.098
2026-09-29 18:36:00,118.87,118.96,118.85,118.95,816.604
2026-09-29 18:37:00,118.95,118.99,118.92,118.93,600.72
2026-09-29 18:38:00,118.92,119.01,118.92,118.98,2952.916
2026-09-29 18:39:00,118.97,119.07,118.92,118.92,1603.23
2026-09-29 18:40:00,118.92,119.1,118.92,119.1,1420.393
2026-09-29 18:41:00,119.09,119.2,119.09,119.2,3202.892
2026-09-29 18:42:00,119.19,119.29,119.19,119.29,3892.084
2026-09-29 18:43:00,119.28,119.29,119.21,119.22,635.455
2026-09-29 18:44:00,119.22,119.27,119.16,119.16,534.609
2026-09-29 18:45:00,119.16,119.24,119.13,119.23,969.832
2026-09-29 18:46:00,119.22,119.24,119.18,119.18,1137.871
2026-09-29 18:47:00,119.18,119.18,119.03,119.07,1381.799
2026-09-29 18:48:00,119.07,119.07,119.03,119.07,834.909
2026-09-29 18:49:00,119.08,119.08,119.02,119.08,429.835
2026-09-29 18:50:00,119.09,119.11,119.01,119.06,477.781
2026-09-29 18:51:00,119.06,119.2,119.06,119.2,595.285
2026-09-29 18:52:00,119.2,119.25,119.18,119.25,284.943
2026-09-29 18:53:00,119.25,119.29,119.21,119.25,838.24
2026-09-29 18:54:00,119.25,119.25,119.16,119.16,899.103
2026-09-29 18:55:00,119.16,119.16,119.11,119.11,491.666
2026-09-29 18:56:00,119.11,119.15,119.11,119.14,294.634
2026-09-29 18:57:00,119.14,119.16,119.12,119.12,259.316
2026-09-29 18:58:00,119.13,119.15,119.08,119.13,861.46
2026-09-29 18:59:00,119.13,119.21,119.13,119.17,1080.089
2026-09-29 19:00:00,119.16,119.2,119.15,119.18,407.879
2026-09-29 19:01:00,119.19,119.24,119.15,119.21,846.828
2026-09-29 19:02:00,119.21,119.32,119.17,119.29,2079.173
2026-09-29 19:03:00,119.3,119.36,119.28,119.28,849.301
2026-09-29 19:04:00,119.28,119.4,119.22,119.4,252.084
2026-09-29 19:05:00,119.39,119.4,119.32,119.38,561.906
2026-09-29 19:06:00,119.38,119.47,119.38,119.47,1857.355
2026-09-29 19:07:00,119.47,119.53,119.45,119.5,5197.308
2026-09-29 19:08:00,119.5,119.51,119.43,119.45,1036.802
2026-09-29 19:09:00,119.45,119.48,119.44,119.45,1534.905
2026-09-29 19:10:00,119.45,119.51,119.44,119.51,416.127
2026-09-29 19:11:00,119.52,119.52,119.43,119.43,552.232
2026-09-29 19:12:00,119.44,119.44,119.41,119.41,442.746
2026-09-29 19:13:00,119.41,119.41,119.35,119.35,789.804
2026-09-29 19:14:00,119.35,119.4,119.33,119.34,216.472
2026-09-29 19:15:00,119.33,119.4,119.23,119.27,1067.387
2026-09-29 19:16:00,119.27,119.28,119.21,119.24,764.954
2026-09-29 19:17:00,119.23,119.35,119.19,119.34,543.789
2026-09-29 19:18:00,119.35,119.4,119.34,119.36,1120.394
2026-09-29 19:19:00,119.36,119.37,119.28,119.37,327.396
2026-09-29 19:20:00,119.36,119.36,119.29,119.29,903.922
2026-09-29 19:21:00,119.29,119.33,119.27,119.33,335.084
2026-09-29 19:22:00,119.33,119.33,119.27,119.33,313.291
2026-09-29 19:23:00,119.33,119.39,119.33,119.36,191.152
2026-09-29 19:24:00,119.36,119.41,119.35,119.4,1567.93
2026-09-29 19:25:00,119.4,119.45,119.39,119.39,2565.805
2026-09-29 19:26:00,119.39,119.39,119.33,119.35,221.026
2026-09-29 19:27:00,119.34,119.35,119.32,119.34,473.024
2026-09-29 19:28:00,119.34,119.34,119.25,119.26,235.017
2026-09-29 19:29:00,119.26,119.26,119.24,119.25,216.198
2026-09-29 19:30:00,119.24,119.27,119.18,119.25,373.709
2026-09-29 19:31:00,119.25,119.32,119.25,119.26,316.589
2026-09-29 19:32:00,119.27,119.4,119.26,119.4,1517.524
2026-09-29 19:33:00,119.39,119.4,119.31,119.35,417.566
2026-09-29 19:34:00,119.34,119.34,119.3,119.33,176.089
2026-09-29 19:35:00,119.33,119.34,119.27,119.27,1658.253
2026-09-29 19:36:00,119.27,119.28,119.24,119.25,241.319
2026-09-29 19:37:00,119.24,119.32,119.22,119.23,473.973
2026-09-29 19:38:00,119.23,119.31,119.2,119.27,1877.275
2026-09-29 19:39:00,119.27,119.28,119.24,119.26,317.042
2026-09-29 19:40:00,119.25,119.26,119.05,119.06,2213.129
2026-09-29 19:41:00,119.06,119.1,119.06,119.1,546.918
2026-09-29 19:42:00,119.1,119.15,119.05,119.06,1334.048
2026-09-29 19:43:00,119.06,119.08,118.96,118.96,928.838
2026-09-29 19:44:00,118.95,118.96,118.77,118.77,2575.415
2026-09-29 19:45:00,118.76,118.76,118.64,118.64,787.305
2026-09-29 19:46:00,118.64,118.67,118.62,118.67,999.709
2026-09-29 19:47:00,118.66,118.93,118.58,118.85,2994.495
2026-09-29 19:48:00,118.86,118.88,118.7,118.74,1179.204
2026-09-29 19:49:00,118.74,118.84,118.74,118.79,564.524
2026-09-29 19:50:00,118.78,118.85,118.77,118.79,919.756
2026-09-29 19:51:00,118.78,118.9,118.76,118.89,506.107
2026-09-29 19:52:00,118.9,118.93,118.86,118.87,311.043
2026-09-29 19:53:00,118.86,118.86,118.71,118.8,655.927
2026-09-29 19:54:00,118.81,118.82,118.76,118.78,1775.043
2026-09-29 19:55:00,118.77,118.79,118.69,118.79,909.594
2026-09-29 19:56:00,118.78,118.83,118.77,118.81,449.584
2026-09-29 19:57:00,118.81,118.83,118.79,118.82,361.626
2026-09-29 19:58:00,118.82,118.84,118.72,118.73,1590.415
2026-09-29 19:59:00,118.72,118.81,118.69,118.8,275.752
2026-09-29 20:00:00,118.81,118.82,118.72,118.82,375.294
2026-09-29 20:01:00,118.81,118.9,118.7,118.7,1060.16
2026-09-29 20:02:00,118.7,118.72,118.62,118.66,528.556
2026-09-29 20:03:00,118.67,118.7,118.66,118.7,371.213
2026-09-29 20:04:00,118.7,118.75,118.66,118.72,452.938
2026-09-29 20:05:00,118.71,118.83,118.68,118.81,518.345
2026-09-29 20:06:00,118.81,118.91,118.77,118.9,392.541
2026-09-29 20:07:00,118.91,119.02,118.91,119.02,493.234
2026-09-29 20:08:00,119.02,119.02,118.93,118.94,447.823
2026-09-29 20:09:00,118.94,118.99,118.78,118.78,613.845
2026-09-29 20:10:00,118.79,118.79,118.69,118.69,283.846
2026-09-29 20:11:00,118.69,118.72,118.61,118.61,896.141
2026-09-29 20:12:00,118.61,118.7,118.61,118.7,613.144
2026-09-29 20:13:00,118.71,118.81,118.71,118.81,517.169
2026-09-29 20:14:00,118.81,118.88,118.81,118.83,1090.258
2026-09-29 20:15:00,118.83,118.9,118.83,118.9,583.869
2026-09-29 20:16:00,118.91,119.01,118.91,118.99,1428.98
2026-09-29 20:17:00,118.99,119.06,118.99,119.04,602.047
2026-09-29 20:18:00,119.04,119.06,119.0,119.02,1268.181
2026-09-29 20:19:00,119.03,119.06,119.0,119.03,693.791
2026-09-29 20:20:00,119.03,119.11,119.03,119.09,1184.384
2026-09-29 20:21:00,119.1,119.1,119.04,119.08,578.934
2026-09-29 20:22:00,119.08,119.1,119.05,119.06,653.972
2026-09-29 20:23:00,119.07,119.08,119.03,119.03,295.224
2026-09-29 20:24:00,119.03,119.05,118.98,119.05,834.101
2026-09-29 20:25:00,119.05,119.11,119.04,119.09,233.042
2026-09-29 20:26:00,119.1,119.22,119.1,119.22,551.467
2026-09-29 20:27:00,119.23,119.25,119.2,119.22,716.165
2026-09-29 20:28:00,119.22,119.22,119.11,119.11,170.318
2026-09-29 20:29:00,119.12,119.12,119.09,119.1,169.036
2026-09-29 20:30:00,119.09,119.09,119.02,119.08,255.119
2026-09-29 20:31:00,119.07,119.09,119.01,119.01,276.622
2026-09-29 20:32:00,119.01,119.05,119.0,119.04,292.055
2026-09-29 20:33:00,119.05,119.13,119.03,119.12,369.856
2026-09-29 20:34:00,119.13,119.13,118.97,118.97,725.089
2026-09-29 20:35:00,118.97,119.06,118.97,119.06,170.541
2026-09-29 20:36:00,119.06,119.12,119.0,119.01,331.244
2026-09-29 20:37:00,119.01,119.06,119.01,119.04,293.098
2026-09-29 20:38:00,119.03,119.03,118.97,118.98,168.417
2026-09-29 20:39:00,118.98,119.06,118.97,119.04,151.813
2026-09-29 20:40:00,119.03,119.06,119.02,119.03,184.969
2026-09-29 20:41:00,119.04,119.06,119.04,119.06,134.961
2026-09-29 20:42:00,119.05,119.07,119.05,119.07,120.547
2026-09-29 20:43:00,119.07,119.1,119.03,119.08,402.368
2026-09-29 20:44:00,119.09,119.1,119.05,119.05,382.638
2026-09-29 20:45:00,119.06,119.08,118.95,118.98,421.417
2026-09-29 20:46:00,118.99,119.01,118.97,119.0,176.352
2026-09-29 20:47:00,118.99,119.05,118.98,119.01,989.454
2026-09-29 20:48:00,119.01,119.07,118.99,119.06,355.723
2026-09-29 20:49:00,119.07,119.13,119.06,119.12,240.527
2026-09-29 20:50:00,119.12,119.14,119.06,119.12,523.397
2026-09-29 20:51:00,119.12,119.14,119.08,119.12,339.023
2026-09-29 20:52:00,119.12,119.15,119.11,119.12,321.899
2026-09-29 20:53:00,119.13,119.15,119.11,119.14,315.769
2026-09-29 20:54:00,119.13,119.18,119.13,119.15,152.349
2026-09-29 20:55:00,119.15,119.19,119.15,119.18,169.6
2026-09-29 20:56:00,119.19,119.19,119.13,119.13,408.135
2026-09-29 20:57:00,119.14,119.16,119.06,119.16,1209.593
2026-09-29 20:58:00,119.16,119.2,119.16,119.18,508.557
2026-09-29 20:59:00,119.19,119.19,119.04,119.05,2053.336
2026-09-29 21:00:00,119.04,119.09,119.03,119.08,355.634
2026-09-29 21:01:00,119.08,119.11,118.98,118.98,454.471
2026-09-29 21:02:00,118.97,119.0,118.91,118.92,658.34
2026-09-29 21:03:00,118.93,118.93,118.81,118.81,1212.925
2026-09-29 21:04:00,118.82,118.96,118.73,118.9,3406.996
2026-09-29 21:05:00,118.91,118.96,118.87,118.91,706.525
2026-09-29 21:06:00,118.91,119.03,118.89,119.03,1464.217
2026-09-29 21:07:00,119.02,119.02,118.95,118.97,535.498
2026-09-29 21:08:00,118.97,118.99,118.92,118.99,354.323
2026-09-29 21:09:00,118.98,119.05,118.94,119.02,538.814
2026-09-29 21:10:00,119.01,119.08,119.01,119.07,204.078
2026-09-29 21:11:00,119.08,119.08,119.07,119.08,302.58
2026-09-29 21:12:00,119.08,119.19,119.08,119.16,1003.316
2026-09-29 21:13:00,119.15,119.16,119.1,119.12,1190.379
2026-09-29 21:14:00,119.12,119.16,119.12,119.16,114.449
2026-09-29 21:15:00,119.15,119.16,119.06,119.07,795.804
2026-09-29 21:16:00,119.06,119.07,119.0,119.01,484.7
2026-09-29 21:17:00,119.02,119.08,119.02,119.08,383.648
2026-09-29 21:18:00,119.08,119.1,119.0,119.01,171.206
2026-09-29 21:19:00,119.02,119.02,118.94,118.98,852.334
2026-09-29 21:20:00,118.97,118.97,118.85,118.86,508.761
2026-09-29 21:21:00,118.86,118.87,118.82,118.84,650.175
2026-09-29 21:22:00,118.83,118.83,118.74,118.74,544.294
2026-09-29 21:23:00,118.74,118.79,118.7,118.73,1328.336
2026-09-29 21:24:00,118.73,118.77,118.68,118.72,1256.46
2026-09-29 21:25:00,118.72,118.72,118.6,118.67,2470.216
2026-09-29 21:26:00,118.68,118.69,118.54,118.6,3914.045
2026-09-29 21:27:00,118.61,118.62,118.52,118.6,1820.167
2026-09-29 21:28:00,118.6,118.67,118.56,118.67,671.205
2026-09-29 21:29:00,118.66,118.75,118.63,118.72,2638.379
2026-09-29 21:30:00,118.72,118.73,118.68,118.69,666.91
2026-09-29 21:31:00,118.69,118.72,118.66,118.66,1351.64
2026-09-29 21:32:00,118.66,118.67,118.61,118.66,966.901
2026-09-29 21:33:00,118.65,118.79,118.63,118.77,2268.15
2026-09-29 21:34:00,118.77,118.78,118.74,118.77,227.059
2026-09-29 21:35:00,118.77,118.77,118.65,118.66,289.433
2026-09-29 21:36:00,118.66,118.69,118.63,118.69,255.807
2026-09-29 21:37:00,118.69,118.72,118.69,118.72,73.196
2026-09-29 21:38:00,118.71,118.72,118.64,118.71,576.948
2026-09-29 21:39:00,118.71,118.75,118.71,118.75,539.607
2026-09-29 21:40:00,118.74,118.75,118.68,118.75,416.582
2026-09-29 21:41:00,118.75,118.75,118.67,118.69,287.312
2026-09-29 21:42:00,118.68,118.71,118.67,118.71,311.771
2026-09-29 21:43:00,118.7,118.71,118.63,118.67,1445.787
2026-09-29 21:44:00,118.68,118.69,118.63,118.67,1835.616
2026-09-29 21:45:00,118.66,118.66,118.55,118.57,1397.828
2026-09-29 21:46:00,118.57,118.57,118.55,118.56,405.41
2026-09-29 21:47:00,118.56,118.68,118.56,118.68,453.327
2026-09-29 21:48:00,118.69,118.72,118.66,118.71,469.008
2026-09-29 21:49:00,118.72,118.74,118.7,118.74,307.531
2026-09-29 21:50:00,118.75,118.78,118.74,118.74,240.925
2026-09-29 21:51:00,118.74,118.83,118.74,118.83,351.76
2026-09-29 21:52:00,118.83,118.91,118.83,118.91,524.305
2026-09-29 21:53:00,118.92,118.95,118.87,118.88,510.347
2026-09-29 21:54:00,118.89,118.89,118.82,118.85,509.316
2026-09-29 21:55:00,118.86,118.89,118.85,118.88,209.627
2026-09-29 21:56:00,118.88,118.93,118.85,118.86,380.866
2026-09-29 21:57:00,118.86,118.86,118.8,118.82,425.361
2026-09-29 21:58:00,118.82,118.88,118.81,118.86,401.822
2026-09-29 21:59:00,118.87,118.94,118.87,118.94,138.09
2026-09-29 22:00:00,118.94,119.06,118.86,119.05,1445.744
2026-09-29 22:01:00,119.06,119.14,118.97,119.12,2629.637
2026-09-29 22:02:00,119.11,119.12,119.07,119.07,232.032
2026-09-29 22:03:00,119.08,119.15,119.08,119.14,1153.095
2026-09-29 22:04:00,119.15,119.3,119.15,119.29,3975.417
2026-09-29 22:05:00,119.29,119.33,119.13,119.31,2447.772
2026-09-29 22:06:00,119.3,119.35,119.19,119.19,1541.932
2026-09-29 22:07:00,119.18,119.32,119.18,119.25,988.702
2026-09-29 22:08:00,119.24,119.27,119.15,119.27,483.414
2026-09-29 22:09:00,119.27,119.34,119.21,119.34,1013.262
2026-09-29 22:10:00,119.34,119.44,119.27,119.44,1194.468
2026-09-29 22:11:00,119.44,119.44,119.35,119.36,246.407
2026-09-29 22:12:00,119.35,119.46,119.32,119.46,1663.613
2026-09-29 22:13:00,119.46,119.6,119.45,119.57,1535.588
2026-09-29 22:14:00,119.57,119.58,119.4,119.41,965.475
2026-09-29 22:15:00,119.41,119.41,119.09,119.13,4718.819
2026-09-29 22:16:00,119.14,119.2,119.07,119.08,1080.996
2026-09-29 22:17:00,119.08,119.11,119.01,119.11,1066.267
2026-09-29 22:18:00,119.11,119.15,119.05,119.08,2424.86
2026-09-29 22:19:00,119.08,119.42,119.05,119.37,4019.357
2026-09-29 22:20:00,119.38,119.41,119.28,119.29,798.099
2026-09-29 22:21:00,119.29,119.29,119.19,119.2,1707.313
2026-09-29 22:22:00,119.2,119.29,119.17,119.27,7023.667
2026-09-29 22:23:00,119.27,119.32,119.25,119.28,3994.898
2026-09-29 22:24:00,119.28,119.35,119.27,119.28,164.25
2026-09-29 22:25:00,119.27,119.35,119.26,119.35,260.182
2026-09-29 22:26:00,119.36,119.4,119.28,119.28,610.422
2026-09-29 22:27:00,119.27,119.29,119.19,119.19,314.691
2026-09-29 22:28:00,119.18,119.19,119.15,119.15,178.809
2026-09-29 22:29:00,119.16,119.2,119.14,119.15,661.49
2026-09-29 22:30:00,119.14,119.15,119.04,119.04,666.659
2026-09-29 22:31:00,119.04,119.09,118.9,118.97,3602.867
2026-09-29 22:32:00,118.98,119.08,118.94,118.96,453.372
2026-09-29 22:33:00,118.97,119.02,118.96,118.97,576.352
2026-09-29 22:34:00,118.97,119.05,118.95,119.03,262.479
2026-09-29 22:35:00,119.03,119.03,118.97,119.01,231.453
2026-09-29 22:36:00,119.01,119.08,118.99,118.99,279.248
2026-09-29 22:37:00,118.99,119.13,118.99,119.11,356.917
2026-09-29 22:38:00,119.1,119.11,119.04,119.04,103.473
2026-09-29 22:39:00,119.05,119.08,119.01,119.08,92.225
2026-09-29 22:40:00,119.07,119.1,119.07,119.1,367.693
2026-09-29 22:41:00,119.1,119.2,119.1,119.17,713.515
2026-09-29 22:42:00,119.16,119.17,119.14,119.17,245.073
2026-09-29 22:43:00,119.18,119.19,119.15,119.15,193.193
2026-09-29 22:44:00,119.16,119.19,119.15,119.19,245.451
2026-09-29 22:45:00,119.18,119.24,119.12,119.13,1027.488
2026-09-29 22:46:00,119.13,119.21,119.13,119.17,493.016
2026-09-29 22:47:00,119.17,119.17,119.07,119.13,1096.532
2026-09-29 22:48:00,119.13,119.15,119.1,119.1,336.943
2026-09-29 22:49:00,119.1,119.14,119.08,119.12,256.4
2026-09-29 22:50:00,119.12,119.2,119.11,119.2,183.599
2026-09-29 22:51:00,119.2,119.23,119.17,119.23,299.348
2026-09-29 22:52:00,119.23,119.24,119.2,119.21,127.533
2026-09-29 22:53:00,119.2,119.24,119.2,119.23,170.558
2026-09-29 22:54:00,119.23,119.26,119.17,119.19,414.839
2026-09-29 22:55:00,119.19,119.22,119.19,119.21,338.453
2026-09-29 22:56:00,119.22,119.22,119.16,119.18,327.038
2026-09-29 22:57:00,119.18,119.18,119.17,119.18,187.031
2026-09-29 22:58:00,119.18,119.18,119.13,119.13,341.423
2026-09-29 22:59:00,119.13,119.13,119.07,119.12,816.994
2026-09-29 23:00:00,119.11,119.13,119.08,119.13,342.623
2026-09-29 23:01:00,119.12,119.18,119.12,119.18,161.319
2026-09-29 23:02:00,119.18,119.22,119.15,119.2,1171.961
2026-09-29 23:03:00,119.19,119.31,119.19,119.31,842.733
2026-09-29 23:04:00,119.3,119.41,119.29,119.41,438.592
2026-09-29 23:05:00,119.41,119.54,119.41,119.53,1077.895
2026-09-29 23:06:00,119.53,119.63,119.48,119.61,1481.887
2026-09-29 23:07:00,119.61,119.64,119.52,119.6,288.749
2026-09-29 23:08:00,119.61,119.68,119.36,119.36,3619.267
2026-09-29 23:09:00,119.37,119.47,119.37,119.47,1003.498
2026-09-29 23:10:00,119.46,119.56,119.46,119.56,1040.901
2026-09-29 23:11:00,119.55,119.57,119.51,119.56,1036.426
2026-09-29 23:12:00,119.57,119.57,119.52,119.53,487.818
2026-09-29 23:13:00,119.54,119.61,119.53,119.59,591.523
2026-09-29 23:14:00,119.6,119.66,119.6,119.64,1075.721
2026-09-29 23:15:00,119.64,119.67,119.63,119.66,509.649
2026-09-29 23:16:00,119.65,119.66,119.59,119.65,786.785
2026-09-29 23:17:00,119.66,119.66,119.58,119.62,773.66
2026-09-29 23:18:00,119.62,119.62,119.51,119.52,268.034
2026-09-29 23:19:00,119.52,119.57,119.5,119.51,275.91
2026-09-29 23:20:00,119.51,119.51,119.4,119.4,675.704
2026-09-29 23:21:00,119.4,119.4,119.36,119.39,229.952
2026-09-29 23:22:00,119.39,119.42,119.39,119.42,197.476
2026-09-29 23:23:00,119.41,119.41,119.37,119.37,308.255
2026-09-29 23:24:00,119.38,119.38,119.31,119.32,175.104
2026-09-29 23:25:00,119.32,119.39,119.29,119.38,273.242
2026-09-29 23:26:00,119.38,119.4,119.37,119.39,351.373
2026-09-29 23:27:00,119.4,119.47,119.39,119.45,346.544
2026-09-29 23:28:00,119.45,119.48,119.4,119.4,603.105
2026-09-29 23:29:00,119.4,119.41,119.35,119.37,1242.914
2026-09-29 23:30:00,119.38,119.38,119.3,119.34,1433.714
2026-09-29 23:31:00,119.35,119.35,119.28,119.29,240.467
2026-09-29 23:32:00,119.28,119.32,119.24,119.25,460.017
2026-09-29 23:33:00,119.25,119.27,119.24,119.24,245.093
2026-09-29 23:34:00,119.25,119.25,119.15,119.16,557.713
2026-09-29 23:35:00,119.16,119.23,119.15,119.18,944.068
2026-09-29 23:36:00,119.19,119.2,119.16,119.16,423.258
2026-09-29 23:37:00,119.17,119.2,119.17,119.18,179.921
2026-09-29 23:38:00,119.19,119.22,119.18,119.21,213.508
2026-09-29 23:39:00,119.2,119.26,119.19,119.25,639.876
2026-09-29 23:40:00,119.24,119.25,119.09,119.13,809.498
2026-09-29 23:41:00,119.12,119.12,118.94,118.97,2382.139
2026-09-29 23:42:00,118.96,118.96,118.9,118.91,400.514
2026-09-29 23:43:00,118.91,118.92,118.88,118.88,337.598
2026-09-29 23:44:00,118.89,119.07,118.88,119.03,1284.327
2026-09-29 23:45:00,119.03,119.12,119.03,119.1,303.946
2026-09-29 23:46:00,119.09,119.16,119.07,119.1,608.443
2026-09-29 23:47:00,119.11,119.17,119.09,119.15,269.338
2026-09-29 23:48:00,119.14,119.14,119.05,119.12,297.448
2026-09-29 23:49:00,119.12,119.16,119.12,119.14,417.743
2026-09-29 23:50:00,119.14,119.15,119.08,119.14,293.4
2026-09-29 23:51:00,119.13,119.15,119.08,119.14,150.203
2026-09-29 23:52:00,119.14,119.16,119.12,119.16,150.306
2026-09-29 23:53:00,119.15,119.15,119.05,119.05,460.648
2026-09-29 23:54:00,119.05,119.05,119.0,119.01,538.422
2026-09-29 23:55:00,119.01,119.11,119.01,119.11,186.993
2026-09-29 23:56:00,119.11,119.12,119.09,119.09,554.037
2026-09-29 23:57:00,119.1,119.11,119.09,119.1,225.756
2026-09-29 23:58:00,119.11,119.13,119.1,119.1,369.189
2026-09-29 23:59:00,119.1,119.15,119.1,119.15,598.547
2026-09-30 00:00:00,119.15,119.2,119.12,119.14,612.693
2026-09-30 00:01:00,119.14,119.22,119.11,119.22,1255.209
2026-09-30 00:02:00,119.22,119.29,119.22,119.26,707.397
2026-09-30 00:03:00,119.25,119.3,119.19,119.26,709.844
2026-09-30 00:04:00,119.26,119.26,119.09,119.17,524.722
2026-09-30 00:05:00,119.17,119.28,119.14,119.24,1127.906
2026-09-30 00:06:00,119.24,119.27,119.17,119.17,334.69
2026-09-30 00:07:00,119.18,119.19,119.13,119.16,316.268
2026-09-30 00:08:00,119.15,119.16,119.05,119.05,1241.434
2026-09-30 00:09:00,119.06,119.09,118.97,118.97,1091.091
2026-09-30 00:10:00,118.98,118.98,118.88,118.88,915.788
2026-09-30 00:11:00,118.88,118.89,118.78,118.79,733.158
2026-09-30 00:12:00,118.79,118.84,118.79,118.84,579.027
2026-09-30 00:13:00,118.85,118.88,118.83,118.84,263.668
2026-09-30 00:14:00,118.84,118.86,118.82,118.85,418.263
2026-09-30 00:15:00,118.86,118.88,118.83,118.86,259.866
2026-09-30 00:16:00,118.87,118.9,118.82,118.83,564.506
2026-09-30 00:17:00,118.83,118.87,118.78,118.78,412.937
2026-09-30 00:18:00,118.77,118.77,118.69,118.7,602.967
2026-09-30 00:19:00,118.7,118.72,118.69,118.69,688.071
2026-09-30 00:20:00,118.69,118.69,118.6,118.62,1378.409
2026-09-30 00:21:00,118.61,118.64,118.55,118.59,1554.495
2026-09-30 00:22:00,118.59,118.6,118.51,118.55,442.981
2026-09-30 00:23:00,118.55,118.58,118.51,118.58,487.601
2026-09-30 00:24:00,118.59,118.68,118.59,118.63,617.279
2026-09-30 00:25:00,118.64,118.77,118.61,118.72,740.282
2026-09-30 00:26:00,118.72,118.73,118.63,118.73,817.29
2026-09-30 00:27:00,118.72,118.77,118.67,118.73,906.628
2026-09-30 00:28:00,118.73,118.89,118.73,118.89,617.42
2026-09-30 00:29:00,118.89,118.95,118.89,118.93,892.541
2026-09-30 00:30:00,118.92,119.05,118.87,119.01,1435.865
2026-09-30 00:31:00,119.01,119.03,118.9,119.02,1033.198
2026-09-30 00:32:00,119.02,119.06,118.95,119.06,710.795
2026-09-30 00:33:00,119.07,119.12,119.07,119.12,310.455
2026-09-30 00:34:00,119.12,119.15,119.05,119.15,632.676
2026-09-30 00:35:00,119.16,119.2,118.99,119.09,578.381
2026-09-30 00:36:00,119.08,119.08,118.82,118.82,667.448
2026-09-30 00:37:00,118.82,118.84,118.75,118.82,376.075
2026-09-30 00:38:00,118.82,118.86,118.81,118.83,289.267
2026-09-30 00:39:00,118.84,118.86,118.8,118.83,377.566
2026-09-30 00:40:00,118.83,118.9,118.77,118.88,472.062
2026-09-30 00:41:00,118.88,118.98,118.88,118.97,840.832
2026-09-30 00:42:00,118.98,118.99,118.87,118.92,190.01
2026-09-30 00:43:00,118.93,118.93,118.75,118.76,687.04
2026-09-30 00:44:00,118.75,118.85,118.75,118.79,109.149
2026-09-30 00:45:00,118.79,118.81,118.67,118.67,363.196
2026-09-30 00:46:00,118.66,118.77,118.62,118.77,520.536
2026-09-30 00:47:00,118.77,118.88,118.73,118.75,700.983
2026-09-30 00:48:00,118.74,118.76,118.67,118.67,549.457
2026-09-30 00:49:00,118.66,118.74,118.6,118.72,2311.331
2026-09-30 00:50:00,118.71,118.71,118.62,118.64,603.979
2026-09-30 00:51:00,118.64,118.67,118.62,118.67,565.071
2026-09-30 00:52:00,118.68,118.75,118.68,118.72,304.646
2026-09-30 00:53:00,118.71,118.72,118.67,118.71,284.989
2026-09-30 00:54:00,118.71,118.74,118.67,118.67,754.651
2026-09-30 00:55:00,118.67,118.76,118.64,118.76,386.172
2026-09-30 00:56:00,118.75,118.83,118.75,118.77,236.142
2026-09-30 00:57:00,118.78,118.9,118.74,118.9,543.819
2026-09-30 00:58:00,118.9,118.93,118.83,118.92,543.798
2026-09-30 00:59:00,118.92,118.97,118.89,118.95,585.156
2026-09-30 01:00:00,118.94,118.95,118.82,118.91,638.946
2026-09-30 01:01:00,118.92,119.0,118.89,119.0,667.667
2026-09-30 01:02:00,119.0,119.1,118.98,119.1,1397.058
2026-09-30 01:03:00,119.11,119.14,119.04,119.13,303.641
2026-09-30 01:04:00,119.12,119.14,119.02,119.02,2554.996
2026-09-30 01:05:00,119.02,119.15,119.01,119.15,286.177
2026-09-30 01:06:00,119.15,119.15,119.05,119.05,489.805
2026-09-30 01:07:00,119.05,119.05,118.96,119.04,613.502
2026-09-30 01:08:00,119.04,119.05,118.95,119.05,370.203
2026-09-30 01:09:00,119.05,119.2,119.05,119.16,1515.48
2026-09-30 01:10:00,119.17,119.18,119.02,119.06,480.485
2026-09-30 01:11:00,119.06,119.22,119.06,119.17,424.438
2026-09-30 01:12:00,119.18,119.25,119.14,119.14,454.204
2026-09-30 01:13:00,119.13,119.2,119.09,119.17,340.889
2026-09-30 01:14:00,119.18,119.26,119.18,119.26,440.759
2026-09-30 01:15:00,119.26,119.43,119.26,119.35,10529.723
2026-09-30 01:16:00,119.36,119.47,119.35,119.39,1793.521
2026-09-30 01:17:00,119.38,119.45,119.3,119.36,1538.084
2026-09-30 01:18:00,119.37,119.38,119.27,119.27,710.601
2026-09-30 01:19:00,119.26,119.27,119.22,119.23,203.329
2026-09-30 01:20:00,119.22,119.27,119.19,119.27,360.226
2026-09-30 01:21:00,119.27,119.36,119.27,119.32,433.234
2026-09-30 01:22:00,119.32,119.33,119.29,119.33,200.617
2026-09-30 01:23:00,119.32,119.54,119.32,119.48,2943.048
2026-09-30 01:24:00,119.49,119.6,119.46,119.59,2566.126
2026-09-30 01:25:00,119.6,119.65,119.58,119.58,685.604
2026-09-30 01:26:00,119.57,119.58,119.48,119.5,300.126
2026-09-30 01:27:00,119.49,119.49,119.37,119.39,794.003
2026-09-30 01:28:00,119.38,119.38,119.33,119.34,308.399
2026-09-30 01:29:00,119.34,119.34,119.2,119.21,937.725
2026-09-30 01:30:00,119.22,119.32,119.01,119.25,1247.147
2026-09-30 01:31:00,119.24,119.31,119.11,119.13,1535.332
2026-09-30 01:32:00,119.13,119.16,119.1,119.16,766.703
2026-09-30 01:33:00,119.15,119.18,119.06,119.16,1490.921
2026-09-30 01:34:00,119.17,119.25,119.07,119.07,922.843
2026-09-30 01:35:00,119.07,119.19,119.02,119.14,851.8
2026-09-30 01:36:00,119.13,119.22,119.06,119.18,1230.518
2026-09-30 01:37:00,119.17,119.21,119.1,119.16,806.84
2026-09-30 01:38:00,119.16,119.22,119.12,119.14,707.207
2026-09-30 01:39:00,119.15,119.25,119.15,119.25,909.9
2026-09-30 01:40:00,119.25,119.31,119.23,119.23,712.085
2026-09-30 01:41:00,119.23,119.33,119.17,119.33,949.904
2026-09-30 01:42:00,119.32,119.4,119.3,119.34,1822.851
2026-09-30 01:43:00,119.34,119.47,119.34,119.47,572.677
2026-09-30 01:44:00,119.47,119.52,119.45,119.49,900.18
2026-09-30 01:45:00,119.48,119.55,119.42,119.42,689.04
2026-09-30 01:46:00,119.43,119.54,119.43,119.51,1243.642
2026-09-30 01:47:00,119.52,119.55,119.42,119.49,400.386
2026-09-30 01:48:00,119.5,119.5,119.37,119.43,520.992
2026-09-30 01:49:00,119.44,119.56,119.43,119.56,2989.188
2026-09-30 01:50:00,119.55,119.59,119.51,119.58,634.773
2026-09-30 01:51:00,119.57,119.64,119.5,119.63,1054.545
2026-09-30 01:52:00,119.63,119.67,119.57,119.57,940.831
2026-09-30 01:53:00,119.56,119.57,119.48,119.49,689.097
2026-09-30 01:54:00,119.49,119.54,119.43,119.51,495.677
2026-09-30 01:55:00,119.5,119.5,119.4,119.45,885.571
2026-09-30 01:56:00,119.45,119.51,119.39,119.41,503.573
2026-09-30 01:57:00,119.42,119.54,119.39,119.53,983.578
2026-09-30 01:58:00,119.52,119.52,119.42,119.43,520.685
2026-09-30 01:59:00,119.43,119.49,119.43,119.46,727.639
2026-09-30 02:00:00,119.46,119.62,119.46,119.61,1240.515
2026-09-30 02:01:00,119.6,119.68,119.58,119.67,1808.91
2026-09-30 02:02:00,119.66,119.66,119.52,119.52,839.335
2026-09-30 02:03:00,119.51,119.65,119.48,119.59,1345.772
2026-09-30 02:04:00,119.6,119.76,119.6,119.74,1516.353
2026-09-30 02:05:00,119.75,119.8,119.74,119.76,800.409
2026-09-30 02:06:00,119.77,119.84,119.77,119.81,1511.447
2026-09-30 02:07:00,119.82,120.07,119.82,120.01,5026.905
2026-09-30 02:08:00,120.0,120.04,119.92,119.92,1401.33
2026-09-30 02:09:00,119.91,119.91,119.73,119.81,2306.86
2026-09-30 02:10:00,119.81,119.81,119.7,119.77,1332.468
2026-09-30 02:11:00,119.76,119.79,119.7,119.79,2199.133
2026-09-30 02:12:00,119.78,119.79,119.67,119.67,963.847
2026-09-30 02:13:00,119.67,119.85,119.59,119.78,1532.036
2026-09-30 02:14:00,119.78,119.78,119.71,119.78,898.893
2026-09-30 02:15:00,119.79,119.79,119.67,119.79,1046.615
2026-09-30 02:16:00,119.78,119.78,119.52,119.53,1312.374
2026-09-30 02:17:00,119.53,119.67,119.52,119.59,813.514
2026-09-30 02:18:00,119.6,119.74,119.57,119.61,1241.155
2026-09-30 02:19:00,119.62,119.65,119.51,119.51,869.548
2026-09-30 02:20:00,119.52,119.56,119.51,119.53,166.583
2026-09-30 02:21:00,119.53,119.67,119.5,119.67,669.899
2026-09-30 02:22:00,119.66,119.71,119.61,119.68,1812.651
2026-09-30 02:23:00,119.68,119.84,119.58,119.58,2797.785
2026-09-30 02:24:00,119.58,119.66,119.53,119.53,398.215
2026-09-30 02:25:00,119.53,119.62,119.53,119.61,1311.679
2026-09-30 02:26:00,119.61,119.67,119.56,119.56,554.288
2026-09-30 02:27:00,119.56,119.56,119.41,119.41,691.734
2026-09-30 02:28:00,119.41,119.43,119.36,119.4,1037.067
2026-09-30 02:29:00,119.39,119.39,119.33,119.38,1193.069
2026-09-30 02:30:00,119.39,119.44,119.34,119.36,1057.604
2026-09-30 02:31:00,119.35,119.57,119.35,119.52,777.792
2026-09-30 02:32:00,119.51,119.52,119.33,119.34,1006.077
2026-09-30 02:33:00,119.34,119.44,119.33,119.38,307.772
2026-09-30 02:34:00,119.38,119.42,119.3,119.3,562.264
2026-09-30 02:35:00,119.31,119.31,119.15,119.26,1209.906
2026-09-30 02:36:00,119.26,119.35,119.26,119.35,2283.116
2026-09-30 02:37:00,119.35,119.43,119.3,119.36,569.163
2026-09-30 02:38:00,119.37,119.42,119.34,119.39,378.714
2026-09-30 02:39:00,119.4,119.46,119.37,119.46,1142.153
2026-09-30 02:40:00,119.47,119.74,119.47,119.74,1039.686
2026-09-30 02:41:00,119.74,119.74,119.58,119.64,1009.313
2026-09-30 02:42:00,119.65,119.67,119.46,119.46,908.853
2026-09-30 02:43:00,119.47,119.52,119.45,119.49,275.596
2026-09-30 02:44:00,119.49,119.58,119.48,119.54,201.388
2026-09-30 02:45:00,119.54,119.58,119.47,119.58,469.825
2026-09-30 02:46:00,119.59,119.64,119.59,119.62,531.238
2026-09-30 02:47:00,119.61,119.76,119.61,119.76,1033.85
2026-09-30 02:48:00,119.76,119.82,119.72,119.76,1067.347
2026-09-30 02:49:00,119.77,119.8,119.72,119.72,585.548
2026-09-30 02:50:00,119.71,119.72,119.69,119.71,214.988
2026-09-30 02:51:00,119.71,119.78,119.7,119.7,550.787
2026-09-30 02:52:00,119.7,119.83,119.67,119.72,1651.432
2026-09-30 02:53:00,119.72,119.77,119.68,119.73,819.989
2026-09-30 02:54:00,119.73,119.74,119.68,119.7,249.82
2026-09-30 02:55:00,119.69,119.72,119.67,119.71,304.286
2026-09-30 02:56:00,119.71,119.71,119.58,119.6,1440.032
2026-09-30 02:57:00,119.6,119.65,119.6,119.63,130.215
2026-09-30 02:58:00,119.63,119.63,119.58,119.59,407.473
2026-09-30 02:59:00,119.59,119.71,119.56,119.7,510.752
2026-09-30 03:00:00,119.71,119.81,119.7,119.71,874.663
2026-09-30 03:01:00,119.7,119.7,119.47,119.47,576.077
2026-09-30 03:02:00,119.47,119.65,119.47,119.57,1646.335
2026-09-30 03:03:00,119.57,119.67,119.55,119.67,1047.212
2026-09-30 03:04:00,119.66,119.82,119.66,119.79,693.386
2026-09-30 03:05:00,119.79,119.89,119.77,119.87,596.886
2026-09-30 03:06:00,119.86,119.87,119.71,119.73,522.341
2026-09-30 03:07:00,119.72,119.72,119.63,119.71,774.268
2026-09-30 03:08:00,119.7,119.75,119.67,119.75,909.168
2026-09-30 03:09:00,119.75,119.83,119.74,119.8,520.789
2026-09-30 03:10:00,119.79,119.81,119.65,119.66,495.584
2026-09-30 03:11:00,119.65,119.66,119.62,119.63,255.689
2026-09-30 03:12:00,119.64,119.72,119.64,119.68,842.632
2026-09-30 03:13:00,119.68,119.68,119.61,119.64,175.233
2026-09-30 03:14:00,119.65,119.66,119.57,119.58,355.623
2026-09-30 03:15:00,119.59,119.61,119.59,119.6,478.685
2026-09-30 03:16:00,119.6,119.6,119.31,119.32,1171.494
2026-09-30 03:17:00,119.32,119.35,119.22,119.26,1099.76
2026-09-30 03:18:00,119.25,119.25,119.04,119.04,2154.199
2026-09-30 03:19:00,119.04,119.08,118.94,118.94,1532.822
2026-09-30 03:20:00,118.95,119.1,118.94,119.07,895.682
2026-09-30 03:21:00,119.07,119.12,119.06,119.12,564.732
2026-09-30 03:22:00,119.13,119.39,119.13,119.39,1156.726
2026-09-30 03:23:00,119.39,119.48,119.38,119.38,1654.225
2026-09-30 03:24:00,119.39,119.39,119.28,119.38,861.889
2026-09-30 03:25:00,119.39,119.44,119.31,119.31,2697.914
2026-09-30 03:26:00,119.31,119.39,119.22,119.39,597.305
2026-09-30 03:27:00,119.38,119.39,119.33,119.38,683.165
2026-09-30 03:28:00,119.39,119.45,119.39,119.42,648.12
2026-09-30 03:29:00,119.41,119.48,119.41,119.45,459.243
2026-09-30 03:30:00,119.46,119.48,119.3,119.3,503.962
2026-09-30 03:31:00,119.31,119.34,119.27,119.27,525.913
2026-09-30 03:32:00,119.27,119.27,119.21,119.22,552.92
2026-09-30 03:33:00,119.22,119.34,119.2,119.34,1018.211
2026-09-30 03:34:00,119.33,119.4,119.32,119.39,638.162
2026-09-30 03:35:00,119.39,119.47,119.23,119.29,1069.125
2026-09-30 03:36:00,119.28,119.44,119.24,119.44,875.162
2026-09-30 03:37:00,119.44,119.58,119.41,119.56,437.822
2026-09-30 03:38:00,119.56,119.65,119.56,119.65,896.965
2026-09-30 03:39:00,119.64,119.72,119.64,119.68,1266.171
2026-09-30 03:40:00,119.68,119.7,119.63,119.66,392.495
2026-09-30 03:41:00,119.65,119.74,119.64,119.69,803.676
2026-09-30 03:42:00,119.7,119.73,119.62,119.66,618.821
2026-09-30 03:43:00,119.65,119.72,119.61,119.68,650.064
2026-09-30 03:44:00,119.68,119.7,119.55,119.55,643.13
2026-09-30 03:45:00,119.56,119.57,119.45,119.46,325.779
2026-09-30 03:46:00,119.46,119.48,119.4,119.44,1202.366
2026-09-30 03:47:00,119.45,119.51,119.41,119.47,777.088
2026-09-30 03:48:00,119.47,119.47,119.37,119.38,314.288
2026-09-30 03:49:00,119.38,119.42,119.31,119.31,702.821
2026-09-30 03:50:00,119.31,119.39,119.27,119.35,797.363
2026-09-30 03:51:00,119.34,119.34,119.19,119.19,935.784
2026-09-30 03:52:00,119.19,119.19,119.13,119.14,696.314
2026-09-30 03:53:00,119.13,119.19,119.08,119.17,2542.653
2026-09-30 03:54:00,119.17,119.28,119.16,119.28,514.466
2026-09-30 03:55:00,119.28,119.31,119.08,119.08,2617.399
2026-09-30 03:56:00,119.09,119.14,119.08,119.08,1094.664
2026-09-30 03:57:00,119.07,119.1,119.06,119.07,392.796
2026-09-30 03:58:00,119.06,119.15,119.06,119.1,594.831
2026-09-30 03:59:00,119.11,119.15,119.08,119.14,1588.013
2026-09-30 04:00:00,119.13,119.22,119.11,119.14,856.971
2026-09-30 04:01:00,119.15,119.21,119.11,119.18,809.303
2026-09-30 04:02:00,119.17,119.4,119.16,119.36,1404.676
2026-09-30 04:03:00,119.36,119.43,119.36,119.43,497.401
2026-09-30 04:04:00,119.43,119.57,119.37,119.56,8496.02
2026-09-30 04:05:00,119.57,119.62,119.56,119.59,607.738
2026-09-30 04:06:00,119.59,119.64,119.45,119.46,1452.099
2026-09-30 04:07:00,119.46,119.47,119.35,119.45,667.864
2026-09-30 04:08:00,119.46,119.46,119.34,119.36,715.94
2026-09-30 04:09:00,119.35,119.35,119.24,119.29,738.711
2026-09-30 04:10:00,119.3,119.37,119.29,119.34,457.833
2026-09-30 04:11:00,119.34,119.49,119.34,119.48,472.879
2026-09-30 04:12:00,119.48,119.51,119.4,119.41,647.208
2026-09-30 04:13:00,119.41,119.5,119.38,119.44,1405.16
2026-09-30 04:14:00,119.44,119.47,119.4,119.4,355.011
2026-09-30 04:15:00,119.41,119.54,119.41,119.54,401.893
2026-09-30 04:16:00,119.55,119.57,119.5,119.53,424.899
2026-09-30 04:17:00,119.54,119.61,119.53,119.6,709.648
2026-09-30 04:18:00,119.6,119.65,119.6,119.64,1046.428
2026-09-30 04:19:00,119.64,119.69,119.47,119.47,2304.64
2026-09-30 04:20:00,119.48,119.48,119.43,119.43,882.916
2026-09-30 04:21:00,119.42,119.49,119.37,119.44,1484.203
2026-09-30 04:22:00,119.44,119.51,119.42,119.5,712.29
2026-09-30 04:23:00,119.5,119.51,119.38,119.39,545.509
2026-09-30 04:24:00,119.39,119.41,119.33,119.34,517.282
2026-09-30 04:25:00,119.33,119.57,119.31,119.56,2415.401
2026-09-30 04:26:00,119.55,119.56,119.48,119.53,518.454
2026-09-30 04:27:00,119.52,119.52,119.46,119.48,3174.879
2026-09-30 04:28:00,119.48,119.49,119.37,119.38,563.322
2026-09-30 04:29:00,119.37,119.38,119.32,119.35,395.667
2026-09-30 04:30:00,119.36,119.37,119.32,119.36,339.932
2026-09-30 04:31:00,119.36,119.36,119.22,119.27,538.264
2026-09-30 04:32:00,119.27,119.3,119.22,119.24,511.096
2026-09-30 04:33:00,119.24,119.25,119.22,119.22,189.267
2026-09-30 04:34:00,119.21,119.25,119.17,119.17,625.899
2026-09-30 04:35:00,119.17,119.36,119.12,119.35,3854.164
2026-09-30 04:36:00,119.36,119.42,119.33,119.37,1367.051
2026-09-30 04:37:00,119.37,119.37,119.24,119.27,458.268
2026-09-30 04:38:00,119.26,119.32,119.24,119.27,385.098
2026-09-30 04:39:00,119.27,119.27,119.22,119.25,838.486
2026-09-30 04:40:00,119.24,119.24,119.11,119.11,2016.917
2026-09-30 04:41:00,119.1,119.17,119.07,119.14,902.426
2026-09-30 04:42:00,119.14,119.15,119.11,119.14,224.273
2026-09-30 04:43:00,119.14,119.15,119.09,119.09,401.235
2026-09-30 04:44:00,119.1,119.1,119.06,119.09,438.232
2026-09-30 04:45:00,119.08,119.16,119.08,119.13,326.018
2026-09-30 04:46:00,119.12,119.13,119.09,119.09,436.682
2026-09-30 04:47:00,119.09,119.1,119.07,119.07,363.626
2026-09-30 04:48:00,119.07,119.08,119.05,119.07,498.348
2026-09-30 04:49:00,119.07,119.07,118.96,118.97,2643.547
2026-09-30 04:50:00,118.96,119.04,118.93,119.02,667.938
2026-09-30 04:51:00,119.02,119.02,118.89,118.92,978.782
2026-09-30 04:52:00,118.91,118.94,118.88,118.89,733.535
2026-09-30 04:53:00,118.88,118.89,118.82,118.83,1713.504
2026-09-30 04:54:00,118.82,118.87,118.82,118.82,962.844
2026-09-30 04:55:00,118.83,118.9,118.82,118.89,504.58
2026-09-30 04:56:00,118.89,118.89,118.83,118.86,390.764
2026-09-30 04:57:00,118.85,118.85,118.77,118.78,648.025
2026-09-30 04:58:00,118.79,118.8,118.75,118.78,1177.517
2026-09-30 04:59:00,118.78,118.78,118.75,118.78,387.314
2026-09-30 05:00:00,118.77,119.12,118.77,119.12,1048.047
2026-09-30 05:01:00,119.13,119.18,119.04,119.18,957.544
2026-09-30 05:02:00,119.19,119.22,118.97,118.97,975.723
2026-09-30 05:03:00,118.98,119.05,118.9,118.9,599.28
2026-09-30 05:04:00,118.9,118.96,118.87,118.96,579.415
2026-09-30 05:05:00,118.95,118.95,118.83,118.93,748.595
2026-09-30 05:06:00,118.94,119.0,118.87,118.87,1735.652
2026-09-30 05:07:00,118.86,118.9,118.74,118.75,1221.652
2026-09-30 05:08:00,118.75,118.76,118.67,118.72,1249.62
2026-09-30 05:09:00,118.72,118.77,118.67,118.73,588.27
2026-09-30 05:10:00,118.74,118.74,118.65,118.66,455.455
2026-09-30 05:11:00,118.67,118.71,118.66,118.69,499.469
2026-09-30 05:12:00,118.7,118.79,118.62,118.66,1240.109
2026-09-30 05:13:00,118.65,118.67,118.62,118.66,670.142
2026-09-30 05:14:00,118.65,118.66,118.6,118.6,710.255
2026-09-30 05:15:00,118.6,118.6,118.5,118.52,2983.023
2026-09-30 05:16:00,118.52,118.57,118.5,118.53,863.122
2026-09-30 05:17:00,118.54,118.67,118.54,118.67,731.053
2026-09-30 05:18:00,118.66,118.77,118.66,118.69,717.598
2026-09-30 05:19:00,118.69,118.8,118.67,118.79,455.133
2026-09-30 05:20:00,118.79,118.86,118.7,118.81,578.448
2026-09-30 05:21:00,118.8,118.82,118.74,118.75,507.537
2026-09-30 05:22:00,118.74,118.79,118.72,118.79,809.804
2026-09-30 05:23:00,118.79,118.9,118.79,118.9,646.688
2026-09-30 05:24:00,118.89,119.07,118.89,119.07,1378.466
2026-09-30 05:25:00,119.06,119.2,118.93,118.95,2161.057
2026-09-30 05:26:00,118.95,118.97,118.91,118.91,660.051
2026-09-30 05:27:00,118.9,119.07,118.89,119.0,2070.597
2026-09-30 05:28:00,119.01,119.12,119.0,119.12,1068.823
2026-09-30 05:29:00,119.11,119.17,119.11,119.15,351.027
2026-09-30 05:30:00,119.16,119.38,119.15,119.38,2160.697
2026-09-30 05:31:00,119.39,119.49,119.3,119.48,1592.782
2026-09-30 05:32:00,119.48,119.54,119.32,119.38,3632.278
2026-09-30 05:33:00,119.37,119.37,119.2,119.29,1498.125
2026-09-30 05:34:00,119.28,119.4,119.28,119.36,1408.008
2026-09-30 05:35:00,119.36,119.57,119.33,119.51,2920.956
2026-09-30 05:36:00,119.51,119.54,119.42,119.5,3315.553
2026-09-30 05:37:00,119.49,119.51,119.39,119.43,2620.025
2026-09-30 05:38:00,119.42,119.46,119.39,119.45,402.178
2026-09-30 05:39:00,119.44,119.53,119.44,119.48,623.021
2026-09-30 05:40:00,119.48,119.5,119.4,119.41,420.159
2026-09-30 05:41:00,119.41,119.47,119.41,119.44,2004.923
2026-09-30 05:42:00,119.45,119.45,119.44,119.45,263.022
2026-09-30 05:43:00,119.44,119.56,119.44,119.55,703.419
2026-09-30 05:44:00,119.55,119.65,119.54,119.57,2985.085
2026-09-30 05:45:00,119.57,119.62,119.57,119.58,531.072
2026-09-30 05:46:00,119.57,119.65,119.52,119.52,356.334
2026-09-30 05:47:00,119.52,119.54,119.46,119.46,804.686
2026-09-30 05:48:00,119.47,119.47,119.3,119.35,1813.942
2026-09-30 05:49:00,119.35,119.39,119.31,119.39,533.092
2026-09-30 05:50:00,119.39,119.45,119.39,119.44,526.888
2026-09-30 05:51:00,119.43,119.46,119.2,119.24,11099.377
2026-09-30 05:52:00,119.24,119.24,119.14,119.15,743.635
2026-09-30 05:53:00,119.14,119.19,119.14,119.17,744.458
2026-09-30 05:54:00,119.16,119.17,119.12,119.13,354.304
2026-09-30 05:55:00,119.12,119.12,119.08,119.08,390.568
2026-09-30 05:56:00,119.09,119.12,119.09,119.11,525.463
2026-09-30 05:57:00,119.11,119.14,119.06,119.07,2506.48
2026-09-30 05:58:00,119.07,119.23,119.01,119.23,2957.511
2026-09-30 05:59:00,119.23,119.26,119.08,119.09,2825.767
2026-09-30 06:00:00,119.09,119.15,119.0,119.14,1311.282
2026-09-30 06:01:00,119.15,119.19,119.02,119.08,777.654
2026-09-30 06:02:00,119.07,119.17,118.97,119.13,2872.416
2026-09-30 06:03:00,119.12,119.12,118.99,119.07,1785.85
2026-09-30 06:04:00,119.07,119.12,119.0,119.11,273.624
2026-09-30 06:05:00,119.11,119.23,119.11,119.22,773.01
2026-09-30 06:06:00,119.21,119.21,119.12,119.12,253.546
2026-09-30 06:07:00,119.12,119.13,119.04,119.07,4332.061
2026-09-30 06:08:00,119.07,119.09,119.01,119.02,935.056
2026-09-30 06:09:00,119.02,119.04,118.89,118.9,1798.65
2026-09-30 06:10:00,118.91,118.94,118.9,118.91,280.458
2026-09-30 06:11:00,118.91,118.91,118.73,118.74,1162.481
2026-09-30 06:12:00,118.74,118.75,118.65,118.66,3686.352
2026-09-30 06:13:00,118.67,118.67,118.62,118.63,2828.364
2026-09-30 06:14:00,118.64,118.69,118.53,118.58,1495.837
2026-09-30 06:15:00,118.59,118.74,118.59,118.65,1258.152
2026-09-30 06:16:00,118.64,118.71,118.58,118.7,831.663
2026-09-30 06:17:00,118.69,118.79,118.66,118.67,1418.179
2026-09-30 06:18:00,118.68,118.75,118.62,118.72,831.604
2026-09-30 06:19:00,118.72,118.74,118.57,118.57,1108.885
2026-09-30 06:20:00,118.57,118.68,118.51,118.61,510.785
2026-09-30 06:21:00,118.62,118.69,118.59,118.61,357.953
2026-09-30 06:22:00,118.61,118.63,118.54,118.58,958.89
2026-09-30 06:23:00,118.58,118.67,118.56,118.56,838.679
2026-09-30 06:24:00,118.56,118.57,118.4,118.42,3412.546
2026-09-30 06:25:00,118.42,118.43,118.3,118.36,1554.251
2026-09-30 06:26:00,118.37,118.37,118.32,118.36,447.149
2026-09-30 06:27:00,118.36,118.37,118.31,118.36,247.221
2026-09-30 06:28:00,118.37,118.62,118.37,118.54,3319.23
2026-09-30 06:29:00,118.55,118.67,118.52,118.61,3197.179
2026-09-30 06:30:00,118.6,118.63,118.44,118.54,721.032
2026-09-30 06:31:00,118.55,118.58,118.44,118.58,406.775
2026-09-30 06:32:00,118.57,118.57,118.45,118.51,917.395
2026-09-30 06:33:00,118.51,118.58,118.41,118.42,448.94
2026-09-30 06:34:00,118.41,118.56,118.41,118.55,396.591
2026-09-30 06:35:00,118.54,118.56,118.46,118.48,705.476
2026-09-30 06:36:00,118.49,118.53,118.44,118.47,963.248
2026-09-30 06:37:00,118.46,118.47,118.35,118.36,667.826
2026-09-30 06:38:00,118.36,118.47,118.35,118.41,795.036
2026-09-30 06:39:00,118.42,118.42,118.26,118.26,1532.759
2026-09-30 06:40:00,118.26,118.4,118.22,118.34,2970.399
2026-09-30 06:41:00,118.34,118.37,118.18,118.19,873.97
2026-09-30 06:42:00,118.2,118.49,118.2,118.48,783.219
2026-09-30 06:43:00,118.47,118.49,118.38,118.38,412.7
2026-09-30 06:44:00,118.38,118.42,118.35,118.38,721.806
2026-09-30 06:45:00,118.38,118.38,118.16,118.26,2043.67
2026-09-30 06:46:00,118.26,118.27,118.16,118.17,515.75
2026-09-30 06:47:00,118.17,118.18,118.09,118.12,664.852
2026-09-30 06:48:00,118.11,118.21,118.08,118.09,2764.13
2026-09-30 06:49:00,118.09,118.19,118.07,118.19,1337.15
2026-09-30 06:50:00,118.19,118.26,118.13,118.13,1675.755
2026-09-30 06:51:00,118.13,118.2,118.12,118.2,733.559
2026-09-30 06:52:00,118.2,118.3,118.2,118.3,1002.322
2026-09-30 06:53:00,118.29,118.33,118.24,118.33,1065.456
2026-09-30 06:54:00,118.33,118.37,118.32,118.36,504.111
2026-09-30 06:55:00,118.36,118.56,118.36,118.56,1234.019
2026-09-30 06:56:00,118.56,118.56,118.31,118.33,2541.61
2026-09-30 06:57:00,118.33,118.35,118.3,118.32,526.959
2026-09-30 06:58:00,118.32,118.33,118.25,118.28,837.729
2026-09-30 06:59:00,118.28,118.28,118.11,118.12,1124.557
2026-09-30 07:00:00,118.12,118.13,118.01,118.02,1262.504
2026-09-30 07:01:00,118.03,118.2,118.03,118.15,844.803
2026-09-30 07:02:00,118.16,118.31,118.16,118.3,1198.565
2026-09-30 07:03:00,118.3,118.34,118.21,118.21,734.229
2026-09-30 07:04:00,118.2,118.25,118.12,118.13,1212.529
2026-09-30 07:05:00,118.12,118.12,118.07,118.1,845.091
2026-09-30 07:06:00,118.1,118.12,117.97,118.11,2745.973
2026-09-30 07:07:00,118.1,118.12,117.91,117.98,1684.52
2026-09-30 07:08:00,117.99,118.08,117.97,118.08,636.867
2026-09-30 07:09:00,118.07,118.07,117.98,118.06,2001.024
2026-09-30 07:10:00,118.07,118.09,118.01,118.09,1013.013
2026-09-30 07:11:00,118.08,118.08,117.97,117.98,1518.138
2026-09-30 07:12:00,117.97,118.02,117.91,117.94,954.116
2026-09-30 07:13:00,117.93,117.98,117.91,117.98,757.183
2026-09-30 07:14:00,117.98,118.02,117.94,117.97,330.323
2026-09-30 07:15:00,117.98,118.07,117.98,118.07,648.965
2026-09-30 07:16:00,118.07,118.16,118.07,118.16,1339.354
2026-09-30 07:17:00,118.16,118.22,118.1,118.19,1883.878
2026-09-30 07:18:00,118.2,118.36,118.19,118.29,3396.477
2026-09-30 07:19:00,118.29,118.56,118.29,118.55,6756.888
2026-09-30 07:20:00,118.55,118.65,118.46,118.5,3047.643
2026-09-30 07:21:00,118.5,118.55,118.45,118.54,2334.201
2026-09-30 07:22:00,118.54,118.65,118.46,118.48,3846.176
2026-09-30 07:23:00,118.48,118.67,118.46,118.67,1018.059
2026-09-30 07:24:00,118.67,118.72,118.55,118.68,3509.598
2026-09-30 07:25:00,118.68,118.83,118.64,118.78,4709.945
2026-09-30 07:26:00,118.79,118.89,118.68,118.76,9647.633
2026-09-30 07:27:00,118.77,118.8,118.61,118.61,5610.533
2026-09-30 07:28:00,118.62,118.63,118.51,118.52,3889.448
2026-09-30 07:29:00,118.52,118.54,118.38,118.53,6463.874
2026-09-30 07:30:00,118.53,118.54,118.4,118.54,3031.89
2026-09-30 07:31:00,118.53,118.58,118.45,118.56,920.251
2026-09-30 07:32:00,118.56,118.58,118.44,118.48,1126.674
2026-09-30 07:33:00,118.47,118.57,118.45,118.55,535.927
2026-09-30 07:34:00,118.54,118.57,118.49,118.53,365.12
2026-09-30 07:35:00,118.53,118.79,118.53,118.78,1036.637
2026-09-30 07:36:00,118.78,118.9,118.77,118.87,2116.58
2026-09-30 07:37:00,118.87,118.88,118.78,118.79,814.571
2026-09-30 07:38:00,118.78,118.79,118.71,118.78,481.139
2026-09-30 07:39:00,118.78,118.83,118.75,118.76,608.881
2026-09-30 07:40:00,118.76,118.78,118.7,118.72,1368.406
2026-09-30 07:41:00,118.72,118.73,118.69,118.7,292.338
2026-09-30 07:42:00,118.71,118.71,118.65,118.68,336.347
2026-09-30 07:43:00,118.68,118.71,118.66,118.7,928.594
2026-09-30 07:44:00,118.71,118.86,118.71,118.86,3723.624
2026-09-30 07:45:00,118.86,118.9,118.83,118.84,516.147
2026-09-30 07:46:00,118.84,118.86,118.7,118.71,1346.628
2026-09-30 07:47:00,118.71,118.75,118.64,118.68,2441.671
2026-09-30 07:48:00,118.68,118.72,118.68,118.72,712.093
2026-09-30 07:49:00,118.72,118.81,118.68,118.81,1236.482
2026-09-30 07:50:00,118.8,118.83,118.75,118.83,644.623
2026-09-30 07:51:00,118.84,118.93,118.79,118.81,1932.675
2026-09-30 07:52:00,118.8,118.82,118.76,118.8,492.051
2026-09-30 07:53:00,118.8,118.81,118.73,118.73,527.574
2026-09-30 07:54:00,118.73,118.76,118.67,118.68,1490.73
2026-09-30 07:55:00,118.68,118.72,118.64,118.64,428.413
2026-09-30 07:56:00,118.64,118.64,118.56,118.57,257.704
2026-09-30 07:57:00,118.57,118.58,118.47,118.48,909.055
2026-09-30 07:58:00,118.48,118.53,118.48,118.52,397.938
2026-09-30 07:59:00,118.52,118.52,118.44,118.48,1396.284
2026-09-30 08:00:00,118.47,118.49,118.42,118.44,1212.707
2026-09-30 08:01:00,118.45,118.47,118.37,118.38,1187.756
2026-09-30 08:02:00,118.37,118.38,118.29,118.38,1310.592
2026-09-30 08:03:00,118.38,118.53,118.38,118.53,975.228
2026-09-30 08:04:00,118.52,118.52,118.32,118.43,783.083
2026-09-30 08:05:00,118.43,118.43,118.29,118.32,843.582
2026-09-30 08:06:00,118.32,118.35,118.26,118.26,238.496
2026-09-30 08:07:00,118.27,118.27,118.14,118.15,4561.143
2026-09-30 08:08:00,118.15,118.19,118.14,118.16,2005.356
2026-09-30 08:09:00,118.15,118.18,118.09,118.12,2412.202
2026-09-30 08:10:00,118.12,118.13,118.1,118.11,1373.283
2026-09-30 08:11:00,118.11,118.12,118.06,118.09,1969.281
2026-09-30 08:12:00,118.08,118.16,118.08,118.08,446.282
2026-09-30 08:13:00,118.09,118.09,118.02,118.02,829.818
2026-09-30 08:14:00,118.03,118.04,117.98,117.99,1927.328
2026-09-30 08:15:00,118.0,118.12,117.92,118.12,1531.645
2026-09-30 08:16:00,118.11,118.2,118.1,118.2,1212.478
2026-09-30 08:17:00,118.2,118.27,118.16,118.23,2215.548
2026-09-30 08:18:00,118.24,118.35,118.21,118.34,1448.979
2026-09-30 08:19:00,118.34,118.37,118.14,118.16,802.16
2026-09-30 08:20:00,118.16,118.28,118.1,118.28,1591.163
2026-09-30 08:21:00,118.27,118.34,118.21,118.34,875.719
2026-09-30 08:22:00,118.34,118.36,118.26,118.26,992.606
2026-09-30 08:23:00,118.25,118.31,118.23,118.23,925.7
2026-09-30 08:24:00,118.24,118.24,118.11,118.22,2198.383
2026-09-30 08:25:00,118.22,118.22,118.16,118.16,422.387
2026-09-30 08:26:00,118.15,118.23,118.09,118.23,702.22
2026-09-30 08:27:00,118.23,118.28,118.18,118.27,452.002
2026-09-30 08:28:00,118.28,118.29,118.2,118.25,539.015
2026-09-30 08:29:00,118.24,118.26,118.13,118.13,1671.643
2026-09-30 08:30:00,118.13,118.13,117.9,117.94,2380.579
2026-09-30 08:31:00,117.93,118.01,117.86,117.95,10098.718
2026-09-30 08:32:00,117.95,117.97,117.84,117.89,1019.017
2026-09-30 08:33:00,117.89,117.93,117.81,117.81,3437.348
2026-09-30 08:34:00,117.82,118.01,117.82,117.97,2050.579
2026-09-30 08:35:00,117.96,118.01,117.92,117.97,695.205
2026-09-30 08:36:00,117.97,118.01,117.9,117.91,493.58
2026-09-30 08:37:00,117.9,117.99,117.84,117.95,1059.55
2026-09-30 08:38:00,117.94,118.11,117.93,118.11,578.589
2026-09-30 08:39:00,118.1,118.1,118.03,118.04,597.527
2026-09-30 08:40:00,118.05,118.09,118.02,118.07,380.334
2026-09-30 08:41:00,118.06,118.06,117.93,118.0,561.302
2026-09-30 08:42:00,118.0,118.0,117.9,117.9,378.945
2026-09-30 08:43:00,117.91,117.93,117.86,117.88,1758.34
2026-09-30 08:44:00,117.88,117.97,117.87,117.94,513.255
2026-09-30 08:45:00,117.95,118.05,117.94,117.95,539.733
2026-09-30 08:46:00,117.95,118.1,117.95,118.1,584.888
2026-09-30 08:47:00,118.1,118.15,118.1,118.1,651.977
2026-09-30 08:48:00,118.1,118.25,118.09,118.24,1483.92
2026-09-30 08:49:00,118.24,118.36,118.23,118.26,2135.301
2026-09-30 08:50:00,118.26,118.33,118.21,118.22,1451.247
2026-09-30 08:51:00,118.23,118.26,118.09,118.17,2847.121
2026-09-30 08:52:00,118.18,118.24,118.14,118.15,975.177
2026-09-30 08:53:00,118.15,118.18,118.14,118.14,140.953
2026-09-30 08:54:00,118.14,118.22,118.07,118.17,1015.363
2026-09-30 08:55:00,118.17,118.23,118.15,118.23,499.293
2026-09-30 08:56:00,118.23,118.26,118.2,118.26,274.754
2026-09-30 08:57:00,118.26,118.29,118.23,118.29,635.604
2026-09-30 08:58:00,118.28,118.32,118.27,118.3,311.755
2026-09-30 08:59:00,118.29,118.29,118.21,118.22,400.539
2026-09-30 09:00:00,118.23,118.26,118.19,118.26,653.461
2026-09-30 09:01:00,118.26,118.33,118.26,118.33,517.022
2026-09-30 09:02:00,118.33,118.45,118.3,118.44,744.189
2026-09-30 09:03:00,118.44,118.46,118.38,118.44,867.284
2026-09-30 09:04:00,118.44,118.51,118.43,118.5,639.834
2026-09-30 09:05:00,118.5,118.61,118.48,118.61,1400.201
2026-09-30 09:06:00,118.61,118.68,118.55,118.68,1770.845
2026-09-30 09:07:00,118.68,118.7,118.57,118.59,803.367
2026-09-30 09:08:00,118.59,118.68,118.51,118.51,1340.855
2026-09-30 09:09:00,118.51,118.57,118.45,118.57,777.76
2026-09-30 09:10:00,118.57,118.67,118.57,118.61,1193.065
2026-09-30 09:11:00,118.61,118.62,118.57,118.6,410.475
2026-09-30 09:12:00,118.6,118.67,118.56,118.58,387.887
2026-09-30 09:13:00,118.59,118.66,118.59,118.65,264.258
2026-09-30 09:14:00,118.66,118.7,118.65,118.7,106.679
2026-09-30 09:15:00,118.7,118.7,118.68,118.69,73.429
2026-09-30 09:16:00,118.69,118.69,118.62,118.65,220.956
2026-09-30 09:17:00,118.66,118.69,118.61,118.64,2375.881
2026-09-30 09:18:00,118.63,118.65,118.59,118.65,274.675
2026-09-30 09:19:00,118.64,118.68,118.62,118.63,1238.272
2026-09-30 09:20:00,118.63,118.7,118.59,118.69,481.164
2026-09-30 09:21:00,118.69,118.78,118.65,118.75,2388.036
2026-09-30 09:22:00,118.75,118.79,118.66,118.68,2408.086
2026-09-30 09:23:00,118.68,118.75,118.68,118.74,310.441
2026-09-30 09:24:00,118.73,118.91,118.7,118.91,4810.107
2026-09-30 09:25:00,118.91,119.04,118.89,118.91,2165.294
2026-09-30 09:26:00,118.92,118.92,118.86,118.91,747.453
2026-09-30 09:27:00,118.91,119.08,118.91,119.07,740.413
2026-09-30 09:28:00,119.08,119.08,119.02,119.03,373.028
2026-09-30 09:29:00,119.03,119.04,118.98,119.04,1336.547
2026-09-30 09:30:00,119.04,119.29,118.98,119.07,8472.093
2026-09-30 09:31:00,119.07,119.28,119.07,119.18,2395.902
2026-09-30 09:32:00,119.18,119.8,119.18,119.72,11125.799
2026-09-30 09:33:00,119.72,119.79,119.6,119.71,6710.318
2026-09-30 09:34:00,119.7,119.78,119.53,119.56,3853.638
2026-09-30 09:35:00,119.57,119.6,119.43,119.54,2930.558
2026-09-30 09:36:00,119.54,119.58,119.45,119.48,1650.2
2026-09-30 09:37:00,119.47,119.48,119.39,119.41,1447.127
2026-09-30 09:38:00,119.41,119.44,119.31,119.4,1102.414
2026-09-30 09:39:00,119.4,119.41,119.3,119.3,1267.972
2026-09-30 09:40:00,119.3,119.31,119.25,119.25,1286.366
2026-09-30 09:41:00,119.25,119.26,119.19,119.24,1135.408
2026-09-30 09:42:00,119.24,119.25,119.22,119.23,1269.594
2026-09-30 09:43:00,119.23,119.23,119.14,119.14,616.088
2026-09-30 09:44:00,119.14,119.21,119.13,119.2,992.057
2026-09-30 09:45:00,119.2,119.22,119.13,119.14,1612.192
2026-09-30 09:46:00,119.14,119.36,119.14,119.32,5646.692
2026-09-30 09:47:00,119.32,119.33,119.23,119.27,348.252
2026-09-30 09:48:00,119.26,119.31,119.25,119.3,975.433
2026-09-30 09:49:00,119.3,119.33,119.25,119.32,1699.038
2026-09-30 09:50:00,119.33,119.37,119.3,119.33,1450.83
2026-09-30 09:51:00,119.34,119.48,119.33,119.43,1406.52
2026-09-30 09:52:00,119.43,119.44,119.29,119.29,641.637
2026-09-30 09:53:00,119.29,119.31,119.27,119.29,1120.187
2026-09-30 09:54:00,119.29,119.4,119.27,119.38,2332.049
2026-09-30 09:55:00,119.38,119.48,119.38,119.41,2207.392
2026-09-30 09:56:00,119.4,119.4,119.34,119.34,689.77
2026-09-30 09:57:00,119.34,119.4,119.34,119.4,870.27
2026-09-30 09:58:00,119.39,119.4,119.31,119.34,792.884
2026-09-30 09:59:00,119.34,119.37,119.32,119.34,953.937
2026-09-30 10:00:00,119.33,119.56,119.33,119.54,6576.161
2026-09-30 10:01:00,119.54,119.56,119.44,119.45,817.852
2026-09-30 10:02:00,119.44,119.46,119.32,119.42,3001.972
2026-09-30 10:03:00,119.42,119.42,119.32,119.32,1097.879
2026-09-30 10:04:00,119.31,119.44,119.29,119.38,1748.251
2026-09-30 10:05:00,119.38,119.39,119.32,119.39,3163.196
2026-09-30 10:06:00,119.4,119.43,119.39,119.39,813.205
2026-09-30 10:07:00,119.39,119.41,119.3,119.36,4288.049
2026-09-30 10:08:00,119.37,119.38,119.35,119.36,1761.665
2026-09-30 10:09:00,119.37,119.37,119.3,119.31,958.422
2026-09-30 10:10:00,119.31,119.32,119.27,119.29,889.581
2026-09-30 10:11:00,119.29,119.34,119.29,119.34,314.29
2026-09-30 10:12:00,119.34,119.36,119.32,119.36,627.502
2026-09-30 10:13:00,119.35,119.4,119.35,119.39,698.068
2026-09-30 10:14:00,119.38,119.43,119.31,119.31,994.285
2026-09-30 10:15:00,119.31,119.36,119.26,119.3,1588.21
2026-09-30 10:16:00,119.3,119.32,119.26,119.31,713.207
2026-09-30 10:17:00,119.3,119.37,119.3,119.36,364.768
2026-09-30 10:18:00,119.35,119.4,119.34,119.4,1436.131
2026-09-30 10:19:00,119.4,119.46,119.4,119.46,1060.759
2026-09-30 10:20:00,119.46,119.57,119.43,119.57,3227.11
2026-09-30 10:21:00,119.57,119.68,119.57,119.65,4087.657
2026-09-30 10:22:00,119.65,119.67,119.46,119.47,1161.982
2026-09-30 10:23:00,119.47,119.6,119.47,119.56,3477.099
2026-09-30 10:24:00,119.55,119.68,119.54,119.67,3862.085
2026-09-30 10:25:00,119.67,119.75,119.63,119.74,3492.318
2026-09-30 10:26:00,119.74,119.77,119.73,119.77,1091.924
2026-09-30 10:27:00,119.76,119.82,119.57,119.58,5563.937
2026-09-30 10:28:00,119.58,119.6,119.55,119.6,1712.67
2026-09-30 10:29:00,119.59,119.6,119.59,119.6,1007.802
2026-09-30 10:30:00,119.6,119.72,119.59,119.72,1611.077
2026-09-30 10:31:00,119.72,119.87,119.72,119.87,1275.739
2026-09-30 10:32:00,119.86,119.9,119.83,119.88,3343.785
2026-09-30 10:33:00,119.88,119.92,119.81,119.88,2747.216
2026-09-30 10:34:00,119.89,119.91,119.82,119.87,869.768
2026-09-30 10:35:00,119.86,119.92,119.83,119.85,1852.374
2026-09-30 10:36:00,119.85,119.87,119.82,119.83,1874.915
2026-09-30 10:37:00,119.84,119.88,119.77,119.78,2156.107
2026-09-30 10:38:00,119.79,119.83,119.78,119.83,729.959
2026-09-30 10:39:00,119.83,119.84,119.64,119.71,4211.43
2026-09-30 10:40:00,119.71,119.75,119.7,119.75,712.613
2026-09-30 10:41:00,119.74,119.75,119.7,119.75,915.588
2026-09-30 10:42:00,119.75,119.81,119.72,119.75,1494.588
2026-09-30 10:43:00,119.75,119.8,119.71,119.8,1351.011
2026-09-30 10:44:00,119.8,119.83,119.78,119.8,1776.682
2026-09-30 10:45:00,119.79,119.84,119.7,119.72,2052.806
2026-09-30 10:46:00,119.72,119.74,119.67,119.68,552.976
2026-09-30 10:47:00,119.68,119.76,119.65,119.75,616.479
2026-09-30 10:48:00,119.76,119.77,119.72,119.76,651.662
2026-09-30 10:49:00,119.77,119.87,119.74,119.74,2119.523
2026-09-30 10:50:00,119.75,119.82,119.75,119.79,1568.855
2026-09-30 10:51:00,119.79,119.81,119.75,119.79,776.014
2026-09-30 10:52:00,119.79,119.87,119.78,119.82,2334.874
2026-09-30 10:53:00,119.83,119.83,119.8,119.81,1073.73
2026-09-30 10:54:00,119.8,119.84,119.8,119.83,1509.81
2026-09-30 10:55:00,119.84,119.86,119.79,119.84,1736.818
2026-09-30 10:56:00,119.84,119.88,119.75,119.87,4592.255
2026-09-30 10:57:00,119.87,119.89,119.85,119.89,421.017
2026-09-30 10:58:00,119.89,119.9,119.87,119.89,938.146
2026-09-30 10:59:00,119.89,119.89,119.86,119.88,1421.697
2026-09-30 11:00:00,119.87,119.87,119.6,119.6,5389.9
2026-09-30 11:01:00,119.59,119.59,119.45,119.51,4976.432
2026-09-30 11:02:00,119.52,119.52,119.42,119.45,3989.145
2026-09-30 11:03:00,119.44,119.58,119.44,119.57,1938.613
2026-09-30 11:04:00,119.57,119.57,119.49,119.52,557.692
2026-09-30 11:05:00,119.51,119.56,119.46,119.51,1986.196
2026-09-30 11:06:00,119.5,119.5,119.32,119.33,3963.857
2026-09-30 11:07:00,119.33,119.33,119.2,119.24,7224.75
2026-09-30 11:08:00,119.24,119.46,119.24,119.39,3707.415
2026-09-30 11:09:00,119.4,119.46,119.27,119.28,2346.147
2026-09-30 11:10:00,119.27,119.34,119.2,119.32,3464.521
2026-09-30 11:11:00,119.32,119.32,119.23,119.25,6389.549
2026-09-30 11:12:00,119.25,119.48,119.22,119.48,2605.529
2026-09-30 11:13:00,119.48,119.52,119.45,119.46,2349.276
2026-09-30 11:14:00,119.46,119.5,119.43,119.5,1846.497
2026-09-30 11:15:00,119.49,119.55,119.45,119.49,2205.534
2026-09-30 11:16:00,119.49,119.5,119.44,119.44,1753.73
2026-09-30 11:17:00,119.45,119.46,119.38,119.41,1573.753
2026-09-30 11:18:00,119.42,119.46,119.39,119.46,2393.442
2026-09-30 11:19:00,119.46,119.49,119.31,119.31,2246.857
2026-09-30 11:20:00,119.31,119.31,119.24,119.26,1022.05
2026-09-30 11:21:00,119.27,119.36,119.27,119.29,2317.801
2026-09-30 11:22:00,119.29,119.48,119.29,119.46,1059.728
2026-09-30 11:23:00,119.47,119.65,119.43,119.64,2505.571
2026-09-30 11:24:00,119.65,119.7,119.56,119.57,2232.573
2026-09-30 11:25:00,119.56,119.65,119.53,119.61,1443.212
2026-09-30 11:26:00,119.62,119.64,119.55,119.59,1737.159
2026-09-30 11:27:00,119.58,119.59,119.55,119.56,1106.332
2026-09-30 11:28:00,119.55,119.61,119.53,119.58,1406.208
2026-09-30 11:29:00,119.57,119.62,119.54,119.56,1611.138
2026-09-30 11:30:00,119.56,119.56,119.46,119.46,1488.793
2026-09-30 11:31:00,119.46,119.48,119.37,119.37,2024.34
2026-09-30 11:32:00,119.38,119.4,119.36,119.39,1588.212
2026-09-30 11:33:00,119.39,119.43,119.38,119.42,538.151
2026-09-30 11:34:00,119.42,119.51,119.39,119.46,1838.593
2026-09-30 11:35:00,119.46,119.55,119.46,119.55,529.013
2026-09-30 11:36:00,119.55,119.58,119.43,119.58,3110.78
2026-09-30 11:37:00,119.58,119.64,119.51,119.56,4179.977
2026-09-30 11:38:00,119.57,119.7,119.57,119.63,2231.706
2026-09-30 11:39:00,119.64,119.69,119.58,119.69,3535.79
2026-09-30 11:40:00,119.69,119.77,119.64,119.74,3069.182
2026-09-30 11:41:00,119.74,119.78,119.65,119.66,2759.566
2026-09-30 11:42:00,119.66,119.67,119.61,119.66,689.412
2026-09-30 11:43:00,119.66,119.84,119.66,119.84,867.601
2026-09-30 11:44:00,119.84,119.86,119.76,119.8,2868.295
2026-09-30 11:45:00,119.8,119.83,119.76,119.81,1694.217
2026-09-30 11:46:00,119.8,119.84,119.61,119.73,17688.687
2026-09-30 11:47:00,119.72,119.72,119.47,119.61,9224.992
2026-09-30 11:48:00,119.61,119.61,119.49,119.51,4704.387
2026-09-30 11:49:00,119.51,119.61,119.46,119.54,2973.791
2026-09-30 11:50:00,119.55,119.57,119.41,119.45,5387.543
2026-09-30 11:51:00,119.44,119.51,119.39,119.45,2426.039
2026-09-30 11:52:00,119.45,119.5,119.38,119.43,4510.777
2026-09-30 11:53:00,119.44,119.54,119.42,119.46,2729.261
2026-09-30 11:54:00,119.45,119.45,119.37,119.43,1900.536
2026-09-30 11:55:00,119.42,119.48,119.32,119.35,2203.538
2026-09-30 11:56:00,119.35,119.42,119.34,119.39,512.226
2026-09-30 11:57:00,119.39,119.47,119.34,119.36,4886.548
2026-09-30 11:58:00,119.36,119.42,119.33,119.37,1792.678
2026-09-30 11:59:00,119.37,119.51,119.37,119.5,1195.668
2026-09-30 12:00:00,119.51,119.62,119.45,119.6,1281.908
2026-09-30 12:01:00,119.61,119.63,119.48,119.49,1469.13
2026-09-30 12:02:00,119.49,119.56,119.43,119.43,1348.761
2026-09-30 12:03:00,119.44,119.56,119.43,119.56,1045.419
2026-09-30 12:04:00,119.56,119.65,119.55,119.59,1599.33
2026-09-30 12:05:00,119.59,119.61,119.58,119.59,1070.611
2026-09-30 12:06:00,119.59,119.61,119.51,119.52,5612.429
2026-09-30 12:07:00,119.51,119.59,119.46,119.55,4439.811
2026-09-30 12:08:00,119.56,119.56,119.38,119.42,6597.669
2026-09-30 12:09:00,119.41,119.48,119.41,119.47,629.712
2026-09-30 12:10:00,119.47,119.55,119.47,119.54,590.399
2026-09-30 12:11:00,119.55,119.59,119.54,119.57,853.44
2026-09-30 12:12:00,119.57,119.62,119.56,119.61,388.01
2026-09-30 12:13:00,119.62,119.7,119.62,119.69,932.747
2026-09-30 12:14:00,119.7,119.77,119.68,119.76,679.963
2026-09-30 12:15:00,119.76,119.77,119.58,119.69,1750.3
2026-09-30 12:16:00,119.7,119.7,119.52,119.63,1210.652
2026-09-30 12:17:00,119.63,119.66,119.51,119.64,4273.2
2026-09-30 12:18:00,119.63,119.66,119.57,119.61,712.583
2026-09-30 12:19:00,119.62,119.68,119.58,119.58,2431.822
2026-09-30 12:20:00,119.59,119.59,119.49,119.51,2926.979
2026-09-30 12:21:00,119.51,119.65,119.51,119.65,801.724
2026-09-30 12:22:00,119.65,119.83,119.65,119.83,3356.428
2026-09-30 12:23:00,119.83,119.83,119.68,119.68,2889.54
2026-09-30 12:24:00,119.68,119.79,119.66,119.76,2232.552
2026-09-30 12:25:00,119.77,119.84,119.73,119.74,1912.347
2026-09-30 12:26:00,119.75,119.8,119.67,119.67,1286.413
2026-09-30 12:27:00,119.67,119.69,119.62,119.65,2321.092
2026-09-30 12:28:00,119.65,119.72,119.6,119.72,2037.069
2026-09-30 12:29:00,119.72,119.96,119.64,119.8,4688.513
2026-09-30 12:30:00,119.8,121.01,119.61,120.8,46059.223
2026-09-30 12:31:00,120.81,121.11,120.75,121.03,11908.931
2026-09-30 12:32:00,121.02,121.3,121.01,121.15,11717.021
2026-09-30 12:33:00,121.14,121.15,120.6,120.75,15747.761
2026-09-30 12:34:00,120.75,121.21,120.71,121.13,4768.716
2026-09-30 12:35:00,121.13,121.6,121.1,121.25,13353.437
2026-09-30 12:36:00,121.24,121.34,121.05,121.07,12063.464
2026-09-30 12:37:00,121.07,121.24,120.96,121.14,19214.698
2026-09-30 12:38:00,121.14,121.3,121.06,121.23,5785.966
2026-09-30 12:39:00,121.22,121.39,121.16,121.39,4410.821
2026-09-30 12:40:00,121.38,121.96,121.38,121.85,31285.504
2026-09-30 12:41:00,121.85,121.86,121.51,121.51,13448.621
2026-09-30 12:42:00,121.52,121.57,121.34,121.43,5037.658
2026-09-30 12:43:00,121.43,121.67,121.42,121.62,4972.299
2026-09-30 12:44:00,121.62,121.62,121.39,121.47,10390.983
2026-09-30 12:45:00,121.47,121.76,121.38,121.71,7561.423
2026-09-30 12:46:00,121.71,121.75,121.53,121.56,10906.003
2026-09-30 12:47:00,121.55,121.56,121.21,121.38,8418.787
2026-09-30 12:48:00,121.38,121.75,121.38,121.73,4263.281
2026-09-30 12:49:00,121.72,121.83,121.64,121.64,7933.14
2026-09-30 12:50:00,121.65,121.94,121.64,121.9,8591.136
2026-09-30 12:51:00,121.9,121.92,121.74,121.91,3948.994
2026-09-30 12:52:00,121.91,122.05,121.86,122.05,9525.168
2026-09-30 12:53:00,122.04,122.08,121.97,122.04,4057.934
2026-09-30 12:54:00,122.04,122.12,122.02,122.11,6007.109
2026-09-30 12:55:00,122.1,122.54,122.06,122.52,12485.535
2026-09-30 12:56:00,122.53,122.54,122.19,122.29,6636.554
2026-09-30 12:57:00,122.29,122.43,122.22,122.28,3987.619
2026-09-30 12:58:00,122.28,122.29,122.01,122.02,5037.753
2026-09-30 12:59:00,122.01,122.03,121.84,121.9,13684.01
2026-09-30 13:00:00,121.9,122.08,121.84,121.85,10649.552
2026-09-30 13:01:00,121.85,121.9,121.66,121.7,3820.488
2026-09-30 13:02:00,121.7,121.9,121.68,121.86,3754.31
2026-09-30 13:03:00,121.86,122.12,121.81,122.12,4126.025
2026-09-30 13:04:00,122.11,122.2,122.05,122.2,3267.375
2026-09-30 13:05:00,122.2,122.23,122.11,122.18,3311.802
2026-09-30 13:06:00,122.19,122.36,122.12,122.19,6955.097
2026-09-30 13:07:00,122.2,122.33,122.17,122.23,4592.752
2026-09-30 13:08:00,122.24,122.45,122.2,122.41,4838.474
2026-09-30 13:09:00,122.41,122.75,122.41,122.65,11204.822
2026-09-30 13:10:00,122.64,122.67,122.39,122.55,5157.311
2026-09-30 13:11:00,122.55,122.75,122.48,122.68,4239.544
2026-09-30 13:12:00,122.68,122.7,122.49,122.61,7930.714
2026-09-30 13:13:00,122.61,122.63,122.39,122.4,3996.908
2026-09-30 13:14:00,122.39,122.44,122.32,122.39,1603.956
2026-09-30 13:15:00,122.39,122.58,122.37,122.51,3063.621
2026-09-30 13:16:00,122.51,122.55,122.47,122.54,3671.314
2026-09-30 13:17:00,122.54,122.56,122.35,122.4,3261.223
2026-09-30 13:18:00,122.41,122.46,122.35,122.44,1341.362
2026-09-30 13:19:00,122.45,122.45,122.16,122.24,4454.74
2026-09-30 13:20:00,122.23,122.3,122.19,122.23,2783.276
2026-09-30 13:21:00,122.22,122.26,122.06,122.13,3582.543
2026-09-30 13:22:00,122.13,122.2,122.08,122.09,3273.762
2026-09-30 13:23:00,122.1,122.26,122.04,122.23,6122.124
2026-09-30 13:24:00,122.23,122.28,122.15,122.27,2802.226
2026-09-30 13:25:00,122.27,122.35,122.22,122.33,1492.269
2026-09-30 13:26:00,122.33,122.5,122.33,122.5,2316.671
2026-09-30 13:27:00,122.49,122.53,122.34,122.36,2917.009
2026-09-30 13:28:00,122.37,122.37,122.04,122.11,2090.55
2026-09-30 13:29:00,122.1,122.32,122.1,122.22,2421.633
2026-09-30 13:30:00,122.23,122.41,122.13,122.41,7705.906
2026-09-30 13:31:00,122.41,122.77,122.41,122.77,5579.726
2026-09-30 13:32:00,122.77,122.83,122.27,122.32,5136.71
2026-09-30 13:33:00,122.33,122.35,121.97,122.05,6451.786
2026-09-30 13:34:00,122.06,122.19,121.98,122.05,3462.427
2026-09-30 13:35:00,122.05,122.05,121.03,121.2,10808.422
2026-09-30 13:36:00,121.19,121.2,120.78,121.09,10914.031
2026-09-30 13:37:00,121.1,121.15,120.67,120.69,7406.045
2026-09-30 13:38:00,120.7,120.73,120.32,120.61,10947.565
2026-09-30 13:39:00,120.6,120.72,120.34,120.45,7750.881
2026-09-30 13:40:00,120.45,120.67,119.86,119.99,11834.58
2026-09-30 13:41:00,119.98,120.52,119.93,120.49,7824.34
2026-09-30 13:42:00,120.5,121.0,120.47,120.92,6857.507
2026-09-30 13:43:00,120.93,121.13,120.9,120.95,6307.937
2026-09-30 13:44:00,120.95,121.2,120.92,121.11,9117.462
2026-09-30 13:45:00,121.11,121.15,120.81,120.86,12861.492
2026-09-30 13:46:00,120.86,121.19,120.82,121.19,4685.529
2026-09-30 13:47:00,121.18,121.35,121.03,121.24,4066.45
2026-09-30 13:48:00,121.23,121.28,120.88,120.9,5689.425
2026-09-30 13:49:00,120.91,121.16,120.81,121.03,2436.818
2026-09-30 13:50:00,121.03,121.1,120.86,120.95,3041.241
2026-09-30 13:51:00,120.96,121.2,120.96,121.04,5274.002
2026-09-30 13:52:00,121.05,121.05,120.78,120.78,2503.725
2026-09-30 13:53:00,120.78,121.01,120.7,121.01,2017.001
2026-09-30 13:54:00,121.01,121.05,120.86,120.9,1526.524
2026-09-30 13:55:00,120.91,121.06,120.83,120.86,5018.592
2026-09-30 13:56:00,120.85,120.93,120.78,120.82,1176.331
2026-09-30 13:57:00,120.82,120.93,120.69,120.76,2434.653
2026-09-30 13:58:00,120.77,120.82,120.69,120.81,1558.795
2026-09-30 13:59:00,120.81,121.05,120.78,121.04,2529.678
2026-09-30 14:00:00,121.04,121.07,120.68,120.75,2534.5
2026-09-30 14:01:00,120.76,121.04,120.61,120.61,3112.221
2026-09-30 14:02:00,120.62,120.81,120.48,120.69,2351.937
2026-09-30 14:03:00,120.69,120.9,120.69,120.9,916.277
2026-09-30 14:04:00,120.9,121.14,120.87,121.01,3488.016
2026-09-30 14:05:00,121.01,121.14,120.95,121.13,1558.017
2026-09-30 14:06:00,121.14,121.32,121.09,121.13,2383.255
2026-09-30 14:07:00,121.13,121.13,120.77,120.78,1625.156
2026-09-30 14:08:00,120.78,120.84,120.6,120.8,2246.235
2026-09-30 14:09:00,120.81,120.86,120.66,120.82,3986.192
2026-09-30 14:10:00,120.81,120.84,120.6,120.6,8338.613
2026-09-30 14:11:00,120.61,120.61,120.27,120.56,3923.021
2026-09-30 14:12:00,120.56,120.9,120.56,120.78,2721.744
2026-09-30 14:13:00,120.79,120.94,120.42,120.46,4670.063
2026-09-30 14:14:00,120.47,120.62,120.44,120.51,1645.309
2026-09-30 14:15:00,120.5,120.51,120.24,120.42,3167.4
2026-09-30 14:16:00,120.42,120.44,120.11,120.24,2482.451
2026-09-30 14:17:00,120.24,120.31,120.0,120.0,3746.216
2026-09-30 14:18:00,120.01,120.05,119.73,119.86,13079.524
2026-09-30 14:19:00,119.85,119.98,119.75,119.95,3638.192
2026-09-30 14:20:00,119.96,119.96,119.71,119.8,8048.321
2026-09-30 14:21:00,119.81,119.88,119.58,119.59,11557.214
2026-09-30 14:22:00,119.59,119.59,118.91,118.92,15549.871
2026-09-30 14:23:00,118.92,119.23,118.63,119.22,12188.873
2026-09-30 14:24:00,119.23,119.27,118.92,119.09,8472.971
2026-09-30 14:25:00,119.08,119.21,119.01,119.18,8620.958
2026-09-30 14:26:00,119.17,119.3,119.1,119.19,6221.399
2026-09-30 14:27:00,119.18,119.19,118.79,118.83,18891.277
2026-09-30 14:28:00,118.83,118.89,118.68,118.78,7720.686
2026-09-30 14:29:00,118.78,118.93,118.65,118.91,7433.068
2026-09-30 14:30:00,118.92,119.06,118.8,119.0,14317.637
2026-09-30 14:31:00,118.99,119.12,118.83,118.97,3873.984
2026-09-30 14:32:00,118.97,119.05,118.54,118.61,5365.902
2026-09-30 14:33:00,118.61,119.0,118.47,119.0,8321.99
2026-09-30 14:34:00,118.99,119.03,118.73,118.78,3394.749
2026-09-30 14:35:00,118.77,118.86,118.66,118.76,4919.859
2026-09-30 14:36:00,118.75,118.91,118.7,118.76,7056.327
2026-09-30 14:37:00,118.76,119.15,118.73,118.99,4214.298
2026-09-30 14:38:00,118.99,119.13,118.94,119.11,4909.618
2026-09-30 14:39:00,119.11,119.12,118.87,118.89,2518.648
2026-09-30 14:40:00,118.89,118.89,118.64,118.85,2714.168
2026-09-30 14:41:00,118.85,118.98,118.62,118.96,4734.088
2026-09-30 14:42:00,118.97,119.07,118.9,119.04,5981.915
2026-09-30 14:43:00,119.04,119.11,118.8,118.8,4020.222
2026-09-30 14:44:00,118.8,118.84,118.73,118.73,1075.397
2026-09-30 14:45:00,118.74,118.87,118.64,118.76,2355.164
2026-09-30 14:46:00,118.76,118.83,118.68,118.82,996.231
2026-09-30 14:47:00,118.82,118.96,118.76,118.89,1926.84
2026-09-30 14:48:00,118.89,119.04,118.82,118.86,3181.55
2026-09-30 14:49:00,118.85,119.04,118.79,119.04,3140.221
2026-09-30 14:50:00,119.04,119.09,118.93,119.01,2640.26
2026-09-30 14:51:00,119.02,119.1,118.95,118.96,2496.001
2026-09-30 14:52:00,118.97,119.15,118.97,118.97,3940.293
2026-09-30 14:53:00,118.98,119.07,118.92,118.95,13060.022
2026-09-30 14:54:00,118.95,119.09,118.93,119.08,4128.058
2026-09-30 14:55:00,119.07,119.15,119.02,119.15,2221.452
2026-09-30 14:56:00,119.15,119.16,119.04,119.04,4906.666
2026-09-30 14:57:00,119.04,119.07,118.98,118.98,1082.428
2026-09-30 14:58:00,118.98,118.98,118.86,118.89,2575.7
2026-09-30 14:59:00,118.9,118.94,118.82,118.82,1801.978
2026-09-30 15:00:00,118.82,119.02,118.74,119.0,2596.702
2026-09-30 15:01:00,119.0,119.11,118.8,119.04,3751.919
2026-09-30 15:02:00,119.04,119.08,118.87,118.9,2901.797
2026-09-30 15:03:00,118.89,119.08,118.84,119.07,2061.664
2026-09-30 15:04:00,119.07,119.07,118.91,118.98,1955.288
2026-09-30 15:05:00,118.97,119.03,118.93,118.95,1527.524
2026-09-30 15:06:00,118.94,118.95,118.77,118.86,3442.767
2026-09-30 15:07:00,118.86,118.87,118.74,118.78,1537.561
2026-09-30 15:08:00,118.77,118.83,118.72,118.8,897.062
2026-09-30 15:09:00,118.8,118.93,118.79,118.93,1387.834
2026-09-30 15:10:00,118.92,119.06,118.91,118.99,1004.137
2026-09-30 15:11:00,119.0,119.21,118.92,118.92,3176.821
2026-09-30 15:12:00,118.93,118.98,118.75,118.85,3984.015
2026-09-30 15:13:00,118.86,118.94,118.83,118.84,1887.197
2026-09-30 15:14:00,118.83,118.93,118.78,118.86,1335.051
2026-09-30 15:15:00,118.86,118.88,118.78,118.84,1140.735
2026-09-30 15:16:00,118.84,118.97,118.83,118.93,869.653
2026-09-30 15:17:00,118.93,118.95,118.73,118.74,1424.4
2026-09-30 15:18:00,118.73,118.73,118.53,118.53,1615.886
2026-09-30 15:19:00,118.54,118.69,118.51,118.61,3329.734
2026-09-30 15:20:00,118.6,118.68,118.53,118.66,1672.44
2026-09-30 15:21:00,118.67,118.72,118.53,118.69,1303.828
2026-09-30 15:22:00,118.7,118.87,118.7,118.74,1607.272
2026-09-30 15:23:00,118.74,118.81,118.6,118.6,3234.242
2026-09-30 15:24:00,118.61,118.61,118.28,118.28,4653.636
2026-09-30 15:25:00,118.28,118.34,118.22,118.23,1895.15
2026-09-30 15:26:00,118.22,118.28,118.1,118.13,6399.204
2026-09-30 15:27:00,118.14,118.35,118.02,118.31,7840.675
2026-09-30 15:28:00,118.32,118.51,118.29,118.5,1492.31
2026-09-30 15:29:00,118.51,118.63,118.49,118.63,951.747
2026-09-30 15:30:00,118.64,118.84,118.6,118.82,3145.236
2026-09-30 15:31:00,118.83,119.31,118.82,119.3,3716.565
2026-09-30 15:32:00,119.3,119.31,119.06,119.09,2201.306
2026-09-30 15:33:00,119.1,119.11,118.97,119.09,1361.344
2026-09-30 15:34:00,119.09,119.1,118.99,119.01,1286.285
2026-09-30 15:35:00,119.02,119.05,118.91,118.96,2191.771
2026-09-30 15:36:00,118.96,118.97,118.89,118.9,513.555
2026-09-30 15:37:00,118.91,119.11,118.85,119.11,1598.009
2026-09-30 15:38:00,119.11,119.17,119.04,119.04,2114.177
2026-09-30 15:39:00,119.04,119.15,119.02,119.12,806.025
2026-09-30 15:40:00,119.13,119.18,119.08,119.1,1227.846
2026-09-30 15:41:00,119.1,119.16,119.02,119.03,1903.037
2026-09-30 15:42:00,119.03,119.13,118.99,119.11,1126.524
2026-09-30 15:43:00,119.11,119.11,118.98,119.02,1189.811
2026-09-30 15:44:00,119.02,119.07,118.93,119.06,1749.514
2026-09-30 15:45:00,119.06,119.15,118.97,119.14,1619.17
2026-09-30 15:46:00,119.13,119.27,119.11,119.24,2798.84
2026-09-30 15:47:00,119.25,119.32,119.22,119.3,1664.552
2026-09-30 15:48:00,119.29,119.48,119.29,119.47,1796.876
2026-09-30 15:49:00,119.46,119.52,119.42,119.51,4144.357
2026-09-30 15:50:00,119.52,119.54,119.42,119.48,2743.27
2026-09-30 15:51:00,119.48,119.55,119.45,119.45,1173.601
2026-09-30 15:52:00,119.45,119.51,119.4,119.44,817.189
2026-09-30 15:53:00,119.44,119.51,119.44,119.46,543.093
2026-09-30 15:54:00,119.46,119.5,119.39,119.39,673.358
2026-09-30 15:55:00,119.39,119.4,119.3,119.31,352.412
2026-09-30 15:56:00,119.31,119.4,119.31,119.39,508.383
2026-09-30 15:57:00,119.39,119.4,119.3,119.31,564.082
2026-09-30 15:58:00,119.31,119.34,119.3,119.31,608.817
2026-09-30 15:59:00,119.31,119.33,119.3,119.32,334.948
2026-09-30 16:00:00,119.33,119.34,119.22,119.23,1064.06
2026-09-30 16:01:00,119.24,119.31,119.22,119.31,726.76
2026-09-30 16:02:00,119.31,119.51,119.31,119.41,853.437
2026-09-30 16:03:00,119.41,119.55,119.37,119.55,1679.822
2026-09-30 16:04:00,119.55,119.58,119.5,119.51,2000.023
2026-09-30 16:05:00,119.52,119.63,119.51,119.62,1185.695
2026-09-30 16:06:00,119.61,119.67,119.61,119.65,853.036
2026-09-30 16:07:00,119.65,119.66,119.58,119.63,2455.597
2026-09-30 16:08:00,119.63,119.65,119.58,119.64,1580.091
2026-09-30 16:09:00,119.64,119.68,119.63,119.68,732.48
2026-09-30 16:10:00,119.68,119.72,119.62,119.66,2185.471
2026-09-30 16:11:00,119.66,119.68,119.61,119.64,912.636
2026-09-30 16:12:00,119.64,119.65,119.5,119.51,2903.414
2026-09-30 16:13:00,119.5,119.71,119.5,119.7,1627.682
2026-09-30 16:14:00,119.69,119.77,119.68,119.72,768.787
2026-09-30 16:15:00,119.73,119.78,119.61,119.67,2136.36
2026-09-30 16:16:00,119.68,119.78,119.67,119.75,1234.289
2026-09-30 16:17:00,119.75,119.75,119.66,119.67,732.353
2026-09-30 16:18:00,119.67,119.74,119.63,119.74,1771.714
2026-09-30 16:19:00,119.75,119.85,119.75,119.76,3236.797
2026-09-30 16:20:00,119.76,119.79,119.69,119.79,873.911
2026-09-30 16:21:00,119.79,119.84,119.75,119.8,1249.196
2026-09-30 16:22:00,119.8,119.97,119.78,119.87,5817.914
2026-09-30 16:23:00,119.88,119.91,119.81,119.82,1786.757
2026-09-30 16:24:00,119.83,119.86,119.74,119.8,605.156
2026-09-30 16:25:00,119.81,119.92,119.79,119.9,741.273
2026-09-30 16:26:00,119.9,119.92,119.77,119.79,1182.924
2026-09-30 16:27:00,119.79,119.8,119.69,119.74,754.345
2026-09-30 16:28:00,119.74,119.77,119.62,119.73,1355.717
2026-09-30 16:29:00,119.72,119.72,119.61,119.66,1856.264
2026-09-30 16:30:00,119.67,119.78,119.65,119.65,1965.706
2026-09-30 16:31:00,119.66,119.75,119.64,119.66,1279.585
2026-09-30 16:32:00,119.67,119.7,119.59,119.6,879.265
2026-09-30 16:33:00,119.61,119.77,119.61,119.72,1023.604
2026-09-30 16:34:00,119.72,119.85,119.71,119.76,1423.485
2026-09-30 16:35:00,119.75,119.75,119.59,119.6,583.606
2026-09-30 16:36:00,119.59,119.59,119.52,119.53,479.005
2026-09-30 16:37:00,119.52,119.75,119.52,119.67,902.766
2026-09-30 16:38:00,119.67,119.8,119.64,119.79,1723.455
2026-09-30 16:39:00,119.79,119.85,119.74,119.84,593.946
2026-09-30 16:40:00,119.84,119.92,119.84,119.92,605.423
2026-09-30 16:41:00,119.91,120.03,119.89,119.91,2818.132
2026-09-30 16:42:00,119.91,120.0,119.89,119.99,506.064
2026-09-30 16:43:00,119.99,120.14,119.98,120.12,2407.855
2026-09-30 16:44:00,120.12,120.19,120.11,120.16,1036.025
2026-09-30 16:45:00,120.16,120.18,120.01,120.13,1796.639
2026-09-30 16:46:00,120.12,120.19,120.02,120.19,2837.199
2026-09-30 16:47:00,120.19,120.33,120.19,120.29,4129.154
2026-09-30 16:48:00,120.28,120.28,120.15,120.15,649.322
2026-09-30 16:49:00,120.15,120.18,120.07,120.1,2307.629
2026-09-30 16:50:00,120.11,120.26,120.1,120.19,1008.381
2026-09-30 16:51:00,120.18,120.23,120.13,120.14,543.818
2026-09-30 16:52:00,120.14,120.35,120.1,120.28,4249.065
2026-09-30 16:53:00,120.28,120.34,120.27,120.3,2388.019
2026-09-30 16:54:00,120.3,120.32,120.27,120.28,857.075
2026-09-30 16:55:00,120.28,120.35,120.26,120.31,1440.63
2026-09-30 16:56:00,120.32,120.38,120.28,120.32,3134.948
2026-09-30 16:57:00,120.31,120.39,120.31,120.39,693.458
2026-09-30 16:58:00,120.39,120.45,120.32,120.32,3537.441
2026-09-30 16:59:00,120.32,120.36,120.3,120.34,457.488
2026-09-30 17:00:00,120.34,120.35,120.28,120.29,3189.635
2026-09-30 17:01:00,120.28,120.29,120.23,120.28,1063.265
2026-09-30 17:02:00,120.27,120.34,120.27,120.27,1809.658
2026-09-30 17:03:00,120.27,120.35,120.24,120.35,691.317
2026-09-30 17:04:00,120.34,120.52,120.24,120.24,4606.453
2026-09-30 17:05:00,120.24,120.43,120.19,120.31,1612.145
2026-09-30 17:06:00,120.31,120.44,120.27,120.38,2208.328
2026-09-30 17:07:00,120.37,120.48,120.36,120.44,1643.908
2026-09-30 17:08:00,120.44,120.59,120.44,120.53,1887.223
2026-09-30 17:09:00,120.53,120.58,120.23,120.3,3810.976
2026-09-30 17:10:00,120.3,120.41,120.3,120.39,2012.963
2026-09-30 17:11:00,120.39,120.42,120.31,120.32,724.31
2026-09-30 17:12:00,120.31,120.34,120.2,120.2,840.527
2026-09-30 17:13:00,120.19,120.32,120.17,120.29,2344.951
2026-09-30 17:14:00,120.29,120.39,120.29,120.29,1181.695
2026-09-30 17:15:00,120.28,120.28,119.99,120.0,2339.639
2026-09-30 17:16:00,119.99,120.05,119.94,119.98,4038.136
2026-09-30 17:17:00,119.97,119.98,119.71,119.85,5969.171
2026-09-30 17:18:00,119.85,119.93,119.65,119.69,3975.038
2026-09-30 17:19:00,119.69,119.77,119.65,119.66,1120.426
2026-09-30 17:20:00,119.66,119.66,119.51,119.59,2801.49
2026-09-30 17:21:00,119.6,119.8,119.6,119.76,836.171
2026-09-30 17:22:00,119.77,119.8,119.64,119.67,2175.945
2026-09-30 17:23:00,119.68,119.72,119.61,119.68,3253.841
2026-09-30 17:24:00,119.68,119.76,119.68,119.75,447.079
2026-09-30 17:25:00,119.75,119.75,119.62,119.63,2312.06
2026-09-30 17:26:00,119.63,119.64,119.43,119.44,3963.32
2026-09-30 17:27:00,119.45,119.74,119.4,119.73,1634.276
2026-09-30 17:28:00,119.73,119.75,119.64,119.66,1536.301
2026-09-30 17:29:00,119.66,119.81,119.66,119.8,1114.426
2026-09-30 17:30:00,119.79,119.79,119.62,119.65,1333.779
2026-09-30 17:31:00,119.65,119.68,119.49,119.54,2664.724
2026-09-30 17:32:00,119.54,119.66,119.52,119.56,1408.249
2026-09-30 17:33:00,119.56,119.56,119.4,119.43,1265.9
2026-09-30 17:34:00,119.42,119.43,119.21,119.21,4377.023
2026-09-30 17:35:00,119.21,119.28,119.13,119.18,2326.84
2026-09-30 17:36:00,119.18,119.28,119.16,119.16,787.761
2026-09-30 17:37:00,119.15,119.15,118.88,118.99,5704.814
2026-09-30 17:38:00,119.0,119.14,118.97,119.14,1832.801
2026-09-30 17:39:00,119.14,119.24,119.08,119.09,752.109
2026-09-30 17:40:00,119.09,119.1,118.99,119.06,2871.397
2026-09-30 17:41:00,119.06,119.12,119.04,119.1,363.041
2026-09-30 17:42:00,119.09,119.11,119.01,119.11,1108.679
2026-09-30 17:43:00,119.11,119.19,119.11,119.13,415.618
2026-09-30 17:44:00,119.13,119.13,119.01,119.02,2142.899
2026-09-30 17:45:00,119.02,119.15,118.97,119.12,732.454
2026-09-30 17:46:00,119.13,119.2,119.13,119.19,395.961
2026-09-30 17:47:00,119.19,119.4,119.15,119.16,2318.401
2026-09-30 17:48:00,119.16,119.34,119.14,119.34,974.578
2026-09-30 17:49:00,119.34,119.34,119.25,119.31,863.294
2026-09-30 17:50:00,119.31,119.53,119.29,119.43,1085.577
2026-09-30 17:51:00,119.43,119.48,119.36,119.36,347.2
2026-09-30 17:52:00,119.36,119.39,119.27,119.28,599.19
2026-09-30 17:53:00,119.27,119.27,119.17,119.2,884.85
2026-09-30 17:54:00,119.19,119.19,119.07,119.07,1153.593
2026-09-30 17:55:00,119.08,119.08,119.01,119.04,1627.118
2026-09-30 17:56:00,119.05,119.12,119.05,119.09,473.771
2026-09-30 17:57:00,119.08,119.1,119.07,119.08,343.676
2026-09-30 17:58:00,119.08,119.2,119.08,119.2,1216.203
2026-09-30 17:59:00,119.2,119.22,119.18,119.18,774.94
2026-09-30 18:00:00,119.17,119.35,119.13,119.16,2816.633
2026-09-30 18:01:00,119.17,119.19,119.06,119.06,829.602
2026-09-30 18:02:00,119.07,119.09,118.96,118.99,5154.968
2026-09-30 18:03:00,118.99,119.08,118.91,118.91,1869.11
2026-09-30 18:04:00,118.92,119.15,118.88,119.08,3218.548
2026-09-30 18:05:00,119.08,119.08,118.92,118.92,719.824
2026-09-30 18:06:00,118.91,118.91,118.77,118.83,3081.658
2026-09-30 18:07:00,118.83,118.95,118.8,118.95,1017.059
2026-09-30 18:08:00,118.95,119.04,118.85,119.04,977.603
2026-09-30 18:09:00,119.04,119.13,118.96,119.09,1080.055
2026-09-30 18:10:00,119.08,119.12,118.92,118.93,1289.642
2026-09-30 18:11:00,118.94,119.07,118.94,119.02,1069.08
2026-09-30 18:12:00,119.01,119.07,119.0,119.07,771.044
2026-09-30 18:13:00,119.08,119.08,118.97,119.0,576.17
2026-09-30 18:14:00,119.0,119.06,118.9,118.9,853.303
2026-09-30 18:15:00,118.9,118.98,118.88,118.92,1291.171
2026-09-30 18:16:00,118.92,118.97,118.86,118.86,826.137
2026-09-30 18:17:00,118.87,118.94,118.85,118.85,840.743
2026-09-30 18:18:00,118.86,118.93,118.78,118.93,2122.152
2026-09-30 18:19:00,118.92,118.97,118.89,118.96,1163.4
2026-09-30 18:20:00,118.96,119.0,118.92,118.99,374.103
2026-09-30 18:21:00,118.99,118.99,118.85,118.88,1111.155
2026-09-30 18:22:00,118.89,118.94,118.87,118.92,421.811
2026-09-30 18:23:00,118.92,118.92,118.8,118.81,694.057
2026-09-30 18:24:00,118.81,118.86,118.77,118.78,1470.913
2026-09-30 18:25:00,118.79,118.79,118.69,118.72,1883.695
2026-09-30 18:26:00,118.71,118.74,118.67,118.67,1106.472
2026-09-30 18:27:00,118.67,118.72,118.63,118.66,1070.933
2026-09-30 18:28:00,118.66,118.75,118.66,118.66,1137.537
2026-09-30 18:29:00,118.67,118.83,118.66,118.79,2714.187
2026-09-30 18:30:00,118.8,118.95,118.76,118.95,3056.808
2026-09-30 18:31:00,118.96,118.98,118.79,118.79,1734.09
2026-09-30 18:32:00,118.78,118.81,118.72,118.74,2244.258
2026-09-30 18:33:00,118.74,118.75,118.63,118.66,1573.876
2026-09-30 18:34:00,118.66,118.66,118.53,118.59,1731.572
2026-09-30 18:35:00,118.59,118.59,118.53,118.53,686.986
2026-09-30 18:36:00,118.54,118.55,118.42,118.46,2897.973
2026-09-30 18:37:00,118.46,118.48,118.42,118.47,1215.793
2026-09-30 18:38:00,118.47,118.51,118.45,118.51,747.723
2026-09-30 18:39:00,118.51,118.51,118.44,118.45,753.226
2026-09-30 18:40:00,118.45,118.56,118.4,118.49,2101.437
2026-09-30 18:41:00,118.48,118.49,118.41,118.43,777.652
2026-09-30 18:42:00,118.42,118.48,118.42,118.45,3275.0
2026-09-30 18:43:00,118.45,118.53,118.43,118.49,709.96
2026-09-30 18:44:00,118.49,118.53,118.42,118.43,1642.066
2026-09-30 18:45:00,118.44,118.44,118.38,118.4,2142.188
2026-09-30 18:46:00,118.39,118.41,118.35,118.36,810.663
2026-09-30 18:47:00,118.35,118.35,118.31,118.31,739.137
2026-09-30 18:48:00,118.32,118.33,118.27,118.27,1032.222
2026-09-30 18:49:00,118.28,118.37,118.26,118.37,2525.857
2026-09-30 18:50:00,118.36,118.57,118.36,118.49,2919.555
2026-09-30 18:51:00,118.48,118.53,118.45,118.52,899.618
2026-09-30 18:52:00,118.53,118.66,118.49,118.66,1169.447
2026-09-30 18:53:00,118.67,118.7,118.54,118.55,1298.791
2026-09-30 18:54:00,118.55,118.58,118.51,118.58,1052.342
2026-09-30 18:55:00,118.58,118.64,118.57,118.64,615.549
2026-09-30 18:56:00,118.64,118.69,118.6,118.68,602.16
2026-09-30 18:57:00,118.67,118.72,118.62,118.7,485.942
2026-09-30 18:58:00,118.7,118.81,118.67,118.81,1292.529
2026-09-30 18:59:00,118.81,118.81,118.69,118.72,909.265
2026-09-30 19:00:00,118.71,118.74,118.51,118.55,2525.282
2026-09-30 19:01:00,118.56,118.71,118.53,118.61,1553.999
2026-09-30 19:02:00,118.62,118.76,118.6,118.76,3616.927
2026-09-30 19:03:00,118.76,118.79,118.68,118.69,1098.978
2026-09-30 19:04:00,118.68,118.74,118.66,118.73,883.171
2026-09-30 19:05:00,118.74,118.79,118.61,118.61,1672.229
2026-09-30 19:06:00,118.61,118.62,118.54,118.55,563.138
2026-09-30 19:07:00,118.56,118.59,118.55,118.58,628.995
2026-09-30 19:08:00,118.58,118.58,118.45,118.45,1965.964
2026-09-30 19:09:00,118.46,118.46,118.4,118.41,803.299
2026-09-30 19:10:00,118.41,118.41,118.26,118.29,2506.235
2026-09-30 19:11:00,118.28,118.28,118.13,118.14,4769.046
2026-09-30 19:12:00,118.15,118.15,118.06,118.13,6266.474
2026-09-30 19:13:00,118.12,118.25,118.06,118.24,2390.32
2026-09-30 19:14:00,118.25,118.29,118.21,118.24,1586.749
2026-09-30 19:15:00,118.24,118.24,118.1,118.1,1331.075
2026-09-30 19:16:00,118.11,118.19,118.11,118.15,2483.555
2026-09-30 19:17:00,118.15,118.15,117.4,117.63,37245.512
2026-09-30 19:18:00,117.62,117.73,117.6,117.73,5726.878
2026-09-30 19:19:00,117.73,117.84,117.72,117.83,1768.295
2026-09-30 19:20:00,117.83,117.86,117.73,117.8,2711.805
2026-09-30 19:21:00,117.8,117.92,117.79,117.84,2823.915
2026-09-30 19:22:00,117.85,117.86,117.76,117.81,3136.227
2026-09-30 19:23:00,117.8,117.81,117.69,117.7,1479.123
2026-09-30 19:24:00,117.69,117.7,117.53,117.56,3654.201
2026-09-30 19:25:00,117.56,117.71,117.55,117.71,2216.924
2026-09-30 19:26:00,117.71,117.83,117.7,117.72,1601.854
2026-09-30 19:27:00,117.71,117.83,117.71,117.8,1451.41
2026-09-30 19:28:00,117.8,117.9,117.8,117.88,2555.448
2026-09-30 19:29:00,117.89,117.92,117.81,117.85,2150.534
2026-09-30 19:30:00,117.85,117.93,117.82,117.93,1395.171
2026-09-30 19:31:00,117.92,118.06,117.92,118.03,2815.408
2026-09-30 19:32:00,118.04,118.06,117.94,118.02,2080.846
2026-09-30 19:33:00,118.02,118.08,117.99,118.05,1329.884
2026-09-30 19:34:00,118.05,118.08,117.95,118.0,2736.014
2026-09-30 19:35:00,118.01,118.15,117.98,118.08,3173.98
2026-09-30 19:36:00,118.07,118.08,118.02,118.04,699.352
2026-09-30 19:37:00,118.03,118.13,117.99,118.13,1659.973
2026-09-30 19:38:00,118.14,118.25,118.13,118.21,1872.437
2026-09-30 19:39:00,118.21,118.23,118.08,118.14,1017.195
2026-09-30 19:40:00,118.14,118.14,117.95,117.98,2000.428
2026-09-30 19:41:00,117.97,118.03,117.94,117.96,1677.794
2026-09-30 19:42:00,117.97,118.07,117.93,117.97,1664.364
2026-09-30 19:43:00,117.96,117.97,117.88,117.93,1673.844
2026-09-30 19:44:00,117.94,117.94,117.92,117.93,485.189
2026-09-30 19:45:00,117.92,117.93,117.8,117.81,1008.611
2026-09-30 19:46:00,117.8,117.83,117.66,117.69,2620.117
2026-09-30 19:47:00,117.68,117.76,117.5,117.53,4308.55
2026-09-30 19:48:00,117.53,117.73,117.52,117.66,3547.514
2026-09-30 19:49:00,117.65,117.68,117.54,117.56,1742.43
2026-09-30 19:50:00,117.56,117.58,117.43,117.44,3533.987
2026-09-30 19:51:00,117.43,117.44,117.06,117.33,18208.296
2026-09-30 19:52:00,117.32,117.42,117.22,117.33,6175.895
2026-09-30 19:53:00,117.33,117.48,117.28,117.31,4087.144
2026-09-30 19:54:00,117.31,117.38,117.18,117.2,4754.059
2026-09-30 19:55:00,117.19,117.41,117.14,117.41,3397.043
2026-09-30 19:56:00,117.4,117.45,117.26,117.34,2249.003
2026-09-30 19:57:00,117.34,117.34,117.26,117.27,1561.003
2026-09-30 19:58:00,117.27,117.27,117.07,117.12,5297.085
2026-09-30 19:59:00,117.12,117.24,117.09,117.24,2319.788
2026-09-30 20:00:00,117.23,117.43,117.23,117.42,3610.508
2026-09-30 20:01:00,117.42,117.42,117.2,117.4,5493.362
2026-09-30 20:02:00,117.41,117.44,117.32,117.38,4971.04
2026-09-30 20:03:00,117.39,117.5,117.37,117.48,2952.898
2026-09-30 20:04:00,117.48,117.54,117.43,117.52,1890.93
2026-09-30 20:05:00,117.52,117.6,117.49,117.56,1437.617
2026-09-30 20:06:00,117.56,117.59,117.41,117.53,3623.89
2026-09-30 20:07:00,117.53,117.59,117.45,117.51,1461.427
2026-09-30 20:08:00,117.51,117.53,117.4,117.43,1737.722
2026-09-30 20:09:00,117.43,117.49,117.4,117.42,1888.635
2026-09-30 20:10:00,117.43,117.52,117.43,117.52,1773.238
2026-09-30 20:11:00,117.52,117.63,117.52,117.52,1505.125
2026-09-30 20:12:00,117.52,117.52,117.46,117.5,1939.18
2026-09-30 20:13:00,117.5,117.56,117.45,117.56,1394.615
2026-09-30 20:14:00,117.55,117.67,117.55,117.61,1345.318
2026-09-30 20:15:00,117.62,117.69,117.59,117.65,567.088
2026-09-30 20:16:00,117.66,117.68,117.61,117.68,736.861
2026-09-30 20:17:00,117.67,117.68,117.61,117.63,563.74
2026-09-30 20:18:00,117.63,117.67,117.62,117.66,792.482
2026-09-30 20:19:00,117.65,117.72,117.65,117.71,1268.615
2026-09-30 20:20:00,117.71,117.82,117.7,117.76,1291.116
2026-09-30 20:21:00,117.76,117.9,117.74,117.87,1408.548
2026-09-30 20:22:00,117.88,117.94,117.87,117.94,1940.543
2026-09-30 20:23:00,117.93,118.0,117.93,117.97,1584.605
2026-09-30 20:24:00,117.97,118.06,117.97,118.02,1486.296
2026-09-30 20:25:00,118.03,118.12,118.03,118.12,1061.105
2026-09-30 20:26:00,118.11,118.12,118.07,118.11,664.048
2026-09-30 20:27:00,118.11,118.14,118.11,118.12,918.865
2026-09-30 20:28:00,118.12,118.14,118.05,118.14,1695.499
2026-09-30 20:29:00,118.13,118.15,118.04,118.04,1889.097
2026-09-30 20:30:00,118.04,118.08,117.95,118.0,2737.241
2026-09-30 20:31:00,118.0,118.01,117.94,117.96,7348.473
2026-09-30 20:32:00,117.96,117.96,117.88,117.91,1728.508
2026-09-30 20:33:00,117.91,117.97,117.9,117.96,2618.699
2026-09-30 20:34:00,117.97,118.04,117.92,118.01,1944.899
2026-09-30 20:35:00,118.0,118.13,117.98,118.03,1642.444
2026-09-30 20:36:00,118.04,118.1,118.0,118.01,1106.715
2026-09-30 20:37:00,118.01,118.12,117.97,118.1,759.028
2026-09-30 20:38:00,118.09,118.1,117.98,118.0,772.35
2026-09-30 20:39:00,118.01,118.15,117.99,118.09,2448.977
2026-09-30 20:40:00,118.09,118.1,118.06,118.08,597.246
2026-09-30 20:41:00,118.08,118.11,118.02,118.1,998.082
2026-09-30 20:42:00,118.1,118.11,118.03,118.03,493.054
2026-09-30 20:43:00,118.04,118.27,118.03,118.16,5573.237
2026-09-30 20:44:00,118.16,118.16,118.08,118.11,997.496
2026-09-30 20:45:00,118.11,118.17,118.06,118.17,1091.643
2026-09-30 20:46:00,118.18,118.18,118.11,118.11,1564.34
2026-09-30 20:47:00,118.12,118.17,118.09,118.12,1720.768
2026-09-30 20:48:00,118.12,118.12,118.02,118.06,1007.227
2026-09-30 20:49:00,118.06,118.11,117.97,118.09,1134.739
2026-09-30 20:50:00,118.09,118.09,117.98,118.02,1284.51
2026-09-30 20:51:00,118.02,118.12,118.02,118.11,876.555
2026-09-30 20:52:00,118.1,118.18,118.1,118.18,803.683
2026-09-30 20:53:00,118.17,118.17,118.09,118.09,511.236
2026-09-30 20:54:00,118.09,118.09,118.02,118.02,358.631
2026-09-30 20:55:00,118.02,118.03,117.86,117.89,1359.31
2026-09-30 20:56:00,117.9,117.9,117.81,117.86,703.719
2026-09-30 20:57:00,117.87,117.94,117.86,117.93,1118.673
2026-09-30 20:58:00,117.94,118.02,117.93,118.0,1074.089
2026-09-30 20:59:00,118.01,118.06,117.98,118.05,556.108
2026-09-30 21:00:00,118.06,118.14,118.06,118.13,1258.226
2026-09-30 21:01:00,118.14,118.16,118.08,118.1,900.209
2026-09-30 21:02:00,118.09,118.16,118.02,118.15,1714.634
2026-09-30 21:03:00,118.15,118.3,118.14,118.25,1601.072
2026-09-30 21:04:00,118.25,118.25,118.23,118.24,617.428
2026-09-30 21:05:00,118.25,118.25,118.17,118.19,1180.089
2026-09-30 21:06:00,118.18,118.24,118.12,118.23,1127.305
2026-09-30 21:07:00,118.23,118.24,118.1,118.15,745.677
2026-09-30 21:08:00,118.14,118.15,118.06,118.12,408.262
2026-09-30 21:09:00,118.12,118.13,118.08,118.11,598.426
2026-09-30 21:10:00,118.12,118.22,118.1,118.1,2676.081
2026-09-30 21:11:00,118.1,118.16,118.08,118.15,693.101
2026-09-30 21:12:00,118.16,118.25,118.15,118.2,1726.634
2026-09-30 21:13:00,118.21,118.21,118.06,118.08,1101.642
2026-09-30 21:14:00,118.08,118.13,118.06,118.08,400.749
2026-09-30 21:15:00,118.08,118.08,118.0,118.0,948.106
2026-09-30 21:16:00,118.0,118.08,117.97,118.06,2496.832
2026-09-30 21:17:00,118.06,118.14,118.05,118.13,819.976
2026-09-30 21:18:00,118.13,118.19,118.12,118.13,1253.608
2026-09-30 21:19:00,118.14,118.19,118.1,118.13,1123.555
2026-09-30 21:20:00,118.14,118.16,118.09,118.15,1170.17
2026-09-30 21:21:00,118.15,118.15,118.06,118.06,1508.622
2026-09-30 21:22:00,118.06,118.08,118.04,118.08,398.942
2026-09-30 21:23:00,118.08,118.09,118.05,118.07,587.173
2026-09-30 21:24:00,118.07,118.08,117.91,117.91,1030.44
2026-09-30 21:25:00,117.9,117.96,117.87,117.88,1135.912
2026-09-30 21:26:00,117.87,118.01,117.87,118.0,623.397
2026-09-30 21:27:00,118.01,118.03,118.0,118.01,506.861
2026-09-30 21:28:00,118.02,118.03,118.01,118.02,538.794
2026-09-30 21:29:00,118.03,118.08,118.02,118.05,764.525
2026-09-30 21:30:00,118.04,118.08,118.01,118.03,1022.533
2026-09-30 21:31:00,118.02,118.03,117.95,118.01,855.042
2026-09-30 21:32:00,118.01,118.08,118.0,118.02,586.46
2026-09-30 21:33:00,118.01,118.17,118.01,118.16,1336.74
2026-09-30 21:34:00,118.17,118.17,118.15,118.16,290.793
2026-09-30 21:35:00,118.15,118.16,118.15,118.15,299.243
2026-09-30 21:36:00,118.15,118.16,118.1,118.1,1094.998
2026-09-30 21:37:00,118.1,118.11,118.05,118.06,503.569
2026-09-30 21:38:00,118.05,118.13,118.05,118.11,1106.803
2026-09-30 21:39:00,118.1,118.1,118.04,118.04,489.679
2026-09-30 21:40:00,118.04,118.09,118.01,118.08,1644.313
2026-09-30 21:41:00,118.09,118.11,118.02,118.05,1995.079
2026-09-30 21:42:00,118.04,118.14,118.04,118.13,635.445
2026-09-30 21:43:00,118.13,118.15,118.09,118.1,749.889
2026-09-30 21:44:00,118.09,118.11,118.08,118.08,332.744
2026-09-30 21:45:00,118.08,118.09,118.05,118.07,1217.839
2026-09-30 21:46:00,118.08,118.09,118.01,118.03,2045.71
2026-09-30 21:47:00,118.03,118.08,118.03,118.06,622.661
2026-09-30 21:48:00,118.06,118.08,118.02,118.04,1132.929
2026-09-30 21:49:00,118.03,118.05,117.94,117.95,3005.988
2026-09-30 21:50:00,117.95,117.97,117.91,117.93,2799.741
2026-09-30 21:51:00,117.92,117.93,117.84,117.84,3291.666
2026-09-30 21:52:00,117.85,117.89,117.83,117.88,1362.918
2026-09-30 21:53:00,117.89,117.95,117.88,117.94,524.414
2026-09-30 21:54:00,117.95,118.02,117.94,118.01,483.585
2026-09-30 21:55:00,118.02,118.02,118.01,118.01,237.666
2026-09-30 21:56:00,118.01,118.07,117.99,118.06,621.046
2026-09-30 21:57:00,118.05,118.06,118.05,118.05,227.899
2026-09-30 21:58:00,118.05,118.06,118.01,118.03,454.432
2026-09-30 21:59:00,118.03,118.05,118.01,118.04,1087.121
2026-09-30 22:00:00,118.05,118.09,118.04,118.05,821.696
2026-09-30 22:01:00,118.04,118.05,117.99,117.99,1659.059
2026-09-30 22:02:00,117.99,118.0,117.97,117.97,892.923
2026-09-30 22:03:00,117.97,117.97,117.9,117.91,1668.845
2026-09-30 22:04:00,117.91,117.91,117.84,117.87,1206.727
2026-09-30 22:05:00,117.87,117.87,117.83,117.86,1482.421
2026-09-30 22:06:00,117.87,117.87,117.64,117.72,3071.936
2026-09-30 22:07:00,117.73,117.82,117.69,117.74,2637.856
2026-09-30 22:08:00,117.74,117.79,117.74,117.75,1373.434
2026-09-30 22:09:00,117.76,117.78,117.73,117.73,1493.325
2026-09-30 22:10:00,117.73,117.8,117.68,117.77,1223.191
2026-09-30 22:11:00,117.77,117.78,117.75,117.78,646.639
2026-09-30 22:12:00,117.77,117.87,117.77,117.87,835.223
2026-09-30 22:13:00,117.88,117.91,117.86,117.9,1702.524
2026-09-30 22:14:00,117.9,117.94,117.88,117.94,813.698
2026-09-30 22:15:00,117.94,118.01,117.94,117.98,1710.27
2026-09-30 22:16:00,117.99,118.01,117.98,118.0,390.511
2026-09-30 22:17:00,118.01,118.03,118.0,118.0,503.158
2026-09-30 22:18:00,118.01,118.06,118.01,118.05,692.571
2026-09-30 22:19:00,118.06,118.07,118.05,118.06,396.623
2026-09-30 22:20:00,118.07,118.08,118.05,118.05,386.084
2026-09-30 22:21:00,118.05,118.07,118.05,118.06,529.969
2026-09-30 22:22:00,118.07,118.12,118.07,118.11,1598.221
2026-09-30 22:23:00,118.12,118.18,118.11,118.16,916.169
2026-09-30 22:24:00,118.16,118.16,118.11,118.13,688.893
2026-09-30 22:25:00,118.13,118.23,118.12,118.21,1728.282
2026-09-30 22:26:00,118.22,118.27,118.22,118.27,1149.978
2026-09-30 22:27:00,118.27,118.27,118.24,118.25,381.684
2026-09-30 22:28:00,118.25,118.3,118.25,118.3,446.756
2026-09-30 22:29:00,118.3,118.33,118.3,118.33,475.01
2026-09-30 22:30:00,118.32,118.33,118.25,118.29,716.878
2026-09-30 22:31:00,118.3,118.32,118.29,118.31,649.365
2026-09-30 22:32:00,118.31,118.34,118.31,118.33,497.004
2026-09-30 22:33:00,118.33,118.4,118.32,118.4,900.836
2026-09-30 22:34:00,118.39,118.42,118.37,118.41,924.728
2026-09-30 22:35:00,118.41,118.47,118.41,118.42,2204.306
2026-09-30 22:36:00,118.42,118.52,118.42,118.49,1498.943
2026-09-30 22:37:00,118.48,118.49,118.42,118.45,1379.107
2026-09-30 22:38:00,118.44,118.49,118.43,118.48,1749.74
2026-09-30 22:39:00,118.47,118.48,118.43,118.46,921.283
2026-09-30 22:40:00,118.47,118.54,118.47,118.54,806.957
2026-09-30 22:41:00,118.53,118.54,118.48,118.5,909.244
2026-09-30 22:42:00,118.49,118.52,118.49,118.5,777.906
2026-09-30 22:43:00,118.49,118.49,118.39,118.42,1357.567
2026-09-30 22:44:00,118.42,118.5,118.42,118.5,784.04
2026-09-30 22:45:00,118.5,118.5,118.43,118.43,552.557
2026-09-30 22:46:00,118.43,118.46,118.42,118.45,765.947
2026-09-30 22:47:00,118.44,118.45,118.38,118.39,499.04
2026-09-30 22:48:00,118.39,118.4,118.32,118.33,1794.137
2026-09-30 22:49:00,118.33,118.37,118.25,118.37,1507.731
2026-09-30 22:50:00,118.37,118.46,118.32,118.35,3070.39
2026-09-30 22:51:00,118.35,118.37,118.27,118.31,2208.332
2026-09-30 22:52:00,118.31,118.39,118.31,118.39,1142.907
2026-09-30 22:53:00,118.38,118.38,118.26,118.28,956.836
2026-09-30 22:54:00,118.29,118.35,118.28,118.28,1333.747
2026-09-30 22:55:00,118.28,118.42,118.26,118.29,2104.669
2026-09-30 22:56:00,118.3,118.33,118.27,118.29,1260.345
2026-09-30 22:57:00,118.3,118.3,118.22,118.22,1721.053
2026-09-30 22:58:00,118.21,118.22,118.17,118.18,3386.95
2026-09-30 22:59:00,118.17,118.19,118.15,118.15,648.725
2026-09-30 23:00:00,118.15,118.28,118.15,118.27,945.578
2026-09-30 23:01:00,118.27,118.39,118.27,118.32,1428.183
2026-09-30 23:02:00,118.33,118.48,118.33,118.45,2818.296
2026-09-30 23:03:00,118.45,118.57,118.38,118.49,3176.205
2026-09-30 23:04:00,118.49,118.49,118.4,118.4,411.687
2026-09-30 23:05:00,118.4,118.48,118.34,118.35,819.18
2026-09-30 23:06:00,118.35,118.44,118.34,118.35,743.66
2026-09-30 23:07:00,118.34,118.4,118.28,118.34,579.549
2026-09-30 23:08:00,118.35,118.35,118.15,118.21,1433.728
2026-09-30 23:09:00,118.21,118.27,118.19,118.25,516.48
2026-09-30 23:10:00,118.24,118.24,118.17,118.17,493.981
2026-09-30 23:11:00,118.18,118.21,118.18,118.18,585.174
2026-09-30 23:12:00,118.18,118.27,118.18,118.25,543.559
2026-09-30 23:13:00,118.26,118.37,118.26,118.35,2757.322
2026-09-30 23:14:00,118.36,118.37,118.25,118.26,2610.097
2026-09-30 23:15:00,118.27,118.3,118.21,118.22,924.359
2026-09-30 23:16:00,118.22,118.42,118.18,118.33,3600.263
2026-09-30 23:17:00,118.33,118.33,118.26,118.26,1241.694
2026-09-30 23:18:00,118.26,118.31,118.24,118.29,1629.381
2026-09-30 23:19:00,118.29,118.34,118.27,118.34,604.916
2026-09-30 23:20:00,118.33,118.33,118.27,118.28,478.415
2026-09-30 23:21:00,118.28,118.52,118.28,118.3,4019.687
2026-09-30 23:22:00,118.3,118.31,118.26,118.27,337.047
2026-09-30 23:23:00,118.26,118.31,118.26,118.3,761.237
2026-09-30 23:24:00,118.29,118.3,118.26,118.29,618.736
2026-09-30 23:25:00,118.29,118.31,118.25,118.25,275.67
2026-09-30 23:26:00,118.25,118.28,118.23,118.25,679.4
2026-09-30 23:27:00,118.24,118.26,118.22,118.25,327.695
2026-09-30 23:28:00,118.25,118.25,118.18,118.19,1107.596
2026-09-30 23:29:00,118.18,118.19,118.16,118.19,528.531
2026-09-30 23:30:00,118.18,118.22,118.16,118.22,833.034
2026-09-30 23:31:00,118.21,118.22,118.14,118.14,256.401
2026-09-30 23:32:00,118.14,118.14,118.09,118.09,539.853
2026-09-30 23:33:00,118.09,118.1,118.0,118.06,556.548
2026-09-30 23:34:00,118.06,118.16,118.05,118.16,812.386
2026-09-30 23:35:00,118.15,118.19,118.1,118.17,688.751
2026-09-30 23:36:00,118.17,118.33,118.17,118.21,834.504
2026-09-30 23:37:00,118.2,118.27,118.18,118.25,426.597
2026-09-30 23:38:00,118.25,118.25,118.2,118.21,535.271
2026-09-30 23:39:00,118.2,118.23,118.19,118.23,380.681
2026-09-30 23:40:00,118.23,118.24,118.17,118.22,650.595
2026-09-30 23:41:00,118.23,118.25,118.2,118.22,407.868
2026-09-30 23:42:00,118.21,118.21,118.16,118.17,579.444
2026-09-30 23:43:00,118.18,118.23,118.16,118.18,4432.385
2026-09-30 23:44:00,118.18,118.22,118.18,118.21,654.1
2026-09-30 23:45:00,118.21,118.22,118.16,118.16,754.696
2026-09-30 23:46:00,118.16,118.17,118.14,118.15,557.62
2026-09-30 23:47:00,118.15,118.18,118.08,118.09,672.743
2026-09-30 23:48:00,118.09,118.1,118.07,118.1,726.761
2026-09-30 23:49:00,118.1,118.14,118.1,118.11,466.91
2026-09-30 23:50:00,118.11,118.14,118.05,118.1,1425.019
2026-09-30 23:51:00,118.11,118.18,118.07,118.07,1598.294
2026-09-30 23:52:00,118.07,118.09,118.04,118.05,914.856
2026-09-30 23:53:00,118.06,118.1,118.06,118.07,1013.439
2026-09-30 23:54:00,118.07,118.08,118.05,118.06,483.405
2026-09-30 23:55:00,118.05,118.08,118.04,118.05,855.835
2026-09-30 23:56:00,118.05,118.06,118.04,118.05,554.271
2026-09-30 23:57:00,118.05,118.07,118.04,118.07,408.243
2026-09-30 23:58:00,118.07,118.1,118.05,118.1,338.514
2026-09-30 23:59:00,118.1,118.14,118.1,118.12,582.242
2026-10-01 00:00:00,118.12,118.16,118.04,118.04,1126.956
2026-10-01 00:01:00,118.05,118.06,118.0,118.02,879.848
2026-10-01 00:02:00,118.03,118.03,117.94,117.95,2689.434
2026-10-01 00:03:00,117.95,118.01,117.95,118.0,564.329
2026-10-01 00:04:00,118.0,118.01,117.97,118.0,824.888
2026-10-01 00:05:00,117.99,118.0,117.95,117.98,805.191
2026-10-01 00:06:00,117.98,118.05,117.97,118.05,528.691
2026-10-01 00:07:00,118.05,118.1,118.04,118.09,415.911
2026-10-01 00:08:00,118.09,118.12,118.04,118.04,726.632
2026-10-01 00:09:00,118.04,118.04,117.95,117.95,828.535
2026-10-01 00:10:00,117.95,117.98,117.92,117.93,1821.647
2026-10-01 00:11:00,117.93,118.03,117.92,118.02,1072.514
2026-10-01 00:12:00,118.02,118.13,118.02,118.09,1283.656
2026-10-01 00:13:00,118.1,118.14,118.09,118.11,1963.749
2026-10-01 00:14:00,118.1,118.1,118.02,118.03,547.129
2026-10-01 00:15:00,118.02,118.03,117.96,117.96,915.536
2026-10-01 00:16:00,117.96,118.04,117.9,117.91,3089.897
2026-10-01 00:17:00,117.91,117.99,117.9,117.93,2708.971
2026-10-01 00:18:00,117.92,117.99,117.9,117.95,2221.651
2026-10-01 00:19:00,117.95,117.98,117.94,117.98,301.613
2026-10-01 00:20:00,117.98,118.1,117.97,118.09,669.762
2026-10-01 00:21:00,118.1,118.13,118.07,118.11,301.9
2026-10-01 00:22:00,118.11,118.14,118.07,118.1,844.909
2026-10-01 00:23:00,118.1,118.12,118.07,118.11,665.073
2026-10-01 00:24:00,118.11,118.18,118.09,118.18,598.333
2026-10-01 00:25:00,118.18,118.23,118.17,118.22,554.584
2026-10-01 00:26:00,118.22,118.25,118.18,118.19,1272.035
2026-10-01 00:27:00,118.19,118.22,118.19,118.2,422.967
2026-10-01 00:28:00,118.19,118.21,118.17,118.18,975.306
2026-10-01 00:29:00,118.18,118.22,118.11,118.11,1062.783
2026-10-01 00:30:00,118.11,118.12,117.97,118.0,2757.795
2026-10-01 00:31:00,118.0,118.09,117.96,118.09,1141.38
2026-10-01 00:32:00,118.09,118.09,118.02,118.02,554.944
2026-10-01 00:33:00,118.02,118.02,117.98,117.99,322.673
2026-10-01 00:34:00,117.98,118.02,117.93,117.94,1214.518
2026-10-01 00:35:00,117.94,117.96,117.91,117.96,768.721
2026-10-01 00:36:00,117.95,118.03,117.94,118.03,640.022
2026-10-01 00:37:00,118.04,118.05,117.98,117.99,408.207
2026-10-01 00:38:00,117.98,118.01,117.94,118.01,574.861
2026-10-01 00:39:00,118.0,118.11,118.0,118.09,620.974
2026-10-01 00:40:00,118.1,118.13,118.07,118.13,787.188
2026-10-01 00:41:00,118.12,118.14,118.04,118.04,603.602
2026-10-01 00:42:00,118.04,118.09,118.03,118.07,447.73
2026-10-01 00:43:00,118.07,118.11,118.05,118.11,733.594
2026-10-01 00:44:00,118.11,118.16,118.1,118.13,1976.87
2026-10-01 00:45:00,118.14,118.18,118.1,118.11,469.957
2026-10-01 00:46:00,118.11,118.13,118.06,118.09,957.674
2026-10-01 00:47:00,118.1,118.1,118.03,118.04,698.125
2026-10-01 00:48:00,118.05,118.12,118.04,118.1,1828.585
2026-10-01 00:49:00,118.09,118.12,118.08,118.1,419.188
2026-10-01 00:50:00,118.1,118.14,118.03,118.04,577.221
2026-10-01 00:51:00,118.03,118.06,118.0,118.03,685.332
2026-10-01 00:52:00,118.03,118.03,118.0,118.02,376.251
2026-10-01 00:53:00,118.03,118.03,118.0,118.01,323.698
2026-10-01 00:54:00,118.0,118.02,117.96,117.96,1186.229
2026-10-01 00:55:00,117.97,118.02,117.96,118.02,563.987
2026-10-01 00:56:00,118.02,118.05,118.01,118.01,401.514
2026-10-01 00:57:00,118.01,118.01,117.99,117.99,398.673
2026-10-01 00:58:00,117.99,118.04,117.99,118.02,1155.862
2026-10-01 00:59:00,118.02,118.05,118.0,118.0,530.268
2026-10-01 01:00:00,117.99,118.04,117.99,118.02,904.33
2026-10-01 01:01:00,118.03,118.06,118.02,118.02,1139.323
2026-10-01 01:02:00,118.03,118.14,118.02,118.09,1152.108
2026-10-01 01:03:00,118.09,118.15,117.99,118.0,1668.866
2026-10-01 01:04:00,117.99,118.05,117.99,118.01,869.176
2026-10-01 01:05:00,118.0,118.05,117.97,118.05,2925.952
2026-10-01 01:06:00,118.05,118.1,118.05,118.08,1060.467
2026-10-01 01:07:00,118.07,118.11,118.04,118.04,1014.849
2026-10-01 01:08:00,118.05,118.1,117.99,118.1,2133.793
2026-10-01 01:09:00,118.09,118.11,118.04,118.04,539.564
2026-10-01 01:10:00,118.04,118.06,118.02,118.06,1425.332
2026-10-01 01:11:00,118.05,118.06,118.02,118.05,991.573
2026-10-01 01:12:00,118.05,118.08,118.01,118.08,492.644
2026-10-01 01:13:00,118.08,118.09,118.07,118.07,444.177
2026-10-01 01:14:00,118.08,118.1,118.06,118.06,778.349
2026-10-01 01:15:00,118.05,118.08,117.97,118.07,1504.344
2026-10-01 01:16:00,118.07,118.1,118.05,118.08,894.892
2026-10-01 01:17:00,118.08,118.19,118.06,118.15,967.059
2026-10-01 01:18:00,118.15,118.2,118.12,118.19,1092.931
2026-10-01 01:19:00,118.19,118.2,118.15,118.15,1065.485
2026-10-01 01:20:00,118.15,118.24,118.15,118.24,545.796
2026-10-01 01:21:00,118.25,118.29,118.16,118.19,3887.886
2026-10-01 01:22:00,118.2,118.35,118.17,118.29,5861.978
2026-10-01 01:23:00,118.29,118.34,118.28,118.32,1454.563
2026-10-01 01:24:00,118.32,118.35,118.28,118.35,867.776
2026-10-01 01:25:00,118.34,118.38,118.34,118.37,839.945
2026-10-01 01:26:00,118.37,118.44,118.36,118.44,202.31
2026-10-01 01:27:00,118.44,118.49,118.41,118.41,1175.164
2026-10-01 01:28:00,118.41,118.42,118.38,118.42,185.944
2026-10-01 01:29:00,118.42,118.43,118.4,118.41,312.132
2026-10-01 01:30:00,118.4,118.4,118.22,118.22,1070.953
2026-10-01 01:31:00,118.21,118.21,118.07,118.12,3205.608
2026-10-01 01:32:00,118.12,118.22,118.11,118.2,664.919
2026-10-01 01:33:00,118.2,118.25,118.18,118.18,599.584
2026-10-01 01:34:00,118.19,118.24,118.19,118.21,296.338
2026-10-01 01:35:00,118.21,118.22,118.1,118.12,748.82
2026-10-01 01:36:00,118.12,118.14,118.04,118.05,251.259
2026-10-01 01:37:00,118.05,118.05,118.01,118.05,205.393
2026-10-01 01:38:00,118.05,118.16,118.0,118.16,789.55
2026-10-01 01:39:00,118.16,118.16,118.11,118.16,357.949
2026-10-01 01:40:00,118.15,118.22,118.15,118.22,178.564
2026-10-01 01:41:00,118.23,118.23,118.16,118.17,744.43
2026-10-01 01:42:00,118.16,118.27,118.16,118.26,169.314
2026-10-01 01:43:00,118.26,118.29,118.26,118.26,259.976
2026-10-01 01:44:00,118.26,118.26,118.21,118.25,2348.837
2026-10-01 01:45:00,118.26,118.3,118.18,118.18,277.686
2026-10-01 01:46:00,118.18,118.18,118.15,118.16,634.937
2026-10-01 01:47:00,118.16,118.2,118.14,118.18,1131.587
2026-10-01 01:48:00,118.19,118.2,118.18,118.19,776.018
2026-10-01 01:49:00,118.19,118.23,118.12,118.15,619.765
2026-10-01 01:50:00,118.14,118.29,118.14,118.29,1047.671
2026-10-01 01:51:00,118.3,118.37,118.27,118.36,812.937
2026-10-01 01:52:00,118.37,118.37,118.16,118.16,1643.57
2026-10-01 01:53:00,118.16,118.19,118.11,118.18,609.862
2026-10-01 01:54:00,118.18,118.22,118.15,118.19,263.101
2026-10-01 01:55:00,118.2,118.23,118.15,118.22,430.676
2026-10-01 01:56:00,118.23,118.29,118.23,118.23,600.569
2026-10-01 01:57:00,118.23,118.23,118.16,118.17,277.396
2026-10-01 01:58:00,118.16,118.17,118.15,118.16,126.867
2026-10-01 01:59:00,118.15,118.16,118.11,118.12,231.169
2026-10-01 02:00:00,118.12,118.28,118.11,118.25,1101.244
2026-10-01 02:01:00,118.24,118.25,118.17,118.17,591.778
2026-10-01 02:02:00,118.16,118.16,118.11,118.13,825.831
2026-10-01 02:03:00,118.14,118.17,118.13,118.14,392.591
2026-10-01 02:04:00,118.13,118.2,118.06,118.2,781.262
2026-10-01 02:05:00,118.2,118.28,118.18,118.21,1014.879
2026-10-01 02:06:00,118.2,118.28,118.18,118.21,427.414
2026-10-01 02:07:00,118.21,118.21,118.09,118.16,709.506
2026-10-01 02:08:00,118.16,118.35,118.16,118.31,693.893
2026-10-01 02:09:00,118.3,118.35,118.25,118.29,1063.252
2026-10-01 02:10:00,118.29,118.33,118.27,118.31,350.229
2026-10-01 02:11:00,118.31,118.37,118.3,118.37,172.532
2026-10-01 02:12:00,118.37,118.4,118.3,118.31,349.352
2026-10-01 02:13:00,118.31,118.36,118.29,118.29,331.06
2026-10-01 02:14:00,118.29,118.29,118.23,118.23,435.385
2026-10-01 02:15:00,118.24,118.24,118.18,118.2,478.585
2026-10-01 02:16:00,118.21,118.26,118.19,118.23,261.198
2026-10-01 02:17:00,118.23,118.25,118.18,118.21,672.411
2026-10-01 02:18:00,118.21,118.21,118.09,118.09,442.012
2026-10-01 02:19:00,118.1,118.14,118.08,118.13,283.297
2026-10-01 02:20:00,118.13,118.13,118.01,118.08,1180.163
2026-10-01 02:21:00,118.08,118.08,117.98,117.98,1111.439
2026-10-01 02:22:00,117.98,118.18,117.98,118.04,1568.965
2026-10-01 02:23:00,118.04,118.14,118.03,118.1,618.903
2026-10-01 02:24:00,118.09,118.15,118.04,118.04,382.879
2026-10-01 02:25:00,118.05,118.05,117.91,117.91,1129.654
2026-10-01 02:26:00,117.92,117.92,117.86,117.87,1214.03
2026-10-01 02:27:00,117.86,117.9,117.77,117.84,2987.513
2026-10-01 02:28:00,117.83,117.98,117.83,117.98,512.257
2026-10-01 02:29:00,117.98,118.12,117.98,118.12,522.828
2026-10-01 02:30:00,118.11,118.3,118.11,118.23,1678.699
2026-10-01 02:31:00,118.22,118.22,118.14,118.21,923.533
2026-10-01 02:32:00,118.21,118.27,118.15,118.26,470.944
2026-10-01 02:33:00,118.25,118.28,118.19,118.2,1698.149
2026-10-01 02:34:00,118.19,118.22,118.15,118.18,419.942
2026-10-01 02:35:00,118.19,118.25,118.14,118.14,338.4
2026-10-01 02:36:00,118.14,118.14,118.02,118.09,1146.393
2026-10-01 02:37:00,118.09,118.1,118.01,118.02,505.633
2026-10-01 02:38:00,118.02,118.02,117.96,118.0,755.326
2026-10-01 02:39:00,117.99,118.02,117.96,117.99,700.588
2026-10-01 02:40:00,117.99,118.04,117.97,118.01,1616.172
2026-10-01 02:41:00,118.01,118.05,118.0,118.01,410.991
2026-10-01 02:42:00,118.01,118.1,118.0,118.04,512.436
2026-10-01 02:43:00,118.04,118.09,118.03,118.06,262.778
2026-10-01 02:44:00,118.05,118.06,118.02,118.02,439.42
2026-10-01 02:45:00,118.01,118.01,117.92,117.98,1627.52
2026-10-01 02:46:00,117.98,118.01,117.98,117.99,501.923
2026-10-01 02:47:00,118.0,118.01,117.98,117.99,383.108
2026-10-01 02:48:00,117.98,118.01,117.96,117.96,554.434
2026-10-01 02:49:00,117.97,118.03,117.96,118.03,846.22
2026-10-01 02:50:00,118.02,118.04,117.99,118.03,320.257
2026-10-01 02:51:00,118.02,118.04,117.96,118.01,583.425
2026-10-01 02:52:00,118.02,118.06,118.01,118.06,609.647
2026-10-01 02:53:00,118.05,118.13,118.05,118.12,549.484
2026-10-01 02:54:00,118.13,118.19,118.13,118.17,402.669
2026-10-01 02:55:00,118.17,118.2,118.16,118.16,627.698
2026-10-01 02:56:00,118.17,118.25,118.16,118.25,563.747
2026-10-01 02:57:00,118.25,118.27,118.22,118.25,416.94
2026-10-01 02:58:00,118.25,118.25,118.17,118.19,864.613
2026-10-01 02:59:00,118.2,118.24,118.18,118.2,1631.891
2026-10-01 03:00:00,118.2,118.3,118.19,118.3,698.457
2026-10-01 03:01:00,118.3,118.32,118.28,118.3,764.799
2026-10-01 03:02:00,118.31,118.34,118.24,118.24,1041.823
2026-10-01 03:03:00,118.25,118.26,118.14,118.15,584.895
2026-10-01 03:04:00,118.14,118.14,118.04,118.05,1040.898
2026-10-01 03:05:00,118.05,118.08,118.03,118.04,516.394
2026-10-01 03:06:00,118.03,118.03,117.97,117.98,1035.177
2026-10-01 03:07:00,117.98,118.09,117.97,118.06,2916.943
2026-10-01 03:08:00,118.05,118.07,118.03,118.06,584.444
2026-10-01 03:09:00,118.05,118.08,118.03,118.04,677.381
2026-10-01 03:10:00,118.05,118.1,118.05,118.09,508.662
2026-10-01 03:11:00,118.1,118.16,118.09,118.13,510.626
2026-10-01 03:12:00,118.13,118.14,118.12,118.12,360.849
2026-10-01 03:13:00,118.13,118.13,118.05,118.08,578.486
2026-10-01 03:14:00,118.08,118.1,118.07,118.07,782.029
2026-10-01 03:15:00,118.07,118.12,118.06,118.12,543.656
2026-10-01 03:16:00,118.12,118.18,118.1,118.17,908.932
2026-10-01 03:17:00,118.17,118.2,118.14,118.14,740.894
2026-10-01 03:18:00,118.13,118.13,118.06,118.07,1273.759
2026-10-01 03:19:00,118.07,118.1,118.06,118.09,389.428
2026-10-01 03:20:00,118.09,118.09,118.01,118.01,749.237
2026-10-01 03:21:00,118.01,118.01,117.96,117.97,1364.66
2026-10-01 03:22:00,117.96,118.01,117.96,117.99,457.186
2026-10-01 03:23:00,118.0,118.06,117.99,118.05,599.086
2026-10-01 03:24:00,118.05,118.05,118.0,118.01,349.43
2026-10-01 03:25:00,118.01,118.02,117.96,118.02,623.403
2026-10-01 03:26:00,118.02,118.1,118.01,118.09,489.651
2026-10-01 03:27:00,118.09,118.14,118.03,118.05,963.171
2026-10-01 03:28:00,118.05,118.07,118.02,118.02,462.7
2026-10-01 03:29:00,118.03,118.11,118.03,118.09,811.228
2026-10-01 03:30:00,118.08,118.08,118.01,118.01,525.6
2026-10-01 03:31:00,118.01,118.02,117.95,117.96,938.532
2026-10-01 03:32:00,117.96,118.07,117.95,118.07,779.954
2026-10-01 03:33:00,118.07,118.17,118.06,118.15,616.452
2026-10-01 03:34:00,118.16,118.17,118.11,118.12,485.139
2026-10-01 03:35:00,118.12,118.16,118.09,118.1,731.993
2026-10-01 03:36:00,118.1,118.18,118.09,118.18,915.873
2026-10-01 03:37:00,118.18,118.26,118.18,118.19,924.257
2026-10-01 03:38:00,118.19,118.21,118.14,118.19,1165.492
2026-10-01 03:39:00,118.18,118.28,118.18,118.27,917.537
2026-10-01 03:40:00,118.28,118.28,118.22,118.23,1144.636
2026-10-01 03:41:00,118.23,118.3,118.23,118.3,453.615
2026-10-01 03:42:00,118.29,118.41,118.29,118.41,846.197
2026-10-01 03:43:00,118.41,118.45,118.4,118.42,1365.102
2026-10-01 03:44:00,118.43,118.47,118.37,118.4,2527.469
2026-10-01 03:45:00,118.4,118.43,118.28,118.29,601.037
2026-10-01 03:46:00,118.28,118.37,118.27,118.31,769.699
2026-10-01 03:47:00,118.32,118.32,118.24,118.25,850.552
2026-10-01 03:48:00,118.24,118.28,118.23,118.25,667.769
2026-10-01 03:49:00,118.25,118.31,118.24,118.27,1382.336
2026-10-01 03:50:00,118.27,118.58,118.25,118.55,9446.405
2026-10-01 03:51:00,118.54,118.6,118.49,118.52,1471.034
2026-10-01 03:52:00,118.52,118.57,118.49,118.5,758.461
2026-10-01 03:53:00,118.51,118.53,118.49,118.49,669.601
2026-10-01 03:54:00,118.5,118.55,118.44,118.54,949.65
2026-10-01 03:55:00,118.54,118.57,118.46,118.5,1121.793
2026-10-01 03:56:00,118.51,118.58,118.5,118.58,768.465
2026-10-01 03:57:00,118.57,118.6,118.55,118.58,442.97
2026-10-01 03:58:00,118.59,118.65,118.58,118.64,1167.334
2026-10-01 03:59:00,118.63,118.73,118.62,118.7,1273.145
2026-10-01 04:00:00,118.7,118.71,118.66,118.7,816.898
2026-10-01 04:01:00,118.7,118.75,118.69,118.73,1502.43
2026-10-01 04:02:00,118.73,118.79,118.71,118.78,1042.026
2026-10-01 04:03:00,118.77,118.82,118.73,118.73,851.618
2026-10-01 04:04:00,118.73,118.76,118.71,118.75,729.486
2026-10-01 04:05:00,118.76,118.77,118.63,118.66,1748.044
2026-10-01 04:06:00,118.66,118.7,118.63,118.64,1154.905
2026-10-01 04:07:00,118.63,118.66,118.62,118.63,1144.792
2026-10-01 04:08:00,118.62,118.62,118.58,118.58,763.209
2026-10-01 04:09:00,118.59,118.7,118.58,118.7,2820.043
2026-10-01 04:10:00,118.7,118.72,118.61,118.63,1784.768
2026-10-01 04:11:00,118.64,118.75,118.63,118.63,2815.062
2026-10-01 04:12:00,118.63,118.66,118.61,118.62,663.899
2026-10-01 04:13:00,118.62,118.66,118.62,118.64,519.989
2026-10-01 04:14:00,118.64,118.67,118.63,118.64,515.011
2026-10-01 04:15:00,118.65,118.65,118.59,118.6,535.404
2026-10-01 04:16:00,118.6,118.67,118.59,118.59,1034.446
2026-10-01 04:17:00,118.59,118.6,118.48,118.51,1780.044
2026-10-01 04:18:00,118.5,118.53,118.44,118.45,942.743
2026-10-01 04:19:00,118.45,118.5,118.45,118.46,1380.132
2026-10-01 04:20:00,118.45,118.46,118.36,118.4,1577.699
2026-10-01 04:21:00,118.41,118.42,118.38,118.42,1114.337
2026-10-01 04:22:00,118.41,118.46,118.39,118.46,730.071
2026-10-01 04:23:00,118.46,118.49,118.45,118.49,353.959
2026-10-01 04:24:00,118.49,118.53,118.45,118.53,1460.357
2026-10-01 04:25:00,118.52,118.53,118.47,118.48,409.013
2026-10-01 04:26:00,118.47,118.52,118.47,118.52,573.104
2026-10-01 04:27:00,118.52,118.56,118.5,118.55,638.287
2026-10-01 04:28:00,118.56,118.58,118.53,118.55,804.096
2026-10-01 04:29:00,118.54,118.55,118.51,118.55,333.331
2026-10-01 04:30:00,118.54,118.65,118.54,118.62,1643.487
2026-10-01 04:31:00,118.62,118.62,118.55,118.57,537.446
2026-10-01 04:32:00,118.56,118.56,118.52,118.52,860.466
2026-10-01 04:33:00,118.52,118.52,118.45,118.49,870.102
2026-10-01 04:34:00,118.49,118.55,118.49,118.53,580.472
2026-10-01 04:35:00,118.53,118.56,118.47,118.51,347.413
2026-10-01 04:36:00,118.51,118.61,118.51,118.61,885.738
2026-10-01 04:37:00,118.61,118.66,118.59,118.59,2074.147
2026-10-01 04:38:00,118.6,118.62,118.59,118.59,441.105
2026-10-01 04:39:00,118.6,118.62,118.56,118.59,823.549
2026-10-01 04:40:00,118.58,118.72,118.56,118.63,3413.919
2026-10-01 04:41:00,118.63,118.71,118.63,118.68,869.624
2026-10-01 04:42:00,118.68,118.7,118.66,118.69,689.557
2026-10-01 04:43:00,118.69,118.72,118.69,118.7,557.819
2026-10-01 04:44:00,118.69,118.74,118.69,118.74,273.536
2026-10-01 04:45:00,118.73,118.73,118.69,118.72,1721.356
2026-10-01 04:46:00,118.71,119.15,118.71,119.12,6352.719
2026-10-01 04:47:00,119.11,119.2,118.96,118.97,3701.099
2026-10-01 04:48:00,118.97,119.09,118.97,119.09,1545.348
2026-10-01 04:49:00,119.08,119.17,119.05,119.15,1115.984
2026-10-01 04:50:00,119.15,119.25,119.15,119.24,3752.785
2026-10-01 04:51:00,119.24,119.32,119.22,119.29,2087.46
2026-10-01 04:52:00,119.28,119.42,119.28,119.38,2551.982
2026-10-01 04:53:00,119.37,119.37,119.08,119.09,2060.855
2026-10-01 04:54:00,119.09,119.17,119.09,119.15,746.327
2026-10-01 04:55:00,119.15,119.21,118.97,118.99,2955.619
2026-10-01 04:56:00,119.0,119.01,118.93,118.94,1051.62
2026-10-01 04:57:00,118.94,118.98,118.91,118.98,583.146
2026-10-01 04:58:00,118.98,119.0,118.92,118.99,700.743
2026-10-01 04:59:00,119.0,119.12,118.99,119.12,887.475
2026-10-01 05:00:00,119.11,119.15,119.04,119.11,1649.053
2026-10-01 05:01:00,119.12,119.16,119.01,119.01,522.295
2026-10-01 05:02:00,119.02,119.07,118.96,119.07,1256.603
2026-10-01 05:03:00,119.07,119.18,119.07,119.16,801.533
2026-10-01 05:04:00,119.16,119.25,119.16,119.25,723.894
2026-10-01 05:05:00,119.26,119.32,119.17,119.22,1915.221
2026-10-01 05:06:00,119.22,119.31,119.16,119.27,679.76
2026-10-01 05:07:00,119.27,119.27,119.11,119.13,2449.925
2026-10-01 05:08:00,119.14,119.2,119.13,119.19,239.456
2026-10-01 05:09:00,119.19,119.22,119.16,119.21,1004.471
2026-10-01 05:10:00,119.21,119.23,119.16,119.23,435.824
2026-10-01 05:11:00,119.23,119.29,119.21,119.24,980.003
2026-10-01 05:12:00,119.24,119.26,119.21,119.22,369.718
2026-10-01 05:13:00,119.21,119.23,119.19,119.19,585.77
2026-10-01 05:14:00,119.19,119.25,119.17,119.22,321.99
2026-10-01 05:15:00,119.22,119.26,119.21,119.24,332.856
2026-10-01 05:16:00,119.24,119.25,119.22,119.22,227.112
2026-10-01 05:17:00,119.21,119.24,119.21,119.21,402.615
2026-10-01 05:18:00,119.22,119.23,119.2,119.2,372.113
2026-10-01 05:19:00,119.2,119.24,119.12,119.24,1633.313
2026-10-01 05:20:00,119.23,119.25,119.23,119.24,254.328
2026-10-01 05:21:00,119.25,119.31,119.23,119.3,790.365
2026-10-01 05:22:00,119.3,119.34,119.29,119.31,637.696
2026-10-01 05:23:00,119.31,119.31,119.2,119.21,665.12
2026-10-01 05:24:00,119.21,119.22,119.16,119.17,706.778
2026-10-01 05:25:00,119.17,119.2,119.16,119.18,897.068
2026-10-01 05:26:00,119.18,119.19,119.15,119.19,414.603
2026-10-01 05:27:00,119.19,119.19,119.12,119.14,650.178
2026-10-01 05:28:00,119.14,119.21,119.14,119.21,446.989
2026-10-01 05:29:00,119.21,119.23,119.18,119.23,314.813
2026-10-01 05:30:00,119.23,119.28,119.22,119.25,617.578
2026-10-01 05:31:00,119.25,119.29,119.23,119.27,569.142
2026-10-01 05:32:00,119.27,119.33,119.27,119.33,979.394
2026-10-01 05:33:00,119.32,119.36,119.3,119.36,704.645
2026-10-01 05:34:00,119.35,119.48,119.35,119.48,2702.135
2026-10-01 05:35:00,119.47,119.49,119.45,119.49,839.726
2026-10-01 05:36:00,119.49,119.52,119.46,119.49,3369.645
2026-10-01 05:37:00,119.49,119.53,119.44,119.51,1251.864
2026-10-01 05:38:00,119.51,119.52,119.47,119.5,296.55
2026-10-01 05:39:00,119.5,119.54,119.45,119.45,1414.718
2026-10-01 05:40:00,119.46,119.51,119.46,119.51,569.739
2026-10-01 05:41:00,119.51,119.51,119.44,119.44,1140.302
2026-10-01 05:42:00,119.43,119.44,119.39,119.41,237.708
2026-10-01 05:43:00,119.41,119.43,119.37,119.39,1295.247
2026-10-01 05:44:00,119.38,119.38,119.31,119.33,1215.239
2026-10-01 05:45:00,119.33,119.35,119.3,119.3,383.773
2026-10-01 05:46:00,119.31,119.33,119.28,119.33,562.004
2026-10-01 05:47:00,119.33,119.37,119.31,119.36,601.105
2026-10-01 05:48:00,119.35,119.4,119.35,119.4,675.875
2026-10-01 05:49:00,119.39,119.52,119.39,119.52,547.844
2026-10-01 05:50:00,119.51,119.57,119.46,119.46,1868.131
2026-10-01 05:51:00,119.47,119.48,119.44,119.47,881.241
2026-10-01 05:52:00,119.48,119.49,119.41,119.43,783.755
2026-10-01 05:53:00,119.43,119.53,119.42,119.52,5599.571
2026-10-01 05:54:00,119.52,119.56,119.47,119.47,802.364
2026-10-01 05:55:00,119.47,119.49,119.4,119.4,676.084
2026-10-01 05:56:00,119.4,119.43,119.38,119.38,465.47
2026-10-01 05:57:00,119.39,119.39,119.35,119.37,674.555
2026-10-01 05:58:00,119.38,119.38,119.35,119.36,118.262
2026-10-01 05:59:00,119.36,119.44,119.34,119.42,1105.814
2026-10-01 06:00:00,119.42,119.43,119.36,119.38,1337.751
2026-10-01 06:01:00,119.39,119.41,119.33,119.34,824.581
2026-10-01 06:02:00,119.33,119.42,119.33,119.42,859.323
2026-10-01 06:03:00,119.42,119.43,119.38,119.4,601.319
2026-10-01 06:04:00,119.4,119.44,119.36,119.44,1344.735
2026-10-01 06:05:00,119.44,119.48,119.43,119.44,800.479
2026-10-01 06:06:00,119.44,119.49,119.44,119.46,1550.207
2026-10-01 06:07:00,119.46,119.46,119.41,119.46,374.367
2026-10-01 06:08:00,119.46,119.47,119.42,119.43,758.202
2026-10-01 06:09:00,119.43,119.48,119.43,119.47,702.251
2026-10-01 06:10:00,119.47,119.48,119.42,119.47,1318.767
2026-10-01 06:11:00,119.46,119.54,119.46,119.54,976.046
2026-10-01 06:12:00,119.54,119.61,119.54,119.61,1928.517
2026-10-01 06:13:00,119.61,119.62,119.58,119.59,455.504
2026-10-01 06:14:00,119.58,119.6,119.5,119.52,754.953
2026-10-01 06:15:00,119.51,119.52,119.46,119.46,542.219
2026-10-01 06:16:00,119.45,119.48,119.43,119.47,2009.831
2026-10-01 06:17:00,119.47,119.62,119.47,119.52,1084.64
2026-10-01 06:18:00,119.52,119.55,119.49,119.5,864.985
2026-10-01 06:19:00,119.5,119.5,119.42,119.44,317.577
2026-10-01 06:20:00,119.44,119.45,119.37,119.39,854.674
2026-10-01 06:21:00,119.39,119.42,119.39,119.42,198.623
2026-10-01 06:22:00,119.41,119.53,119.41,119.53,868.478
2026-10-01 06:23:00,119.53,119.54,119.44,119.5,292.762
2026-10-01 06:24:00,119.5,119.58,119.5,119.57,1282.511
2026-10-01 06:25:00,119.57,119.59,119.46,119.56,1451.38
2026-10-01 06:26:00,119.57,119.62,119.53,119.53,594.824
2026-10-01 06:27:00,119.53,119.58,119.52,119.58,436.916
2026-10-01 06:28:00,119.57,119.6,119.55,119.59,317.271
2026-10-01 06:29:00,119.6,119.6,119.54,119.59,567.284
2026-10-01 06:30:00,119.58,119.63,119.57,119.58,658.787
2026-10-01 06:31:00,119.58,119.59,119.48,119.49,615.382
2026-10-01 06:32:00,119.48,119.5,119.25,119.25,2070.603
2026-10-01 06:33:00,119.25,119.34,119.19,119.28,2616.488
2026-10-01 06:34:00,119.28,119.33,119.25,119.28,1006.641
2026-10-01 06:35:00,119.28,119.49,119.27,119.39,2194.204
2026-10-01 06:36:00,119.4,119.4,119.34,119.36,314.044
