abertura,open,high,low,close,volume
2026-09-24 07:57:00,1.5066,1.5071,1.5054,1.5055,52466.2
2026-09-24 07:58:00,1.5055,1.5067,1.5053,1.5058,66384.6
2026-09-24 07:59:00,1.5058,1.5069,1.5057,1.5065,53671.9
2026-09-24 08:00:00,1.5066,1.5072,1.5053,1.5053,105512.0
2026-09-24 08:01:00,1.5054,1.5085,1.5051,1.5081,95937.9
2026-09-24 08:02:00,1.5081,1.5081,1.5057,1.5057,15702.1
2026-09-24 08:03:00,1.5056,1.5064,1.505,1.5053,45844.1
2026-09-24 08:04:00,1.5052,1.5054,1.5042,1.5052,49381.8
2026-09-24 08:05:00,1.5052,1.5058,1.5039,1.5049,141829.9
2026-09-24 08:06:00,1.5049,1.5049,1.5037,1.5044,78342.4
2026-09-24 08:07:00,1.5044,1.5054,1.5037,1.5048,84766.1
2026-09-24 08:08:00,1.5049,1.5074,1.5043,1.5043,119043.8
2026-09-24 08:09:00,1.5043,1.5052,1.5028,1.5045,146230.1
2026-09-24 08:10:00,1.5045,1.5046,1.5028,1.5029,107582.7
2026-09-24 08:11:00,1.5029,1.5029,1.5007,1.5008,144253.1
2026-09-24 08:12:00,1.5009,1.5018,1.5009,1.501,29810.3
2026-09-24 08:13:00,1.5009,1.5009,1.5,1.5001,99051.4
2026-09-24 08:14:00,1.5,1.5009,1.5,1.5006,78636.4
2026-09-24 08:15:00,1.5005,1.5007,1.4997,1.4997,53230.4
2026-09-24 08:16:00,1.4997,1.5016,1.4988,1.5013,82226.9
2026-09-24 08:17:00,1.5013,1.5033,1.5011,1.5018,182300.9
2026-09-24 08:18:00,1.5017,1.5017,1.4995,1.5003,94673.8
2026-09-24 08:19:00,1.5004,1.5013,1.4992,1.4992,67373.0
2026-09-24 08:20:00,1.4993,1.4995,1.4977,1.4977,70320.8
2026-09-24 08:21:00,1.4977,1.498,1.4957,1.4957,132094.6
2026-09-24 08:22:00,1.4957,1.4967,1.4951,1.4959,99021.2
2026-09-24 08:23:00,1.496,1.4972,1.4946,1.4947,114670.5
2026-09-24 08:24:00,1.4947,1.4956,1.4935,1.495,147736.4
2026-09-24 08:25:00,1.4949,1.496,1.4943,1.4944,70583.2
2026-09-24 08:26:00,1.4942,1.4942,1.49,1.4912,378567.9
2026-09-24 08:27:00,1.4912,1.492,1.4898,1.4917,176182.2
2026-09-24 08:28:00,1.4917,1.4917,1.4894,1.4895,97676.0
2026-09-24 08:29:00,1.4894,1.4894,1.4866,1.4871,359429.9
2026-09-24 08:30:00,1.487,1.4902,1.484,1.4897,364038.8
2026-09-24 08:31:00,1.4897,1.4922,1.4893,1.4918,190198.8
2026-09-24 08:32:00,1.4919,1.4928,1.4903,1.4925,149673.2
2026-09-24 08:33:00,1.4926,1.4932,1.4908,1.492,83807.7
2026-09-24 08:34:00,1.4919,1.4919,1.487,1.4875,143366.4
2026-09-24 08:35:00,1.4876,1.4891,1.4834,1.4886,326334.8
2026-09-24 08:36:00,1.4886,1.4903,1.4874,1.4893,225763.2
2026-09-24 08:37:00,1.4894,1.4906,1.489,1.4902,42991.7
2026-09-24 08:38:00,1.4901,1.4909,1.4895,1.4898,109403.8
2026-09-24 08:39:00,1.4897,1.4906,1.4894,1.49,73868.6
2026-09-24 08:40:00,1.49,1.4907,1.4895,1.4896,23596.1
2026-09-24 08:41:00,1.4895,1.4897,1.4878,1.4878,66779.4
2026-09-24 08:42:00,1.4879,1.4879,1.4857,1.4857,95858.3
2026-09-24 08:43:00,1.4857,1.4865,1.4847,1.4856,104240.7
2026-09-24 08:44:00,1.4856,1.4857,1.4839,1.4843,107586.4
2026-09-24 08:45:00,1.4843,1.4852,1.4831,1.4832,178165.7
2026-09-24 08:46:00,1.4833,1.4846,1.4819,1.4842,279253.4
2026-09-24 08:47:00,1.484,1.484,1.479,1.4819,707571.6
2026-09-24 08:48:00,1.482,1.4821,1.4804,1.481,78795.2
2026-09-24 08:49:00,1.481,1.481,1.4726,1.4737,1102785.3
2026-09-24 08:50:00,1.4738,1.4807,1.4738,1.4761,466000.1
2026-09-24 08:51:00,1.4762,1.4795,1.4762,1.4794,172262.9
2026-09-24 08:52:00,1.4795,1.4806,1.4791,1.4795,138738.8
2026-09-24 08:53:00,1.4794,1.4797,1.4779,1.4791,118373.9
2026-09-24 08:54:00,1.4791,1.4802,1.4782,1.4797,94773.3
2026-09-24 08:55:00,1.4797,1.4803,1.4784,1.4799,83606.7
2026-09-24 08:56:00,1.48,1.4814,1.48,1.4814,330686.7
2026-09-24 08:57:00,1.4813,1.482,1.4813,1.4814,195702.9
2026-09-24 08:58:00,1.4814,1.4828,1.4814,1.4823,143584.3
2026-09-24 08:59:00,1.4823,1.4839,1.4823,1.4839,88628.0
2026-09-24 09:00:00,1.4839,1.4864,1.4838,1.4852,313972.2
2026-09-24 09:01:00,1.4852,1.4854,1.4833,1.4835,136371.1
2026-09-24 09:02:00,1.4836,1.4843,1.48,1.4801,500588.9
2026-09-24 09:03:00,1.4801,1.4812,1.478,1.4788,186586.8
2026-09-24 09:04:00,1.4789,1.4801,1.4761,1.4761,265022.3
2026-09-24 09:05:00,1.4761,1.4782,1.4739,1.4767,276236.6
2026-09-24 09:06:00,1.4767,1.4767,1.4738,1.4745,89370.1
2026-09-24 09:07:00,1.4745,1.4773,1.4745,1.4748,279769.3
2026-09-24 09:08:00,1.4747,1.4765,1.4729,1.4752,215753.2
2026-09-24 09:09:00,1.4753,1.4768,1.4753,1.4761,47934.6
2026-09-24 09:10:00,1.4761,1.4773,1.4753,1.4765,82078.9
2026-09-24 09:11:00,1.4767,1.4775,1.4734,1.4744,251614.1
2026-09-24 09:12:00,1.4745,1.4748,1.4712,1.4736,215576.1
2026-09-24 09:13:00,1.4736,1.4755,1.473,1.4738,72592.2
2026-09-24 09:14:00,1.4738,1.4739,1.4668,1.4692,748298.2
2026-09-24 09:15:00,1.4693,1.47,1.468,1.4681,231439.3
2026-09-24 09:16:00,1.468,1.4681,1.4664,1.4675,338397.9
2026-09-24 09:17:00,1.4676,1.4695,1.4669,1.4675,169340.4
2026-09-24 09:18:00,1.4675,1.4677,1.4653,1.4674,287562.4
2026-09-24 09:19:00,1.4673,1.4696,1.4643,1.4694,204710.6
2026-09-24 09:20:00,1.4693,1.4694,1.4681,1.4693,104432.3
2026-09-24 09:21:00,1.4693,1.4696,1.4676,1.4685,125258.9
2026-09-24 09:22:00,1.4685,1.4685,1.4652,1.4661,93038.0
2026-09-24 09:23:00,1.4662,1.4666,1.4649,1.4662,159316.6
2026-09-24 09:24:00,1.4662,1.4676,1.4654,1.4676,223573.1
2026-09-24 09:25:00,1.4677,1.4682,1.4627,1.4654,268978.4
2026-09-24 09:26:00,1.4654,1.4658,1.4634,1.4655,156522.0
2026-09-24 09:27:00,1.4656,1.4676,1.4647,1.4676,70172.2
2026-09-24 09:28:00,1.4675,1.4676,1.464,1.4649,246765.7
2026-09-24 09:29:00,1.4649,1.4655,1.4644,1.4654,66113.9
2026-09-24 09:30:00,1.4654,1.4655,1.4618,1.4625,137073.0
2026-09-24 09:31:00,1.4626,1.4633,1.4591,1.4608,576877.7
2026-09-24 09:32:00,1.4607,1.4607,1.4577,1.4588,311081.7
2026-09-24 09:33:00,1.4588,1.4595,1.4553,1.4567,649676.7
2026-09-24 09:34:00,1.4567,1.4586,1.4548,1.4563,566049.6
2026-09-24 09:35:00,1.4563,1.4617,1.4547,1.4617,418911.7
2026-09-24 09:36:00,1.4616,1.464,1.4602,1.4631,177573.4
2026-09-24 09:37:00,1.463,1.4653,1.4625,1.4638,163194.5
2026-09-24 09:38:00,1.4637,1.4637,1.4593,1.4606,155356.5
2026-09-24 09:39:00,1.4605,1.4615,1.459,1.4593,161959.4
2026-09-24 09:40:00,1.4593,1.4619,1.4592,1.4612,110352.2
2026-09-24 09:41:00,1.4611,1.4616,1.4597,1.4607,85761.6
2026-09-24 09:42:00,1.4607,1.4616,1.4606,1.461,81989.3
2026-09-24 09:43:00,1.461,1.461,1.4571,1.4583,356432.0
2026-09-24 09:44:00,1.4582,1.4582,1.4564,1.457,102809.1
2026-09-24 09:45:00,1.4571,1.4603,1.4565,1.4566,132461.0
2026-09-24 09:46:00,1.4567,1.4586,1.4551,1.4586,215677.4
2026-09-24 09:47:00,1.4586,1.4589,1.4564,1.458,105632.4
2026-09-24 09:48:00,1.4579,1.4584,1.456,1.4575,113515.3
2026-09-24 09:49:00,1.4574,1.4589,1.4566,1.4582,77361.3
2026-09-24 09:50:00,1.4581,1.46,1.4579,1.4596,381179.7
2026-09-24 09:51:00,1.4596,1.4605,1.4573,1.4587,229588.0
2026-09-24 09:52:00,1.4587,1.4617,1.4587,1.4611,204989.5
2026-09-24 09:53:00,1.4611,1.4614,1.458,1.4593,204020.8
2026-09-24 09:54:00,1.4593,1.4594,1.4575,1.459,132172.9
2026-09-24 09:55:00,1.459,1.4603,1.4589,1.4594,118173.2
2026-09-24 09:56:00,1.4594,1.4594,1.4579,1.4581,177661.0
2026-09-24 09:57:00,1.4581,1.4582,1.4573,1.4577,79398.4
2026-09-24 09:58:00,1.4577,1.4587,1.4572,1.458,120997.4
2026-09-24 09:59:00,1.458,1.4583,1.4576,1.4582,38631.4
2026-09-24 10:00:00,1.4581,1.4607,1.4575,1.4603,114260.8
2026-09-24 10:01:00,1.4603,1.4613,1.4598,1.4605,104804.7
2026-09-24 10:02:00,1.4604,1.4607,1.4587,1.4596,197978.8
2026-09-24 10:03:00,1.4596,1.4614,1.4596,1.4609,53492.2
2026-09-24 10:04:00,1.4608,1.461,1.4591,1.4593,73736.8
2026-09-24 10:05:00,1.4594,1.4596,1.4585,1.4594,85791.0
2026-09-24 10:06:00,1.4594,1.4597,1.4577,1.458,69800.6
2026-09-24 10:07:00,1.458,1.4586,1.456,1.4583,131876.3
2026-09-24 10:08:00,1.4584,1.4589,1.4572,1.4576,81253.2
2026-09-24 10:09:00,1.4576,1.4584,1.4564,1.4572,54799.8
2026-09-24 10:10:00,1.4571,1.4587,1.4559,1.4576,127320.7
2026-09-24 10:11:00,1.4575,1.4594,1.4575,1.4588,115589.2
2026-09-24 10:12:00,1.4589,1.459,1.4562,1.4564,76788.1
2026-09-24 10:13:00,1.4565,1.457,1.4539,1.4549,354872.4
2026-09-24 10:14:00,1.455,1.4597,1.4549,1.4595,72508.2
2026-09-24 10:15:00,1.4594,1.4596,1.4585,1.459,81067.3
2026-09-24 10:16:00,1.4589,1.4615,1.4585,1.4615,278846.2
2026-09-24 10:17:00,1.4614,1.4618,1.459,1.4601,244949.4
2026-09-24 10:18:00,1.4601,1.4603,1.4593,1.4601,127706.4
2026-09-24 10:19:00,1.4601,1.4604,1.4589,1.459,150967.3
2026-09-24 10:20:00,1.4589,1.4595,1.4576,1.458,112224.8
2026-09-24 10:21:00,1.458,1.458,1.457,1.4571,147314.6
2026-09-24 10:22:00,1.4571,1.4582,1.457,1.4573,94024.7
2026-09-24 10:23:00,1.4573,1.4605,1.4572,1.4578,181972.1
2026-09-24 10:24:00,1.4579,1.4596,1.4572,1.4576,79859.4
2026-09-24 10:25:00,1.4576,1.4581,1.4568,1.4569,96017.3
2026-09-24 10:26:00,1.4569,1.4587,1.4566,1.4577,23732.1
2026-09-24 10:27:00,1.4576,1.4576,1.4561,1.4568,111604.5
2026-09-24 10:28:00,1.4569,1.4582,1.4563,1.457,122060.4
2026-09-24 10:29:00,1.4569,1.4605,1.4567,1.4591,193103.4
2026-09-24 10:30:00,1.4591,1.4591,1.4541,1.4541,226541.0
2026-09-24 10:31:00,1.4542,1.4546,1.4522,1.4526,1051405.6
2026-09-24 10:32:00,1.4526,1.4557,1.4517,1.454,241046.6
2026-09-24 10:33:00,1.4541,1.4567,1.4541,1.4552,94618.6
2026-09-24 10:34:00,1.4552,1.4566,1.4552,1.4557,29696.3
2026-09-24 10:35:00,1.4557,1.4568,1.4554,1.4567,69183.6
2026-09-24 10:36:00,1.4566,1.4566,1.4548,1.4558,42572.0
2026-09-24 10:37:00,1.4559,1.457,1.4559,1.4566,57106.5
2026-09-24 10:38:00,1.4567,1.4586,1.4565,1.4581,88625.5
2026-09-24 10:39:00,1.4581,1.4596,1.4578,1.4593,39696.9
2026-09-24 10:40:00,1.4593,1.4611,1.4593,1.4611,114017.8
2026-09-24 10:41:00,1.4611,1.464,1.461,1.4637,222260.9
2026-09-24 10:42:00,1.4636,1.4637,1.4621,1.4631,136789.4
2026-09-24 10:43:00,1.4631,1.4631,1.4619,1.4619,78508.5
2026-09-24 10:44:00,1.462,1.463,1.4618,1.4627,151573.0
2026-09-24 10:45:00,1.4627,1.4631,1.4623,1.4627,61646.5
2026-09-24 10:46:00,1.4627,1.4631,1.4626,1.4626,69229.4
2026-09-24 10:47:00,1.4627,1.4635,1.4625,1.4627,56452.8
2026-09-24 10:48:00,1.4626,1.4634,1.4621,1.4631,27685.9
2026-09-24 10:49:00,1.4632,1.4677,1.4632,1.4667,187864.9
2026-09-24 10:50:00,1.4666,1.47,1.4663,1.4676,202628.6
2026-09-24 10:51:00,1.4676,1.4699,1.4676,1.4683,73215.5
2026-09-24 10:52:00,1.4684,1.4685,1.4666,1.4678,110530.8
2026-09-24 10:53:00,1.4678,1.4688,1.4676,1.4677,31724.7
2026-09-24 10:54:00,1.4677,1.4682,1.4661,1.4661,60069.9
2026-09-24 10:55:00,1.4661,1.4666,1.4651,1.4663,56772.7
2026-09-24 10:56:00,1.4664,1.4665,1.4649,1.4661,51022.1
2026-09-24 10:57:00,1.4661,1.4673,1.4656,1.4667,58263.0
2026-09-24 10:58:00,1.4667,1.4676,1.4663,1.4673,54449.9
2026-09-24 10:59:00,1.4673,1.4676,1.4668,1.4674,12828.7
2026-09-24 11:00:00,1.4674,1.4702,1.4674,1.4697,81600.6
2026-09-24 11:01:00,1.4696,1.4709,1.4691,1.4699,162895.4
2026-09-24 11:02:00,1.4698,1.47,1.4685,1.4689,88575.3
2026-09-24 11:03:00,1.469,1.4708,1.4688,1.4707,69091.7
2026-09-24 11:04:00,1.4708,1.4717,1.4705,1.4716,108066.7
2026-09-24 11:05:00,1.4715,1.4715,1.47,1.4705,68282.2
2026-09-24 11:06:00,1.4706,1.4715,1.4705,1.471,59886.2
2026-09-24 11:07:00,1.471,1.472,1.4709,1.4713,185761.1
2026-09-24 11:08:00,1.4712,1.4717,1.4704,1.4708,75025.4
2026-09-24 11:09:00,1.4708,1.472,1.47,1.472,123668.7
2026-09-24 11:10:00,1.472,1.4729,1.4713,1.4716,93642.6
2026-09-24 11:11:00,1.4717,1.4721,1.471,1.4718,138168.0
2026-09-24 11:12:00,1.4718,1.472,1.4711,1.4716,43372.1
2026-09-24 11:13:00,1.4715,1.4718,1.471,1.4712,39156.2
2026-09-24 11:14:00,1.4712,1.4725,1.4712,1.4722,65333.4
2026-09-24 11:15:00,1.4721,1.4728,1.4708,1.4723,107171.3
2026-09-24 11:16:00,1.4722,1.4728,1.4712,1.4726,79491.6
2026-09-24 11:17:00,1.4726,1.4727,1.4709,1.4714,51609.0
2026-09-24 11:18:00,1.4715,1.4719,1.4705,1.4711,43542.9
2026-09-24 11:19:00,1.4711,1.4714,1.4704,1.4704,31138.0
2026-09-24 11:20:00,1.4705,1.4708,1.47,1.4701,76161.6
2026-09-24 11:21:00,1.4701,1.4703,1.4695,1.47,134834.1
2026-09-24 11:22:00,1.47,1.4728,1.47,1.4723,70414.8
2026-09-24 11:23:00,1.4723,1.4739,1.4723,1.4736,84203.1
2026-09-24 11:24:00,1.4736,1.4741,1.4731,1.474,100309.4
2026-09-24 11:25:00,1.474,1.474,1.4722,1.4728,50468.3
2026-09-24 11:26:00,1.4728,1.4733,1.4727,1.4728,35797.9
2026-09-24 11:27:00,1.4729,1.4729,1.4711,1.4719,218244.7
2026-09-24 11:28:00,1.4718,1.4721,1.4711,1.4712,41829.3
2026-09-24 11:29:00,1.4712,1.4712,1.4706,1.4709,20814.2
2026-09-24 11:30:00,1.4708,1.4716,1.4706,1.4706,38700.3
2026-09-24 11:31:00,1.4706,1.4731,1.4702,1.4715,63847.4
2026-09-24 11:32:00,1.4716,1.4726,1.4712,1.4716,171633.3
2026-09-24 11:33:00,1.4716,1.4718,1.4705,1.4705,35548.1
2026-09-24 11:34:00,1.4706,1.4713,1.47,1.4701,42269.9
2026-09-24 11:35:00,1.4701,1.4702,1.4681,1.4692,84596.9
2026-09-24 11:36:00,1.4691,1.4694,1.4684,1.4686,66181.3
2026-09-24 11:37:00,1.4686,1.4704,1.4686,1.4687,49075.6
2026-09-24 11:38:00,1.4688,1.4695,1.4683,1.469,166691.7
2026-09-24 11:39:00,1.469,1.4702,1.4688,1.4702,80044.4
2026-09-24 11:40:00,1.4702,1.4712,1.4697,1.4705,54125.4
2026-09-24 11:41:00,1.4705,1.4712,1.4703,1.4707,36287.2
2026-09-24 11:42:00,1.4707,1.471,1.4698,1.4698,19158.7
2026-09-24 11:43:00,1.4699,1.4707,1.469,1.4703,144839.7
2026-09-24 11:44:00,1.4704,1.4712,1.4704,1.4709,149815.5
2026-09-24 11:45:00,1.471,1.4716,1.4705,1.4714,217756.0
2026-09-24 11:46:00,1.4714,1.4715,1.4697,1.4704,127336.5
2026-09-24 11:47:00,1.4704,1.4708,1.4698,1.4703,116275.5
2026-09-24 11:48:00,1.4703,1.4715,1.4701,1.4712,523460.7
2026-09-24 11:49:00,1.4711,1.4716,1.4705,1.4708,349228.3
2026-09-24 11:50:00,1.4708,1.472,1.4703,1.4714,411890.9
2026-09-24 11:51:00,1.4713,1.4718,1.4701,1.4705,322405.9
2026-09-24 11:52:00,1.4705,1.4714,1.4665,1.4682,346496.0
2026-09-24 11:53:00,1.4682,1.4688,1.4674,1.4676,125336.3
2026-09-24 11:54:00,1.4676,1.4682,1.4671,1.4678,154549.3
2026-09-24 11:55:00,1.4678,1.4688,1.4678,1.4683,51136.0
2026-09-24 11:56:00,1.4683,1.4685,1.4676,1.468,28110.7
2026-09-24 11:57:00,1.4679,1.4682,1.467,1.4676,140590.8
2026-09-24 11:58:00,1.4677,1.4681,1.4673,1.4676,83652.6
2026-09-24 11:59:00,1.4677,1.4717,1.4676,1.4696,381989.3
2026-09-24 12:00:00,1.4697,1.4706,1.4683,1.4686,108166.8
2026-09-24 12:01:00,1.4686,1.4689,1.467,1.4672,123300.2
2026-09-24 12:02:00,1.4672,1.4693,1.4663,1.4685,87916.9
2026-09-24 12:03:00,1.4686,1.4699,1.4681,1.4682,253176.3
2026-09-24 12:04:00,1.4682,1.469,1.4674,1.4675,56702.8
2026-09-24 12:05:00,1.4675,1.4691,1.4675,1.4686,19597.6
2026-09-24 12:06:00,1.4686,1.4692,1.468,1.4688,20954.6
2026-09-24 12:07:00,1.4689,1.4695,1.4682,1.4688,62901.1
2026-09-24 12:08:00,1.4687,1.4728,1.4682,1.4727,42763.3
2026-09-24 12:09:00,1.4727,1.4727,1.4709,1.4719,97239.1
2026-09-24 12:10:00,1.472,1.4764,1.4717,1.4759,297210.1
2026-09-24 12:11:00,1.4759,1.476,1.4732,1.4733,125855.4
2026-09-24 12:12:00,1.4732,1.475,1.4731,1.4732,99284.2
2026-09-24 12:13:00,1.4732,1.4733,1.4719,1.472,65292.0
2026-09-24 12:14:00,1.472,1.4727,1.4713,1.472,94814.8
2026-09-24 12:15:00,1.472,1.4731,1.4715,1.4726,47243.8
2026-09-24 12:16:00,1.4726,1.473,1.4719,1.4729,46086.2
2026-09-24 12:17:00,1.4728,1.4742,1.4721,1.4738,82192.7
2026-09-24 12:18:00,1.4737,1.474,1.4723,1.4734,47243.7
2026-09-24 12:19:00,1.4734,1.4735,1.4726,1.4729,53452.3
2026-09-24 12:20:00,1.4729,1.4742,1.4728,1.4741,31149.1
2026-09-24 12:21:00,1.4742,1.4752,1.4741,1.4748,32083.6
2026-09-24 12:22:00,1.4748,1.4762,1.4747,1.4753,117827.1
2026-09-24 12:23:00,1.4752,1.4753,1.4739,1.4749,90587.4
2026-09-24 12:24:00,1.4748,1.477,1.4739,1.4768,61830.7
2026-09-24 12:25:00,1.4768,1.4768,1.4742,1.476,120630.8
2026-09-24 12:26:00,1.4759,1.4759,1.473,1.473,122271.8
2026-09-24 12:27:00,1.4731,1.4733,1.4722,1.473,63474.4
2026-09-24 12:28:00,1.473,1.4732,1.4723,1.4731,40190.0
2026-09-24 12:29:00,1.4731,1.4737,1.4724,1.4734,38495.8
2026-09-24 12:30:00,1.4735,1.475,1.473,1.474,85566.9
2026-09-24 12:31:00,1.4739,1.4739,1.471,1.4714,273099.8
2026-09-24 12:32:00,1.4715,1.4715,1.4703,1.4704,82087.3
2026-09-24 12:33:00,1.4703,1.4714,1.4694,1.4707,410244.2
2026-09-24 12:34:00,1.4706,1.4723,1.47,1.4712,49483.9
2026-09-24 12:35:00,1.4711,1.4715,1.4689,1.4689,86660.6
2026-09-24 12:36:00,1.469,1.4696,1.4683,1.4687,99029.8
2026-09-24 12:37:00,1.4687,1.4699,1.4686,1.469,44851.7
2026-09-24 12:38:00,1.4689,1.4695,1.4685,1.4685,24999.5
2026-09-24 12:39:00,1.4686,1.4696,1.4681,1.4695,46822.0
2026-09-24 12:40:00,1.4696,1.4716,1.4696,1.4708,132362.9
2026-09-24 12:41:00,1.4708,1.4724,1.4708,1.4724,73958.6
2026-09-24 12:42:00,1.4724,1.4743,1.4724,1.4732,50593.4
2026-09-24 12:43:00,1.4732,1.4735,1.4722,1.4724,49835.9
2026-09-24 12:44:00,1.4725,1.4738,1.4724,1.4738,49344.5
2026-09-24 12:45:00,1.4737,1.474,1.4728,1.4731,38106.9
2026-09-24 12:46:00,1.473,1.4738,1.4723,1.4738,20343.3
2026-09-24 12:47:00,1.4737,1.474,1.473,1.4738,44576.6
2026-09-24 12:48:00,1.4737,1.4762,1.4737,1.4757,57456.9
2026-09-24 12:49:00,1.4757,1.4766,1.4743,1.4744,60227.7
2026-09-24 12:50:00,1.4743,1.4746,1.4734,1.4739,56680.5
2026-09-24 12:51:00,1.4739,1.4761,1.4739,1.4757,116658.3
2026-09-24 12:52:00,1.4757,1.4765,1.4754,1.4765,60275.8
2026-09-24 12:53:00,1.4764,1.4769,1.4763,1.4768,88016.3
2026-09-24 12:54:00,1.4768,1.4786,1.4768,1.4785,84296.5
2026-09-24 12:55:00,1.4785,1.4789,1.4784,1.4789,32585.9
2026-09-24 12:56:00,1.4789,1.4807,1.4789,1.4797,263705.2
2026-09-24 12:57:00,1.4797,1.4815,1.479,1.4811,239670.6
2026-09-24 12:58:00,1.4811,1.4818,1.4805,1.4815,198719.1
2026-09-24 12:59:00,1.4814,1.4815,1.4794,1.4795,93715.0
2026-09-24 13:00:00,1.4795,1.4818,1.4791,1.4818,121999.9
2026-09-24 13:01:00,1.4818,1.4835,1.4808,1.4808,176045.3
2026-09-24 13:02:00,1.4808,1.4825,1.4806,1.4823,120871.1
2026-09-24 13:03:00,1.4823,1.4844,1.4823,1.4838,162672.9
2026-09-24 13:04:00,1.4838,1.4857,1.4837,1.4848,362982.0
2026-09-24 13:05:00,1.4849,1.4851,1.4832,1.4832,195740.2
2026-09-24 13:06:00,1.4832,1.4844,1.483,1.4835,145543.2
2026-09-24 13:07:00,1.4835,1.4841,1.4833,1.4839,63443.8
2026-09-24 13:08:00,1.484,1.4856,1.4834,1.4853,61840.1
2026-09-24 13:09:00,1.4853,1.4862,1.4853,1.4853,40754.2
2026-09-24 13:10:00,1.4853,1.4866,1.4853,1.4865,40274.2
2026-09-24 13:11:00,1.4865,1.487,1.486,1.486,77035.8
2026-09-24 13:12:00,1.4859,1.4868,1.4858,1.4858,58654.0
2026-09-24 13:13:00,1.4858,1.4872,1.4858,1.4871,86523.3
2026-09-24 13:14:00,1.487,1.4875,1.4861,1.4865,102608.0
2026-09-24 13:15:00,1.4864,1.4874,1.4859,1.4865,65254.9
2026-09-24 13:16:00,1.4865,1.4874,1.4862,1.4871,108697.0
2026-09-24 13:17:00,1.4871,1.4889,1.487,1.4888,110973.1
2026-09-24 13:18:00,1.4888,1.4902,1.4883,1.4902,112346.1
2026-09-24 13:19:00,1.4901,1.4915,1.4891,1.4913,116942.4
2026-09-24 13:20:00,1.4912,1.4928,1.4904,1.492,251874.7
2026-09-24 13:21:00,1.492,1.4922,1.4895,1.4895,98372.7
2026-09-24 13:22:00,1.4895,1.4903,1.4889,1.489,281863.2
2026-09-24 13:23:00,1.4891,1.4898,1.4884,1.4896,134953.4
2026-09-24 13:24:00,1.4896,1.49,1.4893,1.4895,24450.9
2026-09-24 13:25:00,1.4895,1.494,1.489,1.4938,303885.6
2026-09-24 13:26:00,1.4939,1.4967,1.4937,1.4957,385778.0
2026-09-24 13:27:00,1.4957,1.4966,1.4953,1.4954,253846.6
2026-09-24 13:28:00,1.4954,1.4974,1.4951,1.4964,237233.2
2026-09-24 13:29:00,1.4964,1.4969,1.4947,1.4958,259002.7
2026-09-24 13:30:00,1.4958,1.4968,1.4931,1.4964,224958.1
2026-09-24 13:31:00,1.4964,1.5042,1.4956,1.5028,623143.8
2026-09-24 13:32:00,1.5028,1.5093,1.5028,1.5058,1081737.4
2026-09-24 13:33:00,1.5057,1.509,1.5056,1.5077,643692.5
2026-09-24 13:34:00,1.5076,1.5085,1.5056,1.5067,456275.2
2026-09-24 13:35:00,1.5067,1.5075,1.5005,1.5018,409295.8
2026-09-24 13:36:00,1.5018,1.504,1.5014,1.5031,314037.7
2026-09-24 13:37:00,1.5032,1.5055,1.5022,1.5052,328831.8
2026-09-24 13:38:00,1.5052,1.5086,1.5044,1.5069,319307.8
2026-09-24 13:39:00,1.5069,1.509,1.5056,1.5075,341661.9
2026-09-24 13:40:00,1.5075,1.5081,1.5025,1.5028,343733.7
2026-09-24 13:41:00,1.5028,1.5029,1.4981,1.4985,231800.3
2026-09-24 13:42:00,1.4984,1.4997,1.4973,1.4989,221913.0
2026-09-24 13:43:00,1.4989,1.5017,1.4987,1.5001,128231.6
2026-09-24 13:44:00,1.5,1.5,1.4986,1.4989,144690.2
2026-09-24 13:45:00,1.499,1.5,1.4979,1.4986,456441.4
2026-09-24 13:46:00,1.4986,1.5021,1.4981,1.5,181031.6
2026-09-24 13:47:00,1.5001,1.5011,1.4984,1.4998,163495.2
2026-09-24 13:48:00,1.4998,1.5006,1.4972,1.4981,121713.0
2026-09-24 13:49:00,1.4981,1.4983,1.4963,1.4968,154819.1
2026-09-24 13:50:00,1.4968,1.4982,1.4948,1.4973,298868.6
2026-09-24 13:51:00,1.4974,1.4981,1.4966,1.497,102404.9
2026-09-24 13:52:00,1.4971,1.4993,1.4965,1.4981,197496.4
2026-09-24 13:53:00,1.498,1.4981,1.4963,1.4963,85852.1
2026-09-24 13:54:00,1.4964,1.499,1.4963,1.4986,90679.4
2026-09-24 13:55:00,1.4987,1.5019,1.4987,1.5015,200415.3
2026-09-24 13:56:00,1.5014,1.502,1.5003,1.5015,225086.1
2026-09-24 13:57:00,1.5015,1.5019,1.5006,1.5013,523119.7
2026-09-24 13:58:00,1.5013,1.5022,1.5009,1.5021,138786.8
2026-09-24 13:59:00,1.5022,1.5031,1.502,1.5026,133897.8
2026-09-24 14:00:00,1.5025,1.5032,1.5001,1.5016,179097.1
2026-09-24 14:01:00,1.5016,1.502,1.4992,1.4993,215600.6
2026-09-24 14:02:00,1.4993,1.5032,1.4989,1.5009,199382.8
2026-09-24 14:03:00,1.5009,1.5015,1.4989,1.5015,496341.9
2026-09-24 14:04:00,1.5014,1.5049,1.5003,1.5026,520549.0
2026-09-24 14:05:00,1.5026,1.5026,1.5002,1.5005,196726.9
2026-09-24 14:06:00,1.5004,1.5034,1.5001,1.5033,177598.0
2026-09-24 14:07:00,1.5033,1.5061,1.5033,1.5047,322714.1
2026-09-24 14:08:00,1.5047,1.5047,1.5023,1.5025,277874.6
2026-09-24 14:09:00,1.5025,1.5027,1.5016,1.502,178383.0
2026-09-24 14:10:00,1.502,1.5035,1.5009,1.5026,148228.1
2026-09-24 14:11:00,1.5026,1.5026,1.5005,1.5006,144541.7
2026-09-24 14:12:00,1.5006,1.5011,1.499,1.4991,300423.9
2026-09-24 14:13:00,1.4992,1.5008,1.499,1.5003,114813.1
2026-09-24 14:14:00,1.5003,1.5013,1.4999,1.5,173323.2
2026-09-24 14:15:00,1.5,1.5004,1.4985,1.4988,216290.3
2026-09-24 14:16:00,1.4989,1.5028,1.4988,1.5028,75410.3
2026-09-24 14:17:00,1.5028,1.5049,1.5017,1.5043,120501.1
2026-09-24 14:18:00,1.5042,1.5058,1.5037,1.5042,331590.2
2026-09-24 14:19:00,1.5042,1.5066,1.5042,1.5062,240603.1
2026-09-24 14:20:00,1.5062,1.5085,1.5055,1.5085,354888.9
2026-09-24 14:21:00,1.5084,1.5119,1.5084,1.5092,701866.4
2026-09-24 14:22:00,1.5092,1.5111,1.5082,1.5094,274670.1
2026-09-24 14:23:00,1.5093,1.5114,1.508,1.511,332186.6
2026-09-24 14:24:00,1.511,1.5135,1.5098,1.5128,385990.2
2026-09-24 14:25:00,1.5128,1.5162,1.5127,1.516,496400.2
2026-09-24 14:26:00,1.516,1.5184,1.516,1.5167,541257.3
2026-09-24 14:27:00,1.5167,1.519,1.5157,1.5183,592859.1
2026-09-24 14:28:00,1.5183,1.5235,1.5174,1.5235,637917.4
2026-09-24 14:29:00,1.5234,1.526,1.5226,1.525,810734.3
2026-09-24 14:30:00,1.525,1.5252,1.5182,1.522,565404.6
2026-09-24 14:31:00,1.522,1.5236,1.5202,1.5221,431420.3
2026-09-24 14:32:00,1.5221,1.5273,1.5221,1.5238,616103.7
2026-09-24 14:33:00,1.5239,1.5248,1.5215,1.5225,301091.1
2026-09-24 14:34:00,1.5225,1.5251,1.5209,1.5244,228564.7
2026-09-24 14:35:00,1.5244,1.5262,1.5235,1.526,383434.7
2026-09-24 14:36:00,1.5259,1.5269,1.5221,1.5225,972171.3
2026-09-24 14:37:00,1.5226,1.525,1.5205,1.5209,457447.6
2026-09-24 14:38:00,1.5209,1.5237,1.5202,1.521,334570.2
2026-09-24 14:39:00,1.521,1.5217,1.517,1.5197,458911.5
2026-09-24 14:40:00,1.5197,1.5227,1.5191,1.5206,348153.6
2026-09-24 14:41:00,1.5207,1.5207,1.5181,1.5182,154371.9
2026-09-24 14:42:00,1.5183,1.5207,1.5173,1.5188,213434.7
2026-09-24 14:43:00,1.5189,1.519,1.5173,1.5175,323621.4
2026-09-24 14:44:00,1.5174,1.5195,1.5172,1.5184,186898.0
2026-09-24 14:45:00,1.5184,1.5185,1.5139,1.5156,306366.0
2026-09-24 14:46:00,1.5156,1.5173,1.5147,1.5151,374951.9
2026-09-24 14:47:00,1.5152,1.5158,1.5124,1.514,213030.5
2026-09-24 14:48:00,1.5139,1.5139,1.5067,1.5073,323334.1
2026-09-24 14:49:00,1.5072,1.5073,1.4968,1.4971,872260.2
2026-09-24 14:50:00,1.4971,1.5049,1.4961,1.4987,509485.5
2026-09-24 14:51:00,1.4986,1.5028,1.4972,1.4999,148369.8
2026-09-24 14:52:00,1.4999,1.5014,1.4923,1.4923,648312.4
2026-09-24 14:53:00,1.4923,1.4986,1.4883,1.498,641520.3
2026-09-24 14:54:00,1.4981,1.5019,1.4981,1.5004,196048.1
2026-09-24 14:55:00,1.5003,1.5019,1.498,1.5011,215749.1
2026-09-24 14:56:00,1.5011,1.5029,1.4986,1.4992,230816.2
2026-09-24 14:57:00,1.4992,1.4992,1.4955,1.4962,411576.9
2026-09-24 14:58:00,1.4962,1.4983,1.4949,1.4975,307276.6
2026-09-24 14:59:00,1.4975,1.4995,1.4961,1.499,129794.9
2026-09-24 15:00:00,1.499,1.4996,1.4945,1.4996,241381.3
2026-09-24 15:01:00,1.4996,1.5019,1.4991,1.4994,144730.9
2026-09-24 15:02:00,1.4993,1.4993,1.4936,1.4939,147325.3
2026-09-24 15:03:00,1.4938,1.498,1.493,1.498,113434.3
2026-09-24 15:04:00,1.4981,1.5015,1.4971,1.4996,133027.8
2026-09-24 15:05:00,1.4996,1.502,1.4987,1.4989,272373.6
2026-09-24 15:06:00,1.4989,1.5018,1.4989,1.5013,154060.9
2026-09-24 15:07:00,1.5014,1.5019,1.4982,1.4985,203583.9
2026-09-24 15:08:00,1.4986,1.4995,1.498,1.4993,213583.5
2026-09-24 15:09:00,1.4993,1.4995,1.498,1.4985,104088.2
2026-09-24 15:10:00,1.4985,1.4994,1.497,1.497,99822.3
2026-09-24 15:11:00,1.497,1.5011,1.4967,1.5011,225859.5
2026-09-24 15:12:00,1.501,1.5022,1.4998,1.5,117071.9
2026-09-24 15:13:00,1.5,1.5003,1.4967,1.4971,171753.2
2026-09-24 15:14:00,1.4972,1.499,1.4964,1.4985,123135.7
2026-09-24 15:15:00,1.4985,1.5026,1.4977,1.5013,177140.9
2026-09-24 15:16:00,1.5013,1.5045,1.5004,1.5031,302128.0
2026-09-24 15:17:00,1.5031,1.506,1.5025,1.5029,226359.5
2026-09-24 15:18:00,1.5028,1.5028,1.499,1.5,162592.6
2026-09-24 15:19:00,1.5001,1.5019,1.499,1.5019,243738.8
2026-09-24 15:20:00,1.5018,1.5019,1.4992,1.5007,72568.4
2026-09-24 15:21:00,1.5007,1.5029,1.5007,1.5015,97384.6
2026-09-24 15:22:00,1.5016,1.5028,1.5011,1.5023,91948.9
2026-09-24 15:23:00,1.5023,1.5061,1.502,1.5061,155472.5
2026-09-24 15:24:00,1.5061,1.5086,1.5055,1.5083,148096.8
2026-09-24 15:25:00,1.5083,1.5097,1.5056,1.5062,127839.4
2026-09-24 15:26:00,1.5063,1.5078,1.5056,1.507,283563.9
2026-09-24 15:27:00,1.507,1.5075,1.5063,1.5068,174143.6
2026-09-24 15:28:00,1.5067,1.5072,1.5054,1.5055,169529.4
2026-09-24 15:29:00,1.5054,1.507,1.5048,1.5065,155102.1
2026-09-24 15:30:00,1.5066,1.5077,1.5047,1.5048,182157.1
2026-09-24 15:31:00,1.5048,1.5082,1.5046,1.5082,128641.8
2026-09-24 15:32:00,1.5081,1.5082,1.506,1.5073,134747.3
2026-09-24 15:33:00,1.5074,1.5097,1.5071,1.5089,133369.9
2026-09-24 15:34:00,1.5089,1.5106,1.5085,1.5103,198852.6
2026-09-24 15:35:00,1.5102,1.5148,1.5096,1.5129,245783.9
2026-09-24 15:36:00,1.5129,1.515,1.5111,1.5128,266642.5
2026-09-24 15:37:00,1.5128,1.5172,1.5126,1.516,245754.4
2026-09-24 15:38:00,1.516,1.5165,1.5137,1.5146,207315.5
2026-09-24 15:39:00,1.5145,1.5156,1.513,1.5139,100299.0
2026-09-24 15:40:00,1.514,1.515,1.5133,1.5136,246124.1
2026-09-24 15:41:00,1.5136,1.5178,1.5135,1.5164,420094.1
2026-09-24 15:42:00,1.5163,1.5164,1.5122,1.5129,92091.9
2026-09-24 15:43:00,1.5129,1.5157,1.5129,1.5152,142397.3
2026-09-24 15:44:00,1.5152,1.5154,1.5135,1.5153,212673.7
2026-09-24 15:45:00,1.5152,1.5158,1.5138,1.5142,136194.9
2026-09-24 15:46:00,1.5142,1.5143,1.5121,1.5122,81489.1
2026-09-24 15:47:00,1.5122,1.5132,1.5117,1.5119,104700.6
2026-09-24 15:48:00,1.5118,1.5135,1.5095,1.5098,171354.8
2026-09-24 15:49:00,1.5098,1.5137,1.5095,1.5129,133680.5
2026-09-24 15:50:00,1.513,1.514,1.5118,1.5119,95509.5
2026-09-24 15:51:00,1.512,1.5138,1.5114,1.5137,122738.4
2026-09-24 15:52:00,1.5137,1.5154,1.5131,1.5133,177629.9
2026-09-24 15:53:00,1.5133,1.5159,1.5133,1.5147,95260.1
2026-09-24 15:54:00,1.5148,1.5163,1.5141,1.5163,83076.1
2026-09-24 15:55:00,1.5163,1.5167,1.5156,1.5161,50734.7
2026-09-24 15:56:00,1.516,1.5166,1.5153,1.5154,53909.0
2026-09-24 15:57:00,1.5155,1.5165,1.5138,1.5146,389553.4
2026-09-24 15:58:00,1.5146,1.5157,1.5139,1.5155,120401.6
2026-09-24 15:59:00,1.5155,1.5155,1.5144,1.515,71411.1
2026-09-24 16:00:00,1.515,1.5156,1.5081,1.5081,140686.5
2026-09-24 16:01:00,1.5082,1.5114,1.5082,1.5106,108200.8
2026-09-24 16:02:00,1.5106,1.5115,1.5099,1.51,97484.3
2026-09-24 16:03:00,1.51,1.5103,1.5058,1.507,345835.3
2026-09-24 16:04:00,1.507,1.5098,1.5069,1.5095,426729.1
2026-09-24 16:05:00,1.5094,1.511,1.5088,1.51,58596.6
2026-09-24 16:06:00,1.51,1.5113,1.5085,1.5087,42501.0
2026-09-24 16:07:00,1.5086,1.5089,1.5067,1.5075,48100.1
2026-09-24 16:08:00,1.5076,1.5086,1.5062,1.5086,337604.8
2026-09-24 16:09:00,1.5087,1.5096,1.5079,1.5086,39518.6
2026-09-24 16:10:00,1.5086,1.5093,1.5069,1.5069,53478.8
2026-09-24 16:11:00,1.5069,1.5069,1.5037,1.5057,158544.0
2026-09-24 16:12:00,1.5057,1.5068,1.5041,1.5041,175483.6
2026-09-24 16:13:00,1.5041,1.5066,1.5038,1.5064,65305.8
2026-09-24 16:14:00,1.5064,1.5114,1.5062,1.5112,44465.3
2026-09-24 16:15:00,1.5112,1.5206,1.5112,1.5188,439858.7
2026-09-24 16:16:00,1.5187,1.5276,1.5175,1.5261,568080.1
2026-09-24 16:17:00,1.526,1.5298,1.525,1.5291,321174.2
2026-09-24 16:18:00,1.529,1.5309,1.5217,1.5227,638759.7
2026-09-24 16:19:00,1.5226,1.5248,1.5203,1.5221,227772.3
2026-09-24 16:20:00,1.5222,1.5285,1.5211,1.5267,245823.5
2026-09-24 16:21:00,1.5268,1.5292,1.5256,1.5278,247035.1
2026-09-24 16:22:00,1.5279,1.5303,1.5266,1.5278,195523.0
2026-09-24 16:23:00,1.5278,1.5295,1.5266,1.5267,233434.6
2026-09-24 16:24:00,1.5266,1.5266,1.5248,1.5255,165965.8
2026-09-24 16:25:00,1.5254,1.5272,1.522,1.5224,184770.8
2026-09-24 16:26:00,1.5224,1.5263,1.5224,1.5254,106769.8
2026-09-24 16:27:00,1.5254,1.527,1.5242,1.5258,142452.0
2026-09-24 16:28:00,1.5257,1.5285,1.5256,1.528,123743.0
2026-09-24 16:29:00,1.5279,1.5296,1.5276,1.5291,124784.3
2026-09-24 16:30:00,1.529,1.5295,1.5261,1.5264,140507.2
2026-09-24 16:31:00,1.5264,1.5267,1.5228,1.5228,177457.9
2026-09-24 16:32:00,1.5228,1.5234,1.5213,1.5216,151112.6
2026-09-24 16:33:00,1.5216,1.5229,1.521,1.5216,206490.8
2026-09-24 16:34:00,1.5216,1.5226,1.5212,1.5218,86657.5
2026-09-24 16:35:00,1.5217,1.5257,1.5195,1.5257,209040.4
2026-09-24 16:36:00,1.5258,1.5287,1.5255,1.5274,127250.5
2026-09-24 16:37:00,1.5273,1.5283,1.5262,1.5269,50738.3
2026-09-24 16:38:00,1.5268,1.5292,1.5268,1.5271,236859.1
2026-09-24 16:39:00,1.5271,1.5289,1.5271,1.5289,51188.5
2026-09-24 16:40:00,1.529,1.5332,1.5283,1.5319,426814.0
2026-09-24 16:41:00,1.5319,1.5346,1.5317,1.5338,206867.5
2026-09-24 16:42:00,1.5337,1.5348,1.5316,1.5319,338816.3
2026-09-24 16:43:00,1.5319,1.533,1.5293,1.5305,126512.2
2026-09-24 16:44:00,1.5305,1.5306,1.5252,1.5262,475076.0
2026-09-24 16:45:00,1.5263,1.5294,1.5248,1.5294,196196.6
2026-09-24 16:46:00,1.5294,1.5329,1.5275,1.5328,226949.2
2026-09-24 16:47:00,1.5327,1.5346,1.5313,1.5342,205672.0
2026-09-24 16:48:00,1.5342,1.5369,1.5342,1.535,418982.1
2026-09-24 16:49:00,1.5349,1.5356,1.5329,1.5338,181428.6
2026-09-24 16:50:00,1.5339,1.5345,1.5313,1.5321,289512.6
2026-09-24 16:51:00,1.532,1.5339,1.5313,1.5313,99381.4
2026-09-24 16:52:00,1.5313,1.5317,1.5287,1.5292,174493.7
2026-09-24 16:53:00,1.5293,1.5314,1.5286,1.5294,103771.8
2026-09-24 16:54:00,1.5294,1.5324,1.5286,1.5322,131341.2
2026-09-24 16:55:00,1.5323,1.5325,1.5292,1.5292,167538.6
2026-09-24 16:56:00,1.5292,1.5316,1.5285,1.5316,131369.1
2026-09-24 16:57:00,1.5316,1.5333,1.5307,1.5312,110263.5
2026-09-24 16:58:00,1.5312,1.5344,1.5312,1.5329,227194.7
2026-09-24 16:59:00,1.5329,1.5331,1.5317,1.5329,113434.0
2026-09-24 17:00:00,1.5329,1.5329,1.5277,1.5307,308354.2
2026-09-24 17:01:00,1.5307,1.5347,1.5302,1.5339,208568.7
2026-09-24 17:02:00,1.5338,1.5352,1.5298,1.535,267794.1
2026-09-24 17:03:00,1.5349,1.5367,1.5349,1.5354,226992.6
2026-09-24 17:04:00,1.5353,1.5359,1.5323,1.5355,339474.7
2026-09-24 17:05:00,1.5356,1.5366,1.5327,1.5327,125254.3
2026-09-24 17:06:00,1.5327,1.5327,1.5301,1.5304,139707.7
2026-09-24 17:07:00,1.5303,1.5326,1.5303,1.5325,127306.1
2026-09-24 17:08:00,1.5325,1.5339,1.5307,1.5337,210432.9
2026-09-24 17:09:00,1.5338,1.5339,1.5328,1.533,89637.3
2026-09-24 17:10:00,1.5331,1.5336,1.5302,1.5318,129723.7
2026-09-24 17:11:00,1.5318,1.5318,1.5297,1.5307,148193.9
2026-09-24 17:12:00,1.5307,1.5309,1.529,1.5296,84404.2
2026-09-24 17:13:00,1.5296,1.5302,1.5248,1.5295,959515.9
2026-09-24 17:14:00,1.5296,1.5336,1.5296,1.5328,245202.7
2026-09-24 17:15:00,1.5327,1.5349,1.5224,1.5343,1464596.3
2026-09-24 17:16:00,1.5344,1.5414,1.5344,1.538,596698.4
2026-09-24 17:17:00,1.538,1.5392,1.5357,1.5357,228518.9
2026-09-24 17:18:00,1.5356,1.54,1.5348,1.5378,173079.2
2026-09-24 17:19:00,1.5378,1.538,1.5332,1.5332,157226.1
2026-09-24 17:20:00,1.5332,1.5346,1.5319,1.533,87755.9
2026-09-24 17:21:00,1.5329,1.5366,1.5329,1.5344,165352.8
2026-09-24 17:22:00,1.5345,1.5359,1.5336,1.5341,145018.3
2026-09-24 17:23:00,1.534,1.5343,1.5311,1.5328,117978.0
2026-09-24 17:24:00,1.5329,1.536,1.5321,1.5355,70301.5
2026-09-24 17:25:00,1.5356,1.5366,1.5347,1.536,93289.5
2026-09-24 17:26:00,1.536,1.5375,1.535,1.5361,180479.6
2026-09-24 17:27:00,1.536,1.5385,1.5355,1.5381,219085.4
2026-09-24 17:28:00,1.5381,1.54,1.538,1.5395,270314.1
2026-09-24 17:29:00,1.5395,1.5435,1.5395,1.54,491095.8
2026-09-24 17:30:00,1.54,1.5402,1.5388,1.5396,205818.3
2026-09-24 17:31:00,1.5396,1.5435,1.5389,1.5413,308664.0
2026-09-24 17:32:00,1.5413,1.5423,1.54,1.5414,415831.5
2026-09-24 17:33:00,1.5414,1.5425,1.5395,1.5398,247235.5
2026-09-24 17:34:00,1.5399,1.5402,1.536,1.536,218023.5
2026-09-24 17:35:00,1.536,1.5377,1.5341,1.536,114322.5
2026-09-24 17:36:00,1.536,1.5386,1.5351,1.5386,55464.9
2026-09-24 17:37:00,1.5387,1.5387,1.5339,1.5341,167041.4
2026-09-24 17:38:00,1.5342,1.5347,1.5301,1.5308,325525.6
2026-09-24 17:39:00,1.5308,1.534,1.5308,1.532,84689.2
2026-09-24 17:40:00,1.5321,1.5323,1.5293,1.5294,163483.0
2026-09-24 17:41:00,1.5294,1.5318,1.5275,1.5303,261974.2
2026-09-24 17:42:00,1.5304,1.5335,1.5304,1.5321,74740.3
2026-09-24 17:43:00,1.532,1.532,1.5266,1.5286,182480.5
2026-09-24 17:44:00,1.5285,1.5307,1.5282,1.5296,111994.5
2026-09-24 17:45:00,1.5297,1.5303,1.5272,1.5287,133938.9
2026-09-24 17:46:00,1.5287,1.5292,1.5271,1.5271,121358.3
2026-09-24 17:47:00,1.5271,1.5302,1.5269,1.5302,120263.2
2026-09-24 17:48:00,1.5301,1.5311,1.5295,1.5295,112401.0
2026-09-24 17:49:00,1.5294,1.531,1.5281,1.5281,56388.2
2026-09-24 17:50:00,1.5281,1.5295,1.527,1.5295,98961.0
2026-09-24 17:51:00,1.5296,1.5299,1.5265,1.5266,112861.8
2026-09-24 17:52:00,1.5266,1.5282,1.5266,1.5275,70568.9
2026-09-24 17:53:00,1.5275,1.5277,1.5239,1.5247,116125.0
2026-09-24 17:54:00,1.5246,1.5254,1.5241,1.5248,90637.2
2026-09-24 17:55:00,1.5247,1.5251,1.5231,1.5247,148587.1
2026-09-24 17:56:00,1.5247,1.528,1.5239,1.5276,191705.3
2026-09-24 17:57:00,1.5275,1.5292,1.5272,1.5287,141119.2
2026-09-24 17:58:00,1.5288,1.5292,1.5272,1.5285,60258.4
2026-09-24 17:59:00,1.5285,1.5295,1.5274,1.528,143256.3
2026-09-24 18:00:00,1.5281,1.5285,1.526,1.5282,76908.3
2026-09-24 18:01:00,1.5283,1.529,1.5253,1.526,112236.4
2026-09-24 18:02:00,1.5261,1.5265,1.52,1.5206,361234.7
2026-09-24 18:03:00,1.5206,1.5206,1.5167,1.5182,539921.0
2026-09-24 18:04:00,1.5181,1.5206,1.5172,1.5181,168899.7
2026-09-24 18:05:00,1.5181,1.5197,1.5176,1.5197,209866.2
2026-09-24 18:06:00,1.5196,1.5218,1.5179,1.5212,153693.2
2026-09-24 18:07:00,1.5212,1.5214,1.5187,1.5193,56783.4
2026-09-24 18:08:00,1.5192,1.525,1.5192,1.5243,45766.3
2026-09-24 18:09:00,1.5243,1.5266,1.524,1.5259,64775.9
2026-09-24 18:10:00,1.526,1.5293,1.526,1.529,124610.2
2026-09-24 18:11:00,1.529,1.5304,1.5273,1.5274,243767.2
2026-09-24 18:12:00,1.5274,1.5283,1.5262,1.5266,54595.8
2026-09-24 18:13:00,1.5265,1.5277,1.5238,1.5247,72219.6
2026-09-24 18:14:00,1.5246,1.5273,1.5244,1.5269,17561.3
2026-09-24 18:15:00,1.5268,1.5288,1.5266,1.5288,106140.5
2026-09-24 18:16:00,1.5287,1.5317,1.5284,1.5305,327721.5
2026-09-24 18:17:00,1.5305,1.5319,1.5302,1.5311,109652.4
2026-09-24 18:18:00,1.5311,1.5331,1.5302,1.5308,182882.1
2026-09-24 18:19:00,1.5308,1.5308,1.5295,1.5301,77128.4
2026-09-24 18:20:00,1.5302,1.531,1.529,1.5307,58877.1
2026-09-24 18:21:00,1.5306,1.5312,1.529,1.529,80167.1
2026-09-24 18:22:00,1.529,1.5302,1.5288,1.5299,63568.7
2026-09-24 18:23:00,1.5299,1.5311,1.5295,1.5305,62181.4
2026-09-24 18:24:00,1.5305,1.5313,1.53,1.5313,54964.6
2026-09-24 18:25:00,1.5313,1.5357,1.5307,1.5322,164851.7
2026-09-24 18:26:00,1.5323,1.5361,1.5323,1.535,380906.9
2026-09-24 18:27:00,1.535,1.536,1.5345,1.5353,102095.9
2026-09-24 18:28:00,1.5353,1.5368,1.5352,1.5361,93093.5
2026-09-24 18:29:00,1.5361,1.5364,1.5355,1.5361,123357.2
2026-09-24 18:30:00,1.5361,1.5395,1.536,1.5384,215189.2
2026-09-24 18:31:00,1.5383,1.5384,1.5367,1.5378,108129.6
2026-09-24 18:32:00,1.5377,1.5381,1.5345,1.5352,181936.6
2026-09-24 18:33:00,1.5351,1.5352,1.534,1.5341,88211.8
2026-09-24 18:34:00,1.534,1.5346,1.5333,1.5338,52318.4
2026-09-24 18:35:00,1.5337,1.5338,1.5306,1.5313,72960.2
2026-09-24 18:36:00,1.5314,1.5349,1.5313,1.5322,234079.9
2026-09-24 18:37:00,1.5323,1.5376,1.5315,1.5321,431910.5
2026-09-24 18:38:00,1.5321,1.5381,1.5316,1.5373,203312.3
2026-09-24 18:39:00,1.5373,1.5405,1.5353,1.5358,335992.4
2026-09-24 18:40:00,1.5359,1.5363,1.5347,1.535,47855.9
2026-09-24 18:41:00,1.5349,1.536,1.5342,1.5348,64058.6
2026-09-24 18:42:00,1.5349,1.535,1.5331,1.5331,89938.9
2026-09-24 18:43:00,1.5331,1.5333,1.5314,1.5314,47621.0
2026-09-24 18:44:00,1.5313,1.5329,1.5312,1.5329,52594.6
2026-09-24 18:45:00,1.5329,1.534,1.5317,1.5317,24440.0
2026-09-24 18:46:00,1.5317,1.5327,1.531,1.5325,76655.3
2026-09-24 18:47:00,1.5325,1.5341,1.5315,1.5316,41526.5
2026-09-24 18:48:00,1.5316,1.5337,1.5316,1.5335,21889.3
2026-09-24 18:49:00,1.5334,1.5349,1.5315,1.5324,93132.6
2026-09-24 18:50:00,1.5324,1.5359,1.5324,1.5353,78546.6
2026-09-24 18:51:00,1.5352,1.5369,1.5346,1.5368,49716.5
2026-09-24 18:52:00,1.5368,1.5378,1.5361,1.5366,77027.4
2026-09-24 18:53:00,1.5366,1.5372,1.5355,1.5355,37527.6
2026-09-24 18:54:00,1.5354,1.5363,1.5349,1.536,36930.3
2026-09-24 18:55:00,1.5359,1.5383,1.5359,1.5379,126305.6
2026-09-24 18:56:00,1.5379,1.5385,1.5378,1.5382,36602.7
2026-09-24 18:57:00,1.5381,1.5384,1.5377,1.5384,30576.3
2026-09-24 18:58:00,1.5384,1.5392,1.5378,1.5386,178395.7
2026-09-24 18:59:00,1.5386,1.5388,1.5367,1.537,77887.5
2026-09-24 19:00:00,1.5371,1.5379,1.5344,1.5351,71227.5
2026-09-24 19:01:00,1.535,1.535,1.5308,1.5314,87686.9
2026-09-24 19:02:00,1.5315,1.533,1.5296,1.5303,60579.7
2026-09-24 19:03:00,1.5304,1.5311,1.5296,1.5299,89682.4
2026-09-24 19:04:00,1.5299,1.5305,1.5289,1.5299,57944.4
2026-09-24 19:05:00,1.53,1.53,1.5288,1.5297,58845.9
2026-09-24 19:06:00,1.5298,1.5301,1.529,1.5294,37435.3
2026-09-24 19:07:00,1.5294,1.5332,1.5291,1.5327,278238.3
2026-09-24 19:08:00,1.5326,1.5332,1.5311,1.5315,51959.0
2026-09-24 19:09:00,1.5314,1.5332,1.5312,1.5332,35337.0
2026-09-24 19:10:00,1.5333,1.5341,1.5317,1.5321,65419.7
2026-09-24 19:11:00,1.5321,1.5325,1.5312,1.5322,32246.0
2026-09-24 19:12:00,1.5321,1.5331,1.532,1.5323,62444.0
2026-09-24 19:13:00,1.5324,1.5345,1.5322,1.5344,39534.8
2026-09-24 19:14:00,1.5345,1.5352,1.5327,1.5327,30361.6
2026-09-24 19:15:00,1.5327,1.5349,1.5327,1.5332,31159.5
2026-09-24 19:16:00,1.5332,1.5338,1.5324,1.5327,64806.6
2026-09-24 19:17:00,1.5328,1.535,1.5328,1.5336,52061.6
2026-09-24 19:18:00,1.5337,1.5337,1.5329,1.5332,23117.3
2026-09-24 19:19:00,1.5331,1.5334,1.5316,1.5334,48813.7
2026-09-24 19:20:00,1.5334,1.534,1.5294,1.5294,75049.9
2026-09-24 19:21:00,1.5294,1.5305,1.5288,1.53,83733.5
2026-09-24 19:22:00,1.5299,1.531,1.5294,1.5307,21421.0
2026-09-24 19:23:00,1.5307,1.5309,1.5302,1.5308,14128.3
2026-09-24 19:24:00,1.5308,1.5308,1.529,1.5297,91602.6
2026-09-24 19:25:00,1.5297,1.5309,1.5297,1.5307,30608.9
2026-09-24 19:26:00,1.5306,1.5308,1.5296,1.53,20080.4
2026-09-24 19:27:00,1.5301,1.5312,1.5299,1.5304,18524.7
2026-09-24 19:28:00,1.5303,1.5325,1.5298,1.5324,40936.3
2026-09-24 19:29:00,1.5324,1.5332,1.5319,1.5326,85259.9
2026-09-24 19:30:00,1.5327,1.5338,1.5308,1.5321,32272.1
2026-09-24 19:31:00,1.5321,1.5324,1.5311,1.532,37205.4
2026-09-24 19:32:00,1.5321,1.5324,1.5306,1.5308,71912.6
2026-09-24 19:33:00,1.5308,1.5333,1.5308,1.5333,187647.0
2026-09-24 19:34:00,1.5333,1.5333,1.5317,1.5325,103662.0
2026-09-24 19:35:00,1.5325,1.5325,1.5292,1.5294,158180.5
2026-09-24 19:36:00,1.5293,1.5299,1.5289,1.529,53446.9
2026-09-24 19:37:00,1.529,1.529,1.5263,1.5264,166588.4
2026-09-24 19:38:00,1.5264,1.5274,1.5261,1.5274,57276.4
2026-09-24 19:39:00,1.5274,1.5285,1.5269,1.5278,64859.2
2026-09-24 19:40:00,1.5278,1.5294,1.5275,1.5285,217424.9
2026-09-24 19:41:00,1.5284,1.5289,1.528,1.5289,19745.6
2026-09-24 19:42:00,1.5289,1.5296,1.5286,1.5287,63849.8
2026-09-24 19:43:00,1.5287,1.5287,1.526,1.5266,305505.7
2026-09-24 19:44:00,1.5266,1.5277,1.5266,1.5273,53044.1
2026-09-24 19:45:00,1.5273,1.5286,1.5267,1.5279,38943.6
2026-09-24 19:46:00,1.528,1.528,1.5265,1.5265,42326.8
2026-09-24 19:47:00,1.5265,1.5281,1.5262,1.5269,80124.7
2026-09-24 19:48:00,1.5269,1.5273,1.5253,1.5265,87532.5
2026-09-24 19:49:00,1.5265,1.5268,1.5258,1.526,26235.6
2026-09-24 19:50:00,1.526,1.5275,1.526,1.5262,83498.6
2026-09-24 19:51:00,1.5261,1.5278,1.5261,1.5278,40078.7
2026-09-24 19:52:00,1.5278,1.5295,1.5278,1.5281,81987.0
2026-09-24 19:53:00,1.5281,1.5281,1.5266,1.528,25268.0
2026-09-24 19:54:00,1.5279,1.5285,1.5272,1.5277,93638.0
2026-09-24 19:55:00,1.5277,1.5283,1.5268,1.5281,35073.7
2026-09-24 19:56:00,1.5281,1.5281,1.526,1.5261,184575.9
2026-09-24 19:57:00,1.5261,1.527,1.526,1.5266,66998.2
2026-09-24 19:58:00,1.5266,1.5272,1.5256,1.5261,225455.1
2026-09-24 19:59:00,1.5261,1.5291,1.5261,1.5283,546647.5
2026-09-24 20:00:00,1.5282,1.5297,1.5268,1.5291,348006.8
2026-09-24 20:01:00,1.5291,1.5291,1.5257,1.5259,80183.6
2026-09-24 20:02:00,1.5258,1.5287,1.5257,1.5274,99785.1
2026-09-24 20:03:00,1.5274,1.5311,1.5274,1.5311,107153.6
2026-09-24 20:04:00,1.5311,1.5318,1.5287,1.5288,87273.1
2026-09-24 20:05:00,1.5289,1.5289,1.5259,1.5261,27521.4
2026-09-24 20:06:00,1.526,1.5277,1.5243,1.5277,59003.7
2026-09-24 20:07:00,1.5277,1.5288,1.5276,1.5282,51930.2
2026-09-24 20:08:00,1.5282,1.5296,1.5262,1.5293,172905.2
2026-09-24 20:09:00,1.5293,1.5295,1.5283,1.5287,58219.4
2026-09-24 20:10:00,1.5287,1.5299,1.5285,1.5288,43420.8
2026-09-24 20:11:00,1.5288,1.5293,1.5286,1.5289,29274.7
2026-09-24 20:12:00,1.5289,1.5293,1.5261,1.5273,112813.1
2026-09-24 20:13:00,1.5272,1.5272,1.526,1.5261,29639.2
2026-09-24 20:14:00,1.5262,1.5265,1.5254,1.5262,51531.5
2026-09-24 20:15:00,1.5263,1.5266,1.5257,1.5263,141355.0
2026-09-24 20:16:00,1.5263,1.5281,1.5257,1.5273,319866.2
2026-09-24 20:17:00,1.5273,1.529,1.5271,1.529,160391.9
2026-09-24 20:18:00,1.5289,1.529,1.5273,1.5288,138858.1
2026-09-24 20:19:00,1.5289,1.531,1.5289,1.5304,110141.3
2026-09-24 20:20:00,1.5304,1.5305,1.5283,1.5284,145266.3
2026-09-24 20:21:00,1.5283,1.5297,1.5278,1.5286,48388.7
2026-09-24 20:22:00,1.5286,1.5307,1.5282,1.53,256218.6
2026-09-24 20:23:00,1.53,1.53,1.5275,1.5276,18794.1
2026-09-24 20:24:00,1.5277,1.5278,1.5259,1.526,93036.5
2026-09-24 20:25:00,1.5259,1.5259,1.5229,1.5253,118487.8
2026-09-24 20:26:00,1.5253,1.526,1.5247,1.5257,78415.0
2026-09-24 20:27:00,1.5258,1.5268,1.5257,1.5261,135115.7
2026-09-24 20:28:00,1.5262,1.5287,1.5261,1.5284,248456.2
2026-09-24 20:29:00,1.5284,1.5284,1.5267,1.5277,53170.4
2026-09-24 20:30:00,1.5277,1.5277,1.5247,1.5255,84810.7
2026-09-24 20:31:00,1.5254,1.5265,1.5247,1.526,40684.1
2026-09-24 20:32:00,1.5261,1.5261,1.5251,1.5254,83227.6
2026-09-24 20:33:00,1.5253,1.5259,1.5245,1.5257,53679.1
2026-09-24 20:34:00,1.5257,1.5279,1.5257,1.5274,71497.5
2026-09-24 20:35:00,1.5275,1.5277,1.5265,1.5276,88041.7
2026-09-24 20:36:00,1.5276,1.5277,1.5267,1.5272,53273.0
2026-09-24 20:37:00,1.5272,1.5279,1.526,1.5263,70931.4
2026-09-24 20:38:00,1.5263,1.5285,1.5262,1.5284,47341.5
2026-09-24 20:39:00,1.5283,1.5304,1.5281,1.5302,90642.8
2026-09-24 20:40:00,1.5302,1.5325,1.5302,1.5321,110223.1
2026-09-24 20:41:00,1.5321,1.5321,1.5307,1.5314,60031.1
2026-09-24 20:42:00,1.5313,1.5321,1.5307,1.5319,30174.9
2026-09-24 20:43:00,1.5319,1.532,1.5316,1.5316,38505.6
2026-09-24 20:44:00,1.5317,1.532,1.5303,1.5306,85437.9
2026-09-24 20:45:00,1.5305,1.5316,1.5303,1.5316,77148.8
2026-09-24 20:46:00,1.5315,1.5331,1.5315,1.533,44307.3
2026-09-24 20:47:00,1.533,1.533,1.5316,1.5323,64011.4
2026-09-24 20:48:00,1.5322,1.5325,1.5317,1.5325,78425.5
2026-09-24 20:49:00,1.5325,1.5342,1.5325,1.5338,110056.0
2026-09-24 20:50:00,1.5338,1.5346,1.5334,1.5339,97874.9
2026-09-24 20:51:00,1.534,1.5346,1.5338,1.5341,259126.5
2026-09-24 20:52:00,1.5341,1.5345,1.5329,1.5337,181485.0
2026-09-24 20:53:00,1.5337,1.5338,1.5319,1.532,92086.2
2026-09-24 20:54:00,1.532,1.532,1.53,1.53,76596.8
2026-09-24 20:55:00,1.5301,1.5306,1.5282,1.5287,96534.4
2026-09-24 20:56:00,1.5288,1.5293,1.5286,1.5292,49331.9
2026-09-24 20:57:00,1.5292,1.5292,1.5275,1.528,61594.4
2026-09-24 20:58:00,1.5279,1.5307,1.5279,1.5303,60441.2
2026-09-24 20:59:00,1.5303,1.5316,1.5302,1.5308,64415.7
2026-09-24 21:00:00,1.5309,1.5326,1.5309,1.5325,38127.8
2026-09-24 21:01:00,1.5325,1.5336,1.5319,1.5336,47165.7
2026-09-24 21:02:00,1.5336,1.5348,1.5315,1.5315,199477.6
2026-09-24 21:03:00,1.5315,1.5336,1.5312,1.5333,30824.0
2026-09-24 21:04:00,1.5332,1.5332,1.5319,1.5319,42927.3
2026-09-24 21:05:00,1.5318,1.5327,1.5313,1.5321,109351.4
2026-09-24 21:06:00,1.532,1.5324,1.5298,1.5308,117902.0
2026-09-24 21:07:00,1.5309,1.5315,1.5305,1.5308,88874.6
2026-09-24 21:08:00,1.5309,1.533,1.5309,1.5318,36714.3
2026-09-24 21:09:00,1.5319,1.5334,1.5319,1.5322,59775.1
2026-09-24 21:10:00,1.5323,1.5342,1.5321,1.5342,44936.3
2026-09-24 21:11:00,1.5342,1.5343,1.5334,1.5335,18538.4
2026-09-24 21:12:00,1.5335,1.5346,1.5335,1.5343,28315.9
2026-09-24 21:13:00,1.5343,1.5348,1.5333,1.5334,43986.4
2026-09-24 21:14:00,1.5334,1.5335,1.5322,1.5322,56926.6
2026-09-24 21:15:00,1.5322,1.5341,1.5321,1.5341,12670.9
2026-09-24 21:16:00,1.5341,1.5346,1.5337,1.5345,86867.8
2026-09-24 21:17:00,1.5345,1.5353,1.5339,1.5339,95161.8
2026-09-24 21:18:00,1.5339,1.5354,1.5339,1.5354,65415.3
2026-09-24 21:19:00,1.5355,1.5357,1.5348,1.5351,37374.2
2026-09-24 21:20:00,1.5352,1.5368,1.5352,1.5362,81268.1
2026-09-24 21:21:00,1.5362,1.5366,1.5357,1.5366,34112.6
2026-09-24 21:22:00,1.5367,1.5368,1.5348,1.5349,65569.6
2026-09-24 21:23:00,1.5349,1.5358,1.5349,1.5356,7764.9
2026-09-24 21:24:00,1.5357,1.5362,1.5356,1.5361,23229.6
2026-09-24 21:25:00,1.5361,1.5368,1.536,1.5362,52100.5
2026-09-24 21:26:00,1.5362,1.5363,1.5357,1.5362,37192.3
2026-09-24 21:27:00,1.5363,1.537,1.5359,1.5363,152298.6
2026-09-24 21:28:00,1.5363,1.5363,1.5359,1.5359,37622.0
2026-09-24 21:29:00,1.5359,1.536,1.5349,1.5353,69659.7
2026-09-24 21:30:00,1.5353,1.5362,1.5352,1.5358,42287.8
2026-09-24 21:31:00,1.5359,1.5367,1.5358,1.5367,49000.7
2026-09-24 21:32:00,1.5368,1.5383,1.5367,1.538,74739.5
2026-09-24 21:33:00,1.5379,1.5399,1.5379,1.5398,164539.5
2026-09-24 21:34:00,1.5398,1.54,1.5395,1.5395,119528.1
2026-09-24 21:35:00,1.5395,1.5403,1.5395,1.5402,116336.7
2026-09-24 21:36:00,1.5403,1.5406,1.54,1.5402,32169.4
2026-09-24 21:37:00,1.5402,1.5402,1.5394,1.5395,121820.3
2026-09-24 21:38:00,1.5394,1.5394,1.5373,1.5373,69120.3
2026-09-24 21:39:00,1.5374,1.5379,1.5368,1.5379,105586.3
2026-09-24 21:40:00,1.538,1.5389,1.538,1.5383,67716.6
2026-09-24 21:41:00,1.5383,1.5389,1.537,1.5372,135497.6
2026-09-24 21:42:00,1.5372,1.5378,1.5372,1.5375,92950.0
2026-09-24 21:43:00,1.5375,1.5384,1.5372,1.5377,158553.4
2026-09-24 21:44:00,1.5377,1.5394,1.5377,1.5394,119713.3
2026-09-24 21:45:00,1.5394,1.5395,1.5378,1.5386,94368.1
2026-09-24 21:46:00,1.5386,1.5396,1.5381,1.5388,58038.4
2026-09-24 21:47:00,1.5387,1.5388,1.5379,1.538,36004.5
2026-09-24 21:48:00,1.538,1.5389,1.5379,1.5386,55688.6
2026-09-24 21:49:00,1.5386,1.5386,1.5378,1.5379,21659.5
2026-09-24 21:50:00,1.538,1.5395,1.538,1.5395,39691.4
2026-09-24 21:51:00,1.5395,1.5397,1.5395,1.5396,24469.0
2026-09-24 21:52:00,1.5395,1.543,1.5394,1.5426,405346.1
2026-09-24 21:53:00,1.5425,1.5469,1.5425,1.546,562366.7
2026-09-24 21:54:00,1.5459,1.548,1.5452,1.5473,298216.9
2026-09-24 21:55:00,1.5472,1.5481,1.5453,1.5467,104302.6
2026-09-24 21:56:00,1.5466,1.548,1.5466,1.5473,227951.9
2026-09-24 21:57:00,1.5472,1.5472,1.5452,1.5452,108844.2
2026-09-24 21:58:00,1.5452,1.5453,1.5381,1.5397,388684.0
2026-09-24 21:59:00,1.5396,1.5406,1.5385,1.5385,122201.1
2026-09-24 22:00:00,1.5385,1.5385,1.5324,1.5341,509135.5
2026-09-24 22:01:00,1.534,1.536,1.5312,1.5357,184682.9
2026-09-24 22:02:00,1.5358,1.5378,1.5352,1.5378,105687.9
2026-09-24 22:03:00,1.5379,1.5417,1.5373,1.5416,60875.5
2026-09-24 22:04:00,1.5416,1.543,1.541,1.5414,133013.9
2026-09-24 22:05:00,1.5414,1.5414,1.5362,1.537,213093.2
2026-09-24 22:06:00,1.537,1.5401,1.5366,1.539,122925.9
2026-09-24 22:07:00,1.539,1.54,1.5375,1.5399,105070.4
2026-09-24 22:08:00,1.5399,1.5399,1.5381,1.5383,154190.4
2026-09-24 22:09:00,1.5384,1.5393,1.5369,1.5372,119034.1
2026-09-24 22:10:00,1.5372,1.5376,1.5363,1.5372,55781.4
2026-09-24 22:11:00,1.5372,1.5376,1.5365,1.537,60642.5
2026-09-24 22:12:00,1.537,1.5383,1.5363,1.5378,87957.4
2026-09-24 22:13:00,1.5377,1.5378,1.5351,1.5355,143004.8
2026-09-24 22:14:00,1.5356,1.5382,1.5354,1.5368,293327.3
2026-09-24 22:15:00,1.5368,1.5374,1.5363,1.5374,52804.0
2026-09-24 22:16:00,1.5374,1.5374,1.5338,1.534,174453.2
2026-09-24 22:17:00,1.5341,1.5351,1.533,1.533,120639.3
2026-09-24 22:18:00,1.5331,1.5332,1.5306,1.5314,221108.3
2026-09-24 22:19:00,1.5313,1.5327,1.5283,1.5308,382707.7
2026-09-24 22:20:00,1.5307,1.5315,1.5301,1.5309,229965.7
2026-09-24 22:21:00,1.5308,1.5314,1.5302,1.5313,185372.2
2026-09-24 22:22:00,1.5314,1.5315,1.5291,1.5302,123896.4
2026-09-24 22:23:00,1.5303,1.5311,1.5289,1.53,32777.0
2026-09-24 22:24:00,1.5299,1.5315,1.5291,1.5312,205810.4
2026-09-24 22:25:00,1.5312,1.5327,1.5307,1.5325,88240.4
2026-09-24 22:26:00,1.5325,1.5325,1.5311,1.5321,48192.8
2026-09-24 22:27:00,1.5321,1.5331,1.5316,1.5328,57745.7
2026-09-24 22:28:00,1.5328,1.5329,1.5317,1.5319,75630.8
2026-09-24 22:29:00,1.5318,1.5318,1.5303,1.5315,65648.7
2026-09-24 22:30:00,1.5316,1.5333,1.5315,1.5331,168612.8
2026-09-24 22:31:00,1.5332,1.5355,1.5332,1.5347,125187.3
2026-09-24 22:32:00,1.5347,1.5347,1.5327,1.5343,63111.8
2026-09-24 22:33:00,1.5343,1.5362,1.5342,1.5362,31797.8
2026-09-24 22:34:00,1.5363,1.5367,1.5359,1.5359,88660.1
2026-09-24 22:35:00,1.5359,1.5362,1.5339,1.5345,79385.2
2026-09-24 22:36:00,1.5346,1.5351,1.5337,1.5346,24079.1
2026-09-24 22:37:00,1.5346,1.5352,1.5339,1.5339,87352.4
2026-09-24 22:38:00,1.5339,1.5339,1.5322,1.5325,32215.1
2026-09-24 22:39:00,1.5324,1.5325,1.5307,1.5311,53224.1
2026-09-24 22:40:00,1.531,1.531,1.5293,1.53,30567.2
2026-09-24 22:41:00,1.53,1.5303,1.529,1.5296,83577.8
2026-09-24 22:42:00,1.5296,1.5306,1.5292,1.5306,17975.7
2026-09-24 22:43:00,1.5305,1.5326,1.5303,1.5325,106787.5
2026-09-24 22:44:00,1.5324,1.5326,1.5321,1.5325,86162.8
2026-09-24 22:45:00,1.5324,1.5335,1.5321,1.5326,21675.7
2026-09-24 22:46:00,1.5326,1.5333,1.532,1.5333,42790.3
2026-09-24 22:47:00,1.5334,1.5345,1.5332,1.5345,63336.6
2026-09-24 22:48:00,1.5345,1.5347,1.5335,1.5339,104182.9
2026-09-24 22:49:00,1.534,1.5351,1.5336,1.535,46874.9
2026-09-24 22:50:00,1.535,1.5362,1.535,1.5358,49150.4
2026-09-24 22:51:00,1.5357,1.5357,1.5348,1.5351,111773.3
2026-09-24 22:52:00,1.5351,1.5351,1.5322,1.5341,381859.7
2026-09-24 22:53:00,1.534,1.5341,1.5327,1.5329,105656.8
2026-09-24 22:54:00,1.5328,1.5335,1.5328,1.5329,46694.0
2026-09-24 22:55:00,1.5329,1.5329,1.5319,1.5321,143015.9
2026-09-24 22:56:00,1.532,1.5324,1.532,1.532,29230.9
2026-09-24 22:57:00,1.5319,1.5324,1.5319,1.5322,57044.3
2026-09-24 22:58:00,1.5321,1.5322,1.5318,1.532,34616.8
2026-09-24 22:59:00,1.532,1.5338,1.5315,1.533,181717.6
2026-09-24 23:00:00,1.533,1.5347,1.5324,1.5341,115829.6
2026-09-24 23:01:00,1.5342,1.5354,1.5341,1.5351,91088.8
2026-09-24 23:02:00,1.5352,1.5363,1.5352,1.5352,62836.2
2026-09-24 23:03:00,1.5353,1.537,1.5353,1.5365,205269.5
2026-09-24 23:04:00,1.5364,1.5366,1.5359,1.5366,110594.0
2026-09-24 23:05:00,1.5367,1.5392,1.5367,1.5391,319758.0
2026-09-24 23:06:00,1.5392,1.5395,1.5381,1.5381,102592.4
2026-09-24 23:07:00,1.538,1.538,1.5367,1.5371,153881.2
2026-09-24 23:08:00,1.5371,1.5372,1.536,1.5364,48065.0
2026-09-24 23:09:00,1.5364,1.5364,1.5345,1.5351,189276.6
2026-09-24 23:10:00,1.5351,1.536,1.5351,1.5356,31346.4
2026-09-24 23:11:00,1.5357,1.5364,1.5354,1.536,72490.1
2026-09-24 23:12:00,1.5359,1.5359,1.5315,1.5316,272366.1
2026-09-24 23:13:00,1.5315,1.5315,1.5301,1.5314,38877.8
2026-09-24 23:14:00,1.5315,1.5317,1.5312,1.5316,18725.0
2026-09-24 23:15:00,1.5316,1.5316,1.5301,1.5301,132255.8
2026-09-24 23:16:00,1.53,1.5322,1.53,1.5316,28245.7
2026-09-24 23:17:00,1.5316,1.5319,1.5313,1.5319,66966.8
2026-09-24 23:18:00,1.5319,1.5335,1.5317,1.533,20132.7
2026-09-24 23:19:00,1.5331,1.5341,1.533,1.5337,43044.4
2026-09-24 23:20:00,1.5336,1.5346,1.5334,1.5346,12168.4
2026-09-24 23:21:00,1.5347,1.5357,1.5344,1.5356,77109.0
2026-09-24 23:22:00,1.5356,1.5362,1.5356,1.5358,62458.3
2026-09-24 23:23:00,1.5358,1.5389,1.5358,1.5374,239642.2
2026-09-24 23:24:00,1.5374,1.5386,1.5372,1.5373,43557.0
2026-09-24 23:25:00,1.5373,1.5379,1.5373,1.5378,34437.1
2026-09-24 23:26:00,1.5378,1.5387,1.5378,1.5385,22928.9
2026-09-24 23:27:00,1.5386,1.5398,1.5386,1.5398,121176.9
2026-09-24 23:28:00,1.5398,1.5399,1.5371,1.5381,65697.6
2026-09-24 23:29:00,1.5381,1.5381,1.5364,1.5366,17464.6
2026-09-24 23:30:00,1.5367,1.5384,1.5367,1.5381,16507.0
2026-09-24 23:31:00,1.5381,1.5381,1.5366,1.5366,62711.5
2026-09-24 23:32:00,1.5367,1.5373,1.5356,1.5361,44878.4
2026-09-24 23:33:00,1.5362,1.5371,1.5361,1.5371,129373.5
2026-09-24 23:34:00,1.5371,1.5371,1.5361,1.5361,45578.7
2026-09-24 23:35:00,1.5361,1.5374,1.5361,1.5367,36952.7
2026-09-24 23:36:00,1.5367,1.5388,1.5367,1.5384,64191.6
2026-09-24 23:37:00,1.5384,1.5385,1.5381,1.5381,31809.1
2026-09-24 23:38:00,1.5381,1.5388,1.5379,1.5387,12385.4
2026-09-24 23:39:00,1.5388,1.539,1.5377,1.5378,83519.3
2026-09-24 23:40:00,1.5379,1.5383,1.5377,1.5382,20627.9
2026-09-24 23:41:00,1.5382,1.5385,1.5379,1.5384,7622.3
2026-09-24 23:42:00,1.5383,1.5384,1.5369,1.5373,176507.8
2026-09-24 23:43:00,1.5374,1.5375,1.5365,1.5365,13122.8
2026-09-24 23:44:00,1.5365,1.5369,1.5351,1.5351,125737.8
2026-09-24 23:45:00,1.5352,1.5356,1.5349,1.5356,44476.7
2026-09-24 23:46:00,1.5356,1.5356,1.535,1.5352,7879.8
2026-09-24 23:47:00,1.5351,1.5356,1.535,1.5352,34985.3
2026-09-24 23:48:00,1.5352,1.5362,1.5352,1.536,23734.0
2026-09-24 23:49:00,1.5359,1.5359,1.535,1.5353,126417.9
2026-09-24 23:50:00,1.5354,1.5364,1.5353,1.5364,12106.2
2026-09-24 23:51:00,1.5364,1.5364,1.5333,1.5344,137184.8
2026-09-24 23:52:00,1.5344,1.5351,1.5344,1.5351,32732.6
2026-09-24 23:53:00,1.5351,1.5352,1.5345,1.5348,118820.2
2026-09-24 23:54:00,1.5347,1.5347,1.5327,1.5327,128564.0
2026-09-24 23:55:00,1.5328,1.5328,1.5324,1.5324,40450.5
2026-09-24 23:56:00,1.5324,1.5327,1.5323,1.5323,86148.1
2026-09-24 23:57:00,1.5323,1.5335,1.5322,1.5331,84007.4
2026-09-24 23:58:00,1.533,1.5338,1.533,1.5331,10405.6
2026-09-24 23:59:00,1.5331,1.5354,1.533,1.5348,84232.7
2026-09-25 00:00:00,1.5347,1.5359,1.5343,1.5359,108736.2
2026-09-25 00:01:00,1.5358,1.5363,1.5354,1.5363,31577.6
2026-09-25 00:02:00,1.5363,1.537,1.5362,1.537,21134.3
2026-09-25 00:03:00,1.5371,1.5388,1.5365,1.5386,91009.0
2026-09-25 00:04:00,1.5386,1.5431,1.5386,1.5428,284042.6
2026-09-25 00:05:00,1.5428,1.5498,1.5428,1.5485,943502.3
2026-09-25 00:06:00,1.5484,1.5498,1.5458,1.5478,1166915.8
2026-09-25 00:07:00,1.5478,1.5494,1.5465,1.5473,611945.8
2026-09-25 00:08:00,1.5473,1.5473,1.5449,1.5464,131200.7
2026-09-25 00:09:00,1.5463,1.5492,1.5462,1.548,367562.0
2026-09-25 00:10:00,1.548,1.5487,1.5435,1.5435,310383.9
2026-09-25 00:11:00,1.5435,1.5451,1.5418,1.5438,296970.0
2026-09-25 00:12:00,1.5437,1.5463,1.543,1.5445,103701.7
2026-09-25 00:13:00,1.5445,1.5459,1.5441,1.5459,29550.2
2026-09-25 00:14:00,1.546,1.5483,1.546,1.5483,123895.0
2026-09-25 00:15:00,1.5482,1.5494,1.5471,1.5484,273740.1
2026-09-25 00:16:00,1.5484,1.5499,1.5473,1.5498,387264.8
2026-09-25 00:17:00,1.5498,1.55,1.5474,1.5478,378431.6
2026-09-25 00:18:00,1.5479,1.5479,1.5453,1.5464,68634.1
2026-09-25 00:19:00,1.5465,1.5498,1.5464,1.5497,254798.1
2026-09-25 00:20:00,1.5497,1.56,1.5497,1.5599,3043450.6
2026-09-25 00:21:00,1.5599,1.5612,1.5537,1.5538,506242.5
2026-09-25 00:22:00,1.5538,1.5553,1.5514,1.5535,178079.4
2026-09-25 00:23:00,1.5534,1.556,1.5531,1.5546,139577.5
2026-09-25 00:24:00,1.5546,1.5546,1.5517,1.5519,163588.3
2026-09-25 00:25:00,1.5519,1.5538,1.5503,1.5538,130756.1
2026-09-25 00:26:00,1.5537,1.5541,1.5501,1.5511,152096.4
2026-09-25 00:27:00,1.5511,1.5544,1.5503,1.5538,222295.4
2026-09-25 00:28:00,1.5538,1.5538,1.5514,1.553,233965.9
2026-09-25 00:29:00,1.553,1.5537,1.5511,1.553,152364.3
2026-09-25 00:30:00,1.5529,1.5565,1.5527,1.5532,188750.1
2026-09-25 00:31:00,1.5532,1.5537,1.5527,1.5534,58370.8
2026-09-25 00:32:00,1.5533,1.5582,1.5532,1.5558,179195.6
2026-09-25 00:33:00,1.5558,1.5562,1.554,1.5549,52343.2
2026-09-25 00:34:00,1.5549,1.5561,1.5529,1.5529,51295.8
2026-09-25 00:35:00,1.5528,1.5535,1.5504,1.5504,71373.7
2026-09-25 00:36:00,1.5505,1.5544,1.5489,1.5538,159819.3
2026-09-25 00:37:00,1.5538,1.5558,1.5532,1.5535,100114.8
2026-09-25 00:38:00,1.5535,1.5544,1.5525,1.5534,94193.1
2026-09-25 00:39:00,1.5533,1.5537,1.5521,1.5534,42656.6
2026-09-25 00:40:00,1.5533,1.5538,1.5518,1.5533,72585.3
2026-09-25 00:41:00,1.5533,1.5545,1.5533,1.5541,42995.5
2026-09-25 00:42:00,1.5541,1.5553,1.5495,1.5498,165829.9
2026-09-25 00:43:00,1.5498,1.5506,1.549,1.5495,83311.0
2026-09-25 00:44:00,1.5495,1.5495,1.5483,1.5484,45181.2
2026-09-25 00:45:00,1.5484,1.5484,1.5467,1.5472,63358.4
2026-09-25 00:46:00,1.5472,1.5479,1.5457,1.5463,109242.4
2026-09-25 00:47:00,1.5464,1.5466,1.5434,1.5437,240586.9
2026-09-25 00:48:00,1.5437,1.546,1.5437,1.546,97881.8
2026-09-25 00:49:00,1.5461,1.5486,1.546,1.548,66758.6
2026-09-25 00:50:00,1.5479,1.5487,1.5459,1.5459,58494.2
2026-09-25 00:51:00,1.5458,1.5485,1.5455,1.547,44863.8
2026-09-25 00:52:00,1.5469,1.5469,1.545,1.545,56186.9
2026-09-25 00:53:00,1.545,1.545,1.5437,1.545,58406.3
2026-09-25 00:54:00,1.5449,1.5476,1.5449,1.5464,72974.1
2026-09-25 00:55:00,1.5464,1.5472,1.5459,1.546,46560.3
2026-09-25 00:56:00,1.5459,1.5461,1.5443,1.5449,150798.0
2026-09-25 00:57:00,1.5448,1.546,1.5444,1.5444,71070.7
2026-09-25 00:58:00,1.5444,1.5455,1.5442,1.545,66390.8
2026-09-25 00:59:00,1.545,1.5451,1.5441,1.5444,16334.3
2026-09-25 01:00:00,1.5444,1.5444,1.5429,1.5437,69636.8
2026-09-25 01:01:00,1.5437,1.5479,1.5437,1.5477,83382.9
2026-09-25 01:02:00,1.5477,1.55,1.5475,1.5498,116720.1
2026-09-25 01:03:00,1.5498,1.5501,1.5491,1.55,50659.0
2026-09-25 01:04:00,1.5501,1.5535,1.5499,1.5527,346367.7
2026-09-25 01:05:00,1.5527,1.5548,1.5515,1.5547,122416.1
2026-09-25 01:06:00,1.5546,1.5555,1.5524,1.5525,210831.7
2026-09-25 01:07:00,1.5526,1.553,1.5518,1.552,140833.9
2026-09-25 01:08:00,1.5521,1.5537,1.5514,1.5522,357317.9
2026-09-25 01:09:00,1.5522,1.5537,1.5516,1.5518,91363.8
2026-09-25 01:10:00,1.5518,1.5532,1.551,1.5514,64816.7
2026-09-25 01:11:00,1.5514,1.5536,1.5508,1.5528,206934.6
2026-09-25 01:12:00,1.5527,1.5532,1.5508,1.5508,118853.9
2026-09-25 01:13:00,1.5508,1.5512,1.5501,1.5506,70865.9
2026-09-25 01:14:00,1.5506,1.551,1.5494,1.5494,36515.7
2026-09-25 01:15:00,1.5493,1.5504,1.5486,1.5486,110713.9
2026-09-25 01:16:00,1.5487,1.5488,1.5471,1.5479,56708.3
2026-09-25 01:17:00,1.548,1.5522,1.548,1.5505,95483.1
2026-09-25 01:18:00,1.5505,1.5512,1.5479,1.5494,157055.6
2026-09-25 01:19:00,1.5494,1.5494,1.5476,1.5479,63717.2
2026-09-25 01:20:00,1.5478,1.5478,1.5441,1.5455,153730.5
2026-09-25 01:21:00,1.5455,1.5465,1.5454,1.5464,74532.9
2026-09-25 01:22:00,1.5464,1.5464,1.5427,1.5434,97706.7
2026-09-25 01:23:00,1.5434,1.5436,1.5417,1.542,151719.3
2026-09-25 01:24:00,1.542,1.5436,1.542,1.5427,73528.5
2026-09-25 01:25:00,1.5428,1.5435,1.5403,1.5421,237276.0
2026-09-25 01:26:00,1.542,1.5447,1.542,1.5438,104586.8
2026-09-25 01:27:00,1.5438,1.5453,1.5437,1.5449,23127.9
2026-09-25 01:28:00,1.5448,1.5448,1.5427,1.5427,59432.0
2026-09-25 01:29:00,1.5428,1.5435,1.5424,1.5425,47469.2
2026-09-25 01:30:00,1.5424,1.5424,1.5385,1.5387,147187.6
2026-09-25 01:31:00,1.5386,1.5395,1.5371,1.5371,129525.8
2026-09-25 01:32:00,1.5372,1.5402,1.5365,1.5383,130404.5
2026-09-25 01:33:00,1.5382,1.5387,1.5372,1.5374,60806.5
2026-09-25 01:34:00,1.5374,1.5376,1.5365,1.5374,58792.2
2026-09-25 01:35:00,1.5373,1.5373,1.5353,1.5368,105836.5
2026-09-25 01:36:00,1.5368,1.537,1.5357,1.5357,116730.2
2026-09-25 01:37:00,1.5358,1.5379,1.5357,1.5372,53669.9
2026-09-25 01:38:00,1.5372,1.538,1.5367,1.5377,29521.8
2026-09-25 01:39:00,1.5377,1.5408,1.5377,1.5396,83648.2
2026-09-25 01:40:00,1.5396,1.5396,1.5378,1.5378,48889.5
2026-09-25 01:41:00,1.5379,1.5409,1.5379,1.5406,51051.2
2026-09-25 01:42:00,1.5406,1.5413,1.5406,1.5413,17232.8
2026-09-25 01:43:00,1.5413,1.5417,1.5412,1.5415,34027.0
2026-09-25 01:44:00,1.5415,1.5419,1.5398,1.5403,22884.6
2026-09-25 01:45:00,1.5403,1.5405,1.5393,1.5399,164166.4
2026-09-25 01:46:00,1.5399,1.5419,1.5398,1.5419,53395.5
2026-09-25 01:47:00,1.5419,1.544,1.5409,1.5416,125221.5
2026-09-25 01:48:00,1.5415,1.543,1.5413,1.542,53558.8
2026-09-25 01:49:00,1.5421,1.5421,1.5411,1.5412,66316.0
2026-09-25 01:50:00,1.5412,1.543,1.5402,1.5423,93719.4
2026-09-25 01:51:00,1.5422,1.5433,1.5415,1.5433,139973.4
2026-09-25 01:52:00,1.5433,1.5452,1.5433,1.5435,92056.4
2026-09-25 01:53:00,1.5435,1.5437,1.5402,1.5402,77111.0
2026-09-25 01:54:00,1.5402,1.5404,1.5394,1.5396,44954.7
2026-09-25 01:55:00,1.5396,1.5396,1.5385,1.5393,185648.9
2026-09-25 01:56:00,1.5392,1.5402,1.5386,1.5394,256290.3
2026-09-25 01:57:00,1.5393,1.5408,1.5393,1.5397,193266.8
2026-09-25 01:58:00,1.5396,1.5403,1.5393,1.54,36280.9
2026-09-25 01:59:00,1.5401,1.5414,1.5401,1.5411,62495.5
2026-09-25 02:00:00,1.5411,1.5422,1.5411,1.5419,107631.5
2026-09-25 02:01:00,1.5418,1.5426,1.541,1.5426,37446.4
2026-09-25 02:02:00,1.5426,1.5477,1.5425,1.5475,109659.3
2026-09-25 02:03:00,1.5475,1.5496,1.5474,1.5491,68205.4
2026-09-25 02:04:00,1.5491,1.5524,1.5491,1.5524,446209.0
2026-09-25 02:05:00,1.5523,1.5536,1.5518,1.5519,122718.4
2026-09-25 02:06:00,1.5518,1.5534,1.551,1.5526,123602.5
2026-09-25 02:07:00,1.5526,1.5531,1.5514,1.5514,45875.0
2026-09-25 02:08:00,1.5515,1.5521,1.5502,1.5502,66130.3
2026-09-25 02:09:00,1.5503,1.551,1.5496,1.5506,94320.2
2026-09-25 02:10:00,1.5505,1.5521,1.5503,1.5518,287854.4
2026-09-25 02:11:00,1.5518,1.5534,1.5514,1.5531,141575.2
2026-09-25 02:12:00,1.5531,1.5538,1.5519,1.553,100488.4
2026-09-25 02:13:00,1.553,1.553,1.551,1.5519,156425.7
2026-09-25 02:14:00,1.5519,1.5521,1.5512,1.5513,128273.4
2026-09-25 02:15:00,1.5513,1.5524,1.5488,1.5488,239807.6
2026-09-25 02:16:00,1.5489,1.551,1.5488,1.551,222006.5
2026-09-25 02:17:00,1.551,1.5527,1.5504,1.5522,57484.5
2026-09-25 02:18:00,1.5523,1.5528,1.5505,1.5505,121691.6
2026-09-25 02:19:00,1.5504,1.5504,1.549,1.5495,73729.5
2026-09-25 02:20:00,1.5495,1.5496,1.5471,1.5483,163928.7
2026-09-25 02:21:00,1.5482,1.549,1.5477,1.5485,32099.0
2026-09-25 02:22:00,1.5484,1.5489,1.5479,1.548,48467.2
2026-09-25 02:23:00,1.5479,1.5481,1.5459,1.5459,101265.6
2026-09-25 02:24:00,1.5459,1.547,1.5459,1.5465,65389.3
2026-09-25 02:25:00,1.5466,1.5466,1.5453,1.5465,142521.6
2026-09-25 02:26:00,1.5465,1.5466,1.5461,1.5464,40032.2
2026-09-25 02:27:00,1.5465,1.5476,1.5447,1.5449,42104.3
2026-09-25 02:28:00,1.5449,1.5449,1.5425,1.5428,221284.9
2026-09-25 02:29:00,1.5429,1.5438,1.541,1.5438,190034.7
2026-09-25 02:30:00,1.5438,1.5447,1.5428,1.5443,170724.3
2026-09-25 02:31:00,1.5443,1.5451,1.5434,1.5441,42227.9
2026-09-25 02:32:00,1.5441,1.5444,1.5433,1.5441,56573.0
2026-09-25 02:33:00,1.5441,1.5444,1.5428,1.5429,29056.7
2026-09-25 02:34:00,1.5429,1.5431,1.5406,1.5406,37900.1
2026-09-25 02:35:00,1.5406,1.5407,1.5402,1.5406,55339.2
2026-09-25 02:36:00,1.5406,1.5406,1.5368,1.5368,388518.7
2026-09-25 02:37:00,1.5367,1.5369,1.5353,1.5355,173134.7
2026-09-25 02:38:00,1.5355,1.5355,1.5305,1.534,919713.0
2026-09-25 02:39:00,1.534,1.5361,1.5281,1.5319,1244698.0
2026-09-25 02:40:00,1.5319,1.5333,1.5304,1.5307,412169.8
2026-09-25 02:41:00,1.5308,1.533,1.5307,1.5325,175223.6
2026-09-25 02:42:00,1.5324,1.5332,1.532,1.5332,547503.2
2026-09-25 02:43:00,1.5332,1.5338,1.5327,1.5336,497717.9
2026-09-25 02:44:00,1.5337,1.5345,1.5327,1.5328,131295.6
2026-09-25 02:45:00,1.5328,1.533,1.532,1.5322,84328.3
2026-09-25 02:46:00,1.5321,1.5321,1.5283,1.5287,282841.2
2026-09-25 02:47:00,1.5287,1.5291,1.5272,1.5281,428550.5
2026-09-25 02:48:00,1.5281,1.5293,1.5273,1.5293,292964.9
2026-09-25 02:49:00,1.5293,1.5309,1.5293,1.5303,250677.4
2026-09-25 02:50:00,1.5303,1.5303,1.5269,1.5273,154883.0
2026-09-25 02:51:00,1.5273,1.5276,1.5269,1.5271,81978.7
2026-09-25 02:52:00,1.5272,1.5292,1.5271,1.5288,154548.8
2026-09-25 02:53:00,1.5287,1.5288,1.5272,1.5273,106663.5
2026-09-25 02:54:00,1.5273,1.5284,1.527,1.5278,84950.5
2026-09-25 02:55:00,1.5277,1.5294,1.5276,1.5278,205067.4
2026-09-25 02:56:00,1.5277,1.5278,1.5266,1.5267,66552.0
2026-09-25 02:57:00,1.5267,1.5285,1.5263,1.5268,200394.3
2026-09-25 02:58:00,1.5269,1.5285,1.5262,1.5282,253241.0
2026-09-25 02:59:00,1.5281,1.5286,1.5274,1.5286,62139.8
2026-09-25 03:00:00,1.5286,1.5286,1.5252,1.5272,454655.3
2026-09-25 03:01:00,1.5273,1.528,1.5268,1.5269,160711.7
2026-09-25 03:02:00,1.5269,1.5273,1.5251,1.5254,307989.5
2026-09-25 03:03:00,1.5254,1.5273,1.5244,1.5265,562870.7
2026-09-25 03:04:00,1.5264,1.5283,1.5264,1.5283,449151.2
2026-09-25 03:05:00,1.5282,1.5302,1.5278,1.5296,379014.3
2026-09-25 03:06:00,1.5297,1.5304,1.5296,1.53,318556.6
2026-09-25 03:07:00,1.5299,1.5316,1.5298,1.5316,135685.2
2026-09-25 03:08:00,1.5315,1.5319,1.5307,1.5308,62224.5
2026-09-25 03:09:00,1.5308,1.5325,1.5301,1.5325,105106.3
2026-09-25 03:10:00,1.5324,1.5324,1.5315,1.532,47659.3
2026-09-25 03:11:00,1.5321,1.5329,1.5318,1.5329,72413.8
2026-09-25 03:12:00,1.5329,1.5329,1.5295,1.5304,217244.3
2026-09-25 03:13:00,1.5303,1.5303,1.5288,1.5291,77763.8
2026-09-25 03:14:00,1.5291,1.5294,1.528,1.5292,96628.1
2026-09-25 03:15:00,1.5292,1.5326,1.5292,1.5319,59013.0
2026-09-25 03:16:00,1.5319,1.5321,1.5281,1.5282,157834.3
2026-09-25 03:17:00,1.5282,1.5299,1.5282,1.5299,42054.6
2026-09-25 03:18:00,1.5299,1.53,1.5286,1.5287,43290.8
2026-09-25 03:19:00,1.5287,1.529,1.5275,1.5283,180225.6
2026-09-25 03:20:00,1.5283,1.529,1.5277,1.529,70997.6
2026-09-25 03:21:00,1.529,1.5298,1.5268,1.5281,146506.7
2026-09-25 03:22:00,1.5282,1.5291,1.5277,1.5291,46531.4
2026-09-25 03:23:00,1.5291,1.5295,1.5284,1.5291,42354.8
2026-09-25 03:24:00,1.529,1.5291,1.5285,1.5286,11888.3
2026-09-25 03:25:00,1.5286,1.5304,1.5286,1.5288,113528.0
2026-09-25 03:26:00,1.5289,1.5291,1.5277,1.5277,84536.1
2026-09-25 03:27:00,1.5278,1.528,1.5258,1.5268,114824.9
2026-09-25 03:28:00,1.5268,1.5273,1.5262,1.5266,86940.4
2026-09-25 03:29:00,1.5267,1.5267,1.5259,1.5267,99650.8
2026-09-25 03:30:00,1.5266,1.5272,1.5243,1.5244,110017.3
2026-09-25 03:31:00,1.5244,1.5263,1.5234,1.5261,125334.2
2026-09-25 03:32:00,1.5261,1.5288,1.5259,1.5288,70363.1
2026-09-25 03:33:00,1.5287,1.5296,1.5284,1.5285,31100.0
2026-09-25 03:34:00,1.5284,1.5296,1.5282,1.5294,79600.8
2026-09-25 03:35:00,1.5294,1.5297,1.5289,1.5295,47364.7
2026-09-25 03:36:00,1.5294,1.5298,1.5291,1.5296,61341.5
2026-09-25 03:37:00,1.5296,1.5316,1.5296,1.5311,295107.8
2026-09-25 03:38:00,1.5311,1.5326,1.5311,1.5326,61040.6
2026-09-25 03:39:00,1.5326,1.533,1.5323,1.533,56867.9
2026-09-25 03:40:00,1.5331,1.5345,1.532,1.5324,285202.2
2026-09-25 03:41:00,1.5324,1.5331,1.5323,1.533,23566.4
2026-09-25 03:42:00,1.533,1.5331,1.5316,1.5318,24563.0
2026-09-25 03:43:00,1.5318,1.5323,1.5306,1.5307,110851.6
2026-09-25 03:44:00,1.5307,1.5307,1.529,1.5291,51542.0
2026-09-25 03:45:00,1.5291,1.5292,1.528,1.5287,116174.9
2026-09-25 03:46:00,1.5286,1.5287,1.5271,1.5287,65553.3
2026-09-25 03:47:00,1.5288,1.5296,1.528,1.5283,66098.2
2026-09-25 03:48:00,1.5282,1.5293,1.528,1.5292,41407.0
2026-09-25 03:49:00,1.5292,1.5293,1.5273,1.528,161182.8
2026-09-25 03:50:00,1.5279,1.5308,1.5278,1.5308,100891.1
2026-09-25 03:51:00,1.5308,1.531,1.5298,1.5302,47685.6
2026-09-25 03:52:00,1.5301,1.5306,1.5284,1.5298,106296.2
2026-09-25 03:53:00,1.5297,1.5299,1.5297,1.5298,19165.6
2026-09-25 03:54:00,1.5298,1.5299,1.5291,1.5298,12155.0
2026-09-25 03:55:00,1.5299,1.5309,1.5299,1.5309,47907.1
2026-09-25 03:56:00,1.5309,1.5311,1.5305,1.5307,44502.1
2026-09-25 03:57:00,1.5306,1.531,1.5304,1.5309,34735.9
2026-09-25 03:58:00,1.5309,1.5311,1.5293,1.5299,27393.5
2026-09-25 03:59:00,1.5298,1.5314,1.5295,1.5305,140135.0
2026-09-25 04:00:00,1.5304,1.5309,1.5299,1.5309,60349.2
2026-09-25 04:01:00,1.5309,1.5317,1.5304,1.5317,114814.9
2026-09-25 04:02:00,1.5318,1.5322,1.5309,1.5314,72252.8
2026-09-25 04:03:00,1.5313,1.5313,1.5296,1.5297,66894.9
2026-09-25 04:04:00,1.5297,1.5299,1.5291,1.5296,71204.8
2026-09-25 04:05:00,1.5296,1.53,1.5292,1.5292,49597.3
2026-09-25 04:06:00,1.5292,1.5295,1.5285,1.529,63934.5
2026-09-25 04:07:00,1.5291,1.532,1.5291,1.532,82056.5
2026-09-25 04:08:00,1.532,1.533,1.5313,1.5313,124953.0
2026-09-25 04:09:00,1.5313,1.5317,1.5313,1.5317,30657.9
2026-09-25 04:10:00,1.5318,1.5326,1.531,1.531,81414.5
2026-09-25 04:11:00,1.5309,1.5312,1.5289,1.53,169898.1
2026-09-25 04:12:00,1.5301,1.5303,1.5289,1.5289,24958.7
2026-09-25 04:13:00,1.529,1.5294,1.5289,1.529,49544.6
2026-09-25 04:14:00,1.529,1.5306,1.5278,1.528,84424.7
2026-09-25 04:15:00,1.5279,1.5297,1.5273,1.5287,254000.9
2026-09-25 04:16:00,1.5287,1.5311,1.5287,1.5311,124213.8
2026-09-25 04:17:00,1.5311,1.5317,1.5311,1.5311,61798.7
2026-09-25 04:18:00,1.5311,1.5311,1.53,1.53,26689.3
2026-09-25 04:19:00,1.53,1.5307,1.53,1.5305,32743.6
2026-09-25 04:20:00,1.5305,1.5305,1.5284,1.5284,33753.3
2026-09-25 04:21:00,1.5283,1.53,1.5276,1.5295,127331.3
2026-09-25 04:22:00,1.5296,1.5301,1.529,1.529,25026.4
2026-09-25 04:23:00,1.5291,1.5309,1.5291,1.5306,97584.9
2026-09-25 04:24:00,1.5307,1.5314,1.5307,1.531,56863.5
2026-09-25 04:25:00,1.5309,1.5311,1.5301,1.5309,48182.0
2026-09-25 04:26:00,1.5309,1.5311,1.5303,1.5306,34311.9
2026-09-25 04:27:00,1.5306,1.5314,1.53,1.5307,94113.9
2026-09-25 04:28:00,1.5308,1.5311,1.5302,1.5303,18645.6
2026-09-25 04:29:00,1.5302,1.531,1.5302,1.5308,33192.7
2026-09-25 04:30:00,1.5308,1.532,1.5308,1.532,62072.8
2026-09-25 04:31:00,1.5319,1.5331,1.5312,1.5324,212504.5
2026-09-25 04:32:00,1.5325,1.5331,1.5318,1.5326,47160.3
2026-09-25 04:33:00,1.5327,1.5341,1.5327,1.5341,45040.0
2026-09-25 04:34:00,1.5341,1.5356,1.5341,1.5355,99101.9
2026-09-25 04:35:00,1.5354,1.5356,1.5347,1.5349,74777.6
2026-09-25 04:36:00,1.5349,1.5366,1.5345,1.5366,68568.4
2026-09-25 04:37:00,1.5366,1.5371,1.5359,1.536,39151.1
2026-09-25 04:38:00,1.536,1.5384,1.536,1.5381,162527.5
2026-09-25 04:39:00,1.5381,1.5397,1.5378,1.5397,131138.3
2026-09-25 04:40:00,1.5396,1.5409,1.5394,1.5409,187793.7
2026-09-25 04:41:00,1.541,1.5415,1.5401,1.5406,83974.4
2026-09-25 04:42:00,1.5406,1.5417,1.5406,1.5414,107428.7
2026-09-25 04:43:00,1.5414,1.5415,1.5404,1.5404,66424.8
2026-09-25 04:44:00,1.5405,1.5405,1.5396,1.5396,65735.2
2026-09-25 04:45:00,1.5396,1.5399,1.5386,1.5391,104304.7
2026-09-25 04:46:00,1.5391,1.5396,1.5386,1.5389,28404.0
2026-09-25 04:47:00,1.5389,1.5389,1.5377,1.5378,17063.2
2026-09-25 04:48:00,1.5377,1.5377,1.5347,1.5348,316612.3
2026-09-25 04:49:00,1.5347,1.5349,1.5346,1.5347,18041.7
2026-09-25 04:50:00,1.5347,1.5347,1.5335,1.5338,49291.1
2026-09-25 04:51:00,1.5338,1.534,1.5328,1.533,60716.9
2026-09-25 04:52:00,1.533,1.5333,1.5328,1.5328,91214.3
2026-09-25 04:53:00,1.5328,1.5338,1.5326,1.5338,81431.2
2026-09-25 04:54:00,1.5338,1.5341,1.5334,1.5334,64057.4
2026-09-25 04:55:00,1.5334,1.5339,1.5334,1.5339,49934.3
2026-09-25 04:56:00,1.5339,1.5348,1.5338,1.5342,106237.8
2026-09-25 04:57:00,1.5342,1.5352,1.5335,1.5336,53010.3
2026-09-25 04:58:00,1.5336,1.5336,1.5321,1.5323,73055.1
2026-09-25 04:59:00,1.5324,1.5328,1.5323,1.5324,29496.0
2026-09-25 05:00:00,1.5323,1.5334,1.5321,1.5333,65898.5
2026-09-25 05:01:00,1.5334,1.5349,1.5334,1.5343,47307.7
2026-09-25 05:02:00,1.5342,1.5363,1.5337,1.5362,75011.0
2026-09-25 05:03:00,1.5362,1.5362,1.5344,1.5347,68839.8
2026-09-25 05:04:00,1.5347,1.5354,1.5337,1.5338,48894.1
2026-09-25 05:05:00,1.5337,1.5337,1.5323,1.5327,74202.5
2026-09-25 05:06:00,1.5328,1.5339,1.5322,1.5339,50315.9
2026-09-25 05:07:00,1.5339,1.5339,1.5318,1.5323,145975.9
2026-09-25 05:08:00,1.5323,1.5324,1.5309,1.5324,85279.2
2026-09-25 05:09:00,1.5325,1.5351,1.5325,1.5348,288854.7
2026-09-25 05:10:00,1.5347,1.5357,1.5345,1.5355,32422.7
2026-09-25 05:11:00,1.5354,1.5354,1.5328,1.5331,48870.8
2026-09-25 05:12:00,1.5332,1.5334,1.5326,1.5332,46359.1
2026-09-25 05:13:00,1.5333,1.5342,1.5329,1.5342,86090.0
2026-09-25 05:14:00,1.5342,1.5347,1.5305,1.5311,338817.4
2026-09-25 05:15:00,1.5311,1.5346,1.5311,1.5346,123095.7
2026-09-25 05:16:00,1.5346,1.5362,1.5346,1.5361,42820.6
2026-09-25 05:17:00,1.5361,1.5373,1.535,1.5351,114899.9
2026-09-25 05:18:00,1.535,1.5351,1.5333,1.5337,311360.5
2026-09-25 05:19:00,1.5337,1.534,1.5333,1.5333,107279.2
2026-09-25 05:20:00,1.5333,1.5339,1.5333,1.5337,55629.1
2026-09-25 05:21:00,1.5337,1.5344,1.5335,1.5343,44155.7
2026-09-25 05:22:00,1.5343,1.5343,1.5312,1.5313,104926.9
2026-09-25 05:23:00,1.5313,1.5313,1.5291,1.5291,181697.1
2026-09-25 05:24:00,1.5291,1.5326,1.5291,1.5307,368198.4
2026-09-25 05:25:00,1.5306,1.5315,1.5306,1.5313,39976.6
2026-09-25 05:26:00,1.5312,1.5328,1.531,1.5328,59867.4
2026-09-25 05:27:00,1.5328,1.5334,1.5323,1.5327,58799.3
2026-09-25 05:28:00,1.5326,1.5332,1.5315,1.5316,24417.6
2026-09-25 05:29:00,1.5315,1.5315,1.5308,1.5311,24388.6
2026-09-25 05:30:00,1.5312,1.5314,1.528,1.5293,357603.9
2026-09-25 05:31:00,1.5294,1.5297,1.5289,1.5289,53113.8
2026-09-25 05:32:00,1.5289,1.5289,1.5268,1.5274,169281.5
2026-09-25 05:33:00,1.5274,1.53,1.527,1.5291,80176.2
2026-09-25 05:34:00,1.5291,1.5293,1.527,1.5275,77026.1
2026-09-25 05:35:00,1.5276,1.5293,1.5276,1.5293,43717.9
2026-09-25 05:36:00,1.5294,1.5303,1.5277,1.5296,85470.7
2026-09-25 05:37:00,1.5296,1.5303,1.5294,1.5302,39772.8
2026-09-25 05:38:00,1.5302,1.5325,1.5298,1.5318,95599.9
2026-09-25 05:39:00,1.5318,1.5353,1.5316,1.5353,257631.9
2026-09-25 05:40:00,1.5352,1.5352,1.533,1.533,49760.4
2026-09-25 05:41:00,1.5329,1.5336,1.5318,1.5321,58107.5
2026-09-25 05:42:00,1.532,1.532,1.5305,1.5305,43044.7
2026-09-25 05:43:00,1.5306,1.5308,1.5301,1.5307,33381.0
2026-09-25 05:44:00,1.5306,1.5315,1.5304,1.531,59685.3
2026-09-25 05:45:00,1.531,1.5328,1.5307,1.5328,69568.5
2026-09-25 05:46:00,1.5327,1.5327,1.5306,1.5306,51704.2
2026-09-25 05:47:00,1.5307,1.5313,1.5302,1.5304,56450.3
2026-09-25 05:48:00,1.5305,1.5308,1.5295,1.5295,98821.7
2026-09-25 05:49:00,1.5295,1.5297,1.5288,1.5294,72662.3
2026-09-25 05:50:00,1.5295,1.5308,1.5295,1.5297,46480.5
2026-09-25 05:51:00,1.5296,1.5298,1.5292,1.5293,36816.7
2026-09-25 05:52:00,1.5292,1.5297,1.5291,1.5292,96881.2
2026-09-25 05:53:00,1.5291,1.5293,1.5289,1.529,10448.3
2026-09-25 05:54:00,1.5289,1.529,1.5287,1.5289,13243.6
2026-09-25 05:55:00,1.5289,1.5291,1.5285,1.5291,6695.5
2026-09-25 05:56:00,1.5291,1.5294,1.5282,1.5282,17591.5
2026-09-25 05:57:00,1.5281,1.5285,1.5277,1.5282,93214.8
2026-09-25 05:58:00,1.5282,1.5285,1.5279,1.5284,33307.5
2026-09-25 05:59:00,1.5284,1.5286,1.528,1.5281,12916.9
2026-09-25 06:00:00,1.5282,1.5291,1.5274,1.5274,160133.5
2026-09-25 06:01:00,1.5274,1.5279,1.5266,1.5277,86035.0
2026-09-25 06:02:00,1.5277,1.5296,1.5277,1.5295,32551.3
2026-09-25 06:03:00,1.5296,1.5304,1.5289,1.5295,20364.1
2026-09-25 06:04:00,1.5296,1.5302,1.5293,1.5296,35153.6
2026-09-25 06:05:00,1.5297,1.5305,1.5296,1.5302,11563.1
2026-09-25 06:06:00,1.5303,1.5305,1.529,1.529,41003.6
2026-09-25 06:07:00,1.529,1.5294,1.5285,1.5294,54478.8
2026-09-25 06:08:00,1.5294,1.5301,1.5293,1.53,50370.2
2026-09-25 06:09:00,1.5301,1.5305,1.5275,1.5275,222875.4
2026-09-25 06:10:00,1.5274,1.5274,1.5251,1.5259,115586.8
2026-09-25 06:11:00,1.5259,1.5262,1.5248,1.5254,61449.2
2026-09-25 06:12:00,1.5254,1.5257,1.5229,1.5229,257570.6
2026-09-25 06:13:00,1.5229,1.525,1.521,1.525,433831.4
2026-09-25 06:14:00,1.525,1.5285,1.5248,1.5285,141970.5
2026-09-25 06:15:00,1.5286,1.5298,1.5259,1.5259,75771.8
2026-09-25 06:16:00,1.5258,1.5286,1.5256,1.5275,241589.6
2026-09-25 06:17:00,1.5275,1.5301,1.5275,1.5294,42297.5
2026-09-25 06:18:00,1.5294,1.5303,1.5294,1.5302,66268.7
2026-09-25 06:19:00,1.5302,1.5326,1.5302,1.5323,20482.1
2026-09-25 06:20:00,1.5324,1.5358,1.5324,1.5352,106224.8
2026-09-25 06:21:00,1.5352,1.5357,1.5349,1.5354,25329.7
2026-09-25 06:22:00,1.5353,1.5356,1.5328,1.5328,40816.0
2026-09-25 06:23:00,1.5329,1.5337,1.5327,1.5329,19358.3
2026-09-25 06:24:00,1.533,1.533,1.5315,1.5315,31900.5
2026-09-25 06:25:00,1.5314,1.5314,1.5302,1.5302,11490.6
2026-09-25 06:26:00,1.5303,1.5307,1.5298,1.53,114611.9
2026-09-25 06:27:00,1.53,1.5303,1.5274,1.5277,30052.4
2026-09-25 06:28:00,1.5277,1.5277,1.5264,1.5264,15347.6
2026-09-25 06:29:00,1.5264,1.5306,1.5264,1.5302,375014.3
2026-09-25 06:30:00,1.5302,1.5315,1.5297,1.5312,66272.0
2026-09-25 06:31:00,1.5312,1.5317,1.5292,1.5296,69292.4
2026-09-25 06:32:00,1.5297,1.5297,1.5286,1.5294,29776.1
2026-09-25 06:33:00,1.5294,1.5297,1.5253,1.5258,81936.3
2026-09-25 06:34:00,1.5257,1.5282,1.5257,1.528,158710.3
2026-09-25 06:35:00,1.528,1.53,1.5276,1.5289,114986.2
2026-09-25 06:36:00,1.529,1.529,1.5263,1.5267,39454.8
2026-09-25 06:37:00,1.5266,1.527,1.5261,1.5269,97054.5
2026-09-25 06:38:00,1.527,1.527,1.526,1.526,30435.2
2026-09-25 06:39:00,1.5259,1.5259,1.5244,1.5254,60141.2
2026-09-25 06:40:00,1.5254,1.5284,1.5254,1.5283,44222.7
2026-09-25 06:41:00,1.5284,1.5289,1.5277,1.5278,44852.8
2026-09-25 06:42:00,1.5278,1.5288,1.5272,1.5288,19707.9
2026-09-25 06:43:00,1.5288,1.5288,1.5269,1.5276,41252.7
2026-09-25 06:44:00,1.5276,1.5284,1.5274,1.5283,42254.0
2026-09-25 06:45:00,1.5283,1.5294,1.5276,1.529,127203.0
2026-09-25 06:46:00,1.529,1.5308,1.5287,1.5306,80478.4
2026-09-25 06:47:00,1.5305,1.5305,1.5272,1.5273,43464.0
2026-09-25 06:48:00,1.5273,1.5285,1.527,1.5276,88153.0
2026-09-25 06:49:00,1.5276,1.528,1.527,1.528,49865.1
2026-09-25 06:50:00,1.5281,1.5288,1.5272,1.5283,45139.6
2026-09-25 06:51:00,1.5283,1.5303,1.5282,1.5293,108464.2
2026-09-25 06:52:00,1.5293,1.5302,1.5292,1.5297,32788.5
2026-09-25 06:53:00,1.5297,1.5306,1.5288,1.5301,57681.4
2026-09-25 06:54:00,1.5301,1.5311,1.5301,1.5311,39736.6
2026-09-25 06:55:00,1.5311,1.5315,1.5306,1.5307,37545.6
2026-09-25 06:56:00,1.5308,1.5312,1.5299,1.5311,24919.5
2026-09-25 06:57:00,1.5311,1.5311,1.5294,1.5301,21753.8
2026-09-25 06:58:00,1.5301,1.5307,1.5296,1.5304,10421.1
2026-09-25 06:59:00,1.5303,1.5303,1.53,1.53,25158.2
2026-09-25 07:00:00,1.53,1.5312,1.5298,1.5312,51788.3
2026-09-25 07:01:00,1.5312,1.5313,1.5297,1.5302,36813.3
2026-09-25 07:02:00,1.5301,1.5307,1.5296,1.5302,25600.6
2026-09-25 07:03:00,1.5303,1.5315,1.5303,1.531,15257.4
2026-09-25 07:04:00,1.531,1.5315,1.53,1.5305,27443.0
2026-09-25 07:05:00,1.5306,1.5314,1.5302,1.5314,39357.9
2026-09-25 07:06:00,1.5313,1.5324,1.531,1.5324,26243.0
2026-09-25 07:07:00,1.5325,1.5334,1.5316,1.5319,162815.0
2026-09-25 07:08:00,1.5319,1.5321,1.5266,1.5267,72679.0
2026-09-25 07:09:00,1.5268,1.5299,1.5261,1.5291,75640.3
2026-09-25 07:10:00,1.5291,1.5297,1.5291,1.5297,20410.6
2026-09-25 07:11:00,1.5298,1.5303,1.5289,1.5295,23390.3
2026-09-25 07:12:00,1.5294,1.5294,1.5268,1.5274,26860.8
2026-09-25 07:13:00,1.5273,1.5286,1.5272,1.5278,43555.2
2026-09-25 07:14:00,1.5279,1.5289,1.5276,1.5278,25282.2
2026-09-25 07:15:00,1.5277,1.5289,1.5276,1.5289,34437.0
2026-09-25 07:16:00,1.5289,1.5307,1.5286,1.5307,58405.9
2026-09-25 07:17:00,1.5307,1.5327,1.5307,1.5327,46171.3
2026-09-25 07:18:00,1.5327,1.5338,1.5326,1.5331,51527.2
2026-09-25 07:19:00,1.5332,1.5346,1.5332,1.5345,38845.9
2026-09-25 07:20:00,1.5346,1.5364,1.5344,1.5364,58938.7
2026-09-25 07:21:00,1.5363,1.5367,1.5347,1.5367,84612.5
2026-09-25 07:22:00,1.5367,1.5374,1.5361,1.5364,134707.0
2026-09-25 07:23:00,1.5364,1.5369,1.5352,1.5355,111635.7
2026-09-25 07:24:00,1.5354,1.5369,1.535,1.5368,45215.2
2026-09-25 07:25:00,1.5368,1.5381,1.5365,1.538,52685.3
2026-09-25 07:26:00,1.538,1.538,1.5373,1.5375,41655.4
2026-09-25 07:27:00,1.5374,1.5374,1.5351,1.5373,109538.7
2026-09-25 07:28:00,1.5372,1.5379,1.5369,1.5372,53030.5
2026-09-25 07:29:00,1.5371,1.5377,1.5369,1.5369,31572.4
2026-09-25 07:30:00,1.5369,1.5396,1.5369,1.5391,83171.3
2026-09-25 07:31:00,1.5391,1.54,1.5381,1.5382,113993.9
2026-09-25 07:32:00,1.5381,1.5382,1.5331,1.5337,195034.0
2026-09-25 07:33:00,1.5338,1.534,1.531,1.5311,174646.4
2026-09-25 07:34:00,1.531,1.531,1.5301,1.5307,63664.1
2026-09-25 07:35:00,1.5306,1.5306,1.5271,1.528,138242.2
2026-09-25 07:36:00,1.528,1.5283,1.5257,1.5259,136269.2
2026-09-25 07:37:00,1.526,1.528,1.5257,1.5273,53283.8
2026-09-25 07:38:00,1.5274,1.5279,1.5244,1.5246,98077.6
2026-09-25 07:39:00,1.5245,1.5248,1.5215,1.5215,262243.1
2026-09-25 07:40:00,1.5216,1.5223,1.521,1.5215,198881.1
2026-09-25 07:41:00,1.5216,1.5233,1.5191,1.5233,309436.5
2026-09-25 07:42:00,1.5232,1.5236,1.5225,1.5231,46145.3
2026-09-25 07:43:00,1.5231,1.5262,1.5231,1.5259,86161.4
2026-09-25 07:44:00,1.5259,1.5266,1.5253,1.526,30927.7
2026-09-25 07:45:00,1.5259,1.5272,1.5248,1.526,34969.4
2026-09-25 07:46:00,1.526,1.5284,1.526,1.5283,73367.2
2026-09-25 07:47:00,1.5282,1.5284,1.527,1.5272,34183.9
2026-09-25 07:48:00,1.5272,1.5274,1.5265,1.5267,32990.3
2026-09-25 07:49:00,1.5267,1.5289,1.5267,1.5289,26343.1
2026-09-25 07:50:00,1.5289,1.5295,1.5287,1.5291,15847.7
2026-09-25 07:51:00,1.5291,1.5303,1.5287,1.5298,19721.1
2026-09-25 07:52:00,1.5297,1.5297,1.5289,1.5294,48799.5
2026-09-25 07:53:00,1.5294,1.531,1.5294,1.5307,84864.7
2026-09-25 07:54:00,1.5307,1.531,1.5295,1.5301,62538.7
2026-09-25 07:55:00,1.5301,1.5311,1.5301,1.5307,21618.1
2026-09-25 07:56:00,1.5306,1.531,1.5299,1.53,28129.5
2026-09-25 07:57:00,1.5299,1.5316,1.5298,1.531,59817.5
2026-09-25 07:58:00,1.531,1.5316,1.5307,1.5316,67864.2
2026-09-25 07:59:00,1.5316,1.5346,1.5316,1.5345,291720.1
2026-09-25 08:00:00,1.5344,1.5345,1.5336,1.5343,160199.5
2026-09-25 08:01:00,1.5343,1.5371,1.5343,1.5365,242975.0
2026-09-25 08:02:00,1.5364,1.5383,1.5364,1.5373,221360.6
2026-09-25 08:03:00,1.5372,1.5375,1.5358,1.5371,50009.9
2026-09-25 08:04:00,1.5371,1.5382,1.535,1.5352,88874.1
2026-09-25 08:05:00,1.5351,1.536,1.5338,1.534,59165.3
2026-09-25 08:06:00,1.5341,1.5341,1.5332,1.5333,57841.1
2026-09-25 08:07:00,1.5334,1.5337,1.531,1.5318,47060.8
2026-09-25 08:08:00,1.5317,1.534,1.5317,1.5326,37151.0
2026-09-25 08:09:00,1.5327,1.5339,1.5327,1.5331,35241.1
2026-09-25 08:10:00,1.5331,1.5338,1.5316,1.5321,70425.4
2026-09-25 08:11:00,1.532,1.5337,1.5316,1.5331,37276.0
2026-09-25 08:12:00,1.5332,1.5345,1.5327,1.5345,40085.8
2026-09-25 08:13:00,1.5345,1.5357,1.5339,1.534,89393.1
2026-09-25 08:14:00,1.5341,1.535,1.5335,1.5337,30718.2
2026-09-25 08:15:00,1.5337,1.5364,1.5337,1.5364,32247.8
2026-09-25 08:16:00,1.5365,1.5389,1.5365,1.5381,120105.7
2026-09-25 08:17:00,1.538,1.5411,1.538,1.5396,122152.6
2026-09-25 08:18:00,1.5396,1.5409,1.539,1.5406,93051.8
2026-09-25 08:19:00,1.5405,1.5418,1.5394,1.5411,860854.1
2026-09-25 08:20:00,1.5411,1.5418,1.5406,1.5408,41733.0
2026-09-25 08:21:00,1.5408,1.5447,1.5407,1.5446,148741.2
2026-09-25 08:22:00,1.5445,1.5466,1.5439,1.5457,282604.5
2026-09-25 08:23:00,1.5457,1.5464,1.5445,1.5464,70330.8
2026-09-25 08:24:00,1.5463,1.5484,1.5455,1.5483,176711.0
2026-09-25 08:25:00,1.5483,1.5489,1.5473,1.5483,126341.3
2026-09-25 08:26:00,1.5482,1.5483,1.5465,1.547,93783.3
2026-09-25 08:27:00,1.547,1.5483,1.5469,1.5483,83976.3
2026-09-25 08:28:00,1.5484,1.5493,1.5476,1.5477,104382.2
2026-09-25 08:29:00,1.5477,1.5477,1.5458,1.546,170773.9
2026-09-25 08:30:00,1.546,1.547,1.5452,1.5464,275707.6
2026-09-25 08:31:00,1.5464,1.5467,1.5438,1.5456,210973.9
2026-09-25 08:32:00,1.5456,1.5458,1.5439,1.5451,85813.4
2026-09-25 08:33:00,1.5451,1.5466,1.545,1.5465,53753.3
2026-09-25 08:34:00,1.5465,1.5465,1.5436,1.5437,132494.4
2026-09-25 08:35:00,1.5436,1.544,1.5418,1.5425,48200.8
2026-09-25 08:36:00,1.5424,1.5437,1.5412,1.5435,176304.4
2026-09-25 08:37:00,1.5434,1.5435,1.5425,1.5426,66754.4
2026-09-25 08:38:00,1.5426,1.5431,1.5419,1.5425,51076.2
2026-09-25 08:39:00,1.5425,1.5425,1.5414,1.5415,49038.9
2026-09-25 08:40:00,1.5415,1.5417,1.5401,1.5414,55828.1
2026-09-25 08:41:00,1.5413,1.5413,1.5402,1.5407,138172.7
2026-09-25 08:42:00,1.5407,1.5407,1.5396,1.5396,32207.8
2026-09-25 08:43:00,1.5396,1.5398,1.5391,1.5394,12114.3
2026-09-25 08:44:00,1.5394,1.5395,1.5391,1.5393,10478.1
2026-09-25 08:45:00,1.5392,1.5395,1.5382,1.5387,60083.9
2026-09-25 08:46:00,1.5387,1.5415,1.5386,1.5408,70174.4
2026-09-25 08:47:00,1.5408,1.5415,1.5398,1.5398,71347.8
2026-09-25 08:48:00,1.5399,1.5402,1.5391,1.5392,57539.9
2026-09-25 08:49:00,1.5391,1.5398,1.5382,1.5383,70642.8
2026-09-25 08:50:00,1.5382,1.5382,1.5357,1.5368,146129.1
2026-09-25 08:51:00,1.5369,1.5394,1.5369,1.5388,47024.1
2026-09-25 08:52:00,1.5389,1.5394,1.5377,1.539,88748.3
2026-09-25 08:53:00,1.5389,1.5405,1.5389,1.5396,111512.7
2026-09-25 08:54:00,1.5396,1.5406,1.539,1.5406,26018.8
2026-09-25 08:55:00,1.5406,1.5417,1.5406,1.5416,19879.5
2026-09-25 08:56:00,1.5416,1.5427,1.5409,1.5427,59827.8
2026-09-25 08:57:00,1.5428,1.5433,1.5416,1.5417,91540.1
2026-09-25 08:58:00,1.5416,1.5422,1.5413,1.5422,124275.2
2026-09-25 08:59:00,1.5422,1.5432,1.5421,1.5428,51985.8
2026-09-25 09:00:00,1.5429,1.5434,1.5422,1.5433,60070.4
2026-09-25 09:01:00,1.5434,1.5456,1.5433,1.5451,176980.5
2026-09-25 09:02:00,1.5451,1.5468,1.5451,1.5468,97703.4
2026-09-25 09:03:00,1.5468,1.5475,1.5463,1.5464,49181.6
2026-09-25 09:04:00,1.5464,1.548,1.5449,1.5473,172189.6
2026-09-25 09:05:00,1.5474,1.5497,1.5473,1.5489,280764.8
2026-09-25 09:06:00,1.5489,1.55,1.5477,1.5493,227045.0
2026-09-25 09:07:00,1.5492,1.5506,1.549,1.5499,176015.1
2026-09-25 09:08:00,1.5499,1.551,1.5494,1.5502,185259.6
2026-09-25 09:09:00,1.5503,1.5504,1.548,1.5481,98158.7
2026-09-25 09:10:00,1.548,1.548,1.5467,1.5468,52259.2
2026-09-25 09:11:00,1.5467,1.5473,1.5467,1.547,55073.7
2026-09-25 09:12:00,1.547,1.547,1.546,1.5462,9214.2
2026-09-25 09:13:00,1.5461,1.5474,1.5455,1.5466,158410.8
2026-09-25 09:14:00,1.5465,1.5465,1.5455,1.5459,86243.6
2026-09-25 09:15:00,1.5459,1.5464,1.545,1.5462,329657.2
2026-09-25 09:16:00,1.5462,1.5473,1.5462,1.5471,75633.4
2026-09-25 09:17:00,1.5471,1.5472,1.5464,1.5464,76475.2
2026-09-25 09:18:00,1.5465,1.5505,1.5459,1.5505,342220.8
2026-09-25 09:19:00,1.5504,1.5504,1.5489,1.5491,84006.6
2026-09-25 09:20:00,1.5491,1.5494,1.5481,1.5489,58846.2
2026-09-25 09:21:00,1.5489,1.5495,1.5482,1.5493,60959.7
2026-09-25 09:22:00,1.5493,1.5519,1.5492,1.5499,458914.2
2026-09-25 09:23:00,1.5499,1.5505,1.5492,1.5504,112508.6
2026-09-25 09:24:00,1.5505,1.5513,1.5505,1.5509,77154.6
2026-09-25 09:25:00,1.5508,1.5543,1.5508,1.5535,342352.9
2026-09-25 09:26:00,1.5534,1.5555,1.5534,1.5554,192103.3
2026-09-25 09:27:00,1.5554,1.5559,1.554,1.5552,199672.2
2026-09-25 09:28:00,1.5552,1.5575,1.5551,1.5574,298194.3
2026-09-25 09:29:00,1.5574,1.5576,1.557,1.5576,120585.2
2026-09-25 09:30:00,1.5575,1.5607,1.5568,1.5595,384159.8
2026-09-25 09:31:00,1.5595,1.562,1.5592,1.5597,388434.4
2026-09-25 09:32:00,1.5597,1.5614,1.5573,1.5576,223325.5
2026-09-25 09:33:00,1.5576,1.5576,1.5558,1.5568,139400.6
2026-09-25 09:34:00,1.5568,1.5595,1.5563,1.5585,91138.1
2026-09-25 09:35:00,1.5586,1.5586,1.557,1.5575,83322.2
2026-09-25 09:36:00,1.5576,1.5584,1.5574,1.5578,69696.7
2026-09-25 09:37:00,1.5578,1.5578,1.5562,1.5564,113606.2
2026-09-25 09:38:00,1.5564,1.5578,1.5563,1.5574,125061.4
2026-09-25 09:39:00,1.5575,1.559,1.5567,1.5589,188446.8
2026-09-25 09:40:00,1.5589,1.5612,1.5575,1.5575,478027.7
2026-09-25 09:41:00,1.5576,1.5577,1.5547,1.5549,157834.1
2026-09-25 09:42:00,1.5549,1.5558,1.5546,1.5553,129726.5
2026-09-25 09:43:00,1.5552,1.5557,1.555,1.5556,46829.0
2026-09-25 09:44:00,1.5556,1.5572,1.5556,1.557,74125.9
2026-09-25 09:45:00,1.5571,1.5579,1.5561,1.5563,215457.0
2026-09-25 09:46:00,1.5563,1.5584,1.5551,1.5579,408059.1
2026-09-25 09:47:00,1.5579,1.5592,1.5575,1.5577,104561.8
2026-09-25 09:48:00,1.5576,1.558,1.5559,1.5565,158859.9
2026-09-25 09:49:00,1.5565,1.5575,1.5557,1.5573,46995.4
2026-09-25 09:50:00,1.5573,1.5573,1.5551,1.5552,131914.0
2026-09-25 09:51:00,1.5552,1.5558,1.5545,1.5545,101743.9
2026-09-25 09:52:00,1.5546,1.5553,1.5542,1.5543,166974.2
2026-09-25 09:53:00,1.5543,1.5555,1.5521,1.5555,353496.1
2026-09-25 09:54:00,1.5555,1.5555,1.5524,1.5525,223053.5
2026-09-25 09:55:00,1.5526,1.5558,1.5523,1.5549,256194.9
2026-09-25 09:56:00,1.5549,1.555,1.5541,1.5545,98633.0
2026-09-25 09:57:00,1.5545,1.555,1.5537,1.5547,107510.1
2026-09-25 09:58:00,1.5546,1.5554,1.5544,1.5548,122418.6
2026-09-25 09:59:00,1.5548,1.5552,1.5536,1.5536,140374.7
2026-09-25 10:00:00,1.5536,1.5541,1.5527,1.5531,68483.9
2026-09-25 10:01:00,1.553,1.553,1.5507,1.5512,129389.6
2026-09-25 10:02:00,1.5511,1.5512,1.5487,1.5489,105181.6
2026-09-25 10:03:00,1.5488,1.5489,1.5472,1.5478,194790.7
2026-09-25 10:04:00,1.5479,1.5486,1.5473,1.5484,103146.8
2026-09-25 10:05:00,1.5483,1.5491,1.5471,1.5482,257762.9
2026-09-25 10:06:00,1.5482,1.5488,1.5477,1.5478,155641.4
2026-09-25 10:07:00,1.5477,1.5483,1.5474,1.5475,41360.7
2026-09-25 10:08:00,1.5476,1.5482,1.5473,1.5481,90561.7
2026-09-25 10:09:00,1.5481,1.5497,1.548,1.5493,241567.4
2026-09-25 10:10:00,1.5492,1.5506,1.5491,1.5502,46783.2
2026-09-25 10:11:00,1.5503,1.5512,1.5499,1.55,196393.3
2026-09-25 10:12:00,1.55,1.5506,1.5491,1.5495,54741.0
2026-09-25 10:13:00,1.5496,1.5507,1.549,1.5498,205933.7
2026-09-25 10:14:00,1.5498,1.5498,1.5477,1.548,138221.3
2026-09-25 10:15:00,1.548,1.5481,1.5475,1.5476,28804.1
2026-09-25 10:16:00,1.5475,1.5476,1.5458,1.5473,143418.5
2026-09-25 10:17:00,1.5473,1.5489,1.5473,1.5474,209567.1
2026-09-25 10:18:00,1.5474,1.5474,1.546,1.546,124509.2
2026-09-25 10:19:00,1.5461,1.5464,1.5454,1.5454,56523.1
2026-09-25 10:20:00,1.5454,1.547,1.545,1.5466,246634.8
2026-09-25 10:21:00,1.5466,1.5476,1.5459,1.5473,95420.7
2026-09-25 10:22:00,1.5472,1.5476,1.5462,1.5475,92735.0
2026-09-25 10:23:00,1.5475,1.5484,1.5464,1.5481,275155.1
2026-09-25 10:24:00,1.5482,1.5493,1.5481,1.5492,23470.7
2026-09-25 10:25:00,1.5492,1.5499,1.549,1.5495,64366.6
2026-09-25 10:26:00,1.5495,1.5505,1.5494,1.5504,77131.9
2026-09-25 10:27:00,1.5504,1.552,1.5504,1.5517,148696.5
2026-09-25 10:28:00,1.5517,1.5548,1.5516,1.5547,41404.8
2026-09-25 10:29:00,1.5548,1.5554,1.5541,1.5553,139247.4
2026-09-25 10:30:00,1.5553,1.5573,1.553,1.5565,523719.2
2026-09-25 10:31:00,1.5565,1.5566,1.553,1.5538,155986.9
2026-09-25 10:32:00,1.5539,1.554,1.5524,1.5526,60006.2
2026-09-25 10:33:00,1.5526,1.5539,1.5518,1.5538,56802.4
2026-09-25 10:34:00,1.5538,1.555,1.5533,1.5539,156351.8
2026-09-25 10:35:00,1.5539,1.5546,1.5537,1.5544,38351.5
2026-09-25 10:36:00,1.5544,1.5551,1.554,1.5548,126082.1
2026-09-25 10:37:00,1.5548,1.5555,1.5546,1.555,58163.3
2026-09-25 10:38:00,1.555,1.5554,1.5541,1.5541,81738.9
2026-09-25 10:39:00,1.5541,1.5541,1.5527,1.5531,119861.7
2026-09-25 10:40:00,1.5532,1.555,1.5532,1.5548,42601.8
2026-09-25 10:41:00,1.5549,1.5558,1.5543,1.5545,111497.3
2026-09-25 10:42:00,1.5546,1.5558,1.5546,1.5557,207048.1
2026-09-25 10:43:00,1.5557,1.5567,1.5546,1.5547,195396.5
2026-09-25 10:44:00,1.5548,1.5554,1.5548,1.5554,62171.1
2026-09-25 10:45:00,1.5554,1.5555,1.555,1.5552,168138.9
2026-09-25 10:46:00,1.5552,1.5564,1.5552,1.5556,74122.8
2026-09-25 10:47:00,1.5556,1.5558,1.5554,1.5557,50578.0
2026-09-25 10:48:00,1.5557,1.5565,1.5556,1.5563,36044.8
2026-09-25 10:49:00,1.5562,1.5568,1.5549,1.5551,143318.8
2026-09-25 10:50:00,1.5552,1.5572,1.5551,1.5562,47306.9
2026-09-25 10:51:00,1.5561,1.5597,1.5556,1.5596,295134.6
2026-09-25 10:52:00,1.5596,1.5606,1.5589,1.5591,352685.3
2026-09-25 10:53:00,1.5591,1.5608,1.5577,1.5577,493680.7
2026-09-25 10:54:00,1.5578,1.5618,1.5577,1.5615,205766.8
2026-09-25 10:55:00,1.5615,1.5616,1.5586,1.5586,553126.3
2026-09-25 10:56:00,1.5586,1.5595,1.558,1.5592,95012.2
2026-09-25 10:57:00,1.5592,1.5592,1.5581,1.5582,64397.4
2026-09-25 10:58:00,1.5581,1.5598,1.5572,1.5577,512636.8
2026-09-25 10:59:00,1.5578,1.5578,1.5567,1.5567,50277.5
2026-09-25 11:00:00,1.5568,1.5574,1.5563,1.5568,128555.1
2026-09-25 11:01:00,1.5567,1.5588,1.5567,1.5585,80699.2
2026-09-25 11:02:00,1.5585,1.5589,1.5575,1.5579,87706.7
2026-09-25 11:03:00,1.5579,1.5585,1.5575,1.558,32255.5
2026-09-25 11:04:00,1.558,1.5602,1.5579,1.5601,218990.8
2026-09-25 11:05:00,1.56,1.5631,1.5597,1.5623,267487.2
2026-09-25 11:06:00,1.5624,1.5675,1.5623,1.5672,643212.5
2026-09-25 11:07:00,1.5672,1.6,1.5665,1.5718,2946704.0
2026-09-25 11:08:00,1.5717,1.575,1.5706,1.5707,916338.8
2026-09-25 11:09:00,1.5706,1.5713,1.5682,1.5712,490814.5
2026-09-25 11:10:00,1.5711,1.5712,1.5691,1.5703,239583.5
2026-09-25 11:11:00,1.5704,1.5749,1.5699,1.5744,843384.5
2026-09-25 11:12:00,1.5744,1.576,1.574,1.5755,789845.2
2026-09-25 11:13:00,1.5755,1.5761,1.5732,1.5738,1033153.5
2026-09-25 11:14:00,1.5738,1.5792,1.5738,1.5791,823635.9
2026-09-25 11:15:00,1.5791,1.5814,1.5774,1.5813,946024.8
2026-09-25 11:16:00,1.5813,1.588,1.5799,1.5856,1071618.9
2026-09-25 11:17:00,1.5856,1.5894,1.5843,1.5878,1007790.5
2026-09-25 11:18:00,1.5878,1.5883,1.5819,1.5831,927687.0
2026-09-25 11:19:00,1.5832,1.5883,1.5831,1.584,1063781.3
2026-09-25 11:20:00,1.5839,1.5846,1.5817,1.5831,618877.1
2026-09-25 11:21:00,1.5831,1.5855,1.5828,1.5849,661881.8
2026-09-25 11:22:00,1.5849,1.586,1.5839,1.5839,809220.2
2026-09-25 11:23:00,1.584,1.5848,1.5795,1.5799,1122259.8
2026-09-25 11:24:00,1.5799,1.5828,1.577,1.5828,1291865.7
2026-09-25 11:25:00,1.5827,1.5834,1.5802,1.5813,1023844.7
2026-09-25 11:26:00,1.5813,1.5884,1.5813,1.5884,1022927.5
2026-09-25 11:27:00,1.5884,1.5891,1.5852,1.5875,1338628.0
2026-09-25 11:28:00,1.5875,1.5895,1.5844,1.5886,1421662.1
2026-09-25 11:29:00,1.5885,1.5895,1.5875,1.5876,601109.7
2026-09-25 11:30:00,1.5876,1.5879,1.5839,1.5855,874109.8
2026-09-25 11:31:00,1.5855,1.5866,1.5848,1.5848,569394.8
2026-09-25 11:32:00,1.5849,1.5853,1.5828,1.5839,611015.5
2026-09-25 11:33:00,1.5839,1.5873,1.5837,1.5855,581617.8
2026-09-25 11:34:00,1.5854,1.5886,1.5854,1.5877,763384.6
2026-09-25 11:35:00,1.5878,1.5903,1.5875,1.5887,1139624.5
2026-09-25 11:36:00,1.5888,1.5888,1.5856,1.5857,549828.1
2026-09-25 11:37:00,1.5856,1.5865,1.5828,1.5834,466107.4
2026-09-25 11:38:00,1.5835,1.5857,1.5831,1.5846,620533.7
2026-09-25 11:39:00,1.5846,1.5856,1.584,1.5844,455465.2
2026-09-25 11:40:00,1.5843,1.5856,1.5841,1.5841,637724.9
2026-09-25 11:41:00,1.5841,1.5848,1.5806,1.5808,777762.0
2026-09-25 11:42:00,1.5807,1.5831,1.5804,1.5827,700359.1
2026-09-25 11:43:00,1.5826,1.584,1.5825,1.5831,557540.7
2026-09-25 11:44:00,1.5831,1.5832,1.5817,1.5824,546975.2
2026-09-25 11:45:00,1.5825,1.5857,1.5823,1.5829,669276.0
2026-09-25 11:46:00,1.5829,1.5872,1.5826,1.5872,767389.1
2026-09-25 11:47:00,1.5873,1.5909,1.5872,1.5894,801194.4
2026-09-25 11:48:00,1.5894,1.59,1.586,1.587,575702.8
2026-09-25 11:49:00,1.5871,1.5906,1.5867,1.5868,740199.4
2026-09-25 11:50:00,1.5867,1.5899,1.5853,1.589,684046.1
2026-09-25 11:51:00,1.589,1.5989,1.5878,1.5986,2270473.1
2026-09-25 11:52:00,1.5986,1.6,1.5949,1.5982,1056673.7
2026-09-25 11:53:00,1.5982,1.6,1.5949,1.5967,975275.5
2026-09-25 11:54:00,1.5967,1.5976,1.5933,1.594,742128.3
2026-09-25 11:55:00,1.594,1.5978,1.5938,1.5967,580826.3
2026-09-25 11:56:00,1.5966,1.5972,1.5936,1.5954,753108.0
2026-09-25 11:57:00,1.5954,1.5972,1.593,1.5935,594204.1
2026-09-25 11:58:00,1.5935,1.5941,1.5913,1.5917,480218.7
2026-09-25 11:59:00,1.5918,1.5974,1.5914,1.5947,725854.0
2026-09-25 12:00:00,1.5948,1.6003,1.5944,1.5993,973308.8
2026-09-25 12:01:00,1.5993,1.6097,1.5992,1.6076,1549638.7
2026-09-25 12:02:00,1.6075,1.6138,1.6071,1.6094,860629.6
2026-09-25 12:03:00,1.6093,1.6196,1.6075,1.6148,1516717.5
2026-09-25 12:04:00,1.6147,1.6174,1.6104,1.6143,825474.0
2026-09-25 12:05:00,1.6142,1.6179,1.6137,1.6168,777866.3
2026-09-25 12:06:00,1.6168,1.6189,1.6155,1.618,626958.8
2026-09-25 12:07:00,1.6181,1.6288,1.6163,1.6278,1804904.5
2026-09-25 12:08:00,1.6278,1.63,1.6226,1.6247,915181.8
2026-09-25 12:09:00,1.6247,1.6256,1.6176,1.6193,1505802.4
2026-09-25 12:10:00,1.6192,1.6196,1.6142,1.6169,959357.8
2026-09-25 12:11:00,1.6168,1.6193,1.6142,1.6151,1128359.2
2026-09-25 12:12:00,1.615,1.6171,1.6138,1.615,848727.1
2026-09-25 12:13:00,1.615,1.6154,1.6034,1.6034,1146031.5
2026-09-25 12:14:00,1.6034,1.6049,1.5954,1.603,1431238.4
2026-09-25 12:15:00,1.603,1.6031,1.5933,1.5936,1224574.5
2026-09-25 12:16:00,1.5935,1.5957,1.5857,1.5879,1986867.1
2026-09-25 12:17:00,1.5879,1.592,1.5831,1.5842,1689530.7
2026-09-25 12:18:00,1.5842,1.5885,1.5795,1.5852,1785872.2
2026-09-25 12:19:00,1.5852,1.5854,1.5789,1.5841,1472231.8
2026-09-25 12:20:00,1.5841,1.5908,1.5816,1.5907,718214.4
2026-09-25 12:21:00,1.5907,1.5949,1.5894,1.5944,1220992.9
2026-09-25 12:22:00,1.5944,1.6,1.5936,1.5993,852945.3
2026-09-25 12:23:00,1.5994,1.6036,1.5987,1.6014,1145500.5
2026-09-25 12:24:00,1.6013,1.61,1.6012,1.6089,1186524.2
2026-09-25 12:25:00,1.6089,1.6099,1.6056,1.6088,975699.5
2026-09-25 12:26:00,1.6088,1.6109,1.6055,1.6067,1134037.4
2026-09-25 12:27:00,1.6068,1.6121,1.605,1.609,985439.9
2026-09-25 12:28:00,1.6089,1.6114,1.6059,1.611,932593.4
2026-09-25 12:29:00,1.6111,1.616,1.6104,1.6156,1046310.7
2026-09-25 12:30:00,1.6156,1.6229,1.6131,1.618,1812996.9
2026-09-25 12:31:00,1.6179,1.6215,1.6138,1.6159,970806.3
2026-09-25 12:32:00,1.6159,1.6192,1.6117,1.6171,1061057.1
2026-09-25 12:33:00,1.6171,1.6191,1.6148,1.6176,765561.6
2026-09-25 12:34:00,1.6176,1.6177,1.6134,1.6143,838055.8
2026-09-25 12:35:00,1.6143,1.6209,1.6139,1.6191,1067582.4
2026-09-25 12:36:00,1.6192,1.6214,1.6168,1.6196,964744.1
2026-09-25 12:37:00,1.6195,1.6213,1.6145,1.6179,730104.5
2026-09-25 12:38:00,1.618,1.6209,1.617,1.6199,1265563.9
2026-09-25 12:39:00,1.62,1.6242,1.6184,1.6227,1197301.2
2026-09-25 12:40:00,1.6227,1.6251,1.6182,1.6217,1081537.9
2026-09-25 12:41:00,1.6216,1.6217,1.6151,1.6167,866241.2
2026-09-25 12:42:00,1.6168,1.6191,1.6131,1.6151,862801.7
2026-09-25 12:43:00,1.6152,1.6168,1.6122,1.6128,1466764.1
2026-09-25 12:44:00,1.6128,1.6185,1.6125,1.6173,1396426.8
2026-09-25 12:45:00,1.6173,1.619,1.6118,1.6181,1208661.0
2026-09-25 12:46:00,1.6182,1.6214,1.6091,1.6152,1096325.1
2026-09-25 12:47:00,1.6152,1.619,1.6116,1.6183,944409.2
2026-09-25 12:48:00,1.6184,1.6211,1.6144,1.6144,1066124.0
2026-09-25 12:49:00,1.6144,1.6172,1.6134,1.615,870366.6
2026-09-25 12:50:00,1.615,1.6197,1.6147,1.6185,752273.4
2026-09-25 12:51:00,1.6185,1.62,1.6163,1.6171,707689.0
2026-09-25 12:52:00,1.617,1.6178,1.6135,1.6138,883828.6
2026-09-25 12:53:00,1.6138,1.6149,1.6106,1.614,928597.9
2026-09-25 12:54:00,1.6141,1.6183,1.6133,1.6137,742545.4
2026-09-25 12:55:00,1.6136,1.6154,1.6125,1.6142,330841.8
2026-09-25 12:56:00,1.6142,1.6145,1.6089,1.6103,549597.8
2026-09-25 12:57:00,1.6103,1.6104,1.6027,1.6034,1466384.5
2026-09-25 12:58:00,1.6035,1.6058,1.6023,1.6047,463044.3
2026-09-25 12:59:00,1.6047,1.6047,1.6001,1.6009,1216325.2
2026-09-25 13:00:00,1.6009,1.6015,1.5921,1.5922,1947233.5
2026-09-25 13:01:00,1.5921,1.5946,1.5894,1.5927,866343.2
2026-09-25 13:02:00,1.5927,1.5949,1.592,1.592,432714.2
2026-09-25 13:03:00,1.5921,1.5945,1.5918,1.5923,574659.8
2026-09-25 13:04:00,1.5923,1.5964,1.5922,1.5961,381318.5
2026-09-25 13:05:00,1.596,1.6001,1.596,1.5991,344467.0
2026-09-25 13:06:00,1.5991,1.601,1.5984,1.5984,589156.6
2026-09-25 13:07:00,1.5983,1.5983,1.595,1.597,277868.4
2026-09-25 13:08:00,1.597,1.599,1.5953,1.5955,259664.4
2026-09-25 13:09:00,1.5956,1.5964,1.5943,1.5951,455845.0
2026-09-25 13:10:00,1.595,1.595,1.5921,1.5931,572149.3
2026-09-25 13:11:00,1.5931,1.5953,1.5931,1.5947,189343.2
2026-09-25 13:12:00,1.5948,1.5948,1.592,1.5937,706840.5
2026-09-25 13:13:00,1.5936,1.5967,1.5936,1.5941,259605.7
2026-09-25 13:14:00,1.5941,1.5968,1.5938,1.5952,315316.9
2026-09-25 13:15:00,1.5951,1.6012,1.5945,1.6009,484212.3
2026-09-25 13:16:00,1.601,1.6029,1.5991,1.5996,263525.2
2026-09-25 13:17:00,1.5995,1.5996,1.5971,1.5973,189915.2
2026-09-25 13:18:00,1.5973,1.6005,1.5954,1.5973,785350.8
2026-09-25 13:19:00,1.5973,1.5983,1.5932,1.5932,536833.0
2026-09-25 13:20:00,1.5932,1.5969,1.5915,1.5925,692532.8
2026-09-25 13:21:00,1.5924,1.5942,1.5915,1.5934,353628.3
2026-09-25 13:22:00,1.5934,1.595,1.5915,1.595,286021.3
2026-09-25 13:23:00,1.595,1.5968,1.5933,1.5934,181875.3
2026-09-25 13:24:00,1.5933,1.5948,1.591,1.5911,292668.6
2026-09-25 13:25:00,1.5911,1.5915,1.588,1.591,742427.5
2026-09-25 13:26:00,1.591,1.5919,1.59,1.5911,388705.2
2026-09-25 13:27:00,1.5911,1.5911,1.5875,1.5894,466660.9
2026-09-25 13:28:00,1.5894,1.595,1.5886,1.5927,650500.3
2026-09-25 13:29:00,1.5927,1.5929,1.5903,1.5903,192378.0
2026-09-25 13:30:00,1.5903,1.5906,1.586,1.5886,1078706.5
2026-09-25 13:31:00,1.5887,1.589,1.582,1.5836,1105870.3
2026-09-25 13:32:00,1.5837,1.5852,1.5804,1.5851,1298003.7
2026-09-25 13:33:00,1.5852,1.5878,1.5835,1.5878,318535.2
2026-09-25 13:34:00,1.5878,1.5903,1.5873,1.5897,269773.9
2026-09-25 13:35:00,1.5897,1.6005,1.5886,1.6002,983835.4
2026-09-25 13:36:00,1.6002,1.6055,1.5966,1.5974,691208.8
2026-09-25 13:37:00,1.5974,1.5978,1.5933,1.5952,267501.5
2026-09-25 13:38:00,1.5952,1.5974,1.5947,1.597,207790.4
2026-09-25 13:39:00,1.597,1.5976,1.5937,1.5948,207078.9
2026-09-25 13:40:00,1.5948,1.5965,1.5933,1.5958,120014.5
2026-09-25 13:41:00,1.5958,1.5979,1.5928,1.5944,120186.1
2026-09-25 13:42:00,1.5943,1.5944,1.5902,1.5927,261702.8
2026-09-25 13:43:00,1.5926,1.593,1.587,1.5872,262414.3
2026-09-25 13:44:00,1.5871,1.59,1.5811,1.5896,1024940.8
2026-09-25 13:45:00,1.5895,1.5913,1.5866,1.5885,510773.7
2026-09-25 13:46:00,1.5885,1.5885,1.5775,1.5787,1049915.6
2026-09-25 13:47:00,1.5787,1.5831,1.575,1.583,947181.6
2026-09-25 13:48:00,1.5831,1.5857,1.578,1.5814,510627.8
2026-09-25 13:49:00,1.5814,1.584,1.5798,1.5799,396338.3
2026-09-25 13:50:00,1.5799,1.5865,1.5794,1.5848,373235.7
2026-09-25 13:51:00,1.5848,1.5848,1.5803,1.582,276864.7
2026-09-25 13:52:00,1.5821,1.5855,1.5821,1.585,203583.0
2026-09-25 13:53:00,1.5851,1.586,1.5813,1.5858,233218.5
2026-09-25 13:54:00,1.5857,1.5905,1.5848,1.5905,292753.3
2026-09-25 13:55:00,1.5904,1.593,1.5893,1.5926,248767.5
2026-09-25 13:56:00,1.5927,1.5927,1.587,1.5871,229697.5
2026-09-25 13:57:00,1.587,1.5873,1.581,1.5851,638160.9
2026-09-25 13:58:00,1.5851,1.5865,1.5837,1.5837,363718.8
2026-09-25 13:59:00,1.5837,1.5847,1.582,1.5837,269660.5
2026-09-25 14:00:00,1.5837,1.5868,1.5798,1.583,628807.8
2026-09-25 14:01:00,1.583,1.5833,1.58,1.5802,383520.2
2026-09-25 14:02:00,1.5802,1.5818,1.5735,1.574,850947.5
2026-09-25 14:03:00,1.5739,1.5739,1.5659,1.5694,1502474.9
2026-09-25 14:04:00,1.5693,1.571,1.563,1.5636,1107324.5
2026-09-25 14:05:00,1.5636,1.5668,1.563,1.5654,1002427.4
2026-09-25 14:06:00,1.5654,1.5732,1.5652,1.5707,849167.2
2026-09-25 14:07:00,1.5707,1.5731,1.5696,1.5696,649793.0
2026-09-25 14:08:00,1.5696,1.5757,1.569,1.5757,377367.0
2026-09-25 14:09:00,1.5756,1.577,1.5732,1.5741,344397.6
2026-09-25 14:10:00,1.5741,1.5752,1.5718,1.5724,125424.8
2026-09-25 14:11:00,1.5724,1.5789,1.5724,1.5786,371977.3
2026-09-25 14:12:00,1.5785,1.58,1.5777,1.5778,234993.0
2026-09-25 14:13:00,1.5778,1.582,1.5774,1.579,322748.1
2026-09-25 14:14:00,1.579,1.5793,1.5725,1.5745,342448.6
2026-09-25 14:15:00,1.5745,1.5786,1.5692,1.5782,397042.3
2026-09-25 14:16:00,1.5782,1.58,1.5734,1.5737,247315.8
2026-09-25 14:17:00,1.5737,1.5737,1.5692,1.5694,448441.1
2026-09-25 14:18:00,1.5695,1.5711,1.5685,1.571,523996.9
2026-09-25 14:19:00,1.571,1.5713,1.5667,1.5707,338077.3
2026-09-25 14:20:00,1.5707,1.5735,1.5685,1.5732,280383.9
2026-09-25 14:21:00,1.5731,1.5775,1.5731,1.5772,431439.0
2026-09-25 14:22:00,1.5773,1.5796,1.5756,1.5763,476965.0
2026-09-25 14:23:00,1.5764,1.5775,1.5738,1.5738,327605.9
2026-09-25 14:24:00,1.5738,1.5754,1.571,1.5729,380766.3
2026-09-25 14:25:00,1.5729,1.5738,1.57,1.5708,405115.8
2026-09-25 14:26:00,1.5709,1.5729,1.5702,1.5718,256499.9
2026-09-25 14:27:00,1.5719,1.5728,1.57,1.5709,255678.2
2026-09-25 14:28:00,1.5709,1.5731,1.57,1.5728,256959.7
2026-09-25 14:29:00,1.5728,1.5756,1.5718,1.5729,287815.4
2026-09-25 14:30:00,1.573,1.5778,1.5721,1.5776,245610.4
2026-09-25 14:31:00,1.5775,1.582,1.5772,1.5812,372842.2
2026-09-25 14:32:00,1.5812,1.5813,1.5761,1.5804,364402.6
2026-09-25 14:33:00,1.5804,1.5834,1.5795,1.5818,1339935.9
2026-09-25 14:34:00,1.5818,1.5883,1.5818,1.5881,3586121.2
2026-09-25 14:35:00,1.588,1.5995,1.588,1.5973,4676569.1
2026-09-25 14:36:00,1.5972,1.5983,1.5885,1.5885,1135742.8
2026-09-25 14:37:00,1.5886,1.59,1.5867,1.5887,571837.7
2026-09-25 14:38:00,1.5887,1.5935,1.5887,1.592,482876.3
2026-09-25 14:39:00,1.592,1.5949,1.5912,1.5912,338175.3
2026-09-25 14:40:00,1.5912,1.5914,1.5852,1.5852,276587.4
2026-09-25 14:41:00,1.5852,1.589,1.5846,1.587,259185.5
2026-09-25 14:42:00,1.5871,1.5887,1.585,1.5866,355270.9
2026-09-25 14:43:00,1.5866,1.5885,1.581,1.5812,592092.5
2026-09-25 14:44:00,1.5812,1.5832,1.579,1.5797,636964.0
2026-09-25 14:45:00,1.5797,1.5807,1.5716,1.5784,614535.7
2026-09-25 14:46:00,1.5784,1.5817,1.5751,1.5796,638575.7
2026-09-25 14:47:00,1.5796,1.5819,1.578,1.5809,463367.2
2026-09-25 14:48:00,1.5809,1.5839,1.5782,1.5823,901925.9
2026-09-25 14:49:00,1.5823,1.5848,1.5804,1.5812,562343.0
2026-09-25 14:50:00,1.5812,1.5827,1.5765,1.5779,329314.6
2026-09-25 14:51:00,1.5779,1.5797,1.5756,1.5756,349134.3
2026-09-25 14:52:00,1.5755,1.5756,1.57,1.5715,743688.9
2026-09-25 14:53:00,1.5714,1.5765,1.571,1.5762,315113.7
2026-09-25 14:54:00,1.5762,1.5815,1.5746,1.5806,378589.2
2026-09-25 14:55:00,1.5806,1.5826,1.5795,1.5826,304201.8
2026-09-25 14:56:00,1.5826,1.5887,1.5822,1.5867,492690.2
2026-09-25 14:57:00,1.5867,1.5882,1.5829,1.5843,606561.5
2026-09-25 14:58:00,1.5844,1.5859,1.5824,1.5859,438978.1
2026-09-25 14:59:00,1.5858,1.5891,1.5852,1.589,316166.7
2026-09-25 15:00:00,1.5891,1.5911,1.5867,1.591,368927.2
2026-09-25 15:01:00,1.591,1.593,1.5884,1.5909,377561.6
2026-09-25 15:02:00,1.5909,1.5932,1.5863,1.5864,393781.1
2026-09-25 15:03:00,1.5865,1.5878,1.5838,1.586,273002.8
2026-09-25 15:04:00,1.586,1.5875,1.5828,1.5833,185548.7
2026-09-25 15:05:00,1.5833,1.5866,1.583,1.5835,441587.7
2026-09-25 15:06:00,1.5836,1.5862,1.5825,1.5838,105672.0
2026-09-25 15:07:00,1.5838,1.5861,1.5826,1.586,173782.1
2026-09-25 15:08:00,1.5861,1.5883,1.5853,1.5877,128642.2
2026-09-25 15:09:00,1.5877,1.5891,1.5863,1.5868,80359.4
2026-09-25 15:10:00,1.5868,1.5873,1.5839,1.586,118555.1
2026-09-25 15:11:00,1.586,1.5874,1.5842,1.5861,350566.9
2026-09-25 15:12:00,1.586,1.5904,1.586,1.5891,174238.5
2026-09-25 15:13:00,1.589,1.5906,1.5889,1.5894,124873.9
2026-09-25 15:14:00,1.5894,1.5916,1.5887,1.5914,405925.2
2026-09-25 15:15:00,1.5914,1.5933,1.587,1.5907,453603.2
2026-09-25 15:16:00,1.5908,1.5939,1.5904,1.5925,316512.4
2026-09-25 15:17:00,1.5925,1.5937,1.5904,1.5925,298171.2
2026-09-25 15:18:00,1.5925,1.5935,1.5893,1.5893,155943.4
2026-09-25 15:19:00,1.5894,1.5894,1.5855,1.5858,178054.2
2026-09-25 15:20:00,1.5859,1.5859,1.5813,1.5847,178741.8
2026-09-25 15:21:00,1.5848,1.59,1.5819,1.5893,974283.9
2026-09-25 15:22:00,1.5893,1.5906,1.5875,1.588,238531.0
2026-09-25 15:23:00,1.588,1.5896,1.587,1.5884,428147.8
2026-09-25 15:24:00,1.5884,1.59,1.5866,1.5873,287830.6
2026-09-25 15:25:00,1.5872,1.5873,1.5814,1.5817,342284.4
2026-09-25 15:26:00,1.5817,1.5836,1.5806,1.5832,170635.4
2026-09-25 15:27:00,1.5831,1.5839,1.5804,1.5809,134613.4
2026-09-25 15:28:00,1.5809,1.5834,1.5797,1.5814,220101.9
2026-09-25 15:29:00,1.5813,1.5822,1.58,1.5813,124497.5
2026-09-25 15:30:00,1.5814,1.5851,1.5772,1.5786,356670.1
2026-09-25 15:31:00,1.5785,1.5801,1.576,1.5777,223215.8
2026-09-25 15:32:00,1.5776,1.5824,1.5772,1.5785,765162.7
2026-09-25 15:33:00,1.5786,1.5795,1.5766,1.5767,398420.7
2026-09-25 15:34:00,1.5766,1.577,1.5717,1.5717,520989.9
2026-09-25 15:35:00,1.5718,1.5748,1.5703,1.5738,698400.0
2026-09-25 15:36:00,1.5737,1.5755,1.5726,1.5751,131749.8
2026-09-25 15:37:00,1.575,1.5758,1.5726,1.5736,132250.9
2026-09-25 15:38:00,1.5736,1.5748,1.5677,1.5684,618369.5
2026-09-25 15:39:00,1.5684,1.5699,1.5665,1.5678,344002.8
2026-09-25 15:40:00,1.5678,1.5715,1.5652,1.5711,716940.4
2026-09-25 15:41:00,1.5711,1.5731,1.5696,1.5696,168120.5
2026-09-25 15:42:00,1.5697,1.572,1.569,1.5713,296099.8
2026-09-25 15:43:00,1.5714,1.5727,1.5696,1.57,236056.1
2026-09-25 15:44:00,1.5701,1.571,1.569,1.5694,129739.2
2026-09-25 15:45:00,1.5694,1.5715,1.5671,1.5671,331974.4
2026-09-25 15:46:00,1.5671,1.5718,1.566,1.571,348337.1
2026-09-25 15:47:00,1.571,1.5741,1.5666,1.5678,549818.4
2026-09-25 15:48:00,1.5677,1.5682,1.5661,1.5667,144065.8
2026-09-25 15:49:00,1.5667,1.5675,1.5642,1.5654,311818.7
2026-09-25 15:50:00,1.5654,1.5661,1.5625,1.5644,617063.2
2026-09-25 15:51:00,1.5643,1.5644,1.56,1.5601,672242.6
2026-09-25 15:52:00,1.56,1.5643,1.5582,1.5636,463820.3
2026-09-25 15:53:00,1.5637,1.5659,1.5624,1.5642,139810.2
2026-09-25 15:54:00,1.5641,1.5675,1.5633,1.5649,193914.4
2026-09-25 15:55:00,1.5649,1.5718,1.5649,1.5712,437492.6
2026-09-25 15:56:00,1.5712,1.5712,1.569,1.5708,281975.4
2026-09-25 15:57:00,1.5708,1.5719,1.5701,1.5716,146785.0
2026-09-25 15:58:00,1.5717,1.5755,1.5708,1.5743,289376.9
2026-09-25 15:59:00,1.5743,1.5766,1.5737,1.5766,214721.4
2026-09-25 16:00:00,1.5765,1.5815,1.5761,1.5813,325336.6
2026-09-25 16:01:00,1.5813,1.5824,1.5793,1.5809,303073.5
2026-09-25 16:02:00,1.5808,1.5821,1.5803,1.5819,122167.7
2026-09-25 16:03:00,1.5818,1.5818,1.5796,1.5809,203688.8
2026-09-25 16:04:00,1.5809,1.5816,1.5776,1.5792,234582.8
2026-09-25 16:05:00,1.5793,1.5822,1.5782,1.5806,381855.0
2026-09-25 16:06:00,1.5807,1.5817,1.5789,1.581,147264.6
2026-09-25 16:07:00,1.581,1.581,1.5767,1.5797,238701.9
2026-09-25 16:08:00,1.5796,1.5809,1.5784,1.5791,122962.7
2026-09-25 16:09:00,1.5791,1.5805,1.5776,1.5803,184438.7
2026-09-25 16:10:00,1.5804,1.5841,1.5727,1.5758,879797.8
2026-09-25 16:11:00,1.5757,1.578,1.574,1.5776,211268.6
2026-09-25 16:12:00,1.5776,1.5806,1.5771,1.5804,325401.9
2026-09-25 16:13:00,1.5803,1.5814,1.5786,1.5789,238155.3
2026-09-25 16:14:00,1.5789,1.5806,1.5771,1.5803,58156.5
2026-09-25 16:15:00,1.5804,1.5839,1.5804,1.5838,451493.7
2026-09-25 16:16:00,1.5838,1.5862,1.5824,1.5855,257044.0
2026-09-25 16:17:00,1.5855,1.5863,1.5823,1.5823,223382.6
2026-09-25 16:18:00,1.5823,1.5836,1.5808,1.5809,149152.0
2026-09-25 16:19:00,1.5809,1.582,1.5769,1.579,358586.7
2026-09-25 16:20:00,1.5789,1.5799,1.5751,1.5751,164378.4
2026-09-25 16:21:00,1.5751,1.5761,1.5726,1.5733,251041.5
2026-09-25 16:22:00,1.5733,1.5755,1.5721,1.5742,167742.7
2026-09-25 16:23:00,1.5742,1.5766,1.5736,1.5751,205291.4
2026-09-25 16:24:00,1.5751,1.5761,1.5728,1.5738,98396.5
2026-09-25 16:25:00,1.5738,1.5769,1.5738,1.5756,300312.7
2026-09-25 16:26:00,1.5755,1.5805,1.5754,1.5798,106363.1
2026-09-25 16:27:00,1.5798,1.582,1.5793,1.5795,116290.3
2026-09-25 16:28:00,1.5795,1.5802,1.5785,1.5785,64718.9
2026-09-25 16:29:00,1.5786,1.5808,1.5773,1.5778,467663.3
2026-09-25 16:30:00,1.5779,1.5784,1.575,1.5769,169896.3
2026-09-25 16:31:00,1.5769,1.5774,1.5749,1.5765,109549.8
2026-09-25 16:32:00,1.5766,1.5781,1.5756,1.578,115648.8
2026-09-25 16:33:00,1.5781,1.5801,1.5769,1.5777,348567.2
2026-09-25 16:34:00,1.5777,1.5777,1.57,1.5712,573896.0
2026-09-25 16:35:00,1.5712,1.5734,1.5684,1.5722,696245.8
2026-09-25 16:36:00,1.5723,1.5733,1.5707,1.5733,159123.4
2026-09-25 16:37:00,1.5733,1.5757,1.5698,1.5702,387933.2
2026-09-25 16:38:00,1.5703,1.571,1.5686,1.571,147015.1
2026-09-25 16:39:00,1.571,1.5722,1.5697,1.5712,164446.6
2026-09-25 16:40:00,1.5713,1.5723,1.5697,1.5708,435108.7
2026-09-25 16:41:00,1.5707,1.5721,1.5705,1.5708,86302.5
2026-09-25 16:42:00,1.5709,1.5724,1.5706,1.5709,125558.2
2026-09-25 16:43:00,1.5708,1.573,1.5708,1.5716,86796.2
2026-09-25 16:44:00,1.5715,1.5731,1.5689,1.569,237869.4
2026-09-25 16:45:00,1.569,1.5692,1.5659,1.5678,178418.1
2026-09-25 16:46:00,1.5679,1.5681,1.5444,1.5673,2638189.1
2026-09-25 16:47:00,1.5673,1.5673,1.565,1.5655,152605.3
2026-09-25 16:48:00,1.5654,1.5654,1.5624,1.5634,260906.6
2026-09-25 16:49:00,1.5635,1.5654,1.5606,1.5653,370305.4
2026-09-25 16:50:00,1.5653,1.5654,1.5637,1.5637,91322.6
2026-09-25 16:51:00,1.5637,1.5665,1.5637,1.5662,82292.5
2026-09-25 16:52:00,1.5663,1.5706,1.5663,1.5706,51614.5
2026-09-25 16:53:00,1.5706,1.5714,1.5668,1.5679,276490.6
2026-09-25 16:54:00,1.5679,1.5693,1.5677,1.5682,77545.9
2026-09-25 16:55:00,1.5682,1.5685,1.567,1.5677,83320.7
2026-09-25 16:56:00,1.5678,1.5689,1.5663,1.5668,46801.3
2026-09-25 16:57:00,1.5667,1.5667,1.5637,1.5638,69289.3
2026-09-25 16:58:00,1.5638,1.564,1.562,1.5622,73850.3
2026-09-25 16:59:00,1.5622,1.5632,1.5618,1.5625,80940.5
2026-09-25 17:00:00,1.5626,1.5651,1.562,1.5635,385573.0
2026-09-25 17:01:00,1.5636,1.5687,1.5636,1.5682,239562.9
2026-09-25 17:02:00,1.5682,1.5705,1.5679,1.5697,263443.4
2026-09-25 17:03:00,1.5696,1.5707,1.569,1.5692,87722.1
2026-09-25 17:04:00,1.5691,1.5714,1.5691,1.5714,59488.4
2026-09-25 17:05:00,1.5713,1.5717,1.5678,1.5682,433393.9
2026-09-25 17:06:00,1.5683,1.5703,1.5682,1.5698,164812.2
2026-09-25 17:07:00,1.5698,1.5717,1.5695,1.5711,154270.9
2026-09-25 17:08:00,1.5712,1.5712,1.5685,1.5712,138356.5
2026-09-25 17:09:00,1.5712,1.5729,1.5712,1.5723,160895.0
2026-09-25 17:10:00,1.5722,1.573,1.5707,1.5711,48199.6
2026-09-25 17:11:00,1.5711,1.5716,1.5681,1.5691,281668.6
2026-09-25 17:12:00,1.5691,1.5709,1.5687,1.5707,83400.7
2026-09-25 17:13:00,1.5708,1.5718,1.5708,1.5713,43888.3
2026-09-25 17:14:00,1.5714,1.5717,1.5698,1.5704,110622.1
2026-09-25 17:15:00,1.5705,1.572,1.5702,1.5709,142888.9
2026-09-25 17:16:00,1.571,1.571,1.5699,1.5701,39442.9
2026-09-25 17:17:00,1.5701,1.5721,1.5692,1.5698,332171.3
2026-09-25 17:18:00,1.5698,1.57,1.569,1.57,51115.2
2026-09-25 17:19:00,1.57,1.5704,1.567,1.5675,182439.0
2026-09-25 17:20:00,1.5675,1.5694,1.5671,1.5686,168186.4
2026-09-25 17:21:00,1.5686,1.5686,1.5666,1.5667,36837.2
2026-09-25 17:22:00,1.5666,1.5684,1.5656,1.566,78030.2
2026-09-25 17:23:00,1.566,1.5676,1.5653,1.5673,70314.4
2026-09-25 17:24:00,1.5673,1.5673,1.5652,1.566,108339.9
2026-09-25 17:25:00,1.5659,1.566,1.5641,1.565,75261.7
2026-09-25 17:26:00,1.565,1.5655,1.563,1.5634,58533.0
2026-09-25 17:27:00,1.5634,1.5638,1.5617,1.5629,123034.8
2026-09-25 17:28:00,1.563,1.5635,1.5607,1.5608,111907.5
2026-09-25 17:29:00,1.5608,1.561,1.5548,1.5558,1509113.0
2026-09-25 17:30:00,1.5557,1.5557,1.5507,1.5543,826201.2
2026-09-25 17:31:00,1.5543,1.5564,1.5524,1.5534,210076.3
2026-09-25 17:32:00,1.5534,1.5591,1.5534,1.5584,282691.4
2026-09-25 17:33:00,1.5584,1.5614,1.5573,1.5576,429539.1
2026-09-25 17:34:00,1.5576,1.5595,1.5573,1.5595,282907.5
2026-09-25 17:35:00,1.5594,1.5602,1.5589,1.56,169332.7
2026-09-25 17:36:00,1.56,1.5616,1.5588,1.5592,114347.6
2026-09-25 17:37:00,1.5592,1.5599,1.5585,1.5599,53728.5
2026-09-25 17:38:00,1.5598,1.5608,1.5592,1.56,139122.6
2026-09-25 17:39:00,1.56,1.5616,1.5567,1.561,289127.8
2026-09-25 17:40:00,1.561,1.5633,1.5609,1.5621,146840.8
2026-09-25 17:41:00,1.562,1.5673,1.5617,1.5667,270180.0
2026-09-25 17:42:00,1.5667,1.568,1.566,1.5666,83916.3
2026-09-25 17:43:00,1.5667,1.5682,1.5663,1.5676,98889.1
2026-09-25 17:44:00,1.5676,1.5678,1.5657,1.566,53437.6
2026-09-25 17:45:00,1.566,1.5662,1.5644,1.5649,60015.4
2026-09-25 17:46:00,1.5649,1.5654,1.5627,1.5628,89877.0
2026-09-25 17:47:00,1.5627,1.5641,1.5618,1.563,40357.7
2026-09-25 17:48:00,1.563,1.5634,1.5622,1.5633,306200.0
2026-09-25 17:49:00,1.5634,1.5649,1.5633,1.5649,142088.5
2026-09-25 17:50:00,1.5649,1.5661,1.5643,1.5644,124363.5
2026-09-25 17:51:00,1.5643,1.5643,1.5608,1.5627,356696.6
2026-09-25 17:52:00,1.5627,1.563,1.56,1.56,66272.9
2026-09-25 17:53:00,1.56,1.5609,1.5593,1.5606,73968.9
2026-09-25 17:54:00,1.5606,1.5619,1.5595,1.5603,181595.5
2026-09-25 17:55:00,1.5603,1.5624,1.5593,1.562,83117.1
2026-09-25 17:56:00,1.5619,1.5627,1.5614,1.5617,64892.8
2026-09-25 17:57:00,1.5616,1.5623,1.5608,1.5611,65664.6
2026-09-25 17:58:00,1.5612,1.5631,1.5612,1.563,42723.6
2026-09-25 17:59:00,1.5629,1.565,1.5628,1.5643,346117.8
2026-09-25 18:00:00,1.5643,1.5664,1.5642,1.566,120401.4
2026-09-25 18:01:00,1.5661,1.5671,1.566,1.5671,22568.5
2026-09-25 18:02:00,1.5671,1.5678,1.5633,1.5638,161617.6
2026-09-25 18:03:00,1.5639,1.5661,1.5637,1.5661,96563.6
2026-09-25 18:04:00,1.5661,1.5665,1.5642,1.5644,77575.5
2026-09-25 18:05:00,1.5644,1.5648,1.5636,1.5639,54205.3
2026-09-25 18:06:00,1.5639,1.568,1.5637,1.5675,168117.4
2026-09-25 18:07:00,1.5676,1.5688,1.5673,1.5687,83491.8
2026-09-25 18:08:00,1.5687,1.5688,1.5657,1.5658,119598.8
2026-09-25 18:09:00,1.5657,1.5696,1.5629,1.5691,545344.9
2026-09-25 18:10:00,1.5691,1.5704,1.569,1.5698,105689.9
2026-09-25 18:11:00,1.5698,1.5714,1.5694,1.5714,104098.2
2026-09-25 18:12:00,1.5713,1.5735,1.5683,1.5734,394677.7
2026-09-25 18:13:00,1.5734,1.5735,1.5722,1.573,53545.9
2026-09-25 18:14:00,1.5729,1.5754,1.5722,1.573,223274.7
2026-09-25 18:15:00,1.573,1.5758,1.5729,1.5751,90640.3
2026-09-25 18:16:00,1.575,1.5757,1.5743,1.5745,65024.3
2026-09-25 18:17:00,1.5745,1.5779,1.5745,1.5773,325876.9
2026-09-25 18:18:00,1.5773,1.5787,1.5768,1.5781,143666.3
2026-09-25 18:19:00,1.578,1.5784,1.577,1.5781,122342.6
2026-09-25 18:20:00,1.5782,1.5793,1.5779,1.5782,375795.1
2026-09-25 18:21:00,1.5782,1.5785,1.5773,1.5774,139874.5
2026-09-25 18:22:00,1.5775,1.5775,1.5752,1.5752,116970.6
2026-09-25 18:23:00,1.5752,1.576,1.5752,1.576,36399.0
2026-09-25 18:24:00,1.576,1.5775,1.5753,1.5768,60337.5
2026-09-25 18:25:00,1.5767,1.5786,1.5766,1.578,264380.4
2026-09-25 18:26:00,1.5781,1.5781,1.5722,1.5727,243438.8
2026-09-25 18:27:00,1.5728,1.5728,1.5687,1.5691,127101.7
2026-09-25 18:28:00,1.5691,1.5722,1.569,1.5722,166546.1
2026-09-25 18:29:00,1.5721,1.5722,1.5691,1.571,76112.0
2026-09-25 18:30:00,1.571,1.5713,1.5697,1.5706,241930.9
2026-09-25 18:31:00,1.5707,1.5721,1.5698,1.5701,69152.3
2026-09-25 18:32:00,1.5701,1.5714,1.5701,1.5706,80177.1
2026-09-25 18:33:00,1.5706,1.5712,1.57,1.57,433189.4
2026-09-25 18:34:00,1.5701,1.5719,1.569,1.5707,278348.9
2026-09-25 18:35:00,1.5707,1.5746,1.5696,1.5745,305530.8
2026-09-25 18:36:00,1.5745,1.5745,1.5729,1.573,103849.0
2026-09-25 18:37:00,1.5729,1.5735,1.5705,1.5707,46069.2
2026-09-25 18:38:00,1.5706,1.5716,1.5691,1.5709,93676.9
2026-09-25 18:39:00,1.571,1.5714,1.569,1.5691,98663.4
2026-09-25 18:40:00,1.5691,1.5712,1.569,1.5711,114782.2
2026-09-25 18:41:00,1.5711,1.5718,1.5695,1.5707,76270.3
2026-09-25 18:42:00,1.5706,1.5709,1.569,1.569,57591.8
2026-09-25 18:43:00,1.5691,1.5713,1.569,1.5709,110030.3
2026-09-25 18:44:00,1.5709,1.5727,1.5709,1.5723,54063.9
2026-09-25 18:45:00,1.5723,1.5743,1.5723,1.5728,37996.2
2026-09-25 18:46:00,1.5727,1.5749,1.5725,1.5738,57678.7
2026-09-25 18:47:00,1.5737,1.5737,1.571,1.5712,40823.5
2026-09-25 18:48:00,1.5712,1.5723,1.5708,1.572,28465.4
2026-09-25 18:49:00,1.5721,1.5729,1.5709,1.5711,43278.4
2026-09-25 18:50:00,1.5712,1.5717,1.5694,1.5694,20026.6
2026-09-25 18:51:00,1.5695,1.5709,1.5684,1.5696,128706.5
2026-09-25 18:52:00,1.5696,1.5708,1.569,1.5697,39926.3
2026-09-25 18:53:00,1.5697,1.5698,1.5688,1.5688,26778.5
2026-09-25 18:54:00,1.5689,1.5701,1.5678,1.5701,56873.5
2026-09-25 18:55:00,1.5701,1.572,1.5691,1.5701,187757.4
2026-09-25 18:56:00,1.57,1.57,1.5683,1.5683,50880.4
2026-09-25 18:57:00,1.5683,1.5694,1.5672,1.5694,153033.3
2026-09-25 18:58:00,1.5693,1.5693,1.5681,1.5687,58224.6
2026-09-25 18:59:00,1.5687,1.5688,1.5678,1.5685,27059.7
2026-09-25 19:00:00,1.5686,1.5697,1.5665,1.5666,50311.0
2026-09-25 19:01:00,1.5666,1.5694,1.566,1.5685,256783.4
2026-09-25 19:02:00,1.5685,1.5685,1.5664,1.5664,49369.4
2026-09-25 19:03:00,1.5665,1.5668,1.5658,1.5667,36828.4
2026-09-25 19:04:00,1.5667,1.5672,1.5661,1.5663,40285.6
2026-09-25 19:05:00,1.5664,1.5685,1.5656,1.5668,34639.4
2026-09-25 19:06:00,1.5668,1.5684,1.5668,1.5678,26685.8
2026-09-25 19:07:00,1.5678,1.5704,1.5677,1.57,60968.3
2026-09-25 19:08:00,1.5699,1.5703,1.5692,1.5703,53309.3
2026-09-25 19:09:00,1.5703,1.5704,1.5658,1.5661,173177.6
2026-09-25 19:10:00,1.5662,1.5671,1.566,1.567,36214.1
2026-09-25 19:11:00,1.567,1.5689,1.5669,1.5678,43483.8
2026-09-25 19:12:00,1.5678,1.5694,1.5677,1.5693,68851.7
2026-09-25 19:13:00,1.5694,1.5707,1.5694,1.5706,81017.9
2026-09-25 19:14:00,1.5707,1.5707,1.57,1.5704,41122.1
2026-09-25 19:15:00,1.5705,1.5706,1.5669,1.5678,135060.3
2026-09-25 19:16:00,1.5678,1.568,1.5667,1.5679,65453.6
2026-09-25 19:17:00,1.5679,1.569,1.5674,1.5679,22851.7
2026-09-25 19:18:00,1.5679,1.5691,1.5678,1.569,52287.3
2026-09-25 19:19:00,1.5689,1.5692,1.568,1.5685,57203.6
2026-09-25 19:20:00,1.5684,1.5699,1.5684,1.5699,28000.1
2026-09-25 19:21:00,1.5699,1.5714,1.5695,1.571,150572.1
2026-09-25 19:22:00,1.571,1.5716,1.5705,1.5706,50371.2
2026-09-25 19:23:00,1.5706,1.5709,1.5693,1.5693,73324.2
2026-09-25 19:24:00,1.5693,1.5702,1.5672,1.5672,175905.5
2026-09-25 19:25:00,1.5671,1.5687,1.5668,1.5682,207309.7
2026-09-25 19:26:00,1.5682,1.5684,1.5667,1.5679,32631.6
2026-09-25 19:27:00,1.5678,1.5689,1.5672,1.5674,33419.3
2026-09-25 19:28:00,1.5674,1.5677,1.566,1.5674,56086.0
2026-09-25 19:29:00,1.5674,1.569,1.5672,1.5687,59984.9
2026-09-25 19:30:00,1.5688,1.57,1.5669,1.5681,73798.3
2026-09-25 19:31:00,1.568,1.5686,1.5666,1.567,22332.2
2026-09-25 19:32:00,1.5669,1.5684,1.5664,1.5681,28704.0
2026-09-25 19:33:00,1.5682,1.5688,1.5672,1.5681,35489.8
2026-09-25 19:34:00,1.5681,1.5681,1.566,1.566,99657.9
2026-09-25 19:35:00,1.5661,1.5669,1.5653,1.5667,156088.1
2026-09-25 19:36:00,1.5668,1.5693,1.5665,1.5693,91127.6
2026-09-25 19:37:00,1.5693,1.5705,1.5678,1.5695,66083.3
2026-09-25 19:38:00,1.5695,1.571,1.569,1.5693,45770.1
2026-09-25 19:39:00,1.5693,1.5709,1.567,1.5675,299126.6
2026-09-25 19:40:00,1.5675,1.5676,1.5665,1.5672,85084.9
2026-09-25 19:41:00,1.5673,1.5673,1.5652,1.5666,569440.0
2026-09-25 19:42:00,1.5666,1.5672,1.5664,1.5666,63216.4
2026-09-25 19:43:00,1.5666,1.5673,1.5664,1.567,32257.5
2026-09-25 19:44:00,1.567,1.5678,1.5667,1.5675,33549.8
2026-09-25 19:45:00,1.5676,1.5703,1.5676,1.5698,128566.4
2026-09-25 19:46:00,1.5698,1.572,1.5698,1.5717,88363.4
2026-09-25 19:47:00,1.5716,1.5725,1.5712,1.5716,575777.0
2026-09-25 19:48:00,1.5715,1.5721,1.5707,1.5713,77285.7
2026-09-25 19:49:00,1.5713,1.5716,1.5702,1.5707,58392.2
2026-09-25 19:50:00,1.5708,1.5717,1.5702,1.5712,52521.4
2026-09-25 19:51:00,1.5712,1.5713,1.5685,1.5691,43821.3
2026-09-25 19:52:00,1.5691,1.5696,1.5684,1.5684,44914.0
2026-09-25 19:53:00,1.5684,1.5684,1.567,1.5671,65649.0
2026-09-25 19:54:00,1.5671,1.5676,1.567,1.5671,41485.5
2026-09-25 19:55:00,1.5671,1.5697,1.5668,1.5691,42531.9
2026-09-25 19:56:00,1.569,1.5698,1.5681,1.5686,111870.3
2026-09-25 19:57:00,1.5686,1.5696,1.5673,1.5686,111357.2
2026-09-25 19:58:00,1.5685,1.5704,1.5669,1.57,212375.5
2026-09-25 19:59:00,1.57,1.5751,1.57,1.572,461069.0
2026-09-25 20:00:00,1.572,1.573,1.5697,1.5706,136079.9
2026-09-25 20:01:00,1.5706,1.5727,1.5697,1.5719,27404.2
2026-09-25 20:02:00,1.5719,1.5746,1.5719,1.5739,129332.0
2026-09-25 20:03:00,1.5739,1.574,1.5724,1.5734,41988.2
2026-09-25 20:04:00,1.5735,1.5747,1.5703,1.572,198260.1
2026-09-25 20:05:00,1.5719,1.5732,1.5715,1.5725,90265.4
2026-09-25 20:06:00,1.5724,1.5726,1.5704,1.5704,63533.5
2026-09-25 20:07:00,1.5705,1.5705,1.5693,1.5694,38145.4
2026-09-25 20:08:00,1.5694,1.5705,1.5688,1.5688,53881.5
2026-09-25 20:09:00,1.5687,1.5706,1.5687,1.569,192504.8
2026-09-25 20:10:00,1.569,1.57,1.5667,1.5669,198712.0
2026-09-25 20:11:00,1.5669,1.568,1.5659,1.5666,372074.5
2026-09-25 20:12:00,1.5665,1.568,1.5659,1.5677,74273.1
2026-09-25 20:13:00,1.5678,1.5684,1.5669,1.568,35486.5
2026-09-25 20:14:00,1.5681,1.5681,1.566,1.5663,13794.1
2026-09-25 20:15:00,1.5663,1.5676,1.5659,1.5669,47027.9
2026-09-25 20:16:00,1.5668,1.5698,1.5668,1.5697,63645.6
2026-09-25 20:17:00,1.5697,1.5701,1.5686,1.5687,39172.8
2026-09-25 20:18:00,1.5687,1.5703,1.5687,1.5701,37277.4
2026-09-25 20:19:00,1.5702,1.5706,1.5696,1.5702,17393.7
2026-09-25 20:20:00,1.5702,1.5707,1.5697,1.5698,22949.8
2026-09-25 20:21:00,1.5698,1.5701,1.5676,1.5677,40765.1
2026-09-25 20:22:00,1.5677,1.5705,1.5677,1.5705,42779.7
2026-09-25 20:23:00,1.5705,1.5721,1.5705,1.572,77863.8
2026-09-25 20:24:00,1.5719,1.5739,1.5719,1.5733,65758.3
2026-09-25 20:25:00,1.5734,1.5741,1.5721,1.5728,136523.8
2026-09-25 20:26:00,1.5728,1.5731,1.5716,1.5726,36344.4
2026-09-25 20:27:00,1.5726,1.5736,1.5726,1.5731,92840.4
2026-09-25 20:28:00,1.5731,1.5735,1.5726,1.5727,145056.8
2026-09-25 20:29:00,1.5726,1.5731,1.5726,1.5726,33727.5
2026-09-25 20:30:00,1.5727,1.5728,1.5708,1.5718,129863.7
2026-09-25 20:31:00,1.5718,1.5732,1.5703,1.5712,144898.1
2026-09-25 20:32:00,1.5712,1.5719,1.5703,1.5719,63152.3
2026-09-25 20:33:00,1.572,1.5734,1.572,1.5725,59827.4
2026-09-25 20:34:00,1.5725,1.5728,1.5718,1.5721,24011.2
2026-09-25 20:35:00,1.5721,1.5728,1.57,1.5703,49306.7
2026-09-25 20:36:00,1.5704,1.571,1.5694,1.5701,55270.0
2026-09-25 20:37:00,1.5701,1.5702,1.5695,1.5697,36708.9
2026-09-25 20:38:00,1.5697,1.572,1.5686,1.572,64015.2
2026-09-25 20:39:00,1.572,1.5737,1.572,1.573,126958.4
2026-09-25 20:40:00,1.573,1.574,1.5714,1.5714,38943.0
2026-09-25 20:41:00,1.5715,1.5716,1.5691,1.5692,92064.2
2026-09-25 20:42:00,1.5691,1.5695,1.5683,1.569,76632.5
2026-09-25 20:43:00,1.5691,1.5719,1.5684,1.5711,26418.6
2026-09-25 20:44:00,1.571,1.5711,1.5688,1.5695,87896.2
2026-09-25 20:45:00,1.5695,1.5696,1.569,1.5693,80974.4
2026-09-25 20:46:00,1.5693,1.5698,1.569,1.5691,25273.1
2026-09-25 20:47:00,1.569,1.569,1.5681,1.5687,137338.5
2026-09-25 20:48:00,1.5687,1.5689,1.5683,1.5684,59217.2
2026-09-25 20:49:00,1.5684,1.5685,1.5666,1.5666,158046.8
2026-09-25 20:50:00,1.5666,1.5674,1.5647,1.5649,619999.2
2026-09-25 20:51:00,1.5649,1.5669,1.5639,1.5662,112278.3
2026-09-25 20:52:00,1.5662,1.5675,1.5652,1.5672,72957.5
2026-09-25 20:53:00,1.5672,1.569,1.5666,1.5668,52576.3
2026-09-25 20:54:00,1.5669,1.5671,1.5648,1.5655,68051.5
2026-09-25 20:55:00,1.5655,1.5657,1.5615,1.5618,62296.2
2026-09-25 20:56:00,1.5617,1.5625,1.5614,1.562,145892.2
2026-09-25 20:57:00,1.5621,1.5631,1.5613,1.5613,88308.3
2026-09-25 20:58:00,1.5614,1.5625,1.5604,1.561,260791.4
2026-09-25 20:59:00,1.5611,1.5614,1.5605,1.5611,74003.7
2026-09-25 21:00:00,1.561,1.5623,1.5599,1.5619,152019.7
2026-09-25 21:01:00,1.5618,1.5626,1.5608,1.5608,75227.0
2026-09-25 21:02:00,1.5609,1.5616,1.5594,1.5615,176909.1
2026-09-25 21:03:00,1.5615,1.5615,1.5586,1.5588,198937.8
2026-09-25 21:04:00,1.5589,1.5592,1.5569,1.5592,159348.0
2026-09-25 21:05:00,1.5592,1.5596,1.5564,1.5567,141767.3
2026-09-25 21:06:00,1.5567,1.5567,1.5539,1.5558,280955.1
2026-09-25 21:07:00,1.5559,1.5563,1.5537,1.5543,184050.7
2026-09-25 21:08:00,1.5543,1.5566,1.5543,1.5564,520852.7
2026-09-25 21:09:00,1.5564,1.5578,1.5562,1.5569,52704.1
2026-09-25 21:10:00,1.5568,1.5573,1.5562,1.5568,118716.1
2026-09-25 21:11:00,1.5569,1.5572,1.556,1.556,68053.3
2026-09-25 21:12:00,1.556,1.5568,1.5553,1.556,98158.4
2026-09-25 21:13:00,1.556,1.5566,1.5541,1.5545,101515.6
2026-09-25 21:14:00,1.5544,1.5552,1.5533,1.5539,103856.3
2026-09-25 21:15:00,1.5539,1.5546,1.5533,1.5534,51345.5
2026-09-25 21:16:00,1.5534,1.5536,1.5528,1.5529,68377.1
2026-09-25 21:17:00,1.553,1.5538,1.5523,1.5532,64579.3
2026-09-25 21:18:00,1.5532,1.5546,1.5523,1.5546,58901.3
2026-09-25 21:19:00,1.5546,1.5548,1.5536,1.5543,38904.9
2026-09-25 21:20:00,1.5544,1.5564,1.5544,1.5562,226114.1
2026-09-25 21:21:00,1.5563,1.5575,1.5563,1.5566,47238.3
2026-09-25 21:22:00,1.5565,1.5566,1.5549,1.5554,68803.5
2026-09-25 21:23:00,1.5553,1.5567,1.5548,1.5567,55301.2
2026-09-25 21:24:00,1.5567,1.5572,1.5559,1.556,75497.5
2026-09-25 21:25:00,1.556,1.556,1.5542,1.5544,42493.6
2026-09-25 21:26:00,1.5544,1.5558,1.5542,1.5546,55915.4
2026-09-25 21:27:00,1.5547,1.5569,1.5538,1.5569,140352.2
2026-09-25 21:28:00,1.5568,1.5582,1.5568,1.5569,55007.3
2026-09-25 21:29:00,1.557,1.557,1.5562,1.5567,32168.0
2026-09-25 21:30:00,1.5568,1.5574,1.5562,1.5573,53766.4
2026-09-25 21:31:00,1.5573,1.5573,1.5563,1.5569,40329.6
2026-09-25 21:32:00,1.5568,1.5568,1.5549,1.5555,78069.5
2026-09-25 21:33:00,1.5555,1.5556,1.5541,1.5542,83223.7
2026-09-25 21:34:00,1.5542,1.5542,1.5529,1.5535,165058.9
2026-09-25 21:35:00,1.5535,1.5555,1.5533,1.5553,170461.8
2026-09-25 21:36:00,1.5553,1.5553,1.5537,1.5537,77385.6
2026-09-25 21:37:00,1.5537,1.5544,1.5517,1.5522,100177.9
2026-09-25 21:38:00,1.5522,1.5549,1.5522,1.5548,56957.2
2026-09-25 21:39:00,1.5549,1.5553,1.5546,1.5549,18014.0
2026-09-25 21:40:00,1.5549,1.5554,1.5541,1.5548,26106.3
2026-09-25 21:41:00,1.5549,1.5555,1.5539,1.5555,64370.1
2026-09-25 21:42:00,1.5555,1.5559,1.5554,1.5556,70018.9
2026-09-25 21:43:00,1.5556,1.5562,1.5542,1.5556,153407.5
2026-09-25 21:44:00,1.5556,1.5564,1.555,1.5555,68754.8
2026-09-25 21:45:00,1.5555,1.5558,1.5551,1.5553,7053.2
2026-09-25 21:46:00,1.5553,1.5556,1.5553,1.5556,7383.1
2026-09-25 21:47:00,1.5556,1.5558,1.5544,1.5549,52474.1
2026-09-25 21:48:00,1.555,1.5553,1.5538,1.5544,21825.6
2026-09-25 21:49:00,1.5544,1.5545,1.5539,1.5542,54330.1
2026-09-25 21:50:00,1.5542,1.5553,1.5542,1.5552,10027.3
2026-09-25 21:51:00,1.5552,1.5553,1.5549,1.5552,37878.3
2026-09-25 21:52:00,1.5552,1.5568,1.5546,1.5559,77410.1
2026-09-25 21:53:00,1.5559,1.5559,1.5537,1.5538,27282.8
2026-09-25 21:54:00,1.5538,1.5538,1.5536,1.5537,13523.9
2026-09-25 21:55:00,1.5538,1.554,1.5534,1.5539,54073.1
2026-09-25 21:56:00,1.5539,1.554,1.5536,1.5536,32267.9
2026-09-25 21:57:00,1.5537,1.5537,1.5526,1.553,97180.9
2026-09-25 21:58:00,1.553,1.5537,1.5523,1.5525,146995.0
2026-09-25 21:59:00,1.5525,1.5531,1.5516,1.5519,134500.3
2026-09-25 22:00:00,1.5519,1.5524,1.5495,1.5503,481404.7
2026-09-25 22:01:00,1.5502,1.551,1.5492,1.551,207522.3
2026-09-25 22:02:00,1.5509,1.553,1.5509,1.5529,159881.3
2026-09-25 22:03:00,1.5529,1.5549,1.5529,1.554,157234.3
2026-09-25 22:04:00,1.554,1.5555,1.5537,1.5547,73460.2
2026-09-25 22:05:00,1.5546,1.557,1.5546,1.5565,42293.4
2026-09-25 22:06:00,1.5566,1.5569,1.5559,1.5566,54615.3
2026-09-25 22:07:00,1.5566,1.5569,1.5566,1.5569,26030.3
2026-09-25 22:08:00,1.5568,1.5569,1.5561,1.5562,47853.1
2026-09-25 22:09:00,1.5562,1.5577,1.5561,1.5576,35284.1
2026-09-25 22:10:00,1.5577,1.5601,1.5577,1.5599,115816.1
2026-09-25 22:11:00,1.5598,1.56,1.5591,1.56,65476.5
2026-09-25 22:12:00,1.5601,1.5606,1.5594,1.5602,73396.4
2026-09-25 22:13:00,1.5602,1.5627,1.5595,1.5623,243771.1
2026-09-25 22:14:00,1.5623,1.5629,1.5612,1.5621,36049.3
2026-09-25 22:15:00,1.5621,1.5628,1.5611,1.5618,29547.8
2026-09-25 22:16:00,1.5618,1.5628,1.5608,1.5626,145176.0
2026-09-25 22:17:00,1.5626,1.5633,1.5622,1.5626,23497.8
2026-09-25 22:18:00,1.5625,1.5628,1.5616,1.5625,38298.2
2026-09-25 22:19:00,1.5625,1.5647,1.5625,1.5647,64999.5
2026-09-25 22:20:00,1.5646,1.565,1.5618,1.5621,57619.0
2026-09-25 22:21:00,1.5621,1.5629,1.5609,1.5629,332564.1
2026-09-25 22:22:00,1.563,1.5636,1.5626,1.5636,24681.8
2026-09-25 22:23:00,1.5635,1.5651,1.5629,1.5629,286940.7
2026-09-25 22:24:00,1.563,1.5638,1.563,1.5635,27166.9
2026-09-25 22:25:00,1.5635,1.5644,1.5634,1.5637,26244.2
2026-09-25 22:26:00,1.5638,1.564,1.5634,1.5635,31707.5
2026-09-25 22:27:00,1.5634,1.5636,1.5631,1.5633,32970.0
2026-09-25 22:28:00,1.5632,1.5633,1.5618,1.562,149262.0
2026-09-25 22:29:00,1.562,1.5631,1.562,1.563,23646.4
2026-09-25 22:30:00,1.5631,1.5647,1.563,1.5646,84204.8
2026-09-25 22:31:00,1.5645,1.5659,1.5644,1.5659,84859.0
2026-09-25 22:32:00,1.5658,1.5663,1.5653,1.5659,25707.4
2026-09-25 22:33:00,1.566,1.568,1.566,1.568,127884.8
2026-09-25 22:34:00,1.568,1.569,1.5674,1.5678,321832.6
2026-09-25 22:35:00,1.5678,1.569,1.5678,1.5687,109276.7
2026-09-25 22:36:00,1.5686,1.5719,1.5684,1.571,319457.1
2026-09-25 22:37:00,1.5709,1.5714,1.5705,1.571,104390.6
2026-09-25 22:38:00,1.571,1.5715,1.57,1.5705,125492.1
2026-09-25 22:39:00,1.5705,1.5709,1.5703,1.5708,45209.2
2026-09-25 22:40:00,1.5708,1.572,1.5704,1.572,79168.3
2026-09-25 22:41:00,1.5719,1.572,1.5702,1.5705,75421.7
2026-09-25 22:42:00,1.5705,1.572,1.5705,1.5716,76276.8
2026-09-25 22:43:00,1.5715,1.5715,1.5708,1.571,31367.3
2026-09-25 22:44:00,1.571,1.5715,1.5702,1.5711,170379.9
2026-09-25 22:45:00,1.5711,1.5715,1.5711,1.5714,20492.0
2026-09-25 22:46:00,1.5714,1.5715,1.571,1.5713,54796.0
2026-09-25 22:47:00,1.5712,1.5714,1.5696,1.5699,139981.2
2026-09-25 22:48:00,1.5699,1.5712,1.5699,1.57,116864.6
2026-09-25 22:49:00,1.5699,1.5707,1.5699,1.5702,36492.1
2026-09-25 22:50:00,1.5703,1.571,1.57,1.571,58908.6
2026-09-25 22:51:00,1.571,1.5713,1.5699,1.5703,47298.1
2026-09-25 22:52:00,1.5703,1.5712,1.5703,1.5711,43275.4
2026-09-25 22:53:00,1.5711,1.5714,1.5707,1.5708,39904.5
2026-09-25 22:54:00,1.5709,1.5714,1.5709,1.571,34358.6
2026-09-25 22:55:00,1.571,1.5717,1.571,1.5712,41360.7
2026-09-25 22:56:00,1.5712,1.5713,1.5708,1.5708,10503.5
2026-09-25 22:57:00,1.5708,1.571,1.5704,1.5706,32040.3
2026-09-25 22:58:00,1.5705,1.5705,1.5693,1.5693,35875.6
2026-09-25 22:59:00,1.5694,1.5698,1.5686,1.5686,120108.1
2026-09-25 23:00:00,1.5687,1.5691,1.5686,1.5688,59040.2
2026-09-25 23:01:00,1.5689,1.5699,1.5689,1.569,34541.8
2026-09-25 23:02:00,1.5691,1.5691,1.568,1.568,30767.2
2026-09-25 23:03:00,1.5681,1.5697,1.568,1.5696,30140.2
2026-09-25 23:04:00,1.5696,1.5696,1.5684,1.5685,35375.7
2026-09-25 23:05:00,1.5684,1.5689,1.5684,1.5689,24404.1
2026-09-25 23:06:00,1.5689,1.5698,1.5689,1.5696,36460.8
2026-09-25 23:07:00,1.5696,1.5699,1.5687,1.5687,46738.4
2026-09-25 23:08:00,1.5688,1.5697,1.5687,1.5697,19506.0
2026-09-25 23:09:00,1.5697,1.57,1.5688,1.569,32771.3
2026-09-25 23:10:00,1.569,1.5698,1.5687,1.5698,27967.3
2026-09-25 23:11:00,1.5697,1.5708,1.5696,1.5708,27603.7
2026-09-25 23:12:00,1.5708,1.5712,1.57,1.5704,71849.4
2026-09-25 23:13:00,1.5703,1.5708,1.57,1.5701,14469.2
2026-09-25 23:14:00,1.57,1.5703,1.5691,1.5696,35458.9
2026-09-25 23:15:00,1.5697,1.5702,1.5694,1.5699,38894.9
2026-09-25 23:16:00,1.5698,1.5704,1.5695,1.5696,29331.2
2026-09-25 23:17:00,1.5696,1.5697,1.5685,1.5686,53295.2
2026-09-25 23:18:00,1.5686,1.5691,1.5684,1.5687,52426.2
2026-09-25 23:19:00,1.5687,1.5691,1.5679,1.5681,535061.8
2026-09-25 23:20:00,1.5682,1.5682,1.5673,1.5674,35125.7
2026-09-25 23:21:00,1.5674,1.5686,1.5672,1.5686,76665.1
2026-09-25 23:22:00,1.5687,1.5691,1.5684,1.5684,74999.2
2026-09-25 23:23:00,1.5684,1.5687,1.5676,1.5683,29665.0
2026-09-25 23:24:00,1.5684,1.5684,1.5676,1.5677,65744.4
2026-09-25 23:25:00,1.5677,1.5677,1.5668,1.5668,26854.9
2026-09-25 23:26:00,1.5669,1.5678,1.5667,1.5674,115856.6
2026-09-25 23:27:00,1.5674,1.5675,1.5669,1.5673,65884.4
2026-09-25 23:28:00,1.5673,1.5678,1.5673,1.5678,22794.2
2026-09-25 23:29:00,1.5677,1.5682,1.5671,1.5672,30759.6
2026-09-25 23:30:00,1.5672,1.5676,1.5669,1.5676,45355.0
2026-09-25 23:31:00,1.5677,1.5684,1.5676,1.5678,37823.0
2026-09-25 23:32:00,1.5677,1.5788,1.5677,1.5703,1108178.0
2026-09-25 23:33:00,1.5704,1.5704,1.5693,1.57,44564.4
2026-09-25 23:34:00,1.57,1.57,1.5688,1.5691,33692.2
2026-09-25 23:35:00,1.569,1.5691,1.5687,1.5688,16915.9
2026-09-25 23:36:00,1.5687,1.5696,1.5687,1.5691,32334.1
2026-09-25 23:37:00,1.5691,1.5692,1.5688,1.5692,14299.9
2026-09-25 23:38:00,1.5691,1.57,1.5691,1.57,16935.5
2026-09-25 23:39:00,1.5699,1.5705,1.5697,1.5701,42654.0
2026-09-25 23:40:00,1.5701,1.5706,1.5698,1.5698,9301.5
2026-09-25 23:41:00,1.5698,1.5703,1.5697,1.5703,8232.8
2026-09-25 23:42:00,1.5702,1.5703,1.5698,1.57,17720.8
2026-09-25 23:43:00,1.5699,1.5699,1.5695,1.5698,26204.6
2026-09-25 23:44:00,1.5698,1.5699,1.569,1.5691,29407.0
2026-09-25 23:45:00,1.5691,1.5695,1.569,1.5695,10635.0
2026-09-25 23:46:00,1.5694,1.5697,1.5694,1.5696,9193.6
2026-09-25 23:47:00,1.5695,1.5695,1.5684,1.5686,37307.1
2026-09-25 23:48:00,1.5687,1.5693,1.5685,1.5686,21724.5
2026-09-25 23:49:00,1.5686,1.569,1.5683,1.569,34668.4
2026-09-25 23:50:00,1.569,1.5694,1.5686,1.5686,6444.1
2026-09-25 23:51:00,1.5687,1.5687,1.5677,1.5677,5437.3
2026-09-25 23:52:00,1.5677,1.5713,1.5676,1.5701,192205.3
2026-09-25 23:53:00,1.57,1.5702,1.5692,1.5695,20068.4
2026-09-25 23:54:00,1.5695,1.5698,1.5694,1.5697,4745.2
2026-09-25 23:55:00,1.5697,1.5701,1.5691,1.5692,26021.5
2026-09-25 23:56:00,1.5691,1.5691,1.5684,1.5684,25774.9
2026-09-25 23:57:00,1.5684,1.5685,1.5681,1.5685,4480.0
2026-09-25 23:58:00,1.5685,1.569,1.5682,1.5683,18628.6
2026-09-25 23:59:00,1.5684,1.5697,1.5682,1.5685,247199.4
2026-09-26 00:00:00,1.5684,1.5684,1.5677,1.5681,64835.3
2026-09-26 00:01:00,1.568,1.5681,1.5671,1.568,82221.9
2026-09-26 00:02:00,1.568,1.568,1.5658,1.5662,27070.1
2026-09-26 00:03:00,1.5663,1.5665,1.5656,1.5658,17329.4
2026-09-26 00:04:00,1.5658,1.5658,1.5636,1.5641,35160.5
2026-09-26 00:05:00,1.5642,1.5647,1.5639,1.5646,23288.6
2026-09-26 00:06:00,1.5647,1.5662,1.564,1.564,54558.2
2026-09-26 00:07:00,1.564,1.5652,1.5634,1.5651,87774.5
2026-09-26 00:08:00,1.5651,1.5684,1.5651,1.5673,44242.2
2026-09-26 00:09:00,1.5673,1.5682,1.566,1.5662,41342.1
2026-09-26 00:10:00,1.5661,1.567,1.5658,1.566,24978.6
2026-09-26 00:11:00,1.566,1.569,1.5659,1.5672,221551.1
2026-09-26 00:12:00,1.5671,1.5677,1.5658,1.5658,74714.1
2026-09-26 00:13:00,1.5657,1.5673,1.5654,1.5672,70000.6
2026-09-26 00:14:00,1.5671,1.5672,1.5652,1.5658,22775.0
2026-09-26 00:15:00,1.5657,1.5672,1.5654,1.566,59830.4
2026-09-26 00:16:00,1.566,1.5666,1.564,1.5641,19956.9
2026-09-26 00:17:00,1.5641,1.5656,1.5641,1.5646,38413.5
2026-09-26 00:18:00,1.5647,1.5656,1.5646,1.565,20125.9
2026-09-26 00:19:00,1.565,1.565,1.5636,1.564,31705.0
2026-09-26 00:20:00,1.564,1.5661,1.564,1.5657,20425.7
2026-09-26 00:21:00,1.5657,1.5681,1.5656,1.5679,38932.9
2026-09-26 00:22:00,1.5679,1.568,1.5656,1.5659,18064.4
2026-09-26 00:23:00,1.5659,1.5663,1.5649,1.5657,14307.1
2026-09-26 00:24:00,1.5658,1.5679,1.5658,1.5679,25747.0
2026-09-26 00:25:00,1.5679,1.569,1.5671,1.5688,18670.7
2026-09-26 00:26:00,1.5688,1.569,1.5671,1.5671,347887.1
2026-09-26 00:27:00,1.5671,1.5678,1.5663,1.5664,156115.1
2026-09-26 00:28:00,1.5664,1.5669,1.5648,1.5653,108646.2
2026-09-26 00:29:00,1.5653,1.5655,1.564,1.564,91023.7
2026-09-26 00:30:00,1.5641,1.5645,1.5634,1.5642,32731.5
2026-09-26 00:31:00,1.5641,1.5642,1.5598,1.5598,235275.2
2026-09-26 00:32:00,1.5598,1.5604,1.5577,1.5588,213532.0
2026-09-26 00:33:00,1.5588,1.5594,1.5576,1.558,54895.8
2026-09-26 00:34:00,1.558,1.5583,1.5562,1.5563,53231.0
2026-09-26 00:35:00,1.5563,1.5576,1.555,1.5556,135145.8
2026-09-26 00:36:00,1.5555,1.5565,1.555,1.5557,90167.0
2026-09-26 00:37:00,1.5557,1.5575,1.5555,1.5563,64003.5
2026-09-26 00:38:00,1.5563,1.5577,1.5554,1.5571,53069.7
2026-09-26 00:39:00,1.557,1.5576,1.5557,1.5575,49961.4
2026-09-26 00:40:00,1.5575,1.5594,1.5566,1.5592,44792.2
2026-09-26 00:41:00,1.5591,1.5596,1.5581,1.5595,74424.1
2026-09-26 00:42:00,1.5595,1.5617,1.5592,1.5617,31659.3
2026-09-26 00:43:00,1.5616,1.5622,1.5612,1.5621,20061.0
2026-09-26 00:44:00,1.562,1.5623,1.5607,1.561,107178.6
2026-09-26 00:45:00,1.5611,1.5621,1.5602,1.562,28646.1
2026-09-26 00:46:00,1.5621,1.5641,1.5621,1.5641,31323.2
2026-09-26 00:47:00,1.5642,1.5649,1.5633,1.5637,86639.9
2026-09-26 00:48:00,1.5637,1.5641,1.562,1.5624,46588.3
2026-09-26 00:49:00,1.5623,1.5646,1.5622,1.5646,22999.4
2026-09-26 00:50:00,1.5647,1.5665,1.5647,1.5664,29524.2
2026-09-26 00:51:00,1.5664,1.5669,1.5661,1.5667,31311.8
2026-09-26 00:52:00,1.5667,1.5668,1.5628,1.5628,36777.9
2026-09-26 00:53:00,1.5629,1.5642,1.5626,1.5635,25858.0
2026-09-26 00:54:00,1.5635,1.5651,1.5633,1.5639,32439.2
2026-09-26 00:55:00,1.564,1.5663,1.5638,1.5658,27952.9
2026-09-26 00:56:00,1.5657,1.5663,1.5648,1.565,27002.3
2026-09-26 00:57:00,1.5651,1.5656,1.5642,1.5646,15328.2
2026-09-26 00:58:00,1.5646,1.5657,1.5645,1.5645,22455.8
2026-09-26 00:59:00,1.5645,1.5645,1.5632,1.5638,47431.3
2026-09-26 01:00:00,1.5638,1.566,1.5631,1.5652,140364.1
2026-09-26 01:01:00,1.5653,1.5675,1.5653,1.5673,91735.3
2026-09-26 01:02:00,1.5674,1.5684,1.5669,1.5684,34264.7
2026-09-26 01:03:00,1.5685,1.5698,1.5685,1.5698,49366.6
2026-09-26 01:04:00,1.5697,1.5701,1.566,1.5661,72912.0
2026-09-26 01:05:00,1.566,1.5685,1.5655,1.5682,34802.6
2026-09-26 01:06:00,1.5682,1.5704,1.5682,1.5695,50546.1
2026-09-26 01:07:00,1.5694,1.5695,1.5681,1.5695,36568.6
2026-09-26 01:08:00,1.5694,1.5694,1.5677,1.5691,40663.5
2026-09-26 01:09:00,1.5691,1.5691,1.5669,1.5673,80368.5
2026-09-26 01:10:00,1.5672,1.5696,1.5668,1.5692,123126.2
2026-09-26 01:11:00,1.5692,1.5695,1.568,1.5693,44888.4
2026-09-26 01:12:00,1.5694,1.5697,1.5661,1.568,218113.4
2026-09-26 01:13:00,1.5681,1.5681,1.5666,1.568,19938.5
2026-09-26 01:14:00,1.5681,1.5689,1.5678,1.5685,7416.1
2026-09-26 01:15:00,1.5684,1.5692,1.5677,1.5685,19012.7
2026-09-26 01:16:00,1.5684,1.5729,1.5684,1.5726,100733.9
2026-09-26 01:17:00,1.5726,1.573,1.5718,1.5724,49817.3
2026-09-26 01:18:00,1.5725,1.5729,1.5703,1.5721,158246.2
2026-09-26 01:19:00,1.5721,1.5743,1.5718,1.5731,188184.4
2026-09-26 01:20:00,1.573,1.575,1.5729,1.5749,108351.5
2026-09-26 01:21:00,1.5749,1.576,1.5745,1.5748,308188.4
2026-09-26 01:22:00,1.5748,1.5748,1.5737,1.5738,61246.6
2026-09-26 01:23:00,1.5737,1.5738,1.5707,1.5725,172239.4
2026-09-26 01:24:00,1.5725,1.5726,1.571,1.5715,20795.1
2026-09-26 01:25:00,1.5715,1.5728,1.5708,1.5709,48152.5
2026-09-26 01:26:00,1.5709,1.5721,1.5696,1.572,97111.5
2026-09-26 01:27:00,1.5719,1.5719,1.5703,1.571,38930.2
2026-09-26 01:28:00,1.5709,1.5709,1.5689,1.5708,47728.2
2026-09-26 01:29:00,1.5708,1.571,1.5696,1.5704,92341.1
2026-09-26 01:30:00,1.5704,1.5709,1.5698,1.5706,25709.7
2026-09-26 01:31:00,1.5707,1.5726,1.57,1.5716,131380.5
2026-09-26 01:32:00,1.5717,1.5729,1.5712,1.5721,84141.9
2026-09-26 01:33:00,1.572,1.5726,1.5713,1.5726,40227.6
2026-09-26 01:34:00,1.5726,1.5737,1.5724,1.5732,63478.6
2026-09-26 01:35:00,1.5732,1.5737,1.5725,1.5731,15777.6
2026-09-26 01:36:00,1.5732,1.5774,1.5728,1.5771,175726.2
2026-09-26 01:37:00,1.5771,1.5775,1.5756,1.5774,101332.4
2026-09-26 01:38:00,1.5774,1.5781,1.577,1.578,125305.1
2026-09-26 01:39:00,1.5779,1.578,1.5766,1.5768,22897.2
2026-09-26 01:40:00,1.5767,1.5794,1.5765,1.5771,179115.7
2026-09-26 01:41:00,1.5772,1.5781,1.5759,1.5776,139303.7
2026-09-26 01:42:00,1.5775,1.5779,1.5759,1.5767,203987.9
2026-09-26 01:43:00,1.5768,1.5779,1.5764,1.5771,89679.3
2026-09-26 01:44:00,1.577,1.5776,1.5766,1.5775,43248.9
2026-09-26 01:45:00,1.5775,1.5785,1.5769,1.5784,50645.4
2026-09-26 01:46:00,1.5783,1.5799,1.5781,1.5795,105812.3
2026-09-26 01:47:00,1.5795,1.581,1.5784,1.5794,540748.9
2026-09-26 01:48:00,1.5794,1.5795,1.5771,1.5771,66374.5
2026-09-26 01:49:00,1.5771,1.5772,1.5754,1.5766,125360.3
2026-09-26 01:50:00,1.5766,1.5772,1.5762,1.5764,60706.0
2026-09-26 01:51:00,1.5764,1.5764,1.5745,1.5748,190192.1
2026-09-26 01:52:00,1.5749,1.5774,1.5749,1.5774,110658.8
2026-09-26 01:53:00,1.5774,1.5779,1.5769,1.5774,78358.2
2026-09-26 01:54:00,1.5774,1.5784,1.5772,1.5784,50450.8
2026-09-26 01:55:00,1.5783,1.5784,1.5761,1.5762,100631.6
2026-09-26 01:56:00,1.5762,1.5764,1.5748,1.5756,41936.0
2026-09-26 01:57:00,1.5756,1.5756,1.5749,1.5753,35984.6
2026-09-26 01:58:00,1.5752,1.577,1.5751,1.5769,63546.4
2026-09-26 01:59:00,1.5769,1.577,1.5757,1.5761,42553.1
2026-09-26 02:00:00,1.5761,1.5771,1.5739,1.574,67071.3
2026-09-26 02:01:00,1.5739,1.5739,1.5724,1.5728,119423.2
2026-09-26 02:02:00,1.5728,1.5731,1.5717,1.5723,239181.1
2026-09-26 02:03:00,1.5722,1.575,1.5719,1.574,85366.9
2026-09-26 02:04:00,1.5741,1.5742,1.5731,1.5742,35044.3
2026-09-26 02:05:00,1.5743,1.5764,1.5742,1.5746,91779.4
2026-09-26 02:06:00,1.5745,1.575,1.5739,1.5743,45417.6
2026-09-26 02:07:00,1.5743,1.5747,1.5733,1.5738,63794.9
2026-09-26 02:08:00,1.5738,1.574,1.573,1.5732,73304.0
2026-09-26 02:09:00,1.5732,1.5733,1.5721,1.5726,33830.1
2026-09-26 02:10:00,1.5726,1.5738,1.5722,1.5723,75044.3
2026-09-26 02:11:00,1.5724,1.5735,1.5724,1.573,55919.2
2026-09-26 02:12:00,1.5729,1.5746,1.5729,1.5737,67651.0
2026-09-26 02:13:00,1.5737,1.5741,1.5726,1.5734,52740.6
2026-09-26 02:14:00,1.5735,1.5753,1.5734,1.5744,60761.7
2026-09-26 02:15:00,1.5743,1.5753,1.5734,1.5746,86586.7
2026-09-26 02:16:00,1.5746,1.5757,1.5745,1.5751,87997.8
2026-09-26 02:17:00,1.5751,1.5754,1.573,1.573,98447.2
2026-09-26 02:18:00,1.573,1.5733,1.5721,1.5729,81597.1
2026-09-26 02:19:00,1.5729,1.573,1.5723,1.5728,24748.1
2026-09-26 02:20:00,1.5727,1.5727,1.5716,1.5717,57155.5
2026-09-26 02:21:00,1.5717,1.5717,1.5702,1.5706,102958.7
2026-09-26 02:22:00,1.5705,1.5718,1.5702,1.5718,51931.0
2026-09-26 02:23:00,1.5718,1.5718,1.57,1.57,22553.9
2026-09-26 02:24:00,1.5699,1.5707,1.5697,1.5697,56296.8
2026-09-26 02:25:00,1.5697,1.5713,1.5697,1.571,19381.8
2026-09-26 02:26:00,1.5711,1.5727,1.5709,1.5722,47404.7
2026-09-26 02:27:00,1.5721,1.5722,1.5708,1.5711,56443.1
2026-09-26 02:28:00,1.571,1.5724,1.5699,1.5707,159734.5
2026-09-26 02:29:00,1.5707,1.5709,1.5701,1.5702,41055.5
2026-09-26 02:30:00,1.5701,1.5701,1.5686,1.5689,39035.8
2026-09-26 02:31:00,1.569,1.5698,1.5685,1.5687,21889.2
2026-09-26 02:32:00,1.5688,1.5702,1.5687,1.5697,19240.7
2026-09-26 02:33:00,1.5696,1.5697,1.5692,1.5694,11434.3
2026-09-26 02:34:00,1.5695,1.5707,1.5692,1.5705,38750.1
2026-09-26 02:35:00,1.5705,1.5709,1.5687,1.5687,31725.5
2026-09-26 02:36:00,1.5687,1.569,1.5684,1.5686,20545.5
2026-09-26 02:37:00,1.5686,1.5692,1.5674,1.5679,277356.6
2026-09-26 02:38:00,1.5679,1.5686,1.5678,1.5681,73765.6
2026-09-26 02:39:00,1.5682,1.5682,1.5654,1.566,342770.0
2026-09-26 02:40:00,1.566,1.5672,1.566,1.5662,102186.9
2026-09-26 02:41:00,1.5662,1.5668,1.5657,1.5665,59966.6
2026-09-26 02:42:00,1.5665,1.5669,1.5651,1.5664,243842.1
2026-09-26 02:43:00,1.5663,1.5671,1.566,1.5671,43007.3
2026-09-26 02:44:00,1.5671,1.5679,1.5661,1.5663,83594.0
2026-09-26 02:45:00,1.5663,1.5668,1.5655,1.5662,110747.8
2026-09-26 02:46:00,1.5662,1.5665,1.5648,1.5658,292222.8
2026-09-26 02:47:00,1.5657,1.5667,1.5657,1.5662,36565.1
2026-09-26 02:48:00,1.5663,1.5667,1.5658,1.5662,60054.4
2026-09-26 02:49:00,1.5662,1.5681,1.5662,1.5673,40707.5
2026-09-26 02:50:00,1.5672,1.5678,1.5669,1.567,59844.1
2026-09-26 02:51:00,1.5669,1.5671,1.5663,1.5664,30699.1
2026-09-26 02:52:00,1.5663,1.5663,1.5655,1.5658,105158.7
2026-09-26 02:53:00,1.5658,1.5662,1.5652,1.5655,28344.1
2026-09-26 02:54:00,1.5654,1.5655,1.5646,1.5647,62232.3
2026-09-26 02:55:00,1.5646,1.5649,1.5643,1.5647,41764.0
2026-09-26 02:56:00,1.5647,1.5664,1.5646,1.5662,32825.3
2026-09-26 02:57:00,1.5662,1.5663,1.5653,1.5653,41390.5
2026-09-26 02:58:00,1.5653,1.5653,1.5648,1.5652,43195.6
2026-09-26 02:59:00,1.5653,1.5658,1.5647,1.5648,72591.2
2026-09-26 03:00:00,1.5648,1.5651,1.5636,1.5651,56969.8
2026-09-26 03:01:00,1.565,1.565,1.563,1.5636,66397.9
2026-09-26 03:02:00,1.5637,1.5638,1.5629,1.5632,28162.1
2026-09-26 03:03:00,1.5632,1.5635,1.5628,1.5632,47984.7
2026-09-26 03:04:00,1.5633,1.5638,1.5623,1.5623,66170.4
2026-09-26 03:05:00,1.5624,1.5631,1.5623,1.563,60697.5
2026-09-26 03:06:00,1.5631,1.564,1.5628,1.5639,34832.1
2026-09-26 03:07:00,1.564,1.5643,1.5629,1.5631,44295.1
2026-09-26 03:08:00,1.5631,1.5632,1.5624,1.5627,55947.1
2026-09-26 03:09:00,1.5626,1.5637,1.5625,1.5631,36051.6
2026-09-26 03:10:00,1.5631,1.5632,1.5611,1.5613,178678.5
2026-09-26 03:11:00,1.5614,1.5614,1.5581,1.5588,237832.4
2026-09-26 03:12:00,1.5589,1.5592,1.5576,1.5577,124483.5
2026-09-26 03:13:00,1.5577,1.558,1.5569,1.5576,143017.2
2026-09-26 03:14:00,1.5576,1.559,1.5567,1.5589,99233.1
2026-09-26 03:15:00,1.559,1.5602,1.5589,1.5601,164389.5
2026-09-26 03:16:00,1.56,1.5613,1.56,1.5613,43610.1
2026-09-26 03:17:00,1.5613,1.5616,1.5604,1.5607,67799.7
2026-09-26 03:18:00,1.5607,1.5611,1.56,1.56,33348.0
2026-09-26 03:19:00,1.56,1.5605,1.5595,1.5603,73947.4
2026-09-26 03:20:00,1.5603,1.5607,1.5598,1.5602,25941.1
2026-09-26 03:21:00,1.5602,1.5607,1.5598,1.5605,82982.1
2026-09-26 03:22:00,1.5605,1.5608,1.56,1.56,85538.1
2026-09-26 03:23:00,1.56,1.5604,1.5598,1.56,132257.0
2026-09-26 03:24:00,1.5601,1.5602,1.56,1.5601,14498.4
2026-09-26 03:25:00,1.5601,1.5612,1.56,1.5609,54389.0
2026-09-26 03:26:00,1.5609,1.5623,1.5606,1.5622,208740.5
2026-09-26 03:27:00,1.5621,1.5631,1.5621,1.5624,47129.6
2026-09-26 03:28:00,1.5623,1.5632,1.5623,1.5631,31934.6
2026-09-26 03:29:00,1.5631,1.5635,1.5619,1.562,54974.3
2026-09-26 03:30:00,1.5621,1.5625,1.5604,1.5623,151634.5
2026-09-26 03:31:00,1.5622,1.5631,1.5621,1.5631,35811.9
2026-09-26 03:32:00,1.5631,1.5636,1.5629,1.5636,25013.9
2026-09-26 03:33:00,1.5635,1.5636,1.5619,1.5627,63262.0
2026-09-26 03:34:00,1.5627,1.5633,1.5611,1.5616,137263.2
2026-09-26 03:35:00,1.5616,1.5622,1.5616,1.5622,33399.9
2026-09-26 03:36:00,1.5622,1.5629,1.5605,1.561,64425.2
2026-09-26 03:37:00,1.5611,1.5616,1.5603,1.561,25590.8
2026-09-26 03:38:00,1.561,1.5615,1.5607,1.5611,42900.6
2026-09-26 03:39:00,1.5612,1.5626,1.5606,1.5609,176125.6
2026-09-26 03:40:00,1.5609,1.5614,1.5602,1.5603,31657.6
2026-09-26 03:41:00,1.5602,1.5605,1.56,1.56,22325.6
2026-09-26 03:42:00,1.56,1.56,1.5588,1.5589,119974.3
2026-09-26 03:43:00,1.559,1.559,1.558,1.5582,38236.7
2026-09-26 03:44:00,1.5583,1.5589,1.558,1.5581,28317.7
2026-09-26 03:45:00,1.558,1.5586,1.558,1.5584,10165.7
2026-09-26 03:46:00,1.5584,1.559,1.5583,1.5586,10659.6
2026-09-26 03:47:00,1.5586,1.5596,1.5586,1.5592,12631.8
2026-09-26 03:48:00,1.5593,1.5598,1.5592,1.5594,69935.6
2026-09-26 03:49:00,1.5594,1.5596,1.559,1.5594,60418.3
2026-09-26 03:50:00,1.5594,1.5603,1.559,1.5592,13027.8
2026-09-26 03:51:00,1.5591,1.5592,1.5591,1.5592,5309.0
2026-09-26 03:52:00,1.5591,1.5591,1.5582,1.5586,121408.7
2026-09-26 03:53:00,1.5586,1.5591,1.5583,1.5586,14653.3
2026-09-26 03:54:00,1.5587,1.5591,1.5585,1.5587,18576.2
2026-09-26 03:55:00,1.5587,1.5587,1.5582,1.5582,15780.4
2026-09-26 03:56:00,1.5583,1.559,1.5582,1.5589,7736.9
2026-09-26 03:57:00,1.5589,1.5592,1.5587,1.5587,18591.3
2026-09-26 03:58:00,1.5588,1.5592,1.5586,1.5592,32538.3
2026-09-26 03:59:00,1.5592,1.5592,1.5584,1.5584,30756.9
2026-09-26 04:00:00,1.5585,1.5588,1.5583,1.5586,52668.9
2026-09-26 04:01:00,1.5587,1.56,1.5587,1.56,25428.7
2026-09-26 04:02:00,1.56,1.5609,1.5599,1.5607,24256.3
2026-09-26 04:03:00,1.5607,1.5613,1.5606,1.5609,16491.7
2026-09-26 04:04:00,1.5608,1.5613,1.5598,1.5599,113005.9
2026-09-26 04:05:00,1.5598,1.5606,1.5598,1.5599,86472.7
2026-09-26 04:06:00,1.5599,1.5604,1.5595,1.5602,74725.5
2026-09-26 04:07:00,1.5603,1.5614,1.56,1.5607,66711.2
2026-09-26 04:08:00,1.5607,1.5624,1.5602,1.5613,234639.5
2026-09-26 04:09:00,1.5613,1.5617,1.5611,1.5615,27574.7
2026-09-26 04:10:00,1.5615,1.5615,1.5603,1.5605,46805.1
2026-09-26 04:11:00,1.5606,1.5609,1.5603,1.5605,68298.9
2026-09-26 04:12:00,1.5605,1.5607,1.5589,1.5607,180189.8
2026-09-26 04:13:00,1.5606,1.5608,1.5593,1.5594,169070.4
2026-09-26 04:14:00,1.5595,1.5598,1.5595,1.5597,15888.6
2026-09-26 04:15:00,1.5598,1.5614,1.5598,1.5611,335236.5
2026-09-26 04:16:00,1.561,1.5611,1.5595,1.5595,63125.4
2026-09-26 04:17:00,1.5594,1.5595,1.5587,1.5594,69974.6
2026-09-26 04:18:00,1.5595,1.5604,1.5592,1.5596,93565.1
2026-09-26 04:19:00,1.5596,1.5612,1.5596,1.5606,45475.9
2026-09-26 04:20:00,1.5606,1.5623,1.5606,1.5618,34244.7
2026-09-26 04:21:00,1.5618,1.5618,1.56,1.56,299885.7
2026-09-26 04:22:00,1.5601,1.5601,1.557,1.5571,174186.7
2026-09-26 04:23:00,1.5571,1.5571,1.5559,1.5559,152760.7
2026-09-26 04:24:00,1.5559,1.5561,1.5551,1.5557,161798.1
2026-09-26 04:25:00,1.5558,1.5565,1.5547,1.5554,157625.2
2026-09-26 04:26:00,1.5554,1.556,1.5539,1.5541,185332.6
2026-09-26 04:27:00,1.554,1.5547,1.554,1.5542,145031.7
2026-09-26 04:28:00,1.5542,1.5545,1.554,1.554,50490.8
2026-09-26 04:29:00,1.554,1.5545,1.5526,1.5531,147502.9
2026-09-26 04:30:00,1.5531,1.5536,1.5518,1.5535,156368.7
2026-09-26 04:31:00,1.5535,1.5552,1.5532,1.5544,115028.4
2026-09-26 04:32:00,1.5545,1.5549,1.5542,1.5547,27051.0
2026-09-26 04:33:00,1.5547,1.5554,1.5543,1.5553,43115.6
2026-09-26 04:34:00,1.5553,1.5565,1.5544,1.5545,123108.3
2026-09-26 04:35:00,1.5545,1.5549,1.5542,1.5546,68182.9
2026-09-26 04:36:00,1.5547,1.5558,1.5543,1.5557,78812.1
2026-09-26 04:37:00,1.5558,1.5558,1.5541,1.5544,37130.0
2026-09-26 04:38:00,1.5544,1.5545,1.5539,1.5544,72035.7
2026-09-26 04:39:00,1.5544,1.5556,1.5544,1.5555,15998.3
2026-09-26 04:40:00,1.5554,1.5557,1.5549,1.5555,28521.3
2026-09-26 04:41:00,1.5555,1.5563,1.5554,1.5563,50291.3
2026-09-26 04:42:00,1.5562,1.5566,1.5555,1.5561,43093.6
2026-09-26 04:43:00,1.5562,1.5567,1.5557,1.5557,26702.7
2026-09-26 04:44:00,1.5556,1.5561,1.5555,1.5559,24815.4
2026-09-26 04:45:00,1.556,1.5562,1.5555,1.5556,27109.0
2026-09-26 04:46:00,1.5556,1.5563,1.5555,1.5562,83042.1
2026-09-26 04:47:00,1.5561,1.5565,1.5559,1.5564,13066.5
2026-09-26 04:48:00,1.5564,1.5567,1.5562,1.5562,21686.9
2026-09-26 04:49:00,1.5563,1.5568,1.5558,1.5567,61382.7
2026-09-26 04:50:00,1.5567,1.5568,1.5558,1.5562,27408.3
2026-09-26 04:51:00,1.5562,1.5566,1.5562,1.5566,39586.1
2026-09-26 04:52:00,1.5565,1.5566,1.5562,1.5565,14751.1
2026-09-26 04:53:00,1.5566,1.5566,1.5562,1.5565,28747.6
2026-09-26 04:54:00,1.5564,1.5565,1.556,1.5562,78064.8
2026-09-26 04:55:00,1.5562,1.5569,1.5562,1.5562,19344.2
2026-09-26 04:56:00,1.5563,1.5569,1.5561,1.5565,57672.6
2026-09-26 04:57:00,1.5564,1.5565,1.5562,1.5562,33832.5
2026-09-26 04:58:00,1.5563,1.5568,1.5562,1.5566,19188.0
2026-09-26 04:59:00,1.5566,1.5569,1.5565,1.5568,11304.5
2026-09-26 05:00:00,1.5567,1.5579,1.5563,1.5578,61914.8
2026-09-26 05:01:00,1.5579,1.5581,1.557,1.5571,48065.1
2026-09-26 05:02:00,1.557,1.557,1.5561,1.5562,58136.2
2026-09-26 05:03:00,1.5562,1.5563,1.5558,1.5562,23024.9
2026-09-26 05:04:00,1.5562,1.5562,1.5554,1.5555,83944.1
2026-09-26 05:05:00,1.5556,1.5559,1.5553,1.5553,61632.9
2026-09-26 05:06:00,1.5554,1.5556,1.555,1.5556,20810.6
2026-09-26 05:07:00,1.5556,1.5562,1.555,1.5551,62873.9
2026-09-26 05:08:00,1.5552,1.5561,1.5551,1.5561,13015.7
2026-09-26 05:09:00,1.5562,1.5562,1.5549,1.555,134225.6
2026-09-26 05:10:00,1.5549,1.555,1.554,1.5542,61333.9
2026-09-26 05:11:00,1.5543,1.5543,1.5538,1.5538,65811.2
2026-09-26 05:12:00,1.5539,1.5539,1.5529,1.5529,36701.6
2026-09-26 05:13:00,1.553,1.5536,1.5522,1.5531,151696.6
2026-09-26 05:14:00,1.5531,1.5531,1.5523,1.5526,12642.1
2026-09-26 05:15:00,1.5525,1.5525,1.552,1.5524,54799.8
2026-09-26 05:16:00,1.5524,1.5524,1.551,1.551,111915.7
2026-09-26 05:17:00,1.5511,1.5515,1.5504,1.5513,73860.1
2026-09-26 05:18:00,1.5514,1.5524,1.5504,1.5504,77217.5
2026-09-26 05:19:00,1.5505,1.5522,1.5501,1.5521,212291.7
2026-09-26 05:20:00,1.5521,1.5527,1.5516,1.5527,99151.8
2026-09-26 05:21:00,1.5527,1.554,1.5527,1.5536,38151.2
2026-09-26 05:22:00,1.5536,1.5537,1.5532,1.5533,50558.7
2026-09-26 05:23:00,1.5532,1.554,1.5532,1.5539,61743.3
2026-09-26 05:24:00,1.5539,1.5544,1.5539,1.5543,21704.8
2026-09-26 05:25:00,1.5543,1.5545,1.5538,1.5543,26381.7
2026-09-26 05:26:00,1.5543,1.5548,1.5542,1.5544,105601.1
2026-09-26 05:27:00,1.5544,1.5544,1.5519,1.5523,181213.2
2026-09-26 05:28:00,1.5524,1.5524,1.5517,1.5518,38935.7
2026-09-26 05:29:00,1.5517,1.5518,1.5515,1.5516,56239.8
2026-09-26 05:30:00,1.5516,1.5517,1.5505,1.5512,84472.6
2026-09-26 05:31:00,1.5513,1.5518,1.5504,1.5504,72238.8
2026-09-26 05:32:00,1.5504,1.5507,1.5497,1.5502,123307.4
2026-09-26 05:33:00,1.5502,1.5502,1.5496,1.55,124905.8
2026-09-26 05:34:00,1.55,1.5503,1.5499,1.5501,28259.4
2026-09-26 05:35:00,1.5501,1.5508,1.5482,1.5485,398731.3
2026-09-26 05:36:00,1.5486,1.5492,1.5481,1.5486,123193.2
2026-09-26 05:37:00,1.5485,1.55,1.5485,1.5499,371177.0
2026-09-26 05:38:00,1.5499,1.5531,1.5498,1.5526,246054.1
2026-09-26 05:39:00,1.5526,1.5528,1.5521,1.5522,49024.0
2026-09-26 05:40:00,1.5522,1.5532,1.5517,1.5532,108919.3
2026-09-26 05:41:00,1.5533,1.5547,1.5533,1.5542,97031.2
2026-09-26 05:42:00,1.5542,1.5543,1.5536,1.5536,43075.8
2026-09-26 05:43:00,1.5537,1.5541,1.5533,1.5541,37294.2
2026-09-26 05:44:00,1.554,1.5542,1.5538,1.5539,70257.0
2026-09-26 05:45:00,1.554,1.5542,1.5534,1.5539,70851.3
2026-09-26 05:46:00,1.5539,1.5545,1.5538,1.5544,76515.3
2026-09-26 05:47:00,1.5543,1.5546,1.553,1.5535,51603.6
2026-09-26 05:48:00,1.5536,1.5536,1.5528,1.5532,40565.0
2026-09-26 05:49:00,1.5532,1.5537,1.5529,1.5532,39456.0
2026-09-26 05:50:00,1.5532,1.5539,1.5529,1.5539,12126.4
2026-09-26 05:51:00,1.5538,1.554,1.5508,1.5515,267370.3
2026-09-26 05:52:00,1.5515,1.5518,1.5514,1.5515,49499.6
2026-09-26 05:53:00,1.5515,1.5515,1.5505,1.5505,92493.8
2026-09-26 05:54:00,1.5505,1.5505,1.5498,1.5501,56106.9
2026-09-26 05:55:00,1.5501,1.5504,1.5499,1.5504,73497.3
2026-09-26 05:56:00,1.5505,1.5509,1.5501,1.5503,67195.4
2026-09-26 05:57:00,1.5504,1.551,1.5503,1.5506,68789.9
2026-09-26 05:58:00,1.5506,1.5511,1.5503,1.5508,71201.9
2026-09-26 05:59:00,1.5508,1.5509,1.5499,1.55,86029.8
2026-09-26 06:00:00,1.55,1.551,1.5499,1.55,83935.3
2026-09-26 06:01:00,1.5501,1.5504,1.5489,1.5492,165630.0
2026-09-26 06:02:00,1.5493,1.5493,1.5464,1.5475,312449.8
2026-09-26 06:03:00,1.5475,1.5493,1.5475,1.5492,49044.1
2026-09-26 06:04:00,1.5492,1.5514,1.5487,1.5512,301774.8
2026-09-26 06:05:00,1.5512,1.5518,1.5508,1.551,57753.9
2026-09-26 06:06:00,1.551,1.5516,1.5496,1.5497,38480.1
2026-09-26 06:07:00,1.5497,1.5506,1.5496,1.5497,49580.7
2026-09-26 06:08:00,1.5496,1.5496,1.5488,1.5493,53913.0
2026-09-26 06:09:00,1.5494,1.5512,1.5493,1.551,64397.0
2026-09-26 06:10:00,1.551,1.5514,1.5509,1.5513,53365.2
2026-09-26 06:11:00,1.5513,1.5516,1.5509,1.5511,46299.3
2026-09-26 06:12:00,1.5511,1.5512,1.5508,1.5511,23998.8
2026-09-26 06:13:00,1.551,1.5511,1.5503,1.5509,94594.9
2026-09-26 06:14:00,1.5509,1.5512,1.5498,1.5498,58432.4
2026-09-26 06:15:00,1.5498,1.5506,1.5496,1.55,47035.9
2026-09-26 06:16:00,1.55,1.55,1.549,1.5491,133326.0
2026-09-26 06:17:00,1.5492,1.5492,1.5479,1.5482,126284.4
2026-09-26 06:18:00,1.5482,1.5484,1.548,1.5484,55419.1
2026-09-26 06:19:00,1.5484,1.5496,1.5484,1.5496,82873.5
2026-09-26 06:20:00,1.5497,1.5498,1.5493,1.5494,25524.7
2026-09-26 06:21:00,1.5493,1.5495,1.549,1.5495,30451.8
2026-09-26 06:22:00,1.5496,1.5507,1.5496,1.5499,84959.5
2026-09-26 06:23:00,1.5499,1.5501,1.549,1.549,58175.5
2026-09-26 06:24:00,1.549,1.5496,1.549,1.5494,44597.0
2026-09-26 06:25:00,1.5494,1.5498,1.5483,1.5487,100234.3
2026-09-26 06:26:00,1.5487,1.5487,1.547,1.5475,84412.5
2026-09-26 06:27:00,1.5476,1.5476,1.5471,1.5474,80199.7
2026-09-26 06:28:00,1.5474,1.5474,1.5459,1.5468,55884.2
2026-09-26 06:29:00,1.5467,1.5469,1.5464,1.5468,13532.8
2026-09-26 06:30:00,1.5468,1.5485,1.5468,1.5482,38265.6
2026-09-26 06:31:00,1.5482,1.5485,1.5468,1.5471,62812.6
2026-09-26 06:32:00,1.5471,1.5491,1.5468,1.549,63520.8
2026-09-26 06:33:00,1.5489,1.5495,1.5486,1.5494,47869.4
2026-09-26 06:34:00,1.5494,1.5494,1.5473,1.5474,58213.0
2026-09-26 06:35:00,1.5474,1.5475,1.5463,1.5463,70603.2
2026-09-26 06:36:00,1.5463,1.5478,1.5463,1.5474,24374.8
2026-09-26 06:37:00,1.5474,1.5483,1.5472,1.5478,45563.7
2026-09-26 06:38:00,1.5477,1.5488,1.5474,1.5486,33682.1
2026-09-26 06:39:00,1.5485,1.5489,1.5481,1.5489,48502.0
2026-09-26 06:40:00,1.5489,1.5493,1.5484,1.5486,21372.1
2026-09-26 06:41:00,1.5487,1.5493,1.5468,1.5473,105711.1
2026-09-26 06:42:00,1.5474,1.5485,1.5474,1.5482,60433.7
2026-09-26 06:43:00,1.5482,1.5488,1.5481,1.5488,25336.0
2026-09-26 06:44:00,1.5487,1.5488,1.5484,1.5485,28171.1
2026-09-26 06:45:00,1.5485,1.5494,1.5482,1.549,56792.2
2026-09-26 06:46:00,1.549,1.5491,1.5487,1.5488,22029.9
2026-09-26 06:47:00,1.5489,1.5494,1.5484,1.5493,38278.0
2026-09-26 06:48:00,1.5494,1.5505,1.5493,1.5503,97749.6
2026-09-26 06:49:00,1.5504,1.5507,1.5502,1.5506,17078.3
2026-09-26 06:50:00,1.5506,1.5508,1.5499,1.5501,31590.9
2026-09-26 06:51:00,1.5501,1.5503,1.5498,1.5499,38880.7
2026-09-26 06:52:00,1.5499,1.5502,1.5498,1.5501,28668.3
2026-09-26 06:53:00,1.55,1.5501,1.5483,1.5489,182626.1
2026-09-26 06:54:00,1.5489,1.5498,1.5489,1.5496,21707.5
2026-09-26 06:55:00,1.5496,1.5498,1.5492,1.5494,28207.5
2026-09-26 06:56:00,1.5494,1.5495,1.5488,1.5489,28980.8
2026-09-26 06:57:00,1.5489,1.5494,1.5488,1.5494,28638.9
2026-09-26 06:58:00,1.5493,1.5499,1.5485,1.5492,302710.7
2026-09-26 06:59:00,1.5491,1.5492,1.548,1.5486,34223.5
2026-09-26 07:00:00,1.5487,1.5491,1.5484,1.5486,30959.2
2026-09-26 07:01:00,1.5487,1.5489,1.5481,1.5488,48349.6
2026-09-26 07:02:00,1.5489,1.5489,1.5482,1.5483,16216.8
2026-09-26 07:03:00,1.5483,1.5511,1.5482,1.5507,196024.9
2026-09-26 07:04:00,1.5507,1.5519,1.5506,1.5518,29888.5
2026-09-26 07:05:00,1.5519,1.5531,1.5519,1.5526,37829.4
2026-09-26 07:06:00,1.5527,1.5534,1.5526,1.5529,164894.9
2026-09-26 07:07:00,1.5529,1.5532,1.5526,1.5527,39367.9
2026-09-26 07:08:00,1.5527,1.5532,1.5525,1.5526,76798.7
2026-09-26 07:09:00,1.5526,1.5526,1.5512,1.5519,180874.6
2026-09-26 07:10:00,1.5519,1.552,1.5512,1.552,25870.7
2026-09-26 07:11:00,1.5521,1.5528,1.552,1.5527,49565.3
2026-09-26 07:12:00,1.5528,1.5529,1.5523,1.5524,26622.7
2026-09-26 07:13:00,1.5524,1.5531,1.5523,1.5528,28185.8
2026-09-26 07:14:00,1.5527,1.5537,1.5527,1.5533,48813.4
2026-09-26 07:15:00,1.5532,1.5532,1.5521,1.5525,49400.9
2026-09-26 07:16:00,1.5526,1.5529,1.5521,1.5528,30376.4
2026-09-26 07:17:00,1.5528,1.5529,1.5525,1.5525,26058.9
2026-09-26 07:18:00,1.5526,1.5534,1.552,1.5532,118782.5
2026-09-26 07:19:00,1.5532,1.5532,1.5522,1.5528,78001.2
2026-09-26 07:20:00,1.5528,1.5529,1.5515,1.5517,119170.2
2026-09-26 07:21:00,1.5517,1.5522,1.5513,1.5521,76781.9
2026-09-26 07:22:00,1.5522,1.5523,1.5516,1.5523,67253.9
2026-09-26 07:23:00,1.5523,1.5527,1.5521,1.5527,41702.4
2026-09-26 07:24:00,1.5527,1.553,1.5522,1.5526,75929.7
2026-09-26 07:25:00,1.5526,1.5526,1.5517,1.552,32060.3
2026-09-26 07:26:00,1.552,1.552,1.5514,1.5514,40477.1
2026-09-26 07:27:00,1.5514,1.5516,1.5513,1.5515,29633.0
2026-09-26 07:28:00,1.5516,1.5516,1.5505,1.5508,63616.7
2026-09-26 07:29:00,1.5508,1.5509,1.5504,1.5508,51504.8
2026-09-26 07:30:00,1.5509,1.552,1.5508,1.5511,42505.5
2026-09-26 07:31:00,1.5511,1.5516,1.5505,1.5505,64369.7
2026-09-26 07:32:00,1.5505,1.5513,1.5503,1.5506,86728.7
2026-09-26 07:33:00,1.5506,1.5514,1.5503,1.5509,65973.0
2026-09-26 07:34:00,1.551,1.5516,1.551,1.5512,60747.8
2026-09-26 07:35:00,1.5511,1.5513,1.551,1.5512,75244.2
2026-09-26 07:36:00,1.5512,1.5514,1.5509,1.5513,17790.0
2026-09-26 07:37:00,1.5513,1.5514,1.5506,1.5511,42515.0
2026-09-26 07:38:00,1.5511,1.5531,1.551,1.5522,167785.4
2026-09-26 07:39:00,1.5523,1.5528,1.5522,1.5527,121748.4
2026-09-26 07:40:00,1.5527,1.553,1.5524,1.553,26394.2
2026-09-26 07:41:00,1.5529,1.5536,1.5526,1.5527,113144.7
2026-09-26 07:42:00,1.5527,1.5531,1.5523,1.5523,26300.9
2026-09-26 07:43:00,1.5523,1.5524,1.5517,1.5518,63051.5
2026-09-26 07:44:00,1.5518,1.5519,1.5517,1.5519,20817.3
2026-09-26 07:45:00,1.5519,1.5529,1.5518,1.5526,94683.1
2026-09-26 07:46:00,1.5527,1.5534,1.5526,1.5534,27179.9
2026-09-26 07:47:00,1.5534,1.555,1.5534,1.5544,192558.6
2026-09-26 07:48:00,1.5544,1.5546,1.5541,1.5545,59774.7
2026-09-26 07:49:00,1.5546,1.5546,1.5537,1.5538,56134.9
2026-09-26 07:50:00,1.5539,1.5539,1.5533,1.5534,21159.8
2026-09-26 07:51:00,1.5534,1.5534,1.5528,1.553,24778.4
2026-09-26 07:52:00,1.553,1.553,1.5524,1.5524,27128.9
2026-09-26 07:53:00,1.5523,1.5524,1.5515,1.5517,15946.5
2026-09-26 07:54:00,1.5517,1.5521,1.5515,1.5521,71368.8
2026-09-26 07:55:00,1.5521,1.5535,1.5519,1.5519,133735.2
2026-09-26 07:56:00,1.552,1.553,1.5519,1.5526,64048.3
2026-09-26 07:57:00,1.5527,1.553,1.5527,1.553,38514.9
2026-09-26 07:58:00,1.5529,1.5533,1.5529,1.5533,52587.4
2026-09-26 07:59:00,1.5532,1.5533,1.5526,1.5527,50076.3
2026-09-26 08:00:00,1.5527,1.5532,1.5523,1.5532,106584.3
2026-09-26 08:01:00,1.5533,1.5539,1.5517,1.5521,358450.0
2026-09-26 08:02:00,1.552,1.552,1.5512,1.5513,45170.1
2026-09-26 08:03:00,1.5513,1.5515,1.5512,1.5514,32406.4
2026-09-26 08:04:00,1.5515,1.5515,1.5508,1.5509,10257.5
2026-09-26 08:05:00,1.5509,1.5509,1.5502,1.5502,61747.2
2026-09-26 08:06:00,1.5503,1.5509,1.5502,1.5502,87586.7
2026-09-26 08:07:00,1.5502,1.5503,1.55,1.5501,23070.0
2026-09-26 08:08:00,1.5501,1.5508,1.55,1.5502,31455.6
2026-09-26 08:09:00,1.5502,1.5507,1.5502,1.5503,55798.8
2026-09-26 08:10:00,1.5503,1.5504,1.55,1.5501,23969.3
2026-09-26 08:11:00,1.5502,1.5502,1.5499,1.5499,40948.6
2026-09-26 08:12:00,1.5499,1.5499,1.5494,1.5494,33039.4
2026-09-26 08:13:00,1.5495,1.5496,1.5488,1.5489,50980.4
2026-09-26 08:14:00,1.5489,1.5496,1.5486,1.5493,188621.1
2026-09-26 08:15:00,1.5494,1.5497,1.5489,1.5496,36705.0
2026-09-26 08:16:00,1.5497,1.5497,1.5484,1.5485,62236.0
2026-09-26 08:17:00,1.5486,1.5489,1.548,1.5481,81926.5
2026-09-26 08:18:00,1.548,1.5481,1.5472,1.5476,33063.7
2026-09-26 08:19:00,1.5477,1.5479,1.5473,1.5474,85986.4
2026-09-26 08:20:00,1.5475,1.5486,1.5475,1.5485,35759.9
2026-09-26 08:21:00,1.5485,1.5487,1.5481,1.5487,11128.4
2026-09-26 08:22:00,1.5487,1.5487,1.5479,1.5479,27851.5
2026-09-26 08:23:00,1.5479,1.5481,1.5478,1.5481,13571.9
2026-09-26 08:24:00,1.5481,1.5483,1.5475,1.5479,88354.3
2026-09-26 08:25:00,1.5479,1.5479,1.5463,1.5464,86880.1
2026-09-26 08:26:00,1.5463,1.5483,1.5444,1.5477,420509.4
2026-09-26 08:27:00,1.5477,1.5493,1.5477,1.5493,35244.2
2026-09-26 08:28:00,1.5493,1.5495,1.5488,1.5493,22850.2
2026-09-26 08:29:00,1.5492,1.55,1.5492,1.5497,23625.6
2026-09-26 08:30:00,1.5498,1.5508,1.5497,1.5505,75463.4
2026-09-26 08:31:00,1.5506,1.5518,1.5501,1.5518,29137.2
2026-09-26 08:32:00,1.5517,1.5544,1.5517,1.5541,74805.8
2026-09-26 08:33:00,1.5541,1.5549,1.553,1.5546,153796.6
2026-09-26 08:34:00,1.5545,1.5549,1.5539,1.5549,128893.5
2026-09-26 08:35:00,1.5549,1.5549,1.5541,1.5548,49962.0
2026-09-26 08:36:00,1.5549,1.556,1.5548,1.5553,75742.9
2026-09-26 08:37:00,1.5554,1.5566,1.555,1.555,47489.9
2026-09-26 08:38:00,1.5551,1.5562,1.5551,1.5556,27480.6
2026-09-26 08:39:00,1.5557,1.5559,1.555,1.5551,14078.2
2026-09-26 08:40:00,1.5552,1.557,1.5532,1.5537,327808.4
2026-09-26 08:41:00,1.5538,1.554,1.5531,1.5533,29195.4
2026-09-26 08:42:00,1.5534,1.5542,1.5534,1.5541,27308.6
2026-09-26 08:43:00,1.5541,1.5553,1.5539,1.5543,156272.7
2026-09-26 08:44:00,1.5543,1.5554,1.5543,1.5554,18910.3
2026-09-26 08:45:00,1.5553,1.5553,1.554,1.554,26220.8
2026-09-26 08:46:00,1.5541,1.5545,1.5537,1.5537,61976.3
2026-09-26 08:47:00,1.5537,1.5538,1.5532,1.5533,53928.2
2026-09-26 08:48:00,1.5533,1.5534,1.5532,1.5532,31410.1
2026-09-26 08:49:00,1.5533,1.5533,1.5521,1.5525,53575.7
2026-09-26 08:50:00,1.5526,1.5526,1.5516,1.5516,50306.1
2026-09-26 08:51:00,1.5517,1.5519,1.5511,1.5511,38311.6
2026-09-26 08:52:00,1.5512,1.5512,1.5505,1.5506,23886.8
2026-09-26 08:53:00,1.5506,1.5509,1.5504,1.5504,51572.9
2026-09-26 08:54:00,1.5504,1.551,1.5504,1.551,29128.3
2026-09-26 08:55:00,1.5509,1.551,1.5503,1.5503,81888.5
2026-09-26 08:56:00,1.5503,1.5504,1.5498,1.5498,69047.2
2026-09-26 08:57:00,1.5498,1.5499,1.5492,1.5493,29945.2
2026-09-26 08:58:00,1.5494,1.5497,1.5492,1.5492,36597.7
2026-09-26 08:59:00,1.5493,1.5493,1.549,1.5493,16596.5
2026-09-26 09:00:00,1.5492,1.5508,1.5492,1.5508,72797.3
2026-09-26 09:01:00,1.5508,1.5508,1.55,1.55,77305.2
2026-09-26 09:02:00,1.55,1.5501,1.5483,1.5484,89536.8
2026-09-26 09:03:00,1.5483,1.5483,1.5473,1.5475,76260.9
2026-09-26 09:04:00,1.5476,1.5478,1.547,1.5478,128980.7
2026-09-26 09:05:00,1.5478,1.5494,1.5473,1.5489,140605.0
2026-09-26 09:06:00,1.5489,1.5498,1.548,1.548,42263.3
2026-09-26 09:07:00,1.5481,1.5493,1.5481,1.5492,173194.7
2026-09-26 09:08:00,1.5492,1.5492,1.5487,1.5489,36819.9
2026-09-26 09:09:00,1.5488,1.5488,1.5474,1.5478,133196.7
2026-09-26 09:10:00,1.5477,1.5479,1.544,1.5459,608082.4
2026-09-26 09:11:00,1.5459,1.5462,1.543,1.5438,313114.7
2026-09-26 09:12:00,1.5439,1.5446,1.5429,1.5433,84297.2
2026-09-26 09:13:00,1.5433,1.5442,1.5397,1.5405,437969.3
2026-09-26 09:14:00,1.5405,1.5423,1.538,1.5418,529775.9
2026-09-26 09:15:00,1.5419,1.5419,1.5394,1.5408,324401.8
2026-09-26 09:16:00,1.5408,1.5414,1.539,1.5391,184535.2
2026-09-26 09:17:00,1.5392,1.5394,1.5372,1.5392,357848.4
2026-09-26 09:18:00,1.5393,1.5393,1.5375,1.5393,72348.6
2026-09-26 09:19:00,1.5393,1.5409,1.5387,1.5409,117665.5
2026-09-26 09:20:00,1.5409,1.5416,1.5393,1.5395,115295.6
2026-09-26 09:21:00,1.5395,1.541,1.5395,1.5405,109711.8
2026-09-26 09:22:00,1.5405,1.5417,1.5405,1.5414,74267.5
2026-09-26 09:23:00,1.5415,1.5417,1.54,1.5402,27807.1
2026-09-26 09:24:00,1.5402,1.5404,1.5383,1.5383,177044.4
2026-09-26 09:25:00,1.5384,1.5392,1.5377,1.5386,61654.3
2026-09-26 09:26:00,1.5387,1.5392,1.5383,1.5387,32170.2
2026-09-26 09:27:00,1.5387,1.5398,1.5387,1.5398,81590.6
2026-09-26 09:28:00,1.5398,1.5401,1.5388,1.5388,34140.7
2026-09-26 09:29:00,1.5388,1.5398,1.5384,1.5391,50216.3
2026-09-26 09:30:00,1.5392,1.5395,1.5375,1.5377,81721.8
2026-09-26 09:31:00,1.5376,1.5399,1.5367,1.5398,100960.8
2026-09-26 09:32:00,1.5397,1.5405,1.5386,1.5399,59382.1
2026-09-26 09:33:00,1.54,1.5407,1.539,1.5403,80977.1
2026-09-26 09:34:00,1.5403,1.541,1.5403,1.5407,30487.8
2026-09-26 09:35:00,1.5406,1.5416,1.5401,1.5405,179752.2
2026-09-26 09:36:00,1.5405,1.5418,1.5405,1.5416,77882.6
2026-09-26 09:37:00,1.5416,1.5421,1.5414,1.5415,49233.8
2026-09-26 09:38:00,1.5414,1.542,1.5411,1.5411,36019.1
2026-09-26 09:39:00,1.5411,1.5416,1.5407,1.5416,38808.1
2026-09-26 09:40:00,1.5415,1.5417,1.5408,1.5409,30880.3
2026-09-26 09:41:00,1.5409,1.5414,1.5407,1.541,27408.1
2026-09-26 09:42:00,1.5411,1.5417,1.541,1.5414,94720.9
2026-09-26 09:43:00,1.5414,1.5414,1.5407,1.5413,123193.5
2026-09-26 09:44:00,1.5412,1.5412,1.5404,1.5407,128365.0
2026-09-26 09:45:00,1.5406,1.5417,1.54,1.5416,41815.5
2026-09-26 09:46:00,1.5417,1.5418,1.5409,1.5415,20119.2
2026-09-26 09:47:00,1.5414,1.5418,1.5411,1.5411,45112.7
2026-09-26 09:48:00,1.5412,1.5417,1.5404,1.5412,85323.7
2026-09-26 09:49:00,1.5413,1.5417,1.541,1.5411,51753.9
2026-09-26 09:50:00,1.5411,1.5412,1.5405,1.5405,42455.1
2026-09-26 09:51:00,1.5406,1.5406,1.5397,1.5403,49575.9
2026-09-26 09:52:00,1.5404,1.541,1.5404,1.5407,30914.6
2026-09-26 09:53:00,1.5408,1.5409,1.5407,1.5407,22306.4
2026-09-26 09:54:00,1.5408,1.5411,1.5406,1.5411,35406.2
2026-09-26 09:55:00,1.541,1.5416,1.541,1.5414,34881.1
2026-09-26 09:56:00,1.5414,1.5417,1.5412,1.5412,49895.0
2026-09-26 09:57:00,1.5413,1.5419,1.5412,1.5418,36005.3
2026-09-26 09:58:00,1.5419,1.5419,1.5411,1.5412,81314.3
2026-09-26 09:59:00,1.5412,1.5414,1.5408,1.5412,52585.5
2026-09-26 10:00:00,1.5413,1.5416,1.541,1.5412,121189.6
2026-09-26 10:01:00,1.5412,1.542,1.5409,1.5416,84469.6
2026-09-26 10:02:00,1.5416,1.543,1.5414,1.5429,38801.0
2026-09-26 10:03:00,1.5429,1.5439,1.5425,1.5429,68431.4
2026-09-26 10:04:00,1.5429,1.5438,1.5428,1.5434,98922.2
2026-09-26 10:05:00,1.5433,1.5437,1.5426,1.5437,48647.1
2026-09-26 10:06:00,1.5437,1.545,1.5437,1.545,56056.2
2026-09-26 10:07:00,1.545,1.5451,1.5445,1.5447,44109.7
2026-09-26 10:08:00,1.5447,1.5448,1.5445,1.5445,30289.8
2026-09-26 10:09:00,1.5446,1.5455,1.5444,1.5454,38811.4
2026-09-26 10:10:00,1.5455,1.5457,1.5451,1.5455,28165.9
2026-09-26 10:11:00,1.5456,1.5461,1.5456,1.5459,55496.8
2026-09-26 10:12:00,1.5459,1.5465,1.5459,1.5461,23831.8
2026-09-26 10:13:00,1.5462,1.5462,1.5461,1.5462,45077.5
2026-09-26 10:14:00,1.5461,1.5462,1.5453,1.5461,864003.5
2026-09-26 10:15:00,1.546,1.5466,1.5459,1.5466,41865.2
2026-09-26 10:16:00,1.5466,1.5475,1.5463,1.5475,36075.7
2026-09-26 10:17:00,1.5475,1.5478,1.5473,1.5476,36210.7
2026-09-26 10:18:00,1.5476,1.5489,1.5474,1.5489,193054.3
2026-09-26 10:19:00,1.5488,1.5492,1.5486,1.5489,191996.8
2026-09-26 10:20:00,1.5488,1.5491,1.5484,1.5484,187544.4
2026-09-26 10:21:00,1.5483,1.5492,1.5482,1.5492,157680.4
2026-09-26 10:22:00,1.5492,1.5496,1.5483,1.5484,54780.8
2026-09-26 10:23:00,1.5483,1.5494,1.5479,1.5494,30654.8
2026-09-26 10:24:00,1.5494,1.55,1.5484,1.5484,126235.8
2026-09-26 10:25:00,1.5485,1.549,1.5479,1.5481,53768.8
2026-09-26 10:26:00,1.548,1.5487,1.548,1.5487,53108.2
2026-09-26 10:27:00,1.5487,1.5488,1.5487,1.5487,28755.7
2026-09-26 10:28:00,1.5487,1.5489,1.5484,1.5484,32978.1
2026-09-26 10:29:00,1.5485,1.5492,1.5484,1.5488,66978.1
2026-09-26 10:30:00,1.5487,1.5493,1.548,1.5483,129161.9
2026-09-26 10:31:00,1.5484,1.5486,1.5483,1.5484,60379.6
2026-09-26 10:32:00,1.5483,1.5485,1.5478,1.548,43071.0
2026-09-26 10:33:00,1.5481,1.5486,1.5478,1.5478,29551.9
2026-09-26 10:34:00,1.5479,1.5484,1.5474,1.5474,42148.2
2026-09-26 10:35:00,1.5474,1.5479,1.5473,1.5477,56861.8
2026-09-26 10:36:00,1.5476,1.5478,1.5476,1.5478,28799.3
2026-09-26 10:37:00,1.5478,1.548,1.5476,1.5476,23209.1
2026-09-26 10:38:00,1.5476,1.5477,1.5472,1.5476,48582.3
2026-09-26 10:39:00,1.5476,1.549,1.5476,1.5487,148122.6
2026-09-26 10:40:00,1.5488,1.5492,1.5483,1.5489,61357.6
2026-09-26 10:41:00,1.549,1.5496,1.549,1.5494,63118.1
2026-09-26 10:42:00,1.5494,1.5495,1.548,1.5489,134242.8
2026-09-26 10:43:00,1.549,1.549,1.5481,1.5484,18407.5
2026-09-26 10:44:00,1.5485,1.5491,1.5485,1.5491,35891.8
2026-09-26 10:45:00,1.5492,1.5499,1.5487,1.5493,105516.3
2026-09-26 10:46:00,1.5493,1.5494,1.549,1.5492,16759.1
2026-09-26 10:47:00,1.5492,1.5499,1.5491,1.5495,44441.3
2026-09-26 10:48:00,1.5495,1.5502,1.5495,1.5497,16395.8
2026-09-26 10:49:00,1.5497,1.5497,1.5492,1.5495,12015.1
2026-09-26 10:50:00,1.5496,1.5512,1.5496,1.5507,100474.2
2026-09-26 10:51:00,1.5508,1.5509,1.5504,1.5507,18283.2
2026-09-26 10:52:00,1.5506,1.5507,1.5505,1.5505,25041.9
2026-09-26 10:53:00,1.5505,1.5509,1.5502,1.5502,36273.3
2026-09-26 10:54:00,1.5503,1.5503,1.5495,1.5495,37034.0
2026-09-26 10:55:00,1.5495,1.5496,1.5489,1.5496,65184.8
2026-09-26 10:56:00,1.5497,1.5516,1.5497,1.5514,76722.8
2026-09-26 10:57:00,1.5514,1.5519,1.5512,1.5518,77206.2
2026-09-26 10:58:00,1.5517,1.552,1.5515,1.5515,47109.9
2026-09-26 10:59:00,1.5516,1.5516,1.5515,1.5516,37518.3
2026-09-26 11:00:00,1.5516,1.5523,1.5512,1.5522,84933.1
2026-09-26 11:01:00,1.5523,1.5524,1.5499,1.5505,142699.6
2026-09-26 11:02:00,1.5505,1.5505,1.5498,1.55,58322.2
2026-09-26 11:03:00,1.5501,1.5508,1.5498,1.5503,65739.1
2026-09-26 11:04:00,1.5502,1.5502,1.5497,1.5502,58532.3
2026-09-26 11:05:00,1.5502,1.5502,1.5493,1.5498,33189.8
2026-09-26 11:06:00,1.5499,1.5506,1.5498,1.5504,68970.3
2026-09-26 11:07:00,1.5503,1.5503,1.5494,1.5496,34194.4
2026-09-26 11:08:00,1.5496,1.5519,1.5495,1.5496,232625.1
2026-09-26 11:09:00,1.5495,1.5498,1.5488,1.5488,39371.5
2026-09-26 11:10:00,1.5489,1.5493,1.5474,1.5488,136868.7
2026-09-26 11:11:00,1.5489,1.5489,1.5488,1.5488,20953.1
2026-09-26 11:12:00,1.5488,1.549,1.5488,1.5489,33255.8
2026-09-26 11:13:00,1.5489,1.5496,1.5489,1.5495,48896.3
2026-09-26 11:14:00,1.5495,1.5497,1.5488,1.5488,56709.5
2026-09-26 11:15:00,1.5488,1.5491,1.5486,1.5491,29691.8
2026-09-26 11:16:00,1.549,1.5497,1.549,1.5493,18635.1
2026-09-26 11:17:00,1.5493,1.55,1.5493,1.5498,25428.2
2026-09-26 11:18:00,1.5498,1.5504,1.5494,1.5503,34737.1
2026-09-26 11:19:00,1.5504,1.5504,1.5501,1.5501,33235.4
2026-09-26 11:20:00,1.5501,1.5502,1.5493,1.5494,21174.2
2026-09-26 11:21:00,1.5494,1.5496,1.5489,1.549,32801.1
2026-09-26 11:22:00,1.549,1.5491,1.5487,1.549,23719.5
2026-09-26 11:23:00,1.5491,1.5491,1.549,1.5491,33938.5
2026-09-26 11:24:00,1.549,1.5491,1.549,1.5491,23908.7
2026-09-26 11:25:00,1.549,1.5491,1.549,1.5491,18104.9
2026-09-26 11:26:00,1.5491,1.5491,1.5487,1.5488,34643.1
2026-09-26 11:27:00,1.5488,1.5488,1.5485,1.5486,35132.8
2026-09-26 11:28:00,1.5485,1.549,1.5485,1.549,37136.7
2026-09-26 11:29:00,1.549,1.5496,1.5489,1.5495,44860.7
2026-09-26 11:30:00,1.5496,1.5496,1.5488,1.5488,26849.7
2026-09-26 11:31:00,1.5488,1.5492,1.5483,1.5484,152989.9
2026-09-26 11:32:00,1.5485,1.5486,1.5484,1.5485,32737.5
2026-09-26 11:33:00,1.5486,1.5489,1.5481,1.5487,84549.5
2026-09-26 11:34:00,1.5487,1.5488,1.548,1.5481,139108.9
2026-09-26 11:35:00,1.5482,1.5488,1.5481,1.5486,57823.1
2026-09-26 11:36:00,1.5486,1.5491,1.5484,1.5491,108291.6
2026-09-26 11:37:00,1.5491,1.5497,1.5491,1.5495,67395.8
2026-09-26 11:38:00,1.5496,1.5498,1.5494,1.5497,59899.1
2026-09-26 11:39:00,1.5498,1.5503,1.5497,1.5499,66560.4
2026-09-26 11:40:00,1.5498,1.5498,1.5491,1.5491,65874.7
2026-09-26 11:41:00,1.549,1.5491,1.5484,1.5484,67785.1
2026-09-26 11:42:00,1.5484,1.5486,1.5484,1.5486,27798.7
2026-09-26 11:43:00,1.5486,1.5493,1.5485,1.5485,52830.5
2026-09-26 11:44:00,1.5485,1.5486,1.548,1.548,83612.7
2026-09-26 11:45:00,1.5481,1.5486,1.5481,1.5484,35117.4
2026-09-26 11:46:00,1.5484,1.5484,1.548,1.5481,60011.8
2026-09-26 11:47:00,1.5481,1.5486,1.548,1.5483,72048.6
2026-09-26 11:48:00,1.5483,1.5484,1.548,1.5481,31930.5
2026-09-26 11:49:00,1.5481,1.5484,1.548,1.5483,33174.9
2026-09-26 11:50:00,1.5483,1.5485,1.5479,1.5483,42526.9
2026-09-26 11:51:00,1.5483,1.5485,1.5477,1.5477,74434.7
2026-09-26 11:52:00,1.5477,1.548,1.5477,1.548,45871.1
2026-09-26 11:53:00,1.548,1.5486,1.5479,1.5482,85309.4
2026-09-26 11:54:00,1.5482,1.5482,1.5477,1.5478,69494.1
2026-09-26 11:55:00,1.5479,1.5479,1.5476,1.5479,35662.2
2026-09-26 11:56:00,1.5479,1.5479,1.5471,1.5472,37826.9
2026-09-26 11:57:00,1.5471,1.5473,1.5471,1.5472,24789.4
2026-09-26 11:58:00,1.5473,1.5477,1.547,1.547,45313.0
2026-09-26 11:59:00,1.5471,1.5471,1.5465,1.5467,54098.6
2026-09-26 12:00:00,1.5468,1.5468,1.5461,1.5461,67912.9
2026-09-26 12:01:00,1.5461,1.5462,1.5457,1.5457,70502.0
2026-09-26 12:02:00,1.5458,1.5462,1.5456,1.5456,62297.8
2026-09-26 12:03:00,1.5457,1.546,1.5445,1.5445,45284.5
2026-09-26 12:04:00,1.5446,1.5446,1.544,1.544,57715.5
2026-09-26 12:05:00,1.5441,1.5452,1.544,1.5452,109703.6
2026-09-26 12:06:00,1.5452,1.5454,1.545,1.5454,45359.2
2026-09-26 12:07:00,1.5454,1.5467,1.545,1.5455,365040.5
2026-09-26 12:08:00,1.5455,1.5464,1.5454,1.5464,289508.0
2026-09-26 12:09:00,1.5464,1.5476,1.5457,1.5457,197665.9
2026-09-26 12:10:00,1.5457,1.546,1.5452,1.5459,97199.1
2026-09-26 12:11:00,1.5458,1.5459,1.5441,1.5442,35373.8
2026-09-26 12:12:00,1.5441,1.5447,1.5441,1.5443,33350.5
2026-09-26 12:13:00,1.5443,1.5447,1.5443,1.5446,16842.3
2026-09-26 12:14:00,1.5445,1.5458,1.5445,1.5455,108117.8
2026-09-26 12:15:00,1.5455,1.5472,1.5454,1.547,107566.0
2026-09-26 12:16:00,1.5469,1.5481,1.5469,1.5481,80400.0
2026-09-26 12:17:00,1.5482,1.5488,1.5481,1.5484,54492.0
2026-09-26 12:18:00,1.5485,1.5488,1.5483,1.5487,40500.8
2026-09-26 12:19:00,1.5487,1.5487,1.547,1.5471,118827.6
2026-09-26 12:20:00,1.5471,1.5473,1.5457,1.5457,144527.9
2026-09-26 12:21:00,1.5457,1.5459,1.5446,1.5446,30944.0
2026-09-26 12:22:00,1.5446,1.5452,1.544,1.5443,37513.8
2026-09-26 12:23:00,1.5443,1.5445,1.5431,1.5433,64216.3
2026-09-26 12:24:00,1.5434,1.5434,1.5426,1.5434,68448.3
2026-09-26 12:25:00,1.5434,1.5434,1.5424,1.5425,105004.7
2026-09-26 12:26:00,1.5425,1.5425,1.5411,1.5415,413799.9
2026-09-26 12:27:00,1.5415,1.542,1.5409,1.5411,175757.5
2026-09-26 12:28:00,1.5411,1.5415,1.5409,1.541,105225.1
2026-09-26 12:29:00,1.541,1.5411,1.5407,1.5407,63024.2
2026-09-26 12:30:00,1.5408,1.5411,1.5407,1.541,58771.6
2026-09-26 12:31:00,1.541,1.5418,1.541,1.5416,38047.8
2026-09-26 12:32:00,1.5416,1.5428,1.5415,1.5428,54794.3
2026-09-26 12:33:00,1.5428,1.5435,1.5427,1.5432,84529.7
2026-09-26 12:34:00,1.5432,1.5439,1.5431,1.5437,55351.8
2026-09-26 12:35:00,1.5437,1.5444,1.5436,1.5443,20231.4
2026-09-26 12:36:00,1.5442,1.5443,1.5436,1.5437,72917.9
2026-09-26 12:37:00,1.5437,1.5438,1.5414,1.5415,112318.3
2026-09-26 12:38:00,1.5414,1.5415,1.5401,1.5406,103710.1
2026-09-26 12:39:00,1.5406,1.5412,1.5406,1.5412,44174.5
2026-09-26 12:40:00,1.5412,1.5412,1.5401,1.5403,67629.1
2026-09-26 12:41:00,1.5403,1.5403,1.5387,1.5391,211432.1
2026-09-26 12:42:00,1.539,1.5402,1.539,1.5392,55284.4
2026-09-26 12:43:00,1.5392,1.5401,1.5392,1.5396,56636.7
2026-09-26 12:44:00,1.5396,1.5404,1.5396,1.5403,33915.9
2026-09-26 12:45:00,1.5403,1.5412,1.54,1.5409,125648.2
2026-09-26 12:46:00,1.5409,1.5416,1.5408,1.5412,72919.6
2026-09-26 12:47:00,1.5411,1.5418,1.5406,1.5417,35584.9
2026-09-26 12:48:00,1.5417,1.5423,1.5415,1.5416,56613.0
2026-09-26 12:49:00,1.5416,1.5417,1.5412,1.5415,15779.9
2026-09-26 12:50:00,1.5414,1.5416,1.5413,1.5415,24953.0
2026-09-26 12:51:00,1.5416,1.5416,1.5409,1.5416,55666.8
2026-09-26 12:52:00,1.5416,1.5416,1.5412,1.5414,19611.2
2026-09-26 12:53:00,1.5414,1.5416,1.5414,1.5416,20233.0
2026-09-26 12:54:00,1.5416,1.5416,1.541,1.5411,53613.9
2026-09-26 12:55:00,1.541,1.5414,1.5409,1.5414,18605.1
2026-09-26 12:56:00,1.5414,1.5414,1.5407,1.541,45011.1
2026-09-26 12:57:00,1.5411,1.5419,1.541,1.5419,47766.5
2026-09-26 12:58:00,1.5418,1.5431,1.5418,1.543,25917.7
2026-09-26 12:59:00,1.543,1.543,1.5426,1.5428,8144.4
2026-09-26 13:00:00,1.5427,1.5438,1.5426,1.5438,25907.4
2026-09-26 13:01:00,1.5438,1.5446,1.5438,1.5445,26662.5
2026-09-26 13:02:00,1.5444,1.5463,1.5442,1.5463,35301.2
2026-09-26 13:03:00,1.5463,1.5467,1.5448,1.5451,92842.0
2026-09-26 13:04:00,1.5451,1.5454,1.545,1.545,44642.7
2026-09-26 13:05:00,1.5449,1.546,1.5446,1.546,48431.3
2026-09-26 13:06:00,1.546,1.548,1.546,1.5479,73282.6
2026-09-26 13:07:00,1.548,1.5485,1.5471,1.5471,56788.6
2026-09-26 13:08:00,1.5471,1.5473,1.5455,1.5456,80720.7
2026-09-26 13:09:00,1.5456,1.5458,1.5448,1.5448,16334.1
2026-09-26 13:10:00,1.5449,1.5449,1.5424,1.5424,76369.4
2026-09-26 13:11:00,1.5425,1.5425,1.54,1.5403,272370.8
2026-09-26 13:12:00,1.5403,1.5424,1.5396,1.5418,188521.7
2026-09-26 13:13:00,1.5418,1.5418,1.5402,1.5408,55511.4
2026-09-26 13:14:00,1.5409,1.5418,1.5405,1.5409,83213.1
2026-09-26 13:15:00,1.541,1.542,1.5393,1.5394,218171.4
2026-09-26 13:16:00,1.5394,1.5396,1.5384,1.5388,229457.6
2026-09-26 13:17:00,1.5387,1.5399,1.5387,1.5398,61530.4
2026-09-26 13:18:00,1.5398,1.5398,1.5391,1.5391,39378.4
2026-09-26 13:19:00,1.5392,1.5403,1.5391,1.5399,39363.0
2026-09-26 13:20:00,1.5399,1.5418,1.5397,1.5404,147325.8
2026-09-26 13:21:00,1.5404,1.5412,1.5404,1.5405,35043.8
2026-09-26 13:22:00,1.5406,1.5406,1.5384,1.5387,177040.8
2026-09-26 13:23:00,1.5387,1.5392,1.5384,1.5392,75972.1
2026-09-26 13:24:00,1.5391,1.5394,1.5382,1.5383,92331.0
2026-09-26 13:25:00,1.5383,1.5388,1.5381,1.5385,73696.8
2026-09-26 13:26:00,1.5385,1.5386,1.5378,1.5384,152581.6
2026-09-26 13:27:00,1.5384,1.5386,1.5374,1.5375,65558.4
2026-09-26 13:28:00,1.5375,1.5378,1.5371,1.5371,83494.5
2026-09-26 13:29:00,1.5372,1.5398,1.5372,1.5395,55876.8
2026-09-26 13:30:00,1.5395,1.5397,1.5384,1.5385,50931.2
2026-09-26 13:31:00,1.5385,1.5405,1.5383,1.5403,22508.8
2026-09-26 13:32:00,1.5403,1.5403,1.5385,1.5387,35529.2
2026-09-26 13:33:00,1.5387,1.5395,1.538,1.5382,77423.8
2026-09-26 13:34:00,1.5383,1.5387,1.538,1.5382,23767.2
2026-09-26 13:35:00,1.5382,1.5385,1.538,1.5381,10556.7
2026-09-26 13:36:00,1.5381,1.5389,1.5373,1.5386,127490.2
2026-09-26 13:37:00,1.5386,1.54,1.5385,1.5399,84581.6
2026-09-26 13:38:00,1.5398,1.5402,1.5397,1.5401,54530.0
2026-09-26 13:39:00,1.5402,1.5403,1.5398,1.5402,16510.9
2026-09-26 13:40:00,1.5403,1.5403,1.5397,1.5398,18283.8
2026-09-26 13:41:00,1.5398,1.5398,1.5384,1.5385,42175.0
2026-09-26 13:42:00,1.5385,1.5389,1.5384,1.5386,17904.0
2026-09-26 13:43:00,1.5386,1.5391,1.5386,1.5388,31362.4
2026-09-26 13:44:00,1.5387,1.5397,1.5386,1.5397,30469.3
2026-09-26 13:45:00,1.5396,1.5399,1.5388,1.5397,87741.1
2026-09-26 13:46:00,1.5397,1.5398,1.5393,1.5393,21490.1
2026-09-26 13:47:00,1.5394,1.5403,1.5394,1.5395,49989.1
2026-09-26 13:48:00,1.5395,1.5404,1.5395,1.5404,91616.2
2026-09-26 13:49:00,1.5404,1.5407,1.5401,1.5401,34134.7
2026-09-26 13:50:00,1.5402,1.5415,1.54,1.5412,155364.6
2026-09-26 13:51:00,1.5411,1.5412,1.54,1.5401,90010.4
2026-09-26 13:52:00,1.54,1.5401,1.5396,1.54,39841.6
2026-09-26 13:53:00,1.54,1.5408,1.54,1.5407,52241.7
2026-09-26 13:54:00,1.5407,1.5412,1.5404,1.5412,69164.9
2026-09-26 13:55:00,1.5411,1.5416,1.5411,1.5416,15290.6
2026-09-26 13:56:00,1.5416,1.5426,1.5416,1.5422,112016.2
2026-09-26 13:57:00,1.5422,1.5423,1.5419,1.5422,28860.2
2026-09-26 13:58:00,1.5422,1.5422,1.5409,1.5411,162792.0
2026-09-26 13:59:00,1.5412,1.542,1.541,1.5414,106629.4
2026-09-26 14:00:00,1.5414,1.5414,1.54,1.541,209944.1
2026-09-26 14:01:00,1.541,1.5415,1.5404,1.5409,71874.9
2026-09-26 14:02:00,1.541,1.5411,1.54,1.54,49945.3
2026-09-26 14:03:00,1.5401,1.5415,1.5401,1.541,55227.1
2026-09-26 14:04:00,1.541,1.5426,1.5404,1.5415,93937.0
2026-09-26 14:05:00,1.5415,1.5415,1.5407,1.5408,34234.9
2026-09-26 14:06:00,1.5409,1.5411,1.5403,1.5411,41630.9
2026-09-26 14:07:00,1.5411,1.5412,1.5408,1.5409,52494.7
2026-09-26 14:08:00,1.5409,1.541,1.5408,1.5409,12009.1
2026-09-26 14:09:00,1.5409,1.5418,1.5405,1.5417,66838.9
2026-09-26 14:10:00,1.5418,1.5423,1.5415,1.5423,18376.4
2026-09-26 14:11:00,1.5422,1.5436,1.5422,1.5429,40529.2
2026-09-26 14:12:00,1.5429,1.5432,1.5422,1.5424,53543.8
2026-09-26 14:13:00,1.5425,1.544,1.5425,1.5439,46075.6
2026-09-26 14:14:00,1.544,1.545,1.5436,1.5443,140363.6
2026-09-26 14:15:00,1.5444,1.5455,1.5443,1.5454,67220.5
2026-09-26 14:16:00,1.5454,1.5454,1.5442,1.5447,74643.2
2026-09-26 14:17:00,1.5447,1.5448,1.5438,1.544,42800.9
2026-09-26 14:18:00,1.544,1.5443,1.5438,1.5441,30594.6
2026-09-26 14:19:00,1.544,1.5444,1.5437,1.5442,32207.5
2026-09-26 14:20:00,1.5441,1.5446,1.5439,1.5445,49535.8
2026-09-26 14:21:00,1.5446,1.545,1.5445,1.5449,20244.2
2026-09-26 14:22:00,1.5449,1.5453,1.5447,1.5449,14973.3
2026-09-26 14:23:00,1.5449,1.5449,1.5444,1.5444,23030.3
2026-09-26 14:24:00,1.5444,1.5444,1.543,1.5437,59291.6
2026-09-26 14:25:00,1.5438,1.544,1.5429,1.5432,46522.1
2026-09-26 14:26:00,1.5433,1.5436,1.5424,1.5431,64260.0
2026-09-26 14:27:00,1.5431,1.5432,1.5428,1.543,26425.0
2026-09-26 14:28:00,1.543,1.5435,1.543,1.5433,20009.2
2026-09-26 14:29:00,1.5433,1.5444,1.5433,1.5444,34420.5
2026-09-26 14:30:00,1.5445,1.5445,1.5434,1.5434,19296.8
2026-09-26 14:31:00,1.5435,1.5454,1.5435,1.5454,49497.3
2026-09-26 14:32:00,1.5454,1.5461,1.5453,1.5458,52929.1
2026-09-26 14:33:00,1.5457,1.5459,1.5456,1.5457,20053.5
2026-09-26 14:34:00,1.5457,1.5457,1.5447,1.5447,54725.1
2026-09-26 14:35:00,1.5448,1.5449,1.5444,1.5448,28476.1
2026-09-26 14:36:00,1.5449,1.545,1.5447,1.5449,38642.3
2026-09-26 14:37:00,1.545,1.5454,1.5448,1.5454,49482.1
2026-09-26 14:38:00,1.5453,1.5455,1.5451,1.5451,30665.8
2026-09-26 14:39:00,1.5452,1.5452,1.5439,1.544,74854.4
2026-09-26 14:40:00,1.5441,1.5455,1.544,1.5452,108847.1
2026-09-26 14:41:00,1.5453,1.5459,1.5452,1.5458,22649.9
2026-09-26 14:42:00,1.5458,1.5459,1.5456,1.5458,52865.7
2026-09-26 14:43:00,1.5459,1.5459,1.5455,1.5456,46521.2
2026-09-26 14:44:00,1.5455,1.5455,1.5442,1.5452,153192.2
2026-09-26 14:45:00,1.5452,1.5452,1.5443,1.5445,32288.2
2026-09-26 14:46:00,1.5445,1.5455,1.5445,1.5452,49253.3
2026-09-26 14:47:00,1.5453,1.5454,1.5449,1.5453,11716.5
2026-09-26 14:48:00,1.5454,1.5454,1.5449,1.5449,16698.6
2026-09-26 14:49:00,1.5449,1.5454,1.5448,1.545,58256.8
2026-09-26 14:50:00,1.545,1.5465,1.545,1.5464,196083.8
2026-09-26 14:51:00,1.5464,1.5466,1.5461,1.5462,41897.5
2026-09-26 14:52:00,1.5462,1.5467,1.5461,1.5465,21589.4
2026-09-26 14:53:00,1.5464,1.5468,1.546,1.5461,55732.3
2026-09-26 14:54:00,1.5462,1.5462,1.5457,1.5458,40531.4
2026-09-26 14:55:00,1.5457,1.546,1.5455,1.5457,33582.3
2026-09-26 14:56:00,1.5456,1.5461,1.5456,1.5461,23033.0
2026-09-26 14:57:00,1.5461,1.5463,1.5458,1.5459,53829.0
2026-09-26 14:58:00,1.5458,1.5459,1.5452,1.5454,49293.4
2026-09-26 14:59:00,1.5455,1.546,1.5455,1.546,26942.1
2026-09-26 15:00:00,1.546,1.5461,1.5453,1.5458,33414.9
2026-09-26 15:01:00,1.5457,1.5457,1.5445,1.5453,60815.2
2026-09-26 15:02:00,1.5454,1.5455,1.5449,1.5453,69750.8
2026-09-26 15:03:00,1.5453,1.5454,1.5448,1.5449,31917.7
2026-09-26 15:04:00,1.5449,1.5456,1.5448,1.5455,82490.9
2026-09-26 15:05:00,1.5456,1.5465,1.5456,1.5464,27239.2
2026-09-26 15:06:00,1.5465,1.5471,1.5464,1.5468,26035.6
2026-09-26 15:07:00,1.5469,1.5472,1.5458,1.5458,70871.2
2026-09-26 15:08:00,1.5458,1.5467,1.5458,1.5466,22181.3
2026-09-26 15:09:00,1.5465,1.5472,1.5465,1.5472,30957.8
2026-09-26 15:10:00,1.5471,1.5471,1.5464,1.5467,58859.4
2026-09-26 15:11:00,1.5467,1.5472,1.5466,1.5471,25689.9
2026-09-26 15:12:00,1.5472,1.5472,1.547,1.5471,22537.1
2026-09-26 15:13:00,1.5472,1.5479,1.5472,1.5475,52704.2
2026-09-26 15:14:00,1.5475,1.5487,1.5473,1.5486,96915.5
2026-09-26 15:15:00,1.5486,1.5492,1.5483,1.5491,47151.3
2026-09-26 15:16:00,1.5491,1.5499,1.5491,1.5499,87043.2
2026-09-26 15:17:00,1.5499,1.5499,1.5495,1.5498,52739.5
2026-09-26 15:18:00,1.5499,1.55,1.5486,1.5487,111328.0
2026-09-26 15:19:00,1.5487,1.5489,1.548,1.5488,113859.0
2026-09-26 15:20:00,1.5489,1.5493,1.5489,1.5492,58018.4
2026-09-26 15:21:00,1.5492,1.5492,1.5484,1.5488,128931.9
2026-09-26 15:22:00,1.5488,1.5488,1.5476,1.5481,70435.3
2026-09-26 15:23:00,1.5481,1.5487,1.5478,1.5479,72175.6
2026-09-26 15:24:00,1.5478,1.5497,1.5478,1.5494,84258.9
2026-09-26 15:25:00,1.5493,1.5497,1.5486,1.5492,144751.3
2026-09-26 15:26:00,1.5492,1.55,1.5492,1.5496,34392.6
2026-09-26 15:27:00,1.5495,1.55,1.5494,1.55,85432.9
2026-09-26 15:28:00,1.55,1.5503,1.5499,1.5501,29982.5
2026-09-26 15:29:00,1.5502,1.5502,1.55,1.5501,13396.3
2026-09-26 15:30:00,1.5501,1.551,1.55,1.55,117489.1
2026-09-26 15:31:00,1.5499,1.5505,1.5496,1.5504,47223.0
2026-09-26 15:32:00,1.5505,1.5512,1.5502,1.5512,57893.4
2026-09-26 15:33:00,1.5512,1.5515,1.5508,1.5512,43002.9
2026-09-26 15:34:00,1.5511,1.5518,1.5511,1.5516,83925.1
2026-09-26 15:35:00,1.5516,1.5538,1.5506,1.5537,241344.4
2026-09-26 15:36:00,1.5537,1.5541,1.5531,1.5531,144729.0
2026-09-26 15:37:00,1.5532,1.5532,1.5519,1.5525,126391.3
2026-09-26 15:38:00,1.5525,1.5528,1.5516,1.5524,115701.0
2026-09-26 15:39:00,1.5525,1.5527,1.5524,1.5525,29546.8
2026-09-26 15:40:00,1.5525,1.5536,1.5509,1.551,247506.7
2026-09-26 15:41:00,1.551,1.552,1.551,1.551,126491.8
2026-09-26 15:42:00,1.5511,1.5522,1.5511,1.5521,69525.9
2026-09-26 15:43:00,1.5522,1.5523,1.5513,1.5517,65639.6
2026-09-26 15:44:00,1.5516,1.5526,1.5516,1.5523,67720.5
2026-09-26 15:45:00,1.5523,1.553,1.5514,1.5515,69604.9
2026-09-26 15:46:00,1.5515,1.5517,1.5511,1.5514,42958.4
2026-09-26 15:47:00,1.5513,1.5514,1.5507,1.5508,89321.8
2026-09-26 15:48:00,1.5509,1.5509,1.55,1.5501,71845.7
2026-09-26 15:49:00,1.5501,1.5503,1.5491,1.5492,96907.7
2026-09-26 15:50:00,1.5493,1.5497,1.5491,1.5496,60777.8
2026-09-26 15:51:00,1.5497,1.5503,1.5492,1.5492,48832.9
2026-09-26 15:52:00,1.5491,1.5521,1.5489,1.5518,348079.7
2026-09-26 15:53:00,1.5519,1.5521,1.5503,1.5513,283515.9
2026-09-26 15:54:00,1.5512,1.5528,1.5512,1.5528,52092.0
2026-09-26 15:55:00,1.5527,1.5532,1.5518,1.5519,122193.5
2026-09-26 15:56:00,1.5518,1.5528,1.5518,1.5528,24943.4
2026-09-26 15:57:00,1.5528,1.5529,1.5524,1.5525,67138.5
2026-09-26 15:58:00,1.5526,1.5526,1.552,1.5521,53833.3
2026-09-26 15:59:00,1.552,1.5526,1.552,1.5525,15636.5
2026-09-26 16:00:00,1.5526,1.5528,1.5505,1.551,58943.4
2026-09-26 16:01:00,1.5509,1.5515,1.5505,1.5506,91100.0
2026-09-26 16:02:00,1.5506,1.5507,1.55,1.5501,32378.4
2026-09-26 16:03:00,1.5501,1.5508,1.5497,1.5508,49448.6
2026-09-26 16:04:00,1.5508,1.5508,1.5496,1.5497,84428.6
2026-09-26 16:05:00,1.5496,1.5506,1.5496,1.5504,85485.7
2026-09-26 16:06:00,1.5503,1.5504,1.5496,1.5497,55303.7
2026-09-26 16:07:00,1.5496,1.5497,1.5489,1.549,74166.5
2026-09-26 16:08:00,1.549,1.5491,1.5487,1.549,47260.5
2026-09-26 16:09:00,1.549,1.5492,1.5487,1.5488,97980.5
2026-09-26 16:10:00,1.5488,1.5489,1.5483,1.5483,39388.7
2026-09-26 16:11:00,1.5483,1.5483,1.5476,1.5476,55153.1
2026-09-26 16:12:00,1.5477,1.5477,1.5473,1.5474,47452.8
2026-09-26 16:13:00,1.5474,1.5477,1.5471,1.5474,47327.3
2026-09-26 16:14:00,1.5474,1.5476,1.5472,1.5474,39785.9
2026-09-26 16:15:00,1.5475,1.5481,1.5472,1.5478,68390.6
2026-09-26 16:16:00,1.5478,1.5478,1.5473,1.5475,39449.4
2026-09-26 16:17:00,1.5476,1.5476,1.5473,1.5473,25411.2
2026-09-26 16:18:00,1.5474,1.5478,1.547,1.547,68522.5
2026-09-26 16:19:00,1.547,1.5476,1.5468,1.5468,46817.0
2026-09-26 16:20:00,1.5469,1.547,1.5458,1.5458,47586.1
2026-09-26 16:21:00,1.5457,1.546,1.545,1.546,162334.6
2026-09-26 16:22:00,1.546,1.5467,1.546,1.5467,31369.9
2026-09-26 16:23:00,1.5466,1.5466,1.546,1.5461,128291.0
2026-09-26 16:24:00,1.5461,1.5461,1.545,1.5454,42553.3
2026-09-26 16:25:00,1.5454,1.5456,1.5454,1.5456,46542.6
2026-09-26 16:26:00,1.5455,1.5458,1.5452,1.5454,66675.7
2026-09-26 16:27:00,1.5455,1.5457,1.5448,1.5448,35229.7
2026-09-26 16:28:00,1.5448,1.5454,1.5446,1.5453,81361.8
2026-09-26 16:29:00,1.5453,1.5461,1.5453,1.546,66952.2
2026-09-26 16:30:00,1.546,1.5465,1.546,1.5465,14440.8
2026-09-26 16:31:00,1.5464,1.5485,1.5464,1.5485,21637.1
2026-09-26 16:32:00,1.5485,1.5488,1.5482,1.5486,33167.0
2026-09-26 16:33:00,1.5486,1.5491,1.5483,1.5483,67493.1
2026-09-26 16:34:00,1.5484,1.5486,1.548,1.5484,56978.0
2026-09-26 16:35:00,1.5483,1.5484,1.5473,1.5474,49812.8
2026-09-26 16:36:00,1.5474,1.5475,1.5471,1.5473,33103.1
2026-09-26 16:37:00,1.5473,1.5474,1.5472,1.5473,24866.6
2026-09-26 16:38:00,1.5472,1.5485,1.5472,1.5484,24945.9
2026-09-26 16:39:00,1.5484,1.5488,1.5483,1.5488,14275.8
2026-09-26 16:40:00,1.5488,1.5488,1.5483,1.5486,36820.1
2026-09-26 16:41:00,1.5487,1.5487,1.548,1.5481,41656.2
2026-09-26 16:42:00,1.5481,1.5483,1.548,1.5481,10588.1
2026-09-26 16:43:00,1.5481,1.5481,1.548,1.548,6994.7
2026-09-26 16:44:00,1.5481,1.5482,1.547,1.5472,62109.1
2026-09-26 16:45:00,1.5472,1.5479,1.5468,1.5479,50566.1
2026-09-26 16:46:00,1.5479,1.5479,1.5471,1.5474,36712.6
2026-09-26 16:47:00,1.5474,1.5485,1.5474,1.5476,46774.0
2026-09-26 16:48:00,1.5477,1.5479,1.5464,1.5469,97510.9
2026-09-26 16:49:00,1.547,1.5482,1.5469,1.5481,40130.2
2026-09-26 16:50:00,1.5481,1.5482,1.5464,1.5465,91252.8
2026-09-26 16:51:00,1.5465,1.5467,1.5463,1.5464,53251.8
2026-09-26 16:52:00,1.5463,1.5464,1.546,1.546,42107.1
2026-09-26 16:53:00,1.5461,1.5463,1.5457,1.5457,43207.4
2026-09-26 16:54:00,1.5458,1.5469,1.5457,1.5463,110009.9
2026-09-26 16:55:00,1.5463,1.5463,1.5457,1.5457,62503.7
2026-09-26 16:56:00,1.5457,1.5458,1.545,1.5457,99171.5
2026-09-26 16:57:00,1.5457,1.5468,1.5456,1.5466,87592.0
2026-09-26 16:58:00,1.5467,1.5469,1.5459,1.5461,28575.4
2026-09-26 16:59:00,1.5462,1.5465,1.5461,1.5464,31193.4
2026-09-26 17:00:00,1.5464,1.5466,1.5456,1.5456,34085.9
2026-09-26 17:01:00,1.5456,1.5461,1.5456,1.5459,43031.8
2026-09-26 17:02:00,1.5459,1.5461,1.545,1.545,52078.8
2026-09-26 17:03:00,1.545,1.5451,1.5429,1.543,164562.3
2026-09-26 17:04:00,1.5429,1.5434,1.5425,1.5429,90316.6
2026-09-26 17:05:00,1.5428,1.5428,1.5415,1.542,129176.7
2026-09-26 17:06:00,1.542,1.542,1.5412,1.5414,189218.3
2026-09-26 17:07:00,1.5414,1.5414,1.5394,1.54,381166.8
2026-09-26 17:08:00,1.54,1.5408,1.5398,1.5406,47027.3
2026-09-26 17:09:00,1.5406,1.5412,1.54,1.5401,68581.1
2026-09-26 17:10:00,1.5401,1.5403,1.54,1.5401,16887.8
2026-09-26 17:11:00,1.5402,1.5409,1.5397,1.5408,75873.4
2026-09-26 17:12:00,1.5408,1.5412,1.5405,1.5407,44803.2
2026-09-26 17:13:00,1.5407,1.5413,1.5404,1.5407,39654.8
2026-09-26 17:14:00,1.5408,1.5411,1.5406,1.5406,42374.3
2026-09-26 17:15:00,1.5406,1.5406,1.5395,1.5395,110970.9
2026-09-26 17:16:00,1.5395,1.5399,1.5387,1.5389,96766.2
2026-09-26 17:17:00,1.5389,1.5397,1.538,1.5382,84062.0
2026-09-26 17:18:00,1.5383,1.5395,1.5383,1.5393,129931.4
2026-09-26 17:19:00,1.5393,1.5394,1.5376,1.5388,65518.6
2026-09-26 17:20:00,1.5388,1.5396,1.5384,1.5387,144873.4
2026-09-26 17:21:00,1.5387,1.5387,1.5372,1.5372,62407.5
2026-09-26 17:22:00,1.5372,1.5379,1.5365,1.5376,191946.4
2026-09-26 17:23:00,1.5375,1.5383,1.5372,1.5382,70605.3
2026-09-26 17:24:00,1.5382,1.5389,1.5378,1.5389,28211.6
2026-09-26 17:25:00,1.5389,1.5396,1.5386,1.5395,37859.8
2026-09-26 17:26:00,1.5395,1.5398,1.538,1.5382,106287.9
2026-09-26 17:27:00,1.5383,1.5387,1.5382,1.5387,49874.9
2026-09-26 17:28:00,1.5387,1.5388,1.5379,1.5381,63541.6
2026-09-26 17:29:00,1.5382,1.5382,1.5371,1.5379,52126.0
2026-09-26 17:30:00,1.5378,1.5382,1.5373,1.5375,38837.7
2026-09-26 17:31:00,1.5375,1.5375,1.5353,1.5361,137917.1
2026-09-26 17:32:00,1.5362,1.5374,1.5358,1.5368,71006.1
2026-09-26 17:33:00,1.5367,1.5368,1.5357,1.5357,74715.8
2026-09-26 17:34:00,1.5358,1.5358,1.5337,1.5345,626131.8
2026-09-26 17:35:00,1.5346,1.5354,1.5345,1.5345,176549.5
2026-09-26 17:36:00,1.5345,1.5349,1.5343,1.5349,117566.4
2026-09-26 17:37:00,1.5349,1.5365,1.5349,1.5355,96502.7
2026-09-26 17:38:00,1.5355,1.5363,1.5355,1.536,120709.4
2026-09-26 17:39:00,1.5361,1.5378,1.536,1.5377,30267.7
2026-09-26 17:40:00,1.5378,1.5379,1.536,1.537,193636.2
2026-09-26 17:41:00,1.5371,1.5371,1.5357,1.5357,128817.7
2026-09-26 17:42:00,1.5358,1.5364,1.5358,1.5361,134958.6
2026-09-26 17:43:00,1.5361,1.537,1.5361,1.5365,47077.8
2026-09-26 17:44:00,1.5366,1.5379,1.5365,1.5375,162768.3
2026-09-26 17:45:00,1.5375,1.5375,1.5361,1.5363,102233.3
2026-09-26 17:46:00,1.5363,1.5364,1.5347,1.5356,85414.3
2026-09-26 17:47:00,1.5356,1.5366,1.5355,1.5363,95366.7
2026-09-26 17:48:00,1.5363,1.5369,1.5359,1.5369,57667.4
2026-09-26 17:49:00,1.5369,1.5369,1.5345,1.5347,133453.2
2026-09-26 17:50:00,1.5347,1.5348,1.534,1.5341,61064.7
2026-09-26 17:51:00,1.5342,1.5343,1.534,1.534,63465.2
2026-09-26 17:52:00,1.5341,1.5347,1.5339,1.5339,43708.5
2026-09-26 17:53:00,1.534,1.5349,1.5339,1.5349,53465.4
2026-09-26 17:54:00,1.5349,1.5355,1.5348,1.5348,29927.5
2026-09-26 17:55:00,1.5348,1.5354,1.5348,1.5353,43535.1
2026-09-26 17:56:00,1.5354,1.5366,1.5351,1.5365,109284.8
2026-09-26 17:57:00,1.5366,1.5366,1.5359,1.536,73110.3
2026-09-26 17:58:00,1.536,1.536,1.5358,1.5359,52420.8
2026-09-26 17:59:00,1.5358,1.5364,1.5358,1.5364,29872.2
2026-09-26 18:00:00,1.5364,1.5364,1.5344,1.5349,133301.4
2026-09-26 18:01:00,1.5348,1.5349,1.5343,1.5344,45866.5
2026-09-26 18:02:00,1.5343,1.5359,1.5343,1.5358,47800.3
2026-09-26 18:03:00,1.5359,1.5371,1.5355,1.5371,60647.4
2026-09-26 18:04:00,1.5371,1.5373,1.537,1.5371,40197.4
2026-09-26 18:05:00,1.5372,1.5373,1.5361,1.5373,37997.5
2026-09-26 18:06:00,1.5373,1.5373,1.5364,1.537,52861.2
2026-09-26 18:07:00,1.5369,1.5371,1.5352,1.5353,110573.5
2026-09-26 18:08:00,1.5353,1.5353,1.5348,1.5349,51252.8
2026-09-26 18:09:00,1.5349,1.535,1.534,1.5342,82158.1
2026-09-26 18:10:00,1.5343,1.5347,1.5339,1.5347,64923.7
2026-09-26 18:11:00,1.5347,1.5354,1.5339,1.5353,42306.5
2026-09-26 18:12:00,1.5354,1.5363,1.5353,1.5363,17659.8
2026-09-26 18:13:00,1.5362,1.537,1.5362,1.537,17483.1
2026-09-26 18:14:00,1.537,1.537,1.5361,1.5361,35937.5
2026-09-26 18:15:00,1.5362,1.5362,1.5355,1.5358,33683.0
2026-09-26 18:16:00,1.5358,1.5358,1.5348,1.5348,39119.8
2026-09-26 18:17:00,1.5349,1.5357,1.5344,1.5355,56435.0
2026-09-26 18:18:00,1.5356,1.5361,1.5354,1.5355,39679.3
2026-09-26 18:19:00,1.5355,1.5358,1.5348,1.5357,35523.2
2026-09-26 18:20:00,1.5358,1.5359,1.5351,1.5359,39117.7
2026-09-26 18:21:00,1.5358,1.537,1.5358,1.5365,103659.3
2026-09-26 18:22:00,1.5365,1.5372,1.5361,1.5361,70761.6
2026-09-26 18:23:00,1.5362,1.5362,1.5353,1.5353,70716.2
2026-09-26 18:24:00,1.5353,1.5356,1.535,1.5353,44094.3
2026-09-26 18:25:00,1.5352,1.5361,1.5352,1.536,46016.2
2026-09-26 18:26:00,1.536,1.5361,1.5354,1.5356,48918.2
2026-09-26 18:27:00,1.5355,1.5359,1.5354,1.5355,49259.1
2026-09-26 18:28:00,1.5354,1.5356,1.5349,1.5351,80411.0
2026-09-26 18:29:00,1.5352,1.5352,1.5347,1.5349,62302.2
2026-09-26 18:30:00,1.5349,1.5353,1.5345,1.5346,47002.6
2026-09-26 18:31:00,1.5346,1.5347,1.5342,1.5345,84564.8
2026-09-26 18:32:00,1.5345,1.535,1.5344,1.5348,57928.5
2026-09-26 18:33:00,1.5348,1.5348,1.5322,1.5332,283936.9
2026-09-26 18:34:00,1.5332,1.5332,1.532,1.5325,148013.7
2026-09-26 18:35:00,1.5326,1.5329,1.5318,1.5319,121869.0
2026-09-26 18:36:00,1.5318,1.5321,1.5267,1.5285,1165950.9
2026-09-26 18:37:00,1.5285,1.5289,1.5278,1.5287,92475.2
2026-09-26 18:38:00,1.5287,1.5288,1.5249,1.526,1130234.7
2026-09-26 18:39:00,1.5261,1.5262,1.5226,1.5242,251441.9
2026-09-26 18:40:00,1.5242,1.5247,1.5217,1.5239,433375.3
2026-09-26 18:41:00,1.524,1.5251,1.523,1.5241,124492.3
2026-09-26 18:42:00,1.5241,1.5249,1.5234,1.5246,99776.0
2026-09-26 18:43:00,1.5246,1.5249,1.5239,1.5243,122312.0
2026-09-26 18:44:00,1.5243,1.5244,1.5224,1.523,199317.4
2026-09-26 18:45:00,1.523,1.5241,1.5223,1.5224,205239.3
2026-09-26 18:46:00,1.5225,1.5228,1.5223,1.5227,148655.5
2026-09-26 18:47:00,1.5228,1.5231,1.5216,1.5223,122769.0
2026-09-26 18:48:00,1.5224,1.5226,1.5196,1.5215,477611.1
2026-09-26 18:49:00,1.5215,1.5225,1.5214,1.5214,207047.5
2026-09-26 18:50:00,1.5214,1.5214,1.5202,1.5203,94801.9
2026-09-26 18:51:00,1.5203,1.5204,1.5184,1.52,266739.9
2026-09-26 18:52:00,1.5199,1.5202,1.5188,1.5201,124869.7
2026-09-26 18:53:00,1.5201,1.5219,1.52,1.5219,112775.7
2026-09-26 18:54:00,1.5218,1.5228,1.5217,1.5226,115385.3
2026-09-26 18:55:00,1.5226,1.5229,1.5222,1.5224,62069.5
2026-09-26 18:56:00,1.5224,1.5225,1.5212,1.5212,62812.8
2026-09-26 18:57:00,1.5213,1.5216,1.5206,1.5207,86258.2
2026-09-26 18:58:00,1.5207,1.521,1.5201,1.5206,94717.7
2026-09-26 18:59:00,1.5206,1.5211,1.5206,1.5211,31042.4
2026-09-26 19:00:00,1.5211,1.5228,1.521,1.5222,122715.8
2026-09-26 19:01:00,1.5222,1.5248,1.5222,1.5248,107743.7
2026-09-26 19:02:00,1.5248,1.5254,1.5246,1.5254,170197.9
2026-09-26 19:03:00,1.5253,1.5254,1.5249,1.5253,51562.5
2026-09-26 19:04:00,1.5253,1.5258,1.5252,1.5254,77824.0
2026-09-26 19:05:00,1.5254,1.5265,1.5254,1.5265,76488.9
2026-09-26 19:06:00,1.5264,1.527,1.526,1.526,73004.6
2026-09-26 19:07:00,1.526,1.5263,1.5254,1.5259,92003.3
2026-09-26 19:08:00,1.5258,1.5259,1.5254,1.5256,46618.9
2026-09-26 19:09:00,1.5255,1.5256,1.5247,1.5252,71316.7
2026-09-26 19:10:00,1.5253,1.5255,1.5245,1.5255,42267.7
2026-09-26 19:11:00,1.5256,1.5259,1.5249,1.5251,41063.9
2026-09-26 19:12:00,1.5252,1.5256,1.5251,1.5255,22491.6
2026-09-26 19:13:00,1.5256,1.5257,1.5255,1.5256,34970.9
2026-09-26 19:14:00,1.5256,1.5257,1.5255,1.5256,27356.0
2026-09-26 19:15:00,1.5256,1.5256,1.5251,1.5253,21530.2
2026-09-26 19:16:00,1.5254,1.5257,1.5248,1.5256,25850.2
2026-09-26 19:17:00,1.5257,1.5261,1.5256,1.5258,56893.3
2026-09-26 19:18:00,1.5258,1.5258,1.5252,1.5253,85329.2
2026-09-26 19:19:00,1.5253,1.5259,1.525,1.5254,81965.1
2026-09-26 19:20:00,1.5255,1.5255,1.5241,1.5242,64847.1
2026-09-26 19:21:00,1.5242,1.5251,1.5241,1.5251,68717.9
2026-09-26 19:22:00,1.5251,1.5255,1.5248,1.5251,45954.8
2026-09-26 19:23:00,1.5252,1.5254,1.5244,1.5245,27450.7
2026-09-26 19:24:00,1.5245,1.5249,1.5245,1.5246,36086.4
2026-09-26 19:25:00,1.5246,1.5248,1.5243,1.5247,43274.1
2026-09-26 19:26:00,1.5247,1.5249,1.5244,1.5244,59621.1
2026-09-26 19:27:00,1.5243,1.5245,1.5243,1.5243,41041.9
2026-09-26 19:28:00,1.5244,1.5245,1.524,1.5245,55981.7
2026-09-26 19:29:00,1.5245,1.5245,1.5242,1.5244,67039.7
2026-09-26 19:30:00,1.5244,1.5244,1.5234,1.5237,67970.9
2026-09-26 19:31:00,1.5237,1.5238,1.5229,1.5233,65369.3
2026-09-26 19:32:00,1.5233,1.5234,1.5222,1.5224,108625.6
2026-09-26 19:33:00,1.5223,1.5224,1.5207,1.522,187836.1
2026-09-26 19:34:00,1.5219,1.5225,1.5211,1.5225,44609.0
2026-09-26 19:35:00,1.5226,1.5232,1.5226,1.5232,40145.7
2026-09-26 19:36:00,1.5231,1.5231,1.5221,1.5222,45658.8
2026-09-26 19:37:00,1.5222,1.5222,1.5212,1.5214,52657.8
2026-09-26 19:38:00,1.5213,1.5214,1.5192,1.5206,260760.9
2026-09-26 19:39:00,1.5207,1.5207,1.5204,1.5205,34179.2
2026-09-26 19:40:00,1.5205,1.5212,1.5199,1.521,96303.0
2026-09-26 19:41:00,1.5209,1.5221,1.5209,1.522,23109.5
2026-09-26 19:42:00,1.522,1.5224,1.5216,1.5223,41630.8
2026-09-26 19:43:00,1.5223,1.5231,1.522,1.5229,47895.1
2026-09-26 19:44:00,1.523,1.5238,1.5225,1.5233,100794.8
2026-09-26 19:45:00,1.5233,1.5235,1.5228,1.5231,71279.9
2026-09-26 19:46:00,1.5231,1.5236,1.523,1.5235,83298.0
2026-09-26 19:47:00,1.5235,1.5237,1.5231,1.5235,91296.8
2026-09-26 19:48:00,1.5236,1.524,1.5236,1.5239,50559.1
2026-09-26 19:49:00,1.5239,1.5245,1.5237,1.524,76751.2
2026-09-26 19:50:00,1.524,1.524,1.5231,1.5236,90228.4
2026-09-26 19:51:00,1.5236,1.5238,1.5236,1.5237,59321.6
2026-09-26 19:52:00,1.5237,1.5244,1.5231,1.5244,78671.5
2026-09-26 19:53:00,1.5244,1.5244,1.5232,1.5236,90690.6
2026-09-26 19:54:00,1.5236,1.525,1.5235,1.5239,218597.5
2026-09-26 19:55:00,1.524,1.524,1.5238,1.5239,73078.5
2026-09-26 19:56:00,1.5239,1.5239,1.5234,1.5235,62501.9
2026-09-26 19:57:00,1.5236,1.5236,1.5235,1.5236,41477.0
2026-09-26 19:58:00,1.5235,1.5237,1.5235,1.5237,36292.2
2026-09-26 19:59:00,1.5236,1.5236,1.5228,1.523,83073.5
2026-09-26 20:00:00,1.523,1.5231,1.5215,1.5215,120469.3
2026-09-26 20:01:00,1.5216,1.5218,1.521,1.5217,42403.0
2026-09-26 20:02:00,1.5218,1.5234,1.5217,1.5234,58340.6
2026-09-26 20:03:00,1.5234,1.5235,1.5226,1.5231,52101.8
2026-09-26 20:04:00,1.5231,1.5233,1.5216,1.5219,78152.5
2026-09-26 20:05:00,1.522,1.525,1.522,1.525,80650.9
2026-09-26 20:06:00,1.525,1.5254,1.5227,1.5229,73128.7
2026-09-26 20:07:00,1.5228,1.5228,1.521,1.5211,108992.2
2026-09-26 20:08:00,1.5211,1.5219,1.5201,1.5201,66550.8
2026-09-26 20:09:00,1.52,1.5201,1.5134,1.5167,710108.6
2026-09-26 20:10:00,1.5168,1.5191,1.5164,1.5191,88871.0
2026-09-26 20:11:00,1.5191,1.5196,1.5182,1.519,165655.4
2026-09-26 20:12:00,1.5191,1.5192,1.5183,1.5184,73375.8
2026-09-26 20:13:00,1.5185,1.5194,1.5185,1.5187,68106.8
2026-09-26 20:14:00,1.5188,1.5192,1.5185,1.5191,84265.1
2026-09-26 20:15:00,1.5192,1.5201,1.5192,1.5198,87101.6
2026-09-26 20:16:00,1.5198,1.5202,1.5196,1.5201,74467.1
2026-09-26 20:17:00,1.5201,1.5213,1.5197,1.5212,160433.4
2026-09-26 20:18:00,1.5213,1.5215,1.5207,1.5207,113992.4
2026-09-26 20:19:00,1.5207,1.5208,1.5201,1.5205,102462.4
2026-09-26 20:20:00,1.5205,1.5206,1.5193,1.5193,80833.2
2026-09-26 20:21:00,1.5193,1.52,1.5192,1.5199,26368.8
2026-09-26 20:22:00,1.52,1.5206,1.5199,1.5202,75099.3
2026-09-26 20:23:00,1.5203,1.5203,1.5195,1.5202,92179.2
2026-09-26 20:24:00,1.5203,1.5204,1.5198,1.5204,39534.2
2026-09-26 20:25:00,1.5204,1.5221,1.5204,1.5217,64791.1
2026-09-26 20:26:00,1.5216,1.5219,1.5209,1.5209,56053.3
2026-09-26 20:27:00,1.521,1.5215,1.5206,1.5214,49937.4
2026-09-26 20:28:00,1.5214,1.5226,1.5214,1.5225,94919.1
2026-09-26 20:29:00,1.5225,1.5226,1.5218,1.5223,37855.6
2026-09-26 20:30:00,1.5223,1.5225,1.5219,1.5219,43076.4
2026-09-26 20:31:00,1.5219,1.5222,1.5213,1.5221,78757.8
2026-09-26 20:32:00,1.5221,1.5222,1.5209,1.5222,55907.9
2026-09-26 20:33:00,1.5223,1.5225,1.5208,1.5212,65871.9
2026-09-26 20:34:00,1.5212,1.5212,1.5209,1.5211,31711.7
2026-09-26 20:35:00,1.5211,1.5211,1.5201,1.5208,46409.1
2026-09-26 20:36:00,1.5208,1.5214,1.5207,1.5213,27994.3
2026-09-26 20:37:00,1.5213,1.5214,1.5197,1.5198,99541.8
2026-09-26 20:38:00,1.5198,1.5198,1.5182,1.5185,153722.3
2026-09-26 20:39:00,1.5186,1.5187,1.5128,1.5135,270137.1
2026-09-26 20:40:00,1.5135,1.5144,1.5083,1.5103,915606.4
2026-09-26 20:41:00,1.5102,1.5119,1.5079,1.5117,276271.5
2026-09-26 20:42:00,1.5116,1.5116,1.5055,1.5076,607881.9
2026-09-26 20:43:00,1.5076,1.5089,1.5065,1.5068,143664.5
2026-09-26 20:44:00,1.5068,1.5094,1.5057,1.509,88027.7
2026-09-26 20:45:00,1.509,1.5106,1.509,1.5093,490031.3
2026-09-26 20:46:00,1.5094,1.5111,1.5089,1.5095,238634.3
2026-09-26 20:47:00,1.5096,1.5096,1.5034,1.5054,590956.2
2026-09-26 20:48:00,1.5053,1.5069,1.5047,1.5056,166345.7
2026-09-26 20:49:00,1.5056,1.5057,1.5015,1.5028,573373.4
2026-09-26 20:50:00,1.5029,1.5064,1.5028,1.5062,277850.3
2026-09-26 20:51:00,1.5062,1.5078,1.5059,1.5076,120322.7
2026-09-26 20:52:00,1.5076,1.5103,1.5073,1.5101,232699.8
2026-09-26 20:53:00,1.5101,1.5116,1.5096,1.5115,98414.0
2026-09-26 20:54:00,1.5115,1.5118,1.5111,1.5113,92162.2
2026-09-26 20:55:00,1.5114,1.5139,1.5113,1.5127,221058.0
2026-09-26 20:56:00,1.5127,1.5135,1.5125,1.5135,78312.2
2026-09-26 20:57:00,1.5135,1.5135,1.5116,1.5123,147886.1
2026-09-26 20:58:00,1.5123,1.5125,1.5116,1.5117,44148.0
2026-09-26 20:59:00,1.5116,1.5118,1.5111,1.5118,43482.8
2026-09-26 21:00:00,1.5118,1.5125,1.511,1.5125,78525.5
2026-09-26 21:01:00,1.5124,1.5132,1.5112,1.5129,51985.8
2026-09-26 21:02:00,1.513,1.5139,1.5129,1.5131,39100.0
2026-09-26 21:03:00,1.5132,1.5149,1.5132,1.5148,45772.5
2026-09-26 21:04:00,1.5149,1.5164,1.5148,1.5157,93374.3
2026-09-26 21:05:00,1.5156,1.5169,1.5156,1.5168,56483.1
2026-09-26 21:06:00,1.5168,1.5176,1.5168,1.517,65961.1
2026-09-26 21:07:00,1.5171,1.5172,1.5158,1.5162,107293.6
2026-09-26 21:08:00,1.5161,1.5162,1.5152,1.5156,62759.1
2026-09-26 21:09:00,1.5156,1.5158,1.5151,1.5153,26239.4
2026-09-26 21:10:00,1.5153,1.5157,1.5153,1.5156,15109.1
2026-09-26 21:11:00,1.5156,1.5161,1.515,1.516,45004.3
2026-09-26 21:12:00,1.5161,1.5175,1.5158,1.5174,47505.5
2026-09-26 21:13:00,1.5174,1.5185,1.5174,1.5175,54105.6
2026-09-26 21:14:00,1.5175,1.5176,1.5172,1.5173,48744.0
2026-09-26 21:15:00,1.5173,1.5178,1.517,1.5177,63635.7
2026-09-26 21:16:00,1.5176,1.5178,1.5175,1.5175,46978.6
2026-09-26 21:17:00,1.5175,1.5192,1.5175,1.5184,57629.1
2026-09-26 21:18:00,1.5184,1.52,1.5183,1.5196,81721.0
2026-09-26 21:19:00,1.5196,1.5203,1.5195,1.5202,67801.8
2026-09-26 21:20:00,1.5202,1.5204,1.5194,1.5196,95622.7
2026-09-26 21:21:00,1.5196,1.5199,1.5187,1.5187,69431.6
2026-09-26 21:22:00,1.5187,1.52,1.5187,1.5198,52922.8
2026-09-26 21:23:00,1.5198,1.5206,1.519,1.5191,66010.4
2026-09-26 21:24:00,1.5191,1.5208,1.519,1.5207,86302.2
2026-09-26 21:25:00,1.5208,1.5212,1.5205,1.5207,87897.0
2026-09-26 21:26:00,1.5207,1.5214,1.5205,1.5213,129556.4
2026-09-26 21:27:00,1.5213,1.5229,1.5211,1.5223,92984.1
2026-09-26 21:28:00,1.5224,1.5268,1.5222,1.5238,370132.6
2026-09-26 21:29:00,1.5239,1.5251,1.5236,1.525,168838.7
2026-09-26 21:30:00,1.525,1.5256,1.5236,1.5237,195890.8
2026-09-26 21:31:00,1.5237,1.5256,1.5235,1.5251,228845.5
2026-09-26 21:32:00,1.5252,1.5256,1.5251,1.5252,154819.7
2026-09-26 21:33:00,1.5253,1.5255,1.5251,1.5253,76754.3
2026-09-26 21:34:00,1.5253,1.5281,1.5252,1.5279,215752.9
2026-09-26 21:35:00,1.5279,1.5279,1.5257,1.5265,162910.7
2026-09-26 21:36:00,1.5265,1.5266,1.5259,1.5261,58957.6
2026-09-26 21:37:00,1.5261,1.5263,1.5259,1.5263,68942.1
2026-09-26 21:38:00,1.5263,1.5275,1.5255,1.5256,134654.9
2026-09-26 21:39:00,1.5256,1.5263,1.5254,1.5256,83444.6
2026-09-26 21:40:00,1.5256,1.5256,1.5237,1.5244,307500.1
2026-09-26 21:41:00,1.5244,1.5247,1.5234,1.5243,93984.7
2026-09-26 21:42:00,1.5242,1.5244,1.5241,1.5242,48419.8
2026-09-26 21:43:00,1.5242,1.5253,1.5238,1.5243,89550.3
2026-09-26 21:44:00,1.5243,1.5251,1.5241,1.5245,55571.4
2026-09-26 21:45:00,1.5245,1.5245,1.5232,1.5241,61820.7
2026-09-26 21:46:00,1.5241,1.5245,1.5235,1.5237,89404.4
2026-09-26 21:47:00,1.5236,1.5236,1.5229,1.5231,78146.0
2026-09-26 21:48:00,1.5231,1.5236,1.5229,1.5233,128320.1
2026-09-26 21:49:00,1.5233,1.5234,1.5215,1.522,176924.0
2026-09-26 21:50:00,1.522,1.522,1.5206,1.5211,223768.0
2026-09-26 21:51:00,1.5212,1.5222,1.521,1.5219,104999.2
2026-09-26 21:52:00,1.522,1.5236,1.5218,1.5229,78715.5
2026-09-26 21:53:00,1.5228,1.523,1.522,1.523,32803.1
2026-09-26 21:54:00,1.523,1.5236,1.5226,1.5226,31188.0
2026-09-26 21:55:00,1.5227,1.5236,1.5223,1.5224,64676.5
2026-09-26 21:56:00,1.5224,1.5239,1.5222,1.5239,59820.4
2026-09-26 21:57:00,1.5238,1.5243,1.5237,1.5243,27050.5
2026-09-26 21:58:00,1.5244,1.525,1.5242,1.5248,114227.3
2026-09-26 21:59:00,1.5247,1.5248,1.5243,1.5244,49681.4
2026-09-26 22:00:00,1.5243,1.5248,1.5233,1.5247,81143.0
2026-09-26 22:01:00,1.5247,1.5258,1.5239,1.5241,88954.7
2026-09-26 22:02:00,1.5241,1.5247,1.5228,1.5231,70007.7
2026-09-26 22:03:00,1.5231,1.5239,1.5214,1.5235,86698.6
2026-09-26 22:04:00,1.5235,1.5248,1.5232,1.5242,27116.4
2026-09-26 22:05:00,1.5243,1.5257,1.5243,1.5249,38513.7
2026-09-26 22:06:00,1.5248,1.5279,1.5246,1.5247,296883.7
2026-09-26 22:07:00,1.5246,1.5251,1.5242,1.5246,57545.5
2026-09-26 22:08:00,1.5245,1.5258,1.5241,1.5256,58986.3
2026-09-26 22:09:00,1.5256,1.526,1.525,1.5259,21168.0
2026-09-26 22:10:00,1.526,1.5263,1.5258,1.5258,43602.3
2026-09-26 22:11:00,1.5259,1.5267,1.5258,1.5262,34813.5
2026-09-26 22:12:00,1.5262,1.5268,1.5259,1.5265,37316.4
2026-09-26 22:13:00,1.5264,1.5267,1.526,1.5264,32417.8
2026-09-26 22:14:00,1.5264,1.5266,1.526,1.5264,51440.2
2026-09-26 22:15:00,1.5264,1.5267,1.5258,1.526,38225.6
2026-09-26 22:16:00,1.5261,1.5268,1.526,1.526,58767.2
2026-09-26 22:17:00,1.526,1.526,1.5241,1.5243,49822.7
2026-09-26 22:18:00,1.5244,1.5254,1.5238,1.5238,220489.1
2026-09-26 22:19:00,1.5238,1.5238,1.5229,1.5236,54602.9
2026-09-26 22:20:00,1.5237,1.5237,1.5225,1.5228,56628.9
2026-09-26 22:21:00,1.5227,1.5229,1.5227,1.5227,15684.0
2026-09-26 22:22:00,1.5227,1.5228,1.522,1.5223,21088.9
2026-09-26 22:23:00,1.5222,1.5228,1.5217,1.5222,36451.3
2026-09-26 22:24:00,1.5222,1.5232,1.5222,1.5227,33677.4
2026-09-26 22:25:00,1.5227,1.5229,1.5219,1.5224,35963.5
2026-09-26 22:26:00,1.5224,1.5229,1.5221,1.5221,22464.6
2026-09-26 22:27:00,1.5222,1.5227,1.5214,1.5214,108903.9
2026-09-26 22:28:00,1.5215,1.523,1.5215,1.523,142539.2
2026-09-26 22:29:00,1.5229,1.5233,1.5227,1.5229,32499.0
2026-09-26 22:30:00,1.5229,1.523,1.5223,1.5229,98299.1
2026-09-26 22:31:00,1.523,1.5232,1.522,1.522,65147.2
2026-09-26 22:32:00,1.5221,1.5229,1.522,1.5226,32544.7
2026-09-26 22:33:00,1.5227,1.5227,1.5215,1.5222,42247.8
2026-09-26 22:34:00,1.5221,1.5227,1.5216,1.5222,27890.0
2026-09-26 22:35:00,1.5223,1.5225,1.522,1.5222,20047.9
2026-09-26 22:36:00,1.5222,1.5224,1.5215,1.5219,36273.2
2026-09-26 22:37:00,1.5219,1.5219,1.5214,1.5214,25136.7
2026-09-26 22:38:00,1.5214,1.5215,1.521,1.5212,9521.8
2026-09-26 22:39:00,1.5212,1.5214,1.521,1.5213,75913.2
2026-09-26 22:40:00,1.5213,1.5213,1.5204,1.5204,68248.8
2026-09-26 22:41:00,1.5204,1.5211,1.5204,1.5211,36031.9
2026-09-26 22:42:00,1.5211,1.5213,1.521,1.5212,11476.2
2026-09-26 22:43:00,1.5212,1.5219,1.5211,1.5214,24232.8
2026-09-26 22:44:00,1.5214,1.5218,1.5212,1.5212,21695.2
2026-09-26 22:45:00,1.5213,1.5221,1.5213,1.522,28286.8
2026-09-26 22:46:00,1.5221,1.5229,1.522,1.5229,16525.8
2026-09-26 22:47:00,1.5229,1.5232,1.5225,1.5225,24336.4
2026-09-26 22:48:00,1.5226,1.5231,1.5225,1.5231,13407.4
2026-09-26 22:49:00,1.523,1.5235,1.5229,1.5232,17952.0
2026-09-26 22:50:00,1.5232,1.5237,1.5228,1.5234,29977.9
2026-09-26 22:51:00,1.5233,1.5243,1.5231,1.5235,38617.7
2026-09-26 22:52:00,1.5235,1.5238,1.5233,1.5236,45038.5
2026-09-26 22:53:00,1.5236,1.5238,1.5236,1.5237,28582.3
2026-09-26 22:54:00,1.5237,1.5237,1.5225,1.5226,97662.9
2026-09-26 22:55:00,1.5226,1.5228,1.5221,1.5228,66964.7
2026-09-26 22:56:00,1.5227,1.5232,1.5226,1.5227,47971.2
2026-09-26 22:57:00,1.5228,1.5228,1.5219,1.5221,32912.4
2026-09-26 22:58:00,1.5221,1.5221,1.5219,1.5221,31919.5
2026-09-26 22:59:00,1.522,1.5225,1.522,1.5221,28558.1
2026-09-26 23:00:00,1.522,1.5224,1.522,1.5223,27885.6
2026-09-26 23:01:00,1.5224,1.5245,1.5224,1.524,53197.7
2026-09-26 23:02:00,1.5241,1.5243,1.5238,1.5241,18230.9
2026-09-26 23:03:00,1.524,1.5256,1.524,1.5251,45650.6
2026-09-26 23:04:00,1.525,1.5259,1.5248,1.5259,98254.3
2026-09-26 23:05:00,1.5259,1.5264,1.5252,1.5258,59385.2
2026-09-26 23:06:00,1.5258,1.5266,1.5258,1.5266,200631.8
2026-09-26 23:07:00,1.5266,1.5267,1.5262,1.5263,40841.5
2026-09-26 23:08:00,1.5263,1.5263,1.5262,1.5262,35267.6
2026-09-26 23:09:00,1.5263,1.5273,1.5263,1.5272,35310.0
2026-09-26 23:10:00,1.5273,1.5276,1.527,1.5272,91873.7
2026-09-26 23:11:00,1.5271,1.5281,1.5271,1.5272,88527.5
2026-09-26 23:12:00,1.5272,1.5283,1.527,1.5279,167406.8
2026-09-26 23:13:00,1.5279,1.5281,1.5273,1.528,122149.2
2026-09-26 23:14:00,1.528,1.5281,1.5278,1.528,53367.0
2026-09-26 23:15:00,1.528,1.5285,1.5275,1.5276,130151.3
2026-09-26 23:16:00,1.5275,1.528,1.5273,1.528,201045.9
2026-09-26 23:17:00,1.5281,1.5292,1.528,1.5292,169984.0
2026-09-26 23:18:00,1.5291,1.5299,1.5291,1.5297,692467.8
2026-09-26 23:19:00,1.5297,1.5297,1.5291,1.5292,546604.7
2026-09-26 23:20:00,1.5292,1.5294,1.5291,1.5291,100931.7
2026-09-26 23:21:00,1.529,1.5303,1.529,1.5296,77547.1
2026-09-26 23:22:00,1.5295,1.5296,1.5287,1.5288,44555.2
2026-09-26 23:23:00,1.5288,1.5288,1.528,1.5281,104442.0
2026-09-26 23:24:00,1.5281,1.5282,1.5278,1.5281,55982.3
2026-09-26 23:25:00,1.5281,1.5285,1.5281,1.5284,68241.4
2026-09-26 23:26:00,1.5283,1.5285,1.5281,1.5282,34530.5
2026-09-26 23:27:00,1.5281,1.5285,1.5281,1.5285,16482.5
2026-09-26 23:28:00,1.5284,1.5285,1.5284,1.5284,19464.7
2026-09-26 23:29:00,1.5284,1.529,1.5281,1.5285,114511.7
2026-09-26 23:30:00,1.5285,1.529,1.5284,1.5288,42987.7
2026-09-26 23:31:00,1.5288,1.5292,1.5285,1.5286,47534.8
2026-09-26 23:32:00,1.5285,1.5294,1.5284,1.5291,51374.2
2026-09-26 23:33:00,1.5291,1.5297,1.5291,1.5297,58983.6
2026-09-26 23:34:00,1.5296,1.5297,1.5295,1.5296,26122.2
2026-09-26 23:35:00,1.5296,1.5298,1.5295,1.5298,38952.1
2026-09-26 23:36:00,1.5298,1.5298,1.529,1.5296,80153.4
2026-09-26 23:37:00,1.5296,1.5297,1.5292,1.5296,98413.3
2026-09-26 23:38:00,1.5297,1.53,1.5295,1.5299,37873.3
2026-09-26 23:39:00,1.5299,1.5301,1.5292,1.5293,92699.5
2026-09-26 23:40:00,1.5293,1.5302,1.529,1.5298,69551.3
2026-09-26 23:41:00,1.5297,1.5298,1.5291,1.5294,53869.5
2026-09-26 23:42:00,1.5294,1.5295,1.529,1.5291,50080.7
2026-09-26 23:43:00,1.529,1.529,1.5278,1.528,100228.1
2026-09-26 23:44:00,1.528,1.5289,1.528,1.5288,29764.2
2026-09-26 23:45:00,1.5287,1.529,1.5282,1.5287,126327.9
2026-09-26 23:46:00,1.5286,1.5292,1.5285,1.5287,74174.2
2026-09-26 23:47:00,1.5287,1.5291,1.5286,1.5288,39407.4
2026-09-26 23:48:00,1.5289,1.5298,1.5288,1.5295,58271.7
2026-09-26 23:49:00,1.5295,1.5295,1.5293,1.5295,54776.2
2026-09-26 23:50:00,1.5295,1.5297,1.5291,1.5295,85763.1
2026-09-26 23:51:00,1.5294,1.5303,1.529,1.5291,172963.3
2026-09-26 23:52:00,1.5291,1.5292,1.5286,1.5288,72380.4
2026-09-26 23:53:00,1.5288,1.529,1.5287,1.5289,70946.9
2026-09-26 23:54:00,1.5289,1.529,1.5285,1.5285,86288.4
2026-09-26 23:55:00,1.5285,1.5287,1.5284,1.5286,118062.5
2026-09-26 23:56:00,1.5286,1.5287,1.528,1.5281,66041.8
2026-09-26 23:57:00,1.5281,1.5285,1.5279,1.5285,108587.5
2026-09-26 23:58:00,1.5285,1.5285,1.5275,1.5276,203008.2
2026-09-26 23:59:00,1.5276,1.5286,1.5273,1.5274,68397.4
2026-09-27 00:00:00,1.5274,1.5282,1.5271,1.5281,65754.7
2026-09-27 00:01:00,1.5281,1.5281,1.5269,1.527,52196.9
2026-09-27 00:02:00,1.5271,1.5271,1.526,1.5263,61397.2
2026-09-27 00:03:00,1.5263,1.5268,1.5255,1.5257,79623.7
2026-09-27 00:04:00,1.5257,1.5259,1.5255,1.5259,39888.0
2026-09-27 00:05:00,1.5259,1.5259,1.5251,1.5255,22929.0
2026-09-27 00:06:00,1.5254,1.5254,1.5246,1.5247,18842.5
2026-09-27 00:07:00,1.5247,1.5249,1.5246,1.5249,20597.2
2026-09-27 00:08:00,1.5249,1.5258,1.5248,1.5258,19633.0
2026-09-27 00:09:00,1.5259,1.526,1.5255,1.5259,7523.1
2026-09-27 00:10:00,1.5259,1.5263,1.5254,1.5255,45403.2
2026-09-27 00:11:00,1.5254,1.5257,1.5249,1.525,17878.7
2026-09-27 00:12:00,1.5251,1.5251,1.5247,1.5247,12919.3
2026-09-27 00:13:00,1.5248,1.525,1.5241,1.5249,46025.5
2026-09-27 00:14:00,1.5249,1.5249,1.5239,1.524,14453.6
2026-09-27 00:15:00,1.5239,1.524,1.5235,1.5236,23810.2
2026-09-27 00:16:00,1.5236,1.5236,1.5229,1.523,14886.2
2026-09-27 00:17:00,1.523,1.5234,1.5226,1.5227,65658.6
2026-09-27 00:18:00,1.5226,1.523,1.5225,1.5228,19417.1
2026-09-27 00:19:00,1.5228,1.5229,1.5218,1.5219,17462.2
2026-09-27 00:20:00,1.5219,1.522,1.5215,1.5216,72125.6
2026-09-27 00:21:00,1.5216,1.5217,1.5215,1.5216,11912.2
2026-09-27 00:22:00,1.5215,1.5225,1.5214,1.5219,20105.6
2026-09-27 00:23:00,1.5219,1.5225,1.5214,1.5214,26926.2
2026-09-27 00:24:00,1.5215,1.5215,1.5207,1.5207,182200.5
2026-09-27 00:25:00,1.5208,1.5211,1.5208,1.5211,71756.1
2026-09-27 00:26:00,1.5211,1.5214,1.5208,1.5209,51673.1
2026-09-27 00:27:00,1.5208,1.5209,1.5199,1.52,130435.7
2026-09-27 00:28:00,1.5201,1.5204,1.5198,1.5204,45702.8
2026-09-27 00:29:00,1.5204,1.5204,1.5198,1.5201,80589.5
2026-09-27 00:30:00,1.5201,1.5211,1.52,1.5209,53230.6
2026-09-27 00:31:00,1.5209,1.5221,1.5206,1.5215,58863.7
2026-09-27 00:32:00,1.5215,1.5221,1.5215,1.5216,67018.6
2026-09-27 00:33:00,1.5216,1.5225,1.5211,1.5224,33421.9
2026-09-27 00:34:00,1.5225,1.5234,1.5225,1.5226,28416.0
2026-09-27 00:35:00,1.5227,1.5235,1.5226,1.5235,57545.0
2026-09-27 00:36:00,1.5236,1.5236,1.5226,1.5227,44390.1
2026-09-27 00:37:00,1.5226,1.5226,1.5207,1.5207,49097.2
2026-09-27 00:38:00,1.5207,1.5228,1.5206,1.5226,72829.2
2026-09-27 00:39:00,1.5226,1.5226,1.5214,1.5214,54591.5
2026-09-27 00:40:00,1.5215,1.5215,1.5209,1.5209,56837.0
2026-09-27 00:41:00,1.521,1.5212,1.5208,1.5209,69061.3
2026-09-27 00:42:00,1.5209,1.5213,1.5205,1.5207,52939.8
2026-09-27 00:43:00,1.5208,1.5212,1.5205,1.5206,53910.8
2026-09-27 00:44:00,1.5206,1.5209,1.5204,1.5204,51615.5
2026-09-27 00:45:00,1.5205,1.5217,1.5205,1.5214,65673.9
2026-09-27 00:46:00,1.5215,1.5215,1.5197,1.5197,56710.6
2026-09-27 00:47:00,1.5197,1.5197,1.5189,1.5195,57452.2
2026-09-27 00:48:00,1.5195,1.5197,1.5189,1.519,75070.8
2026-09-27 00:49:00,1.5191,1.5191,1.5185,1.5186,70117.0
2026-09-27 00:50:00,1.5185,1.5186,1.5171,1.5174,289867.0
2026-09-27 00:51:00,1.5175,1.5183,1.5171,1.5171,51660.9
2026-09-27 00:52:00,1.5171,1.5172,1.5158,1.5169,189843.3
2026-09-27 00:53:00,1.5169,1.517,1.5158,1.5162,84480.5
2026-09-27 00:54:00,1.5161,1.5172,1.5161,1.5163,66684.8
2026-09-27 00:55:00,1.5164,1.5167,1.516,1.5164,43687.6
2026-09-27 00:56:00,1.5164,1.5168,1.5164,1.5167,30448.9
2026-09-27 00:57:00,1.5167,1.5174,1.5165,1.5173,42283.3
2026-09-27 00:58:00,1.5174,1.518,1.5173,1.5179,36172.8
2026-09-27 00:59:00,1.5178,1.5179,1.517,1.5175,21881.1
2026-09-27 01:00:00,1.5175,1.5182,1.5174,1.5176,47153.7
2026-09-27 01:01:00,1.5176,1.5176,1.5162,1.5169,57634.2
2026-09-27 01:02:00,1.5169,1.517,1.5162,1.5167,66504.5
2026-09-27 01:03:00,1.5166,1.5166,1.5157,1.5158,22536.0
2026-09-27 01:04:00,1.5157,1.516,1.5156,1.5158,54933.9
2026-09-27 01:05:00,1.5158,1.5158,1.5145,1.5149,97551.5
2026-09-27 01:06:00,1.5149,1.5156,1.5149,1.5155,25822.4
2026-09-27 01:07:00,1.5154,1.5174,1.5154,1.5174,61109.5
2026-09-27 01:08:00,1.5174,1.5176,1.5172,1.5175,45535.4
2026-09-27 01:09:00,1.5176,1.5185,1.5175,1.518,43219.6
2026-09-27 01:10:00,1.518,1.5197,1.518,1.5191,189023.5
2026-09-27 01:11:00,1.5191,1.5205,1.519,1.5205,125165.7
2026-09-27 01:12:00,1.5204,1.5208,1.5198,1.52,42174.8
2026-09-27 01:13:00,1.52,1.5202,1.5198,1.5198,48060.6
2026-09-27 01:14:00,1.5198,1.5201,1.5195,1.52,46993.5
2026-09-27 01:15:00,1.52,1.5203,1.5185,1.5203,193041.5
2026-09-27 01:16:00,1.5203,1.5207,1.5185,1.5187,114051.9
2026-09-27 01:17:00,1.5188,1.5198,1.5186,1.5196,165571.1
2026-09-27 01:18:00,1.5195,1.5195,1.5186,1.5187,52537.7
2026-09-27 01:19:00,1.5187,1.5187,1.5178,1.5182,36977.7
2026-09-27 01:20:00,1.5182,1.5182,1.5178,1.5178,8541.1
2026-09-27 01:21:00,1.5178,1.5178,1.5167,1.517,79477.9
2026-09-27 01:22:00,1.517,1.5172,1.5162,1.5171,22946.6
2026-09-27 01:23:00,1.5171,1.5171,1.5166,1.5166,43504.8
2026-09-27 01:24:00,1.5166,1.5167,1.516,1.5161,95349.0
2026-09-27 01:25:00,1.516,1.5161,1.5153,1.5156,29055.3
2026-09-27 01:26:00,1.5156,1.5174,1.5155,1.5174,46377.4
2026-09-27 01:27:00,1.5173,1.5181,1.5156,1.5159,55940.1
2026-09-27 01:28:00,1.5158,1.5172,1.5158,1.5167,29780.2
2026-09-27 01:29:00,1.5166,1.5175,1.5166,1.5174,16889.7
2026-09-27 01:30:00,1.5175,1.518,1.5169,1.5174,19068.2
2026-09-27 01:31:00,1.5174,1.5185,1.5172,1.5174,42962.3
2026-09-27 01:32:00,1.5174,1.5178,1.5174,1.5174,81610.6
2026-09-27 01:33:00,1.5173,1.518,1.516,1.516,33495.3
2026-09-27 01:34:00,1.5161,1.5162,1.5158,1.5159,22702.3
2026-09-27 01:35:00,1.5159,1.5168,1.5153,1.5165,24220.9
2026-09-27 01:36:00,1.5165,1.5172,1.5164,1.5168,13400.1
2026-09-27 01:37:00,1.5169,1.5176,1.5169,1.5173,19708.4
2026-09-27 01:38:00,1.5173,1.5174,1.5166,1.5168,21519.8
2026-09-27 01:39:00,1.5168,1.5179,1.5166,1.5178,25123.1
2026-09-27 01:40:00,1.5177,1.5194,1.5176,1.5194,41530.8
2026-09-27 01:41:00,1.5193,1.5207,1.5192,1.5206,24756.6
2026-09-27 01:42:00,1.5206,1.5216,1.5205,1.5211,99329.6
2026-09-27 01:43:00,1.521,1.5211,1.5208,1.5209,64259.1
2026-09-27 01:44:00,1.5208,1.5209,1.52,1.5205,65977.9
2026-09-27 01:45:00,1.5205,1.5211,1.5201,1.5201,85468.3
2026-09-27 01:46:00,1.5201,1.5204,1.5195,1.5196,95742.7
2026-09-27 01:47:00,1.5196,1.5204,1.5194,1.5202,55671.9
2026-09-27 01:48:00,1.5202,1.5209,1.52,1.5209,45982.8
2026-09-27 01:49:00,1.5208,1.5209,1.5206,1.5207,27888.7
2026-09-27 01:50:00,1.5206,1.522,1.5202,1.5216,116812.5
2026-09-27 01:51:00,1.5215,1.5248,1.5215,1.5242,155136.8
2026-09-27 01:52:00,1.5243,1.5257,1.5223,1.5227,270563.6
2026-09-27 01:53:00,1.5226,1.5246,1.5226,1.5231,144180.0
2026-09-27 01:54:00,1.5231,1.526,1.5226,1.5255,296989.5
2026-09-27 01:55:00,1.5254,1.5256,1.5244,1.5248,82966.3
2026-09-27 01:56:00,1.5248,1.5248,1.5231,1.5232,97342.8
2026-09-27 01:57:00,1.5231,1.524,1.5231,1.5233,54660.6
2026-09-27 01:58:00,1.5233,1.5234,1.5225,1.5231,88966.2
2026-09-27 01:59:00,1.523,1.5236,1.5223,1.5233,105614.3
2026-09-27 02:00:00,1.5233,1.5257,1.5231,1.5245,55581.4
2026-09-27 02:01:00,1.5246,1.5251,1.5244,1.5245,56956.2
2026-09-27 02:02:00,1.5246,1.5268,1.5243,1.5245,243343.0
2026-09-27 02:03:00,1.5246,1.5254,1.5245,1.5246,57168.2
2026-09-27 02:04:00,1.5247,1.5252,1.5241,1.5244,155055.9
2026-09-27 02:05:00,1.5244,1.5249,1.5242,1.5242,41805.2
2026-09-27 02:06:00,1.5242,1.5245,1.5232,1.5245,51335.2
2026-09-27 02:07:00,1.5245,1.5262,1.5245,1.5262,400027.9
2026-09-27 02:08:00,1.5262,1.527,1.526,1.527,65538.7
2026-09-27 02:09:00,1.527,1.5284,1.5269,1.5281,54178.1
2026-09-27 02:10:00,1.528,1.528,1.5271,1.5272,101484.6
2026-09-27 02:11:00,1.5272,1.5285,1.5254,1.5263,132576.7
2026-09-27 02:12:00,1.5263,1.5263,1.5255,1.5255,87380.6
2026-09-27 02:13:00,1.5254,1.5259,1.5251,1.5253,87153.6
2026-09-27 02:14:00,1.5253,1.5268,1.5251,1.5259,120889.6
2026-09-27 02:15:00,1.526,1.5264,1.5253,1.5258,27612.0
2026-09-27 02:16:00,1.5258,1.527,1.5256,1.5263,247209.4
2026-09-27 02:17:00,1.5263,1.5273,1.5262,1.5268,26432.9
2026-09-27 02:18:00,1.5268,1.5275,1.5266,1.5267,43863.6
2026-09-27 02:19:00,1.5266,1.5276,1.5261,1.5275,21451.0
2026-09-27 02:20:00,1.5275,1.5282,1.5274,1.5277,54040.8
2026-09-27 02:21:00,1.5278,1.5284,1.5271,1.5283,109104.9
2026-09-27 02:22:00,1.5283,1.5299,1.5272,1.5275,109956.2
2026-09-27 02:23:00,1.5275,1.5283,1.5275,1.5279,64227.9
2026-09-27 02:24:00,1.5279,1.528,1.5268,1.5268,38547.2
2026-09-27 02:25:00,1.5268,1.5274,1.5261,1.5272,24656.3
2026-09-27 02:26:00,1.5271,1.5271,1.5262,1.5268,64147.9
2026-09-27 02:27:00,1.5268,1.5274,1.5268,1.5271,28318.9
2026-09-27 02:28:00,1.5272,1.5273,1.5258,1.5264,28775.2
2026-09-27 02:29:00,1.5263,1.527,1.5261,1.5268,37845.7
2026-09-27 02:30:00,1.5268,1.5268,1.5259,1.5261,39987.8
2026-09-27 02:31:00,1.526,1.5268,1.5259,1.5267,28445.7
2026-09-27 02:32:00,1.5268,1.5268,1.5255,1.5256,27030.0
2026-09-27 02:33:00,1.5255,1.5256,1.5253,1.5254,35038.4
2026-09-27 02:34:00,1.5254,1.5255,1.5248,1.525,24088.7
2026-09-27 02:35:00,1.525,1.5253,1.5248,1.5248,28369.4
2026-09-27 02:36:00,1.5249,1.525,1.5233,1.5235,97082.3
2026-09-27 02:37:00,1.5235,1.5239,1.5231,1.5234,49316.9
2026-09-27 02:38:00,1.5234,1.5235,1.523,1.5231,89349.5
2026-09-27 02:39:00,1.5231,1.5234,1.5229,1.523,28353.6
2026-09-27 02:40:00,1.523,1.523,1.5224,1.5227,81229.2
2026-09-27 02:41:00,1.5227,1.5231,1.5227,1.5227,31872.2
2026-09-27 02:42:00,1.5227,1.5228,1.5224,1.5228,23138.4
2026-09-27 02:43:00,1.5227,1.5229,1.5223,1.5226,23353.3
2026-09-27 02:44:00,1.5226,1.523,1.5224,1.5229,41514.4
2026-09-27 02:45:00,1.523,1.5236,1.5228,1.5231,27114.5
2026-09-27 02:46:00,1.5232,1.5238,1.523,1.523,23108.5
2026-09-27 02:47:00,1.523,1.5233,1.5225,1.5226,41391.1
2026-09-27 02:48:00,1.5225,1.5227,1.5217,1.5217,40135.9
2026-09-27 02:49:00,1.5218,1.5226,1.5216,1.5225,52419.8
2026-09-27 02:50:00,1.5225,1.5231,1.5222,1.5231,56567.9
2026-09-27 02:51:00,1.5231,1.5237,1.5231,1.5233,34947.7
2026-09-27 02:52:00,1.5232,1.5233,1.5226,1.5228,41537.3
2026-09-27 02:53:00,1.5229,1.5229,1.5222,1.5223,194209.1
2026-09-27 02:54:00,1.5222,1.5222,1.5212,1.5213,52219.8
2026-09-27 02:55:00,1.5213,1.5213,1.5203,1.5204,65365.6
2026-09-27 02:56:00,1.5204,1.5205,1.52,1.5202,72560.9
2026-09-27 02:57:00,1.5202,1.5206,1.5201,1.5205,71487.0
2026-09-27 02:58:00,1.5206,1.5206,1.5198,1.5201,54733.2
2026-09-27 02:59:00,1.52,1.5206,1.5195,1.5203,82796.1
2026-09-27 03:00:00,1.5203,1.5206,1.5202,1.5204,44014.4
2026-09-27 03:01:00,1.5205,1.5206,1.52,1.5202,77190.2
2026-09-27 03:02:00,1.5202,1.5206,1.52,1.5201,68375.3
2026-09-27 03:03:00,1.5201,1.5205,1.52,1.5204,36375.2
2026-09-27 03:04:00,1.5203,1.5204,1.5194,1.5195,70694.3
2026-09-27 03:05:00,1.5195,1.5209,1.5195,1.5205,101923.2
2026-09-27 03:06:00,1.5205,1.5218,1.5203,1.5216,67807.0
2026-09-27 03:07:00,1.5217,1.5218,1.5217,1.5217,36772.0
2026-09-27 03:08:00,1.5218,1.5218,1.5214,1.5215,67071.2
2026-09-27 03:09:00,1.5215,1.5216,1.5202,1.5202,68824.8
2026-09-27 03:10:00,1.5201,1.5201,1.5196,1.5199,56292.3
2026-09-27 03:11:00,1.5198,1.5199,1.519,1.5192,90723.3
2026-09-27 03:12:00,1.5192,1.5196,1.519,1.5196,67168.3
2026-09-27 03:13:00,1.5196,1.5202,1.5196,1.5202,38931.5
2026-09-27 03:14:00,1.5202,1.5211,1.5199,1.5209,83775.9
2026-09-27 03:15:00,1.5209,1.5209,1.5198,1.5199,34972.4
2026-09-27 03:16:00,1.5198,1.5202,1.5193,1.5194,30853.3
2026-09-27 03:17:00,1.5193,1.5202,1.5189,1.52,80446.3
2026-09-27 03:18:00,1.52,1.5206,1.52,1.5201,20232.5
2026-09-27 03:19:00,1.5202,1.5202,1.5188,1.519,46993.7
2026-09-27 03:20:00,1.519,1.5191,1.5172,1.5173,68332.8
2026-09-27 03:21:00,1.5173,1.5175,1.5164,1.5172,68649.2
2026-09-27 03:22:00,1.5171,1.5176,1.5164,1.5165,187824.2
2026-09-27 03:23:00,1.5166,1.5166,1.5162,1.5165,56087.6
2026-09-27 03:24:00,1.5166,1.5167,1.5159,1.5165,262505.6
2026-09-27 03:25:00,1.5165,1.5168,1.5157,1.5162,75950.3
2026-09-27 03:26:00,1.5162,1.5166,1.5159,1.516,80635.4
2026-09-27 03:27:00,1.516,1.5161,1.5155,1.5156,40369.5
2026-09-27 03:28:00,1.5156,1.516,1.5156,1.5159,44807.0
2026-09-27 03:29:00,1.5159,1.516,1.5156,1.516,34091.7
2026-09-27 03:30:00,1.5159,1.517,1.5156,1.5169,33534.1
2026-09-27 03:31:00,1.517,1.517,1.5162,1.5163,44566.3
2026-09-27 03:32:00,1.5163,1.5164,1.5158,1.5164,26829.4
2026-09-27 03:33:00,1.5164,1.5176,1.5163,1.5174,31382.2
2026-09-27 03:34:00,1.5175,1.5175,1.5168,1.517,29528.4
2026-09-27 03:35:00,1.517,1.517,1.5165,1.5166,47057.4
2026-09-27 03:36:00,1.5166,1.5171,1.5161,1.5171,28784.0
2026-09-27 03:37:00,1.5171,1.5181,1.5171,1.5179,131068.9
2026-09-27 03:38:00,1.5179,1.5179,1.5168,1.5172,39644.6
2026-09-27 03:39:00,1.5173,1.5176,1.5172,1.5173,43962.1
2026-09-27 03:40:00,1.5173,1.5179,1.517,1.5172,32213.8
2026-09-27 03:41:00,1.5171,1.5172,1.5169,1.5171,33384.4
2026-09-27 03:42:00,1.517,1.5175,1.516,1.5167,143517.1
2026-09-27 03:43:00,1.5168,1.5171,1.5166,1.5166,33560.2
2026-09-27 03:44:00,1.5166,1.5169,1.5166,1.5167,28118.8
2026-09-27 03:45:00,1.5168,1.5168,1.5159,1.5159,65915.2
2026-09-27 03:46:00,1.516,1.5161,1.5154,1.5155,37813.7
2026-09-27 03:47:00,1.5154,1.5157,1.5152,1.5153,74057.9
2026-09-27 03:48:00,1.5152,1.516,1.5152,1.5153,73702.4
2026-09-27 03:49:00,1.5153,1.5155,1.5152,1.5153,23426.1
2026-09-27 03:50:00,1.5152,1.5154,1.5152,1.5153,7261.5
2026-09-27 03:51:00,1.5153,1.5158,1.5152,1.5154,12195.1
2026-09-27 03:52:00,1.5155,1.5165,1.5154,1.516,36662.8
2026-09-27 03:53:00,1.516,1.5161,1.5158,1.5158,15066.3
2026-09-27 03:54:00,1.5158,1.516,1.5152,1.5152,44266.9
2026-09-27 03:55:00,1.5153,1.5155,1.5152,1.5153,42712.1
2026-09-27 03:56:00,1.5154,1.5154,1.515,1.5151,42999.2
2026-09-27 03:57:00,1.5151,1.5154,1.515,1.5152,105081.1
2026-09-27 03:58:00,1.5153,1.5154,1.5152,1.5154,6600.2
2026-09-27 03:59:00,1.5154,1.5161,1.5154,1.5155,32649.5
2026-09-27 04:00:00,1.5155,1.5159,1.5155,1.5159,38920.3
2026-09-27 04:01:00,1.5158,1.5158,1.514,1.514,143442.0
2026-09-27 04:02:00,1.5141,1.5142,1.5133,1.5137,58858.4
2026-09-27 04:03:00,1.5137,1.5141,1.5133,1.5141,16920.9
2026-09-27 04:04:00,1.5141,1.5154,1.5141,1.5145,13992.5
2026-09-27 04:05:00,1.5144,1.5145,1.5135,1.5139,12848.4
2026-09-27 04:06:00,1.514,1.515,1.5137,1.515,30801.4
2026-09-27 04:07:00,1.5149,1.5169,1.5149,1.5165,37370.1
2026-09-27 04:08:00,1.5165,1.5165,1.5156,1.5157,12499.7
2026-09-27 04:09:00,1.5157,1.5157,1.5148,1.5148,12168.8
2026-09-27 04:10:00,1.5149,1.5158,1.5149,1.5157,14071.8
2026-09-27 04:11:00,1.5158,1.5176,1.5158,1.5176,27151.3
2026-09-27 04:12:00,1.5175,1.5186,1.5175,1.5186,18621.2
2026-09-27 04:13:00,1.5186,1.5186,1.5176,1.5177,16638.8
2026-09-27 04:14:00,1.5176,1.518,1.5173,1.5173,31989.9
2026-09-27 04:15:00,1.5173,1.5179,1.517,1.5179,50087.8
2026-09-27 04:16:00,1.5179,1.518,1.5169,1.517,20312.9
2026-09-27 04:17:00,1.5169,1.5177,1.5167,1.5168,33501.3
2026-09-27 04:18:00,1.5167,1.5167,1.5152,1.5154,35907.5
2026-09-27 04:19:00,1.5155,1.5156,1.5152,1.5152,37667.6
2026-09-27 04:20:00,1.5153,1.5153,1.5144,1.5144,57020.0
2026-09-27 04:21:00,1.5145,1.5164,1.5144,1.5154,164636.6
2026-09-27 04:22:00,1.5155,1.5155,1.5145,1.5145,27569.5
2026-09-27 04:23:00,1.5145,1.5146,1.5138,1.514,61880.2
2026-09-27 04:24:00,1.5141,1.5143,1.5135,1.5138,40083.5
2026-09-27 04:25:00,1.5138,1.515,1.5137,1.5144,60778.2
2026-09-27 04:26:00,1.5145,1.5145,1.5136,1.5138,30223.9
2026-09-27 04:27:00,1.5138,1.5138,1.5134,1.5135,37962.6
2026-09-27 04:28:00,1.5135,1.5136,1.5123,1.5125,77404.7
2026-09-27 04:29:00,1.5125,1.5131,1.51,1.5113,361545.1
2026-09-27 04:30:00,1.5114,1.5114,1.5106,1.5109,91418.0
2026-09-27 04:31:00,1.511,1.511,1.51,1.5104,60695.8
2026-09-27 04:32:00,1.5104,1.511,1.5103,1.5108,46726.9
2026-09-27 04:33:00,1.5108,1.5112,1.51,1.5101,62351.8
2026-09-27 04:34:00,1.5101,1.5107,1.5101,1.5102,90116.4
2026-09-27 04:35:00,1.5102,1.5105,1.51,1.5102,46337.2
2026-09-27 04:36:00,1.5103,1.5104,1.5096,1.5097,158943.5
2026-09-27 04:37:00,1.5097,1.5097,1.5077,1.5077,452400.3
2026-09-27 04:38:00,1.5078,1.5082,1.5077,1.5078,91010.3
2026-09-27 04:39:00,1.5079,1.508,1.5067,1.5071,76605.6
2026-09-27 04:40:00,1.5072,1.5081,1.507,1.5081,71428.5
2026-09-27 04:41:00,1.5081,1.5084,1.5073,1.5074,76168.6
2026-09-27 04:42:00,1.5073,1.508,1.5071,1.5078,78318.6
2026-09-27 04:43:00,1.5078,1.5085,1.5071,1.5073,91119.5
2026-09-27 04:44:00,1.5073,1.5073,1.5065,1.5065,48202.3
2026-09-27 04:45:00,1.5066,1.5074,1.5065,1.5074,37607.9
2026-09-27 04:46:00,1.5074,1.5074,1.506,1.5064,121893.0
2026-09-27 04:47:00,1.5065,1.509,1.5065,1.5085,237073.6
2026-09-27 04:48:00,1.5086,1.5086,1.5082,1.5082,23137.3
2026-09-27 04:49:00,1.5082,1.5083,1.5075,1.5076,29245.5
2026-09-27 04:50:00,1.5075,1.5079,1.5066,1.5067,40228.5
2026-09-27 04:51:00,1.5067,1.5067,1.5063,1.5066,49751.1
2026-09-27 04:52:00,1.5067,1.507,1.5064,1.5065,34122.1
2026-09-27 04:53:00,1.5066,1.5079,1.5066,1.5079,46618.1
2026-09-27 04:54:00,1.5079,1.5079,1.5071,1.5071,41082.2
2026-09-27 04:55:00,1.5071,1.5076,1.507,1.5076,55093.2
2026-09-27 04:56:00,1.5075,1.508,1.5074,1.5079,35934.1
2026-09-27 04:57:00,1.5079,1.508,1.5077,1.5078,42148.2
2026-09-27 04:58:00,1.5078,1.5078,1.5074,1.5075,57959.5
2026-09-27 04:59:00,1.5074,1.5077,1.5071,1.5072,33205.9
2026-09-27 05:00:00,1.5071,1.5075,1.5069,1.5072,72787.1
2026-09-27 05:01:00,1.5071,1.5078,1.507,1.5077,82118.4
2026-09-27 05:02:00,1.5077,1.5096,1.5077,1.5094,70168.7
2026-09-27 05:03:00,1.5093,1.5101,1.5093,1.5098,41595.4
2026-09-27 05:04:00,1.5098,1.5099,1.5095,1.5099,23284.6
2026-09-27 05:05:00,1.5098,1.5113,1.5098,1.5112,38869.2
2026-09-27 05:06:00,1.5112,1.5113,1.511,1.5111,40784.9
2026-09-27 05:07:00,1.5111,1.5134,1.511,1.5134,107363.0
2026-09-27 05:08:00,1.5133,1.514,1.5133,1.5139,72743.4
2026-09-27 05:09:00,1.5139,1.5144,1.5131,1.5133,80065.9
2026-09-27 05:10:00,1.5133,1.5141,1.5133,1.5141,31022.9
2026-09-27 05:11:00,1.5141,1.5143,1.5133,1.5133,27648.3
2026-09-27 05:12:00,1.5132,1.5133,1.5125,1.5127,26328.6
2026-09-27 05:13:00,1.5127,1.5137,1.5127,1.5127,34559.1
2026-09-27 05:14:00,1.5127,1.513,1.5124,1.5129,15908.3
2026-09-27 05:15:00,1.5129,1.5137,1.5127,1.5137,13425.6
2026-09-27 05:16:00,1.5137,1.5141,1.5137,1.514,8990.3
2026-09-27 05:17:00,1.514,1.514,1.5134,1.5137,37113.1
2026-09-27 05:18:00,1.5137,1.5154,1.5137,1.5152,19211.6
2026-09-27 05:19:00,1.5152,1.5152,1.5146,1.5152,34957.0
2026-09-27 05:20:00,1.5151,1.5151,1.5138,1.5142,83264.4
2026-09-27 05:21:00,1.5142,1.5148,1.5142,1.5147,21835.4
2026-09-27 05:22:00,1.5147,1.515,1.5145,1.5146,33267.3
2026-09-27 05:23:00,1.5146,1.5151,1.5145,1.5148,17581.3
2026-09-27 05:24:00,1.5147,1.5151,1.5147,1.5147,18353.2
2026-09-27 05:25:00,1.5148,1.5149,1.5144,1.5145,25628.0
2026-09-27 05:26:00,1.5145,1.5146,1.5134,1.5134,42151.4
2026-09-27 05:27:00,1.5135,1.5139,1.5134,1.5139,8453.0
2026-09-27 05:28:00,1.5138,1.5139,1.5137,1.5137,6363.3
2026-09-27 05:29:00,1.5138,1.5139,1.5133,1.5135,6640.0
2026-09-27 05:30:00,1.5135,1.514,1.5131,1.514,87449.8
2026-09-27 05:31:00,1.5141,1.5142,1.5136,1.5137,55541.1
2026-09-27 05:32:00,1.5136,1.5142,1.5136,1.5141,46664.0
2026-09-27 05:33:00,1.5141,1.5149,1.5141,1.5147,15379.7
2026-09-27 05:34:00,1.5147,1.5153,1.5147,1.5151,34157.6
2026-09-27 05:35:00,1.5151,1.5166,1.5151,1.5166,107307.4
2026-09-27 05:36:00,1.5166,1.5189,1.5163,1.5189,143697.3
2026-09-27 05:37:00,1.5189,1.5221,1.5189,1.5214,292452.1
2026-09-27 05:38:00,1.5215,1.5239,1.5215,1.5239,140320.2
2026-09-27 05:39:00,1.5238,1.524,1.5192,1.5204,260756.3
2026-09-27 05:40:00,1.5203,1.5206,1.5195,1.5196,95122.4
2026-09-27 05:41:00,1.5197,1.52,1.5185,1.5185,85896.4
2026-09-27 05:42:00,1.5185,1.5187,1.5183,1.5185,70106.8
2026-09-27 05:43:00,1.5185,1.5192,1.5185,1.5187,73273.1
2026-09-27 05:44:00,1.5187,1.5195,1.5187,1.5193,44261.1
2026-09-27 05:45:00,1.5194,1.5198,1.5187,1.5189,71970.1
2026-09-27 05:46:00,1.5188,1.5221,1.5188,1.5217,574062.9
2026-09-27 05:47:00,1.5217,1.5224,1.52,1.5202,55690.2
2026-09-27 05:48:00,1.5202,1.5214,1.5196,1.5208,49151.0
2026-09-27 05:49:00,1.5208,1.5214,1.5207,1.5212,46764.7
2026-09-27 05:50:00,1.5213,1.5218,1.5207,1.5208,62060.5
2026-09-27 05:51:00,1.5208,1.5209,1.5203,1.5207,40893.2
2026-09-27 05:52:00,1.5206,1.5208,1.5203,1.5208,30528.6
2026-09-27 05:53:00,1.5208,1.5214,1.5203,1.5204,57164.2
2026-09-27 05:54:00,1.5204,1.5205,1.5201,1.5201,40827.4
2026-09-27 05:55:00,1.5202,1.521,1.5202,1.5206,108779.9
2026-09-27 05:56:00,1.5207,1.5207,1.5202,1.5203,64550.4
2026-09-27 05:57:00,1.5204,1.5204,1.5197,1.52,144658.4
2026-09-27 05:58:00,1.52,1.5201,1.5195,1.5196,51300.7
2026-09-27 05:59:00,1.5196,1.5199,1.519,1.5193,54719.0
2026-09-27 06:00:00,1.5193,1.5197,1.5189,1.5191,58131.7
2026-09-27 06:01:00,1.519,1.5191,1.5179,1.5187,66585.2
2026-09-27 06:02:00,1.5186,1.5198,1.5183,1.5198,102749.5
2026-09-27 06:03:00,1.5197,1.5203,1.5194,1.5199,130725.1
2026-09-27 06:04:00,1.5198,1.5206,1.519,1.5205,117993.0
2026-09-27 06:05:00,1.5205,1.5214,1.5193,1.5194,71247.7
2026-09-27 06:06:00,1.5194,1.5197,1.5192,1.5196,61591.5
2026-09-27 06:07:00,1.5196,1.5219,1.5196,1.5219,97675.9
2026-09-27 06:08:00,1.5219,1.5229,1.5219,1.5221,50821.9
2026-09-27 06:09:00,1.5221,1.5225,1.522,1.5223,71190.7
2026-09-27 06:10:00,1.5223,1.5238,1.5223,1.5231,79866.2
2026-09-27 06:11:00,1.5232,1.5237,1.5222,1.5225,73089.0
2026-09-27 06:12:00,1.5226,1.5237,1.5224,1.5236,93781.7
2026-09-27 06:13:00,1.5237,1.5237,1.5233,1.5234,68571.2
2026-09-27 06:14:00,1.5233,1.525,1.5233,1.525,327676.6
2026-09-27 06:15:00,1.5249,1.5251,1.5237,1.5237,126946.6
2026-09-27 06:16:00,1.5238,1.5242,1.5228,1.523,107321.9
2026-09-27 06:17:00,1.5229,1.5242,1.5226,1.5231,191812.4
2026-09-27 06:18:00,1.5232,1.5244,1.5231,1.5235,96148.0
2026-09-27 06:19:00,1.5235,1.524,1.5232,1.524,80844.2
2026-09-27 06:20:00,1.5239,1.5247,1.5239,1.5246,179502.8
2026-09-27 06:21:00,1.5245,1.5245,1.5221,1.5229,226265.1
2026-09-27 06:22:00,1.5229,1.5231,1.5224,1.523,93538.3
2026-09-27 06:23:00,1.523,1.5236,1.5229,1.5231,77257.6
2026-09-27 06:24:00,1.523,1.5234,1.5228,1.523,72807.7
2026-09-27 06:25:00,1.523,1.5236,1.5229,1.523,48242.6
2026-09-27 06:26:00,1.5229,1.5249,1.5227,1.5248,68868.8
2026-09-27 06:27:00,1.5248,1.5252,1.5246,1.5247,111978.5
2026-09-27 06:28:00,1.5246,1.5251,1.5243,1.5243,103862.1
2026-09-27 06:29:00,1.5244,1.5244,1.5231,1.5232,88317.0
2026-09-27 06:30:00,1.5231,1.5233,1.5225,1.5229,86714.1
2026-09-27 06:31:00,1.5229,1.5232,1.522,1.5228,120339.8
2026-09-27 06:32:00,1.5228,1.5228,1.5207,1.5209,120947.2
2026-09-27 06:33:00,1.5209,1.5209,1.5191,1.5191,239939.9
2026-09-27 06:34:00,1.5192,1.5203,1.5191,1.5202,79976.7
2026-09-27 06:35:00,1.5202,1.5218,1.52,1.5214,241527.9
2026-09-27 06:36:00,1.5213,1.5215,1.5207,1.5215,109251.6
2026-09-27 06:37:00,1.5214,1.5224,1.5212,1.5222,97986.7
2026-09-27 06:38:00,1.5223,1.523,1.5218,1.5222,131439.5
2026-09-27 06:39:00,1.5222,1.5222,1.521,1.5211,103776.5
2026-09-27 06:40:00,1.5211,1.522,1.521,1.5218,51369.4
2026-09-27 06:41:00,1.5219,1.5225,1.5213,1.5216,103968.4
2026-09-27 06:42:00,1.5217,1.5217,1.5207,1.5209,61785.6
2026-09-27 06:43:00,1.5208,1.5211,1.5205,1.5209,53774.5
2026-09-27 06:44:00,1.5208,1.5214,1.5205,1.5213,108155.4
2026-09-27 06:45:00,1.5214,1.5216,1.5213,1.5216,28178.7
2026-09-27 06:46:00,1.5215,1.5226,1.5213,1.5221,55983.7
2026-09-27 06:47:00,1.5221,1.5227,1.522,1.522,59482.1
2026-09-27 06:48:00,1.522,1.5224,1.5215,1.522,50006.0
2026-09-27 06:49:00,1.522,1.5227,1.522,1.5223,43819.7
2026-09-27 06:50:00,1.5223,1.5223,1.5212,1.5213,58305.0
2026-09-27 06:51:00,1.5213,1.5216,1.5209,1.5216,68612.5
2026-09-27 06:52:00,1.5217,1.5221,1.5215,1.5218,37711.7
2026-09-27 06:53:00,1.5218,1.5221,1.5216,1.5218,36598.7
2026-09-27 06:54:00,1.5217,1.5219,1.5211,1.5214,29331.9
2026-09-27 06:55:00,1.5214,1.5217,1.5206,1.5212,53942.2
2026-09-27 06:56:00,1.5212,1.5213,1.5209,1.5212,49516.2
2026-09-27 06:57:00,1.5211,1.5211,1.52,1.5209,50183.8
2026-09-27 06:58:00,1.521,1.5213,1.5208,1.5212,37980.5
2026-09-27 06:59:00,1.5212,1.5222,1.5211,1.5214,89679.9
2026-09-27 07:00:00,1.5214,1.5225,1.5213,1.5225,55248.9
2026-09-27 07:01:00,1.5225,1.5227,1.5221,1.5222,59508.6
2026-09-27 07:02:00,1.5222,1.5232,1.522,1.5232,45394.3
2026-09-27 07:03:00,1.5232,1.5237,1.5227,1.5236,58644.3
2026-09-27 07:04:00,1.5235,1.5236,1.5225,1.5228,47712.3
2026-09-27 07:05:00,1.5228,1.5229,1.5221,1.5222,24207.6
2026-09-27 07:06:00,1.5221,1.5221,1.52,1.5201,32430.7
2026-09-27 07:07:00,1.5201,1.5211,1.5201,1.5208,28720.3
2026-09-27 07:08:00,1.5209,1.5215,1.5208,1.5215,32791.4
2026-09-27 07:09:00,1.5215,1.5226,1.5215,1.5217,42593.3
2026-09-27 07:10:00,1.5217,1.523,1.5217,1.5222,62097.4
2026-09-27 07:11:00,1.5222,1.5235,1.5222,1.5229,63359.4
2026-09-27 07:12:00,1.5229,1.5236,1.5222,1.523,107925.8
2026-09-27 07:13:00,1.5231,1.5231,1.5225,1.5225,21917.5
2026-09-27 07:14:00,1.5226,1.5229,1.5225,1.5229,25198.9
2026-09-27 07:15:00,1.523,1.5235,1.5229,1.523,39131.1
2026-09-27 07:16:00,1.5231,1.5238,1.5228,1.5236,61258.8
2026-09-27 07:17:00,1.5235,1.524,1.5217,1.5219,136750.2
2026-09-27 07:18:00,1.5219,1.5226,1.5218,1.522,29953.3
2026-09-27 07:19:00,1.522,1.5224,1.5214,1.5223,22141.1
2026-09-27 07:20:00,1.5224,1.5232,1.5224,1.5231,54344.9
2026-09-27 07:21:00,1.5232,1.5237,1.5229,1.5237,33738.4
2026-09-27 07:22:00,1.5237,1.5238,1.5232,1.5234,25331.2
2026-09-27 07:23:00,1.5233,1.5245,1.5233,1.5243,92776.1
2026-09-27 07:24:00,1.5243,1.525,1.5238,1.525,52412.7
2026-09-27 07:25:00,1.525,1.5258,1.5249,1.5258,87767.6
2026-09-27 07:26:00,1.5257,1.5262,1.5253,1.5253,35976.9
2026-09-27 07:27:00,1.5253,1.5254,1.5252,1.5253,24611.2
2026-09-27 07:28:00,1.5253,1.5265,1.5252,1.5264,41704.4
2026-09-27 07:29:00,1.5265,1.5265,1.5254,1.5263,88489.1
2026-09-27 07:30:00,1.5263,1.5263,1.5256,1.5256,65803.3
2026-09-27 07:31:00,1.5257,1.5262,1.5256,1.5258,10961.0
2026-09-27 07:32:00,1.5258,1.5269,1.5257,1.5267,32800.2
2026-09-27 07:33:00,1.5267,1.5282,1.5267,1.5275,100113.5
2026-09-27 07:34:00,1.5274,1.5287,1.5274,1.5285,90542.9
2026-09-27 07:35:00,1.5284,1.5293,1.5278,1.5279,61369.0
2026-09-27 07:36:00,1.5279,1.5285,1.5275,1.5282,99777.8
2026-09-27 07:37:00,1.5282,1.5283,1.527,1.5279,385216.5
2026-09-27 07:38:00,1.528,1.5299,1.528,1.5299,69094.7
2026-09-27 07:39:00,1.5298,1.5309,1.5298,1.5302,122912.4
2026-09-27 07:40:00,1.5303,1.531,1.5294,1.5308,69297.3
2026-09-27 07:41:00,1.5308,1.532,1.5303,1.5304,186231.7
2026-09-27 07:42:00,1.5304,1.5313,1.5302,1.5311,141323.6
2026-09-27 07:43:00,1.531,1.5321,1.5304,1.5319,95863.7
2026-09-27 07:44:00,1.5319,1.5327,1.5315,1.5323,146236.9
2026-09-27 07:45:00,1.5322,1.5326,1.5315,1.5316,173569.6
2026-09-27 07:46:00,1.5315,1.533,1.5315,1.5326,176368.8
2026-09-27 07:47:00,1.5326,1.5332,1.5325,1.5329,113016.6
2026-09-27 07:48:00,1.5328,1.5339,1.5328,1.5339,85210.5
2026-09-27 07:49:00,1.5338,1.5348,1.5329,1.5346,468494.1
2026-09-27 07:50:00,1.5346,1.5356,1.5338,1.5355,265839.4
2026-09-27 07:51:00,1.5354,1.5357,1.5348,1.535,213085.3
2026-09-27 07:52:00,1.5349,1.5357,1.5346,1.5347,66739.6
2026-09-27 07:53:00,1.5347,1.5351,1.5336,1.5338,194440.8
2026-09-27 07:54:00,1.5338,1.5346,1.5335,1.5337,130374.7
2026-09-27 07:55:00,1.5336,1.5344,1.5334,1.5341,72080.9
2026-09-27 07:56:00,1.5341,1.5366,1.5338,1.5354,130750.5
2026-09-27 07:57:00,1.5353,1.5371,1.535,1.537,117914.2
2026-09-27 07:58:00,1.537,1.5377,1.5366,1.5375,106635.0
2026-09-27 07:59:00,1.5375,1.5398,1.537,1.5389,149917.2
2026-09-27 08:00:00,1.5388,1.5396,1.5376,1.5379,375278.7
2026-09-27 08:01:00,1.5379,1.5397,1.5379,1.5392,280844.8
2026-09-27 08:02:00,1.5392,1.5399,1.5377,1.5393,324258.2
2026-09-27 08:03:00,1.5393,1.5393,1.5375,1.5377,289615.5
2026-09-27 08:04:00,1.5376,1.5388,1.5376,1.5385,89028.5
2026-09-27 08:05:00,1.5384,1.5394,1.5384,1.5393,114882.6
2026-09-27 08:06:00,1.5393,1.5408,1.5392,1.5405,332934.3
2026-09-27 08:07:00,1.5404,1.541,1.5404,1.541,163028.7
2026-09-27 08:08:00,1.5411,1.5428,1.5405,1.5406,153933.4
2026-09-27 08:09:00,1.5406,1.5406,1.5396,1.5399,160686.2
2026-09-27 08:10:00,1.5399,1.5403,1.539,1.5392,222958.3
2026-09-27 08:11:00,1.5392,1.5399,1.5387,1.5398,80785.6
2026-09-27 08:12:00,1.5398,1.5399,1.5361,1.5365,361381.9
2026-09-27 08:13:00,1.5365,1.5374,1.5363,1.5373,71674.9
2026-09-27 08:14:00,1.5373,1.5382,1.5371,1.5381,55014.8
2026-09-27 08:15:00,1.5381,1.54,1.5378,1.5395,90449.8
2026-09-27 08:16:00,1.5395,1.542,1.5394,1.541,204764.0
2026-09-27 08:17:00,1.5409,1.5419,1.5408,1.5411,92756.9
2026-09-27 08:18:00,1.541,1.541,1.5379,1.5389,171171.3
2026-09-27 08:19:00,1.5389,1.5391,1.5374,1.5375,63937.2
2026-09-27 08:20:00,1.5375,1.5388,1.5367,1.5387,113433.2
2026-09-27 08:21:00,1.5387,1.5397,1.5385,1.5385,49766.0
2026-09-27 08:22:00,1.5385,1.5385,1.5365,1.537,45979.0
2026-09-27 08:23:00,1.5369,1.537,1.536,1.5364,77544.3
2026-09-27 08:24:00,1.5364,1.5367,1.5355,1.5362,131961.2
2026-09-27 08:25:00,1.5363,1.5375,1.5351,1.5375,66076.3
2026-09-27 08:26:00,1.5374,1.5379,1.5367,1.5377,39419.5
2026-09-27 08:27:00,1.5377,1.5379,1.5367,1.5371,21380.5
2026-09-27 08:28:00,1.5371,1.538,1.5371,1.538,24082.7
2026-09-27 08:29:00,1.538,1.5389,1.5379,1.5388,42733.2
2026-09-27 08:30:00,1.5389,1.5392,1.5376,1.5376,37419.4
2026-09-27 08:31:00,1.5377,1.54,1.5377,1.5396,71980.7
2026-09-27 08:32:00,1.5397,1.5417,1.5397,1.5414,213221.8
2026-09-27 08:33:00,1.5415,1.5424,1.5415,1.5422,119023.8
2026-09-27 08:34:00,1.5421,1.5421,1.5402,1.5407,103996.2
2026-09-27 08:35:00,1.5406,1.5406,1.5381,1.5384,116927.9
2026-09-27 08:36:00,1.5384,1.5394,1.5383,1.539,61460.6
2026-09-27 08:37:00,1.539,1.5399,1.5386,1.539,36627.3
2026-09-27 08:38:00,1.539,1.539,1.5378,1.5379,37511.4
2026-09-27 08:39:00,1.5378,1.5383,1.5373,1.5375,86158.4
2026-09-27 08:40:00,1.5375,1.5376,1.5368,1.5369,79696.0
2026-09-27 08:41:00,1.5369,1.537,1.5364,1.537,50631.5
2026-09-27 08:42:00,1.537,1.537,1.5361,1.5365,22089.7
2026-09-27 08:43:00,1.5365,1.5379,1.5365,1.5366,97732.8
2026-09-27 08:44:00,1.5366,1.5375,1.5361,1.5372,68445.4
2026-09-27 08:45:00,1.5372,1.5372,1.5363,1.5363,30457.0
2026-09-27 08:46:00,1.5364,1.5366,1.5359,1.5361,44634.2
2026-09-27 08:47:00,1.5361,1.5363,1.5347,1.5359,42469.6
2026-09-27 08:48:00,1.5359,1.5374,1.5359,1.5371,107515.3
2026-09-27 08:49:00,1.537,1.5372,1.5365,1.5371,111184.7
2026-09-27 08:50:00,1.5372,1.5372,1.5364,1.5364,28345.0
2026-09-27 08:51:00,1.5365,1.537,1.5364,1.537,41843.8
2026-09-27 08:52:00,1.537,1.5379,1.5369,1.5375,59228.4
2026-09-27 08:53:00,1.5375,1.5379,1.5373,1.5373,20690.6
2026-09-27 08:54:00,1.5372,1.5378,1.5367,1.5374,74507.7
2026-09-27 08:55:00,1.5374,1.5375,1.5367,1.5373,17197.3
2026-09-27 08:56:00,1.5372,1.5372,1.5351,1.5352,139142.8
2026-09-27 08:57:00,1.5353,1.5353,1.5341,1.5351,75987.5
2026-09-27 08:58:00,1.5352,1.5357,1.5347,1.5349,108416.3
2026-09-27 08:59:00,1.5348,1.5351,1.5347,1.5347,25735.7
2026-09-27 09:00:00,1.5348,1.535,1.5333,1.5344,69579.5
2026-09-27 09:01:00,1.5343,1.5344,1.5331,1.5332,45091.8
2026-09-27 09:02:00,1.5331,1.5335,1.5328,1.5328,16761.1
2026-09-27 09:03:00,1.5329,1.533,1.5325,1.5325,39807.2
2026-09-27 09:04:00,1.5326,1.5326,1.5322,1.5324,55819.3
2026-09-27 09:05:00,1.5324,1.5324,1.5314,1.5314,84444.6
2026-09-27 09:06:00,1.5313,1.5313,1.5302,1.5303,66089.1
2026-09-27 09:07:00,1.5303,1.5306,1.5302,1.5303,49632.1
2026-09-27 09:08:00,1.5303,1.5304,1.5291,1.5291,353430.3
2026-09-27 09:09:00,1.5291,1.5291,1.528,1.528,76499.5
2026-09-27 09:10:00,1.528,1.5282,1.5272,1.5277,291657.8
2026-09-27 09:11:00,1.5277,1.5291,1.527,1.529,65559.0
2026-09-27 09:12:00,1.529,1.5313,1.5287,1.5308,245350.6
2026-09-27 09:13:00,1.5307,1.5311,1.53,1.5309,28133.2
2026-09-27 09:14:00,1.5308,1.5309,1.5298,1.53,28265.1
2026-09-27 09:15:00,1.5299,1.53,1.5294,1.5295,28419.6
2026-09-27 09:16:00,1.5295,1.5297,1.5282,1.5283,86524.0
2026-09-27 09:17:00,1.5283,1.5291,1.5274,1.5287,90962.3
2026-09-27 09:18:00,1.5286,1.5294,1.5283,1.5286,58031.2
2026-09-27 09:19:00,1.5286,1.5289,1.5277,1.528,15991.9
2026-09-27 09:20:00,1.528,1.5287,1.5277,1.5286,21960.7
2026-09-27 09:21:00,1.5286,1.5287,1.5281,1.5284,42938.0
2026-09-27 09:22:00,1.5284,1.53,1.5284,1.53,57673.1
2026-09-27 09:23:00,1.5299,1.5304,1.5293,1.5303,90874.0
2026-09-27 09:24:00,1.5303,1.5306,1.5294,1.5296,25013.9
2026-09-27 09:25:00,1.5296,1.531,1.5296,1.5309,19766.2
2026-09-27 09:26:00,1.5309,1.531,1.5306,1.531,28827.7
2026-09-27 09:27:00,1.531,1.531,1.5294,1.5294,29047.5
2026-09-27 09:28:00,1.5295,1.5309,1.5293,1.5306,42349.9
2026-09-27 09:29:00,1.5307,1.531,1.5305,1.5306,4921.1
2026-09-27 09:30:00,1.5305,1.531,1.5305,1.5309,17931.8
2026-09-27 09:31:00,1.5309,1.5318,1.5309,1.5315,55979.0
2026-09-27 09:32:00,1.5315,1.5328,1.5313,1.5323,31837.9
2026-09-27 09:33:00,1.5323,1.5335,1.5322,1.5333,24071.8
2026-09-27 09:34:00,1.5334,1.5334,1.5324,1.533,22817.2
2026-09-27 09:35:00,1.5331,1.5331,1.531,1.5316,68889.3
2026-09-27 09:36:00,1.5317,1.5327,1.5317,1.5324,12353.8
2026-09-27 09:37:00,1.5323,1.5334,1.5323,1.533,71962.3
2026-09-27 09:38:00,1.5331,1.5346,1.5329,1.5345,42970.9
2026-09-27 09:39:00,1.5344,1.535,1.5344,1.5348,12886.2
2026-09-27 09:40:00,1.5349,1.5351,1.5349,1.5351,5547.6
2026-09-27 09:41:00,1.535,1.5359,1.5347,1.5358,142280.8
2026-09-27 09:42:00,1.5358,1.5365,1.5355,1.5358,28313.4
2026-09-27 09:43:00,1.5358,1.5361,1.5357,1.5361,19181.9
2026-09-27 09:44:00,1.5361,1.5361,1.5355,1.5356,40422.6
2026-09-27 09:45:00,1.5357,1.5373,1.5357,1.5372,56953.6
2026-09-27 09:46:00,1.5372,1.538,1.5363,1.5371,197313.1
2026-09-27 09:47:00,1.5371,1.5372,1.5364,1.5366,90079.3
2026-09-27 09:48:00,1.5366,1.5388,1.5366,1.5378,107774.0
2026-09-27 09:49:00,1.5379,1.5381,1.5369,1.5376,27908.3
2026-09-27 09:50:00,1.5377,1.5377,1.5371,1.5377,33198.7
2026-09-27 09:51:00,1.5378,1.5384,1.5371,1.5375,105513.6
2026-09-27 09:52:00,1.5375,1.5381,1.5375,1.5381,24702.8
2026-09-27 09:53:00,1.538,1.538,1.5375,1.5375,229989.4
2026-09-27 09:54:00,1.5375,1.5376,1.5368,1.5369,74980.3
2026-09-27 09:55:00,1.537,1.537,1.5366,1.5367,17989.0
2026-09-27 09:56:00,1.5367,1.5386,1.5367,1.5376,123889.2
2026-09-27 09:57:00,1.5376,1.5377,1.5372,1.5372,9084.9
2026-09-27 09:58:00,1.5372,1.5391,1.5372,1.5388,71199.7
2026-09-27 09:59:00,1.5387,1.5388,1.5383,1.5387,50622.3
2026-09-27 10:00:00,1.5387,1.5389,1.5384,1.5389,232138.0
2026-09-27 10:01:00,1.5388,1.5393,1.5385,1.5393,251542.6
2026-09-27 10:02:00,1.5392,1.5401,1.539,1.5401,276721.2
2026-09-27 10:03:00,1.5401,1.5401,1.5377,1.5378,1634181.0
2026-09-27 10:04:00,1.5377,1.538,1.5372,1.5379,24047.0
2026-09-27 10:05:00,1.5379,1.5383,1.5371,1.5374,32813.0
2026-09-27 10:06:00,1.5375,1.5375,1.5368,1.5373,52526.2
2026-09-27 10:07:00,1.5374,1.5392,1.5373,1.5391,100747.9
2026-09-27 10:08:00,1.5392,1.5397,1.5391,1.5396,34060.9
2026-09-27 10:09:00,1.5396,1.54,1.5394,1.5399,47404.3
2026-09-27 10:10:00,1.54,1.5404,1.5397,1.5402,51724.9
2026-09-27 10:11:00,1.5403,1.5408,1.5396,1.5408,175633.5
2026-09-27 10:12:00,1.5408,1.5415,1.5397,1.5399,158756.7
2026-09-27 10:13:00,1.5399,1.5417,1.5399,1.5417,137090.8
2026-09-27 10:14:00,1.5416,1.5417,1.5409,1.5415,43081.8
2026-09-27 10:15:00,1.5414,1.5426,1.541,1.5413,248887.2
2026-09-27 10:16:00,1.5413,1.543,1.5413,1.5426,85223.2
2026-09-27 10:17:00,1.5425,1.5426,1.5414,1.5417,521929.9
2026-09-27 10:18:00,1.5418,1.5423,1.5408,1.5409,60424.5
2026-09-27 10:19:00,1.5408,1.5409,1.54,1.5409,76523.2
2026-09-27 10:20:00,1.5409,1.541,1.5396,1.5403,62645.1
2026-09-27 10:21:00,1.5403,1.5407,1.5399,1.5406,83133.5
2026-09-27 10:22:00,1.5406,1.5412,1.54,1.5404,40592.1
2026-09-27 10:23:00,1.5404,1.5411,1.5401,1.5401,22693.8
2026-09-27 10:24:00,1.5401,1.5408,1.54,1.54,20552.5
2026-09-27 10:25:00,1.54,1.54,1.5389,1.539,47059.3
2026-09-27 10:26:00,1.539,1.539,1.5378,1.5387,187211.4
2026-09-27 10:27:00,1.5388,1.5402,1.5385,1.539,122815.2
2026-09-27 10:28:00,1.5389,1.5395,1.5389,1.5393,39209.2
2026-09-27 10:29:00,1.5394,1.5394,1.5388,1.5391,33990.4
2026-09-27 10:30:00,1.5391,1.5391,1.5384,1.5385,14882.6
2026-09-27 10:31:00,1.5385,1.5397,1.5384,1.5397,31031.6
2026-09-27 10:32:00,1.5397,1.5406,1.5397,1.5403,38102.6
2026-09-27 10:33:00,1.5402,1.5403,1.5399,1.5401,12216.9
2026-09-27 10:34:00,1.5402,1.5406,1.54,1.5405,32878.9
2026-09-27 10:35:00,1.5405,1.5411,1.5398,1.54,88959.6
2026-09-27 10:36:00,1.5401,1.5401,1.539,1.5391,29241.2
2026-09-27 10:37:00,1.539,1.5391,1.5383,1.5387,27748.8
2026-09-27 10:38:00,1.5387,1.5388,1.5384,1.5388,13106.3
2026-09-27 10:39:00,1.5388,1.5388,1.538,1.5381,35795.5
2026-09-27 10:40:00,1.5382,1.5385,1.5378,1.5379,19231.1
2026-09-27 10:41:00,1.5379,1.5383,1.5371,1.5372,23164.2
2026-09-27 10:42:00,1.5372,1.5376,1.5366,1.5371,64127.5
2026-09-27 10:43:00,1.5371,1.5372,1.537,1.537,38159.0
2026-09-27 10:44:00,1.5369,1.5369,1.5364,1.5364,5361.3
2026-09-27 10:45:00,1.5364,1.5368,1.5364,1.5366,24410.8
2026-09-27 10:46:00,1.5367,1.5367,1.5365,1.5366,8594.5
2026-09-27 10:47:00,1.5366,1.5372,1.5366,1.5371,27394.5
2026-09-27 10:48:00,1.5372,1.5373,1.5371,1.5372,11899.6
2026-09-27 10:49:00,1.5372,1.5392,1.5372,1.5385,103716.4
2026-09-27 10:50:00,1.5385,1.5386,1.5365,1.5366,31906.4
2026-09-27 10:51:00,1.5365,1.5366,1.536,1.5363,32494.5
2026-09-27 10:52:00,1.5363,1.5364,1.5354,1.5357,15589.2
2026-09-27 10:53:00,1.5358,1.5358,1.5357,1.5357,30528.7
2026-09-27 10:54:00,1.5357,1.5358,1.5356,1.5356,18365.6
2026-09-27 10:55:00,1.5357,1.5359,1.5356,1.5358,28603.9
2026-09-27 10:56:00,1.5358,1.5392,1.5357,1.5384,279384.7
2026-09-27 10:57:00,1.5384,1.5402,1.5378,1.5378,124340.8
2026-09-27 10:58:00,1.5379,1.5383,1.5371,1.5381,64214.8
2026-09-27 10:59:00,1.538,1.5387,1.5376,1.5383,23604.1
2026-09-27 11:00:00,1.5383,1.5384,1.5368,1.5369,102959.1
2026-09-27 11:01:00,1.5369,1.5378,1.5368,1.5375,15991.5
2026-09-27 11:02:00,1.5376,1.5376,1.5364,1.5365,14198.0
2026-09-27 11:03:00,1.5364,1.5364,1.5355,1.5355,10955.0
2026-09-27 11:04:00,1.5355,1.5355,1.5346,1.5353,46031.0
2026-09-27 11:05:00,1.5354,1.5376,1.5354,1.5372,18758.0
2026-09-27 11:06:00,1.5372,1.5373,1.5364,1.5369,37173.4
2026-09-27 11:07:00,1.5369,1.5369,1.5359,1.5361,22780.2
2026-09-27 11:08:00,1.5362,1.5366,1.5357,1.5365,17097.0
2026-09-27 11:09:00,1.5366,1.5371,1.5365,1.5371,9506.8
2026-09-27 11:10:00,1.537,1.5382,1.5367,1.537,31991.8
2026-09-27 11:11:00,1.537,1.537,1.5361,1.5362,21682.9
2026-09-27 11:12:00,1.5361,1.5371,1.5361,1.5371,30969.5
2026-09-27 11:13:00,1.5371,1.5371,1.5354,1.5354,23789.0
2026-09-27 11:14:00,1.5354,1.5355,1.535,1.535,21117.8
2026-09-27 11:15:00,1.5351,1.5359,1.5346,1.5353,71915.9
2026-09-27 11:16:00,1.5352,1.5355,1.5348,1.535,5735.1
2026-09-27 11:17:00,1.535,1.535,1.5338,1.5341,51491.3
2026-09-27 11:18:00,1.534,1.5347,1.5338,1.534,110760.9
2026-09-27 11:19:00,1.5339,1.5346,1.5339,1.5345,6693.8
2026-09-27 11:20:00,1.5345,1.5346,1.5331,1.5332,120323.1
2026-09-27 11:21:00,1.5333,1.5345,1.5332,1.5335,92206.4
2026-09-27 11:22:00,1.5335,1.5353,1.5335,1.5351,42577.0
2026-09-27 11:23:00,1.5352,1.5352,1.5347,1.5348,6642.9
2026-09-27 11:24:00,1.5347,1.5353,1.5344,1.5353,36234.8
2026-09-27 11:25:00,1.5352,1.5361,1.5352,1.5356,9849.1
2026-09-27 11:26:00,1.5356,1.5378,1.5355,1.5376,20730.1
2026-09-27 11:27:00,1.5377,1.5383,1.5377,1.5383,50632.1
2026-09-27 11:28:00,1.5383,1.5383,1.5366,1.5367,104910.5
2026-09-27 11:29:00,1.5366,1.5369,1.5362,1.5363,28261.7
2026-09-27 11:30:00,1.5362,1.5365,1.5361,1.5362,41763.2
2026-09-27 11:31:00,1.5362,1.5372,1.5362,1.537,22960.3
2026-09-27 11:32:00,1.537,1.5374,1.5366,1.537,33504.7
2026-09-27 11:33:00,1.5369,1.5371,1.5358,1.5359,8480.6
2026-09-27 11:34:00,1.5358,1.5359,1.5347,1.5348,20429.4
2026-09-27 11:35:00,1.5348,1.5361,1.5346,1.5355,126306.3
2026-09-27 11:36:00,1.5354,1.5358,1.5352,1.5358,27313.6
2026-09-27 11:37:00,1.5357,1.5359,1.5354,1.5359,13538.1
2026-09-27 11:38:00,1.536,1.5362,1.5349,1.535,120072.1
2026-09-27 11:39:00,1.535,1.535,1.5344,1.5345,21599.4
2026-09-27 11:40:00,1.5345,1.5351,1.5342,1.5346,30933.0
2026-09-27 11:41:00,1.5347,1.535,1.5346,1.5347,10802.8
2026-09-27 11:42:00,1.5348,1.5348,1.5345,1.5348,24649.6
2026-09-27 11:43:00,1.5348,1.535,1.5348,1.535,7196.5
2026-09-27 11:44:00,1.535,1.5364,1.5349,1.5358,73760.0
2026-09-27 11:45:00,1.5358,1.5359,1.5349,1.535,27860.9
2026-09-27 11:46:00,1.5349,1.5351,1.5346,1.5349,21507.9
2026-09-27 11:47:00,1.535,1.535,1.5338,1.5339,38108.3
2026-09-27 11:48:00,1.5338,1.5341,1.5338,1.534,17002.0
2026-09-27 11:49:00,1.534,1.5346,1.534,1.5342,30127.5
2026-09-27 11:50:00,1.5342,1.5351,1.5338,1.535,117932.9
2026-09-27 11:51:00,1.535,1.5356,1.5349,1.5355,42082.1
2026-09-27 11:52:00,1.5355,1.5383,1.5355,1.5372,147063.2
2026-09-27 11:53:00,1.5372,1.5374,1.5371,1.5371,33147.9
2026-09-27 11:54:00,1.5371,1.5382,1.537,1.5381,49087.3
2026-09-27 11:55:00,1.5382,1.539,1.5381,1.5389,14507.2
2026-09-27 11:56:00,1.5389,1.5394,1.5387,1.5392,61515.0
2026-09-27 11:57:00,1.5391,1.54,1.539,1.54,88094.1
2026-09-27 11:58:00,1.54,1.5403,1.5378,1.5383,136772.8
2026-09-27 11:59:00,1.5383,1.5386,1.5378,1.538,10378.0
2026-09-27 12:00:00,1.538,1.5394,1.5379,1.5379,11059.6
2026-09-27 12:01:00,1.538,1.5396,1.538,1.5391,14000.2
2026-09-27 12:02:00,1.5391,1.5404,1.539,1.5398,38490.0
2026-09-27 12:03:00,1.5398,1.5398,1.5387,1.5387,103067.2
2026-09-27 12:04:00,1.5387,1.5399,1.5387,1.5399,12300.9
2026-09-27 12:05:00,1.5398,1.5409,1.5395,1.5408,51294.2
2026-09-27 12:06:00,1.5408,1.5414,1.5402,1.5413,80902.4
2026-09-27 12:07:00,1.5414,1.5417,1.54,1.54,57723.1
2026-09-27 12:08:00,1.5399,1.5407,1.5399,1.5401,29629.5
2026-09-27 12:09:00,1.54,1.5411,1.5398,1.5411,26554.2
2026-09-27 12:10:00,1.541,1.541,1.5404,1.5405,9104.3
2026-09-27 12:11:00,1.5404,1.5406,1.5398,1.5399,29925.3
2026-09-27 12:12:00,1.5398,1.5409,1.5398,1.5407,62643.2
2026-09-27 12:13:00,1.5406,1.5409,1.5404,1.5408,40362.1
2026-09-27 12:14:00,1.5408,1.5419,1.5407,1.5416,38685.8
2026-09-27 12:15:00,1.5416,1.5416,1.5412,1.5414,27535.0
2026-09-27 12:16:00,1.5414,1.542,1.5414,1.5417,70151.6
2026-09-27 12:17:00,1.5417,1.5424,1.5415,1.542,100137.9
2026-09-27 12:18:00,1.542,1.542,1.5408,1.5409,133950.5
2026-09-27 12:19:00,1.5408,1.541,1.5408,1.5409,19183.1
2026-09-27 12:20:00,1.5409,1.5414,1.5408,1.5408,17678.0
2026-09-27 12:21:00,1.5409,1.5418,1.5406,1.5406,61414.0
2026-09-27 12:22:00,1.5406,1.5414,1.5405,1.5413,40384.5
2026-09-27 12:23:00,1.5414,1.5415,1.5407,1.5408,24375.8
2026-09-27 12:24:00,1.5408,1.5408,1.5401,1.5408,38488.6
2026-09-27 12:25:00,1.5407,1.5408,1.5392,1.5396,38325.2
2026-09-27 12:26:00,1.5395,1.5405,1.5395,1.5403,54660.7
2026-09-27 12:27:00,1.5403,1.5404,1.5397,1.5398,6605.0
2026-09-27 12:28:00,1.5397,1.5398,1.5396,1.5397,8486.9
2026-09-27 12:29:00,1.5397,1.5402,1.5396,1.5399,52314.1
2026-09-27 12:30:00,1.5399,1.5399,1.5387,1.539,68474.9
2026-09-27 12:31:00,1.5391,1.5402,1.5391,1.5395,55861.4
2026-09-27 12:32:00,1.5395,1.5402,1.5394,1.5401,27859.8
2026-09-27 12:33:00,1.5401,1.5408,1.54,1.5404,24452.3
2026-09-27 12:34:00,1.5404,1.5414,1.5404,1.5414,35664.8
2026-09-27 12:35:00,1.5414,1.5421,1.5414,1.5417,129489.0
2026-09-27 12:36:00,1.5417,1.5429,1.5415,1.5428,502916.9
2026-09-27 12:37:00,1.5427,1.544,1.5414,1.5415,171752.4
2026-09-27 12:38:00,1.5415,1.5426,1.5414,1.5418,56118.1
2026-09-27 12:39:00,1.5419,1.5433,1.5419,1.5429,79454.9
2026-09-27 12:40:00,1.5429,1.5429,1.5419,1.5425,80922.4
2026-09-27 12:41:00,1.5425,1.5445,1.5425,1.544,58787.9
2026-09-27 12:42:00,1.5439,1.5444,1.5438,1.5439,81669.6
2026-09-27 12:43:00,1.5439,1.5446,1.5436,1.5439,80400.2
2026-09-27 12:44:00,1.5439,1.5439,1.5436,1.5438,17749.2
2026-09-27 12:45:00,1.5439,1.546,1.5437,1.5453,215323.4
2026-09-27 12:46:00,1.5453,1.5464,1.5435,1.5435,198313.0
2026-09-27 12:47:00,1.5435,1.5444,1.5433,1.5437,39278.6
2026-09-27 12:48:00,1.5437,1.5437,1.5424,1.5434,76783.6
2026-09-27 12:49:00,1.5434,1.5434,1.5424,1.5425,13971.2
2026-09-27 12:50:00,1.5424,1.5427,1.5421,1.5426,40555.1
2026-09-27 12:51:00,1.5425,1.5425,1.5413,1.5413,15079.9
2026-09-27 12:52:00,1.5412,1.5414,1.5409,1.541,42114.7
2026-09-27 12:53:00,1.5411,1.5411,1.5401,1.5404,89477.1
2026-09-27 12:54:00,1.5405,1.5411,1.54,1.54,58371.8
2026-09-27 12:55:00,1.54,1.54,1.5393,1.5394,30030.1
2026-09-27 12:56:00,1.5393,1.5393,1.5371,1.5373,200052.9
2026-09-27 12:57:00,1.5374,1.5379,1.5373,1.5378,28141.7
2026-09-27 12:58:00,1.5378,1.5379,1.5362,1.5365,34912.5
2026-09-27 12:59:00,1.5365,1.5366,1.5352,1.5352,29448.2
2026-09-27 13:00:00,1.5352,1.5353,1.522,1.5288,1617454.3
2026-09-27 13:01:00,1.5287,1.5291,1.5223,1.5281,542273.9
2026-09-27 13:02:00,1.528,1.5307,1.5254,1.5304,152029.6
2026-09-27 13:03:00,1.5304,1.5313,1.5279,1.5282,155523.2
2026-09-27 13:04:00,1.5282,1.5297,1.526,1.5285,360677.0
2026-09-27 13:05:00,1.5284,1.5284,1.5268,1.5274,78496.9
2026-09-27 13:06:00,1.5274,1.5281,1.525,1.5276,94062.0
2026-09-27 13:07:00,1.5276,1.5289,1.5264,1.5281,136215.6
2026-09-27 13:08:00,1.5282,1.5294,1.5281,1.5284,127255.6
2026-09-27 13:09:00,1.5283,1.5283,1.5264,1.5264,77863.2
2026-09-27 13:10:00,1.5264,1.5274,1.5258,1.5264,106015.1
2026-09-27 13:11:00,1.5263,1.527,1.5255,1.5255,102246.9
2026-09-27 13:12:00,1.5255,1.5257,1.5225,1.5236,229390.4
2026-09-27 13:13:00,1.5236,1.5241,1.5226,1.5233,120893.5
2026-09-27 13:14:00,1.5234,1.5251,1.5206,1.5221,247576.5
2026-09-27 13:15:00,1.5221,1.5242,1.5215,1.5241,212346.2
2026-09-27 13:16:00,1.5242,1.5256,1.5236,1.5256,122653.8
2026-09-27 13:17:00,1.5255,1.526,1.5248,1.5256,34691.3
2026-09-27 13:18:00,1.5256,1.526,1.5242,1.5259,10161.2
2026-09-27 13:19:00,1.5258,1.5266,1.5257,1.526,94741.3
2026-09-27 13:20:00,1.526,1.526,1.5245,1.5259,43595.1
2026-09-27 13:21:00,1.5259,1.5264,1.525,1.5264,116441.9
2026-09-27 13:22:00,1.5264,1.5276,1.5264,1.5271,118179.3
2026-09-27 13:23:00,1.5272,1.5277,1.5271,1.5273,58205.4
2026-09-27 13:24:00,1.5274,1.528,1.5271,1.528,37468.5
2026-09-27 13:25:00,1.528,1.5287,1.528,1.528,138389.9
2026-09-27 13:26:00,1.528,1.5287,1.528,1.5284,42315.5
2026-09-27 13:27:00,1.5285,1.5294,1.5283,1.5284,33839.7
2026-09-27 13:28:00,1.5284,1.5298,1.5283,1.5293,29901.6
2026-09-27 13:29:00,1.5294,1.5308,1.5294,1.5307,55675.5
2026-09-27 13:30:00,1.5307,1.533,1.5307,1.5327,75047.5
2026-09-27 13:31:00,1.5327,1.5349,1.5324,1.5349,72559.9
2026-09-27 13:32:00,1.5348,1.5356,1.5343,1.5348,76540.4
2026-09-27 13:33:00,1.5348,1.5356,1.5333,1.5356,61585.4
2026-09-27 13:34:00,1.5356,1.5375,1.5323,1.533,186171.6
2026-09-27 13:35:00,1.533,1.5332,1.5309,1.532,69872.7
2026-09-27 13:36:00,1.532,1.5327,1.5306,1.5306,26256.9
2026-09-27 13:37:00,1.5307,1.5307,1.5286,1.5295,83065.9
2026-09-27 13:38:00,1.5296,1.5309,1.5265,1.527,112498.8
2026-09-27 13:39:00,1.5271,1.5288,1.5269,1.527,66256.0
2026-09-27 13:40:00,1.5271,1.5278,1.5264,1.5273,33153.2
2026-09-27 13:41:00,1.5272,1.528,1.5259,1.5268,58867.3
2026-09-27 13:42:00,1.5269,1.5272,1.5265,1.5267,23847.7
2026-09-27 13:43:00,1.5267,1.5271,1.5265,1.5265,17236.0
2026-09-27 13:44:00,1.5265,1.5265,1.524,1.5254,131501.2
2026-09-27 13:45:00,1.5254,1.5275,1.5234,1.5274,99182.6
2026-09-27 13:46:00,1.5275,1.5278,1.526,1.526,116073.8
2026-09-27 13:47:00,1.526,1.5279,1.5259,1.5279,34372.3
2026-09-27 13:48:00,1.5278,1.5297,1.5277,1.5296,30941.7
2026-09-27 13:49:00,1.5295,1.5306,1.5291,1.5304,56460.2
2026-09-27 13:50:00,1.5304,1.5309,1.5295,1.5296,68284.2
2026-09-27 13:51:00,1.5296,1.5296,1.5286,1.5288,65190.5
2026-09-27 13:52:00,1.5289,1.5295,1.5287,1.5295,16425.0
2026-09-27 13:53:00,1.5294,1.5298,1.5292,1.5297,20768.4
2026-09-27 13:54:00,1.5297,1.5303,1.5294,1.5297,26241.7
2026-09-27 13:55:00,1.5298,1.5306,1.5294,1.5302,31690.3
2026-09-27 13:56:00,1.5302,1.5309,1.5301,1.5307,28780.9
2026-09-27 13:57:00,1.5306,1.5315,1.5306,1.531,50495.0
2026-09-27 13:58:00,1.531,1.5324,1.5307,1.5321,110600.1
2026-09-27 13:59:00,1.532,1.5332,1.532,1.5332,16244.0
2026-09-27 14:00:00,1.5332,1.5338,1.5329,1.5338,32307.5
2026-09-27 14:01:00,1.5338,1.5343,1.5307,1.5308,62731.9
2026-09-27 14:02:00,1.5308,1.5316,1.5294,1.531,130596.9
2026-09-27 14:03:00,1.5311,1.5316,1.5293,1.5294,44895.9
2026-09-27 14:04:00,1.5294,1.5294,1.5278,1.5281,44704.9
2026-09-27 14:05:00,1.5281,1.529,1.5272,1.5288,47555.6
2026-09-27 14:06:00,1.5288,1.5305,1.5288,1.5296,35992.8
2026-09-27 14:07:00,1.5297,1.5313,1.5297,1.5312,28645.7
2026-09-27 14:08:00,1.5313,1.5323,1.5309,1.5315,50634.6
2026-09-27 14:09:00,1.5315,1.5323,1.5309,1.5322,69334.1
2026-09-27 14:10:00,1.5322,1.5324,1.5297,1.53,214227.5
2026-09-27 14:11:00,1.53,1.5312,1.5292,1.5304,60916.7
2026-09-27 14:12:00,1.5303,1.5308,1.5303,1.5305,8745.8
2026-09-27 14:13:00,1.5305,1.5315,1.5305,1.5308,19214.2
2026-09-27 14:14:00,1.5307,1.5316,1.5305,1.5316,31467.0
2026-09-27 14:15:00,1.5316,1.532,1.5307,1.5307,52538.4
2026-09-27 14:16:00,1.5307,1.5316,1.5306,1.5314,118583.6
2026-09-27 14:17:00,1.5315,1.5318,1.5304,1.5309,57729.8
2026-09-27 14:18:00,1.5309,1.5321,1.5301,1.5301,28088.5
2026-09-27 14:19:00,1.5301,1.5303,1.5284,1.5286,115671.0
2026-09-27 14:20:00,1.5285,1.5285,1.5269,1.5278,142035.9
2026-09-27 14:21:00,1.5278,1.5283,1.5278,1.5279,69223.7
2026-09-27 14:22:00,1.528,1.5295,1.528,1.5286,52961.4
2026-09-27 14:23:00,1.5286,1.5289,1.5251,1.5252,149778.7
2026-09-27 14:24:00,1.5253,1.5269,1.5244,1.5245,137501.8
2026-09-27 14:25:00,1.5245,1.5273,1.524,1.5267,102906.3
2026-09-27 14:26:00,1.5267,1.5277,1.5237,1.5245,89595.3
2026-09-27 14:27:00,1.5246,1.5246,1.5219,1.5227,250046.5
2026-09-27 14:28:00,1.5228,1.5229,1.5199,1.5202,608915.6
2026-09-27 14:29:00,1.5202,1.5212,1.5181,1.5203,312371.5
2026-09-27 14:30:00,1.5204,1.5226,1.5189,1.5212,79656.5
2026-09-27 14:31:00,1.5213,1.5232,1.5209,1.5224,26008.8
2026-09-27 14:32:00,1.5223,1.5239,1.5222,1.5231,36383.1
2026-09-27 14:33:00,1.5232,1.5246,1.5221,1.5235,380402.9
2026-09-27 14:34:00,1.5235,1.5243,1.5231,1.5233,28754.4
2026-09-27 14:35:00,1.5233,1.5239,1.52,1.5212,57434.6
2026-09-27 14:36:00,1.5212,1.5223,1.521,1.5219,51496.1
2026-09-27 14:37:00,1.5219,1.5219,1.5156,1.5163,536443.9
2026-09-27 14:38:00,1.5164,1.5186,1.515,1.5161,527965.2
2026-09-27 14:39:00,1.5161,1.5179,1.5157,1.517,58974.7
2026-09-27 14:40:00,1.5171,1.5178,1.5163,1.5171,175009.2
2026-09-27 14:41:00,1.5172,1.5201,1.516,1.5192,161712.6
2026-09-27 14:42:00,1.5192,1.5205,1.5192,1.52,33045.6
2026-09-27 14:43:00,1.5201,1.5214,1.5201,1.5202,71980.2
2026-09-27 14:44:00,1.5202,1.5215,1.5202,1.5207,108397.4
2026-09-27 14:45:00,1.5206,1.5215,1.5202,1.5214,87569.6
2026-09-27 14:46:00,1.5215,1.5221,1.5191,1.5197,187537.6
2026-09-27 14:47:00,1.5198,1.5201,1.518,1.5181,35716.2
2026-09-27 14:48:00,1.518,1.5184,1.5126,1.5165,692067.8
2026-09-27 14:49:00,1.5166,1.5187,1.516,1.5186,218164.1
2026-09-27 14:50:00,1.5185,1.5198,1.518,1.5186,51922.1
2026-09-27 14:51:00,1.5187,1.5198,1.5168,1.5175,200187.4
2026-09-27 14:52:00,1.5176,1.5195,1.5176,1.5185,69981.3
2026-09-27 14:53:00,1.5185,1.5186,1.5172,1.5184,31939.4
2026-09-27 14:54:00,1.5184,1.5194,1.5175,1.5194,19004.6
2026-09-27 14:55:00,1.5195,1.5195,1.5175,1.5176,14721.4
2026-09-27 14:56:00,1.5177,1.5183,1.5168,1.5173,14627.0
2026-09-27 14:57:00,1.5173,1.5188,1.5171,1.5181,239583.7
2026-09-27 14:58:00,1.5181,1.5182,1.517,1.5172,31172.4
2026-09-27 14:59:00,1.5171,1.5176,1.5166,1.5168,42305.5
2026-09-27 15:00:00,1.5167,1.5179,1.5159,1.5164,49665.6
2026-09-27 15:01:00,1.5164,1.5164,1.5125,1.5133,95944.1
2026-09-27 15:02:00,1.5133,1.517,1.512,1.5169,183457.2
2026-09-27 15:03:00,1.517,1.5183,1.514,1.5155,67872.8
2026-09-27 15:04:00,1.5155,1.5159,1.5103,1.5108,374072.9
2026-09-27 15:05:00,1.5108,1.5116,1.509,1.5112,630148.1
2026-09-27 15:06:00,1.5113,1.515,1.5102,1.515,141792.2
2026-09-27 15:07:00,1.5151,1.5153,1.5128,1.5145,127041.5
2026-09-27 15:08:00,1.5145,1.5151,1.514,1.5151,68277.7
2026-09-27 15:09:00,1.515,1.5164,1.5146,1.5162,58161.1
2026-09-27 15:10:00,1.5162,1.5169,1.5157,1.5161,18958.7
2026-09-27 15:11:00,1.516,1.516,1.5146,1.5148,103501.4
2026-09-27 15:12:00,1.5148,1.5156,1.5147,1.5154,38432.2
2026-09-27 15:13:00,1.5154,1.5154,1.5136,1.5137,25447.3
2026-09-27 15:14:00,1.5137,1.5159,1.5136,1.5159,83480.8
2026-09-27 15:15:00,1.516,1.5171,1.5154,1.5171,15516.1
2026-09-27 15:16:00,1.5172,1.5196,1.5172,1.5193,41726.9
2026-09-27 15:17:00,1.5192,1.5197,1.5161,1.5161,69924.3
2026-09-27 15:18:00,1.5161,1.5174,1.5161,1.5166,14724.5
2026-09-27 15:19:00,1.5166,1.5171,1.5162,1.5167,69988.7
2026-09-27 15:20:00,1.5167,1.5174,1.5152,1.516,43446.0
2026-09-27 15:21:00,1.5159,1.517,1.5145,1.517,227213.3
2026-09-27 15:22:00,1.5169,1.5175,1.5164,1.5173,64574.6
2026-09-27 15:23:00,1.5173,1.5181,1.5171,1.5178,23931.6
2026-09-27 15:24:00,1.5177,1.518,1.5154,1.5165,223523.8
2026-09-27 15:25:00,1.5166,1.517,1.5155,1.5157,70443.5
2026-09-27 15:26:00,1.5158,1.5158,1.5132,1.5138,299208.6
2026-09-27 15:27:00,1.5139,1.5149,1.5107,1.5144,324700.6
2026-09-27 15:28:00,1.5143,1.5153,1.5137,1.5148,105507.6
2026-09-27 15:29:00,1.5149,1.5163,1.5149,1.5163,64130.2
2026-09-27 15:30:00,1.5163,1.5173,1.5147,1.5172,97803.9
2026-09-27 15:31:00,1.5173,1.5186,1.514,1.5141,265251.2
2026-09-27 15:32:00,1.5141,1.5169,1.5138,1.5169,81970.1
2026-09-27 15:33:00,1.517,1.517,1.515,1.5156,101144.7
2026-09-27 15:34:00,1.5157,1.5165,1.5146,1.5147,154671.1
2026-09-27 15:35:00,1.5147,1.515,1.5137,1.514,34960.9
2026-09-27 15:36:00,1.5141,1.5157,1.5139,1.5149,44255.0
2026-09-27 15:37:00,1.5149,1.5157,1.5138,1.5145,28484.0
2026-09-27 15:38:00,1.5146,1.515,1.5141,1.515,22474.7
2026-09-27 15:39:00,1.515,1.515,1.5142,1.5144,91142.0
2026-09-27 15:40:00,1.5143,1.5149,1.5141,1.5142,105142.5
2026-09-27 15:41:00,1.5142,1.515,1.5137,1.5137,56899.9
2026-09-27 15:42:00,1.5138,1.5143,1.5133,1.5138,74750.9
2026-09-27 15:43:00,1.5138,1.514,1.5133,1.5133,13632.1
2026-09-27 15:44:00,1.5133,1.5142,1.5121,1.5122,102218.5
2026-09-27 15:45:00,1.5121,1.5132,1.512,1.5124,37836.1
2026-09-27 15:46:00,1.5124,1.5136,1.5124,1.5136,38327.2
2026-09-27 15:47:00,1.5135,1.5147,1.5134,1.5147,32450.0
2026-09-27 15:48:00,1.5146,1.5151,1.5146,1.5148,13415.7
2026-09-27 15:49:00,1.5148,1.5151,1.5147,1.5149,3785.1
2026-09-27 15:50:00,1.5148,1.5148,1.514,1.514,31128.5
2026-09-27 15:51:00,1.5139,1.5148,1.5134,1.5134,40551.3
2026-09-27 15:52:00,1.5133,1.5141,1.5129,1.5134,27823.6
2026-09-27 15:53:00,1.5134,1.5147,1.5129,1.5129,28452.3
2026-09-27 15:54:00,1.5129,1.5139,1.5125,1.5139,47369.5
2026-09-27 15:55:00,1.514,1.5149,1.5139,1.5145,86083.8
2026-09-27 15:56:00,1.5144,1.5154,1.5144,1.5154,8922.3
2026-09-27 15:57:00,1.5153,1.5161,1.515,1.516,20228.7
2026-09-27 15:58:00,1.5159,1.5166,1.5159,1.5166,21645.5
2026-09-27 15:59:00,1.5167,1.5169,1.5157,1.5167,64300.6
2026-09-27 16:00:00,1.5167,1.5186,1.516,1.5186,75237.7
2026-09-27 16:01:00,1.5187,1.5194,1.5187,1.5192,54218.7
2026-09-27 16:02:00,1.5192,1.5192,1.5182,1.5188,62517.1
2026-09-27 16:03:00,1.5187,1.5192,1.5184,1.5189,60914.0
2026-09-27 16:04:00,1.5189,1.5207,1.5189,1.5204,58031.5
2026-09-27 16:05:00,1.5204,1.521,1.5201,1.5209,95699.7
2026-09-27 16:06:00,1.5208,1.5219,1.5205,1.5219,38257.4
2026-09-27 16:07:00,1.522,1.5223,1.5212,1.5212,40941.5
2026-09-27 16:08:00,1.5211,1.5229,1.5211,1.5222,45669.9
2026-09-27 16:09:00,1.5221,1.5221,1.5219,1.522,26534.3
2026-09-27 16:10:00,1.5219,1.5223,1.5199,1.5204,166915.0
2026-09-27 16:11:00,1.5204,1.5204,1.5193,1.5197,25651.1
2026-09-27 16:12:00,1.5197,1.5207,1.5197,1.5207,13473.8
2026-09-27 16:13:00,1.5206,1.5211,1.5205,1.5208,12121.0
2026-09-27 16:14:00,1.5208,1.5212,1.5208,1.5212,5731.9
2026-09-27 16:15:00,1.5211,1.522,1.5208,1.522,35596.4
2026-09-27 16:16:00,1.5219,1.5222,1.5209,1.5212,107131.6
2026-09-27 16:17:00,1.5213,1.5213,1.5199,1.5209,29035.2
2026-09-27 16:18:00,1.521,1.5227,1.5209,1.5227,46499.5
2026-09-27 16:19:00,1.5228,1.5233,1.5225,1.5225,9983.3
2026-09-27 16:20:00,1.5224,1.5238,1.522,1.5238,46779.1
2026-09-27 16:21:00,1.5237,1.5247,1.5231,1.5236,52116.1
2026-09-27 16:22:00,1.5236,1.524,1.5217,1.5221,31041.1
2026-09-27 16:23:00,1.5221,1.5221,1.5208,1.5214,29871.8
2026-09-27 16:24:00,1.5214,1.5217,1.5203,1.5205,26502.3
2026-09-27 16:25:00,1.5205,1.521,1.52,1.5203,43985.1
2026-09-27 16:26:00,1.5204,1.5205,1.5195,1.5198,38264.2
2026-09-27 16:27:00,1.5198,1.5198,1.5187,1.5191,54967.3
2026-09-27 16:28:00,1.5191,1.5197,1.518,1.5182,64333.5
2026-09-27 16:29:00,1.5182,1.5188,1.5176,1.5176,51324.2
2026-09-27 16:30:00,1.5175,1.5177,1.5154,1.5154,45076.4
2026-09-27 16:31:00,1.5154,1.5186,1.5147,1.5176,164747.7
2026-09-27 16:32:00,1.5176,1.52,1.5163,1.5199,37743.9
2026-09-27 16:33:00,1.5199,1.5202,1.5184,1.5184,53529.3
2026-09-27 16:34:00,1.5183,1.5198,1.5183,1.5196,20554.7
2026-09-27 16:35:00,1.5197,1.5199,1.5163,1.5163,226841.4
2026-09-27 16:36:00,1.5162,1.5179,1.5162,1.5179,49529.6
2026-09-27 16:37:00,1.5179,1.5197,1.5175,1.5178,60812.6
2026-09-27 16:38:00,1.5178,1.5195,1.5174,1.5178,39011.5
2026-09-27 16:39:00,1.5178,1.519,1.5178,1.519,13513.0
2026-09-27 16:40:00,1.5189,1.519,1.5176,1.5183,18403.9
2026-09-27 16:41:00,1.5183,1.5189,1.5178,1.5181,7641.1
2026-09-27 16:42:00,1.5181,1.5181,1.5171,1.5171,10371.1
2026-09-27 16:43:00,1.5171,1.5175,1.5158,1.5162,13187.1
2026-09-27 16:44:00,1.5163,1.5165,1.5159,1.5161,7647.2
2026-09-27 16:45:00,1.5162,1.5181,1.5162,1.5175,30134.6
2026-09-27 16:46:00,1.5175,1.5184,1.517,1.5181,147862.9
2026-09-27 16:47:00,1.5181,1.5191,1.5181,1.5181,58499.4
2026-09-27 16:48:00,1.5181,1.5187,1.5178,1.5182,23448.5
2026-09-27 16:49:00,1.5181,1.519,1.5176,1.5181,146195.6
2026-09-27 16:50:00,1.5181,1.5183,1.5178,1.5179,6684.0
2026-09-27 16:51:00,1.5178,1.5186,1.517,1.5174,58481.8
2026-09-27 16:52:00,1.5175,1.5188,1.5174,1.5188,19893.5
2026-09-27 16:53:00,1.5188,1.5191,1.5175,1.5177,21504.7
2026-09-27 16:54:00,1.5178,1.5179,1.5166,1.5166,5565.8
2026-09-27 16:55:00,1.5166,1.5171,1.516,1.5164,28586.7
2026-09-27 16:56:00,1.5165,1.5178,1.5165,1.5178,2679.9
2026-09-27 16:57:00,1.5178,1.5183,1.5173,1.5183,28675.4
2026-09-27 16:58:00,1.5183,1.5189,1.5183,1.5189,8404.3
2026-09-27 16:59:00,1.519,1.5191,1.5182,1.5189,16642.9
2026-09-27 17:00:00,1.5188,1.5188,1.5183,1.5188,29647.3
2026-09-27 17:01:00,1.5189,1.5215,1.5185,1.5187,161342.1
2026-09-27 17:02:00,1.5188,1.5211,1.5187,1.5211,104071.5
2026-09-27 17:03:00,1.5211,1.5214,1.5211,1.5214,12741.5
2026-09-27 17:04:00,1.5214,1.5214,1.5212,1.5212,15014.0
2026-09-27 17:05:00,1.5212,1.5217,1.521,1.5216,35189.7
2026-09-27 17:06:00,1.5216,1.522,1.5195,1.5195,131651.9
2026-09-27 17:07:00,1.5196,1.5204,1.5185,1.5204,72663.2
2026-09-27 17:08:00,1.5204,1.521,1.5199,1.5202,26910.8
2026-09-27 17:09:00,1.5201,1.5204,1.5198,1.5202,50316.7
2026-09-27 17:10:00,1.5202,1.521,1.5201,1.5201,154288.6
2026-09-27 17:11:00,1.5201,1.5206,1.5198,1.52,34365.7
2026-09-27 17:12:00,1.52,1.5207,1.52,1.5207,4407.9
2026-09-27 17:13:00,1.5208,1.5212,1.5203,1.5208,45393.4
2026-09-27 17:14:00,1.5208,1.5212,1.5208,1.5211,12202.5
2026-09-27 17:15:00,1.5212,1.5224,1.5212,1.5224,53957.4
2026-09-27 17:16:00,1.5223,1.5229,1.5221,1.5223,30789.3
2026-09-27 17:17:00,1.5224,1.5227,1.5223,1.5223,32059.0
2026-09-27 17:18:00,1.5222,1.5223,1.5219,1.522,20371.0
2026-09-27 17:19:00,1.5219,1.5219,1.5211,1.5218,37486.1
2026-09-27 17:20:00,1.5218,1.5225,1.5218,1.5219,86243.0
2026-09-27 17:21:00,1.5218,1.5223,1.5218,1.5218,18745.7
2026-09-27 17:22:00,1.5219,1.5221,1.5217,1.5221,19212.9
2026-09-27 17:23:00,1.5221,1.5223,1.5219,1.5219,7617.9
2026-09-27 17:24:00,1.522,1.5225,1.5213,1.5225,29143.0
2026-09-27 17:25:00,1.5225,1.5225,1.5221,1.5222,45570.7
2026-09-27 17:26:00,1.5222,1.5222,1.5216,1.5217,66890.4
2026-09-27 17:27:00,1.5217,1.5217,1.5209,1.5211,22998.4
2026-09-27 17:28:00,1.5211,1.5211,1.5202,1.5202,18512.6
2026-09-27 17:29:00,1.5203,1.5203,1.5201,1.5201,6464.3
2026-09-27 17:30:00,1.5201,1.5209,1.52,1.5209,29700.8
2026-09-27 17:31:00,1.5209,1.5221,1.5203,1.522,74425.9
2026-09-27 17:32:00,1.5221,1.5224,1.5218,1.5218,27432.3
2026-09-27 17:33:00,1.5218,1.522,1.5216,1.5219,18421.8
2026-09-27 17:34:00,1.5219,1.5232,1.5218,1.523,48175.1
2026-09-27 17:35:00,1.5229,1.5235,1.5229,1.5231,20769.2
2026-09-27 17:36:00,1.5231,1.5238,1.5217,1.5222,162568.6
2026-09-27 17:37:00,1.5222,1.5225,1.5219,1.5221,29948.6
2026-09-27 17:38:00,1.522,1.5222,1.5212,1.522,17041.7
2026-09-27 17:39:00,1.5221,1.5222,1.5216,1.5217,136442.3
2026-09-27 17:40:00,1.5216,1.5219,1.5213,1.5214,21500.9
2026-09-27 17:41:00,1.5215,1.5216,1.521,1.521,16539.0
2026-09-27 17:42:00,1.5211,1.5216,1.5211,1.5216,7472.8
2026-09-27 17:43:00,1.5216,1.5228,1.5215,1.5221,62732.6
2026-09-27 17:44:00,1.522,1.5223,1.522,1.5221,2906.8
2026-09-27 17:45:00,1.5221,1.5234,1.522,1.5234,4146.1
2026-09-27 17:46:00,1.5234,1.5237,1.5234,1.5237,4483.7
2026-09-27 17:47:00,1.5237,1.5254,1.5237,1.5247,118508.4
2026-09-27 17:48:00,1.5246,1.5256,1.5246,1.5256,25671.9
2026-09-27 17:49:00,1.5255,1.5257,1.5255,1.5257,10860.8
2026-09-27 17:50:00,1.5256,1.5257,1.5251,1.5251,14005.7
2026-09-27 17:51:00,1.5252,1.5253,1.5247,1.5247,9395.7
2026-09-27 17:52:00,1.5248,1.5248,1.5243,1.5243,38447.8
2026-09-27 17:53:00,1.5242,1.5243,1.5242,1.5242,12559.3
2026-09-27 17:54:00,1.5242,1.5246,1.5238,1.5245,23907.1
2026-09-27 17:55:00,1.5245,1.5248,1.5245,1.5248,16382.6
2026-09-27 17:56:00,1.5249,1.525,1.5242,1.5243,17128.1
2026-09-27 17:57:00,1.5243,1.5247,1.5243,1.5247,24758.4
2026-09-27 17:58:00,1.5246,1.5247,1.5245,1.5247,16055.6
2026-09-27 17:59:00,1.5246,1.5247,1.5246,1.5246,1456.5
2026-09-27 18:00:00,1.5246,1.5248,1.5244,1.5244,14922.3
2026-09-27 18:01:00,1.5245,1.5245,1.5241,1.5241,7594.6
2026-09-27 18:02:00,1.5241,1.5244,1.5241,1.5243,9690.9
2026-09-27 18:03:00,1.5243,1.5245,1.524,1.5241,11210.2
2026-09-27 18:04:00,1.5241,1.5245,1.524,1.524,11066.3
2026-09-27 18:05:00,1.5241,1.5255,1.5241,1.5249,110976.7
2026-09-27 18:06:00,1.525,1.5255,1.5249,1.5252,37902.5
2026-09-27 18:07:00,1.5251,1.5256,1.525,1.5256,7439.4
2026-09-27 18:08:00,1.5255,1.5256,1.5255,1.5256,1902.3
2026-09-27 18:09:00,1.5255,1.5263,1.5255,1.5261,31783.1
2026-09-27 18:10:00,1.5261,1.5264,1.526,1.5264,32293.7
2026-09-27 18:11:00,1.5264,1.5276,1.5264,1.5272,82544.7
2026-09-27 18:12:00,1.5272,1.5273,1.5267,1.5268,46405.8
2026-09-27 18:13:00,1.5269,1.5279,1.5269,1.5279,44350.3
2026-09-27 18:14:00,1.5278,1.528,1.5278,1.5279,22139.2
2026-09-27 18:15:00,1.5279,1.5297,1.5279,1.5297,61935.3
2026-09-27 18:16:00,1.5296,1.5311,1.5296,1.531,68271.4
2026-09-27 18:17:00,1.5311,1.532,1.5308,1.5319,43544.1
2026-09-27 18:18:00,1.5319,1.532,1.5317,1.5318,34113.5
2026-09-27 18:19:00,1.5317,1.5318,1.5309,1.531,81154.1
2026-09-27 18:20:00,1.531,1.5313,1.53,1.5306,62367.1
2026-09-27 18:21:00,1.5306,1.5313,1.5305,1.5313,40997.8
2026-09-27 18:22:00,1.5313,1.5319,1.5303,1.5318,54826.1
2026-09-27 18:23:00,1.5318,1.5339,1.5308,1.5315,347077.1
2026-09-27 18:24:00,1.5315,1.532,1.5312,1.532,60864.5
2026-09-27 18:25:00,1.532,1.5322,1.5316,1.532,53559.0
2026-09-27 18:26:00,1.5321,1.5324,1.5321,1.5323,36238.9
2026-09-27 18:27:00,1.5324,1.5334,1.5323,1.5332,26041.2
2026-09-27 18:28:00,1.5332,1.5339,1.5332,1.5339,16811.3
2026-09-27 18:29:00,1.5338,1.5379,1.5338,1.5378,392484.3
2026-09-27 18:30:00,1.5378,1.5382,1.5355,1.5358,274989.5
2026-09-27 18:31:00,1.5358,1.5371,1.5354,1.5358,69793.6
2026-09-27 18:32:00,1.5358,1.5368,1.5351,1.5365,86503.2
2026-09-27 18:33:00,1.5366,1.5367,1.5356,1.5367,32323.6
2026-09-27 18:34:00,1.5366,1.5366,1.5354,1.5355,32889.3
2026-09-27 18:35:00,1.5355,1.5361,1.5354,1.5361,31818.1
2026-09-27 18:36:00,1.5361,1.5365,1.5355,1.5365,28405.0
2026-09-27 18:37:00,1.5365,1.5366,1.5359,1.536,28156.7
2026-09-27 18:38:00,1.536,1.5362,1.535,1.5351,37233.2
2026-09-27 18:39:00,1.535,1.5357,1.535,1.5356,27852.2
2026-09-27 18:40:00,1.5356,1.5358,1.5354,1.5354,49217.6
2026-09-27 18:41:00,1.5353,1.5359,1.5352,1.5356,28358.0
2026-09-27 18:42:00,1.5357,1.537,1.5357,1.5367,37715.1
2026-09-27 18:43:00,1.5367,1.537,1.5366,1.537,8593.2
2026-09-27 18:44:00,1.537,1.5386,1.5366,1.5383,122393.2
2026-09-27 18:45:00,1.5383,1.5383,1.538,1.538,7322.9
2026-09-27 18:46:00,1.538,1.5402,1.538,1.5394,196079.7
2026-09-27 18:47:00,1.5394,1.5399,1.5385,1.5392,112539.3
2026-09-27 18:48:00,1.5392,1.5408,1.5392,1.5403,72796.7
2026-09-27 18:49:00,1.5403,1.5404,1.5393,1.5403,40150.5
2026-09-27 18:50:00,1.5404,1.5416,1.5404,1.5411,151389.2
2026-09-27 18:51:00,1.5411,1.5412,1.5358,1.5379,320344.6
2026-09-27 18:52:00,1.5378,1.5381,1.5364,1.5373,88087.4
2026-09-27 18:53:00,1.5374,1.5374,1.5371,1.5373,35392.4
2026-09-27 18:54:00,1.5374,1.5382,1.5374,1.538,46108.8
2026-09-27 18:55:00,1.5381,1.5381,1.5374,1.5374,21853.3
2026-09-27 18:56:00,1.5374,1.5381,1.5374,1.538,38669.4
2026-09-27 18:57:00,1.538,1.5384,1.5376,1.5384,50905.8
2026-09-27 18:58:00,1.5384,1.5394,1.5384,1.5386,45529.2
2026-09-27 18:59:00,1.5385,1.5396,1.5384,1.539,103189.5
2026-09-27 19:00:00,1.539,1.5394,1.5364,1.5365,43933.4
2026-09-27 19:01:00,1.5365,1.5379,1.5365,1.5366,74324.1
2026-09-27 19:02:00,1.5367,1.5369,1.5328,1.535,191670.5
2026-09-27 19:03:00,1.535,1.5351,1.5338,1.5343,54088.3
2026-09-27 19:04:00,1.5343,1.5352,1.5342,1.5345,31273.8
2026-09-27 19:05:00,1.5344,1.5345,1.5344,1.5344,13403.6
2026-09-27 19:06:00,1.5345,1.535,1.5345,1.5347,35126.2
2026-09-27 19:07:00,1.5348,1.5348,1.5338,1.5341,28575.1
2026-09-27 19:08:00,1.5341,1.5341,1.5334,1.5334,27994.0
2026-09-27 19:09:00,1.5335,1.5341,1.533,1.5341,33330.8
2026-09-27 19:10:00,1.534,1.5341,1.5338,1.534,27012.5
2026-09-27 19:11:00,1.534,1.5346,1.534,1.534,22869.9
2026-09-27 19:12:00,1.5341,1.5342,1.5339,1.5342,14529.9
2026-09-27 19:13:00,1.5343,1.5344,1.5339,1.5344,12102.7
2026-09-27 19:14:00,1.5343,1.5347,1.5333,1.5337,26726.2
2026-09-27 19:15:00,1.5338,1.535,1.5338,1.5349,99568.8
2026-09-27 19:16:00,1.535,1.5363,1.535,1.5363,35248.5
2026-09-27 19:17:00,1.5364,1.5367,1.5353,1.5353,43404.1
2026-09-27 19:18:00,1.5353,1.5374,1.5352,1.5365,120818.3
2026-09-27 19:19:00,1.5365,1.5367,1.5361,1.5362,28717.0
2026-09-27 19:20:00,1.5361,1.5362,1.5348,1.5351,28206.7
2026-09-27 19:21:00,1.535,1.5359,1.5343,1.5343,74535.3
2026-09-27 19:22:00,1.5344,1.5346,1.534,1.534,19983.8
2026-09-27 19:23:00,1.5339,1.5345,1.5336,1.5338,52793.9
2026-09-27 19:24:00,1.5338,1.5353,1.5337,1.5353,10075.4
2026-09-27 19:25:00,1.5352,1.5353,1.5347,1.5348,10887.0
2026-09-27 19:26:00,1.5348,1.5348,1.5334,1.5334,17569.0
2026-09-27 19:27:00,1.5333,1.5333,1.5322,1.5326,15065.7
2026-09-27 19:28:00,1.5326,1.5327,1.532,1.5321,15917.3
2026-09-27 19:29:00,1.532,1.533,1.532,1.533,27252.3
2026-09-27 19:30:00,1.5331,1.5334,1.5319,1.532,93408.8
2026-09-27 19:31:00,1.532,1.5327,1.5319,1.5323,20850.3
2026-09-27 19:32:00,1.5322,1.5323,1.53,1.53,170541.7
2026-09-27 19:33:00,1.53,1.5304,1.5287,1.5304,173215.6
2026-09-27 19:34:00,1.5303,1.531,1.5303,1.5304,19315.9
2026-09-27 19:35:00,1.5305,1.5311,1.5304,1.5311,26989.7
2026-09-27 19:36:00,1.5311,1.5313,1.5311,1.5313,10219.7
2026-09-27 19:37:00,1.5314,1.5336,1.5313,1.5326,205326.8
2026-09-27 19:38:00,1.5326,1.5353,1.5326,1.535,96522.1
2026-09-27 19:39:00,1.5351,1.5358,1.5346,1.5354,46223.4
2026-09-27 19:40:00,1.5354,1.5355,1.5343,1.5344,10869.9
2026-09-27 19:41:00,1.5345,1.5368,1.5345,1.5367,52666.8
2026-09-27 19:42:00,1.5367,1.5367,1.5345,1.5346,30768.6
2026-09-27 19:43:00,1.5346,1.535,1.5345,1.5346,12040.7
2026-09-27 19:44:00,1.5346,1.5348,1.5342,1.5347,16816.5
2026-09-27 19:45:00,1.5346,1.535,1.5344,1.5345,21052.9
2026-09-27 19:46:00,1.5345,1.5362,1.534,1.5356,41066.7
2026-09-27 19:47:00,1.5357,1.5358,1.5345,1.5345,28764.2
2026-09-27 19:48:00,1.5346,1.5351,1.5341,1.5341,26334.5
2026-09-27 19:49:00,1.534,1.5344,1.5336,1.534,32133.9
2026-09-27 19:50:00,1.5339,1.534,1.5335,1.5335,7083.4
2026-09-27 19:51:00,1.5335,1.5335,1.5329,1.5329,6668.3
2026-09-27 19:52:00,1.533,1.5336,1.5325,1.5329,131574.5
2026-09-27 19:53:00,1.5329,1.533,1.5325,1.5326,26060.2
2026-09-27 19:54:00,1.5326,1.5337,1.5326,1.5332,17319.3
2026-09-27 19:55:00,1.5331,1.5334,1.5329,1.533,34844.8
2026-09-27 19:56:00,1.5329,1.5331,1.5326,1.5328,28238.9
2026-09-27 19:57:00,1.5328,1.5328,1.5322,1.5322,42448.7
2026-09-27 19:58:00,1.5322,1.5323,1.5315,1.5316,12058.3
2026-09-27 19:59:00,1.5317,1.5317,1.5316,1.5317,7783.9
2026-09-27 20:00:00,1.5317,1.5326,1.5317,1.5325,21610.6
2026-09-27 20:01:00,1.5325,1.5327,1.5325,1.5327,4405.6
2026-09-27 20:02:00,1.5327,1.5329,1.5327,1.5327,20458.2
2026-09-27 20:03:00,1.5327,1.5336,1.5327,1.5335,35526.8
2026-09-27 20:04:00,1.5336,1.5345,1.5336,1.5345,8228.1
2026-09-27 20:05:00,1.5344,1.5348,1.5326,1.5326,9043.5
2026-09-27 20:06:00,1.5326,1.5326,1.5321,1.5323,7365.0
2026-09-27 20:07:00,1.5323,1.5325,1.5318,1.5324,18804.2
2026-09-27 20:08:00,1.5323,1.5338,1.532,1.5335,59214.5
2026-09-27 20:09:00,1.5335,1.5348,1.5335,1.5346,21345.3
2026-09-27 20:10:00,1.5346,1.5348,1.5346,1.5347,32630.4
2026-09-27 20:11:00,1.5346,1.5353,1.5346,1.5347,36334.9
2026-09-27 20:12:00,1.5348,1.5352,1.5348,1.535,32674.4
2026-09-27 20:13:00,1.5349,1.535,1.5348,1.5349,9599.3
2026-09-27 20:14:00,1.5348,1.5352,1.5347,1.5352,43333.5
2026-09-27 20:15:00,1.5352,1.5355,1.5351,1.5351,44570.3
2026-09-27 20:16:00,1.5352,1.5352,1.5344,1.5344,18684.5
2026-09-27 20:17:00,1.5343,1.5349,1.534,1.5347,19228.7
2026-09-27 20:18:00,1.5346,1.5348,1.5339,1.5345,16046.9
2026-09-27 20:19:00,1.5344,1.5345,1.5342,1.5343,16596.0
2026-09-27 20:20:00,1.5342,1.5344,1.5331,1.5331,29932.8
2026-09-27 20:21:00,1.5331,1.5334,1.5301,1.5301,238269.3
2026-09-27 20:22:00,1.5301,1.5302,1.5295,1.5299,21630.8
2026-09-27 20:23:00,1.53,1.53,1.529,1.5298,116570.6
2026-09-27 20:24:00,1.5298,1.5302,1.5296,1.5301,91684.5
2026-09-27 20:25:00,1.5302,1.5302,1.5289,1.5289,62403.4
2026-09-27 20:26:00,1.529,1.529,1.5253,1.5279,240004.1
2026-09-27 20:27:00,1.5279,1.5283,1.5279,1.5283,38261.6
2026-09-27 20:28:00,1.5282,1.5287,1.5279,1.5287,88651.2
2026-09-27 20:29:00,1.5287,1.5295,1.5285,1.5286,136588.6
2026-09-27 20:30:00,1.5286,1.5293,1.5286,1.5293,97598.0
2026-09-27 20:31:00,1.5293,1.5295,1.529,1.5292,28111.8
2026-09-27 20:32:00,1.5293,1.5294,1.5277,1.5277,18628.0
2026-09-27 20:33:00,1.5277,1.5288,1.5277,1.5288,14193.5
2026-09-27 20:34:00,1.5288,1.5295,1.5288,1.5292,9476.0
2026-09-27 20:35:00,1.5291,1.5292,1.5288,1.5291,17414.3
2026-09-27 20:36:00,1.5291,1.53,1.5291,1.5296,82948.1
2026-09-27 20:37:00,1.5296,1.5297,1.5286,1.5286,28299.5
2026-09-27 20:38:00,1.5286,1.5286,1.5281,1.5284,41034.9
2026-09-27 20:39:00,1.5283,1.5288,1.5276,1.5277,86608.7
2026-09-27 20:40:00,1.5277,1.5283,1.5277,1.5282,14081.9
2026-09-27 20:41:00,1.5282,1.5289,1.5278,1.528,58136.5
2026-09-27 20:42:00,1.5279,1.5285,1.5279,1.5284,20461.8
2026-09-27 20:43:00,1.5284,1.5293,1.5284,1.5292,48387.7
2026-09-27 20:44:00,1.5292,1.5296,1.5292,1.5296,25766.1
2026-09-27 20:45:00,1.5296,1.5299,1.5292,1.5293,28061.8
2026-09-27 20:46:00,1.5293,1.5293,1.5288,1.529,21248.1
2026-09-27 20:47:00,1.529,1.529,1.5254,1.5258,166288.1
2026-09-27 20:48:00,1.5259,1.5262,1.5256,1.5262,137735.7
2026-09-27 20:49:00,1.5262,1.5266,1.5242,1.5245,216875.0
2026-09-27 20:50:00,1.5246,1.5252,1.5245,1.5246,14951.0
2026-09-27 20:51:00,1.5246,1.5246,1.5242,1.5242,21261.3
2026-09-27 20:52:00,1.5241,1.5244,1.5233,1.5244,35325.3
2026-09-27 20:53:00,1.5244,1.5244,1.5239,1.5242,56944.9
2026-09-27 20:54:00,1.5241,1.5242,1.5231,1.5232,96704.8
2026-09-27 20:55:00,1.5232,1.5236,1.5232,1.5234,29675.9
2026-09-27 20:56:00,1.5234,1.5237,1.5225,1.5231,63294.4
2026-09-27 20:57:00,1.5231,1.5246,1.523,1.5237,95383.6
2026-09-27 20:58:00,1.5238,1.5238,1.523,1.5237,66695.6
2026-09-27 20:59:00,1.5237,1.5237,1.5234,1.5235,12565.9
2026-09-27 21:00:00,1.5235,1.5237,1.5234,1.5237,14559.2
2026-09-27 21:01:00,1.5237,1.5238,1.5232,1.5233,109398.8
2026-09-27 21:02:00,1.5233,1.5233,1.5173,1.5188,680526.3
2026-09-27 21:03:00,1.5188,1.5226,1.5188,1.5225,130922.5
2026-09-27 21:04:00,1.5226,1.524,1.5222,1.5222,70037.7
2026-09-27 21:05:00,1.5222,1.5227,1.5214,1.5219,92460.0
2026-09-27 21:06:00,1.5218,1.523,1.5218,1.523,70766.0
2026-09-27 21:07:00,1.523,1.5233,1.5226,1.5227,23402.2
2026-09-27 21:08:00,1.5228,1.5231,1.5221,1.5229,36001.1
2026-09-27 21:09:00,1.5228,1.5236,1.5226,1.5236,11944.8
2026-09-27 21:10:00,1.5236,1.5242,1.5235,1.5242,76094.5
2026-09-27 21:11:00,1.5242,1.5243,1.524,1.5243,48333.3
2026-09-27 21:12:00,1.5243,1.5244,1.5243,1.5244,1625.6
2026-09-27 21:13:00,1.5244,1.5258,1.5244,1.5258,37958.9
2026-09-27 21:14:00,1.5258,1.5278,1.5258,1.5277,149183.5
2026-09-27 21:15:00,1.5278,1.5299,1.5278,1.5286,144015.7
2026-09-27 21:16:00,1.5287,1.5298,1.5254,1.5265,249902.9
2026-09-27 21:17:00,1.5265,1.5272,1.5261,1.5266,36083.3
2026-09-27 21:18:00,1.5266,1.5283,1.5263,1.5276,101973.7
2026-09-27 21:19:00,1.5275,1.5275,1.5265,1.5266,31425.4
2026-09-27 21:20:00,1.5265,1.5278,1.5263,1.5263,96963.2
2026-09-27 21:21:00,1.5263,1.5266,1.5261,1.5263,34496.1
2026-09-27 21:22:00,1.5263,1.5267,1.5258,1.526,64912.4
2026-09-27 21:23:00,1.526,1.5268,1.5259,1.5267,44917.5
2026-09-27 21:24:00,1.5268,1.5273,1.5266,1.5268,58030.7
2026-09-27 21:25:00,1.5268,1.5276,1.5268,1.5271,35226.6
2026-09-27 21:26:00,1.5271,1.5272,1.5257,1.5257,18072.1
2026-09-27 21:27:00,1.5256,1.5256,1.523,1.5231,263192.8
2026-09-27 21:28:00,1.5231,1.5234,1.5228,1.5229,22728.8
2026-09-27 21:29:00,1.5229,1.5233,1.5225,1.5226,21298.9
2026-09-27 21:30:00,1.5225,1.5225,1.5221,1.5224,43856.2
2026-09-27 21:31:00,1.5225,1.524,1.5219,1.524,91371.4
2026-09-27 21:32:00,1.5239,1.5239,1.5227,1.5227,14343.4
2026-09-27 21:33:00,1.5226,1.5235,1.5224,1.5234,81899.5
2026-09-27 21:34:00,1.5235,1.5241,1.523,1.5235,66402.6
2026-09-27 21:35:00,1.5234,1.5234,1.521,1.5213,140995.7
2026-09-27 21:36:00,1.5214,1.5214,1.517,1.5182,397320.2
2026-09-27 21:37:00,1.5182,1.5195,1.5144,1.5181,306282.6
2026-09-27 21:38:00,1.5181,1.519,1.5165,1.5186,101080.4
2026-09-27 21:39:00,1.5185,1.5201,1.5183,1.5196,241995.3
2026-09-27 21:40:00,1.5197,1.5202,1.5189,1.5189,73069.6
2026-09-27 21:41:00,1.519,1.5198,1.519,1.5198,53022.8
2026-09-27 21:42:00,1.5198,1.5205,1.5197,1.5201,61635.4
2026-09-27 21:43:00,1.5202,1.5203,1.519,1.5196,67612.7
2026-09-27 21:44:00,1.5196,1.5198,1.519,1.5194,8477.3
2026-09-27 21:45:00,1.5195,1.5212,1.5195,1.521,51199.5
2026-09-27 21:46:00,1.521,1.5212,1.5209,1.5211,19218.6
2026-09-27 21:47:00,1.5212,1.5222,1.521,1.5219,28031.2
2026-09-27 21:48:00,1.5219,1.5221,1.5217,1.5221,15063.3
2026-09-27 21:49:00,1.5221,1.5222,1.5209,1.5209,25409.3
2026-09-27 21:50:00,1.5209,1.5222,1.5209,1.5222,36624.7
2026-09-27 21:51:00,1.5222,1.5225,1.5218,1.5224,12245.0
2026-09-27 21:52:00,1.5225,1.5232,1.5225,1.5232,12936.4
2026-09-27 21:53:00,1.5232,1.5232,1.5219,1.5219,8040.9
2026-09-27 21:54:00,1.5218,1.5228,1.5218,1.5227,24075.7
2026-09-27 21:55:00,1.5228,1.5232,1.5223,1.5223,22729.1
2026-09-27 21:56:00,1.5224,1.5225,1.5215,1.5222,35216.8
2026-09-27 21:57:00,1.5221,1.5226,1.5216,1.5223,17792.0
2026-09-27 21:58:00,1.5223,1.523,1.5223,1.5227,19189.7
2026-09-27 21:59:00,1.5226,1.5237,1.5223,1.5224,101085.9
2026-09-27 22:00:00,1.5224,1.5246,1.5201,1.5207,79628.9
2026-09-27 22:01:00,1.5206,1.5214,1.5142,1.5164,426640.2
2026-09-27 22:02:00,1.5164,1.5164,1.5114,1.5142,487894.5
2026-09-27 22:03:00,1.5142,1.5144,1.5115,1.5128,211747.7
2026-09-27 22:04:00,1.5128,1.5141,1.5119,1.5141,69821.9
2026-09-27 22:05:00,1.5142,1.5147,1.5127,1.5133,65684.7
2026-09-27 22:06:00,1.5133,1.5162,1.5133,1.5141,177069.7
2026-09-27 22:07:00,1.5142,1.5143,1.51,1.5124,521064.1
2026-09-27 22:08:00,1.5124,1.5124,1.5101,1.5113,103506.2
2026-09-27 22:09:00,1.5113,1.5122,1.5103,1.5112,241418.6
2026-09-27 22:10:00,1.5113,1.5121,1.5102,1.5119,155466.6
2026-09-27 22:11:00,1.5119,1.5128,1.5103,1.5105,60282.8
2026-09-27 22:12:00,1.5105,1.5111,1.5104,1.5108,34412.8
2026-09-27 22:13:00,1.5109,1.5119,1.508,1.5081,461193.7
2026-09-27 22:14:00,1.5081,1.5094,1.5071,1.5083,381057.9
2026-09-27 22:15:00,1.5083,1.5083,1.505,1.5067,627402.0
2026-09-27 22:16:00,1.5067,1.5069,1.5053,1.506,151564.3
2026-09-27 22:17:00,1.5059,1.5094,1.5057,1.5091,121081.0
2026-09-27 22:18:00,1.5091,1.5109,1.5087,1.5104,84160.8
2026-09-27 22:19:00,1.5103,1.513,1.5097,1.5127,319372.1
2026-09-27 22:20:00,1.5127,1.5144,1.5108,1.5109,78017.2
2026-09-27 22:21:00,1.511,1.514,1.5103,1.513,101356.6
2026-09-27 22:22:00,1.5131,1.5156,1.5131,1.5156,62157.0
2026-09-27 22:23:00,1.5155,1.516,1.5153,1.5159,31288.3
2026-09-27 22:24:00,1.5159,1.5161,1.5153,1.5156,83365.0
2026-09-27 22:25:00,1.5157,1.5171,1.5157,1.5169,59643.1
2026-09-27 22:26:00,1.517,1.5172,1.5144,1.515,147668.2
2026-09-27 22:27:00,1.515,1.5175,1.5149,1.5174,60556.2
2026-09-27 22:28:00,1.5175,1.5182,1.5171,1.5175,43424.6
2026-09-27 22:29:00,1.5174,1.5179,1.5167,1.5172,78649.1
2026-09-27 22:30:00,1.5172,1.5172,1.5139,1.5139,58908.8
2026-09-27 22:31:00,1.5138,1.5144,1.5122,1.5132,142245.2
2026-09-27 22:32:00,1.5131,1.5131,1.5111,1.5113,93034.5
2026-09-27 22:33:00,1.5114,1.5125,1.5092,1.5092,61713.4
2026-09-27 22:34:00,1.5092,1.5105,1.5074,1.5074,199465.9
2026-09-27 22:35:00,1.5074,1.5082,1.5054,1.5072,293031.0
2026-09-27 22:36:00,1.5071,1.509,1.5063,1.507,350136.1
2026-09-27 22:37:00,1.5071,1.5074,1.5058,1.507,110898.0
2026-09-27 22:38:00,1.507,1.509,1.5068,1.5077,76404.7
2026-09-27 22:39:00,1.5077,1.5106,1.5077,1.5091,242669.9
2026-09-27 22:40:00,1.5091,1.5097,1.5086,1.5089,40435.6
2026-09-27 22:41:00,1.5088,1.5088,1.5067,1.5068,36375.5
2026-09-27 22:42:00,1.5067,1.5073,1.5065,1.5068,225717.0
2026-09-27 22:43:00,1.5069,1.5071,1.506,1.5061,432375.0
2026-09-27 22:44:00,1.5061,1.507,1.5057,1.5064,142262.2
2026-09-27 22:45:00,1.5064,1.5064,1.505,1.5051,246234.8
2026-09-27 22:46:00,1.5051,1.5058,1.5038,1.5056,265580.9
2026-09-27 22:47:00,1.5056,1.5064,1.5035,1.5062,113659.7
2026-09-27 22:48:00,1.5061,1.5064,1.5052,1.5055,48194.0
2026-09-27 22:49:00,1.5055,1.5068,1.5054,1.5065,59890.1
2026-09-27 22:50:00,1.5066,1.5084,1.5064,1.508,130352.6
2026-09-27 22:51:00,1.508,1.5085,1.5071,1.5072,39838.7
2026-09-27 22:52:00,1.5072,1.5092,1.5072,1.5087,45569.2
2026-09-27 22:53:00,1.5086,1.509,1.5079,1.509,31927.2
2026-09-27 22:54:00,1.509,1.509,1.508,1.5084,119216.3
2026-09-27 22:55:00,1.5084,1.5095,1.5084,1.5092,79449.3
2026-09-27 22:56:00,1.5091,1.5091,1.5077,1.5087,51127.6
2026-09-27 22:57:00,1.5087,1.509,1.5084,1.5087,37741.8
2026-09-27 22:58:00,1.5087,1.5089,1.5082,1.5082,31701.0
2026-09-27 22:59:00,1.5082,1.5083,1.5074,1.5079,58647.9
2026-09-27 23:00:00,1.5079,1.5119,1.5072,1.5118,257843.3
2026-09-27 23:01:00,1.5118,1.513,1.5117,1.5128,124418.4
2026-09-27 23:02:00,1.5128,1.5149,1.5128,1.5129,119481.6
2026-09-27 23:03:00,1.5129,1.5142,1.5123,1.5128,67992.0
2026-09-27 23:04:00,1.5128,1.5134,1.512,1.512,75678.6
2026-09-27 23:05:00,1.512,1.5126,1.5106,1.5106,44104.4
2026-09-27 23:06:00,1.5107,1.5108,1.509,1.5095,244518.2
2026-09-27 23:07:00,1.5095,1.5099,1.5083,1.5087,95157.8
2026-09-27 23:08:00,1.5086,1.5089,1.507,1.5076,110233.1
2026-09-27 23:09:00,1.5076,1.5088,1.5071,1.5075,92948.2
2026-09-27 23:10:00,1.5075,1.5105,1.5067,1.509,263550.6
2026-09-27 23:11:00,1.5089,1.5107,1.5087,1.5099,71431.4
2026-09-27 23:12:00,1.5099,1.5107,1.5087,1.5091,73821.1
2026-09-27 23:13:00,1.509,1.5124,1.5087,1.5122,139398.7
2026-09-27 23:14:00,1.5122,1.5122,1.5094,1.5094,80384.2
2026-09-27 23:15:00,1.5093,1.5105,1.5088,1.5089,30768.2
2026-09-27 23:16:00,1.5088,1.5125,1.5087,1.5125,60999.4
2026-09-27 23:17:00,1.5125,1.5137,1.5118,1.5118,40462.8
2026-09-27 23:18:00,1.5118,1.5132,1.5117,1.5123,123886.9
2026-09-27 23:19:00,1.5123,1.5131,1.5121,1.513,33456.6
2026-09-27 23:20:00,1.5131,1.515,1.5128,1.5148,251594.1
2026-09-27 23:21:00,1.5148,1.5149,1.5139,1.5147,13017.5
2026-09-27 23:22:00,1.5146,1.5149,1.5136,1.514,53724.5
2026-09-27 23:23:00,1.514,1.5141,1.5124,1.5124,98861.7
2026-09-27 23:24:00,1.5124,1.5142,1.5123,1.5138,101590.3
2026-09-27 23:25:00,1.5137,1.5147,1.5132,1.5142,57746.1
2026-09-27 23:26:00,1.5143,1.5156,1.5143,1.5154,49006.8
2026-09-27 23:27:00,1.5155,1.5165,1.5142,1.5165,741066.5
2026-09-27 23:28:00,1.5165,1.5166,1.5146,1.5153,69081.6
2026-09-27 23:29:00,1.5153,1.5153,1.5138,1.5142,89965.1
2026-09-27 23:30:00,1.5141,1.5156,1.5137,1.5156,172902.0
2026-09-27 23:31:00,1.5157,1.5158,1.5153,1.5153,32123.7
2026-09-27 23:32:00,1.5153,1.516,1.5127,1.515,241779.5
2026-09-27 23:33:00,1.515,1.515,1.5136,1.514,69546.3
2026-09-27 23:34:00,1.514,1.514,1.5127,1.514,32924.5
2026-09-27 23:35:00,1.5141,1.5146,1.5109,1.5122,200747.4
2026-09-27 23:36:00,1.5122,1.5128,1.5115,1.5116,40785.5
2026-09-27 23:37:00,1.5116,1.5133,1.5115,1.5127,64426.1
2026-09-27 23:38:00,1.5126,1.5132,1.5125,1.5125,33757.2
2026-09-27 23:39:00,1.5125,1.514,1.5125,1.5134,52296.2
2026-09-27 23:40:00,1.5134,1.5136,1.5129,1.5133,12057.2
2026-09-27 23:41:00,1.5133,1.5133,1.5122,1.5127,39304.0
2026-09-27 23:42:00,1.5128,1.5128,1.5115,1.512,32439.7
2026-09-27 23:43:00,1.512,1.512,1.5116,1.5119,26997.1
2026-09-27 23:44:00,1.5119,1.512,1.5112,1.5116,72203.8
2026-09-27 23:45:00,1.5115,1.5125,1.511,1.5114,59647.3
2026-09-27 23:46:00,1.5113,1.5141,1.5113,1.514,21132.6
2026-09-27 23:47:00,1.5139,1.5152,1.5119,1.5151,385670.3
2026-09-27 23:48:00,1.5151,1.518,1.5148,1.5179,282599.9
2026-09-27 23:49:00,1.5179,1.5179,1.5165,1.5174,59509.6
2026-09-27 23:50:00,1.5174,1.5187,1.5174,1.5187,80506.5
2026-09-27 23:51:00,1.5186,1.5193,1.5176,1.5193,130799.4
2026-09-27 23:52:00,1.5192,1.5198,1.5188,1.5198,105970.6
2026-09-27 23:53:00,1.5198,1.5199,1.5191,1.5197,60279.1
2026-09-27 23:54:00,1.5196,1.5196,1.5185,1.5191,39536.9
2026-09-27 23:55:00,1.5191,1.5193,1.5188,1.5191,18489.3
2026-09-27 23:56:00,1.5192,1.52,1.5192,1.5194,17401.6
2026-09-27 23:57:00,1.5194,1.5199,1.519,1.519,15135.8
2026-09-27 23:58:00,1.5189,1.5189,1.5164,1.517,78165.5
2026-09-27 23:59:00,1.5169,1.5169,1.5158,1.5167,204776.5
2026-09-28 00:00:00,1.5167,1.5178,1.5162,1.5168,203766.1
2026-09-28 00:01:00,1.5168,1.518,1.516,1.5178,88834.6
2026-09-28 00:02:00,1.5177,1.5196,1.5172,1.5173,39831.7
2026-09-28 00:03:00,1.5173,1.5182,1.517,1.5182,30502.1
2026-09-28 00:04:00,1.5181,1.5184,1.5175,1.5176,40066.1
2026-09-28 00:05:00,1.5176,1.5177,1.5168,1.5169,77748.6
2026-09-28 00:06:00,1.5169,1.5173,1.5113,1.516,1484834.5
2026-09-28 00:07:00,1.5159,1.5159,1.5145,1.5151,70408.8
2026-09-28 00:08:00,1.515,1.5154,1.5135,1.5135,42346.4
2026-09-28 00:09:00,1.5134,1.5139,1.5124,1.5131,40822.6
2026-09-28 00:10:00,1.5131,1.5139,1.5116,1.5122,54461.0
2026-09-28 00:11:00,1.5121,1.5142,1.5121,1.5135,34320.6
2026-09-28 00:12:00,1.5135,1.514,1.513,1.5139,56489.8
2026-09-28 00:13:00,1.514,1.5144,1.5137,1.5141,65779.0
2026-09-28 00:14:00,1.5142,1.5159,1.5142,1.5156,43304.5
2026-09-28 00:15:00,1.5156,1.5175,1.5153,1.5175,56917.3
2026-09-28 00:16:00,1.5175,1.5188,1.5175,1.5183,38623.1
2026-09-28 00:17:00,1.5182,1.5183,1.5169,1.5176,31081.6
2026-09-28 00:18:00,1.5176,1.5194,1.517,1.5194,18875.7
2026-09-28 00:19:00,1.5194,1.5245,1.5193,1.5242,74017.1
2026-09-28 00:20:00,1.5242,1.5266,1.5242,1.5266,137424.2
2026-09-28 00:21:00,1.5265,1.5327,1.5264,1.5323,504349.1
2026-09-28 00:22:00,1.5322,1.5368,1.5304,1.531,1179773.9
2026-09-28 00:23:00,1.5309,1.5321,1.5289,1.5304,191106.3
2026-09-28 00:24:00,1.5305,1.5309,1.5276,1.5276,76804.7
2026-09-28 00:25:00,1.5275,1.5285,1.5262,1.5283,99459.5
2026-09-28 00:26:00,1.5283,1.5304,1.5283,1.5287,66877.0
2026-09-28 00:27:00,1.5288,1.5298,1.5264,1.5264,102289.0
2026-09-28 00:28:00,1.5263,1.5273,1.5245,1.527,40457.9
2026-09-28 00:29:00,1.527,1.5291,1.5269,1.5291,38353.8
2026-09-28 00:30:00,1.5291,1.5291,1.5269,1.5278,49382.6
2026-09-28 00:31:00,1.5278,1.5278,1.5211,1.5232,153563.5
2026-09-28 00:32:00,1.5232,1.5235,1.5166,1.5176,235538.6
2026-09-28 00:33:00,1.5176,1.5198,1.5141,1.5144,178021.9
2026-09-28 00:34:00,1.5144,1.5171,1.5125,1.5151,119002.3
2026-09-28 00:35:00,1.5151,1.5167,1.5116,1.5131,161157.7
2026-09-28 00:36:00,1.5132,1.5151,1.5118,1.5123,135325.7
2026-09-28 00:37:00,1.5124,1.5143,1.5111,1.5131,65611.7
2026-09-28 00:38:00,1.5131,1.5147,1.5127,1.5139,65420.3
2026-09-28 00:39:00,1.5139,1.5144,1.5119,1.5119,65236.8
2026-09-28 00:40:00,1.5118,1.512,1.5107,1.5116,91386.6
2026-09-28 00:41:00,1.5116,1.5131,1.5112,1.5131,42828.7
2026-09-28 00:42:00,1.5131,1.5134,1.512,1.5127,38269.7
2026-09-28 00:43:00,1.5127,1.5145,1.5127,1.513,74727.7
2026-09-28 00:44:00,1.513,1.5151,1.513,1.5142,51471.0
2026-09-28 00:45:00,1.5143,1.5197,1.5143,1.5197,130975.5
2026-09-28 00:46:00,1.5197,1.5216,1.5193,1.5207,72652.4
2026-09-28 00:47:00,1.5208,1.5246,1.5208,1.5245,146101.4
2026-09-28 00:48:00,1.5244,1.526,1.5239,1.5254,78043.4
2026-09-28 00:49:00,1.5254,1.5266,1.5251,1.5258,55786.9
2026-09-28 00:50:00,1.5258,1.5274,1.5247,1.5265,45414.7
2026-09-28 00:51:00,1.5264,1.5283,1.5261,1.5263,129018.6
2026-09-28 00:52:00,1.5262,1.5265,1.5229,1.5232,88733.5
2026-09-28 00:53:00,1.5231,1.5234,1.5222,1.5224,50654.9
2026-09-28 00:54:00,1.5224,1.5229,1.5197,1.5197,179807.9
2026-09-28 00:55:00,1.5197,1.52,1.5177,1.5177,140417.6
2026-09-28 00:56:00,1.5176,1.5181,1.5157,1.5157,80257.9
2026-09-28 00:57:00,1.5157,1.5161,1.5138,1.5148,95391.7
2026-09-28 00:58:00,1.5147,1.5177,1.5147,1.5156,64494.4
2026-09-28 00:59:00,1.5156,1.5156,1.5142,1.5145,50603.6
2026-09-28 01:00:00,1.5145,1.5158,1.5129,1.5144,95021.4
2026-09-28 01:01:00,1.5144,1.5154,1.512,1.5129,92207.0
2026-09-28 01:02:00,1.513,1.5167,1.512,1.5155,95531.9
2026-09-28 01:03:00,1.5156,1.5165,1.5119,1.5132,119245.5
2026-09-28 01:04:00,1.5132,1.5155,1.5114,1.5155,112978.3
2026-09-28 01:05:00,1.5156,1.5157,1.511,1.511,130805.9
2026-09-28 01:06:00,1.5109,1.5117,1.5081,1.511,745562.2
2026-09-28 01:07:00,1.511,1.5191,1.5109,1.5182,172740.8
2026-09-28 01:08:00,1.5183,1.5204,1.517,1.5203,97668.9
2026-09-28 01:09:00,1.5204,1.5208,1.514,1.515,369542.4
2026-09-28 01:10:00,1.5151,1.5162,1.5133,1.5139,82611.5
2026-09-28 01:11:00,1.514,1.5141,1.5126,1.5141,87156.0
2026-09-28 01:12:00,1.514,1.5154,1.51,1.5101,101854.0
2026-09-28 01:13:00,1.5101,1.5108,1.5077,1.5091,340125.2
2026-09-28 01:14:00,1.5091,1.5114,1.5088,1.5092,95150.9
2026-09-28 01:15:00,1.5092,1.5115,1.5081,1.5103,253761.0
2026-09-28 01:16:00,1.5103,1.5103,1.506,1.5083,540548.5
2026-09-28 01:17:00,1.5083,1.5109,1.5074,1.5074,189302.2
2026-09-28 01:18:00,1.5074,1.513,1.5074,1.5117,77930.9
2026-09-28 01:19:00,1.5116,1.5124,1.5075,1.5118,114871.1
2026-09-28 01:20:00,1.5119,1.5138,1.5108,1.5128,85984.8
2026-09-28 01:21:00,1.5129,1.5195,1.5129,1.5191,269655.5
2026-09-28 01:22:00,1.519,1.519,1.5143,1.5143,58910.9
2026-09-28 01:23:00,1.5143,1.5176,1.5129,1.5144,57740.0
2026-09-28 01:24:00,1.5144,1.515,1.5134,1.5144,98777.1
2026-09-28 01:25:00,1.5144,1.5166,1.5135,1.5166,44348.1
2026-09-28 01:26:00,1.5166,1.5204,1.5166,1.52,83816.6
2026-09-28 01:27:00,1.5201,1.5212,1.5184,1.519,195013.3
2026-09-28 01:28:00,1.519,1.519,1.5167,1.5185,103973.6
2026-09-28 01:29:00,1.5186,1.5196,1.5175,1.5176,183903.9
2026-09-28 01:30:00,1.5175,1.5208,1.5169,1.5173,92471.1
2026-09-28 01:31:00,1.5173,1.5194,1.5165,1.5168,86405.9
2026-09-28 01:32:00,1.5169,1.5182,1.5143,1.5168,62380.9
2026-09-28 01:33:00,1.5168,1.5182,1.5162,1.517,62084.1
2026-09-28 01:34:00,1.5169,1.5186,1.5162,1.5162,48423.4
2026-09-28 01:35:00,1.5162,1.5177,1.5135,1.5159,99405.1
2026-09-28 01:36:00,1.516,1.517,1.5138,1.5138,62437.8
2026-09-28 01:37:00,1.5137,1.5147,1.5132,1.5132,49757.3
2026-09-28 01:38:00,1.5132,1.5145,1.5126,1.513,88244.7
2026-09-28 01:39:00,1.513,1.515,1.512,1.5149,172110.4
2026-09-28 01:40:00,1.5149,1.5149,1.5115,1.5116,125563.7
2026-09-28 01:41:00,1.5116,1.5152,1.5114,1.5149,98228.5
2026-09-28 01:42:00,1.5148,1.5159,1.5129,1.5129,35383.2
2026-09-28 01:43:00,1.5128,1.5128,1.5114,1.5116,140014.1
2026-09-28 01:44:00,1.5116,1.5116,1.5087,1.5087,327512.2
2026-09-28 01:45:00,1.5088,1.5117,1.5081,1.5092,152667.1
2026-09-28 01:46:00,1.5092,1.5095,1.5085,1.5088,36798.1
2026-09-28 01:47:00,1.5089,1.512,1.5086,1.5114,115691.4
2026-09-28 01:48:00,1.5115,1.5123,1.5085,1.5085,128032.9
2026-09-28 01:49:00,1.5085,1.5086,1.4952,1.4995,2220067.3
2026-09-28 01:50:00,1.4994,1.5061,1.4963,1.5054,590933.9
2026-09-28 01:51:00,1.5053,1.5082,1.5052,1.5063,191289.5
2026-09-28 01:52:00,1.5062,1.5083,1.5047,1.5071,96300.6
2026-09-28 01:53:00,1.5072,1.509,1.5066,1.5087,99960.7
2026-09-28 01:54:00,1.5087,1.5123,1.5065,1.5066,299357.1
2026-09-28 01:55:00,1.5065,1.508,1.506,1.5068,60591.1
2026-09-28 01:56:00,1.5068,1.5101,1.5056,1.5101,73536.6
2026-09-28 01:57:00,1.5102,1.5115,1.5048,1.5048,245007.3
2026-09-28 01:58:00,1.5047,1.5062,1.5044,1.5054,127161.5
2026-09-28 01:59:00,1.5053,1.5056,1.5045,1.505,173542.9
2026-09-28 02:00:00,1.5049,1.5056,1.5004,1.5004,141203.7
2026-09-28 02:01:00,1.5004,1.5053,1.4999,1.505,127721.2
2026-09-28 02:02:00,1.5049,1.5049,1.5007,1.5026,109602.2
2026-09-28 02:03:00,1.5026,1.5046,1.4983,1.5046,365416.2
2026-09-28 02:04:00,1.5047,1.5073,1.5031,1.5056,206289.8
2026-09-28 02:05:00,1.5057,1.5071,1.5046,1.5056,103775.5
2026-09-28 02:06:00,1.5056,1.5063,1.5039,1.5053,109115.5
2026-09-28 02:07:00,1.5054,1.5059,1.503,1.5034,96943.1
2026-09-28 02:08:00,1.5033,1.5091,1.5022,1.5083,382905.8
2026-09-28 02:09:00,1.5084,1.51,1.5076,1.5076,230055.5
2026-09-28 02:10:00,1.5076,1.51,1.5075,1.5094,82845.4
2026-09-28 02:11:00,1.5094,1.5134,1.5094,1.5127,76721.2
2026-09-28 02:12:00,1.5128,1.5157,1.5125,1.5148,230732.8
2026-09-28 02:13:00,1.5148,1.516,1.5148,1.5149,153323.8
2026-09-28 02:14:00,1.5148,1.516,1.5122,1.5132,121595.4
2026-09-28 02:15:00,1.5132,1.5141,1.5099,1.5116,83675.4
2026-09-28 02:16:00,1.5115,1.5115,1.5102,1.5105,72236.6
2026-09-28 02:17:00,1.5104,1.5125,1.5099,1.5102,104514.2
2026-09-28 02:18:00,1.5101,1.5101,1.508,1.508,53349.8
2026-09-28 02:19:00,1.5079,1.5094,1.5069,1.5088,83310.7
2026-09-28 02:20:00,1.5088,1.5097,1.5075,1.509,98392.4
2026-09-28 02:21:00,1.509,1.5111,1.5071,1.5073,67461.1
2026-09-28 02:22:00,1.5073,1.5076,1.5057,1.5061,111761.6
2026-09-28 02:23:00,1.506,1.5065,1.5049,1.5056,44533.7
2026-09-28 02:24:00,1.5057,1.5093,1.5043,1.508,237951.0
2026-09-28 02:25:00,1.508,1.508,1.5062,1.5066,79094.8
2026-09-28 02:26:00,1.5066,1.5104,1.5063,1.5101,149978.0
2026-09-28 02:27:00,1.5101,1.512,1.5089,1.5093,155387.6
2026-09-28 02:28:00,1.5093,1.5093,1.5068,1.5068,68116.8
2026-09-28 02:29:00,1.5068,1.5073,1.5058,1.506,48794.5
2026-09-28 02:30:00,1.506,1.5063,1.5031,1.5036,165655.9
2026-09-28 02:31:00,1.5036,1.5044,1.5026,1.5034,81121.4
2026-09-28 02:32:00,1.5034,1.5041,1.5014,1.5016,82154.3
2026-09-28 02:33:00,1.5017,1.5032,1.5011,1.5013,86124.3
2026-09-28 02:34:00,1.5013,1.502,1.4955,1.4982,857048.0
2026-09-28 02:35:00,1.4981,1.5015,1.4969,1.4999,307716.2
2026-09-28 02:36:00,1.5,1.5013,1.4977,1.4985,229951.3
2026-09-28 02:37:00,1.4986,1.4987,1.4972,1.4979,120432.7
2026-09-28 02:38:00,1.4978,1.5012,1.4972,1.4972,74917.2
2026-09-28 02:39:00,1.4972,1.4986,1.495,1.4985,276121.2
2026-09-28 02:40:00,1.4985,1.5016,1.4977,1.5009,103783.6
2026-09-28 02:41:00,1.5009,1.5024,1.4988,1.4988,426058.8
2026-09-28 02:42:00,1.4987,1.5015,1.4978,1.5003,137665.0
2026-09-28 02:43:00,1.5003,1.5012,1.4992,1.5009,46222.3
2026-09-28 02:44:00,1.5008,1.5017,1.4999,1.5004,47818.7
2026-09-28 02:45:00,1.5003,1.5019,1.4999,1.5009,84985.7
2026-09-28 02:46:00,1.5008,1.5014,1.4972,1.498,246155.7
2026-09-28 02:47:00,1.4979,1.4985,1.4937,1.4959,263729.0
2026-09-28 02:48:00,1.496,1.496,1.4935,1.4949,381312.2
2026-09-28 02:49:00,1.4949,1.4974,1.4944,1.4969,95193.1
2026-09-28 02:50:00,1.4969,1.4987,1.4969,1.4972,43058.6
2026-09-28 02:51:00,1.4972,1.4982,1.4934,1.4943,159803.6
2026-09-28 02:52:00,1.4943,1.4983,1.4943,1.4983,91939.1
2026-09-28 02:53:00,1.4982,1.499,1.4972,1.4979,39994.3
2026-09-28 02:54:00,1.4978,1.499,1.497,1.4979,67693.5
2026-09-28 02:55:00,1.4979,1.4982,1.4964,1.4967,42520.7
2026-09-28 02:56:00,1.4967,1.4982,1.4954,1.4954,166343.3
2026-09-28 02:57:00,1.4954,1.4969,1.4953,1.4958,111311.0
2026-09-28 02:58:00,1.4958,1.4969,1.4952,1.4959,96253.8
2026-09-28 02:59:00,1.4959,1.4967,1.4952,1.4966,42450.8
2026-09-28 03:00:00,1.4966,1.5033,1.4966,1.5014,435083.4
2026-09-28 03:01:00,1.5014,1.5025,1.5006,1.5006,129633.7
2026-09-28 03:02:00,1.5006,1.5006,1.4978,1.4978,27302.0
2026-09-28 03:03:00,1.4979,1.4994,1.4977,1.4989,41358.8
2026-09-28 03:04:00,1.4989,1.5004,1.4982,1.5001,48506.2
2026-09-28 03:05:00,1.5,1.5008,1.498,1.498,56979.2
2026-09-28 03:06:00,1.4979,1.4996,1.4976,1.4983,43897.8
2026-09-28 03:07:00,1.4982,1.5006,1.4982,1.4996,50854.9
2026-09-28 03:08:00,1.4997,1.5001,1.4987,1.4993,80992.0
2026-09-28 03:09:00,1.4994,1.5008,1.4991,1.5008,79944.4
2026-09-28 03:10:00,1.5008,1.5017,1.5003,1.5012,103050.6
2026-09-28 03:11:00,1.5011,1.5011,1.497,1.497,96382.4
2026-09-28 03:12:00,1.497,1.4984,1.4961,1.4961,97242.4
2026-09-28 03:13:00,1.4962,1.4999,1.4962,1.4994,51826.5
2026-09-28 03:14:00,1.4994,1.4998,1.4985,1.4985,51256.0
2026-09-28 03:15:00,1.4984,1.4994,1.497,1.4972,56598.9
2026-09-28 03:16:00,1.4972,1.4997,1.4972,1.4997,230785.0
2026-09-28 03:17:00,1.4997,1.5012,1.499,1.5012,67574.8
2026-09-28 03:18:00,1.5011,1.5013,1.4986,1.4991,53702.6
2026-09-28 03:19:00,1.4991,1.5013,1.4989,1.4995,40324.4
2026-09-28 03:20:00,1.4995,1.5011,1.4992,1.5011,68285.6
2026-09-28 03:21:00,1.501,1.501,1.4985,1.4985,77485.9
2026-09-28 03:22:00,1.4984,1.4985,1.4962,1.4966,112045.3
2026-09-28 03:23:00,1.4967,1.4984,1.4963,1.4967,51680.4
2026-09-28 03:24:00,1.4966,1.4984,1.4963,1.4968,54405.6
2026-09-28 03:25:00,1.4968,1.4968,1.4933,1.4951,254301.6
2026-09-28 03:26:00,1.4951,1.4962,1.4939,1.4942,139201.8
2026-09-28 03:27:00,1.4941,1.4956,1.4932,1.4939,80578.6
2026-09-28 03:28:00,1.494,1.4953,1.4933,1.4933,213750.1
2026-09-28 03:29:00,1.4933,1.4933,1.4892,1.4899,899648.7
2026-09-28 03:30:00,1.4899,1.492,1.4891,1.491,359288.0
2026-09-28 03:31:00,1.4909,1.4909,1.4862,1.487,662814.0
2026-09-28 03:32:00,1.487,1.4882,1.4848,1.4849,380931.3
2026-09-28 03:33:00,1.4849,1.486,1.4833,1.4857,320663.0
2026-09-28 03:34:00,1.4856,1.4894,1.4856,1.4868,127082.7
2026-09-28 03:35:00,1.4867,1.4896,1.4854,1.4891,99013.1
2026-09-28 03:36:00,1.489,1.4915,1.4887,1.4915,152682.8
2026-09-28 03:37:00,1.4915,1.4951,1.4914,1.4931,132180.3
2026-09-28 03:38:00,1.493,1.4961,1.4929,1.4961,68593.8
2026-09-28 03:39:00,1.4961,1.4963,1.4935,1.4952,68266.2
2026-09-28 03:40:00,1.4952,1.4954,1.4929,1.4935,56846.7
2026-09-28 03:41:00,1.4935,1.4963,1.4923,1.4959,113616.6
2026-09-28 03:42:00,1.496,1.4978,1.496,1.4973,39165.2
2026-09-28 03:43:00,1.4974,1.4987,1.4974,1.4985,38444.9
2026-09-28 03:44:00,1.4985,1.4985,1.496,1.4965,41051.0
2026-09-28 03:45:00,1.4966,1.497,1.4955,1.4957,67154.2
2026-09-28 03:46:00,1.4957,1.4959,1.4944,1.4955,18996.7
2026-09-28 03:47:00,1.4954,1.4981,1.4954,1.4978,22984.1
2026-09-28 03:48:00,1.4977,1.498,1.4965,1.4973,19712.9
2026-09-28 03:49:00,1.4973,1.4994,1.4968,1.4986,150336.0
2026-09-28 03:50:00,1.4986,1.4987,1.4956,1.4983,123232.7
2026-09-28 03:51:00,1.4984,1.4988,1.4962,1.4971,28400.4
2026-09-28 03:52:00,1.4971,1.4971,1.4958,1.496,50849.6
2026-09-28 03:53:00,1.496,1.4974,1.495,1.4952,85376.1
2026-09-28 03:54:00,1.4951,1.4969,1.4947,1.4949,25513.3
2026-09-28 03:55:00,1.495,1.495,1.4943,1.4944,66606.6
2026-09-28 03:56:00,1.4943,1.4953,1.4941,1.4943,49723.7
2026-09-28 03:57:00,1.4943,1.4943,1.4928,1.4929,90330.4
2026-09-28 03:58:00,1.4928,1.4928,1.4917,1.4921,145821.2
2026-09-28 03:59:00,1.4921,1.4925,1.4918,1.4924,46908.9
2026-09-28 04:00:00,1.4924,1.4931,1.4886,1.4887,125049.8
2026-09-28 04:01:00,1.4887,1.4894,1.4871,1.4874,177640.7
2026-09-28 04:02:00,1.4874,1.4877,1.4858,1.4863,183380.0
2026-09-28 04:03:00,1.4863,1.487,1.4851,1.4856,79486.6
2026-09-28 04:04:00,1.4856,1.4872,1.4845,1.4852,78380.9
2026-09-28 04:05:00,1.4851,1.4878,1.4843,1.4875,129187.0
2026-09-28 04:06:00,1.4875,1.4895,1.4866,1.4893,156783.6
2026-09-28 04:07:00,1.4893,1.4914,1.4889,1.4913,151278.5
2026-09-28 04:08:00,1.4913,1.4928,1.4896,1.4896,150024.1
2026-09-28 04:09:00,1.4896,1.4915,1.4892,1.4898,89659.1
2026-09-28 04:10:00,1.4898,1.4915,1.4889,1.4908,74823.5
2026-09-28 04:11:00,1.4908,1.4911,1.4902,1.4908,57710.9
2026-09-28 04:12:00,1.4908,1.4963,1.4896,1.4922,692024.6
2026-09-28 04:13:00,1.4922,1.4933,1.4921,1.4926,133915.3
2026-09-28 04:14:00,1.4926,1.4941,1.4926,1.4933,58595.7
2026-09-28 04:15:00,1.4933,1.4941,1.4915,1.492,60985.9
2026-09-28 04:16:00,1.492,1.4924,1.49,1.4902,111294.2
2026-09-28 04:17:00,1.4902,1.495,1.4901,1.4949,52046.9
2026-09-28 04:18:00,1.4949,1.4976,1.4949,1.4976,168776.1
2026-09-28 04:19:00,1.4976,1.4984,1.4972,1.498,51537.0
2026-09-28 04:20:00,1.4979,1.4984,1.4973,1.4977,53742.6
2026-09-28 04:21:00,1.4976,1.4984,1.4972,1.4973,104872.8
2026-09-28 04:22:00,1.4973,1.4982,1.4964,1.4982,73734.1
2026-09-28 04:23:00,1.4981,1.4986,1.4975,1.4983,81611.5
2026-09-28 04:24:00,1.4982,1.4995,1.4981,1.4985,114745.0
2026-09-28 04:25:00,1.4986,1.4993,1.4977,1.4993,145014.5
2026-09-28 04:26:00,1.4992,1.4993,1.4981,1.4983,39045.8
2026-09-28 04:27:00,1.4982,1.4987,1.4975,1.498,97114.0
2026-09-28 04:28:00,1.4981,1.4983,1.497,1.497,51091.3
2026-09-28 04:29:00,1.4971,1.4978,1.4968,1.4968,42993.2
2026-09-28 04:30:00,1.4968,1.4971,1.4958,1.4963,46818.9
2026-09-28 04:31:00,1.4963,1.4965,1.4943,1.4952,72221.4
2026-09-28 04:32:00,1.4952,1.4955,1.4948,1.4948,74478.3
2026-09-28 04:33:00,1.4948,1.4948,1.4937,1.4938,42538.5
2026-09-28 04:34:00,1.4938,1.4946,1.4934,1.4946,83964.6
2026-09-28 04:35:00,1.4946,1.4952,1.4937,1.4938,68597.8
2026-09-28 04:36:00,1.4939,1.4954,1.4939,1.4946,69702.8
2026-09-28 04:37:00,1.4947,1.4958,1.4945,1.4957,67245.2
2026-09-28 04:38:00,1.4958,1.4972,1.4954,1.4968,127873.7
2026-09-28 04:39:00,1.4968,1.4978,1.4965,1.4965,90732.6
2026-09-28 04:40:00,1.4964,1.4971,1.4963,1.4969,79423.1
2026-09-28 04:41:00,1.4968,1.4971,1.4964,1.4969,27981.4
2026-09-28 04:42:00,1.4969,1.4994,1.4969,1.4989,161915.1
2026-09-28 04:43:00,1.4989,1.4995,1.4988,1.4989,236908.1
2026-09-28 04:44:00,1.4988,1.4988,1.4979,1.4979,28911.8
2026-09-28 04:45:00,1.4978,1.4978,1.4968,1.4972,60413.1
2026-09-28 04:46:00,1.4972,1.4972,1.4962,1.4962,20436.7
2026-09-28 04:47:00,1.4961,1.4961,1.4948,1.4948,40709.7
2026-09-28 04:48:00,1.4947,1.4948,1.494,1.4948,52598.1
2026-09-28 04:49:00,1.4948,1.4948,1.4943,1.4943,39321.3
2026-09-28 04:50:00,1.4943,1.4966,1.494,1.4962,155764.9
2026-09-28 04:51:00,1.4962,1.4964,1.4956,1.4961,22773.2
2026-09-28 04:52:00,1.4961,1.4979,1.4959,1.4977,54903.3
2026-09-28 04:53:00,1.4976,1.498,1.4975,1.4979,13327.7
2026-09-28 04:54:00,1.4978,1.4979,1.4964,1.4965,19922.5
2026-09-28 04:55:00,1.4964,1.4964,1.4955,1.4959,27319.7
2026-09-28 04:56:00,1.4958,1.4971,1.4958,1.496,25454.6
2026-09-28 04:57:00,1.4959,1.4971,1.4957,1.4971,33545.4
2026-09-28 04:58:00,1.4972,1.4973,1.4967,1.4971,47926.4
2026-09-28 04:59:00,1.497,1.497,1.496,1.4962,11906.2
2026-09-28 05:00:00,1.4962,1.4995,1.496,1.4991,242722.2
2026-09-28 05:01:00,1.4992,1.5,1.4984,1.4986,80853.6
2026-09-28 05:02:00,1.4985,1.4985,1.4944,1.4948,73533.8
2026-09-28 05:03:00,1.4948,1.4952,1.4931,1.4942,74136.1
2026-09-28 05:04:00,1.4942,1.4942,1.4926,1.4926,127401.2
2026-09-28 05:05:00,1.4926,1.4951,1.4925,1.4945,166804.5
2026-09-28 05:06:00,1.4944,1.4947,1.493,1.4931,45384.2
2026-09-28 05:07:00,1.493,1.493,1.4918,1.4922,43038.4
2026-09-28 05:08:00,1.4921,1.4922,1.4913,1.4913,9946.0
2026-09-28 05:09:00,1.4913,1.4914,1.4906,1.4908,78906.0
2026-09-28 05:10:00,1.4908,1.4909,1.49,1.4902,25979.2
2026-09-28 05:11:00,1.4903,1.4905,1.489,1.489,125227.9
2026-09-28 05:12:00,1.489,1.4895,1.4883,1.4883,40978.1
2026-09-28 05:13:00,1.4883,1.4883,1.4855,1.4867,350383.2
2026-09-28 05:14:00,1.4867,1.4875,1.484,1.4872,261171.3
2026-09-28 05:15:00,1.4872,1.4884,1.4865,1.4877,46375.8
2026-09-28 05:16:00,1.4877,1.4878,1.4834,1.4851,208774.3
2026-09-28 05:17:00,1.4852,1.4864,1.4847,1.4864,57327.3
2026-09-28 05:18:00,1.4864,1.4864,1.4838,1.4856,45944.3
2026-09-28 05:19:00,1.4855,1.486,1.4848,1.4857,81902.4
2026-09-28 05:20:00,1.4857,1.4868,1.484,1.4849,185371.2
2026-09-28 05:21:00,1.485,1.4855,1.4848,1.485,61785.0
2026-09-28 05:22:00,1.485,1.4853,1.4835,1.4836,59064.8
2026-09-28 05:23:00,1.4836,1.4838,1.4802,1.4808,672002.3
2026-09-28 05:24:00,1.4809,1.4822,1.4799,1.4799,474623.0
2026-09-28 05:25:00,1.48,1.4823,1.4799,1.4806,153850.8
2026-09-28 05:26:00,1.4806,1.4831,1.4805,1.483,192439.3
2026-09-28 05:27:00,1.4831,1.4842,1.4831,1.4838,23709.2
2026-09-28 05:28:00,1.4837,1.4846,1.4834,1.4835,62196.8
2026-09-28 05:29:00,1.4834,1.4835,1.4804,1.4811,196959.0
2026-09-28 05:30:00,1.481,1.4814,1.479,1.4796,240805.5
2026-09-28 05:31:00,1.4797,1.4809,1.4774,1.4786,329040.7
2026-09-28 05:32:00,1.4786,1.4786,1.4754,1.4761,275471.6
2026-09-28 05:33:00,1.476,1.4765,1.4727,1.4746,666793.2
2026-09-28 05:34:00,1.4747,1.4752,1.473,1.4733,149523.9
2026-09-28 05:35:00,1.4734,1.4757,1.4733,1.4748,181093.0
2026-09-28 05:36:00,1.4748,1.475,1.4736,1.4746,132053.2
2026-09-28 05:37:00,1.4745,1.4748,1.4729,1.4742,434123.7
2026-09-28 05:38:00,1.4741,1.4748,1.471,1.4713,300811.4
2026-09-28 05:39:00,1.4713,1.4738,1.4712,1.472,254134.6
2026-09-28 05:40:00,1.472,1.4751,1.4704,1.475,419724.6
2026-09-28 05:41:00,1.4751,1.4785,1.4749,1.4778,89941.3
2026-09-28 05:42:00,1.4779,1.481,1.4775,1.481,131658.3
2026-09-28 05:43:00,1.4809,1.4818,1.478,1.4816,106716.4
2026-09-28 05:44:00,1.4815,1.484,1.4815,1.484,42182.8
2026-09-28 05:45:00,1.484,1.4865,1.4828,1.483,332922.1
2026-09-28 05:46:00,1.483,1.4837,1.4811,1.4828,89048.4
2026-09-28 05:47:00,1.4829,1.4857,1.4829,1.4848,50273.9
2026-09-28 05:48:00,1.4848,1.485,1.482,1.4821,77340.5
2026-09-28 05:49:00,1.482,1.4824,1.4811,1.4813,63874.8
2026-09-28 05:50:00,1.4814,1.4818,1.4795,1.4796,112194.1
2026-09-28 05:51:00,1.4796,1.4808,1.4791,1.4807,93556.0
2026-09-28 05:52:00,1.4807,1.482,1.4805,1.482,50261.9
2026-09-28 05:53:00,1.4819,1.482,1.4801,1.4801,28954.9
2026-09-28 05:54:00,1.4801,1.4828,1.4801,1.4818,106218.2
2026-09-28 05:55:00,1.4818,1.4824,1.4812,1.4823,57665.5
2026-09-28 05:56:00,1.4823,1.4842,1.4822,1.4842,94113.8
2026-09-28 05:57:00,1.4841,1.4842,1.4836,1.4836,54237.6
2026-09-28 05:58:00,1.4837,1.4846,1.4836,1.4846,59371.2
2026-09-28 05:59:00,1.4846,1.4846,1.484,1.484,57558.3
2026-09-28 06:00:00,1.4839,1.4843,1.4832,1.4832,69125.7
2026-09-28 06:01:00,1.4831,1.4835,1.4823,1.4833,109579.0
2026-09-28 06:02:00,1.4833,1.4839,1.4832,1.4834,61005.1
2026-09-28 06:03:00,1.4833,1.485,1.4826,1.4835,164438.1
2026-09-28 06:04:00,1.4835,1.4846,1.4821,1.4824,62009.9
2026-09-28 06:05:00,1.4823,1.4845,1.482,1.4845,78459.1
2026-09-28 06:06:00,1.4844,1.4869,1.4843,1.4866,84094.8
2026-09-28 06:07:00,1.4865,1.4876,1.4841,1.4857,248297.2
2026-09-28 06:08:00,1.4857,1.4866,1.485,1.4865,60065.2
2026-09-28 06:09:00,1.4865,1.4873,1.4865,1.4872,78513.5
2026-09-28 06:10:00,1.4872,1.4879,1.4872,1.4879,49246.8
2026-09-28 06:11:00,1.4879,1.4898,1.4879,1.4891,176710.3
2026-09-28 06:12:00,1.489,1.4898,1.4889,1.4898,90342.8
2026-09-28 06:13:00,1.4899,1.4907,1.4894,1.4895,94633.2
2026-09-28 06:14:00,1.4895,1.4895,1.4878,1.4879,123590.3
2026-09-28 06:15:00,1.488,1.488,1.4861,1.4875,109327.3
2026-09-28 06:16:00,1.4876,1.4886,1.4872,1.4886,75595.0
2026-09-28 06:17:00,1.4886,1.4886,1.4859,1.4859,80464.2
2026-09-28 06:18:00,1.4859,1.4861,1.485,1.4851,73881.3
2026-09-28 06:19:00,1.485,1.485,1.4841,1.4841,189344.2
2026-09-28 06:20:00,1.4841,1.4853,1.4815,1.4819,194068.8
2026-09-28 06:21:00,1.482,1.4837,1.4811,1.4833,57189.9
2026-09-28 06:22:00,1.4833,1.4833,1.4805,1.4816,128844.4
2026-09-28 06:23:00,1.4817,1.4819,1.481,1.4819,54886.4
2026-09-28 06:24:00,1.482,1.4821,1.481,1.4811,63978.4
2026-09-28 06:25:00,1.481,1.4813,1.4806,1.4806,47602.8
2026-09-28 06:26:00,1.4805,1.4823,1.48,1.4814,72813.7
2026-09-28 06:27:00,1.4814,1.4814,1.4792,1.4793,112556.4
2026-09-28 06:28:00,1.4793,1.4805,1.4791,1.4801,58635.7
2026-09-28 06:29:00,1.4801,1.4801,1.4789,1.479,52490.7
2026-09-28 06:30:00,1.4789,1.4809,1.4781,1.4803,149605.4
2026-09-28 06:31:00,1.4802,1.4817,1.4797,1.4812,74653.7
2026-09-28 06:32:00,1.4812,1.4827,1.4807,1.4823,46696.0
2026-09-28 06:33:00,1.4823,1.4823,1.4803,1.4813,67251.8
2026-09-28 06:34:00,1.4813,1.4823,1.4804,1.4816,59522.2
2026-09-28 06:35:00,1.4816,1.4829,1.4811,1.4818,55789.0
2026-09-28 06:36:00,1.4818,1.4826,1.4805,1.4805,36839.6
2026-09-28 06:37:00,1.4805,1.4806,1.4786,1.4788,58129.9
2026-09-28 06:38:00,1.4789,1.4793,1.4781,1.4781,48420.5
2026-09-28 06:39:00,1.4782,1.4786,1.4781,1.4782,60324.8
2026-09-28 06:40:00,1.4783,1.4799,1.4782,1.479,64991.5
2026-09-28 06:41:00,1.4789,1.4803,1.4789,1.4797,83960.1
2026-09-28 06:42:00,1.4796,1.4813,1.4796,1.4813,25694.7
2026-09-28 06:43:00,1.4813,1.4824,1.4809,1.4809,43507.6
2026-09-28 06:44:00,1.4808,1.4809,1.4794,1.4797,94668.4
2026-09-28 06:45:00,1.4796,1.4813,1.479,1.481,84778.1
2026-09-28 06:46:00,1.481,1.482,1.4796,1.4796,65726.6
2026-09-28 06:47:00,1.4796,1.4796,1.4782,1.4784,108054.2
2026-09-28 06:48:00,1.4783,1.4786,1.4779,1.4783,76484.2
2026-09-28 06:49:00,1.4784,1.4789,1.478,1.4788,33964.1
2026-09-28 06:50:00,1.4788,1.4789,1.4777,1.4778,81450.1
2026-09-28 06:51:00,1.4778,1.4788,1.4777,1.4777,34652.2
2026-09-28 06:52:00,1.4777,1.4788,1.4777,1.4788,58259.0
2026-09-28 06:53:00,1.4788,1.4801,1.4784,1.4801,367251.5
2026-09-28 06:54:00,1.48,1.48,1.4782,1.4786,56681.0
2026-09-28 06:55:00,1.4787,1.4787,1.4776,1.4776,60400.0
2026-09-28 06:56:00,1.4776,1.4781,1.4775,1.4775,25245.6
2026-09-28 06:57:00,1.4776,1.4783,1.4776,1.4783,39338.5
2026-09-28 06:58:00,1.4783,1.4787,1.478,1.4786,73194.7
2026-09-28 06:59:00,1.4786,1.4804,1.4785,1.4798,85481.2
2026-09-28 07:00:00,1.4799,1.4827,1.4796,1.4825,58294.1
2026-09-28 07:01:00,1.4825,1.4858,1.4815,1.4858,83821.6
2026-09-28 07:02:00,1.4858,1.4875,1.4856,1.4875,96202.7
2026-09-28 07:03:00,1.4875,1.4882,1.4854,1.486,146870.1
2026-09-28 07:04:00,1.486,1.4871,1.4838,1.4867,107004.4
2026-09-28 07:05:00,1.4867,1.4867,1.4835,1.4835,183010.3
2026-09-28 07:06:00,1.4835,1.4838,1.4827,1.4831,66924.2
2026-09-28 07:07:00,1.483,1.484,1.4814,1.4814,161728.5
2026-09-28 07:08:00,1.4815,1.4821,1.4808,1.4813,128406.3
2026-09-28 07:09:00,1.4812,1.4823,1.4807,1.4811,142541.4
2026-09-28 07:10:00,1.4811,1.4827,1.4806,1.4807,79261.6
2026-09-28 07:11:00,1.4807,1.4814,1.4805,1.4811,35752.2
2026-09-28 07:12:00,1.4811,1.4811,1.48,1.4801,43214.6
2026-09-28 07:13:00,1.4801,1.4801,1.4791,1.4791,87435.0
2026-09-28 07:14:00,1.479,1.479,1.4778,1.4786,107475.9
2026-09-28 07:15:00,1.4787,1.4799,1.4781,1.4799,54445.3
2026-09-28 07:16:00,1.48,1.4816,1.4795,1.4805,89231.2
2026-09-28 07:17:00,1.4805,1.4819,1.4794,1.4794,71400.7
2026-09-28 07:18:00,1.4794,1.4803,1.4788,1.4797,44930.0
2026-09-28 07:19:00,1.4797,1.4812,1.4797,1.4806,31990.0
2026-09-28 07:20:00,1.4806,1.4813,1.4798,1.4813,133811.2
2026-09-28 07:21:00,1.4813,1.4813,1.4786,1.4794,80039.0
2026-09-28 07:22:00,1.4794,1.4794,1.4755,1.4756,55000.6
2026-09-28 07:23:00,1.4756,1.476,1.4747,1.4747,150446.4
2026-09-28 07:24:00,1.4747,1.4748,1.4725,1.4726,138332.6
2026-09-28 07:25:00,1.4726,1.4759,1.4724,1.4743,161007.1
2026-09-28 07:26:00,1.4744,1.4746,1.4736,1.4741,56113.4
2026-09-28 07:27:00,1.4742,1.4748,1.4703,1.471,511734.6
2026-09-28 07:28:00,1.471,1.4729,1.471,1.4727,104514.2
2026-09-28 07:29:00,1.4728,1.4736,1.4724,1.473,77945.1
2026-09-28 07:30:00,1.473,1.4741,1.4728,1.4737,68195.2
2026-09-28 07:31:00,1.4737,1.4743,1.473,1.4733,144720.3
2026-09-28 07:32:00,1.4733,1.475,1.4719,1.4719,93055.0
2026-09-28 07:33:00,1.4719,1.4728,1.4715,1.4724,93332.0
2026-09-28 07:34:00,1.4724,1.4741,1.4705,1.474,144996.9
2026-09-28 07:35:00,1.4741,1.4767,1.4741,1.476,74450.2
2026-09-28 07:36:00,1.4759,1.4779,1.4759,1.4763,57808.0
2026-09-28 07:37:00,1.4763,1.4776,1.4757,1.4773,66596.7
2026-09-28 07:38:00,1.4772,1.4773,1.4746,1.475,96089.9
2026-09-28 07:39:00,1.4751,1.4753,1.4739,1.4743,54823.2
2026-09-28 07:40:00,1.4744,1.4781,1.4744,1.4777,70157.7
2026-09-28 07:41:00,1.4776,1.4789,1.476,1.476,107417.8
2026-09-28 07:42:00,1.476,1.476,1.4733,1.4737,92827.7
2026-09-28 07:43:00,1.4737,1.4742,1.4729,1.4736,174644.8
2026-09-28 07:44:00,1.4736,1.474,1.4728,1.4734,99702.3
2026-09-28 07:45:00,1.4734,1.4752,1.4733,1.4735,55203.3
2026-09-28 07:46:00,1.4735,1.4749,1.4735,1.4745,101758.2
2026-09-28 07:47:00,1.4745,1.4752,1.474,1.4749,57220.1
2026-09-28 07:48:00,1.4749,1.4766,1.4744,1.4761,93794.1
2026-09-28 07:49:00,1.476,1.476,1.472,1.4727,186413.5
2026-09-28 07:50:00,1.4728,1.4734,1.4722,1.4734,56725.0
2026-09-28 07:51:00,1.4735,1.4747,1.4734,1.4745,19071.9
2026-09-28 07:52:00,1.4744,1.4745,1.4725,1.4727,70855.3
2026-09-28 07:53:00,1.4726,1.4726,1.4715,1.472,85489.7
2026-09-28 07:54:00,1.472,1.4746,1.472,1.4746,39238.9
2026-09-28 07:55:00,1.4745,1.4772,1.4743,1.4772,101104.7
2026-09-28 07:56:00,1.4772,1.4772,1.4751,1.4758,97564.6
2026-09-28 07:57:00,1.4759,1.4762,1.4726,1.4726,38629.2
2026-09-28 07:58:00,1.4726,1.4732,1.4718,1.4727,94145.2
2026-09-28 07:59:00,1.4727,1.473,1.4713,1.4714,95709.4
2026-09-28 08:00:00,1.4715,1.4752,1.4706,1.4751,222145.8
2026-09-28 08:01:00,1.4752,1.4781,1.4752,1.478,140742.7
2026-09-28 08:02:00,1.478,1.4802,1.478,1.4802,181782.9
2026-09-28 08:03:00,1.4802,1.4809,1.4772,1.4774,138446.9
2026-09-28 08:04:00,1.4774,1.4793,1.4767,1.4786,159268.6
2026-09-28 08:05:00,1.4786,1.4786,1.4759,1.4759,75185.9
2026-09-28 08:06:00,1.4758,1.4768,1.4749,1.4752,73217.4
2026-09-28 08:07:00,1.4752,1.4765,1.4742,1.4742,85050.6
2026-09-28 08:08:00,1.4742,1.4778,1.4742,1.4769,261869.4
2026-09-28 08:09:00,1.4768,1.4781,1.4761,1.477,154614.7
2026-09-28 08:10:00,1.4769,1.478,1.4759,1.4779,104734.1
2026-09-28 08:11:00,1.478,1.4789,1.4778,1.4785,113871.3
2026-09-28 08:12:00,1.4785,1.4789,1.4775,1.4782,101548.9
2026-09-28 08:13:00,1.4782,1.4796,1.4774,1.4792,152739.3
2026-09-28 08:14:00,1.4793,1.481,1.4788,1.4808,106904.2
2026-09-28 08:15:00,1.4808,1.4813,1.4795,1.4806,111972.3
2026-09-28 08:16:00,1.4807,1.4824,1.4803,1.4823,139612.1
2026-09-28 08:17:00,1.4824,1.4824,1.481,1.4814,157228.3
2026-09-28 08:18:00,1.4814,1.4824,1.48,1.48,131799.3
2026-09-28 08:19:00,1.4801,1.4812,1.4795,1.4802,139772.4
2026-09-28 08:20:00,1.4803,1.4804,1.4792,1.4794,102159.6
2026-09-28 08:21:00,1.4794,1.4798,1.4784,1.4788,64345.5
2026-09-28 08:22:00,1.4788,1.479,1.4781,1.4785,99031.6
2026-09-28 08:23:00,1.4785,1.4787,1.4777,1.4778,103941.8
2026-09-28 08:24:00,1.4778,1.4779,1.4753,1.4756,135884.5
2026-09-28 08:25:00,1.4757,1.4777,1.4756,1.4765,139810.7
2026-09-28 08:26:00,1.4765,1.4798,1.4765,1.4797,107500.9
2026-09-28 08:27:00,1.4796,1.48,1.4766,1.4766,172667.8
2026-09-28 08:28:00,1.4766,1.4782,1.4766,1.4771,759698.9
2026-09-28 08:29:00,1.4771,1.4776,1.4767,1.4775,60931.8
2026-09-28 08:30:00,1.4776,1.4791,1.4776,1.4778,107411.7
2026-09-28 08:31:00,1.4778,1.4785,1.4773,1.4785,40367.8
2026-09-28 08:32:00,1.4785,1.479,1.4783,1.4787,108900.6
2026-09-28 08:33:00,1.4787,1.4795,1.4782,1.479,53728.8
2026-09-28 08:34:00,1.4791,1.4793,1.4783,1.4791,56851.7
2026-09-28 08:35:00,1.4792,1.4799,1.4789,1.4792,61812.3
2026-09-28 08:36:00,1.4791,1.4791,1.4775,1.4783,54215.1
2026-09-28 08:37:00,1.4784,1.4784,1.4767,1.4767,118771.4
2026-09-28 08:38:00,1.4767,1.4789,1.4745,1.4789,134485.3
2026-09-28 08:39:00,1.4788,1.4788,1.4759,1.4773,95944.7
2026-09-28 08:40:00,1.4774,1.4791,1.4764,1.4769,103304.9
2026-09-28 08:41:00,1.4769,1.4769,1.4752,1.4762,38004.8
2026-09-28 08:42:00,1.4763,1.4766,1.4729,1.475,346102.6
2026-09-28 08:43:00,1.4751,1.4752,1.4745,1.4749,195544.3
2026-09-28 08:44:00,1.475,1.4762,1.475,1.4759,22645.1
2026-09-28 08:45:00,1.4759,1.4765,1.4757,1.4763,112443.2
2026-09-28 08:46:00,1.4762,1.4782,1.4754,1.4778,134490.2
2026-09-28 08:47:00,1.4779,1.4789,1.4776,1.4788,43243.1
2026-09-28 08:48:00,1.4789,1.4789,1.4779,1.478,148061.5
2026-09-28 08:49:00,1.478,1.4784,1.4774,1.4774,83783.1
2026-09-28 08:50:00,1.4773,1.4798,1.4773,1.4794,116452.8
2026-09-28 08:51:00,1.4795,1.4818,1.4794,1.4818,86910.0
2026-09-28 08:52:00,1.4818,1.4832,1.4812,1.4832,85284.3
2026-09-28 08:53:00,1.4832,1.4849,1.4832,1.4846,176271.7
2026-09-28 08:54:00,1.4846,1.4847,1.4827,1.4827,87560.5
2026-09-28 08:55:00,1.4826,1.4842,1.482,1.483,78981.3
2026-09-28 08:56:00,1.4829,1.4837,1.4825,1.4831,40567.7
2026-09-28 08:57:00,1.4831,1.4839,1.4831,1.4837,48978.7
2026-09-28 08:58:00,1.4836,1.4837,1.4809,1.4813,107411.5
2026-09-28 08:59:00,1.4814,1.4817,1.4812,1.4813,68252.1
2026-09-28 09:00:00,1.4814,1.4834,1.4809,1.4827,135851.1
2026-09-28 09:01:00,1.4826,1.4826,1.4799,1.4806,154577.1
2026-09-28 09:02:00,1.4805,1.4805,1.4748,1.4748,107840.0
2026-09-28 09:03:00,1.4748,1.475,1.4711,1.4724,380177.3
2026-09-28 09:04:00,1.4724,1.4748,1.4712,1.4745,123334.9
2026-09-28 09:05:00,1.4745,1.4752,1.4728,1.4744,355377.8
2026-09-28 09:06:00,1.4744,1.4744,1.472,1.4724,113017.3
2026-09-28 09:07:00,1.4723,1.475,1.471,1.4726,161248.1
2026-09-28 09:08:00,1.4726,1.4737,1.4706,1.4733,258467.4
2026-09-28 09:09:00,1.4732,1.4738,1.4708,1.4709,102670.0
2026-09-28 09:10:00,1.471,1.4734,1.4708,1.4733,97178.6
2026-09-28 09:11:00,1.4732,1.4766,1.4727,1.4753,157680.8
2026-09-28 09:12:00,1.4754,1.4778,1.4754,1.4768,79996.2
2026-09-28 09:13:00,1.4769,1.48,1.4767,1.48,58318.5
2026-09-28 09:14:00,1.48,1.4828,1.48,1.482,295032.3
2026-09-28 09:15:00,1.4819,1.4863,1.4816,1.4854,362188.4
2026-09-28 09:16:00,1.4855,1.4868,1.4814,1.4817,297779.5
2026-09-28 09:17:00,1.4817,1.4822,1.4801,1.4815,168933.9
2026-09-28 09:18:00,1.4815,1.4834,1.4815,1.4831,83573.7
2026-09-28 09:19:00,1.4831,1.4851,1.4831,1.4847,228792.5
2026-09-28 09:20:00,1.4846,1.4856,1.483,1.4836,208385.2
2026-09-28 09:21:00,1.4836,1.4871,1.4836,1.486,100885.9
2026-09-28 09:22:00,1.486,1.4862,1.4844,1.4851,66993.7
2026-09-28 09:23:00,1.485,1.4856,1.4837,1.4839,81484.2
2026-09-28 09:24:00,1.4839,1.4842,1.4827,1.483,32613.6
2026-09-28 09:25:00,1.4829,1.4835,1.4822,1.4824,37602.0
2026-09-28 09:26:00,1.4823,1.4823,1.4803,1.4804,73239.6
2026-09-28 09:27:00,1.4804,1.4804,1.4791,1.4792,39230.3
2026-09-28 09:28:00,1.4793,1.4816,1.4792,1.4816,25881.8
2026-09-28 09:29:00,1.4816,1.483,1.481,1.4827,29583.0
2026-09-28 09:30:00,1.4827,1.4842,1.4826,1.4842,95608.2
2026-09-28 09:31:00,1.4841,1.4842,1.4827,1.4827,108358.4
2026-09-28 09:32:00,1.4828,1.484,1.4827,1.4833,86455.8
2026-09-28 09:33:00,1.4832,1.4832,1.4816,1.482,14229.2
2026-09-28 09:34:00,1.482,1.482,1.4792,1.4793,64942.0
2026-09-28 09:35:00,1.4793,1.4811,1.4793,1.4806,30615.4
2026-09-28 09:36:00,1.4805,1.4813,1.4794,1.4805,71974.4
2026-09-28 09:37:00,1.4806,1.4811,1.4795,1.4796,157580.7
2026-09-28 09:38:00,1.4796,1.4804,1.4777,1.4777,233133.5
2026-09-28 09:39:00,1.4776,1.4794,1.4776,1.4776,81802.2
2026-09-28 09:40:00,1.4775,1.4788,1.4775,1.4785,105228.3
2026-09-28 09:41:00,1.4785,1.479,1.4771,1.479,46273.3
2026-09-28 09:42:00,1.4791,1.4792,1.4775,1.4792,58507.6
2026-09-28 09:43:00,1.4793,1.4799,1.4781,1.4781,81294.9
2026-09-28 09:44:00,1.4782,1.4788,1.4769,1.477,106985.0
2026-09-28 09:45:00,1.4771,1.4788,1.4771,1.4775,74648.6
2026-09-28 09:46:00,1.4776,1.4781,1.4767,1.4771,59471.4
2026-09-28 09:47:00,1.4771,1.4789,1.4767,1.4779,72893.3
2026-09-28 09:48:00,1.4778,1.4797,1.4778,1.4795,30602.0
2026-09-28 09:49:00,1.4795,1.4805,1.4792,1.4804,93746.5
2026-09-28 09:50:00,1.4805,1.4824,1.4805,1.4819,185253.2
2026-09-28 09:51:00,1.4818,1.4818,1.4805,1.481,35173.1
2026-09-28 09:52:00,1.481,1.4815,1.4783,1.4783,64160.9
2026-09-28 09:53:00,1.4783,1.4785,1.477,1.477,71603.5
2026-09-28 09:54:00,1.4771,1.4784,1.4769,1.4769,15283.3
2026-09-28 09:55:00,1.477,1.4777,1.4766,1.4774,56592.3
2026-09-28 09:56:00,1.4774,1.4775,1.4767,1.4774,81535.8
2026-09-28 09:57:00,1.4773,1.4788,1.477,1.4783,44864.2
2026-09-28 09:58:00,1.4783,1.4794,1.478,1.479,77747.7
2026-09-28 09:59:00,1.479,1.4794,1.4781,1.4794,60410.2
2026-09-28 10:00:00,1.4795,1.483,1.4794,1.4827,105031.8
2026-09-28 10:01:00,1.4827,1.4833,1.4822,1.4833,85589.3
2026-09-28 10:02:00,1.4833,1.4854,1.4833,1.4846,207718.8
2026-09-28 10:03:00,1.4846,1.4877,1.4845,1.4873,229129.0
2026-09-28 10:04:00,1.4873,1.489,1.487,1.4877,128676.6
2026-09-28 10:05:00,1.4878,1.4881,1.485,1.4852,161966.3
2026-09-28 10:06:00,1.4852,1.486,1.4839,1.4856,70529.4
2026-09-28 10:07:00,1.4855,1.4857,1.4837,1.4838,119822.1
2026-09-28 10:08:00,1.4839,1.4842,1.4827,1.4829,102584.8
2026-09-28 10:09:00,1.4829,1.4851,1.4828,1.4844,312866.0
2026-09-28 10:10:00,1.4844,1.4845,1.4829,1.4829,66932.8
2026-09-28 10:11:00,1.483,1.4831,1.4818,1.4821,70993.9
2026-09-28 10:12:00,1.4822,1.4838,1.4811,1.4814,191097.2
2026-09-28 10:13:00,1.4814,1.483,1.4809,1.4822,48116.0
2026-09-28 10:14:00,1.4822,1.4836,1.4807,1.4836,72885.3
2026-09-28 10:15:00,1.4836,1.4857,1.4834,1.4857,106010.0
2026-09-28 10:16:00,1.4857,1.487,1.4849,1.486,327537.5
2026-09-28 10:17:00,1.486,1.4869,1.4851,1.4851,67120.8
2026-09-28 10:18:00,1.485,1.4858,1.4827,1.4837,200344.4
2026-09-28 10:19:00,1.4837,1.4847,1.4825,1.4825,76655.8
2026-09-28 10:20:00,1.4824,1.4829,1.4816,1.4825,107109.6
2026-09-28 10:21:00,1.4825,1.4829,1.482,1.4823,47526.6
2026-09-28 10:22:00,1.4824,1.4838,1.4821,1.4821,29080.1
2026-09-28 10:23:00,1.4821,1.4828,1.4815,1.4828,15704.4
2026-09-28 10:24:00,1.4828,1.485,1.4828,1.4848,50040.7
2026-09-28 10:25:00,1.4849,1.4861,1.4847,1.4859,129507.2
2026-09-28 10:26:00,1.486,1.4866,1.4856,1.4857,46862.2
2026-09-28 10:27:00,1.4857,1.4857,1.4831,1.4838,189920.5
2026-09-28 10:28:00,1.4838,1.4849,1.4835,1.4845,74463.3
2026-09-28 10:29:00,1.4845,1.4851,1.4839,1.4851,65551.6
2026-09-28 10:30:00,1.4852,1.4854,1.4836,1.4841,108988.6
2026-09-28 10:31:00,1.4842,1.4867,1.4839,1.4864,76292.3
2026-09-28 10:32:00,1.4863,1.4866,1.4845,1.4866,51154.2
2026-09-28 10:33:00,1.4865,1.4887,1.4862,1.4878,122084.4
2026-09-28 10:34:00,1.4878,1.4895,1.4875,1.4894,161819.7
2026-09-28 10:35:00,1.4893,1.492,1.4893,1.4918,141847.0
2026-09-28 10:36:00,1.4917,1.4922,1.4916,1.4921,95918.9
2026-09-28 10:37:00,1.4921,1.4943,1.492,1.4932,203433.1
2026-09-28 10:38:00,1.4933,1.4933,1.4922,1.4933,89601.5
2026-09-28 10:39:00,1.4932,1.4938,1.4925,1.4933,42710.1
2026-09-28 10:40:00,1.4933,1.4937,1.4919,1.492,58836.4
2026-09-28 10:41:00,1.492,1.4928,1.4912,1.4914,55433.5
2026-09-28 10:42:00,1.4913,1.4919,1.4908,1.491,65337.7
2026-09-28 10:43:00,1.4909,1.4916,1.4907,1.4916,62355.1
2026-09-28 10:44:00,1.4917,1.492,1.4912,1.4916,67470.2
2026-09-28 10:45:00,1.4915,1.4918,1.4901,1.4904,88645.8
2026-09-28 10:46:00,1.4904,1.4916,1.4897,1.4901,117318.9
2026-09-28 10:47:00,1.4902,1.491,1.4892,1.49,63795.9
2026-09-28 10:48:00,1.49,1.4902,1.4886,1.4892,92885.5
2026-09-28 10:49:00,1.4892,1.4907,1.4886,1.4894,45998.8
2026-09-28 10:50:00,1.4894,1.4899,1.4889,1.4898,20188.3
2026-09-28 10:51:00,1.4898,1.4906,1.4893,1.49,40485.3
2026-09-28 10:52:00,1.49,1.4931,1.4899,1.4924,251390.2
2026-09-28 10:53:00,1.4925,1.4929,1.4911,1.4916,631116.8
2026-09-28 10:54:00,1.4916,1.4919,1.4906,1.4918,568704.6
2026-09-28 10:55:00,1.4918,1.4918,1.4905,1.4916,252312.9
2026-09-28 10:56:00,1.4917,1.4921,1.491,1.4912,57494.2
2026-09-28 10:57:00,1.4912,1.492,1.4905,1.4907,126811.0
2026-09-28 10:58:00,1.4907,1.4907,1.49,1.4902,34830.4
2026-09-28 10:59:00,1.4902,1.4902,1.4893,1.4893,33066.3
2026-09-28 11:00:00,1.4893,1.4925,1.4886,1.491,253776.9
2026-09-28 11:01:00,1.4911,1.493,1.4901,1.4905,158012.2
2026-09-28 11:02:00,1.4906,1.4912,1.4897,1.491,64025.3
2026-09-28 11:03:00,1.4911,1.4917,1.489,1.4897,66552.8
2026-09-28 11:04:00,1.4898,1.4898,1.4877,1.4895,52596.3
2026-09-28 11:05:00,1.4896,1.49,1.4881,1.4886,52465.1
2026-09-28 11:06:00,1.4886,1.4901,1.4886,1.4893,44416.0
2026-09-28 11:07:00,1.4892,1.4906,1.4882,1.4886,45782.3
2026-09-28 11:08:00,1.4885,1.4894,1.4878,1.4886,115991.8
2026-09-28 11:09:00,1.4886,1.4886,1.4873,1.4874,46453.4
2026-09-28 11:10:00,1.4874,1.4878,1.4868,1.4876,57749.0
2026-09-28 11:11:00,1.4876,1.4876,1.4864,1.4865,47861.0
2026-09-28 11:12:00,1.4864,1.4864,1.4855,1.4855,51539.9
2026-09-28 11:13:00,1.4855,1.4873,1.4852,1.4861,123094.3
2026-09-28 11:14:00,1.4861,1.4865,1.4855,1.4861,65236.9
2026-09-28 11:15:00,1.486,1.4874,1.4857,1.4872,52767.7
2026-09-28 11:16:00,1.4873,1.4898,1.4855,1.488,245950.2
2026-09-28 11:17:00,1.4879,1.4906,1.4879,1.4904,243050.3
2026-09-28 11:18:00,1.4905,1.4909,1.4879,1.4879,155351.6
2026-09-28 11:19:00,1.4878,1.4882,1.4864,1.4882,60039.7
2026-09-28 11:20:00,1.4882,1.4882,1.4855,1.4874,311531.6
2026-09-28 11:21:00,1.4874,1.4874,1.4861,1.4866,44820.0
2026-09-28 11:22:00,1.4867,1.4891,1.4867,1.4879,52947.7
2026-09-28 11:23:00,1.4879,1.4905,1.4878,1.4901,118918.6
2026-09-28 11:24:00,1.4901,1.4903,1.4881,1.4892,33242.5
2026-09-28 11:25:00,1.4893,1.4896,1.4885,1.4888,88444.1
2026-09-28 11:26:00,1.4888,1.4898,1.4886,1.4896,91935.9
2026-09-28 11:27:00,1.4895,1.4897,1.489,1.4893,64002.1
2026-09-28 11:28:00,1.4893,1.4898,1.4892,1.4896,149685.6
2026-09-28 11:29:00,1.4897,1.4905,1.4897,1.4905,74282.4
2026-09-28 11:30:00,1.4904,1.4906,1.4894,1.4895,105428.7
2026-09-28 11:31:00,1.4895,1.4909,1.4895,1.49,90664.8
2026-09-28 11:32:00,1.4902,1.4907,1.49,1.49,50500.7
2026-09-28 11:33:00,1.4899,1.4911,1.489,1.4911,189846.8
2026-09-28 11:34:00,1.491,1.4934,1.4908,1.4933,126176.7
2026-09-28 11:35:00,1.4933,1.4946,1.4926,1.4926,189468.7
2026-09-28 11:36:00,1.4926,1.4935,1.4924,1.4933,71919.5
2026-09-28 11:37:00,1.4934,1.4949,1.4934,1.4944,51322.2
2026-09-28 11:38:00,1.4944,1.4958,1.494,1.4946,130877.6
2026-09-28 11:39:00,1.4946,1.4957,1.4945,1.4949,117975.0
2026-09-28 11:40:00,1.4949,1.4953,1.4936,1.4952,176317.0
2026-09-28 11:41:00,1.4951,1.4951,1.494,1.4945,79823.5
2026-09-28 11:42:00,1.4945,1.4948,1.4937,1.4943,44254.8
2026-09-28 11:43:00,1.4942,1.4952,1.4937,1.4941,84653.8
2026-09-28 11:44:00,1.494,1.494,1.4931,1.4932,121649.8
2026-09-28 11:45:00,1.4932,1.4936,1.4926,1.4931,141057.6
2026-09-28 11:46:00,1.4931,1.4931,1.4927,1.4928,93943.5
2026-09-28 11:47:00,1.4928,1.4935,1.4925,1.4926,74442.8
2026-09-28 11:48:00,1.4926,1.4928,1.4917,1.4919,147222.1
2026-09-28 11:49:00,1.492,1.492,1.4915,1.4917,116547.5
2026-09-28 11:50:00,1.4916,1.492,1.4916,1.4919,189268.4
2026-09-28 11:51:00,1.4918,1.4928,1.4917,1.4924,111944.9
2026-09-28 11:52:00,1.4925,1.4927,1.491,1.4911,79738.4
2026-09-28 11:53:00,1.4911,1.4917,1.4905,1.4905,33274.2
2026-09-28 11:54:00,1.4905,1.4908,1.4904,1.4907,28540.1
2026-09-28 11:55:00,1.4908,1.4913,1.4907,1.4913,39075.3
2026-09-28 11:56:00,1.4913,1.4934,1.4913,1.4921,129514.7
2026-09-28 11:57:00,1.4922,1.4933,1.4922,1.4931,123622.1
2026-09-28 11:58:00,1.493,1.4936,1.4925,1.4936,71472.9
2026-09-28 11:59:00,1.4935,1.4945,1.493,1.4935,107441.0
2026-09-28 12:00:00,1.4934,1.4935,1.4906,1.4916,119075.3
2026-09-28 12:01:00,1.4916,1.4926,1.4907,1.4923,89983.7
2026-09-28 12:02:00,1.4922,1.4922,1.4897,1.4913,224837.5
2026-09-28 12:03:00,1.4912,1.4919,1.4911,1.4919,69172.6
2026-09-28 12:04:00,1.492,1.4984,1.492,1.4978,460848.6
2026-09-28 12:05:00,1.4979,1.5038,1.4978,1.5028,688217.4
2026-09-28 12:06:00,1.5027,1.5079,1.5026,1.5058,562470.8
2026-09-28 12:07:00,1.5058,1.509,1.5046,1.509,379978.1
2026-09-28 12:08:00,1.509,1.5092,1.5057,1.5082,383332.3
2026-09-28 12:09:00,1.5082,1.5122,1.5081,1.5111,308591.0
2026-09-28 12:10:00,1.5111,1.5135,1.5095,1.5097,489594.4
2026-09-28 12:11:00,1.5097,1.5103,1.508,1.5082,351524.8
2026-09-28 12:12:00,1.5082,1.5083,1.5064,1.5072,282044.5
2026-09-28 12:13:00,1.5072,1.5079,1.5057,1.5074,265959.5
2026-09-28 12:14:00,1.5075,1.5091,1.5066,1.5091,236868.8
2026-09-28 12:15:00,1.509,1.509,1.507,1.5073,181619.3
2026-09-28 12:16:00,1.5072,1.5091,1.5069,1.509,177839.6
2026-09-28 12:17:00,1.5089,1.5123,1.5089,1.5121,208371.4
2026-09-28 12:18:00,1.5121,1.5163,1.5121,1.5137,477731.4
2026-09-28 12:19:00,1.5138,1.5174,1.5137,1.5168,228990.5
2026-09-28 12:20:00,1.5168,1.5193,1.5165,1.5192,380761.6
2026-09-28 12:21:00,1.5192,1.5193,1.5162,1.5163,497288.2
2026-09-28 12:22:00,1.5162,1.5165,1.5137,1.5137,289200.9
2026-09-28 12:23:00,1.5137,1.5154,1.5132,1.5149,500925.7
2026-09-28 12:24:00,1.5149,1.515,1.5136,1.5148,152709.7
2026-09-28 12:25:00,1.5149,1.5155,1.5129,1.5134,391080.7
2026-09-28 12:26:00,1.5133,1.5177,1.5133,1.5154,340966.4
2026-09-28 12:27:00,1.5155,1.5174,1.5154,1.5173,162243.0
2026-09-28 12:28:00,1.5172,1.5184,1.5167,1.5168,254932.8
2026-09-28 12:29:00,1.5167,1.5179,1.516,1.5161,208816.5
2026-09-28 12:30:00,1.5161,1.517,1.5149,1.5155,174106.6
2026-09-28 12:31:00,1.5154,1.5177,1.515,1.5167,260563.0
2026-09-28 12:32:00,1.5167,1.518,1.5164,1.5179,245131.9
2026-09-28 12:33:00,1.5178,1.5179,1.5151,1.5175,460187.6
2026-09-28 12:34:00,1.5175,1.5197,1.5174,1.5197,403484.6
2026-09-28 12:35:00,1.5197,1.5203,1.5186,1.5203,674276.1
2026-09-28 12:36:00,1.5202,1.5202,1.5186,1.5196,150260.4
2026-09-28 12:37:00,1.5196,1.5196,1.5145,1.5145,138854.5
2026-09-28 12:38:00,1.5145,1.5145,1.5117,1.5118,152171.3
2026-09-28 12:39:00,1.5119,1.5135,1.5118,1.5133,215937.6
2026-09-28 12:40:00,1.5133,1.5133,1.5094,1.5099,353394.8
2026-09-28 12:41:00,1.5099,1.5122,1.5099,1.512,96215.4
2026-09-28 12:42:00,1.512,1.5122,1.5105,1.511,153773.9
2026-09-28 12:43:00,1.511,1.5129,1.511,1.512,92496.2
2026-09-28 12:44:00,1.512,1.5145,1.512,1.5145,31378.8
2026-09-28 12:45:00,1.5146,1.5172,1.5146,1.5167,83453.2
2026-09-28 12:46:00,1.5167,1.5194,1.5167,1.5175,258757.7
2026-09-28 12:47:00,1.5176,1.518,1.5149,1.5157,452033.5
2026-09-28 12:48:00,1.5156,1.5185,1.515,1.5179,94990.0
2026-09-28 12:49:00,1.518,1.5188,1.5174,1.5185,119904.1
2026-09-28 12:50:00,1.5185,1.5198,1.5177,1.5189,164567.9
2026-09-28 12:51:00,1.5189,1.5197,1.5182,1.5191,188620.3
2026-09-28 12:52:00,1.5191,1.5233,1.519,1.5215,485956.3
2026-09-28 12:53:00,1.5214,1.522,1.5198,1.5218,240625.0
2026-09-28 12:54:00,1.5217,1.525,1.5217,1.5249,761233.7
2026-09-28 12:55:00,1.5249,1.5265,1.5209,1.5223,654973.8
2026-09-28 12:56:00,1.5222,1.5224,1.521,1.5223,156102.1
2026-09-28 12:57:00,1.5223,1.526,1.5221,1.5254,452789.8
2026-09-28 12:58:00,1.5254,1.5259,1.5247,1.5253,207794.1
2026-09-28 12:59:00,1.5253,1.5253,1.5233,1.5239,552797.3
2026-09-28 13:00:00,1.524,1.524,1.5197,1.5209,514038.5
2026-09-28 13:01:00,1.5209,1.5219,1.5204,1.521,99925.3
2026-09-28 13:02:00,1.521,1.5211,1.519,1.519,318856.2
2026-09-28 13:03:00,1.519,1.5199,1.5179,1.5188,145900.5
2026-09-28 13:04:00,1.5189,1.5193,1.5181,1.5186,187171.9
2026-09-28 13:05:00,1.5185,1.519,1.5181,1.5181,81045.0
2026-09-28 13:06:00,1.5181,1.5185,1.5171,1.5173,95563.7
2026-09-28 13:07:00,1.5173,1.5202,1.5172,1.5195,225508.8
2026-09-28 13:08:00,1.5195,1.5203,1.5177,1.5187,97698.8
2026-09-28 13:09:00,1.5186,1.5187,1.5173,1.5176,63895.4
2026-09-28 13:10:00,1.5176,1.5179,1.515,1.5163,190665.1
2026-09-28 13:11:00,1.5164,1.5183,1.5161,1.5168,68447.9
2026-09-28 13:12:00,1.5169,1.5179,1.5165,1.5169,88160.8
2026-09-28 13:13:00,1.517,1.5185,1.5163,1.518,148162.5
2026-09-28 13:14:00,1.518,1.5194,1.518,1.5191,88637.7
2026-09-28 13:15:00,1.5191,1.5203,1.5191,1.5197,121228.2
2026-09-28 13:16:00,1.5198,1.5211,1.519,1.519,113306.5
2026-09-28 13:17:00,1.519,1.5212,1.5186,1.5189,319604.4
2026-09-28 13:18:00,1.5189,1.5195,1.5167,1.5183,167938.8
2026-09-28 13:19:00,1.5184,1.5193,1.5176,1.5193,145866.3
2026-09-28 13:20:00,1.5192,1.5202,1.5189,1.5198,79388.5
2026-09-28 13:21:00,1.5198,1.5209,1.5195,1.5202,135689.8
2026-09-28 13:22:00,1.5201,1.5208,1.5189,1.5198,117846.7
2026-09-28 13:23:00,1.5198,1.5216,1.5194,1.521,167246.2
2026-09-28 13:24:00,1.521,1.522,1.5203,1.522,223854.9
2026-09-28 13:25:00,1.5219,1.5242,1.5203,1.5238,200125.6
2026-09-28 13:26:00,1.5238,1.5255,1.5237,1.5244,270412.3
2026-09-28 13:27:00,1.5244,1.5259,1.5239,1.5248,195967.5
2026-09-28 13:28:00,1.5248,1.5256,1.5224,1.5235,271797.8
2026-09-28 13:29:00,1.5235,1.5238,1.5227,1.523,45510.2
2026-09-28 13:30:00,1.5231,1.5268,1.52,1.5201,309697.1
2026-09-28 13:31:00,1.52,1.5233,1.5183,1.5198,237742.6
2026-09-28 13:32:00,1.5199,1.5223,1.519,1.5209,143500.0
2026-09-28 13:33:00,1.5208,1.5222,1.5191,1.5201,203012.9
2026-09-28 13:34:00,1.5201,1.5238,1.5191,1.5227,150141.5
2026-09-28 13:35:00,1.5227,1.5253,1.52,1.52,233631.6
2026-09-28 13:36:00,1.52,1.5223,1.5179,1.521,231756.9
2026-09-28 13:37:00,1.5209,1.5274,1.5208,1.5255,434939.7
2026-09-28 13:38:00,1.5255,1.5297,1.5255,1.5293,323752.2
2026-09-28 13:39:00,1.5293,1.5324,1.5287,1.5289,535052.0
2026-09-28 13:40:00,1.5289,1.5295,1.5251,1.5291,444654.3
2026-09-28 13:41:00,1.5291,1.5293,1.5258,1.5272,228917.7
2026-09-28 13:42:00,1.5273,1.5296,1.5273,1.5283,171843.4
2026-09-28 13:43:00,1.5284,1.5289,1.5272,1.5274,136690.4
2026-09-28 13:44:00,1.5275,1.5275,1.524,1.5261,209849.2
2026-09-28 13:45:00,1.5261,1.5268,1.5247,1.5248,177601.7
2026-09-28 13:46:00,1.5246,1.5262,1.5223,1.526,344338.8
2026-09-28 13:47:00,1.526,1.5276,1.5246,1.5255,254595.9
2026-09-28 13:48:00,1.5256,1.5271,1.5252,1.526,72275.9
2026-09-28 13:49:00,1.5259,1.526,1.5221,1.5222,469185.7
2026-09-28 13:50:00,1.5222,1.5227,1.518,1.5207,607061.6
2026-09-28 13:51:00,1.5207,1.5214,1.5187,1.5193,222501.9
2026-09-28 13:52:00,1.5192,1.521,1.5185,1.5199,332807.9
2026-09-28 13:53:00,1.52,1.5222,1.52,1.5212,217875.6
2026-09-28 13:54:00,1.5213,1.5246,1.5212,1.5242,298653.6
2026-09-28 13:55:00,1.5242,1.5257,1.5216,1.5217,401481.0
2026-09-28 13:56:00,1.5217,1.5217,1.5201,1.521,317142.9
2026-09-28 13:57:00,1.521,1.5222,1.5209,1.5221,132351.4
2026-09-28 13:58:00,1.5222,1.5229,1.5209,1.521,179725.8
2026-09-28 13:59:00,1.521,1.5225,1.5208,1.5211,162264.4
2026-09-28 14:00:00,1.5211,1.5211,1.5162,1.517,353385.0
2026-09-28 14:01:00,1.5169,1.5169,1.5131,1.5138,258884.9
2026-09-28 14:02:00,1.5138,1.5175,1.5121,1.5163,262827.8
2026-09-28 14:03:00,1.5163,1.5169,1.5141,1.5141,278022.8
2026-09-28 14:04:00,1.5143,1.5143,1.5104,1.5115,496098.2
2026-09-28 14:05:00,1.5114,1.5142,1.5104,1.5107,140570.8
2026-09-28 14:06:00,1.5107,1.515,1.5084,1.515,272815.9
2026-09-28 14:07:00,1.515,1.516,1.5129,1.5156,87909.4
2026-09-28 14:08:00,1.5157,1.517,1.5141,1.5141,71965.0
2026-09-28 14:09:00,1.5142,1.5149,1.5116,1.5125,121242.3
2026-09-28 14:10:00,1.5125,1.5125,1.5104,1.5108,175171.5
2026-09-28 14:11:00,1.5108,1.5131,1.5097,1.5126,137935.8
2026-09-28 14:12:00,1.5126,1.5126,1.5099,1.5107,18027.5
2026-09-28 14:13:00,1.5107,1.5108,1.506,1.5083,208416.6
2026-09-28 14:14:00,1.5084,1.5084,1.5039,1.5041,351831.4
2026-09-28 14:15:00,1.504,1.5044,1.5,1.5004,511569.0
2026-09-28 14:16:00,1.5004,1.5016,1.4977,1.5015,469909.3
2026-09-28 14:17:00,1.5016,1.5058,1.5009,1.5022,194421.7
2026-09-28 14:18:00,1.5022,1.5027,1.4982,1.4982,287165.1
2026-09-28 14:19:00,1.4981,1.5043,1.4978,1.5028,162041.3
2026-09-28 14:20:00,1.5028,1.5056,1.5012,1.5055,111707.7
2026-09-28 14:21:00,1.5055,1.5075,1.5052,1.5072,92893.6
2026-09-28 14:22:00,1.5073,1.5105,1.5073,1.5105,101669.3
2026-09-28 14:23:00,1.5105,1.5105,1.5073,1.5089,125968.6
2026-09-28 14:24:00,1.5088,1.5124,1.5074,1.5123,185224.7
2026-09-28 14:25:00,1.5123,1.5127,1.5096,1.5104,100468.3
2026-09-28 14:26:00,1.5105,1.5106,1.5059,1.5072,196854.5
2026-09-28 14:27:00,1.5071,1.5072,1.5011,1.5011,102537.1
2026-09-28 14:28:00,1.5011,1.502,1.4977,1.4979,257694.7
2026-09-28 14:29:00,1.4978,1.4978,1.4911,1.4954,719631.4
2026-09-28 14:30:00,1.4955,1.4995,1.4953,1.4986,215707.7
2026-09-28 14:31:00,1.4985,1.4989,1.493,1.493,420927.1
2026-09-28 14:32:00,1.493,1.4987,1.4929,1.4954,314942.0
2026-09-28 14:33:00,1.4954,1.4994,1.4945,1.4972,158205.9
2026-09-28 14:34:00,1.4972,1.4994,1.4961,1.4983,206354.7
2026-09-28 14:35:00,1.4982,1.5014,1.496,1.5014,151051.8
2026-09-28 14:36:00,1.5015,1.5049,1.5015,1.5021,72695.6
2026-09-28 14:37:00,1.5021,1.5054,1.5,1.5005,145869.3
2026-09-28 14:38:00,1.5005,1.5009,1.4985,1.4998,102872.0
2026-09-28 14:39:00,1.4998,1.505,1.4992,1.5025,113764.7
2026-09-28 14:40:00,1.5025,1.5034,1.4998,1.5,134051.8
2026-09-28 14:41:00,1.5,1.5,1.4942,1.4949,165639.1
2026-09-28 14:42:00,1.4948,1.4948,1.4876,1.4898,730188.0
2026-09-28 14:43:00,1.4898,1.4901,1.4843,1.4846,792205.7
2026-09-28 14:44:00,1.4846,1.4884,1.4836,1.4878,545701.0
2026-09-28 14:45:00,1.4879,1.4889,1.4855,1.4876,631763.4
2026-09-28 14:46:00,1.4877,1.4888,1.4855,1.486,1378575.4
2026-09-28 14:47:00,1.4859,1.486,1.482,1.4826,371956.2
2026-09-28 14:48:00,1.4826,1.4877,1.4812,1.4866,493093.1
2026-09-28 14:49:00,1.4865,1.4882,1.4858,1.4863,302107.0
2026-09-28 14:50:00,1.4864,1.4904,1.4864,1.4893,196690.0
2026-09-28 14:51:00,1.4893,1.4907,1.48,1.48,441020.3
2026-09-28 14:52:00,1.4801,1.4819,1.4773,1.4784,735205.0
2026-09-28 14:53:00,1.4785,1.4854,1.474,1.4851,662281.1
2026-09-28 14:54:00,1.4852,1.4887,1.4834,1.4839,166061.6
2026-09-28 14:55:00,1.4838,1.4855,1.4807,1.4824,223557.0
2026-09-28 14:56:00,1.4824,1.4867,1.4818,1.4865,164782.9
2026-09-28 14:57:00,1.4865,1.4871,1.4847,1.4857,74719.0
2026-09-28 14:58:00,1.4858,1.4868,1.4822,1.4833,183304.9
2026-09-28 14:59:00,1.4832,1.4859,1.4828,1.4857,143901.4
2026-09-28 15:00:00,1.4857,1.489,1.4842,1.4868,193342.5
2026-09-28 15:01:00,1.4868,1.4887,1.4856,1.4867,74922.7
2026-09-28 15:02:00,1.4868,1.4887,1.4861,1.4887,133019.4
2026-09-28 15:03:00,1.4888,1.4911,1.4875,1.4887,119614.2
2026-09-28 15:04:00,1.4886,1.4891,1.4852,1.4861,118531.1
2026-09-28 15:05:00,1.4861,1.4885,1.4842,1.4884,143845.0
2026-09-28 15:06:00,1.4884,1.4884,1.4858,1.4877,138511.6
2026-09-28 15:07:00,1.4877,1.4877,1.4833,1.4845,72713.9
2026-09-28 15:08:00,1.4846,1.4853,1.4836,1.4844,113743.0
2026-09-28 15:09:00,1.4845,1.4941,1.4845,1.4941,156130.6
2026-09-28 15:10:00,1.4941,1.4946,1.4897,1.49,343320.0
2026-09-28 15:11:00,1.4899,1.4899,1.4835,1.4835,147082.7
2026-09-28 15:12:00,1.4836,1.4861,1.4816,1.4854,160440.9
2026-09-28 15:13:00,1.4853,1.4857,1.4804,1.4816,101152.7
2026-09-28 15:14:00,1.4817,1.4835,1.4802,1.4818,63299.6
2026-09-28 15:15:00,1.4819,1.4833,1.4796,1.4815,161952.2
2026-09-28 15:16:00,1.4815,1.4819,1.4791,1.48,124709.6
2026-09-28 15:17:00,1.4801,1.4808,1.475,1.4758,217075.3
2026-09-28 15:18:00,1.4757,1.4798,1.4752,1.4791,160481.0
2026-09-28 15:19:00,1.4791,1.483,1.4789,1.4822,83219.6
2026-09-28 15:20:00,1.4821,1.4837,1.4811,1.4818,141287.4
2026-09-28 15:21:00,1.4819,1.4839,1.4783,1.4839,138928.1
2026-09-28 15:22:00,1.484,1.4856,1.4819,1.4821,111748.7
2026-09-28 15:23:00,1.4822,1.4857,1.4794,1.4854,99006.9
2026-09-28 15:24:00,1.4854,1.4902,1.4844,1.4882,224869.9
2026-09-28 15:25:00,1.4882,1.4909,1.4862,1.4899,290052.4
2026-09-28 15:26:00,1.4898,1.4932,1.4888,1.4932,104754.1
2026-09-28 15:27:00,1.4932,1.4932,1.491,1.4918,112175.7
2026-09-28 15:28:00,1.4918,1.4923,1.4908,1.4921,78355.6
2026-09-28 15:29:00,1.4921,1.4926,1.4893,1.4907,35682.2
2026-09-28 15:30:00,1.4907,1.4909,1.4886,1.4897,107113.0
2026-09-28 15:31:00,1.4897,1.4897,1.4873,1.4874,107302.4
2026-09-28 15:32:00,1.4875,1.4918,1.4869,1.4908,65576.4
2026-09-28 15:33:00,1.4907,1.4912,1.4874,1.4875,44697.0
2026-09-28 15:34:00,1.4875,1.4893,1.4872,1.4887,75234.2
2026-09-28 15:35:00,1.4888,1.4906,1.4874,1.4903,52773.7
2026-09-28 15:36:00,1.4903,1.4964,1.4903,1.4956,133822.5
2026-09-28 15:37:00,1.4955,1.4964,1.4914,1.4958,246788.8
2026-09-28 15:38:00,1.4958,1.4979,1.4941,1.4964,83592.7
2026-09-28 15:39:00,1.4963,1.4965,1.4932,1.4965,38250.8
2026-09-28 15:40:00,1.4966,1.4968,1.4941,1.4945,139418.5
2026-09-28 15:41:00,1.4945,1.4955,1.4929,1.495,58932.4
2026-09-28 15:42:00,1.4949,1.496,1.493,1.4935,96936.5
2026-09-28 15:43:00,1.4935,1.4938,1.4914,1.4914,25556.3
2026-09-28 15:44:00,1.4914,1.4922,1.4898,1.4906,396233.5
2026-09-28 15:45:00,1.4907,1.4936,1.4899,1.4936,87144.6
2026-09-28 15:46:00,1.4937,1.4963,1.492,1.4932,74150.1
2026-09-28 15:47:00,1.4931,1.4946,1.4923,1.4944,69254.9
2026-09-28 15:48:00,1.4943,1.4947,1.4928,1.4928,38162.7
2026-09-28 15:49:00,1.4929,1.4942,1.4923,1.4942,86081.7
2026-09-28 15:50:00,1.4942,1.4972,1.4941,1.4966,85202.7
2026-09-28 15:51:00,1.4964,1.4965,1.4932,1.4932,88320.9
2026-09-28 15:52:00,1.4933,1.4937,1.4913,1.492,102259.8
2026-09-28 15:53:00,1.492,1.4934,1.4917,1.4925,51133.0
2026-09-28 15:54:00,1.4925,1.4954,1.4921,1.4954,51669.9
2026-09-28 15:55:00,1.4954,1.4962,1.4935,1.4935,58963.6
2026-09-28 15:56:00,1.4935,1.4943,1.4923,1.4931,72006.0
2026-09-28 15:57:00,1.4932,1.4945,1.4932,1.494,129865.9
2026-09-28 15:58:00,1.4941,1.4947,1.4935,1.4941,67331.0
2026-09-28 15:59:00,1.494,1.4957,1.4935,1.4948,144519.9
2026-09-28 16:00:00,1.4947,1.4958,1.4937,1.4956,168601.1
2026-09-28 16:01:00,1.4956,1.4984,1.4948,1.4966,116638.9
2026-09-28 16:02:00,1.4966,1.4966,1.493,1.4931,170247.0
2026-09-28 16:03:00,1.4931,1.4936,1.4905,1.4916,204958.4
2026-09-28 16:04:00,1.4916,1.4955,1.4915,1.4941,247951.3
2026-09-28 16:05:00,1.494,1.495,1.4914,1.4922,207037.6
2026-09-28 16:06:00,1.4923,1.494,1.4916,1.4933,110200.9
2026-09-28 16:07:00,1.4933,1.4983,1.4931,1.4963,158704.7
2026-09-28 16:08:00,1.4964,1.4997,1.4964,1.4984,224515.0
2026-09-28 16:09:00,1.4983,1.4989,1.4962,1.4979,224509.5
2026-09-28 16:10:00,1.4978,1.499,1.497,1.498,124683.8
2026-09-28 16:11:00,1.4979,1.4994,1.4974,1.4978,199860.1
2026-09-28 16:12:00,1.4978,1.4981,1.495,1.4958,175984.1
2026-09-28 16:13:00,1.4957,1.4958,1.4946,1.4954,150390.4
2026-09-28 16:14:00,1.4954,1.4957,1.4941,1.4957,142683.5
2026-09-28 16:15:00,1.4956,1.4964,1.495,1.4951,147858.1
2026-09-28 16:16:00,1.4951,1.5008,1.4942,1.5005,446187.4
2026-09-28 16:17:00,1.5004,1.507,1.5002,1.5064,460482.9
2026-09-28 16:18:00,1.5063,1.509,1.5028,1.5028,432143.5
2026-09-28 16:19:00,1.5027,1.5078,1.5027,1.5078,271065.1
2026-09-28 16:20:00,1.5077,1.5109,1.5066,1.5101,426119.0
2026-09-28 16:21:00,1.51,1.5126,1.5088,1.5103,408577.4
2026-09-28 16:22:00,1.5104,1.5134,1.5104,1.5126,185383.2
2026-09-28 16:23:00,1.5126,1.5155,1.51,1.5147,369303.1
2026-09-28 16:24:00,1.5146,1.5172,1.5134,1.5151,270300.8
2026-09-28 16:25:00,1.5151,1.516,1.5137,1.5146,205451.7
2026-09-28 16:26:00,1.5145,1.5201,1.514,1.5197,564124.6
2026-09-28 16:27:00,1.5197,1.5215,1.5186,1.5203,274226.7
2026-09-28 16:28:00,1.5202,1.5209,1.5181,1.5195,299988.7
2026-09-28 16:29:00,1.5195,1.5203,1.5143,1.5151,199525.8
2026-09-28 16:30:00,1.515,1.517,1.513,1.5139,200282.4
2026-09-28 16:31:00,1.5139,1.515,1.5125,1.5138,139372.4
2026-09-28 16:32:00,1.5138,1.5151,1.5107,1.511,110563.2
2026-09-28 16:33:00,1.511,1.5126,1.5091,1.5106,243418.8
2026-09-28 16:34:00,1.5106,1.5127,1.5098,1.5104,145778.4
2026-09-28 16:35:00,1.5105,1.5118,1.5091,1.5091,227973.3
2026-09-28 16:36:00,1.5091,1.51,1.5089,1.5091,110635.8
2026-09-28 16:37:00,1.5091,1.5095,1.5078,1.5087,53531.4
2026-09-28 16:38:00,1.5087,1.5087,1.5054,1.5057,189663.8
2026-09-28 16:39:00,1.5057,1.5058,1.5036,1.5039,123244.9
2026-09-28 16:40:00,1.504,1.5062,1.5038,1.5038,61432.2
2026-09-28 16:41:00,1.5038,1.5044,1.5012,1.5013,99672.2
2026-09-28 16:42:00,1.5012,1.5034,1.5003,1.5015,174256.6
2026-09-28 16:43:00,1.5014,1.5017,1.5002,1.501,55468.5
2026-09-28 16:44:00,1.5009,1.5022,1.5005,1.5013,33312.5
2026-09-28 16:45:00,1.5012,1.503,1.5009,1.5016,94433.1
2026-09-28 16:46:00,1.5015,1.5023,1.5004,1.5005,147931.4
2026-09-28 16:47:00,1.5005,1.5008,1.499,1.4998,157477.0
2026-09-28 16:48:00,1.4997,1.4997,1.4979,1.498,79991.4
2026-09-28 16:49:00,1.498,1.4986,1.4972,1.4974,75259.9
2026-09-28 16:50:00,1.4974,1.4997,1.4966,1.499,109246.1
2026-09-28 16:51:00,1.4989,1.4991,1.4966,1.4986,83468.5
2026-09-28 16:52:00,1.4985,1.5001,1.4968,1.4992,74658.2
2026-09-28 16:53:00,1.4991,1.4999,1.4984,1.4991,38519.4
2026-09-28 16:54:00,1.4992,1.5,1.4989,1.4999,82430.5
2026-09-28 16:55:00,1.4999,1.5013,1.4998,1.5004,58525.4
2026-09-28 16:56:00,1.5005,1.5014,1.4993,1.4993,80223.7
2026-09-28 16:57:00,1.4993,1.5004,1.4985,1.4995,44341.1
2026-09-28 16:58:00,1.4996,1.5004,1.4996,1.5,28794.7
2026-09-28 16:59:00,1.5,1.5005,1.4994,1.4999,48297.3
2026-09-28 17:00:00,1.4999,1.5,1.4953,1.4953,141047.8
2026-09-28 17:01:00,1.4953,1.4962,1.4935,1.4935,239291.8
2026-09-28 17:02:00,1.4935,1.4991,1.4931,1.4991,119703.8
2026-09-28 17:03:00,1.499,1.4998,1.4923,1.4939,203397.1
2026-09-28 17:04:00,1.4939,1.4947,1.493,1.4938,136787.1
2026-09-28 17:05:00,1.4938,1.494,1.4928,1.4932,55667.3
2026-09-28 17:06:00,1.4932,1.4944,1.4918,1.4942,104868.1
2026-09-28 17:07:00,1.4941,1.4945,1.4918,1.4918,61107.1
2026-09-28 17:08:00,1.4918,1.492,1.4907,1.4908,78226.8
2026-09-28 17:09:00,1.4908,1.4918,1.4907,1.4908,43948.9
2026-09-28 17:10:00,1.4907,1.4916,1.4905,1.4911,87389.1
2026-09-28 17:11:00,1.491,1.5039,1.491,1.5032,399286.1
2026-09-28 17:12:00,1.5033,1.5079,1.5029,1.5074,344508.0
2026-09-28 17:13:00,1.5074,1.5143,1.507,1.5136,427750.2
2026-09-28 17:14:00,1.5135,1.5195,1.5135,1.5195,362871.5
2026-09-28 17:15:00,1.5195,1.52,1.5125,1.5154,251844.0
2026-09-28 17:16:00,1.5154,1.5194,1.515,1.5177,278334.8
2026-09-28 17:17:00,1.5177,1.5181,1.5119,1.5126,160481.3
2026-09-28 17:18:00,1.5125,1.5125,1.5086,1.5087,97912.3
2026-09-28 17:19:00,1.5086,1.5097,1.506,1.5076,109299.3
2026-09-28 17:20:00,1.5077,1.5092,1.5073,1.5087,49465.3
2026-09-28 17:21:00,1.5087,1.5103,1.5082,1.51,48424.7
2026-09-28 17:22:00,1.51,1.51,1.5084,1.5095,32801.9
2026-09-28 17:23:00,1.5094,1.5114,1.508,1.5081,97865.0
2026-09-28 17:24:00,1.508,1.5092,1.507,1.507,66392.6
2026-09-28 17:25:00,1.5071,1.5079,1.5066,1.5077,24851.2
2026-09-28 17:26:00,1.5077,1.5078,1.5049,1.5052,29859.4
2026-09-28 17:27:00,1.5051,1.5054,1.5032,1.5039,161650.1
2026-09-28 17:28:00,1.5039,1.5052,1.5038,1.5043,66206.8
2026-09-28 17:29:00,1.5042,1.5061,1.504,1.5051,216823.9
2026-09-28 17:30:00,1.5051,1.51,1.5049,1.5096,159465.3
2026-09-28 17:31:00,1.5096,1.5098,1.5077,1.5094,39469.0
2026-09-28 17:32:00,1.5093,1.5101,1.5088,1.5098,58583.7
2026-09-28 17:33:00,1.5098,1.5099,1.5061,1.5061,48408.9
2026-09-28 17:34:00,1.5061,1.5061,1.5039,1.504,56791.7
2026-09-28 17:35:00,1.5041,1.5073,1.504,1.5073,25865.9
2026-09-28 17:36:00,1.5074,1.5079,1.5064,1.5069,29725.6
2026-09-28 17:37:00,1.5069,1.5073,1.504,1.5045,102140.0
2026-09-28 17:38:00,1.5044,1.5078,1.5042,1.5068,48698.0
2026-09-28 17:39:00,1.5067,1.5071,1.506,1.5064,76078.2
2026-09-28 17:40:00,1.5065,1.5073,1.5062,1.5067,29916.6
2026-09-28 17:41:00,1.5067,1.5097,1.5066,1.5095,66579.5
2026-09-28 17:42:00,1.5095,1.5095,1.5061,1.5082,46280.1
2026-09-28 17:43:00,1.5082,1.5085,1.5074,1.5077,45224.1
2026-09-28 17:44:00,1.5076,1.5076,1.507,1.5071,29534.3
2026-09-28 17:45:00,1.507,1.5082,1.5062,1.5069,61162.7
2026-09-28 17:46:00,1.5069,1.5071,1.5061,1.5065,47025.7
2026-09-28 17:47:00,1.5064,1.5073,1.5054,1.5054,95923.1
2026-09-28 17:48:00,1.5054,1.5075,1.5053,1.5075,66231.7
2026-09-28 17:49:00,1.5074,1.5083,1.5052,1.5057,142973.0
2026-09-28 17:50:00,1.5056,1.5065,1.5053,1.5053,115306.3
2026-09-28 17:51:00,1.5053,1.5053,1.504,1.5047,115587.3
2026-09-28 17:52:00,1.5047,1.5069,1.5046,1.5068,86225.1
2026-09-28 17:53:00,1.5067,1.5072,1.505,1.5052,127308.3
2026-09-28 17:54:00,1.5052,1.5064,1.5052,1.5053,58414.4
2026-09-28 17:55:00,1.5053,1.5055,1.5034,1.5055,83858.1
2026-09-28 17:56:00,1.5054,1.5077,1.505,1.5072,56804.2
2026-09-28 17:57:00,1.5072,1.5087,1.5072,1.5085,76616.0
2026-09-28 17:58:00,1.5085,1.5092,1.5076,1.508,239992.3
2026-09-28 17:59:00,1.5079,1.5082,1.507,1.5072,59517.0
2026-09-28 18:00:00,1.5072,1.5076,1.5049,1.5049,74356.1
2026-09-28 18:01:00,1.5049,1.5061,1.504,1.506,41271.4
2026-09-28 18:02:00,1.506,1.5107,1.506,1.5107,67266.2
2026-09-28 18:03:00,1.5106,1.5111,1.5094,1.5097,39802.2
2026-09-28 18:04:00,1.5097,1.5127,1.5094,1.5124,60243.3
2026-09-28 18:05:00,1.5125,1.5129,1.5107,1.5112,87377.3
2026-09-28 18:06:00,1.5111,1.5117,1.5091,1.5096,41062.7
2026-09-28 18:07:00,1.5095,1.5102,1.5084,1.51,53275.8
2026-09-28 18:08:00,1.51,1.5112,1.5095,1.5099,92164.1
2026-09-28 18:09:00,1.5099,1.5103,1.5096,1.5099,100200.0
2026-09-28 18:10:00,1.5099,1.5117,1.5098,1.5106,66670.9
2026-09-28 18:11:00,1.5106,1.5124,1.5106,1.5122,122007.7
2026-09-28 18:12:00,1.5123,1.5124,1.5116,1.5118,59391.0
2026-09-28 18:13:00,1.5117,1.5127,1.5114,1.5127,76700.9
2026-09-28 18:14:00,1.5127,1.5136,1.5124,1.5129,102462.3
2026-09-28 18:15:00,1.5129,1.5138,1.5129,1.5133,16235.1
2026-09-28 18:16:00,1.5133,1.5158,1.5132,1.5158,34643.3
2026-09-28 18:17:00,1.5158,1.5158,1.5133,1.5133,41648.9
2026-09-28 18:18:00,1.5135,1.5155,1.5135,1.5149,34068.6
2026-09-28 18:19:00,1.5148,1.5148,1.5124,1.5124,175239.5
2026-09-28 18:20:00,1.5123,1.5124,1.5111,1.5113,27146.1
2026-09-28 18:21:00,1.5113,1.5118,1.5093,1.5093,121108.4
2026-09-28 18:22:00,1.5092,1.512,1.5092,1.5109,103715.7
2026-09-28 18:23:00,1.511,1.5119,1.5096,1.5102,98093.2
2026-09-28 18:24:00,1.5103,1.511,1.5098,1.5109,175813.0
2026-09-28 18:25:00,1.5108,1.5124,1.5093,1.5102,57493.7
2026-09-28 18:26:00,1.5103,1.511,1.5097,1.511,11423.0
2026-09-28 18:27:00,1.511,1.5123,1.5106,1.5108,39122.2
2026-09-28 18:28:00,1.5107,1.5107,1.5088,1.5095,37445.7
2026-09-28 18:29:00,1.5094,1.5099,1.5091,1.5091,22724.4
2026-09-28 18:30:00,1.5092,1.5101,1.5073,1.5096,55545.1
2026-09-28 18:31:00,1.5096,1.5096,1.5058,1.5076,43159.4
2026-09-28 18:32:00,1.5076,1.5076,1.5052,1.5052,38451.0
2026-09-28 18:33:00,1.5051,1.5075,1.5048,1.5065,29327.0
2026-09-28 18:34:00,1.5064,1.5105,1.5064,1.5103,23898.5
2026-09-28 18:35:00,1.5102,1.5102,1.5091,1.5099,56444.7
2026-09-28 18:36:00,1.5099,1.51,1.5082,1.5099,75019.4
2026-09-28 18:37:00,1.5099,1.5109,1.5099,1.5101,182337.2
2026-09-28 18:38:00,1.5102,1.5104,1.5081,1.5081,100621.2
2026-09-28 18:39:00,1.508,1.508,1.506,1.5068,103805.0
2026-09-28 18:40:00,1.5068,1.5071,1.5054,1.5069,72130.3
2026-09-28 18:41:00,1.507,1.5079,1.5061,1.5078,51093.7
2026-09-28 18:42:00,1.5078,1.5087,1.5069,1.5073,26347.4
2026-09-28 18:43:00,1.5073,1.5076,1.5066,1.5076,24040.2
2026-09-28 18:44:00,1.5077,1.5099,1.5074,1.5093,23513.3
2026-09-28 18:45:00,1.5093,1.5093,1.5076,1.5081,42018.7
2026-09-28 18:46:00,1.5081,1.5093,1.508,1.5084,28087.3
2026-09-28 18:47:00,1.5084,1.5098,1.507,1.5098,34932.2
2026-09-28 18:48:00,1.5098,1.5119,1.5092,1.5102,66856.8
2026-09-28 18:49:00,1.5101,1.5111,1.5094,1.5105,34053.0
2026-09-28 18:50:00,1.5106,1.5123,1.5105,1.5119,8626.4
2026-09-28 18:51:00,1.5118,1.5121,1.511,1.5119,40812.7
2026-09-28 18:52:00,1.512,1.5154,1.5119,1.5154,123378.9
2026-09-28 18:53:00,1.5154,1.5169,1.5139,1.5139,84328.6
2026-09-28 18:54:00,1.514,1.5145,1.5129,1.5143,51604.9
2026-09-28 18:55:00,1.5142,1.5148,1.5135,1.514,69235.6
2026-09-28 18:56:00,1.5139,1.5145,1.512,1.5123,261536.0
2026-09-28 18:57:00,1.5123,1.5133,1.5117,1.5118,18480.7
2026-09-28 18:58:00,1.5118,1.5126,1.5118,1.5122,42213.7
2026-09-28 18:59:00,1.5122,1.5131,1.5122,1.5123,39746.6
2026-09-28 19:00:00,1.5123,1.5126,1.5101,1.5104,39712.3
2026-09-28 19:01:00,1.5104,1.5107,1.5088,1.5089,136637.9
2026-09-28 19:02:00,1.5089,1.5089,1.5053,1.5066,65504.9
2026-09-28 19:03:00,1.5067,1.5067,1.505,1.505,498059.6
2026-09-28 19:04:00,1.505,1.5051,1.5041,1.5041,33883.1
2026-09-28 19:05:00,1.504,1.5041,1.5025,1.5037,80951.4
2026-09-28 19:06:00,1.5038,1.504,1.4994,1.4994,139395.9
2026-09-28 19:07:00,1.4994,1.5011,1.4987,1.4989,114554.0
2026-09-28 19:08:00,1.4989,1.4991,1.4976,1.4978,143533.6
2026-09-28 19:09:00,1.4977,1.4977,1.496,1.4966,97996.9
2026-09-28 19:10:00,1.4966,1.4967,1.4948,1.4957,176963.6
2026-09-28 19:11:00,1.4958,1.4965,1.4953,1.4953,132409.4
2026-09-28 19:12:00,1.4953,1.4983,1.4953,1.4974,100719.5
2026-09-28 19:13:00,1.4975,1.4999,1.4975,1.4991,93897.5
2026-09-28 19:14:00,1.4991,1.4991,1.4979,1.4979,17691.6
2026-09-28 19:15:00,1.4978,1.4979,1.495,1.4979,65301.5
2026-09-28 19:16:00,1.4978,1.4987,1.4943,1.4947,97829.8
2026-09-28 19:17:00,1.4948,1.4971,1.4943,1.4952,79600.7
2026-09-28 19:18:00,1.4952,1.4978,1.4948,1.4973,47520.0
2026-09-28 19:19:00,1.4972,1.4977,1.4958,1.4977,39680.5
2026-09-28 19:20:00,1.4976,1.498,1.4965,1.497,72705.5
2026-09-28 19:21:00,1.4969,1.4981,1.4962,1.497,29582.4
2026-09-28 19:22:00,1.4969,1.4976,1.4952,1.4959,55618.2
2026-09-28 19:23:00,1.496,1.4962,1.4954,1.4958,27071.5
2026-09-28 19:24:00,1.4958,1.4967,1.4957,1.4966,21559.1
2026-09-28 19:25:00,1.4967,1.497,1.4948,1.4949,58463.3
2026-09-28 19:26:00,1.4948,1.496,1.4948,1.4955,68006.0
2026-09-28 19:27:00,1.4955,1.4964,1.4952,1.4959,8241.3
2026-09-28 19:28:00,1.4959,1.4966,1.4956,1.4965,16124.6
2026-09-28 19:29:00,1.4966,1.4966,1.4941,1.4944,97721.8
2026-09-28 19:30:00,1.4945,1.4946,1.4939,1.494,83835.9
2026-09-28 19:31:00,1.494,1.4947,1.4922,1.4941,130427.5
2026-09-28 19:32:00,1.4941,1.4948,1.4923,1.4928,95370.4
2026-09-28 19:33:00,1.4929,1.4936,1.49,1.4903,241185.2
2026-09-28 19:34:00,1.4904,1.4915,1.4896,1.4905,149584.6
2026-09-28 19:35:00,1.4905,1.4908,1.4894,1.4895,181516.4
2026-09-28 19:36:00,1.4895,1.4895,1.4875,1.4878,94981.0
2026-09-28 19:37:00,1.4878,1.4878,1.4846,1.4847,362461.2
2026-09-28 19:38:00,1.4847,1.4858,1.4825,1.4842,458648.5
2026-09-28 19:39:00,1.4843,1.4855,1.4815,1.4825,107128.2
2026-09-28 19:40:00,1.4825,1.4825,1.4803,1.4804,197658.8
2026-09-28 19:41:00,1.4805,1.4834,1.48,1.4831,114261.5
2026-09-28 19:42:00,1.4832,1.485,1.483,1.485,94149.6
2026-09-28 19:43:00,1.485,1.4869,1.4842,1.4848,101323.0
2026-09-28 19:44:00,1.4848,1.4871,1.484,1.4865,111715.8
2026-09-28 19:45:00,1.4865,1.4899,1.4865,1.4899,71855.6
2026-09-28 19:46:00,1.4899,1.4899,1.4878,1.4882,108149.1
2026-09-28 19:47:00,1.4882,1.4891,1.4875,1.4878,48061.7
2026-09-28 19:48:00,1.4878,1.488,1.4868,1.4876,35404.0
2026-09-28 19:49:00,1.4877,1.488,1.4866,1.4873,46114.6
2026-09-28 19:50:00,1.4872,1.4899,1.4871,1.489,66400.2
2026-09-28 19:51:00,1.489,1.4912,1.489,1.4912,59488.2
2026-09-28 19:52:00,1.4912,1.4924,1.4911,1.4924,49193.6
2026-09-28 19:53:00,1.4923,1.4932,1.4912,1.4916,28824.6
2026-09-28 19:54:00,1.4917,1.4919,1.49,1.4902,23783.0
2026-09-28 19:55:00,1.4902,1.4917,1.49,1.4903,50403.5
2026-09-28 19:56:00,1.4902,1.4907,1.4896,1.4899,23631.3
2026-09-28 19:57:00,1.4899,1.49,1.4881,1.4881,23284.9
2026-09-28 19:58:00,1.4881,1.4898,1.4869,1.4883,77535.8
2026-09-28 19:59:00,1.4883,1.4883,1.48,1.4841,907919.9
2026-09-28 20:00:00,1.4841,1.4873,1.4841,1.4855,72092.7
2026-09-28 20:01:00,1.4855,1.4855,1.4774,1.4787,649562.7
2026-09-28 20:02:00,1.4787,1.4821,1.4767,1.4821,256018.7
2026-09-28 20:03:00,1.4821,1.4848,1.4821,1.4828,47484.2
2026-09-28 20:04:00,1.4828,1.4878,1.4826,1.4866,82322.0
2026-09-28 20:05:00,1.4866,1.4887,1.4866,1.488,68302.9
2026-09-28 20:06:00,1.488,1.4901,1.487,1.4901,60850.4
2026-09-28 20:07:00,1.4901,1.4915,1.4897,1.4911,128562.1
2026-09-28 20:08:00,1.4911,1.4919,1.4904,1.4914,129859.9
2026-09-28 20:09:00,1.4914,1.492,1.4906,1.492,96237.3
2026-09-28 20:10:00,1.492,1.4927,1.4915,1.4922,25124.7
2026-09-28 20:11:00,1.4921,1.4929,1.4914,1.492,61375.3
2026-09-28 20:12:00,1.4919,1.4919,1.489,1.4896,41322.5
2026-09-28 20:13:00,1.4897,1.4923,1.4886,1.4918,58052.8
2026-09-28 20:14:00,1.4917,1.492,1.4907,1.491,14461.4
2026-09-28 20:15:00,1.4909,1.4915,1.4896,1.4896,69887.0
2026-09-28 20:16:00,1.4896,1.4896,1.4875,1.4875,65299.6
2026-09-28 20:17:00,1.4876,1.4882,1.4876,1.4878,55151.2
2026-09-28 20:18:00,1.4878,1.4884,1.4873,1.4883,97274.6
2026-09-28 20:19:00,1.4883,1.4915,1.4883,1.4906,90653.0
2026-09-28 20:20:00,1.4907,1.4923,1.4907,1.4917,45528.5
2026-09-28 20:21:00,1.4917,1.492,1.491,1.4919,8553.7
2026-09-28 20:22:00,1.4919,1.4927,1.4917,1.4926,19797.3
2026-09-28 20:23:00,1.4927,1.4927,1.4898,1.4899,63717.2
2026-09-28 20:24:00,1.4899,1.4948,1.4899,1.4946,86415.5
2026-09-28 20:25:00,1.4946,1.4948,1.4932,1.4938,40614.9
2026-09-28 20:26:00,1.4937,1.4939,1.4929,1.4939,20296.3
2026-09-28 20:27:00,1.4939,1.4939,1.4921,1.4931,23212.2
2026-09-28 20:28:00,1.4931,1.4936,1.4928,1.4934,20240.5
2026-09-28 20:29:00,1.4933,1.4938,1.4912,1.4917,95911.8
2026-09-28 20:30:00,1.4917,1.4919,1.491,1.4911,35919.7
2026-09-28 20:31:00,1.491,1.4936,1.4907,1.4926,36551.0
2026-09-28 20:32:00,1.4925,1.4935,1.4922,1.4929,8682.4
2026-09-28 20:33:00,1.493,1.4935,1.4925,1.4927,15503.8
2026-09-28 20:34:00,1.4927,1.4933,1.4923,1.4932,5569.3
2026-09-28 20:35:00,1.4932,1.4936,1.4925,1.4933,8361.9
2026-09-28 20:36:00,1.4932,1.4934,1.4923,1.4924,27704.7
2026-09-28 20:37:00,1.4923,1.4923,1.4909,1.4915,26445.9
2026-09-28 20:38:00,1.4915,1.4924,1.4913,1.4923,8578.5
2026-09-28 20:39:00,1.4922,1.4932,1.4921,1.4927,60149.1
2026-09-28 20:40:00,1.4928,1.4939,1.4928,1.4935,33470.3
2026-09-28 20:41:00,1.4935,1.4948,1.4935,1.4945,38436.0
2026-09-28 20:42:00,1.4946,1.4947,1.4927,1.4927,22886.7
2026-09-28 20:43:00,1.4926,1.4933,1.4908,1.4928,32720.0
2026-09-28 20:44:00,1.4929,1.493,1.4922,1.4924,9284.4
2026-09-28 20:45:00,1.4923,1.4923,1.4914,1.4916,26001.0
2026-09-28 20:46:00,1.4916,1.4928,1.4912,1.4928,22062.3
2026-09-28 20:47:00,1.4929,1.4939,1.4926,1.4929,13961.6
2026-09-28 20:48:00,1.4929,1.4934,1.492,1.4923,12355.1
2026-09-28 20:49:00,1.4922,1.4924,1.4916,1.4923,18584.9
2026-09-28 20:50:00,1.4923,1.4923,1.4908,1.4914,13369.9
2026-09-28 20:51:00,1.4913,1.4926,1.4908,1.4923,69392.8
2026-09-28 20:52:00,1.4922,1.4923,1.4912,1.4917,40144.4
2026-09-28 20:53:00,1.4916,1.4927,1.4915,1.4926,10220.2
2026-09-28 20:54:00,1.4926,1.4941,1.4925,1.4932,37827.3
2026-09-28 20:55:00,1.4932,1.4946,1.4931,1.4942,29508.3
2026-09-28 20:56:00,1.4942,1.4952,1.4942,1.4952,37167.3
2026-09-28 20:57:00,1.4951,1.496,1.4946,1.4948,146344.0
2026-09-28 20:58:00,1.4948,1.4951,1.4944,1.4948,24464.0
2026-09-28 20:59:00,1.4948,1.4954,1.4945,1.4951,83861.8
2026-09-28 21:00:00,1.4952,1.4978,1.4952,1.4974,47575.7
2026-09-28 21:01:00,1.4973,1.4996,1.4973,1.4994,69313.6
2026-09-28 21:02:00,1.4994,1.5,1.4987,1.4997,105609.4
2026-09-28 21:03:00,1.4997,1.5006,1.4991,1.4995,77443.2
2026-09-28 21:04:00,1.4995,1.5009,1.4994,1.4994,41130.3
2026-09-28 21:05:00,1.4995,1.5001,1.4982,1.4982,32385.9
2026-09-28 21:06:00,1.4981,1.4987,1.4974,1.4978,58378.2
2026-09-28 21:07:00,1.4977,1.4977,1.495,1.495,21117.4
2026-09-28 21:08:00,1.495,1.4971,1.4944,1.4968,84572.1
2026-09-28 21:09:00,1.4968,1.4974,1.4965,1.4971,16411.2
2026-09-28 21:10:00,1.4972,1.4976,1.4952,1.4957,35812.5
2026-09-28 21:11:00,1.4957,1.496,1.4949,1.4955,38176.7
2026-09-28 21:12:00,1.4954,1.4956,1.4944,1.4955,82583.2
2026-09-28 21:13:00,1.4955,1.4955,1.4945,1.4948,55604.9
2026-09-28 21:14:00,1.4948,1.4948,1.4939,1.494,42014.0
2026-09-28 21:15:00,1.494,1.4947,1.4927,1.4927,103325.4
2026-09-28 21:16:00,1.4928,1.4939,1.4928,1.4935,49419.3
2026-09-28 21:17:00,1.4935,1.4935,1.4909,1.491,77222.6
2026-09-28 21:18:00,1.491,1.4912,1.4901,1.4905,12301.0
2026-09-28 21:19:00,1.4906,1.4933,1.4902,1.4933,33178.8
2026-09-28 21:20:00,1.4934,1.4934,1.4922,1.4922,36933.7
2026-09-28 21:21:00,1.4921,1.4929,1.4913,1.4913,59392.3
2026-09-28 21:22:00,1.4912,1.4917,1.491,1.4916,13105.1
2026-09-28 21:23:00,1.4916,1.4919,1.4901,1.4901,18647.7
2026-09-28 21:24:00,1.4902,1.491,1.4902,1.491,28180.1
2026-09-28 21:25:00,1.491,1.4919,1.4902,1.4913,22558.9
2026-09-28 21:26:00,1.4912,1.4912,1.4902,1.4905,24561.5
2026-09-28 21:27:00,1.4905,1.4905,1.489,1.4898,54888.5
2026-09-28 21:28:00,1.4898,1.4933,1.4898,1.4933,957188.1
2026-09-28 21:29:00,1.4933,1.4934,1.4928,1.4933,36332.5
2026-09-28 21:30:00,1.4933,1.4944,1.4933,1.4942,69649.9
2026-09-28 21:31:00,1.4941,1.4941,1.4923,1.4923,45359.5
2026-09-28 21:32:00,1.4924,1.4927,1.4922,1.4925,208596.4
2026-09-28 21:33:00,1.4925,1.4933,1.4924,1.493,26365.2
2026-09-28 21:34:00,1.493,1.4941,1.4929,1.494,29607.3
2026-09-28 21:35:00,1.4939,1.4945,1.4939,1.494,38280.3
2026-09-28 21:36:00,1.4941,1.495,1.494,1.4948,44260.8
2026-09-28 21:37:00,1.4948,1.4948,1.4931,1.4932,279079.1
2026-09-28 21:38:00,1.4931,1.4931,1.4923,1.4923,101249.6
2026-09-28 21:39:00,1.4923,1.4924,1.4895,1.4895,1821995.4
2026-09-28 21:40:00,1.4895,1.4901,1.4882,1.4893,424015.7
2026-09-28 21:41:00,1.4892,1.4892,1.4875,1.4885,222523.7
2026-09-28 21:42:00,1.4885,1.4886,1.4884,1.4885,32000.4
2026-09-28 21:43:00,1.4886,1.4897,1.4883,1.4892,74869.9
2026-09-28 21:44:00,1.4892,1.4902,1.4892,1.4893,39303.0
2026-09-28 21:45:00,1.4894,1.4907,1.4893,1.4906,11076.2
2026-09-28 21:46:00,1.4906,1.4906,1.4886,1.4886,36515.2
2026-09-28 21:47:00,1.4887,1.4887,1.4861,1.487,47622.5
2026-09-28 21:48:00,1.4871,1.4872,1.486,1.4869,27219.6
2026-09-28 21:49:00,1.4869,1.4882,1.4868,1.4868,168750.9
2026-09-28 21:50:00,1.4868,1.4868,1.4858,1.4858,10074.1
2026-09-28 21:51:00,1.4858,1.4862,1.485,1.4862,71398.7
2026-09-28 21:52:00,1.4863,1.4875,1.4856,1.487,18553.5
2026-09-28 21:53:00,1.4871,1.4881,1.4853,1.4853,30013.0
2026-09-28 21:54:00,1.4852,1.4859,1.4844,1.4852,83322.4
2026-09-28 21:55:00,1.4851,1.4862,1.4851,1.486,16870.3
2026-09-28 21:56:00,1.486,1.4868,1.4857,1.4867,27780.2
2026-09-28 21:57:00,1.4868,1.4875,1.4864,1.4871,8785.3
2026-09-28 21:58:00,1.4872,1.4876,1.4869,1.4876,15032.4
2026-09-28 21:59:00,1.4877,1.4877,1.4857,1.486,102446.3
2026-09-28 22:00:00,1.4861,1.4867,1.4775,1.4835,1168560.6
2026-09-28 22:01:00,1.4836,1.4839,1.4829,1.4832,33930.4
2026-09-28 22:02:00,1.4831,1.4837,1.4799,1.4837,132885.6
2026-09-28 22:03:00,1.4837,1.4853,1.4821,1.4825,98568.6
2026-09-28 22:04:00,1.4824,1.484,1.4815,1.4821,121012.3
2026-09-28 22:05:00,1.482,1.482,1.4786,1.4788,200247.9
2026-09-28 22:06:00,1.4787,1.4801,1.4779,1.4787,232793.8
2026-09-28 22:07:00,1.4787,1.4799,1.4786,1.4793,36930.9
2026-09-28 22:08:00,1.4793,1.4814,1.4793,1.481,42565.5
2026-09-28 22:09:00,1.4811,1.4811,1.4795,1.48,20785.1
2026-09-28 22:10:00,1.48,1.4804,1.4788,1.4797,81193.7
2026-09-28 22:11:00,1.4798,1.4799,1.479,1.4797,32064.3
2026-09-28 22:12:00,1.4798,1.4801,1.4794,1.4799,14524.1
2026-09-28 22:13:00,1.4799,1.4808,1.4799,1.4808,29516.2
2026-09-28 22:14:00,1.4809,1.4818,1.4801,1.4804,31017.0
2026-09-28 22:15:00,1.4803,1.4806,1.4797,1.4799,13943.5
2026-09-28 22:16:00,1.48,1.4814,1.48,1.481,24326.7
2026-09-28 22:17:00,1.481,1.4838,1.481,1.4838,8655.7
2026-09-28 22:18:00,1.4838,1.4841,1.4835,1.4837,10947.2
2026-09-28 22:19:00,1.4838,1.4847,1.4833,1.4844,22582.0
2026-09-28 22:20:00,1.4843,1.4843,1.4822,1.4833,23327.8
2026-09-28 22:21:00,1.4833,1.4845,1.4827,1.4843,15978.8
2026-09-28 22:22:00,1.4843,1.4844,1.483,1.4834,11839.5
2026-09-28 22:23:00,1.4833,1.4838,1.4828,1.4835,21247.3
2026-09-28 22:24:00,1.4835,1.4842,1.483,1.4837,8499.7
2026-09-28 22:25:00,1.4836,1.4839,1.4829,1.4836,9783.6
2026-09-28 22:26:00,1.4837,1.4848,1.4837,1.4848,9343.8
2026-09-28 22:27:00,1.4848,1.4856,1.4846,1.4852,15546.9
2026-09-28 22:28:00,1.4851,1.4851,1.4845,1.4845,19474.2
2026-09-28 22:29:00,1.4845,1.4845,1.4834,1.4843,58260.6
2026-09-28 22:30:00,1.4842,1.485,1.4842,1.4845,8454.1
2026-09-28 22:31:00,1.4845,1.4845,1.4838,1.4838,8641.9
2026-09-28 22:32:00,1.4839,1.4863,1.4835,1.4863,37762.9
2026-09-28 22:33:00,1.4863,1.4872,1.4863,1.4871,19311.4
2026-09-28 22:34:00,1.487,1.4873,1.4861,1.4868,99256.5
2026-09-28 22:35:00,1.4868,1.4884,1.4868,1.4883,47426.0
2026-09-28 22:36:00,1.4883,1.4902,1.4883,1.49,75372.0
2026-09-28 22:37:00,1.49,1.4927,1.4898,1.4927,89169.8
2026-09-28 22:38:00,1.4927,1.4936,1.4922,1.4934,50760.0
2026-09-28 22:39:00,1.4933,1.4934,1.4916,1.4921,23665.1
2026-09-28 22:40:00,1.4922,1.4935,1.4922,1.4927,60146.1
2026-09-28 22:41:00,1.4927,1.4934,1.4924,1.4928,24718.9
2026-09-28 22:42:00,1.4927,1.4928,1.4925,1.4928,5125.4
2026-09-28 22:43:00,1.4927,1.4928,1.4921,1.4926,34902.5
2026-09-28 22:44:00,1.4926,1.4929,1.492,1.4923,15556.8
2026-09-28 22:45:00,1.4923,1.4927,1.4922,1.4925,45604.1
2026-09-28 22:46:00,1.4925,1.4929,1.4922,1.4927,5340.0
2026-09-28 22:47:00,1.4927,1.4927,1.4912,1.4917,217405.0
2026-09-28 22:48:00,1.4916,1.4922,1.4915,1.4922,15136.1
2026-09-28 22:49:00,1.4922,1.4927,1.4918,1.492,9895.0
2026-09-28 22:50:00,1.4921,1.4924,1.4918,1.4922,9038.2
2026-09-28 22:51:00,1.4922,1.4928,1.4919,1.4928,12600.0
2026-09-28 22:52:00,1.4928,1.4935,1.4928,1.4935,39001.4
2026-09-28 22:53:00,1.4933,1.4939,1.4931,1.4938,17794.9
2026-09-28 22:54:00,1.4939,1.4941,1.4931,1.4932,125540.2
2026-09-28 22:55:00,1.4932,1.4939,1.4932,1.4934,201663.6
2026-09-28 22:56:00,1.4934,1.4939,1.4932,1.4936,130545.0
2026-09-28 22:57:00,1.4935,1.4935,1.4932,1.4933,17938.2
2026-09-28 22:58:00,1.4933,1.4933,1.4927,1.4928,35893.0
2026-09-28 22:59:00,1.4928,1.493,1.4927,1.493,69732.2
2026-09-28 23:00:00,1.4929,1.4942,1.4923,1.4941,94350.6
2026-09-28 23:01:00,1.4941,1.4958,1.4941,1.4958,62518.2
2026-09-28 23:02:00,1.4957,1.4983,1.4956,1.4982,31833.4
2026-09-28 23:03:00,1.4982,1.4994,1.4982,1.4992,183217.7
2026-09-28 23:04:00,1.4993,1.5006,1.4988,1.4988,76399.9
2026-09-28 23:05:00,1.4988,1.4988,1.497,1.4973,51783.7
2026-09-28 23:06:00,1.4973,1.4973,1.4951,1.4959,24403.5
2026-09-28 23:07:00,1.4958,1.4964,1.4952,1.4964,9200.6
2026-09-28 23:08:00,1.4965,1.4967,1.4952,1.4957,21660.9
2026-09-28 23:09:00,1.4956,1.4961,1.4952,1.4952,6106.9
2026-09-28 23:10:00,1.4952,1.4954,1.4938,1.4941,48404.9
2026-09-28 23:11:00,1.494,1.494,1.4929,1.4934,9004.5
2026-09-28 23:12:00,1.4934,1.4944,1.4934,1.4937,16071.9
2026-09-28 23:13:00,1.4938,1.4938,1.4917,1.4918,16469.3
2026-09-28 23:14:00,1.4919,1.4928,1.4918,1.4928,64914.9
2026-09-28 23:15:00,1.4928,1.495,1.4928,1.4944,31182.2
2026-09-28 23:16:00,1.4943,1.4958,1.4941,1.4954,29560.4
2026-09-28 23:17:00,1.4954,1.496,1.4953,1.4957,22605.8
2026-09-28 23:18:00,1.4957,1.4961,1.4948,1.4961,33219.4
2026-09-28 23:19:00,1.496,1.4964,1.4951,1.4956,14011.0
2026-09-28 23:20:00,1.4956,1.4965,1.495,1.4955,20816.9
2026-09-28 23:21:00,1.4954,1.4956,1.4946,1.4952,47847.8
2026-09-28 23:22:00,1.4953,1.4956,1.4951,1.4955,9851.4
2026-09-28 23:23:00,1.4954,1.4961,1.4949,1.496,78077.3
2026-09-28 23:24:00,1.4959,1.4963,1.4955,1.4963,12332.8
2026-09-28 23:25:00,1.4963,1.4969,1.4956,1.4968,16822.6
2026-09-28 23:26:00,1.4968,1.4979,1.4967,1.4978,21099.5
2026-09-28 23:27:00,1.4977,1.4981,1.4973,1.4981,20728.1
2026-09-28 23:28:00,1.498,1.4981,1.4972,1.4972,34974.0
2026-09-28 23:29:00,1.4971,1.4971,1.4966,1.497,11394.6
2026-09-28 23:30:00,1.4971,1.4976,1.4971,1.4971,31774.0
2026-09-28 23:31:00,1.4971,1.4971,1.4964,1.4969,18430.2
2026-09-28 23:32:00,1.4969,1.4971,1.4966,1.4971,20517.9
2026-09-28 23:33:00,1.497,1.4971,1.4964,1.4969,9910.6
2026-09-28 23:34:00,1.4968,1.4969,1.4951,1.4954,32441.3
2026-09-28 23:35:00,1.4954,1.4962,1.4954,1.4961,11361.8
2026-09-28 23:36:00,1.4961,1.4964,1.4959,1.4962,13295.7
2026-09-28 23:37:00,1.4963,1.4969,1.4962,1.4966,10719.9
2026-09-28 23:38:00,1.4966,1.4969,1.4955,1.4958,19787.8
2026-09-28 23:39:00,1.4958,1.4958,1.4942,1.4953,135231.2
2026-09-28 23:40:00,1.4953,1.4971,1.4951,1.497,30283.6
2026-09-28 23:41:00,1.497,1.497,1.496,1.4963,6283.1
2026-09-28 23:42:00,1.4964,1.4964,1.4955,1.4959,6966.2
2026-09-28 23:43:00,1.4958,1.4969,1.4957,1.4969,22101.3
2026-09-28 23:44:00,1.4969,1.497,1.496,1.497,21866.9
2026-09-28 23:45:00,1.4969,1.4972,1.4954,1.4954,10350.0
2026-09-28 23:46:00,1.4953,1.4965,1.4946,1.4965,22746.6
2026-09-28 23:47:00,1.4965,1.4969,1.4964,1.4968,10314.9
2026-09-28 23:48:00,1.4968,1.4968,1.4963,1.4966,4573.0
2026-09-28 23:49:00,1.4966,1.4967,1.4964,1.4967,22532.8
2026-09-28 23:50:00,1.4966,1.4966,1.4953,1.4961,47496.6
2026-09-28 23:51:00,1.4961,1.4966,1.496,1.4965,21860.1
2026-09-28 23:52:00,1.4966,1.4969,1.4964,1.4969,22002.4
2026-09-28 23:53:00,1.497,1.4973,1.4969,1.497,65527.7
2026-09-28 23:54:00,1.497,1.4978,1.4969,1.4978,25102.1
2026-09-28 23:55:00,1.4979,1.498,1.4962,1.4967,88256.1
2026-09-28 23:56:00,1.4966,1.4971,1.4966,1.4971,22270.4
2026-09-28 23:57:00,1.4971,1.4978,1.4971,1.4971,14420.6
2026-09-28 23:58:00,1.4971,1.4978,1.497,1.4974,16465.8
2026-09-28 23:59:00,1.4973,1.4973,1.4967,1.4968,50457.1
2026-09-29 00:00:00,1.4968,1.497,1.4958,1.4959,38923.8
2026-09-29 00:01:00,1.4959,1.4977,1.4957,1.497,49734.2
2026-09-29 00:02:00,1.4969,1.499,1.4967,1.499,134605.2
2026-09-29 00:03:00,1.4991,1.4991,1.497,1.4989,28929.1
2026-09-29 00:04:00,1.4989,1.4995,1.4985,1.4993,30749.3
2026-09-29 00:05:00,1.4993,1.4997,1.4981,1.4981,43367.5
2026-09-29 00:06:00,1.4982,1.5003,1.4977,1.5,52246.8
2026-09-29 00:07:00,1.4999,1.4999,1.4989,1.499,72573.9
2026-09-29 00:08:00,1.499,1.4995,1.4985,1.499,21029.7
2026-09-29 00:09:00,1.499,1.4998,1.4989,1.499,59594.0
2026-09-29 00:10:00,1.4989,1.499,1.498,1.4983,11562.1
2026-09-29 00:11:00,1.4983,1.4988,1.4968,1.4987,57925.3
2026-09-29 00:12:00,1.4988,1.4995,1.4975,1.4993,24176.5
2026-09-29 00:13:00,1.4994,1.5006,1.499,1.5002,62615.6
2026-09-29 00:14:00,1.5002,1.5002,1.4994,1.4995,35963.8
2026-09-29 00:15:00,1.4996,1.4996,1.4975,1.4975,18272.7
2026-09-29 00:16:00,1.4976,1.4976,1.4959,1.497,220632.6
2026-09-29 00:17:00,1.4971,1.4971,1.4952,1.4954,17629.6
2026-09-29 00:18:00,1.4954,1.4954,1.4945,1.4948,49296.2
2026-09-29 00:19:00,1.4948,1.497,1.4948,1.4965,29058.8
2026-09-29 00:20:00,1.4964,1.4964,1.4951,1.4959,18731.3
2026-09-29 00:21:00,1.4958,1.4965,1.4956,1.4957,40299.5
2026-09-29 00:22:00,1.4956,1.4956,1.4946,1.4948,21615.4
2026-09-29 00:23:00,1.4947,1.4948,1.4939,1.494,62949.8
2026-09-29 00:24:00,1.4939,1.494,1.493,1.4933,67332.3
2026-09-29 00:25:00,1.4932,1.4979,1.4931,1.4974,146756.6
2026-09-29 00:26:00,1.4974,1.4989,1.4972,1.4988,61663.7
2026-09-29 00:27:00,1.4988,1.4992,1.4965,1.4972,57732.1
2026-09-29 00:28:00,1.4973,1.5002,1.4973,1.5001,45078.3
2026-09-29 00:29:00,1.5001,1.5002,1.4981,1.4989,20495.8
2026-09-29 00:30:00,1.4989,1.5003,1.4986,1.4994,54099.5
2026-09-29 00:31:00,1.4993,1.4993,1.4975,1.4975,24727.7
2026-09-29 00:32:00,1.4975,1.4996,1.4966,1.4996,32102.4
2026-09-29 00:33:00,1.4997,1.5018,1.4996,1.5018,243673.3
2026-09-29 00:34:00,1.5017,1.5027,1.5005,1.5009,84397.0
2026-09-29 00:35:00,1.5009,1.5033,1.5006,1.5028,29681.5
2026-09-29 00:36:00,1.5028,1.5038,1.5023,1.5032,53592.8
2026-09-29 00:37:00,1.5031,1.5032,1.5019,1.5032,11376.1
2026-09-29 00:38:00,1.5032,1.5033,1.5012,1.5012,20808.0
2026-09-29 00:39:00,1.5013,1.503,1.5012,1.5018,34627.6
2026-09-29 00:40:00,1.5018,1.5022,1.5014,1.5018,17688.7
2026-09-29 00:41:00,1.5018,1.5025,1.5016,1.502,14025.6
2026-09-29 00:42:00,1.502,1.5032,1.5017,1.5019,6909.3
2026-09-29 00:43:00,1.502,1.5033,1.5017,1.5023,17953.7
2026-09-29 00:44:00,1.5022,1.5028,1.502,1.5022,44713.4
2026-09-29 00:45:00,1.5021,1.5021,1.4985,1.4993,12251.1
2026-09-29 00:46:00,1.4992,1.4999,1.4982,1.4985,62091.0
2026-09-29 00:47:00,1.4986,1.4989,1.4975,1.4979,22257.4
2026-09-29 00:48:00,1.4978,1.4979,1.4964,1.4964,12371.7
2026-09-29 00:49:00,1.4963,1.4964,1.4939,1.4942,67879.1
2026-09-29 00:50:00,1.4942,1.4946,1.4932,1.4933,40415.4
2026-09-29 00:51:00,1.4932,1.4933,1.4917,1.4918,113519.1
2026-09-29 00:52:00,1.4919,1.4922,1.491,1.4918,35464.4
2026-09-29 00:53:00,1.4919,1.4921,1.4904,1.4912,43181.7
2026-09-29 00:54:00,1.4913,1.4914,1.4904,1.491,47311.1
2026-09-29 00:55:00,1.4909,1.4934,1.4908,1.492,43769.0
2026-09-29 00:56:00,1.492,1.492,1.49,1.4911,34694.7
2026-09-29 00:57:00,1.4911,1.4911,1.4884,1.4887,56819.9
2026-09-29 00:58:00,1.4887,1.49,1.4886,1.4899,38847.3
2026-09-29 00:59:00,1.4898,1.4903,1.4882,1.4882,78415.0
2026-09-29 01:00:00,1.4882,1.4905,1.4871,1.4883,176310.0
2026-09-29 01:01:00,1.4882,1.4906,1.4873,1.4903,33555.6
2026-09-29 01:02:00,1.4902,1.4948,1.4902,1.494,73139.3
2026-09-29 01:03:00,1.4939,1.4941,1.4922,1.4922,71481.3
2026-09-29 01:04:00,1.4921,1.4921,1.4894,1.4894,49369.3
2026-09-29 01:05:00,1.4893,1.4903,1.4881,1.4897,45853.0
2026-09-29 01:06:00,1.4897,1.4902,1.4871,1.4871,118196.7
2026-09-29 01:07:00,1.4872,1.4877,1.4859,1.4862,157423.5
2026-09-29 01:08:00,1.4861,1.4865,1.4848,1.4848,84608.3
2026-09-29 01:09:00,1.4848,1.485,1.4836,1.4843,144138.0
2026-09-29 01:10:00,1.4844,1.4848,1.482,1.482,256067.3
2026-09-29 01:11:00,1.4821,1.4824,1.4807,1.4809,174510.3
2026-09-29 01:12:00,1.481,1.4837,1.481,1.4829,68956.2
2026-09-29 01:13:00,1.4828,1.4828,1.4806,1.4806,164364.0
2026-09-29 01:14:00,1.4807,1.4831,1.4807,1.4816,120212.3
2026-09-29 01:15:00,1.4815,1.483,1.4801,1.4808,84934.0
2026-09-29 01:16:00,1.4807,1.4809,1.4788,1.4799,205088.4
2026-09-29 01:17:00,1.4798,1.4802,1.4775,1.4775,458862.3
2026-09-29 01:18:00,1.4776,1.479,1.4766,1.4774,188486.7
2026-09-29 01:19:00,1.4773,1.4775,1.4733,1.4746,533281.5
2026-09-29 01:20:00,1.4747,1.4794,1.4741,1.4787,184866.2
2026-09-29 01:21:00,1.4787,1.4829,1.4776,1.4807,121145.8
2026-09-29 01:22:00,1.4808,1.4842,1.4801,1.4842,70607.4
2026-09-29 01:23:00,1.4843,1.4854,1.4809,1.4815,118512.8
2026-09-29 01:24:00,1.4816,1.4817,1.4798,1.4806,70563.4
2026-09-29 01:25:00,1.4805,1.481,1.4786,1.479,64179.0
2026-09-29 01:26:00,1.4791,1.4798,1.4771,1.4772,93190.1
2026-09-29 01:27:00,1.4772,1.4772,1.475,1.475,170147.7
2026-09-29 01:28:00,1.475,1.4751,1.4726,1.4738,415038.5
2026-09-29 01:29:00,1.4737,1.4737,1.4722,1.4722,221892.2
2026-09-29 01:30:00,1.4723,1.4742,1.4706,1.473,430356.5
2026-09-29 01:31:00,1.4731,1.4748,1.4708,1.4709,172938.6
2026-09-29 01:32:00,1.4709,1.4729,1.4663,1.4725,1465284.4
2026-09-29 01:33:00,1.4725,1.4755,1.4725,1.4748,161748.3
2026-09-29 01:34:00,1.4748,1.4761,1.4728,1.4743,143099.4
2026-09-29 01:35:00,1.4743,1.4749,1.4701,1.4708,160674.6
2026-09-29 01:36:00,1.4708,1.4708,1.4664,1.468,822544.6
2026-09-29 01:37:00,1.468,1.4709,1.468,1.4693,256664.4
2026-09-29 01:38:00,1.4693,1.4711,1.4688,1.4697,164281.6
2026-09-29 01:39:00,1.4698,1.4704,1.4663,1.4664,516295.0
2026-09-29 01:40:00,1.4663,1.468,1.4663,1.4678,154924.9
2026-09-29 01:41:00,1.4678,1.4709,1.4663,1.4709,109849.6
2026-09-29 01:42:00,1.4708,1.4755,1.4708,1.4751,140944.7
2026-09-29 01:43:00,1.4751,1.4767,1.4707,1.4711,164102.8
2026-09-29 01:44:00,1.4711,1.4742,1.4711,1.474,90648.3
2026-09-29 01:45:00,1.4739,1.4784,1.4729,1.4784,152512.9
2026-09-29 01:46:00,1.4784,1.4793,1.4755,1.4755,157526.4
2026-09-29 01:47:00,1.4756,1.4764,1.4746,1.476,116274.5
2026-09-29 01:48:00,1.4761,1.4764,1.4745,1.4749,115915.0
2026-09-29 01:49:00,1.4749,1.4761,1.4735,1.4743,59443.3
2026-09-29 01:50:00,1.4744,1.4744,1.4714,1.4715,71851.9
2026-09-29 01:51:00,1.4715,1.4726,1.4711,1.4713,98481.6
2026-09-29 01:52:00,1.4713,1.475,1.4713,1.475,107069.6
2026-09-29 01:53:00,1.475,1.4785,1.4746,1.4775,53002.8
2026-09-29 01:54:00,1.4775,1.4776,1.4753,1.4767,77543.6
2026-09-29 01:55:00,1.4768,1.4772,1.4743,1.4748,85604.8
2026-09-29 01:56:00,1.4747,1.477,1.4744,1.4767,219235.3
2026-09-29 01:57:00,1.4766,1.4766,1.474,1.474,163899.1
2026-09-29 01:58:00,1.474,1.4773,1.4739,1.4757,195550.9
2026-09-29 01:59:00,1.4757,1.4784,1.4757,1.4774,56517.6
2026-09-29 02:00:00,1.4774,1.4804,1.4774,1.4803,62300.9
2026-09-29 02:01:00,1.4803,1.4803,1.4755,1.4761,81546.3
2026-09-29 02:02:00,1.4761,1.4777,1.4751,1.477,36871.2
2026-09-29 02:03:00,1.4769,1.4771,1.4752,1.4756,15274.9
2026-09-29 02:04:00,1.4755,1.4787,1.4752,1.4779,36838.1
2026-09-29 02:05:00,1.4779,1.4779,1.4756,1.4766,144785.6
2026-09-29 02:06:00,1.4767,1.4768,1.4745,1.4768,36775.7
2026-09-29 02:07:00,1.4767,1.4778,1.4752,1.4765,74989.2
2026-09-29 02:08:00,1.4766,1.4771,1.4738,1.4738,27352.8
2026-09-29 02:09:00,1.4738,1.4738,1.4721,1.4722,80748.3
2026-09-29 02:10:00,1.4723,1.473,1.4697,1.4698,100300.1
2026-09-29 02:11:00,1.4699,1.4712,1.4689,1.4694,52952.8
2026-09-29 02:12:00,1.4694,1.4754,1.4687,1.475,140083.4
2026-09-29 02:13:00,1.475,1.4778,1.4734,1.4771,45007.9
2026-09-29 02:14:00,1.4771,1.4771,1.4748,1.4756,55955.6
2026-09-29 02:15:00,1.4756,1.4777,1.4751,1.4774,54380.6
2026-09-29 02:16:00,1.4774,1.4792,1.4761,1.4778,29285.1
2026-09-29 02:17:00,1.4778,1.4778,1.4753,1.4755,37271.9
2026-09-29 02:18:00,1.4755,1.4773,1.4746,1.4762,36712.2
2026-09-29 02:19:00,1.4763,1.4792,1.4763,1.4792,51451.0
2026-09-29 02:20:00,1.4793,1.4818,1.4787,1.481,65620.7
2026-09-29 02:21:00,1.4809,1.4809,1.4753,1.4753,20639.9
2026-09-29 02:22:00,1.4754,1.4754,1.4697,1.4716,102779.4
2026-09-29 02:23:00,1.4717,1.4752,1.4716,1.4744,71827.1
2026-09-29 02:24:00,1.4744,1.475,1.4723,1.4724,41520.7
2026-09-29 02:25:00,1.4724,1.4733,1.4711,1.473,20102.1
2026-09-29 02:26:00,1.473,1.4733,1.4705,1.4706,66780.7
2026-09-29 02:27:00,1.4707,1.4722,1.4705,1.4706,29172.1
2026-09-29 02:28:00,1.4706,1.4706,1.4688,1.47,141646.0
2026-09-29 02:29:00,1.47,1.4707,1.4696,1.4707,44063.3
2026-09-29 02:30:00,1.4708,1.4724,1.4696,1.4697,124894.5
2026-09-29 02:31:00,1.4696,1.4722,1.469,1.4718,171212.7
2026-09-29 02:32:00,1.4718,1.4718,1.4701,1.4704,28661.5
2026-09-29 02:33:00,1.4703,1.471,1.4687,1.4691,54807.9
2026-09-29 02:34:00,1.4692,1.4704,1.4675,1.4677,201061.7
2026-09-29 02:35:00,1.4677,1.4701,1.4676,1.4698,99572.6
2026-09-29 02:36:00,1.4698,1.4704,1.4685,1.4703,51485.0
2026-09-29 02:37:00,1.4703,1.4726,1.4702,1.4726,71633.0
2026-09-29 02:38:00,1.4726,1.4751,1.4717,1.4751,77028.0
2026-09-29 02:39:00,1.4751,1.4767,1.4731,1.4731,47636.5
2026-09-29 02:40:00,1.4732,1.4757,1.4732,1.4748,88371.8
2026-09-29 02:41:00,1.4748,1.4759,1.4735,1.4759,31966.0
2026-09-29 02:42:00,1.476,1.4774,1.474,1.474,89101.1
2026-09-29 02:43:00,1.474,1.4768,1.4737,1.4766,80007.3
2026-09-29 02:44:00,1.4766,1.4776,1.4765,1.477,120805.4
2026-09-29 02:45:00,1.4771,1.479,1.4769,1.4788,108565.6
2026-09-29 02:46:00,1.4788,1.48,1.4782,1.4792,35168.8
2026-09-29 02:47:00,1.4792,1.4798,1.4772,1.4778,86370.1
2026-09-29 02:48:00,1.4779,1.4786,1.4772,1.478,43686.9
2026-09-29 02:49:00,1.4779,1.4779,1.475,1.475,96179.8
2026-09-29 02:50:00,1.475,1.475,1.4735,1.4749,64675.8
2026-09-29 02:51:00,1.4748,1.476,1.472,1.4721,54898.8
2026-09-29 02:52:00,1.4721,1.4736,1.472,1.4732,44532.4
2026-09-29 02:53:00,1.4732,1.4759,1.4723,1.4758,85488.0
2026-09-29 02:54:00,1.4758,1.4761,1.4751,1.4758,98581.8
2026-09-29 02:55:00,1.4759,1.4766,1.4754,1.4766,35768.5
2026-09-29 02:56:00,1.4765,1.4766,1.4758,1.4761,42376.5
2026-09-29 02:57:00,1.476,1.4764,1.4753,1.4764,41723.2
2026-09-29 02:58:00,1.4763,1.4768,1.4759,1.4761,48255.0
2026-09-29 02:59:00,1.4762,1.4765,1.4761,1.4762,34325.4
2026-09-29 03:00:00,1.4762,1.4793,1.4752,1.4793,231675.5
2026-09-29 03:01:00,1.4792,1.4802,1.4773,1.4785,104615.4
2026-09-29 03:02:00,1.4785,1.4794,1.4779,1.4791,33329.2
2026-09-29 03:03:00,1.4792,1.4816,1.479,1.4794,150006.4
2026-09-29 03:04:00,1.4795,1.4795,1.4758,1.4773,114652.5
2026-09-29 03:05:00,1.4774,1.478,1.4768,1.4769,28834.3
2026-09-29 03:06:00,1.477,1.4784,1.477,1.4784,77233.0
2026-09-29 03:07:00,1.4784,1.4798,1.4784,1.4789,62880.5
2026-09-29 03:08:00,1.4789,1.4791,1.477,1.4776,28291.7
2026-09-29 03:09:00,1.4777,1.4781,1.4768,1.4774,40069.6
2026-09-29 03:10:00,1.4773,1.4781,1.4765,1.4775,15502.8
2026-09-29 03:11:00,1.4775,1.4775,1.4768,1.4769,32651.7
2026-09-29 03:12:00,1.4769,1.4771,1.4759,1.4767,18285.2
2026-09-29 03:13:00,1.4766,1.4776,1.4763,1.4771,33770.2
2026-09-29 03:14:00,1.4772,1.4775,1.4763,1.4765,15825.7
2026-09-29 03:15:00,1.4766,1.4784,1.475,1.4784,94343.8
2026-09-29 03:16:00,1.4784,1.4793,1.4769,1.4778,59830.3
2026-09-29 03:17:00,1.4778,1.4796,1.4777,1.4794,48440.9
2026-09-29 03:18:00,1.4793,1.4795,1.4779,1.4793,126566.6
2026-09-29 03:19:00,1.4794,1.4825,1.4793,1.4818,104036.8
2026-09-29 03:20:00,1.4818,1.4846,1.4818,1.4844,126862.4
2026-09-29 03:21:00,1.4843,1.4888,1.4843,1.4878,246538.2
2026-09-29 03:22:00,1.4877,1.4886,1.4852,1.4859,46812.4
2026-09-29 03:23:00,1.4859,1.489,1.4858,1.4888,139994.1
2026-09-29 03:24:00,1.4888,1.4903,1.4887,1.4898,101514.0
2026-09-29 03:25:00,1.4898,1.4908,1.4877,1.4884,86073.4
2026-09-29 03:26:00,1.4884,1.4899,1.4882,1.4892,81605.6
2026-09-29 03:27:00,1.4891,1.4892,1.4869,1.4882,71877.5
2026-09-29 03:28:00,1.4882,1.4888,1.4877,1.4885,72879.6
2026-09-29 03:29:00,1.4885,1.4898,1.4882,1.4891,67799.6
2026-09-29 03:30:00,1.489,1.489,1.4859,1.4868,33729.2
2026-09-29 03:31:00,1.4868,1.4881,1.4863,1.4877,45447.5
2026-09-29 03:32:00,1.4878,1.4894,1.4871,1.4892,47135.2
2026-09-29 03:33:00,1.4892,1.4905,1.4892,1.4903,123018.1
2026-09-29 03:34:00,1.4902,1.4918,1.4902,1.4908,113497.9
2026-09-29 03:35:00,1.4909,1.4915,1.4896,1.4907,249454.7
2026-09-29 03:36:00,1.4907,1.492,1.4906,1.4917,179912.2
2026-09-29 03:37:00,1.4916,1.4921,1.4898,1.4903,75185.4
2026-09-29 03:38:00,1.4903,1.4913,1.4893,1.4893,10420.8
2026-09-29 03:39:00,1.4893,1.4896,1.4888,1.4892,31455.2
2026-09-29 03:40:00,1.4891,1.4891,1.4881,1.4886,57410.8
2026-09-29 03:41:00,1.4886,1.4905,1.4884,1.4903,83376.9
2026-09-29 03:42:00,1.4902,1.4908,1.4897,1.4907,79036.1
2026-09-29 03:43:00,1.4907,1.4908,1.4894,1.4897,38637.2
2026-09-29 03:44:00,1.4897,1.4899,1.4884,1.4885,7835.8
2026-09-29 03:45:00,1.4886,1.4889,1.4882,1.4887,30552.0
2026-09-29 03:46:00,1.4887,1.4895,1.4881,1.4892,52478.0
2026-09-29 03:47:00,1.4892,1.4892,1.4879,1.4882,28622.2
2026-09-29 03:48:00,1.4883,1.4899,1.4883,1.4889,36878.7
2026-09-29 03:49:00,1.4888,1.4896,1.4884,1.4892,33560.3
2026-09-29 03:50:00,1.4893,1.4897,1.4885,1.4888,12463.8
2026-09-29 03:51:00,1.4888,1.4893,1.4882,1.4887,28288.6
2026-09-29 03:52:00,1.4888,1.4894,1.4883,1.4888,36118.3
2026-09-29 03:53:00,1.4889,1.492,1.4889,1.4904,179365.2
2026-09-29 03:54:00,1.4903,1.4904,1.4889,1.4891,16510.6
2026-09-29 03:55:00,1.4892,1.4894,1.4882,1.4893,25603.4
2026-09-29 03:56:00,1.4893,1.4893,1.488,1.4883,8917.6
2026-09-29 03:57:00,1.4882,1.4882,1.488,1.4881,12834.7
2026-09-29 03:58:00,1.4881,1.4881,1.4873,1.4875,34174.3
2026-09-29 03:59:00,1.4875,1.4891,1.4875,1.489,34006.8
2026-09-29 04:00:00,1.4891,1.4899,1.4863,1.4867,105537.3
2026-09-29 04:01:00,1.4867,1.49,1.4864,1.49,48194.9
2026-09-29 04:02:00,1.49,1.4905,1.4888,1.4895,44702.9
2026-09-29 04:03:00,1.4895,1.4899,1.4853,1.4867,94155.9
2026-09-29 04:04:00,1.4866,1.4869,1.4855,1.4859,139319.5
2026-09-29 04:05:00,1.4858,1.4859,1.4841,1.4841,70020.8
2026-09-29 04:06:00,1.4841,1.4842,1.483,1.484,83041.4
2026-09-29 04:07:00,1.4841,1.485,1.4826,1.483,90068.0
2026-09-29 04:08:00,1.483,1.4832,1.4813,1.4816,119298.9
2026-09-29 04:09:00,1.4817,1.4842,1.4817,1.4841,89799.5
2026-09-29 04:10:00,1.484,1.4859,1.4838,1.4854,65194.2
2026-09-29 04:11:00,1.4853,1.4863,1.4853,1.4863,49303.9
2026-09-29 04:12:00,1.4863,1.4867,1.4853,1.4866,41662.3
2026-09-29 04:13:00,1.4866,1.4876,1.4864,1.4869,52541.7
2026-09-29 04:14:00,1.487,1.487,1.4853,1.4862,42589.9
2026-09-29 04:15:00,1.4863,1.4874,1.4863,1.4867,42818.9
2026-09-29 04:16:00,1.4866,1.4871,1.4862,1.4869,72589.2
2026-09-29 04:17:00,1.4868,1.4896,1.4865,1.4881,107608.6
2026-09-29 04:18:00,1.4881,1.4884,1.4858,1.4869,190865.8
2026-09-29 04:19:00,1.487,1.4891,1.487,1.489,46157.1
2026-09-29 04:20:00,1.489,1.4906,1.4888,1.4891,184971.8
2026-09-29 04:21:00,1.489,1.4908,1.489,1.4907,52162.8
2026-09-29 04:22:00,1.4907,1.492,1.4905,1.4919,74511.2
2026-09-29 04:23:00,1.492,1.492,1.4904,1.4905,100844.6
2026-09-29 04:24:00,1.4904,1.4904,1.4894,1.49,8741.0
2026-09-29 04:25:00,1.4901,1.4904,1.4886,1.4892,11697.9
2026-09-29 04:26:00,1.4893,1.4893,1.4877,1.4877,11577.0
2026-09-29 04:27:00,1.4876,1.4879,1.4874,1.4879,8930.4
2026-09-29 04:28:00,1.4878,1.4881,1.4874,1.488,13981.7
2026-09-29 04:29:00,1.4879,1.4879,1.4871,1.4874,11464.5
2026-09-29 04:30:00,1.4873,1.4874,1.4864,1.4867,23749.2
2026-09-29 04:31:00,1.4867,1.4871,1.4856,1.4858,28039.9
2026-09-29 04:32:00,1.4859,1.4863,1.4853,1.4856,19803.9
2026-09-29 04:33:00,1.4857,1.4857,1.4843,1.4846,60721.1
2026-09-29 04:34:00,1.4846,1.4846,1.4831,1.4832,19424.5
2026-09-29 04:35:00,1.4831,1.4833,1.4818,1.4821,76569.1
2026-09-29 04:36:00,1.482,1.4827,1.4817,1.4824,12227.5
2026-09-29 04:37:00,1.4824,1.4849,1.4823,1.4849,45491.0
2026-09-29 04:38:00,1.4848,1.4865,1.4846,1.4865,17700.7
2026-09-29 04:39:00,1.4866,1.4873,1.4859,1.4862,38306.6
2026-09-29 04:40:00,1.4863,1.4865,1.485,1.4855,15400.5
2026-09-29 04:41:00,1.4855,1.4867,1.4853,1.4864,11688.4
2026-09-29 04:42:00,1.4864,1.4865,1.4851,1.4856,12291.1
2026-09-29 04:43:00,1.4855,1.4855,1.4847,1.4851,9514.7
2026-09-29 04:44:00,1.4851,1.4852,1.4843,1.4846,45769.4
2026-09-29 04:45:00,1.4845,1.4852,1.4842,1.4842,18201.3
2026-09-29 04:46:00,1.4843,1.4844,1.4828,1.4828,11539.3
2026-09-29 04:47:00,1.4829,1.4832,1.4811,1.4814,53033.5
2026-09-29 04:48:00,1.4815,1.4816,1.4801,1.4809,10721.3
2026-09-29 04:49:00,1.4809,1.4811,1.4796,1.48,101422.9
2026-09-29 04:50:00,1.4801,1.4802,1.4795,1.4799,16331.1
2026-09-29 04:51:00,1.48,1.484,1.48,1.484,118019.7
2026-09-29 04:52:00,1.4841,1.4854,1.4838,1.4853,13843.8
2026-09-29 04:53:00,1.4853,1.4867,1.4847,1.4867,25129.3
2026-09-29 04:54:00,1.4866,1.4867,1.4854,1.4857,11534.7
2026-09-29 04:55:00,1.4856,1.4861,1.4852,1.4861,13587.2
2026-09-29 04:56:00,1.486,1.487,1.4859,1.4862,29513.9
2026-09-29 04:57:00,1.4861,1.4864,1.4856,1.4861,23432.3
2026-09-29 04:58:00,1.4859,1.4861,1.4853,1.486,42274.7
2026-09-29 04:59:00,1.486,1.4861,1.4854,1.4856,18251.6
2026-09-29 05:00:00,1.4856,1.4878,1.4851,1.4876,56804.2
2026-09-29 05:01:00,1.4876,1.4883,1.4869,1.4883,209210.4
2026-09-29 05:02:00,1.4883,1.4891,1.4873,1.488,44031.4
2026-09-29 05:03:00,1.4879,1.4897,1.4868,1.4868,78246.7
2026-09-29 05:04:00,1.4867,1.4884,1.4857,1.4874,35388.6
2026-09-29 05:05:00,1.4873,1.4882,1.4867,1.4867,56825.2
2026-09-29 05:06:00,1.4867,1.4867,1.4843,1.4844,22972.3
2026-09-29 05:07:00,1.4844,1.4851,1.484,1.484,28100.0
2026-09-29 05:08:00,1.484,1.4841,1.4829,1.4835,18002.6
2026-09-29 05:09:00,1.4835,1.4847,1.4828,1.4847,81096.9
2026-09-29 05:10:00,1.4846,1.4847,1.4832,1.4844,20417.2
2026-09-29 05:11:00,1.4845,1.4866,1.484,1.4866,42289.0
2026-09-29 05:12:00,1.4866,1.4873,1.4865,1.4872,30390.6
2026-09-29 05:13:00,1.4872,1.4876,1.4866,1.487,6404.3
2026-09-29 05:14:00,1.487,1.488,1.4865,1.488,48727.8
2026-09-29 05:15:00,1.488,1.4887,1.4877,1.4879,54708.0
2026-09-29 05:16:00,1.488,1.4884,1.4871,1.4871,37192.7
2026-09-29 05:17:00,1.4872,1.4874,1.4848,1.4872,61588.8
2026-09-29 05:18:00,1.4873,1.4903,1.4872,1.4894,221952.1
2026-09-29 05:19:00,1.4893,1.4911,1.4888,1.4892,51946.5
2026-09-29 05:20:00,1.4891,1.4896,1.4885,1.4889,102932.5
2026-09-29 05:21:00,1.489,1.4898,1.4889,1.4894,60365.2
2026-09-29 05:22:00,1.4894,1.49,1.4889,1.49,23556.8
2026-09-29 05:23:00,1.49,1.4904,1.4898,1.4899,78392.1
2026-09-29 05:24:00,1.4898,1.4916,1.4898,1.4914,46304.6
2026-09-29 05:25:00,1.4915,1.4917,1.4908,1.4908,21622.5
2026-09-29 05:26:00,1.4908,1.4912,1.4885,1.4885,64217.8
2026-09-29 05:27:00,1.4885,1.4892,1.4876,1.4892,310988.6
2026-09-29 05:28:00,1.4892,1.4903,1.4886,1.4903,17612.5
2026-09-29 05:29:00,1.4903,1.4903,1.4891,1.4893,43328.0
2026-09-29 05:30:00,1.4893,1.4893,1.4867,1.4867,34361.6
2026-09-29 05:31:00,1.4867,1.487,1.4848,1.4848,45054.8
2026-09-29 05:32:00,1.4847,1.4854,1.4838,1.4838,37727.7
2026-09-29 05:33:00,1.4837,1.4837,1.4809,1.4812,49647.9
2026-09-29 05:34:00,1.4811,1.4811,1.4774,1.478,297920.0
2026-09-29 05:35:00,1.4781,1.4807,1.477,1.4803,57013.1
2026-09-29 05:36:00,1.4802,1.4802,1.4763,1.4767,73714.6
2026-09-29 05:37:00,1.4766,1.4774,1.4748,1.4752,83594.4
2026-09-29 05:38:00,1.4751,1.4794,1.4745,1.4794,36739.3
2026-09-29 05:39:00,1.4794,1.4815,1.4791,1.4815,18216.0
2026-09-29 05:40:00,1.4815,1.4839,1.4814,1.4828,27327.4
2026-09-29 05:41:00,1.4828,1.4848,1.4812,1.4844,48288.0
2026-09-29 05:42:00,1.4844,1.4856,1.4838,1.4856,56983.5
2026-09-29 05:43:00,1.4857,1.4893,1.4856,1.4893,100371.0
2026-09-29 05:44:00,1.4892,1.4901,1.4876,1.4877,115956.9
2026-09-29 05:45:00,1.4876,1.4883,1.4856,1.4857,21453.9
2026-09-29 05:46:00,1.4856,1.4863,1.4854,1.4858,12987.7
2026-09-29 05:47:00,1.4858,1.4863,1.4847,1.486,18447.3
2026-09-29 05:48:00,1.4861,1.4893,1.4857,1.4875,7771.5
2026-09-29 05:49:00,1.4874,1.4901,1.4873,1.4899,166846.9
2026-09-29 05:50:00,1.4898,1.4906,1.4895,1.4906,76289.8
2026-09-29 05:51:00,1.4906,1.4914,1.4891,1.4901,24222.9
2026-09-29 05:52:00,1.4901,1.4911,1.4896,1.4896,28920.5
2026-09-29 05:53:00,1.4896,1.4914,1.4893,1.4914,19525.6
2026-09-29 05:54:00,1.4913,1.4929,1.4913,1.4929,97112.6
2026-09-29 05:55:00,1.4928,1.4933,1.4921,1.4922,131193.8
2026-09-29 05:56:00,1.4921,1.4931,1.492,1.4927,63668.9
2026-09-29 05:57:00,1.4927,1.4938,1.4921,1.4928,69274.2
2026-09-29 05:58:00,1.4928,1.4937,1.4924,1.4936,63195.9
2026-09-29 05:59:00,1.4935,1.494,1.4933,1.494,46093.7
2026-09-29 06:00:00,1.4939,1.4951,1.4938,1.4949,96699.3
2026-09-29 06:01:00,1.4949,1.4964,1.4944,1.4961,78986.8
2026-09-29 06:02:00,1.4961,1.4968,1.496,1.4963,51397.2
2026-09-29 06:03:00,1.4962,1.4967,1.4948,1.496,103893.8
2026-09-29 06:04:00,1.496,1.4975,1.4958,1.4963,55010.3
2026-09-29 06:05:00,1.4962,1.4977,1.4959,1.4969,96696.5
2026-09-29 06:06:00,1.4968,1.4978,1.4964,1.4978,25039.3
2026-09-29 06:07:00,1.4977,1.5004,1.4976,1.4992,390103.8
2026-09-29 06:08:00,1.4992,1.5006,1.4989,1.5006,27946.0
2026-09-29 06:09:00,1.5005,1.502,1.5005,1.5012,96031.2
2026-09-29 06:10:00,1.5012,1.5017,1.5006,1.5015,292807.7
2026-09-29 06:11:00,1.5015,1.5033,1.5015,1.5032,150664.0
2026-09-29 06:12:00,1.5032,1.5041,1.5018,1.5018,220047.2
2026-09-29 06:13:00,1.5018,1.5027,1.5016,1.5026,190938.9
2026-09-29 06:14:00,1.5027,1.5045,1.5027,1.5044,128608.5
2026-09-29 06:15:00,1.5045,1.5047,1.5013,1.5013,89789.3
2026-09-29 06:16:00,1.5012,1.5014,1.4998,1.5002,175228.6
2026-09-29 06:17:00,1.5002,1.5003,1.4989,1.4993,23970.0
2026-09-29 06:18:00,1.4994,1.5002,1.4987,1.4996,48647.5
2026-09-29 06:19:00,1.4996,1.5013,1.4995,1.5008,204622.1
2026-09-29 06:20:00,1.5008,1.5017,1.4996,1.5017,67212.4
2026-09-29 06:21:00,1.5017,1.5028,1.5012,1.5024,20262.5
2026-09-29 06:22:00,1.5024,1.503,1.5008,1.5016,41097.3
2026-09-29 06:23:00,1.5016,1.5019,1.5002,1.5002,62297.7
2026-09-29 06:24:00,1.5001,1.5011,1.4994,1.5004,122668.7
2026-09-29 06:25:00,1.5005,1.5021,1.5003,1.5008,54655.9
2026-09-29 06:26:00,1.5009,1.5015,1.4998,1.5001,122100.6
2026-09-29 06:27:00,1.5001,1.5009,1.4993,1.5,18970.3
2026-09-29 06:28:00,1.5,1.5003,1.4995,1.4997,86642.5
2026-09-29 06:29:00,1.4997,1.5011,1.4997,1.5006,40145.2
2026-09-29 06:30:00,1.5006,1.5025,1.5002,1.5022,39293.9
2026-09-29 06:31:00,1.5022,1.505,1.5022,1.505,67662.3
2026-09-29 06:32:00,1.5049,1.5052,1.5026,1.504,54548.5
2026-09-29 06:33:00,1.504,1.5043,1.5034,1.5039,31397.4
2026-09-29 06:34:00,1.5039,1.5042,1.503,1.5038,155879.0
2026-09-29 06:35:00,1.5037,1.5038,1.5028,1.5029,40653.3
2026-09-29 06:36:00,1.5029,1.5036,1.5027,1.5032,38549.3
2026-09-29 06:37:00,1.5033,1.5037,1.5007,1.5013,72261.1
2026-09-29 06:38:00,1.5013,1.5016,1.5009,1.5009,28044.2
2026-09-29 06:39:00,1.5009,1.5014,1.5,1.5011,288436.0
2026-09-29 06:40:00,1.5012,1.5029,1.5012,1.5022,42753.6
2026-09-29 06:41:00,1.5021,1.5027,1.5021,1.5025,44522.6
2026-09-29 06:42:00,1.5025,1.5028,1.5022,1.5028,27219.5
2026-09-29 06:43:00,1.5028,1.5028,1.5022,1.5024,33175.4
2026-09-29 06:44:00,1.5024,1.5031,1.5023,1.5029,38112.2
2026-09-29 06:45:00,1.5029,1.5033,1.5027,1.503,33770.7
2026-09-29 06:46:00,1.503,1.5036,1.5029,1.5034,31050.0
2026-09-29 06:47:00,1.5035,1.5035,1.5025,1.5025,38905.0
2026-09-29 06:48:00,1.5025,1.5031,1.5022,1.5031,39584.0
2026-09-29 06:49:00,1.5031,1.5032,1.503,1.5031,22149.8
2026-09-29 06:50:00,1.5032,1.5032,1.5027,1.5028,45033.6
2026-09-29 06:51:00,1.5028,1.5049,1.5028,1.5048,140404.7
2026-09-29 06:52:00,1.5047,1.5054,1.5039,1.5054,56769.6
2026-09-29 06:53:00,1.5054,1.5069,1.5053,1.5068,104915.5
2026-09-29 06:54:00,1.5067,1.5084,1.5067,1.5075,233150.8
2026-09-29 06:55:00,1.5074,1.5076,1.5066,1.5071,115742.9
2026-09-29 06:56:00,1.5072,1.5085,1.5069,1.5074,126089.5
2026-09-29 06:57:00,1.5074,1.5074,1.5063,1.5064,58724.7
2026-09-29 06:58:00,1.5064,1.5068,1.5058,1.5064,44454.0
2026-09-29 06:59:00,1.5065,1.5067,1.5057,1.5059,26058.8
2026-09-29 07:00:00,1.5058,1.5058,1.5032,1.5032,77908.3
2026-09-29 07:01:00,1.5033,1.5036,1.5026,1.503,68132.9
2026-09-29 07:02:00,1.503,1.504,1.5027,1.504,19502.8
2026-09-29 07:03:00,1.504,1.5049,1.5032,1.5049,27715.6
2026-09-29 07:04:00,1.5049,1.5058,1.504,1.5041,60990.7
2026-09-29 07:05:00,1.5041,1.5063,1.5036,1.5059,87722.8
2026-09-29 07:06:00,1.5059,1.5061,1.5046,1.5047,159861.4
2026-09-29 07:07:00,1.5047,1.5054,1.5043,1.5043,59405.4
2026-09-29 07:08:00,1.5044,1.5046,1.5035,1.5044,67423.6
2026-09-29 07:09:00,1.5043,1.5064,1.5043,1.5057,34755.0
2026-09-29 07:10:00,1.5056,1.5056,1.5041,1.5053,48291.4
2026-09-29 07:11:00,1.5053,1.5055,1.5044,1.5048,54895.7
2026-09-29 07:12:00,1.5049,1.5051,1.5043,1.5045,28024.3
2026-09-29 07:13:00,1.5045,1.5045,1.5036,1.5044,24559.3
2026-09-29 07:14:00,1.5044,1.5052,1.5039,1.5051,88033.9
2026-09-29 07:15:00,1.5052,1.5065,1.505,1.5058,81069.6
2026-09-29 07:16:00,1.5059,1.5074,1.5051,1.5073,89338.0
2026-09-29 07:17:00,1.5072,1.5082,1.5069,1.5077,86433.7
2026-09-29 07:18:00,1.5077,1.5079,1.5042,1.5049,243226.0
2026-09-29 07:19:00,1.505,1.5054,1.504,1.5045,54260.7
2026-09-29 07:20:00,1.5044,1.5058,1.5043,1.5049,24729.9
2026-09-29 07:21:00,1.5048,1.5048,1.5037,1.504,78781.4
2026-09-29 07:22:00,1.5039,1.5041,1.5033,1.5034,27127.1
2026-09-29 07:23:00,1.5034,1.5055,1.5033,1.5044,58033.5
2026-09-29 07:24:00,1.5043,1.5061,1.5043,1.5061,40425.4
2026-09-29 07:25:00,1.5061,1.5083,1.5061,1.5076,61855.6
2026-09-29 07:26:00,1.5077,1.5078,1.5057,1.5059,63066.2
2026-09-29 07:27:00,1.5058,1.5075,1.5058,1.5071,30355.7
2026-09-29 07:28:00,1.5071,1.5072,1.5055,1.5058,86953.2
2026-09-29 07:29:00,1.5058,1.5058,1.5053,1.5053,20191.4
2026-09-29 07:30:00,1.5054,1.5058,1.5047,1.5054,62664.2
2026-09-29 07:31:00,1.5054,1.5054,1.5041,1.5048,48148.2
2026-09-29 07:32:00,1.5047,1.5077,1.5047,1.5076,63757.3
2026-09-29 07:33:00,1.5077,1.5079,1.5067,1.5072,37864.3
2026-09-29 07:34:00,1.5072,1.5083,1.5072,1.5082,31025.8
2026-09-29 07:35:00,1.5082,1.5089,1.5078,1.5086,522544.6
2026-09-29 07:36:00,1.5087,1.509,1.5084,1.509,21704.0
2026-09-29 07:37:00,1.5089,1.5096,1.5089,1.5093,71515.8
2026-09-29 07:38:00,1.5092,1.5104,1.5092,1.5102,161651.6
2026-09-29 07:39:00,1.5101,1.5119,1.5098,1.5106,158056.2
2026-09-29 07:40:00,1.5105,1.5111,1.5097,1.5105,131383.4
2026-09-29 07:41:00,1.5106,1.5112,1.5101,1.5101,112763.8
2026-09-29 07:42:00,1.5102,1.5103,1.5091,1.5092,33140.3
2026-09-29 07:43:00,1.5092,1.5097,1.5089,1.509,65630.5
2026-09-29 07:44:00,1.5089,1.5096,1.5086,1.5091,68465.8
2026-09-29 07:45:00,1.5091,1.51,1.5086,1.509,72738.3
2026-09-29 07:46:00,1.5089,1.5093,1.5082,1.5088,28408.0
2026-09-29 07:47:00,1.5088,1.5098,1.5087,1.509,31597.5
2026-09-29 07:48:00,1.509,1.5095,1.5088,1.509,29805.2
2026-09-29 07:49:00,1.5091,1.5094,1.5083,1.5083,33005.7
2026-09-29 07:50:00,1.5084,1.5088,1.5081,1.5085,44211.4
2026-09-29 07:51:00,1.5085,1.5086,1.5082,1.5086,40133.6
2026-09-29 07:52:00,1.5085,1.5091,1.5076,1.5077,94309.7
2026-09-29 07:53:00,1.5077,1.5086,1.5077,1.5085,92496.2
2026-09-29 07:54:00,1.5086,1.5095,1.5086,1.5092,69661.6
2026-09-29 07:55:00,1.5091,1.5091,1.5078,1.5079,34124.0
2026-09-29 07:56:00,1.5079,1.5083,1.5075,1.5083,51470.1
2026-09-29 07:57:00,1.5082,1.5088,1.5077,1.508,57144.5
2026-09-29 07:58:00,1.5079,1.5079,1.5074,1.5074,31153.4
2026-09-29 07:59:00,1.5074,1.5081,1.5073,1.5079,57062.3
2026-09-29 08:00:00,1.5079,1.5088,1.5079,1.5084,46291.2
2026-09-29 08:01:00,1.5084,1.5086,1.5076,1.5081,64362.6
2026-09-29 08:02:00,1.5082,1.5094,1.5079,1.5079,58206.3
2026-09-29 08:03:00,1.5079,1.5079,1.5072,1.5076,79248.4
2026-09-29 08:04:00,1.5075,1.5082,1.5057,1.5063,106788.0
2026-09-29 08:05:00,1.5063,1.5068,1.5056,1.5065,44301.8
2026-09-29 08:06:00,1.5064,1.507,1.5057,1.506,44713.7
2026-09-29 08:07:00,1.506,1.5064,1.5051,1.5052,75206.5
2026-09-29 08:08:00,1.5052,1.5057,1.5044,1.5044,55442.6
2026-09-29 08:09:00,1.5044,1.5059,1.5038,1.5058,60649.5
2026-09-29 08:10:00,1.5059,1.5069,1.5052,1.5053,24776.4
2026-09-29 08:11:00,1.5053,1.5053,1.5038,1.505,90909.5
2026-09-29 08:12:00,1.505,1.5064,1.5049,1.5058,40302.1
2026-09-29 08:13:00,1.5059,1.5062,1.5046,1.5061,46652.4
2026-09-29 08:14:00,1.5061,1.5064,1.505,1.5051,45437.1
2026-09-29 08:15:00,1.5052,1.5071,1.5052,1.5071,67500.1
2026-09-29 08:16:00,1.5072,1.5085,1.5071,1.508,42940.2
2026-09-29 08:17:00,1.5081,1.5083,1.5071,1.5071,16725.7
2026-09-29 08:18:00,1.5071,1.5079,1.5068,1.5068,30046.7
2026-09-29 08:19:00,1.5069,1.5083,1.5068,1.5082,35582.0
2026-09-29 08:20:00,1.5083,1.5093,1.5081,1.5092,145224.5
2026-09-29 08:21:00,1.5092,1.5122,1.5091,1.5121,212875.1
2026-09-29 08:22:00,1.512,1.5142,1.512,1.5121,184810.4
2026-09-29 08:23:00,1.512,1.512,1.5087,1.51,352559.5
2026-09-29 08:24:00,1.51,1.51,1.5075,1.5093,71699.7
2026-09-29 08:25:00,1.5093,1.5112,1.5084,1.5112,60322.9
2026-09-29 08:26:00,1.5112,1.5116,1.5099,1.5105,39444.5
2026-09-29 08:27:00,1.5105,1.5115,1.51,1.5108,39121.2
2026-09-29 08:28:00,1.5107,1.511,1.5091,1.5093,47302.4
2026-09-29 08:29:00,1.5093,1.5097,1.5084,1.5087,102525.2
2026-09-29 08:30:00,1.5087,1.5089,1.5057,1.5071,140332.8
2026-09-29 08:31:00,1.5071,1.5078,1.5065,1.5074,36993.7
2026-09-29 08:32:00,1.5075,1.5076,1.5058,1.5065,109104.2
2026-09-29 08:33:00,1.5064,1.5064,1.5041,1.5041,193793.3
2026-09-29 08:34:00,1.5042,1.5053,1.5035,1.5042,169420.6
2026-09-29 08:35:00,1.5042,1.5051,1.5041,1.5041,54340.8
2026-09-29 08:36:00,1.504,1.504,1.5003,1.5005,137355.3
2026-09-29 08:37:00,1.5005,1.5007,1.4986,1.4989,193371.7
2026-09-29 08:38:00,1.499,1.501,1.4986,1.5009,86590.1
2026-09-29 08:39:00,1.501,1.5028,1.5009,1.5022,104098.3
2026-09-29 08:40:00,1.5022,1.5027,1.4998,1.4998,51192.0
2026-09-29 08:41:00,1.4998,1.5006,1.4987,1.5006,80576.7
2026-09-29 08:42:00,1.5006,1.5013,1.4998,1.5009,56368.5
2026-09-29 08:43:00,1.5009,1.5012,1.5004,1.5005,64721.7
2026-09-29 08:44:00,1.5005,1.5007,1.4994,1.4994,31313.0
2026-09-29 08:45:00,1.4994,1.4997,1.4983,1.4996,104587.2
2026-09-29 08:46:00,1.4995,1.5008,1.4992,1.4998,123543.4
2026-09-29 08:47:00,1.4998,1.5002,1.4986,1.4986,47620.9
2026-09-29 08:48:00,1.4987,1.5017,1.4987,1.5017,60708.4
2026-09-29 08:49:00,1.5016,1.5016,1.5008,1.501,34069.8
2026-09-29 08:50:00,1.5011,1.5018,1.5002,1.5017,37161.2
2026-09-29 08:51:00,1.5016,1.502,1.501,1.5013,26688.5
2026-09-29 08:52:00,1.5013,1.5013,1.4985,1.4985,52443.4
2026-09-29 08:53:00,1.4986,1.4988,1.498,1.4982,28440.6
2026-09-29 08:54:00,1.4982,1.4988,1.498,1.4985,22838.4
2026-09-29 08:55:00,1.4985,1.5002,1.4984,1.5002,23965.9
2026-09-29 08:56:00,1.5002,1.501,1.5002,1.5009,14411.9
2026-09-29 08:57:00,1.5008,1.5009,1.4998,1.5007,50632.4
2026-09-29 08:58:00,1.5006,1.5007,1.5001,1.5007,15866.3
2026-09-29 08:59:00,1.5007,1.5015,1.5007,1.5008,23609.6
2026-09-29 09:00:00,1.5008,1.5009,1.4982,1.5004,40496.8
2026-09-29 09:01:00,1.5004,1.5026,1.4996,1.5016,43299.7
2026-09-29 09:02:00,1.5017,1.5022,1.5007,1.5008,32301.3
2026-09-29 09:03:00,1.5008,1.5008,1.4993,1.4994,38437.2
2026-09-29 09:04:00,1.4994,1.5025,1.4993,1.5025,29629.4
2026-09-29 09:05:00,1.5025,1.503,1.5007,1.5007,22876.7
2026-09-29 09:06:00,1.5006,1.5022,1.5,1.5016,24289.7
2026-09-29 09:07:00,1.5015,1.5015,1.4998,1.4998,23749.1
2026-09-29 09:08:00,1.4999,1.5003,1.4997,1.4999,15335.4
2026-09-29 09:09:00,1.4999,1.4999,1.4987,1.4989,16208.2
2026-09-29 09:10:00,1.499,1.5,1.4987,1.4988,77936.8
2026-09-29 09:11:00,1.4987,1.4987,1.4981,1.4987,56660.6
2026-09-29 09:12:00,1.4987,1.4996,1.4985,1.4989,33880.2
2026-09-29 09:13:00,1.4988,1.4998,1.4988,1.4995,19811.0
2026-09-29 09:14:00,1.4995,1.4996,1.4989,1.4995,38660.4
2026-09-29 09:15:00,1.4996,1.4997,1.4977,1.4984,277004.1
2026-09-29 09:16:00,1.4985,1.5002,1.4984,1.5001,31305.4
2026-09-29 09:17:00,1.5002,1.5014,1.5002,1.5012,16596.5
2026-09-29 09:18:00,1.5012,1.5017,1.5009,1.5016,31649.7
2026-09-29 09:19:00,1.5017,1.5022,1.5011,1.5014,31226.8
2026-09-29 09:20:00,1.5013,1.5025,1.5012,1.5021,79506.0
2026-09-29 09:21:00,1.5022,1.5037,1.5019,1.5034,43761.9
2026-09-29 09:22:00,1.5034,1.5034,1.5028,1.5029,31539.1
2026-09-29 09:23:00,1.5029,1.5029,1.5015,1.5016,85054.1
2026-09-29 09:24:00,1.5015,1.5033,1.5015,1.5033,28750.1
2026-09-29 09:25:00,1.5034,1.5038,1.5031,1.5036,15402.1
2026-09-29 09:26:00,1.5035,1.5036,1.5022,1.503,14685.1
2026-09-29 09:27:00,1.503,1.5044,1.5028,1.5043,37564.3
2026-09-29 09:28:00,1.5043,1.5045,1.5032,1.5032,22808.4
2026-09-29 09:29:00,1.5032,1.5033,1.5023,1.5024,31655.1
2026-09-29 09:30:00,1.5024,1.5034,1.5018,1.5034,25030.6
2026-09-29 09:31:00,1.5034,1.5058,1.5034,1.5058,25912.1
2026-09-29 09:32:00,1.5057,1.5068,1.5057,1.5059,59122.4
2026-09-29 09:33:00,1.5059,1.5072,1.5057,1.5072,15734.2
2026-09-29 09:34:00,1.5071,1.5072,1.5064,1.5069,22936.2
2026-09-29 09:35:00,1.5069,1.507,1.5059,1.5068,27009.0
2026-09-29 09:36:00,1.5067,1.5069,1.506,1.5067,23831.8
2026-09-29 09:37:00,1.5067,1.508,1.5063,1.5076,36958.8
2026-09-29 09:38:00,1.5076,1.5081,1.5076,1.5079,35732.0
2026-09-29 09:39:00,1.5079,1.5083,1.5071,1.5081,68361.0
2026-09-29 09:40:00,1.5082,1.5084,1.5075,1.5075,27874.7
2026-09-29 09:41:00,1.5075,1.5079,1.507,1.5071,31927.1
2026-09-29 09:42:00,1.5071,1.5083,1.507,1.5082,32762.8
2026-09-29 09:43:00,1.5083,1.5088,1.5078,1.5082,44793.8
2026-09-29 09:44:00,1.5081,1.5082,1.507,1.5082,21173.1
2026-09-29 09:45:00,1.5082,1.5087,1.507,1.5071,44684.9
2026-09-29 09:46:00,1.5071,1.5078,1.507,1.5076,16016.1
2026-09-29 09:47:00,1.5076,1.5105,1.5076,1.5098,74088.7
2026-09-29 09:48:00,1.5098,1.511,1.5098,1.5107,58663.7
2026-09-29 09:49:00,1.5107,1.5114,1.5096,1.5114,87779.9
2026-09-29 09:50:00,1.5114,1.5137,1.5114,1.5137,183028.4
2026-09-29 09:51:00,1.5136,1.514,1.5109,1.511,124055.5
2026-09-29 09:52:00,1.5109,1.5109,1.5099,1.5105,62388.6
2026-09-29 09:53:00,1.5106,1.5124,1.5102,1.5124,51722.6
2026-09-29 09:54:00,1.5124,1.5136,1.5124,1.513,110025.3
2026-09-29 09:55:00,1.513,1.5146,1.5128,1.5139,107483.0
2026-09-29 09:56:00,1.5139,1.5146,1.5124,1.5127,86670.8
2026-09-29 09:57:00,1.5127,1.5128,1.5119,1.5119,25288.8
2026-09-29 09:58:00,1.5119,1.5119,1.511,1.5114,40934.1
2026-09-29 09:59:00,1.5115,1.5115,1.5108,1.511,15315.4
2026-09-29 10:00:00,1.511,1.5111,1.5092,1.5093,73785.6
2026-09-29 10:01:00,1.5092,1.5106,1.509,1.5105,116846.3
2026-09-29 10:02:00,1.5105,1.5106,1.5084,1.5084,56247.6
2026-09-29 10:03:00,1.5083,1.5104,1.5083,1.5095,35597.4
2026-09-29 10:04:00,1.5096,1.51,1.5093,1.5096,48169.8
2026-09-29 10:05:00,1.5097,1.5099,1.508,1.5092,123032.4
2026-09-29 10:06:00,1.5092,1.5093,1.508,1.5088,29203.3
2026-09-29 10:07:00,1.5087,1.5093,1.5082,1.5093,37547.0
2026-09-29 10:08:00,1.5092,1.51,1.5088,1.5088,22663.2
2026-09-29 10:09:00,1.5087,1.5103,1.5087,1.5103,56811.2
2026-09-29 10:10:00,1.5102,1.5109,1.5102,1.5106,77621.4
2026-09-29 10:11:00,1.5107,1.5122,1.5106,1.5113,102132.0
2026-09-29 10:12:00,1.5113,1.5126,1.5108,1.5116,127052.2
2026-09-29 10:13:00,1.5116,1.5117,1.5106,1.5113,23952.5
2026-09-29 10:14:00,1.5112,1.5113,1.5093,1.5093,24394.4
2026-09-29 10:15:00,1.5094,1.5105,1.5093,1.5094,53755.8
2026-09-29 10:16:00,1.5094,1.5098,1.5088,1.5089,58003.4
2026-09-29 10:17:00,1.5089,1.5099,1.5085,1.5091,84441.2
2026-09-29 10:18:00,1.509,1.509,1.508,1.5085,75024.4
2026-09-29 10:19:00,1.5086,1.5086,1.5077,1.5077,28863.1
2026-09-29 10:20:00,1.5078,1.5078,1.5065,1.5075,152651.6
2026-09-29 10:21:00,1.5074,1.5075,1.5062,1.5068,42148.1
2026-09-29 10:22:00,1.5068,1.5074,1.5068,1.5069,83931.7
2026-09-29 10:23:00,1.5068,1.5073,1.5063,1.5067,52910.2
2026-09-29 10:24:00,1.5068,1.5077,1.5068,1.5069,17743.6
2026-09-29 10:25:00,1.5069,1.5077,1.5069,1.5077,21886.7
2026-09-29 10:26:00,1.5077,1.5079,1.5069,1.5071,43962.9
2026-09-29 10:27:00,1.5071,1.5078,1.5071,1.5077,67668.5
2026-09-29 10:28:00,1.5078,1.5078,1.5073,1.5076,14474.5
2026-09-29 10:29:00,1.5077,1.5078,1.507,1.5075,21993.7
2026-09-29 10:30:00,1.5075,1.5076,1.5064,1.5064,23719.3
2026-09-29 10:31:00,1.5065,1.5065,1.506,1.5062,22683.5
2026-09-29 10:32:00,1.5062,1.5066,1.5054,1.506,62765.8
2026-09-29 10:33:00,1.5061,1.5065,1.5047,1.5047,87647.8
2026-09-29 10:34:00,1.5047,1.5056,1.5046,1.5056,10913.4
2026-09-29 10:35:00,1.5056,1.5056,1.5048,1.505,37326.2
2026-09-29 10:36:00,1.5051,1.5053,1.5046,1.505,13608.6
2026-09-29 10:37:00,1.505,1.5054,1.5037,1.504,44243.4
2026-09-29 10:38:00,1.504,1.504,1.5031,1.5031,14925.8
2026-09-29 10:39:00,1.5032,1.5039,1.503,1.5039,49760.0
2026-09-29 10:40:00,1.5038,1.5056,1.5038,1.5052,92133.0
2026-09-29 10:41:00,1.5052,1.5052,1.503,1.503,18154.9
2026-09-29 10:42:00,1.503,1.5047,1.5029,1.5041,44386.0
2026-09-29 10:43:00,1.5041,1.5041,1.5025,1.503,82771.3
2026-09-29 10:44:00,1.503,1.5039,1.503,1.5037,13642.1
2026-09-29 10:45:00,1.5038,1.5045,1.5037,1.5044,43902.8
2026-09-29 10:46:00,1.5044,1.5055,1.5044,1.5049,18471.4
2026-09-29 10:47:00,1.5049,1.5049,1.5033,1.504,32119.9
2026-09-29 10:48:00,1.504,1.5047,1.5038,1.5047,14316.0
2026-09-29 10:49:00,1.5048,1.5053,1.5045,1.505,46889.8
2026-09-29 10:50:00,1.5049,1.5059,1.5049,1.5058,8264.7
2026-09-29 10:51:00,1.5058,1.5069,1.5058,1.5067,63817.2
2026-09-29 10:52:00,1.5067,1.5083,1.5065,1.5076,123197.6
2026-09-29 10:53:00,1.5076,1.5078,1.5076,1.5076,36581.0
2026-09-29 10:54:00,1.5076,1.5077,1.5071,1.5073,10008.5
2026-09-29 10:55:00,1.5073,1.5083,1.5068,1.5081,18733.6
2026-09-29 10:56:00,1.5081,1.5083,1.5077,1.5077,14466.5
2026-09-29 10:57:00,1.5077,1.5077,1.5072,1.5073,2257.8
2026-09-29 10:58:00,1.5073,1.5085,1.5073,1.5085,35829.4
2026-09-29 10:59:00,1.5085,1.5085,1.5078,1.5081,32173.8
2026-09-29 11:00:00,1.5081,1.5085,1.5074,1.5075,45450.2
2026-09-29 11:01:00,1.5076,1.509,1.5076,1.5086,12186.1
2026-09-29 11:02:00,1.5085,1.5091,1.5071,1.5082,140846.0
2026-09-29 11:03:00,1.5082,1.5094,1.5076,1.5085,71778.4
2026-09-29 11:04:00,1.5085,1.5085,1.5067,1.5067,25060.9
2026-09-29 11:05:00,1.5066,1.5075,1.5059,1.5075,29947.4
2026-09-29 11:06:00,1.5074,1.51,1.5074,1.51,33534.1
2026-09-29 11:07:00,1.51,1.51,1.508,1.5093,24376.6
2026-09-29 11:08:00,1.5092,1.5103,1.5076,1.5076,55382.9
2026-09-29 11:09:00,1.5075,1.5083,1.507,1.5076,25713.5
2026-09-29 11:10:00,1.5077,1.508,1.5062,1.5064,183732.4
2026-09-29 11:11:00,1.5063,1.5077,1.5061,1.5077,35656.1
2026-09-29 11:12:00,1.5076,1.5087,1.5073,1.5081,45554.0
2026-09-29 11:13:00,1.5081,1.5081,1.5069,1.507,17446.0
2026-09-29 11:14:00,1.5069,1.5072,1.5061,1.5072,46030.2
2026-09-29 11:15:00,1.5073,1.5078,1.5055,1.5056,12113.2
2026-09-29 11:16:00,1.5055,1.5065,1.505,1.5063,26031.1
2026-09-29 11:17:00,1.5064,1.5066,1.5059,1.5062,25819.9
2026-09-29 11:18:00,1.5062,1.5082,1.5059,1.5079,58197.3
2026-09-29 11:19:00,1.5079,1.5079,1.5064,1.5066,25329.3
2026-09-29 11:20:00,1.5066,1.5069,1.5057,1.5069,84165.2
2026-09-29 11:21:00,1.5068,1.5077,1.5057,1.5077,46118.3
2026-09-29 11:22:00,1.5076,1.5081,1.5075,1.5078,14584.8
2026-09-29 11:23:00,1.5078,1.508,1.5072,1.5076,28878.2
2026-09-29 11:24:00,1.5075,1.5082,1.5074,1.508,23212.7
2026-09-29 11:25:00,1.508,1.5088,1.508,1.508,24865.4
2026-09-29 11:26:00,1.5081,1.5092,1.508,1.5087,72548.5
2026-09-29 11:27:00,1.5087,1.5087,1.5073,1.508,73191.9
2026-09-29 11:28:00,1.508,1.5083,1.5078,1.5083,37316.2
2026-09-29 11:29:00,1.5083,1.5084,1.5077,1.508,11082.8
2026-09-29 11:30:00,1.5081,1.5092,1.5076,1.509,24290.0
2026-09-29 11:31:00,1.509,1.5098,1.509,1.5095,20716.2
2026-09-29 11:32:00,1.5094,1.5124,1.5094,1.5122,53449.9
2026-09-29 11:33:00,1.5123,1.5134,1.5111,1.5133,110822.1
2026-09-29 11:34:00,1.5134,1.5139,1.5122,1.5124,78931.7
2026-09-29 11:35:00,1.5125,1.5134,1.512,1.5134,37401.9
2026-09-29 11:36:00,1.5133,1.5139,1.5102,1.5119,226144.9
2026-09-29 11:37:00,1.5119,1.5122,1.5101,1.5105,52040.5
2026-09-29 11:38:00,1.5104,1.5122,1.5104,1.5116,58435.4
2026-09-29 11:39:00,1.5116,1.5121,1.511,1.5116,98798.6
2026-09-29 11:40:00,1.5116,1.512,1.5115,1.5116,12968.1
2026-09-29 11:41:00,1.5117,1.5121,1.511,1.5121,20177.3
2026-09-29 11:42:00,1.5121,1.5121,1.511,1.5112,26055.7
2026-09-29 11:43:00,1.5112,1.5127,1.5111,1.5121,13072.0
2026-09-29 11:44:00,1.5121,1.5131,1.512,1.513,26288.8
2026-09-29 11:45:00,1.513,1.5144,1.5129,1.5138,146061.3
2026-09-29 11:46:00,1.5137,1.5162,1.5136,1.5161,356921.6
2026-09-29 11:47:00,1.516,1.5172,1.5155,1.5162,151738.4
2026-09-29 11:48:00,1.5162,1.5168,1.5161,1.5168,56426.1
2026-09-29 11:49:00,1.5167,1.5189,1.5152,1.5184,432876.8
2026-09-29 11:50:00,1.5184,1.5206,1.518,1.5201,236978.2
2026-09-29 11:51:00,1.52,1.5205,1.5161,1.5169,408941.6
2026-09-29 11:52:00,1.517,1.5198,1.517,1.5193,78791.8
2026-09-29 11:53:00,1.5192,1.5203,1.5185,1.5186,86287.2
2026-09-29 11:54:00,1.5186,1.5193,1.5172,1.5193,102790.8
2026-09-29 11:55:00,1.5192,1.5192,1.5178,1.5181,118217.9
2026-09-29 11:56:00,1.5181,1.5189,1.5179,1.5181,55497.1
2026-09-29 11:57:00,1.518,1.5188,1.518,1.5184,35554.9
2026-09-29 11:58:00,1.5184,1.5192,1.5179,1.518,73911.3
2026-09-29 11:59:00,1.5181,1.5184,1.517,1.5172,90471.8
2026-09-29 12:00:00,1.5173,1.5173,1.5154,1.5165,136018.3
2026-09-29 12:01:00,1.5165,1.5186,1.5164,1.5172,114272.9
2026-09-29 12:02:00,1.5172,1.5179,1.5168,1.5174,80569.8
2026-09-29 12:03:00,1.5175,1.5207,1.517,1.5181,412780.2
2026-09-29 12:04:00,1.5182,1.5192,1.5179,1.5192,142125.5
2026-09-29 12:05:00,1.5191,1.5199,1.5179,1.5196,313130.8
2026-09-29 12:06:00,1.5197,1.5197,1.5163,1.5168,356179.3
2026-09-29 12:07:00,1.5169,1.5177,1.5162,1.5176,140152.8
2026-09-29 12:08:00,1.5177,1.5186,1.5171,1.5173,89017.1
2026-09-29 12:09:00,1.5172,1.5185,1.5171,1.5178,36696.0
2026-09-29 12:10:00,1.5178,1.5179,1.5174,1.5175,22744.4
2026-09-29 12:11:00,1.5174,1.5175,1.5166,1.5166,35417.0
2026-09-29 12:12:00,1.5165,1.5177,1.5162,1.5163,64869.4
2026-09-29 12:13:00,1.5163,1.5181,1.5162,1.5173,46785.6
2026-09-29 12:14:00,1.5174,1.5178,1.5165,1.5166,14739.1
2026-09-29 12:15:00,1.5166,1.52,1.5166,1.5183,47896.7
2026-09-29 12:16:00,1.5183,1.5202,1.5182,1.5201,47805.3
2026-09-29 12:17:00,1.52,1.5211,1.5194,1.5209,118372.2
2026-09-29 12:18:00,1.5209,1.5214,1.5178,1.5185,88280.9
2026-09-29 12:19:00,1.5184,1.5184,1.5152,1.5159,124738.0
2026-09-29 12:20:00,1.5158,1.5161,1.5139,1.5141,227981.3
2026-09-29 12:21:00,1.5142,1.5146,1.5129,1.513,124101.3
2026-09-29 12:22:00,1.513,1.5155,1.5129,1.514,164282.1
2026-09-29 12:23:00,1.514,1.5146,1.5137,1.5143,98973.5
2026-09-29 12:24:00,1.5143,1.5143,1.513,1.5131,22087.4
2026-09-29 12:25:00,1.5131,1.5136,1.5122,1.5136,75669.2
2026-09-29 12:26:00,1.5137,1.515,1.5135,1.5145,47114.3
2026-09-29 12:27:00,1.5146,1.5161,1.5144,1.5151,53275.6
2026-09-29 12:28:00,1.5152,1.5157,1.5147,1.5155,42665.6
2026-09-29 12:29:00,1.5154,1.5159,1.5153,1.5159,8542.1
2026-09-29 12:30:00,1.5159,1.517,1.5156,1.5165,56325.3
2026-09-29 12:31:00,1.5165,1.5179,1.516,1.5176,82098.4
2026-09-29 12:32:00,1.5176,1.5186,1.5168,1.5175,54491.7
2026-09-29 12:33:00,1.5175,1.5192,1.5156,1.5191,228997.1
2026-09-29 12:34:00,1.5192,1.537,1.5192,1.5368,3886994.9
2026-09-29 12:35:00,1.5368,1.549,1.5352,1.5456,3339259.8
2026-09-29 12:36:00,1.5456,1.55,1.5427,1.5486,1653015.2
2026-09-29 12:37:00,1.5486,1.5556,1.5451,1.5547,1638800.7
2026-09-29 12:38:00,1.5546,1.555,1.5496,1.5516,966708.9
2026-09-29 12:39:00,1.5515,1.5525,1.544,1.545,1635543.4
2026-09-29 12:40:00,1.545,1.5479,1.5435,1.5476,660661.1
2026-09-29 12:41:00,1.5475,1.5541,1.5469,1.5512,766404.4
2026-09-29 12:42:00,1.5512,1.5539,1.5505,1.5507,616960.4
2026-09-29 12:43:00,1.5507,1.5521,1.5494,1.5494,807840.6
2026-09-29 12:44:00,1.5493,1.5547,1.5484,1.554,1011743.1
2026-09-29 12:45:00,1.5539,1.5554,1.5465,1.5481,1111016.9
2026-09-29 12:46:00,1.548,1.5498,1.5473,1.5492,660161.9
2026-09-29 12:47:00,1.5492,1.5537,1.5492,1.5514,529352.0
2026-09-29 12:48:00,1.5514,1.5529,1.55,1.5523,586289.7
2026-09-29 12:49:00,1.5522,1.5529,1.5505,1.5515,637200.6
2026-09-29 12:50:00,1.5515,1.5519,1.5481,1.5494,806970.9
2026-09-29 12:51:00,1.5493,1.5515,1.5489,1.5509,489554.2
2026-09-29 12:52:00,1.5509,1.5562,1.5507,1.555,1550907.9
2026-09-29 12:53:00,1.5549,1.5557,1.5522,1.5529,412473.4
2026-09-29 12:54:00,1.5529,1.5547,1.5524,1.5538,295525.1
2026-09-29 12:55:00,1.5539,1.554,1.5502,1.5507,301904.0
2026-09-29 12:56:00,1.5507,1.5512,1.5472,1.5511,809411.2
2026-09-29 12:57:00,1.5512,1.5519,1.548,1.5483,337291.2
2026-09-29 12:58:00,1.5484,1.5485,1.5456,1.5469,1223623.4
2026-09-29 12:59:00,1.547,1.5482,1.5468,1.5474,1070351.9
2026-09-29 13:00:00,1.5474,1.5484,1.5444,1.5446,451546.3
2026-09-29 13:01:00,1.5446,1.5474,1.5423,1.5469,250864.6
2026-09-29 13:02:00,1.5468,1.5482,1.5453,1.5453,305538.6
2026-09-29 13:03:00,1.5453,1.5462,1.5423,1.5423,343420.2
2026-09-29 13:04:00,1.5423,1.5436,1.5401,1.5436,752452.0
2026-09-29 13:05:00,1.5436,1.5445,1.5409,1.5428,304691.9
2026-09-29 13:06:00,1.5429,1.5445,1.5422,1.5445,392429.8
2026-09-29 13:07:00,1.5445,1.548,1.5443,1.5475,143635.6
2026-09-29 13:08:00,1.5474,1.5495,1.5474,1.5488,121085.9
2026-09-29 13:09:00,1.5488,1.5505,1.5484,1.55,224536.8
2026-09-29 13:10:00,1.5501,1.5501,1.5486,1.5499,172670.8
2026-09-29 13:11:00,1.5499,1.55,1.548,1.5483,120134.8
2026-09-29 13:12:00,1.5483,1.549,1.5453,1.5459,204413.8
2026-09-29 13:13:00,1.546,1.5467,1.5452,1.5456,125323.1
2026-09-29 13:14:00,1.5457,1.5464,1.5451,1.5457,97438.6
2026-09-29 13:15:00,1.5457,1.5457,1.5427,1.5436,145118.7
2026-09-29 13:16:00,1.5437,1.5475,1.5436,1.5474,254317.6
2026-09-29 13:17:00,1.5473,1.5505,1.5473,1.5503,470689.0
2026-09-29 13:18:00,1.5503,1.5516,1.5495,1.5504,386947.4
2026-09-29 13:19:00,1.5505,1.5508,1.5483,1.5499,329966.1
2026-09-29 13:20:00,1.5499,1.5499,1.5489,1.549,131403.2
2026-09-29 13:21:00,1.5489,1.5491,1.5477,1.5486,83489.4
2026-09-29 13:22:00,1.5486,1.5488,1.5479,1.5487,92553.8
2026-09-29 13:23:00,1.5487,1.5488,1.5482,1.5484,32572.5
2026-09-29 13:24:00,1.5485,1.5502,1.5479,1.5499,730026.9
2026-09-29 13:25:00,1.55,1.5517,1.5464,1.5464,217611.9
2026-09-29 13:26:00,1.5464,1.5472,1.5446,1.5467,138326.7
2026-09-29 13:27:00,1.5467,1.5497,1.5462,1.5497,76966.0
2026-09-29 13:28:00,1.5497,1.5499,1.5472,1.5473,153207.7
2026-09-29 13:29:00,1.5473,1.5473,1.5446,1.5447,173836.3
2026-09-29 13:30:00,1.5448,1.5459,1.541,1.5439,206454.1
2026-09-29 13:31:00,1.5439,1.5464,1.541,1.5428,336469.2
2026-09-29 13:32:00,1.5428,1.546,1.5417,1.5417,236903.2
2026-09-29 13:33:00,1.5416,1.544,1.5395,1.5427,260900.8
2026-09-29 13:34:00,1.5427,1.5441,1.5412,1.5432,200827.5
2026-09-29 13:35:00,1.5432,1.5447,1.5403,1.5405,134304.4
2026-09-29 13:36:00,1.5405,1.5464,1.5405,1.546,280350.6
2026-09-29 13:37:00,1.546,1.5499,1.546,1.5492,267587.5
2026-09-29 13:38:00,1.5493,1.5493,1.5471,1.5484,85319.9
2026-09-29 13:39:00,1.5484,1.5512,1.5482,1.5496,277095.5
2026-09-29 13:40:00,1.5496,1.5499,1.5461,1.5467,193850.0
2026-09-29 13:41:00,1.5467,1.5507,1.5467,1.5504,159775.2
2026-09-29 13:42:00,1.5504,1.5517,1.5491,1.5491,524680.7
2026-09-29 13:43:00,1.549,1.5534,1.5474,1.5479,468537.0
2026-09-29 13:44:00,1.5479,1.5516,1.5476,1.5503,190196.2
2026-09-29 13:45:00,1.5504,1.5511,1.5491,1.5492,134648.5
2026-09-29 13:46:00,1.5491,1.55,1.547,1.5471,181459.2
2026-09-29 13:47:00,1.547,1.5508,1.5462,1.5503,146785.6
2026-09-29 13:48:00,1.5504,1.5518,1.5479,1.5486,252231.3
2026-09-29 13:49:00,1.5485,1.5499,1.5479,1.5499,114392.1
2026-09-29 13:50:00,1.55,1.5513,1.5483,1.5495,179916.9
2026-09-29 13:51:00,1.5495,1.5509,1.5487,1.5508,129103.9
2026-09-29 13:52:00,1.5509,1.5533,1.5509,1.5533,407413.5
2026-09-29 13:53:00,1.5533,1.555,1.5527,1.5545,674414.3
2026-09-29 13:54:00,1.5546,1.5563,1.5538,1.5539,437804.9
2026-09-29 13:55:00,1.5539,1.5539,1.5517,1.5523,193122.6
2026-09-29 13:56:00,1.5524,1.5541,1.5497,1.5497,135706.0
2026-09-29 13:57:00,1.5496,1.55,1.5482,1.549,88154.5
2026-09-29 13:58:00,1.549,1.549,1.5463,1.5477,102652.7
2026-09-29 13:59:00,1.5477,1.5492,1.5471,1.5483,199629.7
2026-09-29 14:00:00,1.5483,1.5515,1.548,1.55,110657.9
2026-09-29 14:01:00,1.5501,1.5534,1.5493,1.5493,457252.8
2026-09-29 14:02:00,1.5492,1.5493,1.5461,1.5462,306406.5
2026-09-29 14:03:00,1.5462,1.5493,1.5456,1.5477,137344.2
2026-09-29 14:04:00,1.5477,1.5477,1.5458,1.5472,106662.1
2026-09-29 14:05:00,1.5471,1.5481,1.5462,1.547,96687.9
2026-09-29 14:06:00,1.5469,1.5469,1.5427,1.5428,372458.3
2026-09-29 14:07:00,1.5428,1.5471,1.5417,1.5471,241222.1
2026-09-29 14:08:00,1.547,1.5504,1.546,1.5496,201382.4
2026-09-29 14:09:00,1.5496,1.5496,1.5438,1.5447,319203.1
2026-09-29 14:10:00,1.5447,1.5481,1.5442,1.5478,126647.4
2026-09-29 14:11:00,1.5478,1.5482,1.5447,1.5448,99054.8
2026-09-29 14:12:00,1.5447,1.5448,1.5426,1.5443,220377.1
2026-09-29 14:13:00,1.5443,1.5488,1.544,1.5468,310121.1
2026-09-29 14:14:00,1.5469,1.5483,1.546,1.546,96438.7
2026-09-29 14:15:00,1.5461,1.5492,1.5456,1.5482,118887.6
2026-09-29 14:16:00,1.5481,1.5485,1.5462,1.548,182347.5
2026-09-29 14:17:00,1.548,1.5519,1.548,1.5511,253456.6
2026-09-29 14:18:00,1.5511,1.5545,1.5508,1.5544,408150.9
2026-09-29 14:19:00,1.5544,1.5573,1.553,1.5543,716678.5
2026-09-29 14:20:00,1.5544,1.5584,1.554,1.5541,427181.4
2026-09-29 14:21:00,1.554,1.5553,1.5514,1.5542,241429.1
2026-09-29 14:22:00,1.5543,1.5548,1.5507,1.5522,89191.1
2026-09-29 14:23:00,1.5522,1.5522,1.5488,1.55,129729.2
2026-09-29 14:24:00,1.5499,1.5499,1.5478,1.5489,152835.7
2026-09-29 14:25:00,1.549,1.5516,1.5477,1.5516,131502.0
2026-09-29 14:26:00,1.5515,1.5522,1.5498,1.5515,76277.6
2026-09-29 14:27:00,1.5515,1.552,1.5509,1.5517,67277.4
2026-09-29 14:28:00,1.5518,1.5523,1.549,1.5491,64163.6
2026-09-29 14:29:00,1.549,1.5496,1.546,1.5461,275146.8
2026-09-29 14:30:00,1.546,1.548,1.5452,1.548,280897.7
2026-09-29 14:31:00,1.548,1.5507,1.5477,1.5506,123498.3
2026-09-29 14:32:00,1.5506,1.5516,1.5482,1.5501,159031.5
2026-09-29 14:33:00,1.5501,1.5502,1.548,1.5486,56932.3
2026-09-29 14:34:00,1.5487,1.5505,1.5487,1.5491,72483.6
2026-09-29 14:35:00,1.5491,1.5499,1.5466,1.5496,186016.5
2026-09-29 14:36:00,1.5496,1.5496,1.5459,1.5459,50010.6
2026-09-29 14:37:00,1.5459,1.5472,1.5446,1.5467,184807.9
2026-09-29 14:38:00,1.5467,1.5509,1.5467,1.5506,213075.3
2026-09-29 14:39:00,1.5507,1.5509,1.5499,1.5506,134944.0
2026-09-29 14:40:00,1.5507,1.5529,1.5497,1.5517,315970.8
2026-09-29 14:41:00,1.5517,1.5617,1.5517,1.5564,2199851.4
2026-09-29 14:42:00,1.5564,1.5594,1.5537,1.5556,334167.5
2026-09-29 14:43:00,1.5556,1.5562,1.5539,1.554,127139.1
2026-09-29 14:44:00,1.5539,1.5545,1.5527,1.5545,78233.7
2026-09-29 14:45:00,1.5546,1.5585,1.5542,1.5584,345396.5
2026-09-29 14:46:00,1.5584,1.5616,1.5561,1.5564,705042.4
2026-09-29 14:47:00,1.5563,1.5565,1.5537,1.5539,132316.9
2026-09-29 14:48:00,1.554,1.556,1.554,1.554,101075.0
2026-09-29 14:49:00,1.554,1.5544,1.5505,1.5511,357630.8
2026-09-29 14:50:00,1.5511,1.5513,1.5482,1.5502,170231.0
2026-09-29 14:51:00,1.5502,1.5524,1.5487,1.5522,200156.6
2026-09-29 14:52:00,1.5521,1.5522,1.5506,1.5508,109780.3
2026-09-29 14:53:00,1.5508,1.5516,1.5499,1.5506,102073.3
2026-09-29 14:54:00,1.5507,1.5513,1.549,1.5493,273006.8
2026-09-29 14:55:00,1.5493,1.551,1.5483,1.5494,100473.7
2026-09-29 14:56:00,1.5494,1.5504,1.5488,1.5496,81535.8
2026-09-29 14:57:00,1.5497,1.5499,1.5473,1.5483,136426.5
2026-09-29 14:58:00,1.5483,1.5483,1.5467,1.5468,89222.7
2026-09-29 14:59:00,1.5468,1.5474,1.5454,1.5456,99926.8
2026-09-29 15:00:00,1.5456,1.5457,1.5414,1.5424,278293.0
2026-09-29 15:01:00,1.5424,1.5432,1.5401,1.5427,372241.6
2026-09-29 15:02:00,1.5427,1.544,1.5374,1.5374,474008.6
2026-09-29 15:03:00,1.5374,1.5379,1.5348,1.5348,379294.9
2026-09-29 15:04:00,1.5349,1.5376,1.5334,1.5347,295903.9
2026-09-29 15:05:00,1.5346,1.5353,1.5291,1.5294,514437.4
2026-09-29 15:06:00,1.5294,1.5353,1.5282,1.5338,652944.4
2026-09-29 15:07:00,1.5337,1.534,1.5301,1.5312,293695.8
2026-09-29 15:08:00,1.5312,1.5323,1.5291,1.5319,255551.1
2026-09-29 15:09:00,1.532,1.5357,1.5315,1.5353,317752.5
2026-09-29 15:10:00,1.5352,1.5383,1.535,1.5371,164118.9
2026-09-29 15:11:00,1.537,1.5376,1.5348,1.5362,134146.6
2026-09-29 15:12:00,1.5362,1.5362,1.5307,1.5307,106458.2
2026-09-29 15:13:00,1.5306,1.5306,1.5266,1.5282,291088.3
2026-09-29 15:14:00,1.5281,1.5307,1.5269,1.5301,325408.3
2026-09-29 15:15:00,1.5302,1.5335,1.5298,1.5324,246665.2
2026-09-29 15:16:00,1.5325,1.533,1.5315,1.5324,87170.8
2026-09-29 15:17:00,1.5323,1.5333,1.5295,1.5296,139219.3
2026-09-29 15:18:00,1.5296,1.5301,1.5229,1.5238,338620.8
2026-09-29 15:19:00,1.5238,1.5257,1.5228,1.524,499859.8
2026-09-29 15:20:00,1.5239,1.5248,1.5225,1.5225,273560.4
2026-09-29 15:21:00,1.5224,1.5249,1.5193,1.5236,823113.7
2026-09-29 15:22:00,1.5237,1.5246,1.5197,1.5212,307656.5
2026-09-29 15:23:00,1.5212,1.5221,1.5177,1.5184,302467.7
2026-09-29 15:24:00,1.5185,1.5187,1.5148,1.5157,571936.0
2026-09-29 15:25:00,1.5157,1.5177,1.5138,1.5146,485242.7
2026-09-29 15:26:00,1.5147,1.5151,1.5128,1.5131,353637.2
2026-09-29 15:27:00,1.5132,1.5132,1.5097,1.5102,545719.6
2026-09-29 15:28:00,1.5102,1.513,1.5078,1.5117,211774.9
2026-09-29 15:29:00,1.5116,1.515,1.5115,1.5131,355264.6
2026-09-29 15:30:00,1.5132,1.5185,1.513,1.5149,206731.8
2026-09-29 15:31:00,1.5149,1.5173,1.5126,1.517,180710.1
2026-09-29 15:32:00,1.5171,1.5194,1.5158,1.5194,117029.7
2026-09-29 15:33:00,1.5194,1.5209,1.519,1.5191,469935.5
2026-09-29 15:34:00,1.5191,1.5204,1.5171,1.5175,152437.0
2026-09-29 15:35:00,1.5176,1.5196,1.5163,1.5192,178520.0
2026-09-29 15:36:00,1.5191,1.5196,1.5174,1.5183,68292.1
2026-09-29 15:37:00,1.5183,1.5197,1.5178,1.5194,72451.4
2026-09-29 15:38:00,1.5194,1.52,1.5183,1.5199,104465.3
2026-09-29 15:39:00,1.52,1.5214,1.5194,1.5212,92949.4
2026-09-29 15:40:00,1.5212,1.5217,1.5203,1.5215,195073.9
2026-09-29 15:41:00,1.5216,1.5235,1.5201,1.5205,223114.9
2026-09-29 15:42:00,1.5205,1.5213,1.5186,1.5186,69529.0
2026-09-29 15:43:00,1.5185,1.5185,1.5173,1.5175,147856.4
2026-09-29 15:44:00,1.5176,1.5182,1.5167,1.5179,380700.0
2026-09-29 15:45:00,1.518,1.5209,1.518,1.5186,178128.9
2026-09-29 15:46:00,1.5187,1.5193,1.5152,1.5152,149793.6
2026-09-29 15:47:00,1.5152,1.5218,1.5136,1.5211,418544.0
2026-09-29 15:48:00,1.521,1.5236,1.518,1.5225,249961.3
2026-09-29 15:49:00,1.5225,1.5228,1.5197,1.52,78683.0
2026-09-29 15:50:00,1.5201,1.5214,1.5173,1.5179,217439.1
2026-09-29 15:51:00,1.5178,1.5186,1.5157,1.5159,109833.5
2026-09-29 15:52:00,1.516,1.5166,1.5122,1.5122,153692.4
2026-09-29 15:53:00,1.5122,1.515,1.5122,1.5127,167426.7
2026-09-29 15:54:00,1.5126,1.5142,1.511,1.514,165618.6
2026-09-29 15:55:00,1.514,1.5189,1.514,1.5167,237052.3
2026-09-29 15:56:00,1.5167,1.5183,1.5166,1.5183,61603.4
2026-09-29 15:57:00,1.5183,1.5195,1.5152,1.5156,199164.3
2026-09-29 15:58:00,1.5155,1.5164,1.5145,1.5145,68579.9
2026-09-29 15:59:00,1.5145,1.5179,1.5138,1.5179,198054.5
2026-09-29 16:00:00,1.5179,1.5204,1.5171,1.5204,243445.5
2026-09-29 16:01:00,1.5204,1.5212,1.5184,1.5198,165969.9
2026-09-29 16:02:00,1.5199,1.5212,1.5181,1.5212,131426.0
2026-09-29 16:03:00,1.5212,1.5218,1.5198,1.52,130344.0
2026-09-29 16:04:00,1.5201,1.5203,1.5178,1.5178,291714.3
2026-09-29 16:05:00,1.5178,1.5223,1.5176,1.5217,363040.3
2026-09-29 16:06:00,1.5216,1.5216,1.5187,1.5187,100348.1
2026-09-29 16:07:00,1.5187,1.5208,1.5174,1.5207,99904.8
2026-09-29 16:08:00,1.5207,1.5209,1.5195,1.5199,66924.1
2026-09-29 16:09:00,1.52,1.521,1.5198,1.5207,37214.2
2026-09-29 16:10:00,1.5207,1.5241,1.5207,1.5224,99756.7
2026-09-29 16:11:00,1.5224,1.5233,1.5201,1.522,97021.4
2026-09-29 16:12:00,1.5219,1.5229,1.52,1.5201,61756.2
2026-09-29 16:13:00,1.5201,1.5213,1.5198,1.5201,51730.1
2026-09-29 16:14:00,1.52,1.52,1.5175,1.5188,210157.3
2026-09-29 16:15:00,1.5188,1.5199,1.5175,1.518,106626.4
2026-09-29 16:16:00,1.5181,1.5202,1.5164,1.5202,154275.3
2026-09-29 16:17:00,1.5203,1.5215,1.5182,1.5183,121981.0
2026-09-29 16:18:00,1.5182,1.5184,1.5168,1.5179,86792.8
2026-09-29 16:19:00,1.5178,1.5185,1.5167,1.5175,97955.2
2026-09-29 16:20:00,1.5175,1.5197,1.5173,1.5187,38317.5
2026-09-29 16:21:00,1.5187,1.5209,1.5176,1.5177,84852.4
2026-09-29 16:22:00,1.5178,1.5193,1.5172,1.5183,45531.6
2026-09-29 16:23:00,1.5184,1.5184,1.5157,1.5179,64978.1
2026-09-29 16:24:00,1.5179,1.5185,1.517,1.517,89011.4
2026-09-29 16:25:00,1.517,1.5178,1.5158,1.5163,182435.1
2026-09-29 16:26:00,1.5163,1.5167,1.5159,1.5165,141040.8
2026-09-29 16:27:00,1.5165,1.5196,1.5164,1.5191,165740.5
2026-09-29 16:28:00,1.519,1.5196,1.5162,1.5162,187810.6
2026-09-29 16:29:00,1.5161,1.5165,1.515,1.5151,150340.8
2026-09-29 16:30:00,1.5151,1.5153,1.5102,1.5105,930066.7
2026-09-29 16:31:00,1.5105,1.5119,1.5068,1.5079,756904.8
2026-09-29 16:32:00,1.5079,1.5101,1.5057,1.5059,140815.1
2026-09-29 16:33:00,1.506,1.5082,1.506,1.5079,148879.8
2026-09-29 16:34:00,1.5079,1.5103,1.5067,1.5096,117582.6
2026-09-29 16:35:00,1.5096,1.5124,1.5096,1.5101,118793.2
2026-09-29 16:36:00,1.5102,1.5135,1.5101,1.5126,77040.9
2026-09-29 16:37:00,1.5125,1.5131,1.5101,1.5106,71029.3
2026-09-29 16:38:00,1.5107,1.5117,1.51,1.5111,95570.9
2026-09-29 16:39:00,1.5111,1.5111,1.5069,1.5072,124428.2
2026-09-29 16:40:00,1.5072,1.5072,1.5048,1.5057,315732.2
2026-09-29 16:41:00,1.5057,1.5073,1.5011,1.5012,425074.2
2026-09-29 16:42:00,1.5011,1.5012,1.4895,1.4901,2527654.5
2026-09-29 16:43:00,1.4902,1.4905,1.4856,1.4901,1284509.9
2026-09-29 16:44:00,1.4901,1.4916,1.4872,1.4886,493344.7
2026-09-29 16:45:00,1.4887,1.4913,1.4833,1.4854,966262.8
2026-09-29 16:46:00,1.4854,1.4918,1.4853,1.4916,570318.9
2026-09-29 16:47:00,1.4916,1.4922,1.4862,1.4871,202214.2
2026-09-29 16:48:00,1.4872,1.4873,1.4852,1.4852,212003.8
2026-09-29 16:49:00,1.4852,1.4858,1.4816,1.4831,626057.4
2026-09-29 16:50:00,1.4831,1.4867,1.482,1.4865,480864.3
2026-09-29 16:51:00,1.4866,1.489,1.4854,1.4856,355060.3
2026-09-29 16:52:00,1.4857,1.4859,1.4836,1.4837,152473.4
2026-09-29 16:53:00,1.4837,1.4843,1.4819,1.4819,146208.7
2026-09-29 16:54:00,1.4818,1.4829,1.4809,1.4816,321399.4
2026-09-29 16:55:00,1.4817,1.4821,1.4806,1.481,301931.0
2026-09-29 16:56:00,1.481,1.4827,1.4805,1.4812,610076.4
2026-09-29 16:57:00,1.4813,1.4827,1.4807,1.4822,570620.5
2026-09-29 16:58:00,1.4823,1.486,1.4823,1.4843,169960.0
2026-09-29 16:59:00,1.4844,1.4868,1.4838,1.4859,307510.7
2026-09-29 17:00:00,1.486,1.4865,1.4844,1.4846,353406.2
2026-09-29 17:01:00,1.4846,1.4864,1.484,1.4854,278303.6
2026-09-29 17:02:00,1.4854,1.4854,1.4831,1.484,221723.6
2026-09-29 17:03:00,1.484,1.4876,1.4835,1.4876,76683.8
2026-09-29 17:04:00,1.4877,1.4885,1.4865,1.4865,101630.5
2026-09-29 17:05:00,1.4865,1.4889,1.486,1.4883,164310.7
2026-09-29 17:06:00,1.4883,1.49,1.4876,1.4891,222324.7
2026-09-29 17:07:00,1.4891,1.4891,1.4872,1.4881,217945.1
2026-09-29 17:08:00,1.488,1.4891,1.4872,1.4885,42622.7
2026-09-29 17:09:00,1.4886,1.4897,1.4886,1.4892,55454.3
2026-09-29 17:10:00,1.4892,1.4896,1.488,1.4881,53796.1
2026-09-29 17:11:00,1.4882,1.4903,1.487,1.4878,170840.6
2026-09-29 17:12:00,1.4878,1.4878,1.4861,1.4868,107552.4
2026-09-29 17:13:00,1.4868,1.4873,1.486,1.4861,105494.6
2026-09-29 17:14:00,1.4862,1.4883,1.486,1.4883,61401.2
2026-09-29 17:15:00,1.4883,1.489,1.4855,1.4856,102024.5
2026-09-29 17:16:00,1.4856,1.4861,1.4805,1.4834,539762.6
2026-09-29 17:17:00,1.4835,1.486,1.4833,1.4856,180662.4
2026-09-29 17:18:00,1.4856,1.4871,1.4843,1.4843,151943.0
2026-09-29 17:19:00,1.4842,1.4865,1.484,1.4853,269225.2
2026-09-29 17:20:00,1.4854,1.486,1.4792,1.4807,772218.8
2026-09-29 17:21:00,1.4808,1.4812,1.4797,1.4799,187066.3
2026-09-29 17:22:00,1.48,1.4816,1.4799,1.4807,197722.7
2026-09-29 17:23:00,1.4808,1.4838,1.4808,1.4834,139297.8
2026-09-29 17:24:00,1.4833,1.4846,1.4827,1.4844,61387.5
2026-09-29 17:25:00,1.4845,1.4847,1.4823,1.4833,149411.4
2026-09-29 17:26:00,1.4834,1.4847,1.4833,1.4842,65276.5
2026-09-29 17:27:00,1.4842,1.4855,1.4831,1.4854,70829.2
2026-09-29 17:28:00,1.4854,1.4856,1.4823,1.4824,43358.0
2026-09-29 17:29:00,1.4824,1.4863,1.4824,1.4859,98322.4
2026-09-29 17:30:00,1.4859,1.4879,1.4845,1.4846,108345.1
2026-09-29 17:31:00,1.4847,1.4861,1.484,1.4858,80142.4
2026-09-29 17:32:00,1.4858,1.486,1.4835,1.486,118685.0
2026-09-29 17:33:00,1.4859,1.486,1.4836,1.4839,81730.8
2026-09-29 17:34:00,1.4839,1.4854,1.4836,1.4836,139220.5
2026-09-29 17:35:00,1.4835,1.4845,1.483,1.4838,106887.0
2026-09-29 17:36:00,1.4838,1.4853,1.4834,1.4834,31246.4
2026-09-29 17:37:00,1.4834,1.4843,1.4832,1.4837,43957.6
2026-09-29 17:38:00,1.4838,1.4842,1.4823,1.4829,617164.0
2026-09-29 17:39:00,1.4828,1.4839,1.4825,1.4833,63759.8
2026-09-29 17:40:00,1.4833,1.4843,1.4824,1.4832,74234.9
2026-09-29 17:41:00,1.4833,1.4844,1.4829,1.4836,75340.3
2026-09-29 17:42:00,1.4836,1.4836,1.4821,1.4834,43299.5
2026-09-29 17:43:00,1.4835,1.4837,1.4823,1.4834,19739.3
2026-09-29 17:44:00,1.4834,1.4835,1.4822,1.4822,49437.0
2026-09-29 17:45:00,1.4822,1.4836,1.482,1.4831,55640.5
2026-09-29 17:46:00,1.4831,1.4836,1.4808,1.4808,296123.7
2026-09-29 17:47:00,1.4808,1.4815,1.4793,1.481,276401.2
2026-09-29 17:48:00,1.4809,1.4816,1.4797,1.4799,151882.3
2026-09-29 17:49:00,1.4798,1.4813,1.4775,1.4792,379773.6
2026-09-29 17:50:00,1.4793,1.4801,1.4771,1.4772,186689.4
2026-09-29 17:51:00,1.4772,1.4803,1.4764,1.4792,527875.6
2026-09-29 17:52:00,1.4793,1.481,1.4793,1.4805,97070.8
2026-09-29 17:53:00,1.4805,1.4805,1.4785,1.48,176485.9
2026-09-29 17:54:00,1.4801,1.4817,1.4798,1.4803,74088.4
2026-09-29 17:55:00,1.4803,1.4804,1.4784,1.4794,106154.2
2026-09-29 17:56:00,1.4795,1.4801,1.478,1.4785,169913.6
2026-09-29 17:57:00,1.4786,1.4788,1.4773,1.4783,170055.0
2026-09-29 17:58:00,1.4783,1.4798,1.4781,1.4796,49192.1
2026-09-29 17:59:00,1.4796,1.4826,1.4794,1.4822,38654.8
2026-09-29 18:00:00,1.4822,1.4887,1.4822,1.4887,262066.3
2026-09-29 18:01:00,1.4888,1.4906,1.487,1.4878,129991.1
2026-09-29 18:02:00,1.4879,1.489,1.4876,1.4885,97702.5
2026-09-29 18:03:00,1.4884,1.4884,1.4853,1.4865,66377.3
2026-09-29 18:04:00,1.4865,1.4886,1.4861,1.4886,49583.2
2026-09-29 18:05:00,1.4885,1.4902,1.487,1.4884,176654.6
2026-09-29 18:06:00,1.4884,1.4906,1.488,1.4902,302710.1
2026-09-29 18:07:00,1.4901,1.4915,1.4877,1.4888,155697.9
2026-09-29 18:08:00,1.4888,1.49,1.487,1.4881,47883.1
2026-09-29 18:09:00,1.4881,1.489,1.4861,1.4861,80769.2
2026-09-29 18:10:00,1.4862,1.4882,1.4861,1.4882,82097.1
2026-09-29 18:11:00,1.4883,1.4895,1.4878,1.4878,151574.1
2026-09-29 18:12:00,1.4879,1.4904,1.4879,1.4899,66766.6
2026-09-29 18:13:00,1.4899,1.4908,1.4896,1.4905,161992.2
2026-09-29 18:14:00,1.4905,1.4916,1.4897,1.4909,154084.3
2026-09-29 18:15:00,1.4908,1.4925,1.4905,1.4922,139610.8
2026-09-29 18:16:00,1.4921,1.4932,1.4911,1.4911,105048.4
2026-09-29 18:17:00,1.4911,1.4913,1.489,1.4903,45240.6
2026-09-29 18:18:00,1.4902,1.4909,1.49,1.4908,101872.9
2026-09-29 18:19:00,1.4908,1.4909,1.4902,1.4907,20326.1
2026-09-29 18:20:00,1.4907,1.4913,1.49,1.4913,23819.9
2026-09-29 18:21:00,1.4913,1.492,1.4907,1.4918,15068.1
2026-09-29 18:22:00,1.4919,1.4937,1.4915,1.4933,178679.9
2026-09-29 18:23:00,1.4933,1.4939,1.4929,1.4939,63372.7
2026-09-29 18:24:00,1.494,1.494,1.4926,1.4932,79510.2
2026-09-29 18:25:00,1.4933,1.4936,1.4916,1.4925,142978.0
2026-09-29 18:26:00,1.4925,1.4929,1.4919,1.492,25748.3
2026-09-29 18:27:00,1.492,1.4928,1.4917,1.4919,35288.3
2026-09-29 18:28:00,1.4919,1.4928,1.4919,1.4924,297976.0
2026-09-29 18:29:00,1.4924,1.4924,1.4909,1.4909,234665.9
2026-09-29 18:30:00,1.491,1.4936,1.4906,1.4922,115132.2
2026-09-29 18:31:00,1.4922,1.4937,1.4913,1.4932,84677.9
2026-09-29 18:32:00,1.4932,1.4947,1.4931,1.4947,118944.4
2026-09-29 18:33:00,1.4947,1.4957,1.4946,1.4949,123729.5
2026-09-29 18:34:00,1.4949,1.4959,1.4942,1.4959,52828.1
2026-09-29 18:35:00,1.4958,1.4959,1.4935,1.4944,55257.5
2026-09-29 18:36:00,1.4944,1.4956,1.4944,1.4951,330695.3
2026-09-29 18:37:00,1.4952,1.4966,1.4952,1.496,99722.6
2026-09-29 18:38:00,1.4959,1.4985,1.4957,1.4974,216080.3
2026-09-29 18:39:00,1.4974,1.4991,1.4973,1.4979,110378.3
2026-09-29 18:40:00,1.4978,1.5,1.4975,1.4994,66203.2
2026-09-29 18:41:00,1.4993,1.5007,1.499,1.5005,92816.6
2026-09-29 18:42:00,1.5006,1.5015,1.5004,1.5007,110815.3
2026-09-29 18:43:00,1.5007,1.5008,1.4996,1.5005,33629.7
2026-09-29 18:44:00,1.5004,1.5008,1.4986,1.4994,364886.7
2026-09-29 18:45:00,1.4994,1.5014,1.4993,1.5012,369087.8
2026-09-29 18:46:00,1.5012,1.5013,1.4996,1.4996,63290.2
2026-09-29 18:47:00,1.4995,1.4995,1.498,1.4987,42908.7
2026-09-29 18:48:00,1.4987,1.4987,1.4974,1.4982,64285.8
2026-09-29 18:49:00,1.4982,1.4985,1.4978,1.4985,13568.0
2026-09-29 18:50:00,1.4985,1.4988,1.4974,1.498,52969.1
2026-09-29 18:51:00,1.498,1.4991,1.4974,1.499,111834.6
2026-09-29 18:52:00,1.4989,1.4999,1.4986,1.4997,10888.0
2026-09-29 18:53:00,1.4998,1.5009,1.4993,1.4998,45054.0
2026-09-29 18:54:00,1.4998,1.5001,1.4991,1.4994,46944.9
2026-09-29 18:55:00,1.4993,1.4999,1.4988,1.4993,18058.4
2026-09-29 18:56:00,1.4992,1.5,1.4992,1.4997,16633.0
2026-09-29 18:57:00,1.4997,1.4997,1.4989,1.4994,19286.4
2026-09-29 18:58:00,1.4993,1.5005,1.4991,1.4999,48125.8
2026-09-29 18:59:00,1.5,1.5014,1.4999,1.5,134482.9
2026-09-29 19:00:00,1.4999,1.5004,1.4993,1.5,22072.7
2026-09-29 19:01:00,1.5,1.5006,1.4997,1.5003,57184.8
2026-09-29 19:02:00,1.5002,1.5025,1.5001,1.5021,32481.2
2026-09-29 19:03:00,1.502,1.5025,1.5016,1.5016,42186.2
2026-09-29 19:04:00,1.5015,1.5024,1.5002,1.5024,48726.9
2026-09-29 19:05:00,1.5023,1.5024,1.5011,1.502,89778.3
2026-09-29 19:06:00,1.502,1.5032,1.502,1.5029,11741.7
2026-09-29 19:07:00,1.503,1.5037,1.5028,1.5036,320534.6
2026-09-29 19:08:00,1.5036,1.5037,1.5029,1.5033,30013.7
2026-09-29 19:09:00,1.5032,1.5039,1.5028,1.5037,105634.5
2026-09-29 19:10:00,1.5037,1.5038,1.5034,1.5038,18351.8
2026-09-29 19:11:00,1.5038,1.5038,1.5029,1.5031,21978.5
2026-09-29 19:12:00,1.5031,1.5031,1.5003,1.5012,123305.5
2026-09-29 19:13:00,1.5013,1.5013,1.5002,1.5002,39462.0
2026-09-29 19:14:00,1.5002,1.5005,1.4995,1.4997,30469.5
2026-09-29 19:15:00,1.4997,1.5008,1.4989,1.4996,84320.7
2026-09-29 19:16:00,1.4996,1.5003,1.4988,1.4993,16622.3
2026-09-29 19:17:00,1.4992,1.501,1.4987,1.5007,22209.8
2026-09-29 19:18:00,1.5007,1.5015,1.5007,1.5011,34036.2
2026-09-29 19:19:00,1.5011,1.5014,1.4998,1.5013,52940.5
2026-09-29 19:20:00,1.5012,1.5012,1.5001,1.5002,52644.2
2026-09-29 19:21:00,1.5001,1.5006,1.5001,1.5006,24783.9
2026-09-29 19:22:00,1.5006,1.5007,1.4998,1.5007,26268.5
2026-09-29 19:23:00,1.5007,1.5018,1.5007,1.5012,67965.3
2026-09-29 19:24:00,1.5012,1.5021,1.5012,1.5021,33018.2
2026-09-29 19:25:00,1.5022,1.5029,1.502,1.5023,16897.0
2026-09-29 19:26:00,1.5022,1.5026,1.5015,1.5017,58229.7
2026-09-29 19:27:00,1.5018,1.5018,1.5007,1.5011,52013.0
2026-09-29 19:28:00,1.5011,1.5011,1.5,1.5003,64263.0
2026-09-29 19:29:00,1.5002,1.5003,1.4999,1.5003,11889.6
2026-09-29 19:30:00,1.5003,1.5003,1.4988,1.499,25520.0
2026-09-29 19:31:00,1.4991,1.5001,1.4991,1.4999,16247.4
2026-09-29 19:32:00,1.4998,1.502,1.4997,1.5016,135524.6
2026-09-29 19:33:00,1.5015,1.5016,1.5002,1.5004,53077.2
2026-09-29 19:34:00,1.5003,1.5004,1.4996,1.4996,30008.4
2026-09-29 19:35:00,1.4997,1.5,1.4989,1.4989,14110.8
2026-09-29 19:36:00,1.4988,1.4995,1.4986,1.4987,47977.1
2026-09-29 19:37:00,1.4987,1.4997,1.4982,1.4984,72059.8
2026-09-29 19:38:00,1.4985,1.4998,1.4984,1.4996,167826.1
2026-09-29 19:39:00,1.4996,1.5004,1.4995,1.5001,53714.0
2026-09-29 19:40:00,1.5001,1.5001,1.4965,1.4973,300769.5
2026-09-29 19:41:00,1.4974,1.4977,1.4962,1.4969,212399.6
2026-09-29 19:42:00,1.4969,1.4975,1.4962,1.4964,64688.6
2026-09-29 19:43:00,1.4964,1.4967,1.4947,1.4954,321211.4
2026-09-29 19:44:00,1.4953,1.4955,1.4938,1.4938,189040.3
2026-09-29 19:45:00,1.4938,1.4942,1.4922,1.4922,115738.9
2026-09-29 19:46:00,1.4922,1.493,1.4917,1.493,90828.1
2026-09-29 19:47:00,1.4929,1.4966,1.4918,1.4956,282913.0
2026-09-29 19:48:00,1.4957,1.4958,1.4933,1.4935,148048.1
2026-09-29 19:49:00,1.4936,1.4952,1.4935,1.4941,116995.0
2026-09-29 19:50:00,1.4941,1.4953,1.4936,1.4939,92169.5
2026-09-29 19:51:00,1.4938,1.4957,1.4937,1.4952,41667.6
2026-09-29 19:52:00,1.4951,1.4956,1.4946,1.4949,23826.3
2026-09-29 19:53:00,1.4949,1.4949,1.4936,1.4949,58183.0
2026-09-29 19:54:00,1.4949,1.4952,1.494,1.4941,50899.3
2026-09-29 19:55:00,1.4941,1.4941,1.4926,1.4941,66059.0
2026-09-29 19:56:00,1.4941,1.4945,1.4933,1.4939,48797.3
2026-09-29 19:57:00,1.4939,1.4939,1.4933,1.4936,9348.4
2026-09-29 19:58:00,1.4936,1.494,1.4932,1.4934,42808.1
2026-09-29 19:59:00,1.4934,1.4942,1.4929,1.4938,111153.4
2026-09-29 20:00:00,1.4938,1.4941,1.492,1.4933,80159.1
2026-09-29 20:01:00,1.4933,1.4947,1.4912,1.4912,53199.4
2026-09-29 20:02:00,1.4912,1.4919,1.4902,1.4915,57336.1
2026-09-29 20:03:00,1.4915,1.4926,1.4915,1.4925,28536.5
2026-09-29 20:04:00,1.4925,1.494,1.4924,1.4937,57406.6
2026-09-29 20:05:00,1.4937,1.4963,1.4934,1.4963,30844.2
2026-09-29 20:06:00,1.4962,1.4967,1.4957,1.4963,69947.8
2026-09-29 20:07:00,1.4964,1.4976,1.4963,1.4972,17131.7
2026-09-29 20:08:00,1.4972,1.4973,1.4963,1.4966,39569.1
2026-09-29 20:09:00,1.4967,1.4971,1.4937,1.4938,36736.8
2026-09-29 20:10:00,1.4938,1.4938,1.4927,1.4927,30577.4
2026-09-29 20:11:00,1.4926,1.4928,1.4916,1.492,61749.3
2026-09-29 20:12:00,1.4921,1.4937,1.492,1.4937,67437.8
2026-09-29 20:13:00,1.4938,1.4948,1.4938,1.4947,29791.7
2026-09-29 20:14:00,1.4947,1.4958,1.4943,1.4949,9451.1
2026-09-29 20:15:00,1.495,1.4964,1.495,1.4964,30961.3
2026-09-29 20:16:00,1.4965,1.4977,1.4965,1.4977,52377.0
2026-09-29 20:17:00,1.4977,1.498,1.4966,1.498,68856.1
2026-09-29 20:18:00,1.4979,1.4985,1.4978,1.4979,43379.9
2026-09-29 20:19:00,1.4979,1.4992,1.4975,1.4988,38108.9
2026-09-29 20:20:00,1.4988,1.4995,1.4988,1.4995,12242.3
2026-09-29 20:21:00,1.4994,1.4998,1.4992,1.4996,15428.3
2026-09-29 20:22:00,1.4996,1.4999,1.4996,1.4996,7204.7
2026-09-29 20:23:00,1.4997,1.4999,1.499,1.499,7868.8
2026-09-29 20:24:00,1.499,1.4993,1.4982,1.4993,73496.9
2026-09-29 20:25:00,1.4994,1.4999,1.499,1.4998,21608.1
2026-09-29 20:26:00,1.4999,1.5011,1.4999,1.5006,66251.8
2026-09-29 20:27:00,1.5007,1.5009,1.4999,1.5003,47265.4
2026-09-29 20:28:00,1.5002,1.5007,1.4992,1.4997,21876.7
2026-09-29 20:29:00,1.4997,1.4997,1.4991,1.4991,15144.0
2026-09-29 20:30:00,1.4991,1.5006,1.4981,1.5006,55836.0
2026-09-29 20:31:00,1.5005,1.5005,1.4987,1.4988,48838.3
2026-09-29 20:32:00,1.4989,1.4995,1.4983,1.4986,34478.3
2026-09-29 20:33:00,1.4986,1.4997,1.4979,1.4996,38779.2
2026-09-29 20:34:00,1.4996,1.4996,1.4976,1.4976,29116.0
2026-09-29 20:35:00,1.4976,1.499,1.4976,1.4987,18879.8
2026-09-29 20:36:00,1.4987,1.4999,1.4983,1.4987,49691.8
2026-09-29 20:37:00,1.4987,1.4991,1.4978,1.4979,21440.5
2026-09-29 20:38:00,1.4979,1.498,1.4973,1.4973,11326.2
2026-09-29 20:39:00,1.4973,1.4986,1.4973,1.498,51723.2
2026-09-29 20:40:00,1.4979,1.4986,1.4979,1.4979,5295.4
2026-09-29 20:41:00,1.4979,1.4986,1.4979,1.4986,7475.9
2026-09-29 20:42:00,1.4987,1.4991,1.4984,1.4988,8362.1
2026-09-29 20:43:00,1.4988,1.499,1.4982,1.4988,17383.5
2026-09-29 20:44:00,1.4988,1.499,1.4985,1.4986,17056.0
2026-09-29 20:45:00,1.4987,1.4988,1.4979,1.498,25528.6
2026-09-29 20:46:00,1.498,1.4982,1.4976,1.4976,3905.2
2026-09-29 20:47:00,1.4976,1.4976,1.497,1.4973,12950.1
2026-09-29 20:48:00,1.4973,1.4977,1.4966,1.4975,7528.9
2026-09-29 20:49:00,1.4974,1.4977,1.4971,1.4975,187540.5
2026-09-29 20:50:00,1.4975,1.4975,1.4968,1.4975,42696.1
2026-09-29 20:51:00,1.4974,1.4977,1.4968,1.4971,32533.7
2026-09-29 20:52:00,1.497,1.4973,1.4968,1.4972,6710.6
2026-09-29 20:53:00,1.4972,1.4975,1.4968,1.4971,25434.3
2026-09-29 20:54:00,1.4972,1.4979,1.4972,1.4976,79004.2
2026-09-29 20:55:00,1.4977,1.4979,1.4974,1.4979,2353.6
2026-09-29 20:56:00,1.4979,1.4979,1.4971,1.4971,4711.8
2026-09-29 20:57:00,1.4971,1.4978,1.4961,1.4977,115813.8
2026-09-29 20:58:00,1.4977,1.4983,1.4976,1.4983,46130.0
2026-09-29 20:59:00,1.4984,1.4984,1.4968,1.4968,177516.5
2026-09-29 21:00:00,1.4968,1.4971,1.4964,1.497,85085.9
2026-09-29 21:01:00,1.497,1.4977,1.4962,1.4962,52649.5
2026-09-29 21:02:00,1.4961,1.4963,1.4951,1.4952,22340.0
2026-09-29 21:03:00,1.4951,1.4951,1.4935,1.4936,125875.6
2026-09-29 21:04:00,1.4937,1.4964,1.4927,1.4946,262869.2
2026-09-29 21:05:00,1.4946,1.4954,1.4943,1.4952,20621.0
2026-09-29 21:06:00,1.4951,1.4979,1.4948,1.4975,127316.5
2026-09-29 21:07:00,1.4975,1.4977,1.4963,1.4969,22263.6
2026-09-29 21:08:00,1.497,1.4971,1.4959,1.4964,21985.8
2026-09-29 21:09:00,1.4963,1.4973,1.4961,1.4969,60742.9
2026-09-29 21:10:00,1.4969,1.4971,1.4968,1.4969,18191.8
2026-09-29 21:11:00,1.497,1.4971,1.4967,1.497,34931.0
2026-09-29 21:12:00,1.497,1.4979,1.497,1.4978,32232.8
2026-09-29 21:13:00,1.4978,1.498,1.4971,1.498,24164.6
2026-09-29 21:14:00,1.498,1.4988,1.498,1.4986,17632.6
2026-09-29 21:15:00,1.4986,1.4987,1.497,1.497,155231.5
2026-09-29 21:16:00,1.497,1.497,1.4956,1.4959,227529.8
2026-09-29 21:17:00,1.496,1.4968,1.4958,1.4967,44055.3
2026-09-29 21:18:00,1.4968,1.4971,1.4955,1.4956,17895.9
2026-09-29 21:19:00,1.4955,1.4955,1.4944,1.4944,78397.6
2026-09-29 21:20:00,1.4943,1.4943,1.4927,1.4931,80382.4
2026-09-29 21:21:00,1.4931,1.4955,1.4931,1.4945,108975.4
2026-09-29 21:22:00,1.4944,1.4945,1.4938,1.4938,45015.5
2026-09-29 21:23:00,1.4938,1.494,1.4928,1.4929,142610.6
2026-09-29 21:24:00,1.493,1.4933,1.4925,1.4933,60983.2
2026-09-29 21:25:00,1.4934,1.4935,1.4916,1.4922,131011.1
2026-09-29 21:26:00,1.4923,1.4926,1.4907,1.4909,82677.7
2026-09-29 21:27:00,1.4909,1.4912,1.4901,1.4911,80987.2
2026-09-29 21:28:00,1.4912,1.4917,1.4908,1.4916,100694.1
2026-09-29 21:29:00,1.4915,1.4932,1.4915,1.4923,129997.4
2026-09-29 21:30:00,1.4924,1.4927,1.4919,1.4923,28978.9
2026-09-29 21:31:00,1.4923,1.4927,1.4916,1.4917,20151.3
2026-09-29 21:32:00,1.4917,1.4918,1.4905,1.4918,105401.6
2026-09-29 21:33:00,1.4918,1.4941,1.4917,1.4939,65930.1
2026-09-29 21:34:00,1.4939,1.4939,1.4933,1.4938,39442.5
2026-09-29 21:35:00,1.4938,1.4938,1.4925,1.4925,226953.8
2026-09-29 21:36:00,1.4925,1.4925,1.4922,1.4925,65160.1
2026-09-29 21:37:00,1.4925,1.4926,1.4924,1.4926,48834.8
2026-09-29 21:38:00,1.4925,1.4925,1.4914,1.4922,196936.2
2026-09-29 21:39:00,1.4922,1.4928,1.4921,1.4928,119367.9
2026-09-29 21:40:00,1.4928,1.4949,1.4925,1.4943,301739.2
2026-09-29 21:41:00,1.4943,1.4943,1.4936,1.494,100717.7
2026-09-29 21:42:00,1.494,1.494,1.4937,1.4938,39455.6
2026-09-29 21:43:00,1.4939,1.494,1.4933,1.4939,50931.8
2026-09-29 21:44:00,1.4939,1.4941,1.4936,1.4937,38084.9
2026-09-29 21:45:00,1.4936,1.4939,1.4926,1.4927,27505.6
2026-09-29 21:46:00,1.4926,1.4927,1.492,1.492,5045.3
2026-09-29 21:47:00,1.4921,1.494,1.492,1.494,41914.7
2026-09-29 21:48:00,1.494,1.495,1.494,1.4944,10815.5
2026-09-29 21:49:00,1.4943,1.4952,1.4943,1.4951,7146.2
2026-09-29 21:50:00,1.4951,1.4953,1.4948,1.4949,32481.7
2026-09-29 21:51:00,1.495,1.496,1.4949,1.4959,18622.9
2026-09-29 21:52:00,1.496,1.497,1.496,1.497,18118.7
2026-09-29 21:53:00,1.497,1.4979,1.4959,1.4964,41381.4
2026-09-29 21:54:00,1.4964,1.4965,1.4951,1.4958,28308.7
2026-09-29 21:55:00,1.4957,1.4957,1.4951,1.4954,15734.1
2026-09-29 21:56:00,1.4954,1.4956,1.495,1.4951,23813.3
2026-09-29 21:57:00,1.4951,1.4955,1.4948,1.4953,19670.8
2026-09-29 21:58:00,1.4952,1.4954,1.4944,1.495,78192.3
2026-09-29 21:59:00,1.495,1.4958,1.4949,1.4958,13965.8
2026-09-29 22:00:00,1.4958,1.4973,1.4949,1.4972,27645.4
2026-09-29 22:01:00,1.4973,1.4984,1.4969,1.4981,18732.4
2026-09-29 22:02:00,1.4981,1.4983,1.4977,1.4977,10696.3
2026-09-29 22:03:00,1.4977,1.4985,1.4977,1.4978,63986.3
2026-09-29 22:04:00,1.4978,1.499,1.4969,1.4979,66977.7
2026-09-29 22:05:00,1.498,1.499,1.4966,1.4977,131033.7
2026-09-29 22:06:00,1.4977,1.4979,1.4957,1.4957,85335.3
2026-09-29 22:07:00,1.4958,1.4965,1.4957,1.4959,34697.1
2026-09-29 22:08:00,1.4959,1.4963,1.4948,1.4963,58500.6
2026-09-29 22:09:00,1.4963,1.4966,1.4952,1.4966,39703.9
2026-09-29 22:10:00,1.4966,1.4969,1.4955,1.4968,41309.6
2026-09-29 22:11:00,1.4968,1.4971,1.496,1.496,20499.3
2026-09-29 22:12:00,1.496,1.4975,1.4952,1.4974,129587.3
2026-09-29 22:13:00,1.4974,1.4989,1.4973,1.4988,89156.7
2026-09-29 22:14:00,1.4988,1.4988,1.4973,1.4973,142641.7
2026-09-29 22:15:00,1.4973,1.4976,1.4939,1.4947,457815.8
2026-09-29 22:16:00,1.4948,1.4956,1.493,1.4937,442306.7
2026-09-29 22:17:00,1.4937,1.4952,1.4936,1.4952,146747.8
2026-09-29 22:18:00,1.4952,1.496,1.4951,1.4952,182280.8
2026-09-29 22:19:00,1.4952,1.4981,1.4945,1.4975,402360.9
2026-09-29 22:20:00,1.4976,1.4981,1.4963,1.4967,320805.2
2026-09-29 22:21:00,1.4966,1.4966,1.4953,1.4957,188197.5
2026-09-29 22:22:00,1.4957,1.4978,1.4957,1.4977,165400.6
2026-09-29 22:23:00,1.4978,1.499,1.4977,1.4982,152925.0
2026-09-29 22:24:00,1.4982,1.4984,1.4977,1.4977,144743.5
2026-09-29 22:25:00,1.4978,1.4993,1.4976,1.4993,229401.6
2026-09-29 22:26:00,1.4993,1.5002,1.4986,1.4986,382960.2
2026-09-29 22:27:00,1.4986,1.4987,1.4975,1.4975,142421.6
2026-09-29 22:28:00,1.4975,1.4987,1.4975,1.4977,409515.9
2026-09-29 22:29:00,1.4977,1.4985,1.4971,1.4971,318664.6
2026-09-29 22:30:00,1.4971,1.4971,1.4941,1.4943,468094.1
2026-09-29 22:31:00,1.4943,1.4943,1.4921,1.4936,398864.7
2026-09-29 22:32:00,1.4936,1.4945,1.4924,1.4929,200857.0
2026-09-29 22:33:00,1.4929,1.493,1.4917,1.4917,137758.0
2026-09-29 22:34:00,1.4917,1.4929,1.4917,1.4926,230036.5
2026-09-29 22:35:00,1.4925,1.4927,1.492,1.4927,28391.6
2026-09-29 22:36:00,1.4927,1.4936,1.4925,1.493,14873.3
2026-09-29 22:37:00,1.493,1.4947,1.493,1.4945,31200.5
2026-09-29 22:38:00,1.4945,1.4947,1.4938,1.4939,19594.6
2026-09-29 22:39:00,1.4939,1.4945,1.4935,1.4943,28495.7
2026-09-29 22:40:00,1.4942,1.4944,1.494,1.4941,76277.6
2026-09-29 22:41:00,1.4941,1.4948,1.4939,1.4941,138994.9
2026-09-29 22:42:00,1.4941,1.4949,1.4939,1.4949,79568.6
2026-09-29 22:43:00,1.4948,1.4948,1.4941,1.4941,77542.9
2026-09-29 22:44:00,1.494,1.4944,1.4937,1.4938,167420.2
2026-09-29 22:45:00,1.4938,1.494,1.4927,1.4928,353292.1
2026-09-29 22:46:00,1.4928,1.4932,1.4927,1.493,198166.4
2026-09-29 22:47:00,1.493,1.493,1.4918,1.4928,402640.6
2026-09-29 22:48:00,1.4929,1.4934,1.4928,1.493,316755.7
2026-09-29 22:49:00,1.4931,1.4931,1.4927,1.4927,134043.4
2026-09-29 22:50:00,1.4928,1.4933,1.4926,1.4928,346986.0
2026-09-29 22:51:00,1.4927,1.4947,1.4927,1.4947,267732.9
2026-09-29 22:52:00,1.4946,1.4948,1.4944,1.4946,160006.5
2026-09-29 22:53:00,1.4945,1.4949,1.4945,1.4946,44353.4
2026-09-29 22:54:00,1.4946,1.4949,1.4939,1.4942,76449.9
2026-09-29 22:55:00,1.4943,1.4947,1.4942,1.4946,9789.1
2026-09-29 22:56:00,1.4946,1.4946,1.494,1.4943,23979.3
2026-09-29 22:57:00,1.4942,1.4943,1.494,1.4943,33541.7
2026-09-29 22:58:00,1.4943,1.4943,1.4935,1.494,64955.0
2026-09-29 22:59:00,1.494,1.494,1.4928,1.4936,83775.8
2026-09-29 23:00:00,1.4936,1.494,1.4931,1.4938,57550.9
2026-09-29 23:01:00,1.4939,1.4949,1.4937,1.4948,35069.8
2026-09-29 23:02:00,1.4948,1.4953,1.4943,1.4946,153747.6
2026-09-29 23:03:00,1.4946,1.4952,1.4942,1.4952,73939.5
2026-09-29 23:04:00,1.4952,1.4967,1.4952,1.4966,67126.9
2026-09-29 23:05:00,1.4967,1.4978,1.4967,1.4978,48719.7
2026-09-29 23:06:00,1.4977,1.4987,1.4969,1.4985,89037.1
2026-09-29 23:07:00,1.4986,1.499,1.4973,1.4984,69233.0
2026-09-29 23:08:00,1.4985,1.499,1.4957,1.4958,277289.7
2026-09-29 23:09:00,1.4958,1.4966,1.4958,1.4966,29128.3
2026-09-29 23:10:00,1.4966,1.4976,1.4966,1.4975,19268.9
2026-09-29 23:11:00,1.4976,1.4978,1.4975,1.4978,14384.5
2026-09-29 23:12:00,1.4978,1.4978,1.4975,1.4976,10340.8
2026-09-29 23:13:00,1.4977,1.4984,1.4976,1.4982,81489.3
2026-09-29 23:14:00,1.4982,1.4984,1.498,1.498,39254.4
2026-09-29 23:15:00,1.4981,1.4981,1.498,1.4981,10321.9
2026-09-29 23:16:00,1.4982,1.4986,1.4978,1.4985,376790.0
2026-09-29 23:17:00,1.4986,1.4986,1.4978,1.4981,62147.8
2026-09-29 23:18:00,1.4982,1.4982,1.4973,1.4975,110789.7
2026-09-29 23:19:00,1.4975,1.4976,1.4969,1.497,59178.2
2026-09-29 23:20:00,1.497,1.497,1.4957,1.4958,144239.2
2026-09-29 23:21:00,1.4958,1.496,1.4955,1.4958,203579.9
2026-09-29 23:22:00,1.4958,1.4962,1.4956,1.496,18262.6
2026-09-29 23:23:00,1.4961,1.4961,1.4955,1.4956,10998.1
2026-09-29 23:24:00,1.4955,1.4956,1.4947,1.4947,168470.4
2026-09-29 23:25:00,1.4948,1.4956,1.4943,1.4953,54887.6
2026-09-29 23:26:00,1.4952,1.4953,1.4948,1.4952,11140.6
2026-09-29 23:27:00,1.4952,1.4962,1.4952,1.4957,14705.9
2026-09-29 23:28:00,1.4957,1.4957,1.4946,1.4947,24447.5
2026-09-29 23:29:00,1.4946,1.495,1.4938,1.4938,114166.7
2026-09-29 23:30:00,1.4938,1.4938,1.4927,1.4935,125508.9
2026-09-29 23:31:00,1.4934,1.4934,1.4922,1.4925,102693.3
2026-09-29 23:32:00,1.4924,1.4928,1.492,1.492,30022.9
2026-09-29 23:33:00,1.492,1.4923,1.492,1.4921,12801.6
2026-09-29 23:34:00,1.492,1.492,1.4905,1.4908,190260.0
2026-09-29 23:35:00,1.4908,1.4916,1.4905,1.4913,53491.5
2026-09-29 23:36:00,1.4912,1.4921,1.4908,1.4913,30695.1
2026-09-29 23:37:00,1.4914,1.4919,1.4914,1.4914,45721.0
2026-09-29 23:38:00,1.4913,1.4922,1.4913,1.4918,42572.4
2026-09-29 23:39:00,1.4917,1.4925,1.4916,1.4923,8618.5
2026-09-29 23:40:00,1.4923,1.4923,1.4914,1.4915,28230.8
2026-09-29 23:41:00,1.4915,1.4915,1.489,1.4898,403336.1
2026-09-29 23:42:00,1.4897,1.4897,1.4887,1.4887,43191.8
2026-09-29 23:43:00,1.4887,1.489,1.4881,1.4885,59258.5
2026-09-29 23:44:00,1.4885,1.4907,1.4885,1.4897,157759.1
2026-09-29 23:45:00,1.4896,1.4908,1.4896,1.4903,29872.8
2026-09-29 23:46:00,1.4902,1.4906,1.49,1.4901,32596.5
2026-09-29 23:47:00,1.4901,1.4914,1.49,1.4911,71395.8
2026-09-29 23:48:00,1.491,1.491,1.4898,1.4909,29350.8
2026-09-29 23:49:00,1.4909,1.4919,1.4908,1.4915,100377.1
2026-09-29 23:50:00,1.4915,1.4917,1.4906,1.4915,110676.2
2026-09-29 23:51:00,1.4914,1.4916,1.4909,1.4916,29250.9
2026-09-29 23:52:00,1.4916,1.4916,1.4913,1.4915,6284.8
2026-09-29 23:53:00,1.4915,1.4916,1.4903,1.4905,16846.4
2026-09-29 23:54:00,1.4904,1.4904,1.4899,1.49,28545.8
2026-09-29 23:55:00,1.4899,1.491,1.4899,1.491,16101.5
2026-09-29 23:56:00,1.4909,1.4909,1.4901,1.4905,27145.1
2026-09-29 23:57:00,1.4905,1.4905,1.4899,1.4905,42972.5
2026-09-29 23:58:00,1.4906,1.4907,1.4905,1.4905,4550.5
2026-09-29 23:59:00,1.4905,1.4907,1.4904,1.4906,11769.6
2026-09-30 00:00:00,1.4907,1.4914,1.4904,1.4908,41922.7
2026-09-30 00:01:00,1.4907,1.4921,1.4906,1.492,65300.7
2026-09-30 00:02:00,1.492,1.4926,1.4908,1.4918,188986.9
2026-09-30 00:03:00,1.4918,1.4922,1.4911,1.492,41526.4
2026-09-30 00:04:00,1.4919,1.4919,1.4897,1.4909,66992.2
2026-09-30 00:05:00,1.4909,1.4923,1.4903,1.4919,72218.7
2026-09-30 00:06:00,1.4918,1.4922,1.49,1.49,41957.3
2026-09-30 00:07:00,1.4901,1.4904,1.4895,1.4902,13417.0
2026-09-30 00:08:00,1.4901,1.4901,1.4893,1.4893,41772.7
2026-09-30 00:09:00,1.4894,1.4894,1.489,1.489,213506.3
2026-09-30 00:10:00,1.489,1.4893,1.4878,1.488,1573863.5
2026-09-30 00:11:00,1.4879,1.4882,1.4865,1.4871,106593.3
2026-09-30 00:12:00,1.4872,1.4878,1.4868,1.4878,54632.5
2026-09-30 00:13:00,1.4879,1.4884,1.4869,1.487,100742.1
2026-09-30 00:14:00,1.487,1.4874,1.4869,1.4874,45977.0
2026-09-30 00:15:00,1.4873,1.4881,1.487,1.4877,25107.9
2026-09-30 00:16:00,1.4877,1.4881,1.4874,1.4875,34424.3
2026-09-30 00:17:00,1.4875,1.4879,1.4865,1.4865,40580.7
2026-09-30 00:18:00,1.4865,1.4869,1.4861,1.4865,98700.5
2026-09-30 00:19:00,1.4865,1.4871,1.4865,1.4867,21136.6
2026-09-30 00:20:00,1.4868,1.4869,1.4858,1.4866,35496.6
2026-09-30 00:21:00,1.4866,1.4876,1.486,1.4871,52557.1
2026-09-30 00:22:00,1.4872,1.4875,1.4863,1.4863,11401.9
2026-09-30 00:23:00,1.4862,1.487,1.4858,1.487,27142.2
2026-09-30 00:24:00,1.487,1.4877,1.4867,1.4869,14882.0
2026-09-30 00:25:00,1.4869,1.4886,1.4864,1.488,191605.1
2026-09-30 00:26:00,1.488,1.4886,1.4868,1.4886,28909.2
2026-09-30 00:27:00,1.4886,1.4897,1.4879,1.4884,113749.8
2026-09-30 00:28:00,1.4884,1.4907,1.4884,1.4907,140850.5
2026-09-30 00:29:00,1.4908,1.4914,1.4908,1.4909,13011.4
2026-09-30 00:30:00,1.4909,1.4918,1.4901,1.4913,33604.8
2026-09-30 00:31:00,1.4913,1.4917,1.4895,1.491,14149.1
2026-09-30 00:32:00,1.491,1.4918,1.4903,1.4918,68772.4
2026-09-30 00:33:00,1.4918,1.4919,1.4915,1.4918,31145.1
2026-09-30 00:34:00,1.4917,1.4921,1.4908,1.4919,9795.5
2026-09-30 00:35:00,1.492,1.4926,1.4905,1.4913,24523.1
2026-09-30 00:36:00,1.4913,1.4919,1.4893,1.4894,21616.8
2026-09-30 00:37:00,1.4893,1.4899,1.4883,1.4896,46470.5
2026-09-30 00:38:00,1.4895,1.49,1.4892,1.4896,13728.2
2026-09-30 00:39:00,1.4897,1.4898,1.489,1.4897,30927.3
2026-09-30 00:40:00,1.4898,1.4919,1.4892,1.4913,14923.6
2026-09-30 00:41:00,1.4914,1.4922,1.4914,1.492,14918.8
2026-09-30 00:42:00,1.492,1.4921,1.4909,1.4917,14016.4
2026-09-30 00:43:00,1.4916,1.4916,1.4899,1.4902,17472.5
2026-09-30 00:44:00,1.4902,1.491,1.4902,1.4906,14908.7
2026-09-30 00:45:00,1.4906,1.4906,1.4891,1.4893,40449.6
2026-09-30 00:46:00,1.4893,1.4907,1.4887,1.4907,37295.2
2026-09-30 00:47:00,1.4906,1.4918,1.4899,1.4904,36839.1
2026-09-30 00:48:00,1.4903,1.4906,1.4896,1.4896,24805.8
2026-09-30 00:49:00,1.4897,1.4906,1.4895,1.4903,12611.2
2026-09-30 00:50:00,1.4904,1.4904,1.489,1.4891,34203.7
2026-09-30 00:51:00,1.4892,1.4897,1.489,1.4897,18857.6
2026-09-30 00:52:00,1.4898,1.4906,1.4898,1.49,21308.7
2026-09-30 00:53:00,1.4899,1.49,1.489,1.4899,25917.6
2026-09-30 00:54:00,1.4899,1.4904,1.4894,1.4894,57227.0
2026-09-30 00:55:00,1.4894,1.4907,1.4891,1.4905,99679.2
2026-09-30 00:56:00,1.4906,1.4916,1.4905,1.4911,38697.2
2026-09-30 00:57:00,1.4911,1.4922,1.4908,1.4921,113195.5
2026-09-30 00:58:00,1.4921,1.4925,1.4915,1.4924,92186.9
2026-09-30 00:59:00,1.4924,1.4927,1.4919,1.4924,86607.8
2026-09-30 01:00:00,1.4923,1.4925,1.4912,1.4921,46681.9
2026-09-30 01:01:00,1.4921,1.4938,1.4921,1.4936,53513.6
2026-09-30 01:02:00,1.4937,1.4949,1.4937,1.4949,29361.6
2026-09-30 01:03:00,1.4949,1.4957,1.4948,1.4956,57405.7
2026-09-30 01:04:00,1.4957,1.496,1.4943,1.4943,47560.1
2026-09-30 01:05:00,1.4943,1.4961,1.4943,1.4961,45664.4
2026-09-30 01:06:00,1.496,1.496,1.4945,1.4945,31048.1
2026-09-30 01:07:00,1.4946,1.4948,1.4936,1.4943,42218.9
2026-09-30 01:08:00,1.4943,1.4949,1.4935,1.4949,55014.3
2026-09-30 01:09:00,1.4949,1.4971,1.4949,1.497,110378.5
2026-09-30 01:10:00,1.497,1.4971,1.4946,1.495,33283.3
2026-09-30 01:11:00,1.495,1.4978,1.4949,1.497,60104.5
2026-09-30 01:12:00,1.497,1.4978,1.4954,1.4955,78268.0
2026-09-30 01:13:00,1.4955,1.4962,1.4947,1.4957,69049.0
2026-09-30 01:14:00,1.4956,1.4966,1.4956,1.4966,74134.4
2026-09-30 01:15:00,1.4967,1.4971,1.4962,1.497,87407.2
2026-09-30 01:16:00,1.4971,1.4986,1.4969,1.4971,262005.4
2026-09-30 01:17:00,1.497,1.498,1.4962,1.4968,61478.6
2026-09-30 01:18:00,1.4968,1.4968,1.4957,1.4957,27093.7
2026-09-30 01:19:00,1.4958,1.4963,1.4957,1.4959,31830.4
2026-09-30 01:20:00,1.4958,1.496,1.4954,1.496,42377.2
2026-09-30 01:21:00,1.4961,1.4976,1.4961,1.4971,89594.0
2026-09-30 01:22:00,1.4971,1.4971,1.4964,1.4967,62963.4
2026-09-30 01:23:00,1.4968,1.4985,1.4968,1.4984,103124.2
2026-09-30 01:24:00,1.4983,1.4992,1.4976,1.4992,89575.1
2026-09-30 01:25:00,1.4991,1.5003,1.499,1.4994,168593.4
2026-09-30 01:26:00,1.4994,1.4996,1.4987,1.4988,84937.8
2026-09-30 01:27:00,1.4988,1.4989,1.4979,1.4982,36313.9
2026-09-30 01:28:00,1.4981,1.4982,1.4978,1.4979,50757.2
2026-09-30 01:29:00,1.4979,1.4979,1.4963,1.4964,37783.9
2026-09-30 01:30:00,1.4964,1.4979,1.4939,1.497,127763.2
2026-09-30 01:31:00,1.4969,1.4979,1.4951,1.4955,98574.0
2026-09-30 01:32:00,1.4954,1.4957,1.4947,1.4957,63159.8
2026-09-30 01:33:00,1.4957,1.4957,1.4947,1.4955,83214.5
2026-09-30 01:34:00,1.4955,1.4963,1.4947,1.4948,49391.4
2026-09-30 01:35:00,1.4947,1.496,1.4941,1.4954,70804.4
2026-09-30 01:36:00,1.4954,1.4963,1.4946,1.4959,65993.4
2026-09-30 01:37:00,1.4958,1.4964,1.4939,1.495,312502.0
2026-09-30 01:38:00,1.495,1.4957,1.4936,1.4937,196379.2
2026-09-30 01:39:00,1.4937,1.4945,1.4935,1.4945,65179.9
2026-09-30 01:40:00,1.4944,1.4952,1.494,1.4943,93659.8
2026-09-30 01:41:00,1.4943,1.496,1.4939,1.4959,45617.3
2026-09-30 01:42:00,1.4959,1.4968,1.4956,1.4959,56491.5
2026-09-30 01:43:00,1.4958,1.4976,1.4958,1.4976,100851.3
2026-09-30 01:44:00,1.4975,1.4985,1.4975,1.4981,115767.5
2026-09-30 01:45:00,1.4982,1.4984,1.4968,1.497,62118.3
2026-09-30 01:46:00,1.4971,1.5007,1.4971,1.4992,372107.5
2026-09-30 01:47:00,1.4992,1.4997,1.4978,1.499,44051.7
2026-09-30 01:48:00,1.4989,1.4989,1.4971,1.4979,101864.8
2026-09-30 01:49:00,1.498,1.4995,1.4977,1.4993,59682.2
2026-09-30 01:50:00,1.4992,1.4994,1.4977,1.499,90534.1
2026-09-30 01:51:00,1.4989,1.5002,1.4978,1.4999,153640.2
2026-09-30 01:52:00,1.4999,1.5007,1.4986,1.4986,140362.1
2026-09-30 01:53:00,1.4986,1.4986,1.4969,1.4971,123135.2
2026-09-30 01:54:00,1.497,1.4979,1.4967,1.4974,40431.8
2026-09-30 01:55:00,1.4974,1.4976,1.4967,1.4968,57233.6
2026-09-30 01:56:00,1.4968,1.4977,1.4966,1.4969,35553.0
2026-09-30 01:57:00,1.4969,1.4984,1.4966,1.4984,56155.8
2026-09-30 01:58:00,1.4983,1.4983,1.4966,1.4969,65914.1
2026-09-30 01:59:00,1.4969,1.4977,1.4969,1.4973,40744.9
2026-09-30 02:00:00,1.4973,1.4991,1.4972,1.4988,60357.2
2026-09-30 02:01:00,1.4987,1.4993,1.4983,1.4991,59250.5
2026-09-30 02:02:00,1.499,1.4991,1.4965,1.4965,34612.5
2026-09-30 02:03:00,1.4964,1.4986,1.4962,1.4977,95917.3
2026-09-30 02:04:00,1.4978,1.4995,1.4978,1.4995,84294.5
2026-09-30 02:05:00,1.4996,1.5004,1.4994,1.4996,41109.5
2026-09-30 02:06:00,1.4996,1.5011,1.4996,1.5007,55806.8
2026-09-30 02:07:00,1.5007,1.5046,1.5007,1.5044,340596.6
2026-09-30 02:08:00,1.5043,1.5047,1.5026,1.5029,96132.0
2026-09-30 02:09:00,1.5029,1.503,1.5013,1.5018,63162.1
2026-09-30 02:10:00,1.5017,1.502,1.4998,1.5007,91334.5
2026-09-30 02:11:00,1.5007,1.5014,1.5,1.5007,86364.7
2026-09-30 02:12:00,1.5007,1.5008,1.4995,1.4995,42165.6
2026-09-30 02:13:00,1.4994,1.5022,1.4993,1.5009,166521.3
2026-09-30 02:14:00,1.5008,1.5008,1.4994,1.4998,46568.0
2026-09-30 02:15:00,1.4997,1.5011,1.4986,1.5009,65908.4
2026-09-30 02:16:00,1.5008,1.5008,1.4978,1.4978,26748.7
2026-09-30 02:17:00,1.4979,1.4996,1.4979,1.4988,55856.6
2026-09-30 02:18:00,1.4989,1.5009,1.4989,1.5,73476.3
2026-09-30 02:19:00,1.5,1.5,1.4981,1.4981,54899.1
2026-09-30 02:20:00,1.4981,1.4984,1.4974,1.4976,64499.2
2026-09-30 02:21:00,1.4976,1.5005,1.4974,1.5005,67084.4
2026-09-30 02:22:00,1.5005,1.5013,1.5001,1.5013,50067.9
2026-09-30 02:23:00,1.5014,1.5031,1.4991,1.4991,136551.2
2026-09-30 02:24:00,1.4991,1.5009,1.4991,1.4996,93128.6
2026-09-30 02:25:00,1.4995,1.5,1.4981,1.4994,136542.5
2026-09-30 02:26:00,1.4993,1.5002,1.4993,1.4996,71389.5
2026-09-30 02:27:00,1.4996,1.4996,1.498,1.498,22775.6
2026-09-30 02:28:00,1.498,1.4982,1.4974,1.4978,54100.4
2026-09-30 02:29:00,1.4978,1.4981,1.4971,1.4981,73430.6
2026-09-30 02:30:00,1.4981,1.4989,1.4968,1.4971,260031.3
2026-09-30 02:31:00,1.4971,1.5009,1.4971,1.5004,118895.3
2026-09-30 02:32:00,1.5003,1.5003,1.4974,1.4976,85624.8
2026-09-30 02:33:00,1.4977,1.498,1.497,1.4973,113612.9
2026-09-30 02:34:00,1.4973,1.4979,1.4968,1.4969,69931.3
2026-09-30 02:35:00,1.4969,1.4975,1.4966,1.4968,27117.6
2026-09-30 02:36:00,1.4968,1.4978,1.4965,1.4973,61961.9
2026-09-30 02:37:00,1.4973,1.4986,1.4967,1.4973,39071.9
2026-09-30 02:38:00,1.4972,1.4979,1.4969,1.4975,46249.4
2026-09-30 02:39:00,1.4974,1.4996,1.4971,1.4996,83417.1
2026-09-30 02:40:00,1.4995,1.5029,1.4995,1.5028,70117.1
2026-09-30 02:41:00,1.5028,1.5029,1.5014,1.5024,54776.8
2026-09-30 02:42:00,1.5024,1.5024,1.4997,1.4997,71851.3
2026-09-30 02:43:00,1.4996,1.5008,1.4993,1.5003,70901.3
2026-09-30 02:44:00,1.5003,1.5013,1.5002,1.5005,65782.3
2026-09-30 02:45:00,1.5005,1.501,1.4993,1.5009,93402.0
2026-09-30 02:46:00,1.5009,1.5017,1.5008,1.5011,82724.4
2026-09-30 02:47:00,1.501,1.5031,1.5009,1.5031,71041.4
2026-09-30 02:48:00,1.503,1.5037,1.5021,1.5027,112346.5
2026-09-30 02:49:00,1.5028,1.5028,1.5017,1.5018,54996.7
2026-09-30 02:50:00,1.5018,1.5018,1.5013,1.5017,29144.0
2026-09-30 02:51:00,1.5017,1.5025,1.5017,1.5017,38424.2
2026-09-30 02:52:00,1.5016,1.5031,1.5012,1.5021,137045.8
2026-09-30 02:53:00,1.502,1.5026,1.5018,1.5018,98953.3
2026-09-30 02:54:00,1.5018,1.502,1.5012,1.5019,26519.4
2026-09-30 02:55:00,1.5018,1.5019,1.5012,1.5018,15218.9
2026-09-30 02:56:00,1.5017,1.5018,1.5003,1.5006,78285.2
2026-09-30 02:57:00,1.5006,1.5014,1.5005,1.5009,16725.0
2026-09-30 02:58:00,1.5009,1.501,1.5002,1.5002,58361.3
2026-09-30 02:59:00,1.5001,1.5013,1.5,1.5013,13974.8
2026-09-30 03:00:00,1.5013,1.5022,1.5004,1.5004,20471.9
2026-09-30 03:01:00,1.5003,1.5003,1.4976,1.4976,16619.8
2026-09-30 03:02:00,1.4975,1.4991,1.4971,1.498,10374.4
2026-09-30 03:03:00,1.4981,1.4991,1.4979,1.4991,43055.9
2026-09-30 03:04:00,1.4991,1.5005,1.4991,1.4997,11441.4
2026-09-30 03:05:00,1.4996,1.5008,1.4993,1.5007,14077.0
2026-09-30 03:06:00,1.5007,1.5007,1.4984,1.4985,36553.1
2026-09-30 03:07:00,1.4985,1.4985,1.4967,1.497,46648.8
2026-09-30 03:08:00,1.4969,1.4975,1.4961,1.4972,64268.7
2026-09-30 03:09:00,1.4973,1.4984,1.4971,1.4977,19007.9
2026-09-30 03:10:00,1.4976,1.498,1.4964,1.4965,9939.7
2026-09-30 03:11:00,1.4964,1.4968,1.4957,1.4959,19577.7
2026-09-30 03:12:00,1.496,1.4967,1.496,1.4965,32948.0
2026-09-30 03:13:00,1.4964,1.4964,1.4955,1.4957,14922.1
2026-09-30 03:14:00,1.4956,1.4959,1.4952,1.4954,60466.4
2026-09-30 03:15:00,1.4954,1.4959,1.4953,1.4959,16563.7
2026-09-30 03:16:00,1.4958,1.4958,1.4913,1.4919,235805.8
2026-09-30 03:17:00,1.4919,1.4928,1.4914,1.4923,46516.3
2026-09-30 03:18:00,1.4922,1.4922,1.4906,1.4907,42211.3
2026-09-30 03:19:00,1.4907,1.4917,1.4905,1.4908,110449.5
2026-09-30 03:20:00,1.4908,1.4922,1.4907,1.4918,54885.9
2026-09-30 03:21:00,1.4918,1.493,1.4918,1.493,44582.2
2026-09-30 03:22:00,1.4931,1.495,1.4931,1.4948,40187.4
2026-09-30 03:23:00,1.4948,1.4949,1.4936,1.4939,31885.5
2026-09-30 03:24:00,1.4939,1.494,1.4923,1.4932,44912.0
2026-09-30 03:25:00,1.4932,1.4934,1.4919,1.492,38765.3
2026-09-30 03:26:00,1.492,1.493,1.4915,1.4929,21027.0
2026-09-30 03:27:00,1.4928,1.4931,1.4921,1.493,14499.6
2026-09-30 03:28:00,1.4931,1.4938,1.4929,1.4934,125736.9
2026-09-30 03:29:00,1.4934,1.4941,1.4933,1.4935,5361.4
2026-09-30 03:30:00,1.4935,1.4937,1.4924,1.4925,21349.4
2026-09-30 03:31:00,1.4925,1.4925,1.4919,1.4919,34911.5
2026-09-30 03:32:00,1.4919,1.4921,1.4915,1.4917,16850.5
2026-09-30 03:33:00,1.4917,1.4934,1.4915,1.4932,57030.8
2026-09-30 03:34:00,1.4931,1.4942,1.4928,1.4942,9806.0
2026-09-30 03:35:00,1.4941,1.495,1.4922,1.4927,43389.6
2026-09-30 03:36:00,1.4926,1.4948,1.4922,1.4948,45823.0
2026-09-30 03:37:00,1.4949,1.4966,1.4945,1.4959,46697.9
2026-09-30 03:38:00,1.4959,1.4973,1.4959,1.4973,69231.6
2026-09-30 03:39:00,1.4974,1.4987,1.4974,1.4981,50222.1
2026-09-30 03:40:00,1.498,1.4989,1.4974,1.4982,75141.5
2026-09-30 03:41:00,1.4981,1.4993,1.498,1.4986,30147.4
2026-09-30 03:42:00,1.4986,1.4989,1.4973,1.4976,41984.7
2026-09-30 03:43:00,1.4975,1.4978,1.497,1.4971,57905.0
2026-09-30 03:44:00,1.497,1.4972,1.4956,1.4956,33879.8
2026-09-30 03:45:00,1.4956,1.4959,1.4945,1.4947,30783.7
2026-09-30 03:46:00,1.4947,1.4949,1.4942,1.4949,33102.7
2026-09-30 03:47:00,1.4948,1.4962,1.4948,1.4957,16411.9
2026-09-30 03:48:00,1.4958,1.4958,1.4945,1.4945,35558.9
2026-09-30 03:49:00,1.4946,1.4954,1.4941,1.4941,147658.9
2026-09-30 03:50:00,1.4941,1.4949,1.4933,1.4944,84598.5
2026-09-30 03:51:00,1.4943,1.4943,1.4929,1.4929,12849.2
2026-09-30 03:52:00,1.4929,1.4929,1.4922,1.4924,18405.0
2026-09-30 03:53:00,1.4924,1.4935,1.4921,1.493,214467.8
2026-09-30 03:54:00,1.493,1.4939,1.4929,1.4938,75713.4
2026-09-30 03:55:00,1.4939,1.4943,1.4916,1.4919,256763.4
2026-09-30 03:56:00,1.4918,1.4924,1.4916,1.4916,45963.8
2026-09-30 03:57:00,1.4917,1.4925,1.4916,1.492,25736.7
2026-09-30 03:58:00,1.4921,1.493,1.4921,1.4925,31011.5
2026-09-30 03:59:00,1.4925,1.4935,1.4925,1.4934,111464.5
2026-09-30 04:00:00,1.4933,1.4946,1.4932,1.4941,36014.1
2026-09-30 04:01:00,1.4942,1.4945,1.4927,1.4932,72460.4
2026-09-30 04:02:00,1.4932,1.4961,1.4927,1.4961,10402.5
2026-09-30 04:03:00,1.496,1.4966,1.4956,1.4962,38927.9
2026-09-30 04:04:00,1.4963,1.4971,1.4952,1.4971,91988.7
2026-09-30 04:05:00,1.497,1.4981,1.4968,1.4968,43561.8
2026-09-30 04:06:00,1.4968,1.4976,1.4955,1.4958,52157.3
2026-09-30 04:07:00,1.4958,1.4961,1.4944,1.4956,26294.7
2026-09-30 04:08:00,1.4956,1.4956,1.494,1.4943,21678.3
2026-09-30 04:09:00,1.4943,1.4943,1.4928,1.4936,16885.0
2026-09-30 04:10:00,1.4937,1.4944,1.4935,1.4939,13282.8
2026-09-30 04:11:00,1.4939,1.4957,1.4938,1.4956,14708.0
2026-09-30 04:12:00,1.4956,1.4959,1.4947,1.4947,10400.2
2026-09-30 04:13:00,1.4947,1.4961,1.4941,1.4958,87789.7
2026-09-30 04:14:00,1.4959,1.4964,1.4955,1.4955,8430.2
2026-09-30 04:15:00,1.4956,1.4975,1.4955,1.4975,166815.7
2026-09-30 04:16:00,1.4975,1.4976,1.4969,1.497,15927.9
2026-09-30 04:17:00,1.497,1.4979,1.4969,1.4979,20345.8
2026-09-30 04:18:00,1.4979,1.4989,1.4979,1.4988,54532.6
2026-09-30 04:19:00,1.4988,1.4991,1.4966,1.4966,214695.9
2026-09-30 04:20:00,1.4966,1.4972,1.4964,1.4964,38333.3
2026-09-30 04:21:00,1.4964,1.4984,1.4964,1.498,43884.8
2026-09-30 04:22:00,1.4979,1.4984,1.4978,1.4982,50130.3
2026-09-30 04:23:00,1.4981,1.4983,1.4969,1.497,25136.0
2026-09-30 04:24:00,1.4969,1.4972,1.496,1.496,73150.1
2026-09-30 04:25:00,1.4959,1.4995,1.4957,1.4993,199892.8
2026-09-30 04:26:00,1.4994,1.4994,1.4986,1.4993,47199.9
2026-09-30 04:27:00,1.4993,1.4993,1.4979,1.4982,96683.9
2026-09-30 04:28:00,1.4983,1.4983,1.4968,1.4968,26295.8
2026-09-30 04:29:00,1.4968,1.4971,1.4965,1.4968,18163.6
2026-09-30 04:30:00,1.4968,1.4973,1.4965,1.4969,56931.9
2026-09-30 04:31:00,1.4969,1.4969,1.4953,1.4963,43405.5
2026-09-30 04:32:00,1.4963,1.4969,1.4958,1.4958,38849.2
2026-09-30 04:33:00,1.4958,1.4961,1.4958,1.4958,9186.5
2026-09-30 04:34:00,1.4958,1.4961,1.4948,1.4949,18443.9
2026-09-30 04:35:00,1.4948,1.4977,1.4945,1.4977,263101.6
2026-09-30 04:36:00,1.4977,1.4987,1.4973,1.4979,113851.3
2026-09-30 04:37:00,1.4979,1.4979,1.4963,1.4971,17806.7
2026-09-30 04:38:00,1.4971,1.498,1.4967,1.497,20625.5
2026-09-30 04:39:00,1.497,1.497,1.4962,1.4969,41617.8
2026-09-30 04:40:00,1.4968,1.4968,1.4954,1.4954,25967.4
2026-09-30 04:41:00,1.4954,1.496,1.4952,1.496,13561.5
2026-09-30 04:42:00,1.4959,1.496,1.4956,1.496,63579.6
2026-09-30 04:43:00,1.496,1.4963,1.4958,1.4958,15211.9
2026-09-30 04:44:00,1.4959,1.496,1.4957,1.4959,64294.8
2026-09-30 04:45:00,1.4959,1.4968,1.4958,1.4965,51359.9
2026-09-30 04:46:00,1.4966,1.4968,1.496,1.4964,60240.4
2026-09-30 04:47:00,1.4964,1.4965,1.4956,1.4957,20023.4
2026-09-30 04:48:00,1.4957,1.4957,1.4955,1.4957,4371.6
2026-09-30 04:49:00,1.4958,1.4962,1.4947,1.4947,68066.0
2026-09-30 04:50:00,1.4946,1.4947,1.4939,1.4945,27847.7
2026-09-30 04:51:00,1.4946,1.4946,1.4935,1.4936,20812.6
2026-09-30 04:52:00,1.4936,1.4944,1.4936,1.4942,50326.2
2026-09-30 04:53:00,1.4942,1.4944,1.4939,1.494,71881.3
2026-09-30 04:54:00,1.4939,1.4942,1.4935,1.4936,203350.3
2026-09-30 04:55:00,1.4936,1.4944,1.4936,1.4942,18334.4
2026-09-30 04:56:00,1.4943,1.4946,1.4941,1.4945,22191.5
2026-09-30 04:57:00,1.4944,1.4944,1.4937,1.4938,17369.9
2026-09-30 04:58:00,1.4937,1.4941,1.4935,1.4939,13630.9
2026-09-30 04:59:00,1.4938,1.4938,1.4931,1.4935,22821.5
2026-09-30 05:00:00,1.4936,1.4977,1.4935,1.4976,59950.8
2026-09-30 05:01:00,1.4977,1.4984,1.4967,1.4983,73824.0
2026-09-30 05:02:00,1.4983,1.4987,1.4958,1.4959,20555.3
2026-09-30 05:03:00,1.4958,1.4968,1.4951,1.4954,15583.5
2026-09-30 05:04:00,1.4953,1.4955,1.4942,1.4954,38190.6
2026-09-30 05:05:00,1.4953,1.4962,1.4943,1.4962,39905.7
2026-09-30 05:06:00,1.4963,1.4978,1.4962,1.4973,33665.6
2026-09-30 05:07:00,1.4974,1.4987,1.4968,1.4973,89718.4
2026-09-30 05:08:00,1.4973,1.4977,1.4969,1.4973,44619.6
2026-09-30 05:09:00,1.4972,1.4983,1.4968,1.4975,72545.2
2026-09-30 05:10:00,1.4975,1.4975,1.4951,1.4954,24442.5
2026-09-30 05:11:00,1.4954,1.496,1.4951,1.4958,15970.2
2026-09-30 05:12:00,1.4959,1.4971,1.495,1.495,21125.3
2026-09-30 05:13:00,1.4949,1.4959,1.4945,1.4954,73882.0
2026-09-30 05:14:00,1.4955,1.4955,1.4946,1.4949,39800.5
2026-09-30 05:15:00,1.4948,1.4948,1.4939,1.4939,77597.1
2026-09-30 05:16:00,1.494,1.4945,1.4935,1.4941,33906.9
2026-09-30 05:17:00,1.4941,1.4954,1.4941,1.4951,25112.9
2026-09-30 05:18:00,1.4952,1.4972,1.4951,1.4959,29199.0
2026-09-30 05:19:00,1.4959,1.4977,1.4956,1.4973,36900.6
2026-09-30 05:20:00,1.4973,1.4981,1.4961,1.4972,15019.8
2026-09-30 05:21:00,1.4971,1.4971,1.4955,1.4957,18434.4
2026-09-30 05:22:00,1.4956,1.4962,1.4952,1.4962,12981.1
2026-09-30 05:23:00,1.4962,1.4975,1.4961,1.4974,12571.7
2026-09-30 05:24:00,1.4973,1.4991,1.4972,1.4991,72343.2
2026-09-30 05:25:00,1.4992,1.4996,1.4955,1.4962,229388.5
2026-09-30 05:26:00,1.4962,1.4963,1.4956,1.4956,63057.7
2026-09-30 05:27:00,1.4956,1.4981,1.4956,1.4972,132108.1
2026-09-30 05:28:00,1.4973,1.4986,1.4969,1.4986,23469.0
2026-09-30 05:29:00,1.4987,1.4995,1.4986,1.4995,22137.6
2026-09-30 05:30:00,1.4995,1.5019,1.4987,1.5019,508368.6
2026-09-30 05:31:00,1.5019,1.504,1.5019,1.504,140366.2
2026-09-30 05:32:00,1.5039,1.5051,1.5023,1.5034,332907.0
2026-09-30 05:33:00,1.5033,1.5033,1.5002,1.5017,110607.3
2026-09-30 05:34:00,1.5018,1.5035,1.5012,1.5032,431147.4
2026-09-30 05:35:00,1.5032,1.5055,1.5022,1.5047,381334.2
2026-09-30 05:36:00,1.5048,1.5054,1.5037,1.505,103372.3
2026-09-30 05:37:00,1.5049,1.5049,1.5026,1.5029,241239.4
2026-09-30 05:38:00,1.5029,1.5035,1.5023,1.5034,163925.4
2026-09-30 05:39:00,1.5034,1.5043,1.5034,1.5036,54698.2
2026-09-30 05:40:00,1.5036,1.5037,1.502,1.5022,14375.9
2026-09-30 05:41:00,1.5021,1.5031,1.502,1.503,15899.2
2026-09-30 05:42:00,1.5031,1.5032,1.5029,1.503,3058.9
2026-09-30 05:43:00,1.503,1.5044,1.503,1.504,170467.7
2026-09-30 05:44:00,1.504,1.5055,1.504,1.5043,60819.1
2026-09-30 05:45:00,1.5042,1.5051,1.5042,1.5046,52314.1
2026-09-30 05:46:00,1.5045,1.5057,1.5042,1.5042,77864.4
2026-09-30 05:47:00,1.5042,1.5046,1.5041,1.5041,73936.8
2026-09-30 05:48:00,1.5041,1.5041,1.503,1.503,197375.7
2026-09-30 05:49:00,1.503,1.504,1.5027,1.504,66264.0
2026-09-30 05:50:00,1.504,1.5052,1.504,1.5046,59752.2
2026-09-30 05:51:00,1.5045,1.5048,1.5027,1.5028,17128.6
2026-09-30 05:52:00,1.5027,1.5027,1.5007,1.5008,25340.0
2026-09-30 05:53:00,1.5009,1.5018,1.5009,1.5012,320179.2
2026-09-30 05:54:00,1.5011,1.5017,1.5011,1.5014,23419.0
2026-09-30 05:55:00,1.5013,1.5014,1.5009,1.501,9508.0
2026-09-30 05:56:00,1.5011,1.502,1.5011,1.5017,6001.0
2026-09-30 05:57:00,1.5017,1.5025,1.5017,1.5017,203244.4
2026-09-30 05:58:00,1.5016,1.5047,1.501,1.5046,175003.2
2026-09-30 05:59:00,1.5045,1.5048,1.5029,1.5036,58365.3
2026-09-30 06:00:00,1.5035,1.5054,1.5021,1.5052,216905.3
2026-09-30 06:01:00,1.5052,1.5061,1.5047,1.5055,48868.1
2026-09-30 06:02:00,1.5055,1.5056,1.5036,1.5051,121602.5
2026-09-30 06:03:00,1.5051,1.5057,1.504,1.5051,461171.4
2026-09-30 06:04:00,1.5051,1.5068,1.5049,1.5064,150193.0
2026-09-30 06:05:00,1.5064,1.507,1.5062,1.5066,48589.0
2026-09-30 06:06:00,1.5066,1.5068,1.5056,1.5056,50470.7
2026-09-30 06:07:00,1.5056,1.5056,1.5041,1.5044,211570.7
2026-09-30 06:08:00,1.5044,1.5045,1.5031,1.5031,145430.2
2026-09-30 06:09:00,1.5032,1.5034,1.5005,1.5011,176846.9
2026-09-30 06:10:00,1.5012,1.5021,1.5012,1.5018,58699.5
2026-09-30 06:11:00,1.5018,1.5019,1.5001,1.5003,47567.3
2026-09-30 06:12:00,1.5004,1.5008,1.4992,1.4999,59318.8
2026-09-30 06:13:00,1.4998,1.4999,1.4995,1.4997,127339.9
2026-09-30 06:14:00,1.4997,1.5001,1.4983,1.4989,228920.1
2026-09-30 06:15:00,1.4988,1.501,1.4988,1.4999,44828.8
2026-09-30 06:16:00,1.4999,1.501,1.4993,1.5006,56599.3
2026-09-30 06:17:00,1.5006,1.5022,1.5004,1.5007,105149.7
2026-09-30 06:18:00,1.5007,1.5018,1.4997,1.5013,17959.6
2026-09-30 06:19:00,1.5013,1.5017,1.5001,1.5003,30009.3
2026-09-30 06:20:00,1.5003,1.5015,1.499,1.5006,52385.9
2026-09-30 06:21:00,1.5006,1.5015,1.4988,1.4994,262797.5
2026-09-30 06:22:00,1.4995,1.4995,1.4978,1.4986,85261.2
2026-09-30 06:23:00,1.4987,1.5,1.498,1.4981,31386.4
2026-09-30 06:24:00,1.4982,1.4984,1.4962,1.4962,73065.4
2026-09-30 06:25:00,1.4962,1.4962,1.4953,1.4957,118624.2
2026-09-30 06:26:00,1.4957,1.4958,1.4951,1.4957,24401.8
2026-09-30 06:27:00,1.4958,1.4961,1.4955,1.496,25587.9
2026-09-30 06:28:00,1.4961,1.4989,1.4961,1.4982,252595.4
2026-09-30 06:29:00,1.4983,1.4997,1.4982,1.4994,168871.7
2026-09-30 06:30:00,1.4993,1.4997,1.4971,1.4982,112052.3
2026-09-30 06:31:00,1.4982,1.4999,1.4979,1.4999,38650.9
2026-09-30 06:32:00,1.4999,1.5,1.4982,1.4991,13272.6
2026-09-30 06:33:00,1.4991,1.4999,1.4973,1.4973,46243.6
2026-09-30 06:34:00,1.4972,1.4983,1.497,1.4982,31241.5
2026-09-30 06:35:00,1.4982,1.4986,1.4968,1.4972,38980.5
2026-09-30 06:36:00,1.4973,1.4995,1.4973,1.4991,56472.1
2026-09-30 06:37:00,1.499,1.4993,1.4976,1.4976,28680.8
2026-09-30 06:38:00,1.4977,1.4997,1.4977,1.4986,51822.3
2026-09-30 06:39:00,1.4987,1.4987,1.4967,1.4968,31662.5
2026-09-30 06:40:00,1.4968,1.4989,1.496,1.498,70054.3
2026-09-30 06:41:00,1.498,1.4985,1.495,1.4952,136220.9
2026-09-30 06:42:00,1.4952,1.4989,1.4952,1.4989,55530.6
2026-09-30 06:43:00,1.4989,1.4996,1.4978,1.4986,50970.3
2026-09-30 06:44:00,1.4985,1.4997,1.4982,1.4994,45136.5
2026-09-30 06:45:00,1.4993,1.4997,1.4961,1.4973,156800.9
2026-09-30 06:46:00,1.4973,1.4973,1.496,1.4961,50626.1
2026-09-30 06:47:00,1.4962,1.4962,1.4935,1.4939,247843.2
2026-09-30 06:48:00,1.4938,1.4938,1.4921,1.4921,111392.0
2026-09-30 06:49:00,1.4922,1.4937,1.4921,1.4937,111505.1
2026-09-30 06:50:00,1.4937,1.495,1.4935,1.4936,150567.1
2026-09-30 06:51:00,1.4936,1.4945,1.4928,1.4945,114365.6
2026-09-30 06:52:00,1.4945,1.4953,1.4942,1.4942,82358.4
2026-09-30 06:53:00,1.4943,1.4952,1.4939,1.495,98955.5
2026-09-30 06:54:00,1.4949,1.4952,1.4946,1.495,42809.4
2026-09-30 06:55:00,1.4951,1.499,1.4951,1.4988,60057.9
2026-09-30 06:56:00,1.4987,1.4989,1.495,1.4954,255219.2
2026-09-30 06:57:00,1.4954,1.4954,1.4947,1.4951,44039.8
2026-09-30 06:58:00,1.4951,1.4957,1.495,1.4951,19405.6
2026-09-30 06:59:00,1.4951,1.4953,1.4929,1.4931,117550.4
2026-09-30 07:00:00,1.4931,1.4931,1.4909,1.4914,154546.0
2026-09-30 07:01:00,1.4914,1.4945,1.4914,1.4937,106856.4
2026-09-30 07:02:00,1.4937,1.496,1.4937,1.4959,99001.7
2026-09-30 07:03:00,1.496,1.497,1.4953,1.4953,39351.0
2026-09-30 07:04:00,1.4952,1.4959,1.494,1.494,38822.7
2026-09-30 07:05:00,1.494,1.4942,1.4933,1.4933,48151.0
2026-09-30 07:06:00,1.4933,1.4933,1.4897,1.4911,150085.8
2026-09-30 07:07:00,1.4911,1.4921,1.4906,1.4919,41618.8
2026-09-30 07:08:00,1.4919,1.4929,1.4919,1.4929,77280.1
2026-09-30 07:09:00,1.4929,1.4929,1.4913,1.4927,20388.5
2026-09-30 07:10:00,1.4927,1.4932,1.4921,1.4932,22800.1
2026-09-30 07:11:00,1.4932,1.4932,1.4904,1.4905,22811.5
2026-09-30 07:12:00,1.4904,1.4912,1.49,1.49,62031.2
2026-09-30 07:13:00,1.4901,1.491,1.4901,1.491,35323.3
2026-09-30 07:14:00,1.4911,1.492,1.4906,1.491,46926.5
2026-09-30 07:15:00,1.491,1.4921,1.491,1.492,42482.6
2026-09-30 07:16:00,1.4921,1.4938,1.4921,1.4938,115501.2
2026-09-30 07:17:00,1.4938,1.4944,1.4929,1.494,53971.9
2026-09-30 07:18:00,1.4941,1.4962,1.4941,1.4958,95750.0
2026-09-30 07:19:00,1.4959,1.4988,1.4959,1.4985,111995.3
2026-09-30 07:20:00,1.4986,1.5007,1.4984,1.4991,189443.4
2026-09-30 07:21:00,1.499,1.4994,1.4985,1.4992,55736.2
2026-09-30 07:22:00,1.4992,1.5008,1.4979,1.4983,108658.6
2026-09-30 07:23:00,1.4982,1.5014,1.4978,1.5014,50719.6
2026-09-30 07:24:00,1.5014,1.5022,1.4998,1.5011,121476.4
2026-09-30 07:25:00,1.5011,1.5022,1.5005,1.5015,243141.1
2026-09-30 07:26:00,1.5016,1.5023,1.5009,1.5019,78145.5
2026-09-30 07:27:00,1.5019,1.5021,1.5005,1.5009,161265.0
2026-09-30 07:28:00,1.501,1.5013,1.4999,1.5,43106.7
2026-09-30 07:29:00,1.4999,1.5009,1.4995,1.5009,247472.2
2026-09-30 07:30:00,1.5009,1.5009,1.4994,1.5008,59252.1
2026-09-30 07:31:00,1.5008,1.5013,1.4995,1.5005,284141.5
2026-09-30 07:32:00,1.5006,1.5009,1.4991,1.4993,55151.7
2026-09-30 07:33:00,1.4993,1.5012,1.499,1.5009,17198.5
2026-09-30 07:34:00,1.5009,1.501,1.4999,1.5001,23908.1
2026-09-30 07:35:00,1.5002,1.5027,1.5002,1.5025,64719.2
2026-09-30 07:36:00,1.5025,1.5042,1.5025,1.504,188034.2
2026-09-30 07:37:00,1.5039,1.5041,1.5025,1.5026,30096.7
2026-09-30 07:38:00,1.5026,1.5028,1.5016,1.502,35253.1
2026-09-30 07:39:00,1.502,1.5031,1.5013,1.5013,188426.8
2026-09-30 07:40:00,1.5014,1.5016,1.5006,1.5006,583898.5
2026-09-30 07:41:00,1.5005,1.5013,1.5003,1.5004,327232.8
2026-09-30 07:42:00,1.5004,1.5007,1.4999,1.5003,225801.5
2026-09-30 07:43:00,1.5004,1.5011,1.5002,1.5011,23051.4
2026-09-30 07:44:00,1.501,1.5033,1.501,1.5029,164524.1
2026-09-30 07:45:00,1.503,1.5035,1.5029,1.5033,44321.1
2026-09-30 07:46:00,1.5032,1.5034,1.5016,1.5019,53590.4
2026-09-30 07:47:00,1.502,1.5024,1.5006,1.5018,161399.4
2026-09-30 07:48:00,1.5018,1.5024,1.5018,1.5023,83601.1
2026-09-30 07:49:00,1.5022,1.503,1.5018,1.503,119897.5
2026-09-30 07:50:00,1.5029,1.5036,1.5025,1.5036,46416.8
2026-09-30 07:51:00,1.5036,1.504,1.5022,1.503,157824.2
2026-09-30 07:52:00,1.503,1.5036,1.5029,1.503,53781.1
2026-09-30 07:53:00,1.503,1.5035,1.503,1.5032,30673.4
2026-09-30 07:54:00,1.5031,1.5032,1.5013,1.5015,51212.4
2026-09-30 07:55:00,1.5015,1.5019,1.5013,1.5013,35537.2
2026-09-30 07:56:00,1.5014,1.5014,1.5006,1.5007,20686.2
2026-09-30 07:57:00,1.5007,1.5008,1.5002,1.5004,15359.2
2026-09-30 07:58:00,1.5005,1.5011,1.5005,1.5011,13697.9
2026-09-30 07:59:00,1.501,1.5014,1.5001,1.5005,51769.2
2026-09-30 08:00:00,1.5004,1.5006,1.4999,1.5,69956.7
2026-09-30 08:01:00,1.5001,1.5011,1.5001,1.5006,56457.1
2026-09-30 08:02:00,1.5005,1.5005,1.4991,1.4996,95163.4
2026-09-30 08:03:00,1.4996,1.5014,1.4996,1.5011,892935.0
2026-09-30 08:04:00,1.501,1.5011,1.4983,1.4997,76059.1
2026-09-30 08:05:00,1.4995,1.4997,1.4977,1.4977,171842.1
2026-09-30 08:06:00,1.4978,1.499,1.4978,1.498,47065.1
2026-09-30 08:07:00,1.4981,1.4982,1.4962,1.4963,62213.7
2026-09-30 08:08:00,1.4963,1.4965,1.4957,1.4963,62661.9
2026-09-30 08:09:00,1.4963,1.4963,1.4955,1.4955,28753.0
2026-09-30 08:10:00,1.4955,1.4958,1.495,1.4954,79466.0
2026-09-30 08:11:00,1.4953,1.4955,1.4943,1.495,41222.4
2026-09-30 08:12:00,1.4949,1.4955,1.4947,1.4947,49579.8
2026-09-30 08:13:00,1.4946,1.4946,1.4933,1.4933,81242.0
2026-09-30 08:14:00,1.4932,1.4934,1.4922,1.4933,72574.6
2026-09-30 08:15:00,1.4934,1.4945,1.4922,1.4944,49312.8
2026-09-30 08:16:00,1.4943,1.496,1.4942,1.496,24202.3
2026-09-30 08:17:00,1.4959,1.4968,1.4945,1.4957,126241.2
2026-09-30 08:18:00,1.4958,1.498,1.4956,1.4978,67587.1
2026-09-30 08:19:00,1.4978,1.4983,1.4947,1.4949,34344.4
2026-09-30 08:20:00,1.4949,1.4976,1.4941,1.4974,146276.6
2026-09-30 08:21:00,1.4975,1.4989,1.4968,1.4989,106209.7
2026-09-30 08:22:00,1.4989,1.4992,1.4977,1.4978,64430.7
2026-09-30 08:23:00,1.4978,1.4984,1.4975,1.4976,67140.3
2026-09-30 08:24:00,1.4976,1.4978,1.495,1.4971,246241.7
2026-09-30 08:25:00,1.497,1.4972,1.4963,1.4963,80622.5
2026-09-30 08:26:00,1.4962,1.4976,1.4956,1.4972,33609.7
2026-09-30 08:27:00,1.4972,1.4981,1.4966,1.4981,31829.0
2026-09-30 08:28:00,1.498,1.4981,1.4969,1.4977,67023.5
2026-09-30 08:29:00,1.4977,1.4977,1.496,1.4961,143072.1
2026-09-30 08:30:00,1.496,1.496,1.4938,1.494,66538.0
2026-09-30 08:31:00,1.494,1.4947,1.4935,1.4938,69125.5
2026-09-30 08:32:00,1.4939,1.4943,1.4926,1.4935,63333.8
2026-09-30 08:33:00,1.4936,1.4942,1.4927,1.493,171322.2
2026-09-30 08:34:00,1.4931,1.4953,1.4931,1.4945,37544.3
2026-09-30 08:35:00,1.4945,1.4953,1.4939,1.4943,34338.9
2026-09-30 08:36:00,1.4943,1.4948,1.4933,1.4933,28097.4
2026-09-30 08:37:00,1.4933,1.4947,1.4931,1.4943,21666.6
2026-09-30 08:38:00,1.4942,1.4974,1.4939,1.4973,210361.6
2026-09-30 08:39:00,1.4973,1.4974,1.4965,1.4966,38535.3
2026-09-30 08:40:00,1.4967,1.4975,1.4963,1.4972,20963.0
2026-09-30 08:41:00,1.4972,1.4972,1.4956,1.4963,30959.5
2026-09-30 08:42:00,1.4963,1.4963,1.4949,1.4952,15803.1
2026-09-30 08:43:00,1.4951,1.4956,1.4946,1.4949,25379.3
2026-09-30 08:44:00,1.4949,1.496,1.4949,1.4958,16237.4
2026-09-30 08:45:00,1.4958,1.4969,1.4955,1.496,24492.7
2026-09-30 08:46:00,1.4961,1.4975,1.4961,1.4975,21649.0
2026-09-30 08:47:00,1.4976,1.4987,1.4976,1.4982,45394.8
2026-09-30 08:48:00,1.4982,1.5001,1.4982,1.4997,203556.0
2026-09-30 08:49:00,1.4997,1.5003,1.4992,1.4997,130379.2
2026-09-30 08:50:00,1.4998,1.5002,1.4993,1.4993,31158.6
2026-09-30 08:51:00,1.4994,1.4999,1.498,1.4999,307169.1
2026-09-30 08:52:00,1.4998,1.5006,1.4993,1.4994,63005.6
2026-09-30 08:53:00,1.4994,1.4996,1.4989,1.4989,36383.5
2026-09-30 08:54:00,1.499,1.4994,1.4981,1.4984,29001.0
2026-09-30 08:55:00,1.4984,1.4984,1.4971,1.4984,47550.7
2026-09-30 08:56:00,1.4983,1.4984,1.4975,1.4983,19964.3
2026-09-30 08:57:00,1.4984,1.4988,1.4982,1.4982,19294.6
2026-09-30 08:58:00,1.4982,1.4992,1.498,1.4989,26369.0
2026-09-30 08:59:00,1.4988,1.4988,1.4973,1.4974,23640.7
2026-09-30 09:00:00,1.4974,1.498,1.4968,1.4979,64485.5
2026-09-30 09:01:00,1.4979,1.4988,1.4979,1.4983,61144.9
2026-09-30 09:02:00,1.4982,1.4999,1.4977,1.4997,25518.5
2026-09-30 09:03:00,1.4996,1.501,1.4996,1.5009,96141.6
2026-09-30 09:04:00,1.5008,1.502,1.5008,1.502,42286.9
2026-09-30 09:05:00,1.5021,1.5032,1.5017,1.5032,71592.7
2026-09-30 09:06:00,1.5033,1.5036,1.5027,1.5036,31160.3
2026-09-30 09:07:00,1.5035,1.5035,1.5016,1.5018,36292.8
2026-09-30 09:08:00,1.5017,1.5033,1.501,1.501,62497.2
2026-09-30 09:09:00,1.5009,1.501,1.4999,1.5008,61208.3
2026-09-30 09:10:00,1.5009,1.502,1.5005,1.5006,139058.0
2026-09-30 09:11:00,1.5006,1.5013,1.5004,1.5011,17819.6
2026-09-30 09:12:00,1.501,1.5016,1.4997,1.5005,50923.6
2026-09-30 09:13:00,1.5005,1.5024,1.5005,1.5019,31527.0
2026-09-30 09:14:00,1.5019,1.5039,1.5019,1.5039,168168.1
2026-09-30 09:15:00,1.5038,1.5049,1.5035,1.5041,148242.2
2026-09-30 09:16:00,1.5041,1.5043,1.5033,1.5039,76215.6
2026-09-30 09:17:00,1.504,1.5043,1.5025,1.503,252065.7
2026-09-30 09:18:00,1.503,1.503,1.5019,1.5024,61954.4
2026-09-30 09:19:00,1.5025,1.5033,1.5024,1.5024,152745.0
2026-09-30 09:20:00,1.5025,1.5035,1.502,1.5033,86174.6
2026-09-30 09:21:00,1.5033,1.5046,1.5023,1.5041,92264.5
2026-09-30 09:22:00,1.5042,1.5047,1.503,1.5038,125996.2
2026-09-30 09:23:00,1.5038,1.505,1.5037,1.5041,137965.9
2026-09-30 09:24:00,1.504,1.5066,1.5036,1.5065,192015.2
2026-09-30 09:25:00,1.5065,1.5093,1.5065,1.5079,506932.8
2026-09-30 09:26:00,1.5078,1.5083,1.5075,1.5081,61118.6
2026-09-30 09:27:00,1.508,1.5095,1.508,1.5095,517607.3
2026-09-30 09:28:00,1.5094,1.5098,1.5089,1.5089,87478.8
2026-09-30 09:29:00,1.5088,1.5088,1.5077,1.5087,61644.3
2026-09-30 09:30:00,1.5088,1.5112,1.5071,1.5074,569031.1
2026-09-30 09:31:00,1.5073,1.5102,1.507,1.5093,261047.6
2026-09-30 09:32:00,1.5093,1.5153,1.5093,1.5146,564408.9
2026-09-30 09:33:00,1.5146,1.5161,1.514,1.5152,297969.3
2026-09-30 09:34:00,1.5151,1.5157,1.5138,1.5143,167404.6
2026-09-30 09:35:00,1.5143,1.5152,1.5121,1.5145,216757.5
2026-09-30 09:36:00,1.5144,1.5151,1.513,1.5137,128166.3
2026-09-30 09:37:00,1.5136,1.5136,1.5124,1.5127,121210.8
2026-09-30 09:38:00,1.5128,1.5129,1.5112,1.5122,256005.7
2026-09-30 09:39:00,1.5122,1.5124,1.5113,1.5114,172835.2
2026-09-30 09:40:00,1.5113,1.5115,1.5106,1.5106,248430.8
2026-09-30 09:41:00,1.5105,1.5107,1.5101,1.5106,26474.8
2026-09-30 09:42:00,1.5106,1.5115,1.5106,1.5113,59408.5
2026-09-30 09:43:00,1.5113,1.5113,1.5102,1.5103,37166.4
2026-09-30 09:44:00,1.5103,1.5115,1.5103,1.5115,29778.0
2026-09-30 09:45:00,1.5114,1.5116,1.5106,1.5109,62120.0
2026-09-30 09:46:00,1.511,1.5129,1.511,1.5128,29964.1
2026-09-30 09:47:00,1.5129,1.513,1.5119,1.5126,46160.6
2026-09-30 09:48:00,1.5126,1.5127,1.5121,1.5126,55555.3
2026-09-30 09:49:00,1.5126,1.5127,1.5121,1.5127,26503.0
2026-09-30 09:50:00,1.5127,1.5134,1.5125,1.5126,95965.7
2026-09-30 09:51:00,1.5126,1.514,1.5125,1.5136,83084.0
2026-09-30 09:52:00,1.5136,1.5136,1.5111,1.5111,175390.8
2026-09-30 09:53:00,1.511,1.5111,1.5107,1.511,15279.3
2026-09-30 09:54:00,1.511,1.5121,1.5106,1.5114,243240.3
2026-09-30 09:55:00,1.5114,1.5119,1.511,1.5111,85877.3
2026-09-30 09:56:00,1.511,1.511,1.51,1.5101,99491.5
2026-09-30 09:57:00,1.5101,1.511,1.5101,1.5109,52547.4
2026-09-30 09:58:00,1.5109,1.511,1.5105,1.5105,40934.1
2026-09-30 09:59:00,1.5105,1.5107,1.5102,1.5103,265564.8
2026-09-30 10:00:00,1.5103,1.5125,1.5103,1.5117,300965.9
2026-09-30 10:01:00,1.5118,1.5125,1.5113,1.5113,52178.8
2026-09-30 10:02:00,1.5113,1.5113,1.5093,1.5104,231901.8
2026-09-30 10:03:00,1.5104,1.5104,1.5095,1.5097,50958.9
2026-09-30 10:04:00,1.5097,1.5111,1.5095,1.5108,36056.2
2026-09-30 10:05:00,1.5108,1.5113,1.5104,1.5112,64742.8
2026-09-30 10:06:00,1.5112,1.5117,1.5112,1.5115,29955.2
2026-09-30 10:07:00,1.5114,1.5121,1.5111,1.5116,69295.4
2026-09-30 10:08:00,1.5115,1.5115,1.5108,1.511,39910.5
2026-09-30 10:09:00,1.511,1.511,1.51,1.5101,28647.5
2026-09-30 10:10:00,1.5102,1.5102,1.5097,1.5098,53267.5
2026-09-30 10:11:00,1.5098,1.5102,1.5095,1.5102,71869.5
2026-09-30 10:12:00,1.5101,1.5104,1.5096,1.5097,43842.4
2026-09-30 10:13:00,1.5096,1.5099,1.5093,1.5094,81640.3
2026-09-30 10:14:00,1.5095,1.5099,1.5085,1.5085,117938.3
2026-09-30 10:15:00,1.5086,1.5089,1.5076,1.5085,119573.2
2026-09-30 10:16:00,1.5084,1.5086,1.5068,1.5078,139828.2
2026-09-30 10:17:00,1.5078,1.5085,1.5078,1.5079,83995.5
2026-09-30 10:18:00,1.5079,1.5085,1.5068,1.5072,42011.9
2026-09-30 10:19:00,1.5072,1.5083,1.5072,1.5079,43755.8
2026-09-30 10:20:00,1.5078,1.5089,1.5077,1.5087,42600.4
2026-09-30 10:21:00,1.5088,1.5113,1.5088,1.5104,158170.5
2026-09-30 10:22:00,1.5103,1.5107,1.5084,1.5085,32920.9
2026-09-30 10:23:00,1.5085,1.5105,1.5085,1.5098,93043.8
2026-09-30 10:24:00,1.5098,1.5105,1.5092,1.5104,365488.3
2026-09-30 10:25:00,1.5105,1.5118,1.5099,1.5115,146350.9
2026-09-30 10:26:00,1.5114,1.512,1.5111,1.512,67961.5
2026-09-30 10:27:00,1.5119,1.5128,1.5097,1.51,265266.2
2026-09-30 10:28:00,1.51,1.5103,1.5096,1.5102,70479.4
2026-09-30 10:29:00,1.5102,1.5106,1.5102,1.5103,25378.1
2026-09-30 10:30:00,1.5102,1.5124,1.5102,1.5124,30241.8
2026-09-30 10:31:00,1.5125,1.5133,1.5124,1.5133,48370.9
2026-09-30 10:32:00,1.5133,1.5145,1.5128,1.5145,114642.1
2026-09-30 10:33:00,1.5144,1.5145,1.5138,1.5138,39750.9
2026-09-30 10:34:00,1.5139,1.5142,1.5134,1.514,28143.1
2026-09-30 10:35:00,1.514,1.5143,1.5135,1.5142,32181.2
2026-09-30 10:36:00,1.5141,1.5144,1.5137,1.5144,100501.7
2026-09-30 10:37:00,1.5143,1.5145,1.5138,1.5144,80873.8
2026-09-30 10:38:00,1.5145,1.5152,1.5144,1.5151,79502.9
2026-09-30 10:39:00,1.515,1.5154,1.5131,1.5139,176271.5
2026-09-30 10:40:00,1.514,1.514,1.5124,1.5128,211147.5
2026-09-30 10:41:00,1.5128,1.5139,1.5128,1.5136,64540.9
2026-09-30 10:42:00,1.5136,1.5139,1.5131,1.5132,83539.7
2026-09-30 10:43:00,1.5131,1.5137,1.5126,1.5137,24957.6
2026-09-30 10:44:00,1.5137,1.5144,1.5136,1.5137,44587.8
2026-09-30 10:45:00,1.5138,1.5139,1.5127,1.5128,31566.0
2026-09-30 10:46:00,1.5127,1.5128,1.5116,1.5116,27957.4
2026-09-30 10:47:00,1.5115,1.5125,1.5115,1.5123,49638.4
2026-09-30 10:48:00,1.5123,1.5126,1.5118,1.5125,47855.5
2026-09-30 10:49:00,1.5126,1.5135,1.5126,1.5129,49727.6
2026-09-30 10:50:00,1.513,1.5137,1.5129,1.513,35411.3
2026-09-30 10:51:00,1.513,1.5131,1.512,1.5124,53393.4
2026-09-30 10:52:00,1.5124,1.5139,1.5124,1.5132,28225.7
2026-09-30 10:53:00,1.5132,1.5132,1.5124,1.5127,36703.3
2026-09-30 10:54:00,1.5128,1.5136,1.5128,1.5135,38838.6
2026-09-30 10:55:00,1.5136,1.5136,1.5128,1.5129,125254.3
2026-09-30 10:56:00,1.513,1.5133,1.5114,1.5129,165285.9
2026-09-30 10:57:00,1.5128,1.5132,1.5125,1.5127,54240.7
2026-09-30 10:58:00,1.5128,1.5128,1.5124,1.5127,28027.4
2026-09-30 10:59:00,1.5127,1.5128,1.5124,1.5127,14242.1
2026-09-30 11:00:00,1.5127,1.5127,1.5103,1.5104,227746.3
2026-09-30 11:01:00,1.5104,1.5105,1.5074,1.509,259904.8
2026-09-30 11:02:00,1.5089,1.5099,1.5084,1.5092,107683.7
2026-09-30 11:03:00,1.5091,1.5105,1.5091,1.5104,179630.7
2026-09-30 11:04:00,1.5104,1.5104,1.5094,1.5096,64739.1
2026-09-30 11:05:00,1.5095,1.5101,1.5089,1.5089,89340.7
2026-09-30 11:06:00,1.5089,1.5089,1.5077,1.5078,58085.7
2026-09-30 11:07:00,1.5078,1.5079,1.507,1.5076,125203.0
2026-09-30 11:08:00,1.5077,1.5101,1.5076,1.5094,190331.2
2026-09-30 11:09:00,1.5095,1.51,1.5082,1.5082,16536.7
2026-09-30 11:10:00,1.5081,1.5081,1.5076,1.5078,51154.1
2026-09-30 11:11:00,1.5078,1.5082,1.5076,1.5081,24273.4
2026-09-30 11:12:00,1.5081,1.5102,1.508,1.5102,41129.9
2026-09-30 11:13:00,1.5103,1.5112,1.5101,1.5101,21621.5
2026-09-30 11:14:00,1.51,1.5107,1.5093,1.5101,55392.8
2026-09-30 11:15:00,1.5101,1.5111,1.5099,1.5099,15235.6
2026-09-30 11:16:00,1.5099,1.5101,1.5097,1.5101,37975.4
2026-09-30 11:17:00,1.51,1.5103,1.5091,1.5098,84692.0
2026-09-30 11:18:00,1.5097,1.5104,1.5094,1.5103,38201.8
2026-09-30 11:19:00,1.5104,1.5108,1.5084,1.5084,106919.6
2026-09-30 11:20:00,1.5085,1.5088,1.5077,1.5081,64129.4
2026-09-30 11:21:00,1.508,1.5092,1.508,1.5088,30475.4
2026-09-30 11:22:00,1.5087,1.511,1.5087,1.5109,54283.0
2026-09-30 11:23:00,1.5109,1.5138,1.5108,1.5138,46139.5
2026-09-30 11:24:00,1.5138,1.5144,1.5129,1.5129,59223.8
2026-09-30 11:25:00,1.5129,1.5137,1.5124,1.5132,72936.7
2026-09-30 11:26:00,1.5133,1.5139,1.5129,1.513,59137.6
2026-09-30 11:27:00,1.5129,1.5131,1.5127,1.5129,14115.9
2026-09-30 11:28:00,1.5129,1.5137,1.5129,1.5131,61295.6
2026-09-30 11:29:00,1.5131,1.5135,1.5128,1.5129,32661.1
2026-09-30 11:30:00,1.5128,1.5129,1.5119,1.5121,78778.5
2026-09-30 11:31:00,1.5121,1.5123,1.511,1.5111,140215.6
2026-09-30 11:32:00,1.5111,1.5115,1.5107,1.5111,30092.8
2026-09-30 11:33:00,1.511,1.5111,1.5107,1.5108,13838.8
2026-09-30 11:34:00,1.5109,1.5119,1.5108,1.5114,19077.7
2026-09-30 11:35:00,1.5114,1.5123,1.5113,1.5123,35308.8
2026-09-30 11:36:00,1.5123,1.5125,1.5115,1.5125,76471.7
2026-09-30 11:37:00,1.5125,1.5137,1.5124,1.5133,113846.8
2026-09-30 11:38:00,1.5132,1.5146,1.5132,1.5144,60820.2
2026-09-30 11:39:00,1.5144,1.5152,1.5141,1.5152,95173.1
2026-09-30 11:40:00,1.5152,1.5163,1.5149,1.5162,89550.5
2026-09-30 11:41:00,1.5162,1.5171,1.5153,1.5153,106396.0
2026-09-30 11:42:00,1.5152,1.516,1.515,1.5157,27268.2
2026-09-30 11:43:00,1.5158,1.5183,1.5156,1.5182,208798.3
2026-09-30 11:44:00,1.5182,1.5205,1.5182,1.5194,423421.6
2026-09-30 11:45:00,1.5193,1.5194,1.5182,1.5188,96097.1
2026-09-30 11:46:00,1.5187,1.5195,1.517,1.5188,173649.8
2026-09-30 11:47:00,1.5187,1.5188,1.516,1.5167,245578.8
2026-09-30 11:48:00,1.5168,1.5169,1.5159,1.516,74597.5
2026-09-30 11:49:00,1.5159,1.5168,1.5155,1.5164,92433.9
2026-09-30 11:50:00,1.5164,1.5167,1.5154,1.5154,60089.4
2026-09-30 11:51:00,1.5155,1.5162,1.5154,1.5156,42525.4
2026-09-30 11:52:00,1.5157,1.516,1.5151,1.5153,30748.2
2026-09-30 11:53:00,1.5153,1.5162,1.515,1.515,239813.8
2026-09-30 11:54:00,1.515,1.5152,1.5142,1.515,42092.8
2026-09-30 11:55:00,1.515,1.5151,1.5139,1.5139,11119.6
2026-09-30 11:56:00,1.5139,1.5149,1.5139,1.514,37883.5
2026-09-30 11:57:00,1.5141,1.5143,1.5131,1.5137,143992.0
2026-09-30 11:58:00,1.5136,1.5143,1.5135,1.5143,27294.5
2026-09-30 11:59:00,1.5143,1.516,1.5143,1.5159,108811.1
2026-09-30 12:00:00,1.5158,1.5165,1.515,1.5159,111889.8
2026-09-30 12:01:00,1.5158,1.5159,1.5141,1.5145,50138.5
2026-09-30 12:02:00,1.5144,1.5147,1.5136,1.5136,52025.8
2026-09-30 12:03:00,1.5136,1.5147,1.5136,1.514,45504.9
2026-09-30 12:04:00,1.514,1.5149,1.514,1.5145,29835.7
2026-09-30 12:05:00,1.5145,1.5146,1.5132,1.5132,32956.1
2026-09-30 12:06:00,1.5131,1.5132,1.5121,1.5121,25067.7
2026-09-30 12:07:00,1.5121,1.5128,1.5113,1.5125,115350.6
2026-09-30 12:08:00,1.5126,1.5127,1.512,1.5125,26249.8
2026-09-30 12:09:00,1.5126,1.5129,1.5105,1.5123,216002.2
2026-09-30 12:10:00,1.5122,1.5128,1.5122,1.5125,39297.2
2026-09-30 12:11:00,1.5125,1.5128,1.5125,1.5125,17052.9
2026-09-30 12:12:00,1.5125,1.5131,1.5125,1.5131,34402.3
2026-09-30 12:13:00,1.513,1.5139,1.5127,1.5132,133040.1
2026-09-30 12:14:00,1.5132,1.5141,1.5131,1.514,53233.6
2026-09-30 12:15:00,1.5141,1.5145,1.5107,1.5111,101629.2
2026-09-30 12:16:00,1.5111,1.5111,1.5093,1.5099,63623.1
2026-09-30 12:17:00,1.5098,1.5099,1.5086,1.5092,82066.0
2026-09-30 12:18:00,1.5092,1.5096,1.5088,1.5091,59008.6
2026-09-30 12:19:00,1.5091,1.5092,1.5084,1.5084,148530.0
2026-09-30 12:20:00,1.5085,1.5087,1.5066,1.5068,275426.0
2026-09-30 12:21:00,1.5069,1.5091,1.5069,1.5091,83906.7
2026-09-30 12:22:00,1.509,1.5116,1.5088,1.5115,43717.4
2026-09-30 12:23:00,1.5115,1.5118,1.5094,1.5094,48050.5
2026-09-30 12:24:00,1.5094,1.5116,1.5094,1.5114,53372.3
2026-09-30 12:25:00,1.5115,1.5117,1.5104,1.5104,86444.7
2026-09-30 12:26:00,1.5105,1.5109,1.5096,1.5098,65389.3
2026-09-30 12:27:00,1.5098,1.5104,1.5093,1.51,96613.7
2026-09-30 12:28:00,1.51,1.5112,1.5094,1.5109,50511.2
2026-09-30 12:29:00,1.511,1.5144,1.5106,1.5131,181376.6
2026-09-30 12:30:00,1.513,1.5264,1.5106,1.5249,1557342.4
2026-09-30 12:31:00,1.5248,1.534,1.5248,1.533,1234345.5
2026-09-30 12:32:00,1.533,1.5333,1.5286,1.53,874810.5
2026-09-30 12:33:00,1.53,1.5303,1.5252,1.5262,382353.5
2026-09-30 12:34:00,1.5261,1.5318,1.5254,1.5308,211009.9
2026-09-30 12:35:00,1.5309,1.5371,1.5303,1.5314,1134743.2
2026-09-30 12:36:00,1.5314,1.5317,1.5291,1.5291,321085.7
2026-09-30 12:37:00,1.5291,1.5335,1.5278,1.5307,627731.6
2026-09-30 12:38:00,1.5307,1.5352,1.5301,1.5341,231643.4
2026-09-30 12:39:00,1.5341,1.5378,1.5338,1.5378,387229.3
2026-09-30 12:40:00,1.5378,1.5403,1.5376,1.5395,976135.9
2026-09-30 12:41:00,1.5395,1.5401,1.5333,1.5349,766912.6
2026-09-30 12:42:00,1.5349,1.5365,1.5331,1.5341,397467.6
2026-09-30 12:43:00,1.534,1.5369,1.5337,1.5366,194225.2
2026-09-30 12:44:00,1.5366,1.5366,1.5345,1.5346,143464.6
2026-09-30 12:45:00,1.5346,1.5389,1.5346,1.5383,428820.1
2026-09-30 12:46:00,1.5383,1.539,1.5348,1.5348,517291.9
2026-09-30 12:47:00,1.5348,1.5351,1.5318,1.5341,251767.2
2026-09-30 12:48:00,1.5342,1.5384,1.5342,1.5381,441228.9
2026-09-30 12:49:00,1.5381,1.5393,1.536,1.5362,316309.8
2026-09-30 12:50:00,1.5361,1.5395,1.5361,1.5395,401311.7
2026-09-30 12:51:00,1.5395,1.5396,1.5363,1.5389,325280.6
2026-09-30 12:52:00,1.539,1.5399,1.5382,1.5393,218803.6
2026-09-30 12:53:00,1.5393,1.5398,1.5385,1.5392,192750.2
2026-09-30 12:54:00,1.5393,1.5407,1.5393,1.5402,590169.2
2026-09-30 12:55:00,1.5402,1.5402,1.5387,1.5401,179969.3
2026-09-30 12:56:00,1.5401,1.5405,1.5377,1.5384,344788.2
2026-09-30 12:57:00,1.5384,1.5399,1.5384,1.539,183986.1
2026-09-30 12:58:00,1.5391,1.5391,1.5356,1.5356,176345.6
2026-09-30 12:59:00,1.5357,1.5364,1.5342,1.5344,286446.5
2026-09-30 13:00:00,1.5345,1.5354,1.533,1.5333,457270.9
2026-09-30 13:01:00,1.5333,1.5338,1.5309,1.5317,574451.3
2026-09-30 13:02:00,1.5318,1.5336,1.5303,1.533,244096.7
2026-09-30 13:03:00,1.533,1.5347,1.5318,1.5339,318593.3
2026-09-30 13:04:00,1.5339,1.535,1.5328,1.5347,295290.4
2026-09-30 13:05:00,1.5346,1.5348,1.5334,1.5335,115821.1
2026-09-30 13:06:00,1.5335,1.5356,1.5334,1.5346,359127.9
2026-09-30 13:07:00,1.5346,1.5356,1.5338,1.5341,180137.8
2026-09-30 13:08:00,1.5341,1.5361,1.5333,1.5345,246938.8
2026-09-30 13:09:00,1.5345,1.5386,1.5345,1.5378,405648.8
2026-09-30 13:10:00,1.5379,1.5379,1.5349,1.536,224272.4
2026-09-30 13:11:00,1.5359,1.5386,1.5354,1.5382,276195.6
2026-09-30 13:12:00,1.5383,1.5384,1.5357,1.5373,193195.8
2026-09-30 13:13:00,1.5373,1.5374,1.5357,1.5357,190190.7
2026-09-30 13:14:00,1.5356,1.5362,1.535,1.5359,155681.5
2026-09-30 13:15:00,1.5359,1.5372,1.5359,1.5367,230702.4
2026-09-30 13:16:00,1.5367,1.5384,1.5364,1.5384,90139.0
2026-09-30 13:17:00,1.5385,1.5394,1.5379,1.5394,478444.0
2026-09-30 13:18:00,1.5393,1.5403,1.5391,1.5394,219621.3
2026-09-30 13:19:00,1.5394,1.5396,1.5363,1.5368,227093.7
2026-09-30 13:20:00,1.5368,1.5376,1.5365,1.5376,314129.8
2026-09-30 13:21:00,1.5376,1.5379,1.536,1.5367,271207.1
2026-09-30 13:22:00,1.5368,1.537,1.5355,1.5355,139500.4
2026-09-30 13:23:00,1.5355,1.5366,1.5355,1.5361,213806.6
2026-09-30 13:24:00,1.5362,1.5369,1.5359,1.5369,148855.8
2026-09-30 13:25:00,1.5368,1.5377,1.536,1.5368,180096.3
2026-09-30 13:26:00,1.5368,1.5387,1.5368,1.5387,160342.7
2026-09-30 13:27:00,1.5388,1.539,1.5373,1.5376,194547.3
2026-09-30 13:28:00,1.5377,1.5377,1.5332,1.5338,184850.9
2026-09-30 13:29:00,1.5339,1.5348,1.5336,1.5344,134775.3
2026-09-30 13:30:00,1.5345,1.5383,1.5331,1.5383,375564.4
2026-09-30 13:31:00,1.5382,1.5424,1.5382,1.5424,404989.7
2026-09-30 13:32:00,1.5425,1.5443,1.5365,1.538,528126.6
2026-09-30 13:33:00,1.5379,1.5397,1.5342,1.5382,537237.7
2026-09-30 13:34:00,1.5383,1.5391,1.5358,1.5361,543395.5
2026-09-30 13:35:00,1.536,1.5362,1.5225,1.5236,1110337.1
2026-09-30 13:36:00,1.5236,1.5244,1.5173,1.5236,1123297.0
2026-09-30 13:37:00,1.5237,1.5245,1.5177,1.5187,635854.1
2026-09-30 13:38:00,1.5188,1.5195,1.514,1.5164,1027494.8
2026-09-30 13:39:00,1.5163,1.5183,1.5106,1.5142,657119.9
2026-09-30 13:40:00,1.5142,1.5179,1.5081,1.5094,861360.4
2026-09-30 13:41:00,1.5093,1.5145,1.5088,1.5136,437954.9
2026-09-30 13:42:00,1.5137,1.5193,1.513,1.5181,526197.7
2026-09-30 13:43:00,1.5182,1.5207,1.5174,1.5174,314732.9
2026-09-30 13:44:00,1.5175,1.5198,1.5171,1.5196,293588.6
2026-09-30 13:45:00,1.5197,1.5209,1.5159,1.5166,603934.8
2026-09-30 13:46:00,1.5166,1.5211,1.5166,1.521,304810.5
2026-09-30 13:47:00,1.5211,1.5226,1.5193,1.5226,239564.8
2026-09-30 13:48:00,1.5225,1.5225,1.5187,1.519,404736.2
2026-09-30 13:49:00,1.5191,1.5222,1.5184,1.52,247614.4
2026-09-30 13:50:00,1.52,1.5211,1.5181,1.5192,486249.4
2026-09-30 13:51:00,1.5191,1.5224,1.5191,1.521,407537.7
2026-09-30 13:52:00,1.5209,1.5209,1.5178,1.518,316000.5
2026-09-30 13:53:00,1.518,1.5202,1.5162,1.5202,253298.7
2026-09-30 13:54:00,1.5203,1.5203,1.5169,1.5175,176454.5
2026-09-30 13:55:00,1.5175,1.5189,1.5162,1.5168,240336.9
2026-09-30 13:56:00,1.5168,1.5179,1.5157,1.5163,135604.8
2026-09-30 13:57:00,1.5163,1.5172,1.5144,1.5155,345026.0
2026-09-30 13:58:00,1.5155,1.5171,1.515,1.5171,154249.1
2026-09-30 13:59:00,1.5171,1.5199,1.5165,1.5199,98634.8
2026-09-30 14:00:00,1.5199,1.5205,1.5153,1.5164,339620.4
2026-09-30 14:01:00,1.5164,1.5198,1.5132,1.5134,258640.4
2026-09-30 14:02:00,1.5134,1.5175,1.5123,1.5165,269057.2
2026-09-30 14:03:00,1.5166,1.5192,1.5165,1.5192,248666.1
2026-09-30 14:04:00,1.5192,1.5215,1.5184,1.5197,196086.5
2026-09-30 14:05:00,1.5197,1.5209,1.5183,1.5209,187488.1
2026-09-30 14:06:00,1.521,1.5222,1.5197,1.5203,142900.4
2026-09-30 14:07:00,1.5202,1.5202,1.5161,1.5164,169402.6
2026-09-30 14:08:00,1.5163,1.5176,1.5146,1.5176,241807.1
2026-09-30 14:09:00,1.5176,1.5182,1.5158,1.5174,160302.1
2026-09-30 14:10:00,1.5173,1.5179,1.5151,1.5152,173594.0
2026-09-30 14:11:00,1.5151,1.5151,1.5102,1.5142,411128.6
2026-09-30 14:12:00,1.5141,1.5189,1.514,1.5175,196548.1
2026-09-30 14:13:00,1.5176,1.5195,1.5137,1.5142,146243.8
2026-09-30 14:14:00,1.5141,1.5165,1.5136,1.515,163765.7
2026-09-30 14:15:00,1.5149,1.5151,1.51,1.5136,428684.7
2026-09-30 14:16:00,1.5137,1.514,1.5093,1.5119,566664.3
2026-09-30 14:17:00,1.5119,1.513,1.5096,1.5097,338972.0
2026-09-30 14:18:00,1.5098,1.5113,1.5071,1.508,445072.6
2026-09-30 14:19:00,1.508,1.5104,1.5065,1.5099,280651.6
2026-09-30 14:20:00,1.5098,1.5108,1.5084,1.5099,128479.8
2026-09-30 14:21:00,1.5098,1.5119,1.508,1.508,165093.2
2026-09-30 14:22:00,1.5081,1.5084,1.5012,1.5014,749697.0
2026-09-30 14:23:00,1.5014,1.5016,1.4932,1.5009,1451526.8
2026-09-30 14:24:00,1.501,1.5021,1.4991,1.5013,390419.8
2026-09-30 14:25:00,1.5013,1.5027,1.5003,1.5024,296573.0
2026-09-30 14:26:00,1.5023,1.5029,1.5001,1.5013,185754.1
2026-09-30 14:27:00,1.5014,1.5014,1.4951,1.4962,236470.7
2026-09-30 14:28:00,1.4962,1.4976,1.4938,1.4953,287715.8
2026-09-30 14:29:00,1.4953,1.4977,1.4935,1.4975,261718.0
2026-09-30 14:30:00,1.4975,1.5013,1.4961,1.4999,249877.8
2026-09-30 14:31:00,1.5,1.5015,1.4981,1.4988,192965.9
2026-09-30 14:32:00,1.4989,1.5007,1.4924,1.4948,376753.7
2026-09-30 14:33:00,1.4948,1.5015,1.492,1.5001,463822.7
2026-09-30 14:34:00,1.5001,1.5002,1.4945,1.4945,199412.9
2026-09-30 14:35:00,1.4945,1.4965,1.4932,1.4952,162350.6
2026-09-30 14:36:00,1.4952,1.4962,1.4943,1.4943,253727.0
2026-09-30 14:37:00,1.4944,1.4987,1.4934,1.4975,118103.7
2026-09-30 14:38:00,1.4974,1.5002,1.4963,1.5002,232341.4
2026-09-30 14:39:00,1.5001,1.5001,1.4967,1.4971,80347.0
2026-09-30 14:40:00,1.497,1.497,1.4927,1.4963,228537.1
2026-09-30 14:41:00,1.4962,1.4975,1.4929,1.4975,141523.7
2026-09-30 14:42:00,1.4975,1.4989,1.4968,1.4978,43341.7
2026-09-30 14:43:00,1.4979,1.4998,1.4945,1.4952,124576.7
2026-09-30 14:44:00,1.4952,1.4955,1.4931,1.4933,53573.5
2026-09-30 14:45:00,1.4934,1.4956,1.4926,1.4944,223756.7
2026-09-30 14:46:00,1.4943,1.4958,1.494,1.4958,142749.7
2026-09-30 14:47:00,1.4959,1.4978,1.4955,1.4975,193473.0
2026-09-30 14:48:00,1.4975,1.4992,1.4969,1.4974,105781.8
2026-09-30 14:49:00,1.4975,1.4978,1.4961,1.4977,31151.3
2026-09-30 14:50:00,1.4977,1.499,1.4962,1.4982,117891.8
2026-09-30 14:51:00,1.4983,1.4998,1.4979,1.4987,140756.6
2026-09-30 14:52:00,1.4987,1.5006,1.498,1.4981,258413.6
2026-09-30 14:53:00,1.498,1.4995,1.4977,1.4985,43912.9
2026-09-30 14:54:00,1.4984,1.4995,1.4976,1.4992,101169.9
2026-09-30 14:55:00,1.4992,1.5009,1.4991,1.5009,72718.5
2026-09-30 14:56:00,1.5008,1.5008,1.4987,1.4988,64783.6
2026-09-30 14:57:00,1.4988,1.4992,1.4983,1.4984,43055.5
2026-09-30 14:58:00,1.4983,1.4983,1.4968,1.4972,79747.7
2026-09-30 14:59:00,1.4973,1.4996,1.4973,1.4974,54703.3
2026-09-30 15:00:00,1.4973,1.5006,1.4967,1.5005,80305.3
2026-09-30 15:01:00,1.5005,1.5005,1.4969,1.5001,65712.7
2026-09-30 15:02:00,1.5001,1.5011,1.4981,1.4988,162331.7
2026-09-30 15:03:00,1.4987,1.5009,1.4979,1.5008,42623.5
2026-09-30 15:04:00,1.5008,1.5009,1.4996,1.5008,60402.4
2026-09-30 15:05:00,1.5008,1.5022,1.5002,1.5012,60511.0
2026-09-30 15:06:00,1.5012,1.5012,1.4987,1.5002,105941.3
2026-09-30 15:07:00,1.5003,1.5007,1.4989,1.4991,23989.0
2026-09-30 15:08:00,1.4991,1.5001,1.4987,1.4996,64227.0
2026-09-30 15:09:00,1.4996,1.502,1.4995,1.502,76035.8
2026-09-30 15:10:00,1.502,1.5036,1.5018,1.5035,83068.8
2026-09-30 15:11:00,1.5035,1.5051,1.5018,1.5019,70493.5
2026-09-30 15:12:00,1.502,1.5025,1.4991,1.501,134980.7
2026-09-30 15:13:00,1.501,1.5022,1.5006,1.5006,40318.2
2026-09-30 15:14:00,1.5005,1.502,1.4998,1.501,61453.9
2026-09-30 15:15:00,1.5009,1.5022,1.5003,1.5014,84005.9
2026-09-30 15:16:00,1.5015,1.503,1.501,1.5027,90689.7
2026-09-30 15:17:00,1.5027,1.5027,1.4997,1.4998,66227.0
2026-09-30 15:18:00,1.4997,1.4997,1.4963,1.4964,135719.3
2026-09-30 15:19:00,1.4964,1.4988,1.4951,1.4971,355729.4
2026-09-30 15:20:00,1.497,1.4982,1.4962,1.4969,202705.0
2026-09-30 15:21:00,1.4969,1.4981,1.4959,1.4981,73649.5
2026-09-30 15:22:00,1.4981,1.5008,1.4981,1.4985,229618.3
2026-09-30 15:23:00,1.4986,1.4998,1.4974,1.4975,223941.9
2026-09-30 15:24:00,1.4975,1.4975,1.4934,1.4934,93083.0
2026-09-30 15:25:00,1.4934,1.4944,1.4925,1.4925,101476.1
2026-09-30 15:26:00,1.4925,1.4933,1.4905,1.4926,561564.6
2026-09-30 15:27:00,1.4925,1.4925,1.4897,1.4921,468094.7
2026-09-30 15:28:00,1.4921,1.4953,1.4917,1.4951,115051.3
2026-09-30 15:29:00,1.4952,1.4976,1.4951,1.4975,188256.9
2026-09-30 15:30:00,1.4976,1.5006,1.4976,1.5005,143409.8
2026-09-30 15:31:00,1.5005,1.5061,1.5005,1.5061,208549.0
2026-09-30 15:32:00,1.5061,1.5064,1.5037,1.5046,161088.0
2026-09-30 15:33:00,1.5045,1.5053,1.503,1.5046,171520.4
2026-09-30 15:34:00,1.5045,1.5046,1.5029,1.5033,48845.0
2026-09-30 15:35:00,1.5034,1.504,1.5021,1.5021,171721.9
2026-09-30 15:36:00,1.502,1.5022,1.5012,1.5013,33771.8
2026-09-30 15:37:00,1.5013,1.504,1.5001,1.504,45001.1
2026-09-30 15:38:00,1.504,1.5046,1.5029,1.5029,58484.8
2026-09-30 15:39:00,1.5029,1.5043,1.5029,1.5036,36934.0
2026-09-30 15:40:00,1.5037,1.505,1.5033,1.5036,36687.5
2026-09-30 15:41:00,1.5036,1.5044,1.503,1.5033,53054.4
2026-09-30 15:42:00,1.5034,1.5052,1.5031,1.505,65638.0
2026-09-30 15:43:00,1.5049,1.5049,1.5024,1.5031,30501.8
2026-09-30 15:44:00,1.503,1.503,1.5012,1.5017,43950.3
2026-09-30 15:45:00,1.5017,1.5024,1.5009,1.5024,50433.2
2026-09-30 15:46:00,1.5024,1.504,1.5019,1.5039,76653.8
2026-09-30 15:47:00,1.5039,1.5048,1.5036,1.5048,31348.3
2026-09-30 15:48:00,1.5048,1.5072,1.5048,1.5072,68310.5
2026-09-30 15:49:00,1.5072,1.508,1.5069,1.508,58464.9
2026-09-30 15:50:00,1.5079,1.5087,1.5079,1.5085,60718.2
2026-09-30 15:51:00,1.5085,1.5095,1.5077,1.5077,65960.4
2026-09-30 15:52:00,1.5078,1.5083,1.5068,1.5072,68629.7
2026-09-30 15:53:00,1.5072,1.5085,1.5071,1.5083,28990.8
2026-09-30 15:54:00,1.5082,1.5085,1.506,1.506,41532.0
2026-09-30 15:55:00,1.5059,1.5059,1.505,1.505,24233.9
2026-09-30 15:56:00,1.5051,1.5066,1.5051,1.5066,16485.8
2026-09-30 15:57:00,1.5065,1.5066,1.5055,1.506,49195.1
2026-09-30 15:58:00,1.5059,1.5061,1.5054,1.5057,8439.4
2026-09-30 15:59:00,1.5057,1.5059,1.5052,1.5054,53854.6
2026-09-30 16:00:00,1.5054,1.5058,1.505,1.5055,50830.7
2026-09-30 16:01:00,1.5054,1.5061,1.5051,1.506,56562.2
2026-09-30 16:02:00,1.506,1.509,1.506,1.5079,90532.4
2026-09-30 16:03:00,1.5079,1.5095,1.5073,1.5093,143066.8
2026-09-30 16:04:00,1.5093,1.5095,1.5086,1.5091,97331.4
2026-09-30 16:05:00,1.5091,1.5098,1.5079,1.5095,43843.2
2026-09-30 16:06:00,1.5095,1.5119,1.5095,1.5118,140705.0
2026-09-30 16:07:00,1.5117,1.5121,1.5111,1.5119,42760.1
2026-09-30 16:08:00,1.512,1.5149,1.5118,1.5134,400166.8
2026-09-30 16:09:00,1.5134,1.5135,1.5126,1.5131,41376.8
2026-09-30 16:10:00,1.5131,1.5131,1.512,1.512,37742.3
2026-09-30 16:11:00,1.5121,1.5127,1.5117,1.5123,77737.6
2026-09-30 16:12:00,1.5123,1.5123,1.5104,1.5105,60492.4
2026-09-30 16:13:00,1.5104,1.512,1.5103,1.5119,56005.7
2026-09-30 16:14:00,1.5118,1.5127,1.5116,1.512,93314.8
2026-09-30 16:15:00,1.512,1.5125,1.5104,1.5111,164069.8
2026-09-30 16:16:00,1.5112,1.5125,1.5112,1.5116,38850.5
2026-09-30 16:17:00,1.5116,1.5116,1.5102,1.5102,14274.7
2026-09-30 16:18:00,1.5102,1.5118,1.51,1.5118,19076.4
2026-09-30 16:19:00,1.5119,1.5135,1.5119,1.5122,64918.2
2026-09-30 16:20:00,1.5121,1.5125,1.5113,1.5124,22037.0
2026-09-30 16:21:00,1.5124,1.5127,1.5121,1.5124,50064.2
2026-09-30 16:22:00,1.5124,1.5144,1.5124,1.5137,48158.9
2026-09-30 16:23:00,1.5136,1.5139,1.5132,1.5133,17729.9
2026-09-30 16:24:00,1.5133,1.5139,1.5127,1.5132,9060.1
2026-09-30 16:25:00,1.5133,1.5142,1.513,1.514,20525.1
2026-09-30 16:26:00,1.5139,1.5141,1.5123,1.5129,40031.4
2026-09-30 16:27:00,1.5129,1.513,1.5118,1.5122,69169.8
2026-09-30 16:28:00,1.5123,1.513,1.5117,1.5121,41103.5
2026-09-30 16:29:00,1.512,1.512,1.5104,1.5105,97053.7
2026-09-30 16:30:00,1.5105,1.5107,1.5085,1.5085,136778.3
2026-09-30 16:31:00,1.5085,1.5093,1.5077,1.5078,128851.4
2026-09-30 16:32:00,1.5078,1.508,1.507,1.5074,40806.3
2026-09-30 16:33:00,1.5074,1.5095,1.5073,1.5087,104649.9
2026-09-30 16:34:00,1.5087,1.5103,1.5085,1.509,80546.5
2026-09-30 16:35:00,1.509,1.509,1.5072,1.5073,62854.1
2026-09-30 16:36:00,1.5073,1.5073,1.5057,1.506,56654.3
2026-09-30 16:37:00,1.5059,1.509,1.5059,1.5079,221405.7
2026-09-30 16:38:00,1.5078,1.5093,1.5075,1.5092,48870.1
2026-09-30 16:39:00,1.5092,1.5099,1.5085,1.5094,65146.6
2026-09-30 16:40:00,1.5095,1.5099,1.509,1.5097,30040.3
2026-09-30 16:41:00,1.5096,1.5118,1.5092,1.51,157444.5
2026-09-30 16:42:00,1.5101,1.511,1.5093,1.5104,56946.3
2026-09-30 16:43:00,1.5104,1.5126,1.5102,1.5124,39334.6
2026-09-30 16:44:00,1.5123,1.5127,1.5111,1.5118,51280.3
2026-09-30 16:45:00,1.5119,1.5121,1.5102,1.5109,70052.8
2026-09-30 16:46:00,1.511,1.5128,1.51,1.5128,213408.2
2026-09-30 16:47:00,1.5127,1.514,1.5122,1.5128,87276.3
2026-09-30 16:48:00,1.5127,1.5127,1.5108,1.5111,116391.0
2026-09-30 16:49:00,1.5111,1.5122,1.5109,1.5117,55707.5
2026-09-30 16:50:00,1.5118,1.5135,1.5117,1.5122,90703.1
2026-09-30 16:51:00,1.5122,1.5124,1.5111,1.5111,102984.8
2026-09-30 16:52:00,1.5111,1.5124,1.5107,1.5114,42698.6
2026-09-30 16:53:00,1.5114,1.5117,1.5109,1.5112,73143.3
2026-09-30 16:54:00,1.5113,1.5121,1.5112,1.5115,91012.1
2026-09-30 16:55:00,1.5115,1.512,1.5104,1.5107,91963.4
2026-09-30 16:56:00,1.5108,1.5118,1.5105,1.5109,62885.3
2026-09-30 16:57:00,1.5109,1.5122,1.5107,1.5121,52087.4
2026-09-30 16:58:00,1.5121,1.513,1.5119,1.5119,42106.8
2026-09-30 16:59:00,1.512,1.5123,1.5115,1.5118,48685.5
2026-09-30 17:00:00,1.5118,1.512,1.5104,1.5104,63804.9
2026-09-30 17:01:00,1.5103,1.5106,1.51,1.5103,56651.4
2026-09-30 17:02:00,1.5103,1.5112,1.5102,1.5102,57291.2
2026-09-30 17:03:00,1.5102,1.5113,1.5098,1.5113,60726.9
2026-09-30 17:04:00,1.5112,1.5125,1.5093,1.5094,66351.0
2026-09-30 17:05:00,1.5094,1.5123,1.5092,1.5109,75914.2
2026-09-30 17:06:00,1.511,1.5121,1.5104,1.5115,54592.0
2026-09-30 17:07:00,1.5115,1.5128,1.5114,1.5123,27118.5
2026-09-30 17:08:00,1.5124,1.5142,1.5124,1.5134,106053.2
2026-09-30 17:09:00,1.5134,1.5138,1.5098,1.5103,124001.5
2026-09-30 17:10:00,1.5103,1.5118,1.5103,1.5114,26428.2
2026-09-30 17:11:00,1.5115,1.5121,1.5097,1.5098,46944.3
2026-09-30 17:12:00,1.5098,1.5102,1.5096,1.5097,19633.9
2026-09-30 17:13:00,1.5098,1.511,1.5097,1.5101,40352.5
2026-09-30 17:14:00,1.5101,1.5113,1.5101,1.5104,16151.4
2026-09-30 17:15:00,1.5104,1.5104,1.5072,1.5072,74961.3
2026-09-30 17:16:00,1.5071,1.508,1.5071,1.5076,41766.8
2026-09-30 17:17:00,1.5077,1.509,1.5073,1.5086,43173.1
2026-09-30 17:18:00,1.5086,1.5102,1.5078,1.5084,155668.9
2026-09-30 17:19:00,1.5084,1.5086,1.5072,1.5072,41198.6
2026-09-30 17:20:00,1.5072,1.5075,1.5062,1.5067,49123.3
2026-09-30 17:21:00,1.5068,1.5092,1.5068,1.5086,37756.3
2026-09-30 17:22:00,1.5086,1.5088,1.5061,1.5061,22149.6
2026-09-30 17:23:00,1.5061,1.5061,1.505,1.5052,21305.2
2026-09-30 17:24:00,1.5052,1.5061,1.5052,1.5055,52522.5
2026-09-30 17:25:00,1.5055,1.5057,1.5048,1.5048,110659.5
2026-09-30 17:26:00,1.5048,1.5048,1.5009,1.5013,107050.9
2026-09-30 17:27:00,1.5014,1.5052,1.5011,1.5051,80659.6
2026-09-30 17:28:00,1.5051,1.5051,1.5038,1.5038,28275.9
2026-09-30 17:29:00,1.5038,1.5064,1.5038,1.506,39256.3
2026-09-30 17:30:00,1.5059,1.5059,1.5041,1.5042,52937.6
2026-09-30 17:31:00,1.5042,1.5045,1.5023,1.5025,81294.2
2026-09-30 17:32:00,1.5026,1.5042,1.5023,1.5027,85935.7
2026-09-30 17:33:00,1.5027,1.5028,1.5018,1.502,40811.2
2026-09-30 17:34:00,1.5019,1.5028,1.5006,1.5008,136135.6
2026-09-30 17:35:00,1.5008,1.5015,1.4993,1.4995,75268.5
2026-09-30 17:36:00,1.4995,1.5012,1.4994,1.4994,51635.0
2026-09-30 17:37:00,1.4995,1.4996,1.4974,1.4977,152823.7
2026-09-30 17:38:00,1.4977,1.5007,1.4975,1.5006,41207.3
2026-09-30 17:39:00,1.5006,1.5018,1.5003,1.5006,27062.1
2026-09-30 17:40:00,1.5005,1.5006,1.4992,1.4994,191936.6
2026-09-30 17:41:00,1.4993,1.4994,1.4987,1.4987,44937.7
2026-09-30 17:42:00,1.4986,1.4987,1.4975,1.4987,52360.5
2026-09-30 17:43:00,1.4988,1.4994,1.4987,1.4989,33545.1
2026-09-30 17:44:00,1.4988,1.4989,1.4978,1.498,83489.6
2026-09-30 17:45:00,1.4979,1.4988,1.4966,1.4983,127829.9
2026-09-30 17:46:00,1.4984,1.4994,1.4984,1.4991,14040.4
2026-09-30 17:47:00,1.4992,1.5016,1.4985,1.4987,76297.2
2026-09-30 17:48:00,1.4987,1.5019,1.4987,1.5018,28454.8
2026-09-30 17:49:00,1.5019,1.502,1.5006,1.5013,33759.1
2026-09-30 17:50:00,1.5013,1.5029,1.5011,1.5015,25025.8
2026-09-30 17:51:00,1.5014,1.5017,1.5002,1.5002,27101.6
2026-09-30 17:52:00,1.5001,1.5005,1.4987,1.4987,25740.0
2026-09-30 17:53:00,1.4987,1.4988,1.4985,1.4988,22126.2
2026-09-30 17:54:00,1.4987,1.4994,1.4978,1.4978,33202.2
2026-09-30 17:55:00,1.4979,1.498,1.4969,1.4979,107851.1
2026-09-30 17:56:00,1.4978,1.4987,1.4978,1.4984,15340.8
2026-09-30 17:57:00,1.4984,1.4987,1.4983,1.4987,15755.6
2026-09-30 17:58:00,1.4987,1.5,1.4987,1.4999,64605.8
2026-09-30 17:59:00,1.5,1.5001,1.4995,1.4996,54020.8
2026-09-30 18:00:00,1.4995,1.5011,1.4988,1.4993,194074.1
2026-09-30 18:01:00,1.4993,1.4995,1.4973,1.4974,57804.5
2026-09-30 18:02:00,1.4975,1.4982,1.4966,1.4969,56755.4
2026-09-30 18:03:00,1.4969,1.4985,1.4963,1.4968,67565.5
2026-09-30 18:04:00,1.4968,1.4993,1.4962,1.4986,164932.7
2026-09-30 18:05:00,1.4985,1.4985,1.4964,1.4964,59162.2
2026-09-30 18:06:00,1.4963,1.4963,1.4951,1.4959,84678.5
2026-09-30 18:07:00,1.4959,1.4968,1.4956,1.4967,42615.5
2026-09-30 18:08:00,1.4968,1.4976,1.4955,1.4976,39567.9
2026-09-30 18:09:00,1.4976,1.4989,1.4967,1.4985,34772.1
2026-09-30 18:10:00,1.4984,1.4989,1.4967,1.4967,33463.0
2026-09-30 18:11:00,1.4968,1.4988,1.4968,1.4984,37293.4
2026-09-30 18:12:00,1.4984,1.4991,1.498,1.4991,13500.0
2026-09-30 18:13:00,1.4992,1.4994,1.4983,1.4988,23500.6
2026-09-30 18:14:00,1.4988,1.4994,1.4975,1.4975,62529.9
2026-09-30 18:15:00,1.4974,1.498,1.4968,1.4979,40433.2
2026-09-30 18:16:00,1.498,1.4987,1.498,1.4981,33958.3
2026-09-30 18:17:00,1.498,1.4989,1.4976,1.4976,27411.2
2026-09-30 18:18:00,1.4976,1.499,1.4964,1.499,45293.0
2026-09-30 18:19:00,1.499,1.4993,1.4977,1.4985,60405.0
2026-09-30 18:20:00,1.4986,1.4996,1.4983,1.4996,52977.8
2026-09-30 18:21:00,1.4995,1.4995,1.497,1.4973,103453.1
2026-09-30 18:22:00,1.4974,1.4984,1.4972,1.4984,28153.3
2026-09-30 18:23:00,1.4984,1.4984,1.4969,1.4969,26652.8
2026-09-30 18:24:00,1.4969,1.4982,1.4964,1.4973,20929.2
2026-09-30 18:25:00,1.4973,1.4975,1.4957,1.4962,14827.2
2026-09-30 18:26:00,1.4961,1.4969,1.4958,1.4963,25809.9
2026-09-30 18:27:00,1.4962,1.4969,1.4958,1.4959,18697.0
2026-09-30 18:28:00,1.496,1.4969,1.4955,1.4958,139288.9
2026-09-30 18:29:00,1.4959,1.4968,1.4959,1.4967,61332.4
2026-09-30 18:30:00,1.4967,1.4986,1.4959,1.4986,119765.2
2026-09-30 18:31:00,1.4985,1.4989,1.4959,1.4959,49107.5
2026-09-30 18:32:00,1.4959,1.4963,1.4951,1.4951,59131.8
2026-09-30 18:33:00,1.4952,1.4952,1.4931,1.4941,202892.1
2026-09-30 18:34:00,1.494,1.494,1.492,1.493,147526.2
2026-09-30 18:35:00,1.4929,1.4929,1.492,1.4921,37495.4
2026-09-30 18:36:00,1.4921,1.4927,1.4908,1.4909,77846.4
2026-09-30 18:37:00,1.491,1.4917,1.4909,1.4911,31321.1
2026-09-30 18:38:00,1.4911,1.4915,1.4908,1.4915,29345.9
2026-09-30 18:39:00,1.4915,1.4915,1.4905,1.4906,23529.1
2026-09-30 18:40:00,1.4906,1.4933,1.49,1.4918,254565.2
2026-09-30 18:41:00,1.4917,1.492,1.4913,1.4916,38720.2
2026-09-30 18:42:00,1.4917,1.4925,1.4912,1.4924,38343.1
2026-09-30 18:43:00,1.4925,1.4934,1.4918,1.4926,62750.4
2026-09-30 18:44:00,1.4927,1.4932,1.4918,1.4923,25640.4
2026-09-30 18:45:00,1.4922,1.4922,1.4911,1.4912,33307.0
2026-09-30 18:46:00,1.4912,1.4912,1.4901,1.4902,43373.6
2026-09-30 18:47:00,1.4902,1.4913,1.4901,1.4909,40337.8
2026-09-30 18:48:00,1.4908,1.491,1.49,1.49,31026.1
2026-09-30 18:49:00,1.4901,1.4918,1.4897,1.4918,395477.7
2026-09-30 18:50:00,1.4917,1.4941,1.4916,1.4932,59870.3
2026-09-30 18:51:00,1.4933,1.4933,1.492,1.4927,31855.2
2026-09-30 18:52:00,1.4928,1.4945,1.492,1.4944,39058.3
2026-09-30 18:53:00,1.4945,1.4953,1.4928,1.4929,76105.9
2026-09-30 18:54:00,1.4928,1.4937,1.4921,1.4932,17986.1
2026-09-30 18:55:00,1.4931,1.4938,1.493,1.4938,44702.6
2026-09-30 18:56:00,1.4938,1.4944,1.4931,1.4942,41077.4
2026-09-30 18:57:00,1.4941,1.495,1.4935,1.4943,26691.7
2026-09-30 18:58:00,1.4944,1.496,1.4943,1.496,9256.7
2026-09-30 18:59:00,1.496,1.496,1.4949,1.4955,17748.0
2026-09-30 19:00:00,1.4955,1.4959,1.4937,1.4938,86895.4
2026-09-30 19:01:00,1.4938,1.4956,1.4934,1.4943,80567.6
2026-09-30 19:02:00,1.4943,1.4959,1.4925,1.4959,106423.4
2026-09-30 19:03:00,1.4959,1.4963,1.4949,1.4954,71079.0
2026-09-30 19:04:00,1.4953,1.4962,1.4952,1.4959,40336.2
2026-09-30 19:05:00,1.4959,1.497,1.4953,1.4956,71961.6
2026-09-30 19:06:00,1.4956,1.4957,1.4946,1.495,51351.2
2026-09-30 19:07:00,1.4949,1.4966,1.4949,1.4963,20778.3
2026-09-30 19:08:00,1.4963,1.4963,1.4947,1.4947,28422.4
2026-09-30 19:09:00,1.4946,1.4948,1.494,1.4942,22700.5
2026-09-30 19:10:00,1.4942,1.4944,1.4929,1.4931,22914.1
2026-09-30 19:11:00,1.4931,1.4931,1.4917,1.4918,52441.0
2026-09-30 19:12:00,1.4918,1.4918,1.4879,1.4903,399135.5
2026-09-30 19:13:00,1.4903,1.4911,1.488,1.4911,197042.5
2026-09-30 19:14:00,1.4911,1.4915,1.4902,1.4907,57988.6
2026-09-30 19:15:00,1.4906,1.4906,1.4887,1.4892,119193.1
2026-09-30 19:16:00,1.4893,1.4909,1.4889,1.4897,97602.4
2026-09-30 19:17:00,1.4897,1.4897,1.4859,1.4873,547341.2
2026-09-30 19:18:00,1.4872,1.4897,1.4866,1.4897,137662.5
2026-09-30 19:19:00,1.4897,1.4912,1.4893,1.4911,56726.8
2026-09-30 19:20:00,1.4911,1.4917,1.49,1.4913,212923.5
2026-09-30 19:21:00,1.4913,1.4931,1.491,1.4919,57734.1
2026-09-30 19:22:00,1.4919,1.4921,1.4909,1.4918,58148.2
2026-09-30 19:23:00,1.4918,1.4918,1.49,1.49,30939.4
2026-09-30 19:24:00,1.49,1.49,1.4891,1.4897,84839.3
2026-09-30 19:25:00,1.4898,1.4922,1.4896,1.4922,41745.0
2026-09-30 19:26:00,1.4923,1.4931,1.4906,1.4907,27250.2
2026-09-30 19:27:00,1.4906,1.4919,1.4905,1.4916,35228.4
2026-09-30 19:28:00,1.4917,1.4928,1.4915,1.4924,41346.7
2026-09-30 19:29:00,1.4925,1.4928,1.4915,1.4916,32915.2
2026-09-30 19:30:00,1.4915,1.4931,1.4911,1.4931,37965.0
2026-09-30 19:31:00,1.4931,1.4938,1.4921,1.4923,34687.9
2026-09-30 19:32:00,1.4924,1.4933,1.4922,1.4933,34390.6
2026-09-30 19:33:00,1.4932,1.4947,1.4932,1.4945,36762.1
2026-09-30 19:34:00,1.4945,1.4955,1.4936,1.4946,126710.9
2026-09-30 19:35:00,1.4946,1.4959,1.4943,1.4948,248638.1
2026-09-30 19:36:00,1.4947,1.4953,1.4947,1.4952,20364.5
2026-09-30 19:37:00,1.4952,1.4961,1.495,1.4955,56154.3
2026-09-30 19:38:00,1.4956,1.4966,1.4954,1.4962,54481.8
2026-09-30 19:39:00,1.4961,1.4966,1.495,1.4966,79486.4
2026-09-30 19:40:00,1.4966,1.4966,1.4954,1.4954,40471.7
2026-09-30 19:41:00,1.4953,1.4963,1.4951,1.4951,249444.3
2026-09-30 19:42:00,1.4951,1.4956,1.4941,1.4943,282422.8
2026-09-30 19:43:00,1.4944,1.495,1.4943,1.4949,35249.8
2026-09-30 19:44:00,1.495,1.4952,1.4944,1.495,15272.4
2026-09-30 19:45:00,1.495,1.4951,1.4941,1.4945,14107.3
2026-09-30 19:46:00,1.4944,1.4946,1.4938,1.4943,20880.3
2026-09-30 19:47:00,1.4943,1.4952,1.4923,1.4927,61478.7
2026-09-30 19:48:00,1.4927,1.4946,1.4926,1.4933,70428.9
2026-09-30 19:49:00,1.4934,1.4937,1.4921,1.4925,24402.1
2026-09-30 19:50:00,1.4924,1.4924,1.4901,1.4901,161408.5
2026-09-30 19:51:00,1.4901,1.4901,1.4871,1.4881,123556.8
2026-09-30 19:52:00,1.4881,1.4892,1.487,1.488,86358.2
2026-09-30 19:53:00,1.4879,1.49,1.4873,1.4873,86320.1
2026-09-30 19:54:00,1.4872,1.4881,1.4852,1.4856,190742.0
2026-09-30 19:55:00,1.4857,1.4897,1.4852,1.4897,201457.6
2026-09-30 19:56:00,1.4897,1.4898,1.4868,1.4878,89563.0
2026-09-30 19:57:00,1.4877,1.4879,1.4868,1.4873,106408.1
2026-09-30 19:58:00,1.4873,1.488,1.4856,1.488,145036.4
2026-09-30 19:59:00,1.4881,1.4897,1.4875,1.4892,229570.6
2026-09-30 20:00:00,1.4892,1.4928,1.4883,1.4905,292197.5
2026-09-30 20:01:00,1.4904,1.4904,1.4871,1.4895,266044.8
2026-09-30 20:02:00,1.4895,1.4896,1.4878,1.4888,189120.7
2026-09-30 20:03:00,1.4887,1.4896,1.4884,1.4892,126587.8
2026-09-30 20:04:00,1.4892,1.4892,1.4871,1.4889,104604.1
2026-09-30 20:05:00,1.4888,1.4902,1.488,1.4885,115810.1
2026-09-30 20:06:00,1.4884,1.49,1.4867,1.4886,277110.9
2026-09-30 20:07:00,1.4887,1.4901,1.4886,1.4895,114219.2
2026-09-30 20:08:00,1.4895,1.4895,1.4886,1.489,30805.7
2026-09-30 20:09:00,1.4891,1.49,1.4886,1.4891,30578.1
2026-09-30 20:10:00,1.4891,1.49,1.4891,1.4898,38319.4
2026-09-30 20:11:00,1.4899,1.4909,1.489,1.489,29482.3
2026-09-30 20:12:00,1.489,1.4905,1.489,1.4903,49252.3
2026-09-30 20:13:00,1.4903,1.491,1.4896,1.491,22788.5
2026-09-30 20:14:00,1.4911,1.4923,1.4911,1.492,39830.8
2026-09-30 20:15:00,1.4919,1.4928,1.4918,1.4918,19868.3
2026-09-30 20:16:00,1.4919,1.4924,1.4904,1.4911,45702.3
2026-09-30 20:17:00,1.4911,1.4913,1.4904,1.4908,13185.3
2026-09-30 20:18:00,1.4907,1.4913,1.4903,1.4907,15215.6
2026-09-30 20:19:00,1.4907,1.4922,1.4907,1.4921,33513.1
2026-09-30 20:20:00,1.492,1.493,1.4919,1.4924,16524.0
2026-09-30 20:21:00,1.4924,1.4934,1.4924,1.4933,28819.9
2026-09-30 20:22:00,1.4933,1.4945,1.4933,1.4944,23248.9
2026-09-30 20:23:00,1.4945,1.4952,1.4944,1.4949,46574.2
2026-09-30 20:24:00,1.4949,1.4954,1.4945,1.4951,25041.0
2026-09-30 20:25:00,1.4951,1.4955,1.4951,1.4955,24771.3
2026-09-30 20:26:00,1.4954,1.4955,1.4946,1.4951,30521.5
2026-09-30 20:27:00,1.4951,1.4955,1.495,1.4954,32729.0
2026-09-30 20:28:00,1.4953,1.4954,1.4948,1.4953,93355.0
2026-09-30 20:29:00,1.4953,1.4966,1.4948,1.4948,177253.4
2026-09-30 20:30:00,1.4948,1.4954,1.4935,1.4935,73507.4
2026-09-30 20:31:00,1.4935,1.4935,1.4924,1.4925,20344.7
2026-09-30 20:32:00,1.4925,1.4925,1.4916,1.4919,59095.1
2026-09-30 20:33:00,1.492,1.4927,1.4913,1.4919,144602.9
2026-09-30 20:34:00,1.4919,1.4935,1.4916,1.4921,47149.9
2026-09-30 20:35:00,1.4921,1.4934,1.4914,1.492,72827.4
2026-09-30 20:36:00,1.492,1.4927,1.4916,1.4917,29582.3
2026-09-30 20:37:00,1.4917,1.4926,1.4911,1.4925,26551.4
2026-09-30 20:38:00,1.4925,1.493,1.4915,1.4917,19265.4
2026-09-30 20:39:00,1.4916,1.4938,1.4913,1.4933,78575.8
2026-09-30 20:40:00,1.4934,1.4936,1.4927,1.4931,31128.4
2026-09-30 20:41:00,1.493,1.493,1.492,1.4928,11702.8
2026-09-30 20:42:00,1.4927,1.4927,1.4911,1.4911,28664.6
2026-09-30 20:43:00,1.4912,1.4922,1.4911,1.4922,16997.6
2026-09-30 20:44:00,1.4923,1.4923,1.4918,1.4918,9858.7
2026-09-30 20:45:00,1.4918,1.4926,1.491,1.4924,18129.2
2026-09-30 20:46:00,1.4924,1.4926,1.4916,1.4917,24866.1
2026-09-30 20:47:00,1.4916,1.4924,1.4911,1.4917,74273.7
2026-09-30 20:48:00,1.4918,1.492,1.491,1.4914,39857.0
2026-09-30 20:49:00,1.4914,1.4921,1.4906,1.4919,55357.9
2026-09-30 20:50:00,1.4918,1.4918,1.4904,1.4909,26535.3
2026-09-30 20:51:00,1.4909,1.4922,1.4908,1.4921,14251.6
2026-09-30 20:52:00,1.4921,1.4939,1.4921,1.4934,69458.0
2026-09-30 20:53:00,1.4934,1.4934,1.4926,1.4927,20106.3
2026-09-30 20:54:00,1.4926,1.4926,1.4912,1.4913,15716.8
2026-09-30 20:55:00,1.4912,1.4912,1.49,1.49,74540.1
2026-09-30 20:56:00,1.49,1.49,1.4897,1.4899,62069.9
2026-09-30 20:57:00,1.4899,1.4904,1.4895,1.4899,29446.1
2026-09-30 20:58:00,1.49,1.4912,1.4898,1.4909,70773.9
2026-09-30 20:59:00,1.4908,1.4917,1.4907,1.4917,12552.7
2026-09-30 21:00:00,1.4918,1.4934,1.4918,1.4925,102761.0
2026-09-30 21:01:00,1.4925,1.4929,1.492,1.492,42171.2
2026-09-30 21:02:00,1.4919,1.4921,1.4908,1.4921,53137.6
2026-09-30 21:03:00,1.4921,1.4937,1.492,1.4929,20823.6
2026-09-30 21:04:00,1.4929,1.4933,1.4927,1.4932,20694.9
2026-09-30 21:05:00,1.4932,1.4932,1.4921,1.4921,11263.0
2026-09-30 21:06:00,1.4921,1.4926,1.4915,1.4926,27011.8
2026-09-30 21:07:00,1.4925,1.4925,1.491,1.4913,50808.5
2026-09-30 21:08:00,1.4912,1.4912,1.4905,1.4909,13200.3
2026-09-30 21:09:00,1.4908,1.4917,1.4904,1.4917,56142.7
2026-09-30 21:10:00,1.4917,1.4928,1.4914,1.4917,127942.7
2026-09-30 21:11:00,1.4916,1.493,1.4914,1.493,30515.0
2026-09-30 21:12:00,1.493,1.494,1.4927,1.4931,134869.3
2026-09-30 21:13:00,1.4932,1.4933,1.4917,1.4918,66544.1
2026-09-30 21:14:00,1.4918,1.4928,1.4916,1.4921,17196.4
2026-09-30 21:15:00,1.4921,1.4923,1.4909,1.4909,33134.1
2026-09-30 21:16:00,1.4909,1.4925,1.4907,1.4923,141824.3
2026-09-30 21:17:00,1.4922,1.4935,1.492,1.4932,89635.9
2026-09-30 21:18:00,1.4932,1.4937,1.493,1.4932,26726.9
2026-09-30 21:19:00,1.4931,1.4937,1.4927,1.493,14268.8
2026-09-30 21:20:00,1.493,1.4936,1.4927,1.4936,11423.4
2026-09-30 21:21:00,1.4936,1.4936,1.4928,1.4928,59640.0
2026-09-30 21:22:00,1.4927,1.4931,1.4927,1.4931,108163.6
2026-09-30 21:23:00,1.4931,1.4932,1.492,1.492,26545.2
2026-09-30 21:24:00,1.4921,1.4921,1.4903,1.4903,46274.4
2026-09-30 21:25:00,1.4903,1.4908,1.4898,1.4898,35055.1
2026-09-30 21:26:00,1.4898,1.4911,1.4898,1.491,43623.2
2026-09-30 21:27:00,1.4911,1.4915,1.4902,1.4903,51270.8
2026-09-30 21:28:00,1.4904,1.4904,1.4891,1.4894,85308.8
2026-09-30 21:29:00,1.4893,1.4899,1.489,1.489,66160.0
2026-09-30 21:30:00,1.4891,1.4892,1.4881,1.489,188343.5
2026-09-30 21:31:00,1.489,1.489,1.4875,1.4883,142516.2
2026-09-30 21:32:00,1.4883,1.4888,1.488,1.488,27559.8
2026-09-30 21:33:00,1.488,1.4893,1.488,1.4892,46458.1
2026-09-30 21:34:00,1.4892,1.4919,1.4892,1.4905,210359.6
2026-09-30 21:35:00,1.4905,1.4909,1.4905,1.4908,38623.6
2026-09-30 21:36:00,1.4909,1.4916,1.4908,1.4909,42066.7
2026-09-30 21:37:00,1.4908,1.4913,1.4897,1.4899,237208.3
2026-09-30 21:38:00,1.4899,1.4905,1.4899,1.4905,133680.2
2026-09-30 21:39:00,1.4905,1.4906,1.49,1.49,19276.1
2026-09-30 21:40:00,1.49,1.49,1.4896,1.4899,30274.2
2026-09-30 21:41:00,1.4899,1.4899,1.4894,1.4894,25175.2
2026-09-30 21:42:00,1.4894,1.4897,1.4894,1.4895,31158.3
2026-09-30 21:43:00,1.4895,1.4895,1.4888,1.4888,86828.6
2026-09-30 21:44:00,1.4888,1.4888,1.4887,1.4887,34844.5
2026-09-30 21:45:00,1.4887,1.4888,1.4884,1.4885,50959.6
2026-09-30 21:46:00,1.4885,1.4886,1.4882,1.4883,44073.4
2026-09-30 21:47:00,1.4883,1.4883,1.4877,1.4878,46588.3
2026-09-30 21:48:00,1.4879,1.4882,1.4878,1.4882,39204.8
2026-09-30 21:49:00,1.4882,1.4882,1.4878,1.4878,16233.8
2026-09-30 21:50:00,1.4878,1.4879,1.4873,1.4877,131461.0
2026-09-30 21:51:00,1.4877,1.4877,1.4863,1.4863,150857.9
2026-09-30 21:52:00,1.4862,1.4877,1.4862,1.4876,33119.5
2026-09-30 21:53:00,1.4877,1.4882,1.4874,1.4881,61030.1
2026-09-30 21:54:00,1.4882,1.489,1.4882,1.4886,38785.5
2026-09-30 21:55:00,1.4886,1.4888,1.4883,1.4887,21547.0
2026-09-30 21:56:00,1.4887,1.4892,1.4881,1.4892,37337.0
2026-09-30 21:57:00,1.4892,1.4899,1.4892,1.4896,9337.7
2026-09-30 21:58:00,1.4895,1.4895,1.4884,1.4889,18039.1
2026-09-30 21:59:00,1.4889,1.4891,1.4884,1.4891,39729.7
2026-09-30 22:00:00,1.4891,1.4895,1.4889,1.4893,22709.2
2026-09-30 22:01:00,1.4893,1.4893,1.4887,1.4888,52542.1
2026-09-30 22:02:00,1.4888,1.4888,1.4877,1.4881,72032.3
2026-09-30 22:03:00,1.4881,1.4881,1.4873,1.4876,34692.0
2026-09-30 22:04:00,1.4875,1.4876,1.4867,1.4867,54190.3
2026-09-30 22:05:00,1.4868,1.4869,1.486,1.4869,61980.0
2026-09-30 22:06:00,1.4868,1.4868,1.4852,1.4853,78395.3
2026-09-30 22:07:00,1.4852,1.4863,1.4852,1.4863,68857.1
2026-09-30 22:08:00,1.4863,1.4865,1.4861,1.4865,25825.0
2026-09-30 22:09:00,1.4865,1.4865,1.4852,1.4858,176632.6
2026-09-30 22:10:00,1.4858,1.487,1.4858,1.4869,51046.6
2026-09-30 22:11:00,1.487,1.487,1.4867,1.4869,28539.6
2026-09-30 22:12:00,1.487,1.488,1.487,1.488,23525.2
2026-09-30 22:13:00,1.4879,1.4881,1.4879,1.488,32459.5
2026-09-30 22:14:00,1.488,1.4886,1.488,1.4886,24953.1
2026-09-30 22:15:00,1.4887,1.4892,1.4887,1.4892,25509.1
2026-09-30 22:16:00,1.4893,1.4895,1.4893,1.4894,6114.4
2026-09-30 22:17:00,1.4894,1.4899,1.4893,1.4899,34422.5
2026-09-30 22:18:00,1.4899,1.4904,1.4898,1.4902,95680.9
2026-09-30 22:19:00,1.4903,1.4903,1.4902,1.4902,3801.3
2026-09-30 22:20:00,1.4903,1.4904,1.4897,1.4898,13956.6
2026-09-30 22:21:00,1.4898,1.4898,1.4893,1.4893,18286.3
2026-09-30 22:22:00,1.4893,1.4903,1.4893,1.4903,17196.3
2026-09-30 22:23:00,1.4903,1.4906,1.4903,1.4906,11371.6
2026-09-30 22:24:00,1.4906,1.4913,1.4905,1.4905,41115.3
2026-09-30 22:25:00,1.4905,1.4917,1.4902,1.4914,161205.0
2026-09-30 22:26:00,1.4913,1.4917,1.4913,1.4917,9257.0
2026-09-30 22:27:00,1.4917,1.4917,1.491,1.4914,16130.7
2026-09-30 22:28:00,1.4915,1.4919,1.4909,1.4916,94956.3
2026-09-30 22:29:00,1.4916,1.4921,1.4915,1.4918,24758.4
2026-09-30 22:30:00,1.4918,1.4921,1.4918,1.492,16916.0
2026-09-30 22:31:00,1.492,1.4921,1.4919,1.4919,15907.7
2026-09-30 22:32:00,1.492,1.4924,1.4919,1.4923,10531.3
2026-09-30 22:33:00,1.4924,1.493,1.4924,1.4928,13259.4
2026-09-30 22:34:00,1.4928,1.493,1.4928,1.4929,17666.6
2026-09-30 22:35:00,1.493,1.4939,1.4929,1.4938,34212.8
2026-09-30 22:36:00,1.4939,1.4942,1.4938,1.4942,3579.9
2026-09-30 22:37:00,1.4942,1.4942,1.493,1.4933,75572.8
2026-09-30 22:38:00,1.4934,1.4942,1.4934,1.4942,8407.7
2026-09-30 22:39:00,1.4942,1.4942,1.4939,1.494,26920.7
2026-09-30 22:40:00,1.494,1.4946,1.4939,1.4946,15602.6
2026-09-30 22:41:00,1.4946,1.495,1.4944,1.4949,15806.8
2026-09-30 22:42:00,1.4949,1.4951,1.4949,1.4951,6451.5
2026-09-30 22:43:00,1.495,1.495,1.4928,1.4931,80380.6
2026-09-30 22:44:00,1.4932,1.4941,1.4932,1.4941,7014.0
2026-09-30 22:45:00,1.494,1.494,1.4934,1.4934,4493.2
2026-09-30 22:46:00,1.4934,1.4935,1.4933,1.4933,2283.1
2026-09-30 22:47:00,1.4933,1.4934,1.4931,1.4932,16714.9
2026-09-30 22:48:00,1.4932,1.4932,1.4919,1.492,25327.2
2026-09-30 22:49:00,1.492,1.4926,1.4915,1.4925,55998.2
2026-09-30 22:50:00,1.4926,1.4929,1.4915,1.4918,32182.2
2026-09-30 22:51:00,1.4919,1.4921,1.4912,1.4916,33653.3
2026-09-30 22:52:00,1.4917,1.4924,1.4917,1.4923,14631.1
2026-09-30 22:53:00,1.4923,1.4923,1.491,1.4911,31056.6
2026-09-30 22:54:00,1.491,1.4918,1.491,1.4911,2863.7
2026-09-30 22:55:00,1.4912,1.4926,1.4902,1.4908,217433.2
2026-09-30 22:56:00,1.4908,1.4915,1.4906,1.4914,31367.4
2026-09-30 22:57:00,1.4914,1.4916,1.4899,1.4899,69082.4
2026-09-30 22:58:00,1.4898,1.4901,1.4894,1.4896,127816.2
2026-09-30 22:59:00,1.4896,1.4899,1.4892,1.4893,32178.7
2026-09-30 23:00:00,1.4893,1.4899,1.4887,1.4899,111718.4
2026-09-30 23:01:00,1.4899,1.4922,1.4897,1.4913,277507.1
2026-09-30 23:02:00,1.4913,1.4929,1.4913,1.4928,35817.6
2026-09-30 23:03:00,1.4927,1.4943,1.4919,1.4932,66984.0
2026-09-30 23:04:00,1.4932,1.4934,1.4915,1.4918,44005.6
2026-09-30 23:05:00,1.4918,1.4926,1.491,1.491,55033.0
2026-09-30 23:06:00,1.491,1.492,1.4906,1.4907,56255.9
2026-09-30 23:07:00,1.4907,1.4908,1.4896,1.4899,51085.3
2026-09-30 23:08:00,1.4898,1.4899,1.4876,1.488,102573.9
2026-09-30 23:09:00,1.4881,1.489,1.4877,1.4889,72143.3
2026-09-30 23:10:00,1.4889,1.4889,1.488,1.488,55012.2
2026-09-30 23:11:00,1.4881,1.4885,1.4876,1.4876,86850.6
2026-09-30 23:12:00,1.4876,1.4887,1.4875,1.4885,58645.6
2026-09-30 23:13:00,1.4884,1.4896,1.4884,1.4894,119704.6
2026-09-30 23:14:00,1.4894,1.4903,1.4887,1.4889,202368.5
2026-09-30 23:15:00,1.4889,1.4892,1.488,1.488,77806.6
2026-09-30 23:16:00,1.488,1.491,1.4876,1.49,237982.1
2026-09-30 23:17:00,1.49,1.4901,1.4889,1.489,49288.6
2026-09-30 23:18:00,1.4889,1.4898,1.4889,1.4896,41330.9
2026-09-30 23:19:00,1.4896,1.4901,1.4895,1.49,15159.1
2026-09-30 23:20:00,1.49,1.49,1.4891,1.4896,14638.0
2026-09-30 23:21:00,1.4896,1.4923,1.4892,1.4893,149135.6
2026-09-30 23:22:00,1.4893,1.4894,1.4888,1.4891,26930.5
2026-09-30 23:23:00,1.4891,1.4894,1.489,1.4893,26829.4
2026-09-30 23:24:00,1.4892,1.4894,1.4889,1.4892,11124.9
2026-09-30 23:25:00,1.4893,1.4895,1.4887,1.4887,12246.1
2026-09-30 23:26:00,1.4887,1.4896,1.4886,1.489,11297.3
2026-09-30 23:27:00,1.4891,1.4893,1.4891,1.4893,9060.4
2026-09-30 23:28:00,1.4893,1.4895,1.4882,1.4882,33022.9
2026-09-30 23:29:00,1.4882,1.4883,1.4879,1.4881,53113.4
2026-09-30 23:30:00,1.4881,1.4885,1.488,1.4885,20179.8
2026-09-30 23:31:00,1.4885,1.4885,1.4871,1.4872,191096.3
2026-09-30 23:32:00,1.4872,1.4873,1.4868,1.4868,96574.9
2026-09-30 23:33:00,1.4869,1.4869,1.4856,1.4862,241482.7
2026-09-30 23:34:00,1.4863,1.4883,1.4862,1.4881,66507.3
2026-09-30 23:35:00,1.4881,1.4886,1.4872,1.4886,44622.5
2026-09-30 23:36:00,1.4887,1.4908,1.4885,1.49,75698.3
2026-09-30 23:37:00,1.4899,1.4913,1.4897,1.4913,59601.2
2026-09-30 23:38:00,1.4912,1.4917,1.4908,1.4913,34256.0
2026-09-30 23:39:00,1.4912,1.4912,1.491,1.4911,9780.5
2026-09-30 23:40:00,1.491,1.4912,1.4903,1.4907,42726.2
2026-09-30 23:41:00,1.4908,1.4912,1.4906,1.4907,14587.9
2026-09-30 23:42:00,1.4906,1.4906,1.4893,1.4898,36977.7
2026-09-30 23:43:00,1.4898,1.4904,1.4897,1.49,53353.0
2026-09-30 23:44:00,1.49,1.4903,1.4899,1.4901,4706.1
2026-09-30 23:45:00,1.4901,1.4901,1.4893,1.4893,6479.8
2026-09-30 23:46:00,1.4893,1.4893,1.4888,1.4889,8724.2
2026-09-30 23:47:00,1.4888,1.4893,1.4882,1.4882,15168.1
2026-09-30 23:48:00,1.4882,1.4886,1.4881,1.4886,10788.8
2026-09-30 23:49:00,1.4885,1.4903,1.4885,1.4902,79344.0
2026-09-30 23:50:00,1.4901,1.4907,1.4898,1.4903,49720.3
2026-09-30 23:51:00,1.4903,1.4911,1.4899,1.4899,126089.4
2026-09-30 23:52:00,1.4899,1.4903,1.4891,1.4891,51932.2
2026-09-30 23:53:00,1.4891,1.49,1.4891,1.4898,17404.8
2026-09-30 23:54:00,1.4898,1.49,1.4887,1.4887,33610.2
2026-09-30 23:55:00,1.4886,1.4893,1.4886,1.4889,45618.9
2026-09-30 23:56:00,1.489,1.4892,1.4888,1.4892,22898.4
2026-09-30 23:57:00,1.4892,1.4898,1.4889,1.4897,23243.2
2026-09-30 23:58:00,1.4897,1.4897,1.4892,1.4896,5553.5
2026-09-30 23:59:00,1.4895,1.4905,1.4895,1.49,49712.7
2026-10-01 00:00:00,1.49,1.4906,1.489,1.489,57085.6
2026-10-01 00:01:00,1.489,1.4892,1.4886,1.4891,35458.8
2026-10-01 00:02:00,1.4892,1.4892,1.4883,1.4883,66737.3
2026-10-01 00:03:00,1.4884,1.4892,1.4883,1.4892,23885.1
2026-10-01 00:04:00,1.4892,1.4894,1.4887,1.4893,52927.3
2026-10-01 00:05:00,1.4894,1.49,1.4893,1.4895,29559.8
2026-10-01 00:06:00,1.4896,1.492,1.4896,1.4919,41518.8
2026-10-01 00:07:00,1.492,1.4922,1.4917,1.4919,29313.2
2026-10-01 00:08:00,1.4919,1.4924,1.4915,1.4915,76560.7
2026-10-01 00:09:00,1.4915,1.4915,1.4892,1.4893,81028.8
2026-10-01 00:10:00,1.4894,1.49,1.489,1.4896,30416.7
2026-10-01 00:11:00,1.4896,1.4922,1.4895,1.4922,211471.7
2026-10-01 00:12:00,1.4923,1.4932,1.492,1.4924,95135.7
2026-10-01 00:13:00,1.4924,1.4924,1.4913,1.4913,72119.1
2026-10-01 00:14:00,1.4913,1.4913,1.4907,1.4907,26678.6
2026-10-01 00:15:00,1.4906,1.4909,1.4896,1.4896,56917.1
2026-10-01 00:16:00,1.4896,1.4907,1.4889,1.4889,135076.1
2026-10-01 00:17:00,1.4889,1.4895,1.4884,1.4884,72944.1
2026-10-01 00:18:00,1.4884,1.4893,1.488,1.4886,38804.3
2026-10-01 00:19:00,1.4886,1.489,1.4885,1.489,24517.8
2026-10-01 00:20:00,1.4889,1.4909,1.4889,1.4909,17518.2
2026-10-01 00:21:00,1.4908,1.4912,1.49,1.4907,32586.3
2026-10-01 00:22:00,1.4906,1.4906,1.4896,1.4896,34239.3
2026-10-01 00:23:00,1.4896,1.4903,1.4893,1.4897,68446.5
2026-10-01 00:24:00,1.4896,1.491,1.4896,1.4902,49547.8
2026-10-01 00:25:00,1.4901,1.4905,1.49,1.4904,20626.5
2026-10-01 00:26:00,1.4904,1.4908,1.4891,1.4891,26635.3
2026-10-01 00:27:00,1.4892,1.4895,1.4891,1.4892,9907.0
2026-10-01 00:28:00,1.4891,1.4891,1.4888,1.4891,31685.8
2026-10-01 00:29:00,1.489,1.4893,1.4881,1.4883,88146.4
2026-10-01 00:30:00,1.4882,1.4882,1.4865,1.4867,129136.2
2026-10-01 00:31:00,1.4867,1.4885,1.4864,1.4881,60665.2
2026-10-01 00:32:00,1.4881,1.4881,1.4871,1.4872,76013.1
2026-10-01 00:33:00,1.4872,1.4872,1.4865,1.4865,77272.8
2026-10-01 00:34:00,1.4866,1.4875,1.4864,1.4864,34927.2
2026-10-01 00:35:00,1.4863,1.4863,1.4858,1.486,68081.8
2026-10-01 00:36:00,1.4861,1.4886,1.486,1.4886,51241.1
2026-10-01 00:37:00,1.4886,1.4886,1.4873,1.4882,83399.8
2026-10-01 00:38:00,1.4883,1.4888,1.4873,1.4888,47446.0
2026-10-01 00:39:00,1.4887,1.4902,1.4885,1.4899,52733.3
2026-10-01 00:40:00,1.49,1.4907,1.4898,1.4906,29124.9
2026-10-01 00:41:00,1.4907,1.4913,1.4898,1.4898,43675.7
2026-10-01 00:42:00,1.4897,1.4907,1.4895,1.4904,78128.8
2026-10-01 00:43:00,1.4904,1.4908,1.49,1.4908,33558.4
2026-10-01 00:44:00,1.4907,1.4913,1.4907,1.4912,14840.6
2026-10-01 00:45:00,1.4912,1.4917,1.4901,1.4901,144431.1
2026-10-01 00:46:00,1.4901,1.4903,1.4896,1.4896,31552.5
2026-10-01 00:47:00,1.4896,1.49,1.4891,1.4895,56151.7
2026-10-01 00:48:00,1.4894,1.4901,1.4894,1.4901,24744.2
2026-10-01 00:49:00,1.4901,1.4907,1.4901,1.4906,22813.3
2026-10-01 00:50:00,1.4906,1.4906,1.4896,1.4896,16696.3
2026-10-01 00:51:00,1.4896,1.4902,1.4895,1.4901,42767.1
2026-10-01 00:52:00,1.4901,1.4903,1.4895,1.4898,31757.3
2026-10-01 00:53:00,1.4898,1.4898,1.4889,1.4889,17838.5
2026-10-01 00:54:00,1.489,1.4892,1.4886,1.4886,32620.3
2026-10-01 00:55:00,1.4885,1.4899,1.4885,1.4898,48584.5
2026-10-01 00:56:00,1.4899,1.4899,1.4898,1.4898,3359.7
2026-10-01 00:57:00,1.4898,1.4898,1.4896,1.4896,20634.5
2026-10-01 00:58:00,1.4897,1.4905,1.4896,1.4905,43050.0
2026-10-01 00:59:00,1.4905,1.4912,1.4903,1.4908,68162.7
2026-10-01 01:00:00,1.4908,1.4918,1.4906,1.4915,66298.8
2026-10-01 01:01:00,1.4915,1.4919,1.4912,1.4919,62976.3
2026-10-01 01:02:00,1.4919,1.4935,1.4919,1.4924,69767.7
2026-10-01 01:03:00,1.4925,1.4933,1.4916,1.4916,102530.9
2026-10-01 01:04:00,1.4916,1.4926,1.4915,1.4916,61518.8
2026-10-01 01:05:00,1.4916,1.4926,1.4914,1.4926,61424.6
2026-10-01 01:06:00,1.4925,1.4937,1.4925,1.4931,81226.3
2026-10-01 01:07:00,1.493,1.4939,1.4926,1.4928,58102.0
2026-10-01 01:08:00,1.4927,1.4938,1.4926,1.4937,60958.5
2026-10-01 01:09:00,1.4938,1.4938,1.4932,1.4933,12777.9
2026-10-01 01:10:00,1.4933,1.4937,1.4932,1.4936,44890.4
2026-10-01 01:11:00,1.4936,1.4939,1.4934,1.4938,23015.6
2026-10-01 01:12:00,1.4939,1.4939,1.4935,1.4938,15216.9
2026-10-01 01:13:00,1.4938,1.4938,1.4935,1.4938,25434.3
2026-10-01 01:14:00,1.4937,1.494,1.4936,1.4936,27614.3
2026-10-01 01:15:00,1.4935,1.4939,1.4922,1.4939,83707.9
2026-10-01 01:16:00,1.4938,1.4945,1.4936,1.4939,60774.9
2026-10-01 01:17:00,1.4938,1.4952,1.4936,1.4947,46653.3
2026-10-01 01:18:00,1.4947,1.4951,1.4945,1.4946,80169.1
2026-10-01 01:19:00,1.4946,1.4949,1.4943,1.4947,47027.0
2026-10-01 01:20:00,1.4947,1.495,1.4947,1.495,18770.8
2026-10-01 01:21:00,1.495,1.4968,1.4947,1.4951,356429.9
2026-10-01 01:22:00,1.495,1.495,1.4947,1.4949,9897.5
2026-10-01 01:23:00,1.4949,1.4954,1.4949,1.4952,39932.9
2026-10-01 01:24:00,1.4952,1.4955,1.4949,1.4954,38901.3
2026-10-01 01:25:00,1.4953,1.4954,1.4951,1.4952,12582.6
2026-10-01 01:26:00,1.4952,1.4967,1.4952,1.4966,73194.6
2026-10-01 01:27:00,1.4966,1.4971,1.4964,1.4964,57842.2
2026-10-01 01:28:00,1.4964,1.4964,1.4954,1.4956,24184.2
2026-10-01 01:29:00,1.4956,1.4957,1.4952,1.4952,22383.4
2026-10-01 01:30:00,1.4952,1.4952,1.4929,1.4929,37599.7
2026-10-01 01:31:00,1.493,1.493,1.4912,1.4915,68475.9
2026-10-01 01:32:00,1.4916,1.493,1.4914,1.4921,64150.4
2026-10-01 01:33:00,1.4921,1.4927,1.4915,1.4916,21489.2
2026-10-01 01:34:00,1.4916,1.4927,1.4916,1.4923,39242.4
2026-10-01 01:35:00,1.4922,1.4923,1.4909,1.491,19482.2
2026-10-01 01:36:00,1.4911,1.4913,1.4905,1.4906,42930.7
2026-10-01 01:37:00,1.4905,1.4907,1.4899,1.4903,43886.6
2026-10-01 01:38:00,1.4904,1.4919,1.4898,1.4918,58377.7
2026-10-01 01:39:00,1.4919,1.4919,1.4915,1.4918,26012.6
2026-10-01 01:40:00,1.4919,1.4921,1.4918,1.4921,10357.8
2026-10-01 01:41:00,1.4921,1.4921,1.4909,1.491,77848.1
2026-10-01 01:42:00,1.4909,1.4921,1.4909,1.4921,41202.5
2026-10-01 01:43:00,1.492,1.4924,1.4915,1.4915,31945.8
2026-10-01 01:44:00,1.4914,1.4915,1.4909,1.4909,2783.1
2026-10-01 01:45:00,1.491,1.4917,1.4901,1.4901,52271.4
2026-10-01 01:46:00,1.4901,1.4905,1.49,1.4905,21397.8
2026-10-01 01:47:00,1.4906,1.4908,1.4901,1.4904,31495.3
2026-10-01 01:48:00,1.4904,1.4907,1.4901,1.4902,28577.3
2026-10-01 01:49:00,1.4902,1.4905,1.4892,1.4893,76290.8
2026-10-01 01:50:00,1.4894,1.4917,1.4894,1.4917,61781.0
2026-10-01 01:51:00,1.4916,1.4919,1.4909,1.4919,66812.6
2026-10-01 01:52:00,1.4919,1.4919,1.4895,1.4897,122450.4
2026-10-01 01:53:00,1.4898,1.4907,1.4894,1.4907,41453.7
2026-10-01 01:54:00,1.4906,1.4908,1.4902,1.4905,26088.1
2026-10-01 01:55:00,1.4905,1.4919,1.4903,1.4919,70588.9
2026-10-01 01:56:00,1.4918,1.4925,1.4913,1.4913,35371.9
2026-10-01 01:57:00,1.4912,1.4912,1.4898,1.4898,33191.3
2026-10-01 01:58:00,1.4897,1.4901,1.4897,1.49,18400.1
2026-10-01 01:59:00,1.49,1.49,1.4895,1.4896,29427.9
2026-10-01 02:00:00,1.4896,1.4912,1.4895,1.4905,63038.9
2026-10-01 02:01:00,1.4905,1.4906,1.4891,1.4891,40453.6
2026-10-01 02:02:00,1.4891,1.4891,1.4881,1.4883,84190.4
2026-10-01 02:03:00,1.4883,1.4889,1.4881,1.4882,114309.2
2026-10-01 02:04:00,1.4882,1.4887,1.4872,1.4881,165789.3
2026-10-01 02:05:00,1.4882,1.4893,1.488,1.4883,79148.5
2026-10-01 02:06:00,1.4883,1.4893,1.4876,1.4888,101304.8
2026-10-01 02:07:00,1.4887,1.4888,1.4871,1.4888,56641.8
2026-10-01 02:08:00,1.4888,1.4918,1.4888,1.4915,35540.2
2026-10-01 02:09:00,1.4915,1.4921,1.4913,1.4915,21868.0
2026-10-01 02:10:00,1.4915,1.4919,1.491,1.4915,21350.8
2026-10-01 02:11:00,1.4915,1.4915,1.491,1.4915,35939.7
2026-10-01 02:12:00,1.4915,1.4923,1.4909,1.491,21330.5
2026-10-01 02:13:00,1.491,1.4916,1.4904,1.4906,46389.0
2026-10-01 02:14:00,1.4906,1.4908,1.4897,1.4897,39917.0
2026-10-01 02:15:00,1.4897,1.49,1.4897,1.49,62446.6
2026-10-01 02:16:00,1.49,1.4907,1.4896,1.4896,39723.4
2026-10-01 02:17:00,1.4897,1.4902,1.4895,1.4897,59564.4
2026-10-01 02:18:00,1.4897,1.4899,1.488,1.4882,125853.0
2026-10-01 02:19:00,1.4882,1.4891,1.4881,1.489,49950.1
2026-10-01 02:20:00,1.489,1.489,1.4874,1.4881,107164.2
2026-10-01 02:21:00,1.488,1.488,1.4867,1.4869,127850.8
2026-10-01 02:22:00,1.4869,1.4903,1.4869,1.4878,119790.8
2026-10-01 02:23:00,1.4879,1.4895,1.4879,1.4887,41570.2
2026-10-01 02:24:00,1.4886,1.4892,1.4876,1.4877,30371.3
2026-10-01 02:25:00,1.4876,1.4876,1.4863,1.4869,133959.7
2026-10-01 02:26:00,1.4868,1.4873,1.4868,1.487,39692.6
2026-10-01 02:27:00,1.487,1.4873,1.4865,1.4867,61372.9
2026-10-01 02:28:00,1.4868,1.4886,1.4868,1.4886,71396.2
2026-10-01 02:29:00,1.4887,1.49,1.4887,1.4898,48760.8
2026-10-01 02:30:00,1.4898,1.4919,1.4898,1.4907,30151.2
2026-10-01 02:31:00,1.4907,1.4914,1.4902,1.4913,79362.6
2026-10-01 02:32:00,1.4912,1.4922,1.4908,1.4921,24242.0
2026-10-01 02:33:00,1.492,1.4926,1.4914,1.4914,86724.0
2026-10-01 02:34:00,1.4913,1.4918,1.4911,1.4918,23297.6
2026-10-01 02:35:00,1.4919,1.4928,1.4918,1.4918,36545.4
2026-10-01 02:36:00,1.4917,1.4917,1.4904,1.491,45920.8
2026-10-01 02:37:00,1.491,1.491,1.4891,1.4891,78417.6
2026-10-01 02:38:00,1.4892,1.4892,1.4883,1.4888,72243.5
2026-10-01 02:39:00,1.4887,1.489,1.4884,1.4886,15949.9
2026-10-01 02:40:00,1.4886,1.4893,1.4884,1.4892,98377.8
2026-10-01 02:41:00,1.4891,1.4899,1.4891,1.4896,10753.1
2026-10-01 02:42:00,1.4896,1.4904,1.4895,1.49,35089.3
2026-10-01 02:43:00,1.4899,1.4904,1.4898,1.4901,43731.2
2026-10-01 02:44:00,1.4901,1.4908,1.4899,1.4903,60121.5
2026-10-01 02:45:00,1.4902,1.4904,1.4895,1.4897,49602.8
2026-10-01 02:46:00,1.4898,1.4898,1.4889,1.489,20702.2
2026-10-01 02:47:00,1.489,1.4893,1.4888,1.489,20611.5
2026-10-01 02:48:00,1.4891,1.4893,1.4884,1.4885,36266.1
2026-10-01 02:49:00,1.4884,1.4893,1.4884,1.4891,31187.0
2026-10-01 02:50:00,1.4892,1.4896,1.489,1.4894,27128.0
2026-10-01 02:51:00,1.4893,1.4896,1.4887,1.4893,19349.6
2026-10-01 02:52:00,1.4892,1.49,1.4892,1.49,22030.7
2026-10-01 02:53:00,1.4899,1.4908,1.4899,1.4906,37593.7
2026-10-01 02:54:00,1.4906,1.4918,1.4906,1.4918,30765.3
2026-10-01 02:55:00,1.4918,1.4925,1.4918,1.4921,70156.1
2026-10-01 02:56:00,1.492,1.4929,1.4919,1.4928,29520.4
2026-10-01 02:57:00,1.4929,1.4933,1.4929,1.4933,32933.6
2026-10-01 02:58:00,1.4932,1.4932,1.4924,1.4931,26178.8
2026-10-01 02:59:00,1.493,1.4932,1.4925,1.493,35420.2
2026-10-01 03:00:00,1.493,1.4945,1.493,1.4943,51648.8
2026-10-01 03:01:00,1.4944,1.4948,1.4943,1.4948,35909.9
2026-10-01 03:02:00,1.4948,1.4953,1.4939,1.494,52366.3
2026-10-01 03:03:00,1.4939,1.4939,1.492,1.492,21476.6
2026-10-01 03:04:00,1.492,1.4922,1.491,1.4913,73642.7
2026-10-01 03:05:00,1.4912,1.4915,1.4912,1.4912,32247.4
2026-10-01 03:06:00,1.4912,1.4912,1.4901,1.4902,72672.9
2026-10-01 03:07:00,1.4902,1.4931,1.4902,1.4922,116474.2
2026-10-01 03:08:00,1.4921,1.4929,1.4921,1.4927,19434.2
2026-10-01 03:09:00,1.4926,1.4932,1.4925,1.4927,30397.0
2026-10-01 03:10:00,1.4927,1.4935,1.4927,1.4935,24134.3
2026-10-01 03:11:00,1.4935,1.4942,1.4931,1.4932,30035.4
2026-10-01 03:12:00,1.4931,1.4931,1.4923,1.4926,28379.9
2026-10-01 03:13:00,1.4925,1.4925,1.4919,1.4922,25025.8
2026-10-01 03:14:00,1.4923,1.4925,1.4922,1.4923,8569.9
2026-10-01 03:15:00,1.4923,1.4931,1.4922,1.4931,23697.6
2026-10-01 03:16:00,1.4931,1.494,1.493,1.494,20410.9
2026-10-01 03:17:00,1.494,1.4952,1.4931,1.4931,47663.9
2026-10-01 03:18:00,1.493,1.493,1.4917,1.492,52624.3
2026-10-01 03:19:00,1.4919,1.4927,1.4919,1.4923,30644.5
2026-10-01 03:20:00,1.4922,1.4924,1.491,1.491,57847.6
2026-10-01 03:21:00,1.491,1.4912,1.4907,1.4907,27470.6
2026-10-01 03:22:00,1.4908,1.4908,1.4902,1.4904,23086.6
2026-10-01 03:23:00,1.4904,1.4914,1.4904,1.4914,29967.9
2026-10-01 03:24:00,1.4913,1.4913,1.4906,1.4908,25097.3
2026-10-01 03:25:00,1.4907,1.4911,1.4907,1.4909,24638.3
2026-10-01 03:26:00,1.4909,1.4925,1.4909,1.4925,49802.5
2026-10-01 03:27:00,1.4925,1.4933,1.4922,1.4927,58742.6
2026-10-01 03:28:00,1.4928,1.4932,1.4926,1.493,18174.0
2026-10-01 03:29:00,1.493,1.4939,1.493,1.4936,36619.5
2026-10-01 03:30:00,1.4936,1.4936,1.4916,1.4917,13566.5
2026-10-01 03:31:00,1.4916,1.4923,1.4912,1.4918,13688.9
2026-10-01 03:32:00,1.4917,1.4935,1.4917,1.4932,14383.4
2026-10-01 03:33:00,1.4933,1.4945,1.4933,1.4942,22019.0
2026-10-01 03:34:00,1.4942,1.4948,1.4934,1.4947,53334.8
2026-10-01 03:35:00,1.4946,1.495,1.4943,1.4943,27163.8
2026-10-01 03:36:00,1.4942,1.4952,1.4941,1.4952,10940.8
2026-10-01 03:37:00,1.4952,1.4959,1.4952,1.4953,15459.0
2026-10-01 03:38:00,1.4953,1.4958,1.4953,1.4953,8723.5
2026-10-01 03:39:00,1.4954,1.4965,1.4954,1.496,31188.2
2026-10-01 03:40:00,1.496,1.4962,1.4955,1.4957,9130.0
2026-10-01 03:41:00,1.4958,1.4968,1.4958,1.4967,15553.5
2026-10-01 03:42:00,1.4968,1.4979,1.4967,1.4979,21598.2
2026-10-01 03:43:00,1.4979,1.499,1.4979,1.499,79850.4
2026-10-01 03:44:00,1.499,1.4991,1.4986,1.4989,71809.8
2026-10-01 03:45:00,1.4989,1.4992,1.4976,1.4978,40228.3
2026-10-01 03:46:00,1.4979,1.4989,1.4979,1.4983,76009.7
2026-10-01 03:47:00,1.4983,1.4984,1.4975,1.4975,22846.5
2026-10-01 03:48:00,1.4975,1.4979,1.4973,1.4977,36843.6
2026-10-01 03:49:00,1.4977,1.4982,1.4975,1.4979,38590.7
2026-10-01 03:50:00,1.4979,1.5005,1.4978,1.5004,77697.5
2026-10-01 03:51:00,1.5004,1.5011,1.4993,1.5,151629.0
2026-10-01 03:52:00,1.5,1.5013,1.4997,1.5006,58273.4
2026-10-01 03:53:00,1.5006,1.5014,1.4998,1.5003,71559.9
2026-10-01 03:54:00,1.5003,1.5009,1.4994,1.5009,37187.8
2026-10-01 03:55:00,1.5008,1.5014,1.5001,1.5002,80668.5
2026-10-01 03:56:00,1.5003,1.5013,1.5003,1.5009,27361.9
2026-10-01 03:57:00,1.501,1.5013,1.5008,1.501,27593.2
2026-10-01 03:58:00,1.501,1.5013,1.501,1.5012,25458.3
2026-10-01 03:59:00,1.5011,1.5015,1.5008,1.501,19754.9
2026-10-01 04:00:00,1.5011,1.5016,1.501,1.5013,43510.2
2026-10-01 04:01:00,1.5014,1.5019,1.501,1.501,35965.2
2026-10-01 04:02:00,1.5011,1.5014,1.5003,1.5003,39585.9
2026-10-01 04:03:00,1.5004,1.5008,1.5003,1.5005,23220.8
2026-10-01 04:04:00,1.5004,1.5007,1.5003,1.5004,38752.6
2026-10-01 04:05:00,1.5005,1.5008,1.4985,1.4989,88228.0
2026-10-01 04:06:00,1.4989,1.5,1.4989,1.4992,18684.1
2026-10-01 04:07:00,1.4992,1.4999,1.4987,1.499,17884.8
2026-10-01 04:08:00,1.4989,1.499,1.4983,1.4984,27431.3
2026-10-01 04:09:00,1.4984,1.5003,1.4984,1.5003,272021.7
2026-10-01 04:10:00,1.5004,1.5008,1.4996,1.4996,34299.3
2026-10-01 04:11:00,1.4996,1.5011,1.4996,1.5,20391.8
2026-10-01 04:12:00,1.4999,1.5001,1.4995,1.4998,27015.2
2026-10-01 04:13:00,1.4999,1.501,1.4998,1.5001,105252.4
2026-10-01 04:14:00,1.5001,1.5003,1.4998,1.5002,20035.5
2026-10-01 04:15:00,1.5001,1.5003,1.4994,1.5,36870.3
2026-10-01 04:16:00,1.5001,1.501,1.4995,1.4996,28269.0
2026-10-01 04:17:00,1.4997,1.4997,1.4975,1.4982,30144.6
2026-10-01 04:18:00,1.4982,1.4985,1.4971,1.4972,21176.6
2026-10-01 04:19:00,1.4971,1.4983,1.4971,1.4974,36900.6
2026-10-01 04:20:00,1.4974,1.4977,1.4964,1.4971,16646.5
2026-10-01 04:21:00,1.4972,1.4987,1.4967,1.4985,49078.9
2026-10-01 04:22:00,1.4985,1.4998,1.4984,1.4998,20813.3
2026-10-01 04:23:00,1.4998,1.4999,1.4994,1.4995,22948.0
2026-10-01 04:24:00,1.4995,1.5,1.4988,1.4996,121146.4
2026-10-01 04:25:00,1.4996,1.4996,1.4991,1.4992,12472.7
2026-10-01 04:26:00,1.4992,1.5004,1.4992,1.5004,98566.9
2026-10-01 04:27:00,1.5004,1.5012,1.5,1.5011,281515.3
2026-10-01 04:28:00,1.501,1.5011,1.5006,1.5006,10773.0
2026-10-01 04:29:00,1.5005,1.5008,1.5,1.5003,53532.2
2026-10-01 04:30:00,1.5004,1.5008,1.5003,1.5003,12823.6
2026-10-01 04:31:00,1.5003,1.5005,1.5,1.5,10153.5
2026-10-01 04:32:00,1.5001,1.5001,1.4985,1.4985,51251.7
2026-10-01 04:33:00,1.4986,1.4989,1.4982,1.4989,22972.8
2026-10-01 04:34:00,1.4989,1.4996,1.4989,1.4993,27584.9
2026-10-01 04:35:00,1.4994,1.4996,1.4983,1.4989,24270.4
2026-10-01 04:36:00,1.499,1.5016,1.499,1.5015,81288.4
2026-10-01 04:37:00,1.5015,1.5017,1.5008,1.5008,51872.8
2026-10-01 04:38:00,1.5009,1.5011,1.5005,1.5005,15602.9
2026-10-01 04:39:00,1.5006,1.5007,1.5,1.5002,25646.0
2026-10-01 04:40:00,1.5002,1.5013,1.5,1.501,52514.6
2026-10-01 04:41:00,1.5011,1.5015,1.5008,1.5011,12692.7
2026-10-01 04:42:00,1.5012,1.5012,1.5003,1.5005,23078.6
2026-10-01 04:43:00,1.5006,1.5014,1.5003,1.5003,13788.6
2026-10-01 04:44:00,1.5004,1.501,1.5004,1.501,5203.2
2026-10-01 04:45:00,1.501,1.5014,1.5008,1.5012,18076.7
2026-10-01 04:46:00,1.5013,1.5064,1.5012,1.5062,134728.4
2026-10-01 04:47:00,1.5061,1.5069,1.5041,1.5048,99784.5
2026-10-01 04:48:00,1.5048,1.5069,1.5048,1.5065,36170.6
2026-10-01 04:49:00,1.5065,1.508,1.5056,1.5075,66669.5
2026-10-01 04:50:00,1.5076,1.508,1.5068,1.5079,35083.7
2026-10-01 04:51:00,1.5079,1.5081,1.5067,1.5073,44370.5
2026-10-01 04:52:00,1.5073,1.5086,1.5073,1.508,10059.8
2026-10-01 04:53:00,1.5079,1.5079,1.5049,1.5049,103839.1
2026-10-01 04:54:00,1.5049,1.5057,1.5049,1.5055,40898.1
2026-10-01 04:55:00,1.5055,1.5056,1.5034,1.5042,183763.8
2026-10-01 04:56:00,1.5043,1.5048,1.5035,1.5036,43377.0
2026-10-01 04:57:00,1.5036,1.5038,1.5033,1.5037,32952.0
2026-10-01 04:58:00,1.5037,1.5038,1.503,1.5037,11543.8
2026-10-01 04:59:00,1.5038,1.5046,1.5038,1.5046,102012.9
2026-10-01 05:00:00,1.5045,1.5049,1.5035,1.5045,27410.0
2026-10-01 05:01:00,1.5046,1.505,1.5029,1.5029,15128.2
2026-10-01 05:02:00,1.503,1.5036,1.5028,1.5036,106069.9
2026-10-01 05:03:00,1.5037,1.5058,1.5037,1.5056,15365.7
2026-10-01 05:04:00,1.5057,1.5063,1.5057,1.5063,12731.7
2026-10-01 05:05:00,1.5063,1.5071,1.5057,1.506,179554.2
2026-10-01 05:06:00,1.5059,1.507,1.5051,1.5068,24646.8
2026-10-01 05:07:00,1.5068,1.5068,1.5053,1.5056,13025.1
2026-10-01 05:08:00,1.5056,1.5064,1.5056,1.5062,12813.0
2026-10-01 05:09:00,1.5062,1.5064,1.5057,1.5062,19187.6
2026-10-01 05:10:00,1.5062,1.5062,1.5054,1.5059,30146.8
2026-10-01 05:11:00,1.506,1.5071,1.506,1.5068,71801.4
2026-10-01 05:12:00,1.5068,1.5068,1.5058,1.506,22904.8
2026-10-01 05:13:00,1.506,1.506,1.5057,1.5057,58960.9
2026-10-01 05:14:00,1.5056,1.5065,1.5055,1.5064,43594.4
2026-10-01 05:15:00,1.5064,1.5077,1.5064,1.5073,81855.5
2026-10-01 05:16:00,1.5074,1.5076,1.507,1.5073,40748.8
2026-10-01 05:17:00,1.5072,1.5076,1.5071,1.5073,49078.7
2026-10-01 05:18:00,1.5074,1.5075,1.5055,1.5056,124847.3
2026-10-01 05:19:00,1.5056,1.5072,1.5056,1.5071,46319.0
2026-10-01 05:20:00,1.5071,1.5071,1.5064,1.5067,22711.1
2026-10-01 05:21:00,1.5067,1.5071,1.5067,1.5071,34430.9
2026-10-01 05:22:00,1.5071,1.5074,1.5069,1.507,28395.9
2026-10-01 05:23:00,1.5071,1.5071,1.5057,1.5057,20766.6
2026-10-01 05:24:00,1.5056,1.5057,1.505,1.5055,37171.3
2026-10-01 05:25:00,1.5055,1.5059,1.5054,1.5055,25503.7
2026-10-01 05:26:00,1.5054,1.5055,1.5052,1.5054,18864.3
2026-10-01 05:27:00,1.5055,1.5059,1.5055,1.5058,31136.9
2026-10-01 05:28:00,1.5058,1.5062,1.5058,1.5062,17807.7
2026-10-01 05:29:00,1.5062,1.5064,1.5062,1.5063,15806.9
2026-10-01 05:30:00,1.5064,1.5067,1.5062,1.5065,35251.5
2026-10-01 05:31:00,1.5065,1.5074,1.5065,1.5074,62697.4
2026-10-01 05:32:00,1.5074,1.5087,1.5074,1.5079,56636.4
2026-10-01 05:33:00,1.5079,1.5082,1.5075,1.5081,47603.2
2026-10-01 05:34:00,1.5082,1.5092,1.5081,1.5092,72973.1
2026-10-01 05:35:00,1.5091,1.5092,1.5088,1.5089,34902.7
2026-10-01 05:36:00,1.5089,1.5092,1.5085,1.5086,25862.9
2026-10-01 05:37:00,1.5085,1.5091,1.5084,1.5091,52716.8
2026-10-01 05:38:00,1.5091,1.5095,1.5089,1.5093,51266.7
2026-10-01 05:39:00,1.5094,1.5094,1.5088,1.509,43228.2
2026-10-01 05:40:00,1.5091,1.5097,1.509,1.5091,106644.9
2026-10-01 05:41:00,1.509,1.5092,1.5089,1.509,32688.9
2026-10-01 05:42:00,1.5091,1.5091,1.5087,1.5087,47986.6
2026-10-01 05:43:00,1.5087,1.5091,1.5087,1.5088,79824.8
2026-10-01 05:44:00,1.5088,1.5088,1.5086,1.5086,79965.3
2026-10-01 05:45:00,1.5087,1.5087,1.5085,1.5085,16840.1
2026-10-01 05:46:00,1.5086,1.5088,1.5085,1.5088,45809.2
2026-10-01 05:47:00,1.5088,1.5088,1.5087,1.5087,16813.2
2026-10-01 05:48:00,1.5088,1.5091,1.5087,1.5091,23582.3
2026-10-01 05:49:00,1.509,1.5095,1.5087,1.5095,172185.7
2026-10-01 05:50:00,1.5094,1.5103,1.5092,1.5096,167920.6
2026-10-01 05:51:00,1.5096,1.5098,1.5092,1.5098,51926.3
2026-10-01 05:52:00,1.5097,1.5098,1.5091,1.5092,46887.5
2026-10-01 05:53:00,1.5091,1.5098,1.5091,1.5098,61197.7
2026-10-01 05:54:00,1.5098,1.5101,1.5096,1.5096,84979.6
2026-10-01 05:55:00,1.5097,1.5098,1.5091,1.5091,46435.7
2026-10-01 05:56:00,1.509,1.5091,1.5085,1.5085,52188.9
2026-10-01 05:57:00,1.5085,1.5085,1.5081,1.5084,79394.0
2026-10-01 05:58:00,1.5083,1.5084,1.508,1.508,37343.5
2026-10-01 05:59:00,1.5081,1.5086,1.508,1.5086,39819.6
2026-10-01 06:00:00,1.5087,1.5087,1.5079,1.5083,271061.2
2026-10-01 06:01:00,1.5084,1.5084,1.5072,1.5072,106841.9
2026-10-01 06:02:00,1.5073,1.508,1.5073,1.508,105508.2
2026-10-01 06:03:00,1.5079,1.5084,1.5079,1.508,43249.0
2026-10-01 06:04:00,1.5081,1.5086,1.5077,1.5085,57362.3
2026-10-01 06:05:00,1.5085,1.5086,1.5079,1.5079,81810.0
2026-10-01 06:06:00,1.5079,1.5079,1.507,1.5071,54765.4
2026-10-01 06:07:00,1.507,1.507,1.5062,1.5068,86490.1
2026-10-01 06:08:00,1.5069,1.5069,1.506,1.5061,19139.7
2026-10-01 06:09:00,1.5061,1.5067,1.506,1.5061,78865.6
2026-10-01 06:10:00,1.5061,1.507,1.506,1.5065,121502.6
2026-10-01 06:11:00,1.5065,1.5072,1.5065,1.5071,44720.1
2026-10-01 06:12:00,1.5072,1.5086,1.5071,1.5086,101859.7
2026-10-01 06:13:00,1.5085,1.5085,1.5076,1.5079,79504.9
2026-10-01 06:14:00,1.5078,1.508,1.5073,1.5075,38869.1
2026-10-01 06:15:00,1.5075,1.5075,1.5068,1.5068,28901.3
2026-10-01 06:16:00,1.5068,1.5072,1.5067,1.5069,46888.2
2026-10-01 06:17:00,1.5069,1.508,1.5069,1.5071,77042.7
2026-10-01 06:18:00,1.5071,1.5072,1.5066,1.5072,50463.2
2026-10-01 06:19:00,1.5071,1.5071,1.5064,1.5064,52270.5
2026-10-01 06:20:00,1.5065,1.5065,1.5061,1.5062,32138.5
2026-10-01 06:21:00,1.5061,1.5063,1.506,1.5062,17866.1
2026-10-01 06:22:00,1.5062,1.5072,1.5062,1.5069,103236.0
2026-10-01 06:23:00,1.5069,1.507,1.5058,1.5067,59085.9
2026-10-01 06:24:00,1.5066,1.5073,1.5066,1.5069,103400.5
2026-10-01 06:25:00,1.5069,1.5071,1.5059,1.5069,47187.8
2026-10-01 06:26:00,1.5069,1.5077,1.5069,1.5071,95976.2
2026-10-01 06:27:00,1.507,1.5073,1.507,1.5072,47260.9
2026-10-01 06:28:00,1.5073,1.5075,1.5071,1.5075,39005.1
2026-10-01 06:29:00,1.5075,1.5079,1.5074,1.5077,50632.2
2026-10-01 06:30:00,1.5078,1.5082,1.5071,1.5074,58692.3
2026-10-01 06:31:00,1.5074,1.5074,1.5065,1.5065,45287.6
2026-10-01 06:32:00,1.5065,1.5067,1.5039,1.5044,114531.2
2026-10-01 06:33:00,1.5044,1.5053,1.5037,1.5049,81407.6
2026-10-01 06:34:00,1.505,1.5058,1.5049,1.5056,53201.9
2026-10-01 06:35:00,1.5056,1.5075,1.5055,1.506,91422.5
2026-10-01 06:36:00,1.506,1.5061,1.5052,1.5054,36311.7
